row_id,demand
0,7.179839715657485
1,2.5695372791889124
2,1.339032961946543
3,0.5712169540456012
4,0.7106871624024234
5,0.14310843038285515
6,0.5467874395944429
7,2.771416491075416
8,2.252655855148489
9,1.5063477756832218
10,1.9566371141775996
11,1.329067775264452
12,1.5699495254400404
13,0.6394899324260375
14,0.6589421034705881
15,0.18338047883620323
16,0.35154358434874555
17,3.4355933452269016
18,2.2717399983861153
19,0.0
20,2.558005341806144
21,1.5263494161151394
22,1.778313966123626
23,2.1031903250700226
24,0.9763531810247585
25,0.5757027615657471
26,1.1895773355865098
27,0.6537474486975449
28,1.0033055955392167
29,0.8548949853020268
30,1.8386776280665182
31,1.8036322725932747
32,0.4485107379173201
33,0.3403358123062519
34,0.8838300171351007
35,1.3906910770009682
36,1.1137486258740767
37,0.5289132084198646
38,1.3792616560143844
39,2.538026500675599
40,1.8802118590956962
41,0.822929794764232
42,0.5439758621837701
43,0.7616677382214239
44,1.1889483369657325
45,0.10531421680011022
46,0.7945705740824816
47,0.6463824925376204
48,0.6083235209724638
49,0.9945611341680776
50,0.4446468873011956
51,1.398628557754084
52,1.6138686793025219
53,0.6955187339904889
54,1.063079086986241
55,0.6963005656906437
56,2.3586037022398645
57,1.917641945448648
58,5.635627508295
59,1.5899761677647997
60,1.0965107962817382
61,0.5185037296526851
62,0.42218730731457443
63,0.4965390664623296
64,1.443074657914148
65,2.939929723082277
66,2.5602901140210523
67,1.140244743014784
68,1.007710112774798
69,2.2206004980235563
70,0.42849122204252676
71,0.8433664397710273
72,0.6097541144316609
73,0.5611854648832595
74,0.21382686358850767
75,8.39877679582381
76,3.2574406345394764
77,0.0
78,2.103615029813602
79,1.998147787511208
80,1.3638130420710448
81,2.8540067240898637
82,1.1831462327073845
83,0.5567989971836074
84,0.1492228104050619
85,0.6328037944044023
86,1.0320606938521841
87,4.581128839865368
88,0.24293201752454152
89,1.0951668880266063
90,1.0808048001663337
91,1.1701467358446562
92,0.18678386832024874
93,0.3461371554187933
94,0.0
95,0.32571825736545446
96,0.9220831461843426
97,1.8912981737738828
98,0.5305226159894899
99,0.37814677282343034
100,0.4731389706011051
101,0.6938476026575051
102,0.5596255295215246
103,0.0
104,1.1950126707905222
105,0.40169412575682384
106,0.6559596409374957
107,0.20090840026134127
108,0.18028930387067277
109,1.240886506453615
110,2.797252953397825
111,0.300914102914134
112,0.5189124092791207
113,1.0033063455311884
114,1.172578727387625
115,0.3755862908210176
116,6.570345147666012
117,2.0868045650488325
118,2.119661669352659
119,2.2302887262010076
120,1.0619229424976482
121,0.6258866803778772
122,0.8254114727087067
123,2.8649327645087963
124,1.7694596445863267
125,2.028274850965297
126,1.4292804334900848
127,2.014103007021122
128,0.36083974402743957
129,0.5961826884331602
130,0.7691116543574605
131,0.8952436638689392
132,0.43282472832342656
133,19.020552510228278
134,3.1209844278509076
135,0.0
136,3.2111121075510645
137,4.418104452263679
138,1.72871427208946
139,1.6605620043444251
140,2.2052861323945905
141,1.314636095701587
142,0.5596608821790034
143,1.1014701958119693
144,1.117471651284693
145,1.8377251967829547
146,0.7995574952925331
147,0.9402863682694973
148,1.0681119261444842
149,0.6262599882148265
150,0.7193733310634512
151,0.9667061532046299
152,1.0866231712830299
153,0.2619337303025189
154,1.7819475976963082
155,3.0976343165881834
156,1.9545651257749217
157,0.9659457581455217
158,0.5985402207243573
159,1.4730205510187786
160,1.7426900870638873
161,0.21711548533839498
162,1.0081354633231991
163,0.5951543731623626
164,0.5273703387376043
165,0.3586885525698369
166,1.4886147415083064
167,1.0982122779335632
168,2.771441692089712
169,0.5313583827330423
170,1.3569977723086157
171,1.3790808162444848
172,3.4022509629427216
173,0.8155285782685066
174,7.691378049728012
175,3.5343932043160247
176,2.4738915243643502
177,1.2532664522335908
178,1.2438624207139088
179,0.6649850217239922
180,1.1034384375024886
181,2.05017431146759
182,3.188977593535654
183,2.042396376736109
184,1.069442781821017
185,2.336210089285128
186,0.4886227278543608
187,1.788641365562723
188,1.188736311112861
189,1.012302051940944
190,0.32361609108847533
191,10.867765261377523
192,2.234832922471344
193,0.0
194,4.284043489321405
195,8.309551953392365
196,1.8453099817814238
197,1.7728363001899134
198,1.5751859805267563
199,0.6972453931757753
200,0.880580699497683
201,0.9042392263110967
202,1.118552712931193
203,1.5450077504631168
204,0.9862617195030211
205,1.0090113863262677
206,0.6585346089619825
207,0.4379463457599846
208,0.8014328154433834
209,1.6404303936457376
210,0.8695260601545137
211,0.44573430705947137
212,2.6719467655336473
213,1.9129508036163951
214,2.127928037043244
215,0.8373400139562003
216,0.8828836428754545
217,0.5263220092447523
218,1.45895176831785
219,0.0
220,1.5900822288623693
221,1.3721688852477745
222,0.6521527440626158
223,0.3646615339536019
224,0.6663382685417656
225,1.5161863484598361
226,3.387117184567375
227,0.36528190743006905
228,0.5964703891683318
229,0.6068896391591303
230,2.3910815276425996
231,1.3012166882798768
232,3.8710428743386887
233,3.13263211637552
234,3.952032882470225
235,1.4900938895184397
236,1.138142065234307
237,0.6408761292301364
238,1.0408503622710672
239,10.385958425300498
240,3.838407834682356
241,3.0426481247195674
242,0.859052794497787
243,2.7519766512426065
244,0.6812615738551735
245,3.739406314003093
246,1.2381841365752895
247,1.525199886774146
248,1.033974766628689
249,23.804015549436322
250,4.43238993678481
251,0.0
252,3.215682528920528
253,4.5411625822000925
254,2.0362800204534084
255,2.5097942751021485
256,4.631597939874179
257,1.2429214923565044
258,0.0431701783511822
259,1.5311738398029089
260,0.6435004924325796
261,2.167295381060812
262,2.1860662890094575
263,0.0
264,1.750798663075372
265,0.6363361033669835
266,3.6972897677944885
267,2.4245097265365967
268,0.5121898284028
269,1.2583125722918425
270,5.541768974558379
271,2.3444166525369803
272,3.308649172269811
273,3.1809595583572876
274,1.9313509129913995
275,2.0277732750152198
276,2.3946636989514034
277,1.0929735395075442
278,1.419227664490253
279,0.7802627430201534
280,0.8833026121908686
281,0.7334852493020467
282,0.9103430111950939
283,2.2147834002997615
284,5.09052861117571
285,0.566517731784126
286,0.9629715921500945
287,2.231225941029746
288,4.23578843398813
289,0.14283159626659536
290,7.572918037672718
291,1.9348952854063501
292,1.2068809954404938
293,1.041794227974378
294,1.7492809788853383
295,1.0145651453191054
296,0.7495164682603576
297,3.206764260281246
298,3.011170202730953
299,2.3055164503681387
300,2.7616447573230176
301,2.8103882541816025
302,0.5013343622815145
303,0.7825853394288128
304,1.9223112422768664
305,0.9667926382873111
306,0.17710324160232194
307,19.278069399961247
308,4.643893387671158
309,0.0
310,3.451823536868749
311,1.8767967122181004
312,2.3354804890568133
313,1.7127313278322887
314,2.2950218755654914
315,1.0343051240911478
316,0.6162531545671984
317,1.1642382851291857
318,0.7006185955925712
319,1.440918033701071
320,1.5433364058507801
321,0.2896739910817898
322,0.8746639174207091
323,0.0
324,0.7677163446645564
325,0.599102988009161
326,0.1840670259574333
327,0.4908863475558981
328,1.4259291950607909
329,0.9685387908351019
330,1.0120187756071168
331,1.598270727101757
332,0.3049098209032026
333,0.22297603558558055
334,0.6148205194902882
335,0.038459442171471014
336,1.2294414400434779
337,0.633636381833105
338,0.32057268556190466
339,0.5335781380446599
340,2.2586774752955048
341,0.8878805071630336
342,5.035665486519643
343,4.270470486553236
344,0.6908151751676088
345,0.6675721868349314
346,3.7114239165834486
347,0.2853012312508847
348,11.847961770992175
349,2.72017684889605
350,1.4423760689467406
351,1.098181854489642
352,1.047938316071475
353,0.6069348546274369
354,0.8993444615733599
355,3.7018298813260513
356,2.6981120752170744
357,2.656168402133604
358,2.28490413075366
359,0.9971770770329837
360,2.8439642432615613
361,0.6061415039531998
362,0.9409332313484137
363,1.216932044718528
364,0.6659236779969914
365,14.10807606855505
366,4.6904625618539955
367,0.0
368,2.445424292888636
369,1.9747218471227246
370,2.9131981062130565
371,1.9119195998858762
372,0.18096479760238227
373,0.8830691941582574
374,2.2153168591157737
375,0.5824866965140596
376,1.0807369685656123
377,1.225246663270552
378,2.5573971151931785
379,1.305560055158094
380,0.8376558867090982
381,0.49822503215710756
382,1.5652824551086293
383,3.0226832822048104
384,1.2076142939636945
385,2.211983468679814
386,2.2354503478195644
387,2.199069430075584
388,2.598372154950217
389,1.2951266974776396
390,0.3539753056646864
391,0.8657146325782894
392,1.6685415586172643
393,0.3201774464718039
394,0.7351893701186694
395,0.43822882887466463
396,0.7321638249729391
397,1.1437580722007934
398,1.0490957487485026
399,2.6442835674666894
400,2.6504315145603377
401,1.0103084769392225
402,1.979490062325082
403,0.6972396783623677
404,3.712536946423241
405,2.1742299508806404
406,2.1245151985569883
407,1.6632583943264003
408,1.9717734825717228
409,0.43112145224735965
410,0.488103494318308
411,0.35638907736679815
412,0.4501746046408873
413,1.2489114443733007
414,1.2853152775735077
415,1.0309344499968343
416,1.4261476080504951
417,1.009590511817192
418,0.8489240106367131
419,0.41058044265420124
420,0.5554674991646787
421,0.3278230527300403
422,0.29412904643837945
423,4.447323315585093
424,1.6947402268715002
425,0.0
426,1.11565458666448
427,1.487119602232617
428,1.402789713408851
429,1.9140055543255086
430,0.019147498122864093
431,0.5090950920644093
432,1.427412578857119
433,0.3353527524562925
434,0.29568278015311145
435,2.8561800883562154
436,0.8260409751621715
437,0.3978850168408016
438,0.570177878284983
439,0.17399019580968655
440,0.0
441,1.361991428241989
442,0.5807937542588283
443,0.11668129141228101
444,1.7945480525758928
445,1.4520839433221282
446,2.6363701466542215
447,0.5606291898740322
448,0.4383526765088802
449,0.5102841782596798
450,0.9975242336514336
451,0.2379739440837969
452,0.5477766343510326
453,0.39482068210785093
454,0.5856218737906427
455,0.6086937128401942
456,0.37735942818167
457,1.7319961013736471
458,3.239445801897439
459,0.5434068666480928
460,0.7736667691194555
461,0.4515871328647172
462,1.2216554478749422
463,0.48489801133210675
464,2.571737469824403
465,3.0928764223563
466,2.419118959623836
467,0.5590610466169736
468,1.8893066718390994
469,1.7362518937778293
470,0.9765186208436718
471,6.458690350560436
472,2.6745548987115093
473,2.4185734041307576
474,1.3968524893531167
475,1.4161857629258203
476,3.1703047328643006
477,0.40247014456244423
478,1.0875708547639662
479,0.5601726618283955
480,2.1783947379553723
481,20.50805070803837
482,2.8407564112980106
483,0.0
484,3.2476724166399773
485,2.1577131043311524
486,4.363358762009327
487,1.3002799059459371
488,1.3137893306430877
489,1.0507744084822097
490,1.3062525299786083
491,0.32879501787306054
492,0.42232468686957614
493,2.3611921622017817
494,3.7096541432302232
495,0.1531754895138966
496,0.32891189226722695
497,0.2813094536363241
498,1.6893898374583545
499,0.8085262298984434
500,1.004046337030514
501,0.28235967642908144
502,2.939418018083413
503,2.5154604763039066
504,1.5206427238156957
505,1.8803097840200214
506,1.0583832539000444
507,0.4534139314452993
508,0.5913343495292056
509,0.0
510,0.4466580784260922
511,0.4844726444282971
512,0.5013316680458805
513,1.2585310123798694
514,0.5414658259984393
515,0.7650317203135377
516,3.3290001739564277
517,2.723303486484456
518,0.5659294668160189
519,0.6000359153688967
520,4.204112315189012
521,0.28243158981562067
522,2.811980585041929
523,1.765375865866348
524,1.1710318810326632
525,0.8040916410575768
526,1.1475308378052975
527,1.1019190479448482
528,0.7662623163504964
529,5.29195859078405
530,2.2681337994617916
531,2.129398978604912
532,1.292656648481046
533,1.701145968175736
534,0.5712425641500647
535,0.4440017289835634
536,0.7703703115525101
537,0.37492005731221223
538,0.42099990419093225
539,12.738586141325491
540,3.1701300018504135
541,0.0
542,2.7633907718392554
543,3.0085863061752054
544,1.6281243373885237
545,1.6078170317539329
546,2.314490163973114
547,0.9143387663134499
548,1.3534744000957997
549,1.021088527087166
550,0.38126706190710347
551,1.978230810542322
552,2.176657206009466
553,0.8548077556407576
554,0.3432398767372118
555,0.20503421307919356
556,0.865169003097227
557,1.3609335941227825
558,0.4528308767846504
559,1.0427525608186008
560,5.058349913534253
561,1.5279714137968803
562,1.7276878914725642
563,1.0247544441961003
564,0.07707890719412247
565,0.5025779498280935
566,0.72779607871564
567,1.7055967160200294
568,0.5206384449683408
569,0.33391311051485406
570,0.5352053606404145
571,0.4304637191637375
572,0.4710003176923835
573,0.5972899545967516
574,2.823659394329832
575,3.1990747635953563
576,0.9042737118193225
577,0.5229033162088724
578,1.0408628283519288
579,0.8014267674085156
580,6.947964595539867
581,2.679291270306222
582,1.1403835987809523
583,0.5681355476607515
584,0.8297948048561407
585,0.22646051084951124
586,0.7034301647220426
587,2.297845761117159
588,2.1271628034567267
589,0.9098516074237359
590,1.287920816270587
591,1.216575292237658
592,1.2333638102953068
593,0.5843847578255107
594,0.48125787631329964
595,0.17333061928568894
596,0.1799467225447715
597,3.173920039333818
598,3.178026975752629
599,0.0
600,2.4473755911416504
601,1.4885189109213843
602,1.5971586598440233
603,1.9702246169628013
604,0.8066692097769649
605,0.5772562766826397
606,0.977011695670218
607,0.6302333094184429
608,0.6921603922508632
609,0.9140305247535154
610,2.2615627596890167
611,1.2861168754537626
612,0.3530543541629534
613,0.3317568704605083
614,0.752736578611232
615,1.4414913500486064
616,1.3897421044607794
617,0.5516609729639929
618,1.0145538550100466
619,2.5218323871462416
620,1.6556516208002816
621,0.8504631835834255
622,0.4147818356044377
623,0.7241699666641879
624,1.2312829679748516
625,0.0484104744027134
626,0.586795968119608
627,0.6266685427225998
628,0.6621732413347239
629,0.9548588293552338
630,0.5089311646941539
631,1.5812295270671584
632,1.6971559989390061
633,0.4806621618265893
634,1.3762115896437603
635,0.7654209079909319
636,1.8407422443404309
637,1.9570880818473098
638,5.769588212030851
639,1.7083212138347672
640,1.120199468950545
641,0.5450920507036433
642,0.37216558928457244
643,0.6723568444903405
644,1.3147434363015016
645,2.5730652109256904
646,2.2470582553014657
647,1.2623383744630245
648,0.750737479366192
649,1.8007656119284432
650,0.3741855097422728
651,0.9708920733876134
652,0.6525893692302857
653,0.5049796186422542
654,0.21803707933394034
655,7.714035492544078
656,2.981064938653433
657,0.013906964698700452
658,2.5164663753233576
659,2.4962711219422946
660,1.4031135284489282
661,2.780185664548551
662,1.3181026644900138
663,0.5376405024129685
664,0.16271169634246818
665,0.545597546728607
666,1.0658434657385876
667,4.398230268365415
668,0.31303702666780575
669,0.9103033604690955
670,1.1756016960759474
671,0.9468565964839466
672,0.25121372717201695
673,0.47922779657161485
674,0.0234360906673321
675,0.4133879798857847
676,0.9234102570992213
677,1.9399351246862349
678,0.5312327687404343
679,0.35186796177504953
680,0.42365396791479515
681,0.8398116743218729
682,0.5739111476598968
683,0.0
684,1.1692371355754398
685,0.45278158145598957
686,0.5942726611311806
687,0.18521115466050153
688,0.25802072926483755
689,1.25811960455156
690,2.7167295471217257
691,0.40603163854788815
692,0.5777100340232345
693,1.0365579997972958
694,1.0263794648789686
695,0.44421115758377405
696,5.7258459873062595
697,1.7828112903153637
698,1.6929808947605578
699,2.295995914439679
700,1.2294301353533241
701,0.6840571731006443
702,0.9449998946792788
703,2.355841430502201
704,1.5695175035369562
705,2.0509202795312644
706,1.0468978817883612
707,2.0291428265650158
708,0.3953396842677235
709,0.7167219118447052
710,1.050030662615018
711,0.5928457711577956
712,0.3861825602622577
713,16.556330656832777
714,3.1886198697821406
715,0.11567358283535012
716,3.5484118478920768
717,4.018754562084482
718,1.8640036675278437
719,1.1569390371730655
720,2.0910783465987626
721,1.1404849244846311
722,0.5500691141326265
723,1.0084198843030034
724,1.056226485429075
725,1.8884728487121423
726,0.8642569367770341
727,1.1552666516558991
728,1.025252166558533
729,0.5472147577185279
730,0.5446232927241595
731,1.3104065397875988
732,1.1196739771186468
733,0.3034652121651127
734,1.5763845117768565
735,2.4814149452724905
736,1.9177031373679299
737,0.8796178082755094
738,0.522079721864176
739,1.3150032285503805
740,1.3878431878972282
741,0.2816348871583143
742,0.6827836869202549
743,0.6144345076951484
744,0.7135281135721846
745,0.4631198309112192
746,1.303032790793375
747,1.2386595179291557
748,3.188887022721823
749,0.7030973872540095
750,1.9492290991188137
751,1.6767437721535772
752,2.8103959222616632
753,0.8340560283017087
754,8.344661784239323
755,3.941496632290406
756,2.310656904363461
757,1.4946395327377724
758,1.2494240586976069
759,0.9595369351040275
760,1.092968156440509
761,1.8656731490218958
762,3.23737450387212
763,2.080052566158439
764,0.9267283421880534
765,2.0135330863310905
766,0.49914138197464764
767,1.50069332604041
768,0.8082625783381291
769,0.960007897828189
770,0.3167566444382337
771,11.061911932057386
772,1.9190578318897153
773,0.0
774,4.091584653861838
775,8.254685922489916
776,1.7341841502322026
777,1.9119248378084244
778,1.8117581772774973
779,0.645947432354622
780,0.904060975243566
781,1.1639396798280033
782,1.3596575218541413
783,1.7325101833501633
784,1.0941071227601653
785,0.17920100968567487
786,0.547168991716296
787,0.4900966837010805
788,0.49343300330293605
789,2.0161088091905315
790,0.9582883795224933
791,0.4353867545144059
792,2.0083553600661097
793,1.9097239847628464
794,2.3653222416320876
795,1.0549532250912272
796,0.716460776418609
797,0.5295033883453094
798,1.4044954500803235
799,0.0
800,1.6513267885277236
801,1.3858142044722914
802,0.604896868624596
803,0.3237343984257901
804,0.7089344993360644
805,1.132902667265863
806,3.4169783898161645
807,0.41674084929831423
808,0.8824503526297394
809,0.521052873929444
810,2.5965885816981924
811,1.5032434509819752
812,3.688406779950699
813,3.717679645688549
814,3.9787640897163814
815,1.622204590499676
816,1.3117457196725137
817,0.6288268822519664
818,0.7699665520176406
819,8.973148512965032
820,3.0732598311246053
821,2.8335747198868244
822,0.6563388163221349
823,2.352216746983158
824,0.5653887324780486
825,3.924269269868211
826,1.177462544697141
827,1.3231832771799292
828,0.7333989352628351
829,19.884732506269994
830,3.0418413546763334
831,0.0
832,3.069711372715758
833,4.4951252654319855
834,1.6804535248708992
835,3.2301681693184445
836,3.6982242698088523
837,1.2231123073722734
838,0.0
839,1.3174588157158045
840,0.6195984927389553
841,2.491164072504147
842,1.9778555858691917
843,0.0
844,1.7187731909766895
845,1.0306920793804886
846,3.5687586387529753
847,2.780299274229251
848,0.7404835246895136
849,0.9703452971986797
850,5.793948340662572
851,2.551019475188609
852,2.7131302603448346
853,2.5871485637198344
854,1.6699382848845505
855,1.6534270903809989
856,1.971550481231462
857,1.069721789742458
858,1.5483981101662427
859,0.9128130390755256
860,1.0514514229201208
861,0.5594160690909785
862,1.0389463123055518
863,1.8626360654739222
864,5.182742438078749
865,0.37183690372336053
866,0.8960952522502129
867,1.5515219685035408
868,3.1567679389175844
869,0.12268997188719721
870,6.962742959234224
871,2.1182422410632915
872,1.145906877642358
873,1.1622794565386145
874,1.6915385882580671
875,0.9499274898722097
876,0.8795124104874656
877,2.4655289957077655
878,2.7512943816518236
879,2.431181249584222
880,2.2354151903786126
881,2.2014767850641555
882,0.4236471010100956
883,0.7570611372593495
884,1.741509393705572
885,0.7951769928779429
886,0.08648219242665212
887,18.87629007639541
888,4.6732986084917
889,0.0
890,3.5769792012585007
891,2.0427385903657065
892,2.340496313856559
893,1.6429923006154845
894,2.358122973934585
895,1.0829443346093415
896,0.6217633357346187
897,1.1126832776588795
898,0.6585289214990274
899,1.640519621778451
900,1.87868135168199
901,0.5022292663091504
902,0.7302861698672677
903,0.10432503238088287
904,0.8254569677310102
905,0.7142211177991904
906,0.2520619102289938
907,0.5232205252071687
908,1.5315387120679427
909,0.914055709909491
910,0.9312379889870802
911,1.5706897326086176
912,0.3514839663748752
913,0.14334348534789143
914,0.6780955496517129
915,0.06503969086689931
916,1.2929649639276293
917,0.6336423148907885
918,0.31922485531432754
919,0.5052612119302133
920,2.322194079375322
921,0.7845599704587612
922,4.729925749967974
923,4.388178694220403
924,0.6999118644768936
925,0.7550576831383391
926,3.6583588317938704
927,0.29797117636323356
928,9.01995756585704
929,2.928314609057343
930,1.3267103731349323
931,1.1098320758698277
932,0.9046118203328786
933,0.6442761523499284
934,0.8110014789989886
935,3.360912833022919
936,2.327677992896674
937,2.116839576326794
938,2.172254599202449
939,0.8631227525518431
940,2.5025859077316595
941,0.48726467836861653
942,0.6413747833321026
943,0.9073989620536282
944,0.6301421957114338
945,11.749655075357639
946,5.030159157434468
947,0.16734658441549266
948,2.1992570423502427
949,1.8778440901158207
950,2.7149435637643955
951,1.600013644122742
952,0.42633684306464326
953,0.8457917596867196
954,2.2010806334010704
955,0.6146535354113253
956,1.256438308057932
957,1.4599799034516308
958,2.5633806720387495
959,1.613420424134328
960,0.715799159796005
961,0.6420263859581602
962,1.3032203777461746
963,2.4685221296394237
964,1.1164005879201246
965,1.9409852347852286
966,1.8651341796271237
967,2.206865655715253
968,2.0799713920819562
969,1.265268418597703
970,0.37673463791315454
971,0.7859173639163394
972,1.4223532417074791
973,0.16856408001288137
974,0.6414070306850475
975,0.42867480751718656
976,0.8526533311276712
977,1.0347445073053927
978,1.052782592168498
979,2.5884471857706126
980,2.9978569634556336
981,1.0322739297495027
982,1.9431795681663422
983,0.7361526483342328
984,3.7356252471812623
985,2.1507380322803633
986,2.1732011431911658
987,1.8979617762005607
988,1.695269655132388
989,0.4313525067633188
990,0.5438207875427418
991,0.32496985097086584
992,0.4023714332662226
993,1.1065623869905108
994,1.367310760542676
995,0.8749290752475937
996,1.1598657232935061
997,0.8541462162868607
998,0.6151058326199963
999,0.28700498033116073
1000,0.46329241463084014
1001,0.11400288754567711
1002,0.27674348037641905
1003,4.145797593572572
1004,1.909776625061958
1005,0.007081336176360864
1006,0.926363721337208
1007,1.5923733028056384
1008,1.4313930719472658
1009,1.5187403389978815
1010,0.03208845854956399
1011,0.3947267249169599
1012,1.3671127275259598
1013,0.45806172567307146
1014,0.35164087921842424
1015,2.858273898975414
1016,0.9187989259528752
1017,0.7460727709979827
1018,0.5108720207905172
1019,0.18399804971658074
1020,0.0
1021,1.369403861352208
1022,0.5861820596929557
1023,0.18961853618830538
1024,1.5098249381901012
1025,1.5032835864838245
1026,2.2207755548219876
1027,0.5606971936006655
1028,0.31863177762819217
1029,0.4768896445234747
1030,0.6991831934634738
1031,0.0986586138990051
1032,0.5452402856758847
1033,0.41943450034416385
1034,0.5621428003236041
1035,0.4607420494583101
1036,0.4028542501935387
1037,1.921610618772161
1038,2.5652349187515986
1039,0.4181825988561446
1040,0.8862953400016751
1041,0.5857486814223863
1042,1.0493794754196049
1043,0.507734548855012
1044,3.1778601799490636
1045,2.706160164865496
1046,2.19526069815692
1047,0.5473973134963529
1048,1.795667852639868
1049,1.8633662121883834
1050,0.8837194691934176
1051,5.616359597784064
1052,2.317386704169948
1053,2.3225250017023313
1054,1.1471376859026219
1055,1.1103858761734162
1056,2.795641820942511
1057,0.27545978533108806
1058,0.9860304667203534
1059,0.3472610688421931
1060,1.9813541879957823
1061,16.37608613146026
1062,2.415401849352958
1063,0.0
1064,3.164430910536283
1065,1.5849970664750326
1066,4.290229138561035
1067,1.0384291240269092
1068,0.9915276376149159
1069,1.1799774516694579
1070,1.3210909633725167
1071,0.4244766914715494
1072,0.3557897552678755
1073,2.3866727401862855
1074,3.6361652143339294
1075,0.3058284382308596
1076,0.1919326195327835
1077,0.13306823980039972
1078,1.8634012307031158
1079,0.7778155807574592
1080,1.1797176877961386
1081,0.2955961808767469
1082,2.7145832945292296
1083,1.772061578393723
1084,1.4386700917673412
1085,1.6460688893662847
1086,0.9263999800901481
1087,0.32558165474670986
1088,0.5826584016048518
1089,0.0
1090,0.4307721020810046
1091,0.36507741611648314
1092,0.5577991225158722
1093,1.1261438380964046
1094,0.5934253671944385
1095,0.5629915664824224
1096,3.3942286610865455
1097,3.1357093234534905
1098,0.545317804198052
1099,0.5995434617720424
1100,4.075156593646049
1101,0.3456727615721922
1102,2.9455454177017337
1103,1.5493555421573015
1104,1.1202439422623447
1105,0.6823998741015266
1106,1.1463214611074086
1107,1.1342547479744762
1108,0.6801856049807601
1109,4.202968447781229
1110,1.8118011752127177
1111,2.0195102984708577
1112,1.3562015032969708
1113,1.3406117258335892
1114,0.4688716137414385
1115,0.3276755588314131
1116,0.5708656990031264
1117,0.31373708005939793
1118,0.3707220422150568
1119,12.98802923873319
1120,2.3267652352622332
1121,0.022987193919026927
1122,2.6997797281349687
1123,2.986782661126248
1124,1.5231450367714157
1125,1.619862881032515
1126,1.9412809073497064
1127,0.8589132688805884
1128,1.2808404861169944
1129,0.913232745865164
1130,0.3333193148049376
1131,1.929885966380462
1132,2.160535670712325
1133,0.8532022179962389
1134,0.2310048956083024
1135,0.32680947402328675
1136,0.9316175985771054
1137,1.3765299811532474
1138,0.6120172858519649
1139,1.205763494127521
1140,4.776149862032178
1141,1.344106575449869
1142,1.6064956702425317
1143,1.119642550287597
1144,0.011824922052394937
1145,0.4324233130744378
1146,0.4946924986543346
1147,1.5563134733640238
1148,0.45390054438507255
1149,0.26957295491575795
1150,0.5784049325361555
1151,0.3814639793673118
1152,0.5076334103621348
1153,0.4416765095776005
1154,3.196339860789373
1155,3.5177547218007463
1156,0.9577371288226451
1157,0.6681225604615421
1158,1.0024503402811056
1159,0.9043584757668912
1160,8.058197377291165
1161,2.812552593788157
1162,1.1495610260810052
1163,0.7193464725791466
1164,0.895871592430875
1165,0.24601749607206203
1166,0.6039559234668925
1167,2.563279581344232
1168,2.293189834733063
1169,0.7413073383102803
1170,1.4826879448710883
1171,1.3365689800346443
1172,1.4707018581139828
1173,0.5537707065143921
1174,0.5304639134569289
1175,0.14938957004547726
1176,0.26347275528932945
1177,3.28910540033767
1178,2.3539360858462404
1179,0.0
1180,2.6232464129782516
1181,1.32386382372043
1182,1.6385437226982726
1183,1.875128477479998
1184,0.7614646606460208
1185,0.5855732720012691
1186,1.0364034825814197
1187,0.5284524073196172
1188,0.7073957465182715
1189,0.8772723102690656
1190,2.3330010252698665
1191,1.6109193043485066
1192,0.49228527682333045
1193,0.3267501777695365
1194,0.8621637086822689
1195,1.9221827149398862
1196,1.06247522396246
1197,0.511087055801177
1198,1.2756724936070385
1199,2.3503465977344318
1200,1.7856872710833143
1201,0.7445066513866035
1202,0.5042923372940223
1203,0.6519104230796132
1204,1.1906268222776824
1205,0.019072332622400046
1206,0.5362976414733143
1207,0.7606688777365476
1208,0.6521389697660113
1209,0.9647593871377542
1210,0.6506161688654679
1211,1.369737736822918
1212,1.7387907674866527
1213,0.5910384761489915
1214,1.3117989808372077
1215,0.762566907578794
1216,1.7847116037910444
1217,1.5219735815199935
1218,5.968312498617843
1219,1.7453998941720834
1220,0.984617540575932
1221,0.48525662361806177
1222,0.4520449135277138
1223,0.5953261432703455
1224,1.770350384247513
1225,1.7619971197373583
1226,1.8064490025909479
1227,1.0803750012207383
1228,0.909325053713008
1229,1.5136388857785323
1230,0.33010065444589176
1231,0.6641034338134163
1232,0.48724974439337143
1233,0.45416595743010546
1234,0.14629466281303904
1235,8.190650929042068
1236,2.953053584094124
1237,0.02444785466184629
1238,2.14038915432409
1239,2.4931852613859125
1240,1.1636679368783205
1241,2.127449846154712
1242,1.0906828393037045
1243,0.5457380130476273
1244,0.171126462288119
1245,0.6920530134381874
1246,0.9712153989645627
1247,4.374188920165321
1248,0.28493172355621565
1249,1.0205575044835535
1250,0.883126496107514
1251,0.9704772852552804
1252,0.16244241723658615
1253,0.5356601253859758
1254,0.023839116063696597
1255,0.40796388598289435
1256,0.8154741772425809
1257,1.541704081128725
1258,0.4133095722104907
1259,0.3642286213618038
1260,0.38234287750851503
1261,0.7910378177644084
1262,0.5717058835134055
1263,0.0
1264,1.1456635432189395
1265,0.23671771532722663
1266,0.4966088020148064
1267,0.1348641412762841
1268,0.2697786038745458
1269,1.0945654269609328
1270,2.9436932304525927
1271,0.3298380024762557
1272,0.6432940004892785
1273,0.8463989071359966
1274,0.9748241851779458
1275,0.6402220404539352
1276,5.603024474828137
1277,1.9937239763920753
1278,1.7582723336678459
1279,2.0376014629893473
1280,1.4994028665863277
1281,0.4873417156308252
1282,0.6983065091588594
1283,1.955868817324026
1284,1.2185923598045225
1285,1.8974990724470975
1286,0.7397350748567758
1287,1.701011723371301
1288,0.2367653180597178
1289,0.697015706490473
1290,0.7387090339430606
1291,0.6364876916172094
1292,0.3513359770406581
1293,17.816017460140394
1294,2.9572541385757187
1295,2.6987606557015873
1296,3.1745626582570026
1297,4.096782502128356
1298,1.8541342413995054
1299,1.2205054378985014
1300,2.0383618930595064
1301,1.2675311795855997
1302,0.49807864887473396
1303,0.925423781337301
1304,1.1779152915763058
1305,1.8657795217655355
1306,0.8651689109726077
1307,1.212123110180741
1308,0.8499394243395515
1309,0.7096128664704999
1310,0.6007198885950848
1311,1.50586196730278
1312,1.3712323417358447
1313,0.33708568529600647
1314,1.2952822009771803
1315,2.325743701767685
1316,1.7063583096281727
1317,0.8787087136665324
1318,0.4865934467815006
1319,1.2251588237973372
1320,1.6040950429385468
1321,0.22309505625146953
1322,0.7584548540305024
1323,0.6612430228787193
1324,0.6755738546325967
1325,0.4797174531888764
1326,1.3782691216622984
1327,1.102641080323668
1328,2.6839060903861514
1329,0.5366198733446801
1330,1.3457209791863491
1331,1.5789404463040706
1332,3.5387820460155517
1333,0.9010724378099167
1334,7.349641743251792
1335,3.818970325878949
1336,2.439748611086608
1337,1.353852810188306
1338,1.0818229676754854
1339,0.7685165953555978
1340,1.0601284862117206
1341,1.663307964443031
1342,3.0186084478539925
1343,1.4523781429564808
1344,0.8237406776944153
1345,2.049331926533269
1346,0.3494365970210329
1347,1.6004763578216288
1348,0.7397215396273148
1349,0.6688385368554572
1350,0.20217352381681497
1351,10.63486155638337
1352,2.1509310693002677
1353,0.018465094625496503
1354,3.698120173390932
1355,7.3682223874138835
1356,1.4069184705808317
1357,1.316591333047542
1358,1.5883803082685288
1359,0.6204457227415089
1360,0.8063334069523728
1361,0.9655084771880457
1362,1.0808776238752587
1363,2.086332961470272
1364,1.0059696237803502
1365,0.4058351023873157
1366,0.5322564246171446
1367,0.38880164283963703
1368,0.516260023619931
1369,1.9512056841230405
1370,1.1463294277594438
1371,0.45170561941646037
1372,2.0406430460452887
1373,1.8283056091432064
1374,1.8368954860005668
1375,0.8485329147878033
1376,0.6883487332184597
1377,0.5058482493271864
1378,1.1604346153172764
1379,0.0
1380,1.6416669238489072
1381,1.225455642849133
1382,0.7300004767169469
1383,0.2601823029468442
1384,0.6803140331736436
1385,1.2361145168171477
1386,3.122763982904233
1387,0.39342846480592997
1388,0.638548304870844
1389,0.6439803943489528
1390,2.0782684859139113
1391,1.264044421309736
1392,3.9167683269639677
1393,2.7402166441909177
1394,3.8405205548646726
1395,1.5871604801398536
1396,1.292225687831082
1397,0.7536681251043417
1398,0.807745293350011
1399,7.52045206112174
1400,2.738407559587297
1401,2.8143875565622185
1402,0.5215206975304542
1403,2.0495072353289445
1404,0.4866694022664556
1405,5.146270742023406
1406,1.2389851674544898
1407,1.1120086366378046
1408,0.681080518349726
1409,22.682177149915404
1410,2.829386296622257
1411,0.0
1412,2.8674929424610003
1413,4.066464291338431
1414,1.7049136761537942
1415,2.2003300407099955
1416,4.539234104968868
1417,1.318441489846998
1418,0.07359006605456986
1419,1.342509292357708
1420,0.40717461507237895
1421,3.0935413157570357
1422,1.903444908115099
1423,0.0
1424,1.651939340697428
1425,0.42088799139974553
1426,3.8368522858794027
1427,2.259059652725246
1428,0.8663069939530157
1429,1.0257294325894057
1430,4.798103980430273
1431,1.9518917937621547
1432,2.6824820671122227
1433,2.6222087138562946
1434,1.5700685324899406
1435,1.64189768941695
1436,2.3362146882329555
1437,0.9562843571386881
1438,1.5183426970268947
1439,0.8154035911671934
1440,0.9793858918151126
1441,0.5170881488658301
1442,1.234832540238366
1443,1.7720043509321366
1444,4.596317860469988
1445,0.4093689920733943
1446,1.0769768362664114
1447,1.6342242381537602
1448,2.9532919811698948
1449,0.16944322294462455
1450,7.280524599156106
1451,1.6161298473423258
1452,1.1626048838163145
1453,1.1687957046281552
1454,1.587749797687005
1455,0.9807826167972633
1456,0.7849306137549761
1457,2.716069290812574
1458,2.854085279777632
1459,1.9829996912814836
1460,2.171367401724432
1461,2.311670841704503
1462,0.4959902209714483
1463,0.8270792770170722
1464,1.6855691704525266
1465,0.6050110134358373
1466,0.1493318852292913
1467,18.754242393721427
1468,5.127291283685976
1469,0.0
1470,4.349736433584159
1471,2.1363452862687096
1472,2.2729592169455692
1473,1.6293584894143132
1474,2.25452861411729
1475,1.097727149342468
1476,0.6779152644540553
1477,1.1363888652689795
1478,0.6026954895738843
1479,1.7447009414807764
1480,1.936157130386039
1481,0.4483074969683747
1482,0.9752328004366493
1483,0.0
1484,0.7393580705078451
1485,0.6882664294112814
1486,0.23096090692624038
1487,0.5408327137266686
1488,1.5365163025959787
1489,0.8265472151062212
1490,0.917605712376014
1491,1.72749001977779
1492,0.36641613653221516
1493,0.15274617462514306
1494,0.6060298837059149
1495,0.05022925704764569
1496,1.3664680462500276
1497,0.503387250854886
1498,0.435867975204557
1499,0.475417273175366
1500,2.3336839494296986
1501,0.8783048493764487
1502,5.008091979476895
1503,3.9935656965278112
1504,0.5188475712888182
1505,0.6969967225692536
1506,4.010209905190322
1507,0.254828996291913
1508,10.560605826963817
1509,2.68031206746043
1510,1.4418032543739823
1511,1.081891521599549
1512,0.9704414680929083
1513,0.6132271295882212
1514,0.9256208940204782
1515,3.538785727927105
1516,2.438409823552525
1517,2.664618289003842
1518,2.0767619372439103
1519,0.9047218260142202
1520,2.704907827410156
1521,0.510805428118223
1522,0.7127710837243324
1523,0.8820041086469927
1524,0.8100776254208572
1525,11.163038745797
1526,4.640020692928831
1527,3.325710364017472
1528,2.3386540628593355
1529,2.2064530918022216
1530,2.6556753611820767
1531,1.8125122448983366
1532,0.4020536503857216
1533,0.8929506447231932
1534,1.636434808683023
1535,0.5823705491828676
1536,0.9932047494556017
1537,2.316961703030925
1538,2.418750238205094
1539,1.4874518854281507
1540,0.6525887036423805
1541,0.4229571492833625
1542,1.597571331333459
1543,2.892934170422293
1544,1.3349575521927504
1545,2.236144636099935
1546,1.9636267580345093
1547,2.1902311082148005
1548,2.4068551274248793
1549,1.2360351910135803
1550,0.405388981128634
1551,0.7041914363151707
1552,1.5173105522128523
1553,0.24363467877258094
1554,0.7673090385563982
1555,0.42970443004882874
1556,0.9743578005042441
1557,1.128378537033138
1558,1.0603798359976668
1559,2.9099272208620333
1560,2.687223115211244
1561,1.0290984695314862
1562,2.701724008305145
1563,0.7680202193773958
1564,3.142456635878281
1565,2.0282460196536243
1566,2.431145302053861
1567,1.9941993350176483
1568,1.8417082890483931
1569,0.4235241477269781
1570,0.6069665154515831
1571,0.36433496922738384
1572,0.37567563563416395
1573,1.2684407989701805
1574,1.4137494281932126
1575,0.9138036717863698
1576,1.0956049292865215
1577,0.6964315760461723
1578,0.7076057279815836
1579,0.2583054886541005
1580,0.4074080105823057
1581,0.17645059015032816
1582,0.33815925580513073
1583,4.083014077008693
1584,1.9313730364222483
1585,0.0
1586,1.3808000774201123
1587,1.6231764580451882
1588,1.5628424453172118
1589,1.5460866219063476
1590,0.08351082210651706
1591,0.4085746318144513
1592,1.1553891667556062
1593,0.4303098146013089
1594,0.3641870975097836
1595,2.8465255065790824
1596,0.9094009633697295
1597,0.6195077458561344
1598,0.5470892749736103
1599,0.12444689768467598
1600,0.0
1601,1.5336013125207462
1602,0.8256171037706231
1603,0.1464125882206886
1604,1.7485659317204219
1605,1.7524086999111956
1606,2.4537068581012975
1607,0.5503880650078065
1608,0.38948530144015747
1609,0.4701353676339758
1610,0.7926607802558958
1611,0.06821793081807548
1612,0.5996983756117112
1613,0.4345101974385509
1614,0.49291390050266704
1615,0.594648448907172
1616,0.3784209065296801
1617,1.5840357818254283
1618,3.0537608704642034
1619,0.3606994521046567
1620,0.9779153795964202
1621,0.46952812071603545
1622,1.0736829186769477
1623,0.3750002440846537
1624,3.2788563841646425
1625,3.086819324287755
1626,2.511128269029767
1627,0.5873839832675273
1628,2.0220694588229757
1629,1.7240525374414168
1630,0.8528937880235359
1631,5.535496901022084
1632,2.8259437331271555
1633,2.447319097588545
1634,1.501871657765215
1635,1.2375322299569298
1636,2.713368966094886
1637,0.34235082941136885
1638,1.0577817453492646
1639,0.31665955525334866
1640,2.300823624685664
1641,20.329793988791288
1642,2.6758159243221775
1643,0.0
1644,3.819956256075315
1645,2.3919510981181635
1646,4.539173912799401
1647,1.0241237049527319
1648,1.1694409523974736
1649,1.2055043221798123
1650,1.1353876092441846
1651,0.3172681806422666
1652,0.3698548744666703
1653,2.2410191157538635
1654,3.843140701845362
1655,0.26042605946202557
1656,0.24656369549720591
1657,0.1598353761805038
1658,2.3482178153647872
1659,1.12899394071651
1660,1.2402205819862084
1661,0.30642730861938006
1662,2.9783607571236663
1663,2.028685984893921
1664,1.7167966385422795
1665,1.701373304814825
1666,1.0396535193814258
1667,0.34147310404803255
1668,0.5738079630334316
1669,0.0
1670,0.4429757580201259
1671,0.40467796012816204
1672,0.643620868797195
1673,1.190575441116723
1674,0.8068229968369316
1675,0.6636459344989367
1676,3.4529465983505787
1677,2.6936733332650826
1678,0.6964467860805446
1679,0.5890191643135528
1680,3.769857285953642
1681,0.4004541639835928
1682,2.2103113113409214
1683,2.1656238305682525
1684,1.0534544025611192
1685,0.7148870854974649
1686,1.0681314687818555
1687,1.0438505539109495
1688,0.8483538258050239
1689,4.221588356471738
1690,1.888058837299282
1691,1.9732873527165329
1692,1.3900461818713852
1693,1.576087146205583
1694,0.5381640691885096
1695,0.42385163731330655
1696,0.5829809950840549
1697,0.30162659719562357
1698,0.3534606266190228
1699,14.776181109525995
1700,3.022557378694265
1701,0.04166891915363036
1702,3.0962855743221995
1703,3.446222137317055
1704,1.957099617382847
1705,1.6262353104829792
1706,2.145331395862611
1707,0.7445813138490686
1708,1.0245430940447084
1709,0.7368683841930284
1710,0.3458829519659756
1711,1.0685319134469664
1712,2.2610138807259292
1713,0.864266210626857
1714,0.29388194622103714
1715,0.2873130318119159
1716,0.9712291992537178
1717,1.4457746170093029
1718,0.6543363923340242
1719,1.1678775557242098
1720,5.1408433552569734
1721,1.699368458803224
1722,1.688484703896145
1723,1.1647047178717616
1724,0.06823910659659371
1725,0.3880147515553425
1726,0.6847868319821417
1727,1.5891627857032882
1728,0.47265960068101054
1729,0.2754497647162262
1730,0.5266693144007789
1731,0.3390729784504951
1732,0.5153549762501205
1733,0.5351692689004692
1734,2.767053645493144
1735,2.923369260966708
1736,0.9512967360155953
1737,0.6320171551885237
1738,0.9237390644063628
1739,0.8188382616126814
1740,8.030356596729455
1741,2.7968071513232897
1742,1.2432203028404483
1743,0.5838897237852742
1744,0.9956317968780108
1745,0.22311569168912704
1746,0.663300315139706
1747,2.4291217653768187
1748,1.852968804228012
1749,0.7422732748876791
1750,1.8763731835116244
1751,1.0676862350869587
1752,1.3281105637378112
1753,0.6010424131153086
1754,0.4508363412384172
1755,0.14369189304760122
1756,0.3497131351854781
1757,3.892187054736815
1758,2.307912514907926
1759,0.0
1760,3.017327250070994
1761,1.2313847116845695
1762,1.6959415324907243
1763,2.0869625431099577
1764,0.7156717278928397
1765,0.5270313424616426
1766,0.879380852079437
1767,0.48718128498959246
1768,0.6582148576405292
1769,0.806238043737994
1770,2.723424364153959
1771,0.922013944390692
1772,0.33707879910083616
1773,0.25186072731862885
1774,1.0225280706112152
1775,2.088878041343452
1776,1.1883322014052948
1777,0.5111171859146197
1778,1.3633680220702749
1779,2.758820467290633
1780,2.062717931439657
1781,0.8645533985798926
1782,0.6706094629124221
1783,0.5385506119783654
1784,1.4493563963509912
1785,0.0
1786,0.5619960403383283
1787,0.7059239938724934
1788,0.7283879669302066
1789,1.0039221319011635
1790,0.5067828470350915
1791,1.8507740414163976
1792,1.670117117282327
1793,0.5006006974811203
1794,1.1069422642174485
1795,0.8041195073133973
1796,1.6924927462293806
1797,2.0263532125023054
1798,6.526633275233354
1799,2.2068881522698476
1800,1.0140666367028883
1801,0.5988842899870017
1802,0.34640480869072054
1803,0.5692775943581406
1804,1.9330075491241954
1805,1.926695299793944
1806,1.8017767433039142
1807,0.9491099924476013
1808,0.6984840642895384
1809,1.6215727221422123
1810,0.2610136736623523
1811,0.7660979243306575
1812,0.47030377120655464
1813,0.42044284491111095
1814,0.09903639175291357
1815,9.208919962797582
1816,3.1253359033845607
1817,0.0
1818,2.657888668862256
1819,2.2419346863308993
1820,1.3500138072121577
1821,2.7944394557512044
1822,0.9312893063576284
1823,0.45893615204784044
1824,0.11645185876952646
1825,0.6371194157798555
1826,0.9549115187112849
1827,4.951263379191539
1828,0.3097593580975315
1829,1.3831357415382994
1830,0.973570287863015
1831,1.3631469337049569
1832,0.14026389267365613
1833,0.5845951689541141
1834,0.020403505902858443
1835,0.349430935842989
1836,0.7097682510332064
1837,1.6965184413286376
1838,0.4605472075971614
1839,0.28344926039440455
1840,0.4488316711046165
1841,0.5918853499643822
1842,0.5942638308512983
1843,0.0
1844,1.0185013848345879
1845,0.42118378735187556
1846,0.6174263282834818
1847,0.1531421201032548
1848,0.2732561448674653
1849,1.339780746113352
1850,2.7044928455619983
1851,0.27020089389231217
1852,0.6755165546815879
1853,1.1106830068361828
1854,0.9534803038445234
1855,0.6000735924797034
1856,6.684307424933606
1857,2.0728533782288343
1858,2.1724394720504936
1859,2.1928999129254025
1860,1.4963179911949163
1861,0.5834484106197919
1862,0.8436711647589598
1863,1.7985675092739681
1864,1.562141786541756
1865,2.096248328623663
1866,0.8391453926978582
1867,1.3496323568033917
1868,0.2368064387472535
1869,0.7707665516136488
1870,0.6569281091083407
1871,0.4243015409413101
1872,0.34303205610639154
1873,19.53720436823627
1874,3.2466629210468048
1875,4.912684491036515
1876,4.087990307906635
1877,4.780682034857929
1878,1.961742602751961
1879,1.316818379612216
1880,1.9766555427857497
1881,1.2458821921684633
1882,0.49367324256558076
1883,0.8443134785862714
1884,1.0929049104788668
1885,1.4260383595918888
1886,0.9137915813397475
1887,1.276020628368948
1888,1.0541793652113622
1889,0.5651369522161013
1890,0.5744190217187926
1891,1.2209683969359375
1892,1.1256542492831028
1893,0.32833386686064037
1894,1.5950192331787902
1895,2.2047763888657768
1896,1.5232549154219805
1897,0.7709078612502855
1898,0.574209729819106
1899,1.144465310246839
1900,1.555903791382483
1901,0.29408874745325186
1902,0.8180510083901564
1903,0.6082795971404097
1904,0.6488783134812584
1905,0.4213210336178205
1906,1.3621674396091652
1907,1.0791964248841217
1908,2.527499933018582
1909,0.37696567312020524
1910,1.197460685027629
1911,1.1539653908366028
1912,3.227299260433073
1913,0.8476872427121022
1914,7.12032555134746
1915,4.141865606204364
1916,2.3834584298897266
1917,1.5046950286508964
1918,1.112790178534446
1919,0.83390742999707
1920,1.0786512606638607
1921,1.602082754305323
1922,2.85572757282916
1923,1.4888098780926258
1924,0.5864617602297784
1925,1.7417416037216054
1926,0.31253793092242566
1927,1.5360859601283576
1928,0.7538795167109642
1929,0.5786639927907946
1930,0.18568583027006635
1931,12.195080463827184
1932,2.4092158286592333
1933,0.0017074259843561368
1934,4.31788819012737
1935,7.926059513366949
1936,1.5365755070583669
1937,1.6086294811723827
1938,1.6723285936755676
1939,0.5149096196601213
1940,0.8536106976434049
1941,0.9293674401916299
1942,1.2931972374578025
1943,1.750224585156341
1944,1.1551958205017665
1945,0.8466854352691502
1946,0.5251611764325864
1947,0.4435627036659897
1948,0.4697707260127184
1949,2.016589218493513
1950,1.2172035474466116
1951,0.459277192419138
1952,2.034870404766025
1953,1.8399091342104346
1954,1.9919532261626993
1955,0.8437903731901175
1956,0.6671667138687484
1957,0.45069043743696313
1958,1.1731203026623283
1959,0.0
1960,1.4266516713650381
1961,1.3654801852765936
1962,0.7875023515380759
1963,0.2925766069717539
1964,0.6540439856215612
1965,1.1572658732763565
1966,3.3455339345029556
1967,0.40806543258664174
1968,0.6516369080112052
1969,0.5535559047788923
1970,2.1274544381712426
1971,1.4235478958926457
1972,3.901747391743118
1973,6.715755454673204
1974,3.8428832323035897
1975,1.7436221410532593
1976,1.2522283613349234
1977,0.8159080758215083
1978,0.8168357201338804
1979,7.366789807363563
1980,3.265022754080503
1981,2.707431770520053
1982,0.5086797189929511
1983,2.3145926993882013
1984,0.5004376533578622
1985,2.6087211526012446
1986,0.9579076035066276
1987,0.9412794681203532
1988,0.7211497319276612
1989,27.082784909833176
1990,3.6174084344939414
1991,0.0
1992,3.4455240745195903
1993,4.03251090609235
1994,1.7412499398767682
1995,2.845911231578544
1996,4.16301156547506
1997,1.39327375731835
1998,0.1395353492200775
1999,1.275203126224612
2000,0.23748045915634153
2001,2.6591596021787516
2002,2.0734140087518864
2003,0.16119151009325305
2004,1.7815383183387998
2005,0.4156585854767717
2006,3.408780194508304
2007,2.777784021486322
2008,1.0117716691659033
2009,0.8980876636114767
2010,5.239201034854749
2011,2.061761332308688
2012,3.0446797268265127
2013,2.4844387555627683
2014,1.8269237088916561
2015,1.6578733570727058
2016,2.404396293668745
2017,1.3487595445417302
2018,1.558036530775018
2019,0.7935196966571105
2020,0.9043021357836485
2021,0.5125282725500888
2022,0.9062552829976511
2023,2.0606207844775524
2024,4.517161936351007
2025,0.4218626639536468
2026,1.0604352782611495
2027,2.923513045378627
2028,3.343634991802969
2029,0.16845947656186877
2030,7.439907352531183
2031,1.9898715104285738
2032,1.1890131086323552
2033,1.4958985716073399
2034,1.9295690783952528
2035,1.08595868794165
2036,1.0515610253327805
2037,2.8808604181381208
2038,2.9798870953370495
2039,1.9603581714220377
2040,2.5626700100143527
2041,1.9740852712204042
2042,0.4368306558249855
2043,1.0006648000045253
2044,1.605085039988726
2045,0.6564442583955544
2046,0.08842889904989715
2047,21.526763931979797
2048,5.893052482190368
2049,0.00134526125848633
2050,5.464562344285285
2051,2.6326438853752885
2052,2.358067600210399
2053,1.761835107643011
2054,2.1382481109902987
2055,1.377102633712851
2056,0.578735559123748
2057,1.326797250854922
2058,0.5127699712583329
2059,1.834466964894393
2060,2.238211183038817
2061,0.5709249372245894
2062,0.8998900287459322
2063,0.0
2064,0.8667234943583015
2065,0.7806825519596122
2066,0.350714700221064
2067,0.6285351964672649
2068,1.9667768741203848
2069,0.927858550198321
2070,1.0058076110398404
2071,1.6996491064248334
2072,0.4542614775744387
2073,0.14821824672430783
2074,0.8135090102681707
2075,0.011314374224589363
2076,1.2078547887408035
2077,0.5307751410652755
2078,0.2550319685035918
2079,0.47068390035780006
2080,1.7755815451213963
2081,0.9934219520602328
2082,6.3531624620216105
2083,4.206878515358642
2084,0.8402216982383792
2085,0.6009303693604605
2086,3.755868206852884
2087,0.3130836793721419
2088,10.001160297291305
2089,3.0122811345945584
2090,1.5322604784072869
2091,1.0946173916444835
2092,0.8416571922229953
2093,0.708161973756587
2094,0.9565995859063634
2095,3.233819301593651
2096,2.501076261101318
2097,2.592361438514083
2098,2.1510723274554873
2099,0.8959708568885865
2100,2.746257549536711
2101,0.5263506502789327
2102,0.6489024808828018
2103,0.9961928895575943
2104,0.7209574361652555
2105,15.16119054928687
2106,5.0781288718167055
2107,5.416710818281214
2108,2.9675570325825773
2109,1.6842918581446225
2110,2.890957026496805
2111,1.9510362861617638
2112,0.37334465809192285
2113,0.8919639161870931
2114,2.2033449925851287
2115,0.6313552396842173
2116,1.1808017722797644
2117,1.4240775433316868
2118,2.790563314160739
2119,1.2833773043324537
2120,0.6056976417883315
2121,0.4954861210028161
2122,1.8717761638646218
2123,2.4769795132949
2124,1.2496187686276579
2125,1.9674780311097124
2126,2.0002740736499978
2127,2.2359678179163414
2128,2.497381624351224
2129,1.319403065488146
2130,0.446713865677541
2131,0.7181062350712996
2132,1.4409418943159877
2133,0.2018176580471378
2134,0.7017367552423915
2135,0.44127743016694865
2136,1.0612221747763562
2137,1.020452514699546
2138,1.1908437867115598
2139,3.017219466840038
2140,2.472476243859425
2141,0.9328302556821868
2142,4.429410947569556
2143,0.7515108712947584
2144,3.293036290785378
2145,1.9648739599987575
2146,2.729479789726603
2147,1.7803990787648676
2148,2.2745910895001864
2149,0.41000112564597935
2150,0.4603305786754114
2151,0.27168402291247107
2152,0.367611011614444
2153,1.0137408778073227
2154,1.2025520705809447
2155,0.8692905460562185
2156,1.029803063357563
2157,0.5707353548427043
2158,0.539948860679244
2159,0.3352326172648288
2160,0.3909634552738086
2161,0.1183838495855043
2162,0.31478292420035214
2163,4.538472327127033
2164,1.4921159398111552
2165,0.0
2166,1.5245720625814505
2167,2.493465088010973
2168,1.5907629603808338
2169,1.569035431235109
2170,0.265375228344052
2171,0.2748373678717737
2172,1.3317692867899944
2173,0.4052788715776383
2174,0.3481173129984012
2175,7.013766463555024
2176,0.8673294082847564
2177,0.7110618738985275
2178,0.5027598293448905
2179,0.12706258845883367
2180,0.07686675567736567
2181,1.2901736287408752
2182,0.4332838492521843
2183,0.1714723895182122
2184,1.6725960060423157
2185,1.7580628350424639
2186,2.505422078236454
2187,0.5028901854854451
2188,0.2718321195827915
2189,0.4513522006388593
2190,0.7971151810137141
2191,0.06783567325979556
2192,0.5253399406588329
2193,0.35619949587041355
2194,0.5893931753470599
2195,0.5483023500730684
2196,0.41680756437072464
2197,1.6803208556825417
2198,2.676352151268514
2199,0.3791841688391455
2200,0.9202438028708932
2201,0.507290915009894
2202,1.0527982319980043
2203,0.39840441702999896
2204,3.954388269313231
2205,3.1656711625181586
2206,2.2440813827372783
2207,0.5597071032551102
2208,2.057736912414504
2209,1.5722051595264646
2210,1.0760354909941197
2211,5.81707684249145
2212,2.3989284999791125
2213,2.438160285251848
2214,1.256276820862187
2215,1.1024647986913148
2216,2.9056210534497655
2217,0.30671041749285677
2218,0.912452184722246
2219,0.2821868574400004
2220,2.1682732439289194
2221,20.598378760611137
2222,2.840170959780452
2223,0.0
2224,4.470307902192599
2225,2.507231335986684
2226,4.52589368539409
2227,1.302130857824376
2228,1.193217588648398
2229,1.2226558208519036
2230,1.3727595444505019
2231,0.323017322698133
2232,0.36355041468987603
2233,2.645329875748919
2234,3.895890342417958
2235,0.18454167537263944
2236,0.2300582475905557
2237,0.10537550023899556
2238,2.309225038922519
2239,0.8816081018754762
2240,1.031344478438039
2241,0.32548006756835957
2242,3.652816575037393
2243,2.29763364394827
2244,1.862398801302072
2245,1.865549939690386
2246,1.2780183967407062
2247,0.37395022808248246
2248,0.5890416766495745
2249,0.0
2250,0.4645781170642457
2251,0.3759719269035837
2252,0.7081561351505948
2253,1.1506508112414884
2254,0.7747690956254938
2255,0.6391389237581168
2256,3.7764951864719962
2257,2.950991647977067
2258,0.5396347162719296
2259,0.516352607831101
2260,3.6569145157251857
2261,0.39459047769464184
2262,2.5441300905867568
2263,1.7758522857453927
2264,1.0669421369013903
2265,0.7547727521368558
2266,1.1292459725930546
2267,1.0125585227277507
2268,0.863749292512498
2269,4.197203299439641
2270,2.1246925396850718
2271,2.07626713409397
2272,1.3743299707498169
2273,1.8262178860542932
2274,0.5092058553374962
2275,0.3336372033438668
2276,0.5184680461021093
2277,0.22915855238560612
2278,0.4221672397321212
2279,16.59180857211841
2280,3.291408668992714
2281,0.04001624245503521
2282,3.872030396658859
2283,3.055215762379688
2284,2.013111232941233
2285,1.7998977213868765
2286,1.9060767442360673
2287,0.7629650765490914
2288,1.1264007335003214
2289,0.8105847058730941
2290,0.28880949987938065
2291,1.9073453235077122
2292,2.547643250544761
2293,1.1535530689379005
2294,0.26335512216768153
2295,0.1975036630226461
2296,1.0326833937529731
2297,1.657352998179373
2298,0.40398767976486805
2299,1.2365094319649188
2300,6.1312092347991465
2301,1.516812705846263
2302,1.778823177319115
2303,1.151034051581222
2304,0.12641413103103627
2305,0.36547951778551613
2306,0.6896522300904093
2307,1.677885734009987
2308,0.47138784920441457
2309,0.2591982339978962
2310,0.653500616156398
2311,0.34171369945701424
2312,0.5277471863524079
2313,0.5093394766023698
2314,3.3081649340431714
2315,3.006055158538455
2316,0.8892780817896708
2317,0.4335076547126654
2318,0.8640818112869613
2319,0.8378845471598342
2320,8.568531290770023
2321,3.6047580365799687
2322,1.7497511026843124
2323,0.6255988952843858
2324,0.816096058855831
2325,0.2036716695587506
2326,0.7137473445143274
2327,2.471438122459332
2328,2.004816624601453
2329,0.9131373644899246
2330,2.012813484136333
2331,1.3490991758561142
2332,1.4722278540858726
2333,0.6944309906876089
2334,0.4903320491644133
2335,0.14741376540783513
2336,0.4143866213086881
2337,4.314949239861849
2338,3.0692717002991685
2339,0.0
2340,3.806355246323331
2341,1.9529939083867789
2342,1.8550162616084993
2343,2.1186232779375227
2344,0.982551239454996
2345,0.53169422025772
2346,0.9566434656502926
2347,0.5369320809508761
2348,1.0337555896818107
2349,1.2123231520566657
2350,3.1022165273085704
2351,1.1617144885487265
2352,0.4414341400117192
2353,0.28421165260435344
2354,0.9137138530950397
2355,2.023854662979664
2356,0.9705479663843259
2357,0.6097624793221093
2358,1.6166766542326843
2359,2.939329344356909
2360,2.1491851125182047
2361,0.8714101157914529
2362,0.6350918710466333
2363,0.6998700358362698
2364,1.4836727641374565
2365,0.006774842935961312
2366,0.7310948062350109
2367,0.8375224141315488
2368,0.879558731076379
2369,1.1662049158534964
2370,0.527040739286308
2371,1.4760997593436476
2372,1.8881998696247009
2373,0.7369416298286341
2374,1.4091580698736084
2375,0.7705735466154628
2376,2.213603984999043
2377,1.5292426457484523
2378,8.642153619500087
2379,2.46870600849178
2380,1.0038806570913634
2381,0.5053026469430691
2382,0.45176986118670404
2383,0.677368485587413
2384,1.7546837471657533
2385,2.378994669622472
2386,2.511202789022697
2387,1.0764110332093213
2388,0.8001704700827069
2389,1.697805822387421
2390,0.2813518757643987
2391,0.875649031269399
2392,0.43764487869012847
2393,0.4506554368400957
2394,0.10537802244070327
2395,11.485334786398251
2396,3.456371069866966
2397,0.0
2398,3.1530982537880687
2399,2.4110826266398595
2400,1.3673768663652959
2401,2.558390085677488
2402,0.9925410589723649
2403,0.5211792037318341
2404,0.17020787134276527
2405,0.6107625700045638
2406,0.8461063345861569
2407,3.9785589475870826
2408,0.37372086764217993
2409,0.5980020077483413
2410,1.0885785251079265
2411,1.0946302663048417
2412,0.21887220082185022
2413,0.5057488482915874
2414,0.0
2415,0.42176101721150483
2416,0.7777126552090338
2417,1.7612795876338858
2418,0.45657993579498124
2419,0.3746634005448015
2420,0.39887398172212796
2421,0.7047598755282329
2422,0.7098273165975592
2423,0.0
2424,1.0517489433417826
2425,0.44867048787493435
2426,0.6509848646070736
2427,0.1649299337642105
2428,0.2679226121342577
2429,1.085782297483085
2430,2.8253835137284895
2431,0.2648992099330707
2432,0.7911348475022307
2433,0.9377530073873007
2434,1.0087598673014795
2435,0.5936502751926487
2436,8.680939151013739
2437,3.011867522891479
2438,2.1407446050546834
2439,2.4964008278258034
2440,1.793804472766198
2441,0.8516535110149953
2442,0.9149396485137903
2443,2.1875525446220223
2444,1.9056857394258961
2445,2.8284446866565043
2446,0.979434414977739
2447,1.9945830434566347
2448,0.3018488931708019
2449,0.8341728858933338
2450,0.6576889902530867
2451,0.7570291377345275
2452,0.2629917743951886
2453,22.799131521759826
2454,3.8822339820129828
2455,6.803534381849492
2456,5.315163585166594
2457,5.285272239921921
2458,2.0854262041761924
2459,1.423233509299005
2460,2.7260483773872375
2461,1.4844936836295295
2462,0.5751937178329211
2463,1.0601694542227986
2464,1.2131580481123694
2465,1.731253163903425
2466,1.2038416173968591
2467,0.613247640960557
2468,1.250002946247683
2469,1.3576224422979875
2470,1.0696879985762053
2471,1.6433872450079947
2472,1.1591435144006208
2473,0.3892494892376558
2474,2.0624946324741913
2475,2.8708039704090424
2476,1.805552471680271
2477,1.0167246072706368
2478,0.7665596214485216
2479,1.3918867732168925
2480,1.78816840396754
2481,0.42752576441679957
2482,1.2140385125407427
2483,0.9358334004275638
2484,0.7258471442332267
2485,0.39482070360826715
2486,1.8609495438457735
2487,1.5894873487602883
2488,3.072511088751038
2489,0.5961571878244054
2490,2.448374887968197
2491,1.663447558502178
2492,3.315109012506685
2493,1.0794538155103255
2494,9.685063902536093
2495,5.28725967342822
2496,3.1189277722887647
2497,1.716733090204609
2498,1.297331166563046
2499,0.8470105808911069
2500,1.1329420113671564
2501,1.6136161069327268
2502,3.454645088670952
2503,1.7868874468919975
2504,0.7019126793978737
2505,2.0837085772197956
2506,0.318588841740129
2507,2.0610902216698475
2508,0.9525068358820412
2509,1.0724810219868017
2510,0.20605655921969346
2511,15.453362972899622
2512,2.636954324276328
2513,0.0
2514,5.9952695896651305
2515,9.223477499268009
2516,1.9030844821052795
2517,1.6060333869449126
2518,1.8908777955273934
2519,0.8278817442993024
2520,1.0511924453402512
2521,0.9594812483995225
2522,1.3217811529804582
2523,2.6036281791261944
2524,1.271892665135985
2525,0.22755522443087783
2526,0.5957878182503035
2527,0.74148140649713
2528,0.6830311304510035
2529,2.966863820229227
2530,0.7985789682753938
2531,0.4638815334069847
2532,2.9761222238290173
2533,2.643994521907692
2534,2.905443454171003
2535,0.9821133214513631
2536,1.1635946116099725
2537,0.5866507806880014
2538,1.6052602487233971
2539,0.0003161141179097715
2540,1.6613460456542708
2541,1.5826836077446054
2542,0.8515929357325558
2543,0.3354963875957422
2544,0.6663286143880341
2545,1.2985895529298541
2546,3.1158217616528785
2547,0.41131160728776317
2548,0.5328966205888362
2549,0.6310420311323045
2550,2.1049843458184063
2551,1.530815621452018
2552,4.552024030109774
2553,7.0529802026518285
2554,4.307892079277663
2555,1.6258418712802878
2556,1.6152303570253859
2557,1.02507814637918
2558,0.7392883715703076
2559,7.726338156956989
2560,3.28904344468268
2561,2.6972352211544375
2562,0.7387001919336068
2563,2.554880134301618
2564,0.5029926636254919
2565,2.5747166961750434
2566,1.1822102426828278
2567,0.8158680237812074
2568,1.0182621440675623
2569,27.744522006524647
2570,4.342036119832905
2571,0.0
2572,4.877833173227108
2573,4.02004068367188
2574,2.2817051999388767
2575,2.4158181108466845
2576,3.8750907898384472
2577,1.4158834961439666
2578,0.10753622882265867
2579,1.627316919927546
2580,0.4039711229681008
2581,3.1507874973774177
2582,2.6558646898316747
2583,0.26612243260581026
2584,1.8546813913073588
2585,0.359119581680839
2586,3.5416797766988717
2587,2.628216957441876
2588,0.8306775627995543
2589,1.1782396302579843
2590,5.426662539597986
2591,2.149746425759333
2592,2.9836573640314556
2593,2.7921273751725133
2594,2.045741131720439
2595,1.6339200314316222
2596,2.5186603455273042
2597,1.4858994663224088
2598,1.6898613704678844
2599,0.8961061230502493
2600,1.0079377420216828
2601,0.6077719570882909
2602,1.099905153526309
2603,2.1224355855751305
2604,5.0451839321384
2605,0.4255747953608562
2606,1.041055088893941
2607,1.5804510445415756
2608,6.964157379330547
2609,0.17198589187045576
2610,10.885537139935305
2611,2.583506764272082
2612,1.547871519057778
2613,1.5153065923336755
2614,2.4151181173007847
2615,1.1540511303329386
2616,0.8859464146938475
2617,3.094513814644877
2618,2.9154539508470245
2619,2.053106569891191
2620,2.7716882287749236
2621,2.2287992756698096
2622,0.5698265688670371
2623,1.0139781423969871
2624,2.131499659973247
2625,0.9338562535925374
2626,0.0864046554218707
2627,29.042106827242804
2628,7.154668733761115
2629,0.017400447734729152
2630,6.595951163344783
2631,2.615181614840397
2632,2.876397076168797
2633,2.038466105498313
2634,2.3127358221098415
2635,1.3145878696876667
2636,0.6105060056043823
2637,1.3843520867482306
2638,0.9178321713527386
2639,2.694135841657327
2640,3.170576555920454
2641,0.8039223370529271
2642,1.2757599451488943
2643,0.17245714727982397
2644,0.9709137764092507
2645,0.6795856570239991
2646,0.38681332791108725
2647,0.9072764245960949
2648,2.262705211687525
2649,1.2611495534092556
2650,1.3472579437331735
2651,1.9491168357767998
2652,0.8039938388652609
2653,0.2089221787549238
2654,0.9083440216537393
2655,0.12627097096913764
2656,1.4949844065768199
2657,0.6732173842657723
2658,0.2966594286753046
2659,0.6142601123690707
2660,1.9622304373281074
2661,0.7578568323877387
2662,5.425248558986917
2663,3.7509220123578775
2664,0.6241355387371756
2665,0.6840089059289743
2666,4.135802582635962
2667,0.33171557811261976
2668,16.73793659267473
2669,3.589910828569815
2670,1.6381982700049802
2671,1.1358418615369177
2672,0.8983211109952889
2673,0.7749416098407635
2674,1.0664761396447884
2675,3.460194377425616
2676,2.720913612097273
2677,2.8654330483966217
2678,1.9326218336233236
2679,0.9486079802062818
2680,2.6701409239505196
2681,0.5886399925938388
2682,0.6305828724354474
2683,0.9725241285425769
2684,1.1177357268696912
2685,17.424984703049656
2686,5.4414377200214
2687,6.300759519024511
2688,3.3348160996012663
2689,1.7881855980730534
2690,2.8280089628822838
2691,2.048327431309987
2692,0.41248713397936765
2693,0.8788675236505299
2694,2.26886525415058
2695,0.6432208307306588
2696,1.1059670463322169
2697,1.1402158900029136
2698,2.7894334436244277
2699,1.6385554990088447
2700,0.6503221463334596
2701,0.4303005895180465
2702,1.6440427221283413
2703,2.326545088315556
2704,1.1509383165499363
2705,2.2194507765087854
2706,2.3722209662238716
2707,2.6101508181247373
2708,2.875084019688231
2709,1.3274278549414134
2710,0.4679245946690346
2711,0.7417618680108071
2712,1.78866583823406
2713,0.32317939533266204
2714,0.7095976805365054
2715,0.4688249875871975
2716,1.0551736206770643
2717,1.3381484476564471
2718,1.1757930263583187
2719,3.5253835067948143
2720,3.3415671470560833
2721,0.9631651290108185
2722,1.97755708268385
2723,0.7973455918328363
2724,3.434685129257622
2725,2.1799480417385917
2726,3.05286500704163
2727,3.4071096497424582
2728,2.6603666370219115
2729,0.47384161049575646
2730,0.5606613470078465
2731,0.21201639295582453
2732,0.33591867723935787
2733,1.3342340031937046
2734,1.559464162631823
2735,1.013428295455029
2736,1.277004053768434
2737,0.7094528075778769
2738,0.6865876780579452
2739,0.3274533076094568
2740,0.4599347563986358
2741,0.10152674613796608
2742,0.32211119402568067
2743,5.274697807016308
2744,1.6174731747446955
2745,0.0
2746,1.8309991762753
2747,1.8720599430278266
2748,1.8558468120777087
2749,1.57195109346213
2750,0.11678184843092776
2751,0.4557284159462214
2752,1.3227403643722777
2753,0.42226318358855375
2754,0.340462281312212
2755,4.70311647540571
2756,0.9131584366487
2757,0.4979796237679863
2758,0.514842805446372
2759,0.18519637896221286
2760,0.023429838135916148
2761,1.2366322621207098
2762,0.3080903513224007
2763,0.14075531696379828
2764,2.0981373158781147
2765,2.0398954670962697
2766,2.6619832298596764
2767,0.7465537995493285
2768,0.5793173003912911
2769,0.47643206155965745
2770,0.7746382572400276
2771,0.12280308765638348
2772,0.6703840170446426
2773,0.45343713636327876
2774,0.6343656907778596
2775,0.710693616253827
2776,0.42441614018059326
2777,2.206044962695946
2778,3.3997727130795306
2779,0.3130244448993298
2780,0.7430721868831506
2781,0.42076022655603806
2782,1.2231708065093636
2783,0.31396540302212195
2784,3.9601503562799296
2785,3.4844614440375046
2786,2.221601969498466
2787,0.5196114555880984
2788,1.9418717252101578
2789,2.241352717046887
2790,1.0887106572477012
2791,5.651930027827673
2792,2.3803441978873274
2793,2.50470797725197
2794,1.0811371898464093
2795,1.0572552924796423
2796,2.6286690133985147
2797,0.2720635483199354
2798,0.7945389351546467
2799,0.25395631410016706
2800,2.2440656178964264
2801,20.916274973995073
2802,3.544806481202244
2803,0.0
2804,4.667980304633636
2805,1.9916313201136167
2806,4.956261044462675
2807,1.2186070685272132
2808,1.3683496832424895
2809,1.258446587266644
2810,1.00280162395963
2811,0.27874308454482666
2812,0.32452939350461363
2813,2.209882723481339
2814,4.003402495078118
2815,0.0861729587621225
2816,0.21070445427123974
2817,0.14352186469667427
2818,2.317654709895727
2819,0.8443569720180011
2820,1.3085118872222146
2821,0.31408600049018087
2822,3.89205503871951
2823,2.480396523019002
2824,1.8690489438039029
2825,2.1949736785481715
2826,1.1894644008825277
2827,0.3302898935619971
2828,0.523644435665886
2829,0.0
2830,0.44170332351231056
2831,0.3513326348420207
2832,0.7445610778452418
2833,1.2419896602979883
2834,0.6382931611992342
2835,0.5510278061641681
2836,2.711384683111752
2837,3.1501702642187586
2838,0.5752904276676262
2839,0.5282665260516096
2840,4.2553767627391785
2841,0.3100997229361424
2842,3.2647012016652885
2843,2.285229619510262
2844,1.2717377001270422
2845,0.8347908237726036
2846,1.4796278729426584
2847,1.12612022860161
2848,1.0024784821055226
2849,4.60451901635363
2850,1.9680109934089498
2851,2.3840169626674292
2852,1.4327338189675136
2853,1.6503359306298246
2854,0.5053794919636893
2855,0.3044657393775214
2856,0.6279858174146061
2857,0.19886551961368082
2858,0.30313074037679155
2859,18.351305743613054
2860,3.001567470639604
2861,3.084511475710178
2862,4.216653075835478
2863,3.391764756056198
2864,2.058352399007145
2865,1.6856825479308828
2866,2.116803182727024
2867,0.7975581310982216
2868,1.0238016125600455
2869,0.8010981541826218
2870,0.3348501760107665
2871,2.5399522690755845
2872,2.5851668655853652
2873,1.2640830990459624
2874,0.1554236434260734
2875,0.23011604399777297
2876,1.0822487961887628
2877,1.4403409540627095
2878,0.616749560242912
2879,1.1620195003598808
2880,6.522435805144252
2881,1.9288381543829267
2882,2.1122453229676728
2883,1.5240291575695577
2884,0.003919718448204712
2885,0.40503296802824595
2886,0.7554534606020172
2887,1.6239518670691244
2888,0.5010598910125122
2889,0.26606324054322883
2890,0.5128103280463632
2891,0.3172608094629876
2892,0.5269281860305457
2893,0.4420124439764931
2894,2.9318729531369954
2895,2.990988419822406
2896,0.8990817654073299
2897,0.6681044581540267
2898,1.074594484958722
2899,1.1018517136804158
2900,8.726156673419089
2901,3.6794133342130833
2902,1.7451017371511282
2903,0.7690751485329471
2904,0.9794186964283648
2905,0.3656091729537383
2906,0.6472516172222218
2907,2.323515274094488
2908,2.3806934516327427
2909,0.9608594048113301
2910,1.9625237465398029
2911,1.4230043923806108
2912,1.8633799633340453
2913,0.7277787213307496
2914,0.6422161308916046
2915,0.32159860626806513
2916,0.4716334327202205
2917,4.53030781350704
2918,3.2494890396799296
2919,0.0
2920,4.267103640617031
2921,1.8360035585945373
2922,2.149788360681643
2923,2.4606324771205905
2924,1.2220633291390552
2925,0.6469115553927124
2926,1.3100162034340193
2927,0.5973095814914102
2928,0.731830810689938
2929,1.0810807512113114
2930,3.169368672472282
2931,1.532694983053947
2932,0.4652935949456879
2933,0.49046853022149983
2934,0.8267362010256432
2935,1.9620692845148953
2936,1.307319809942866
2937,0.7432764666643001
2938,1.8728474938840427
2939,3.1847370989288475
2940,2.238264834858344
2941,1.3197885540353862
2942,0.7607997953804468
2943,0.801725587076239
2944,1.5937533386645528
2945,0.12309318984402196
2946,0.8239084214519702
2947,1.0575864942881499
2948,1.0602520365754877
2949,1.0563471686771861
2950,0.600718063849488
2951,1.9716298192494033
2952,1.663936553180612
2953,0.6763563531685212
2954,1.341243439975275
2955,0.8840209884850869
2956,2.9302586190506013
2957,2.574527942671935
2958,8.12764215728447
2959,2.3471596971276187
2960,1.2554865797953523
2961,0.5680558299454544
2962,0.4019956607890147
2963,0.7102215806094823
2964,1.3369136313239336
2965,2.662895359528589
2966,2.6308922447291865
2967,1.1866778763741745
2968,1.290402543354298
2969,2.5114577380371133
2970,0.4564693640005981
2971,1.0607858197595592
2972,0.6977583169837408
2973,0.6023290044429237
2974,0.2190549586306394
2975,13.357287808353647
2976,4.349228989943057
2977,0.03709581147341168
2978,3.9668076235715217
2979,2.5768770548920763
2980,1.3491545076521079
2981,3.050637808377363
2982,1.2589274325199673
2983,0.7053586178918637
2984,0.24985160911182192
2985,0.9427001589475694
2986,1.0190642099658878
2987,4.154817071022723
2988,0.4422153597886481
2989,0.9500632126195659
2990,1.2021967675637089
2991,0.9792256930963471
2992,0.29534882320316
2993,0.4060909701994514
2994,0.08113659876294266
2995,0.47202108142266286
2996,1.193228874144087
2997,1.7604582649581155
2998,0.7995444533774764
2999,0.3961123764724168
3000,0.7315562538095748
3001,0.7141582501489498
3002,0.7971398322377087
3003,0.0
3004,1.2083982859707028
3005,0.4437859301942403
3006,0.6831404206454336
3007,0.22015113327345004
3008,0.3794957835288233
3009,1.281955935011245
3010,3.2580032882663406
3011,0.3793890146087512
3012,0.8539627583071455
3013,1.0121668479858608
3014,1.1455618878922524
3015,0.5890324420686566
3016,10.770715283061282
3017,3.2172625539341366
3018,2.697584166436033
3019,3.3045846895801416
3020,1.8485390676239128
3021,1.0433737155453844
3022,0.9308352264049753
3023,2.7868016132063196
3024,2.085838432815523
3025,2.4445712038882172
3026,1.6398557058818126
3027,2.3538136760702235
3028,0.6032353009690621
3029,0.831129155617477
3030,1.0214920340706846
3031,1.149658770959785
3032,0.3694775837919231
3033,27.73525575884177
3034,4.908218017887268
3035,7.673818332998863
3036,6.099231538894593
3037,7.467968472894639
3038,2.3639705567456635
3039,1.689221242613475
3040,3.005705272539555
3041,1.8801118557883658
3042,0.7793426205508017
3043,1.7600034636635176
3044,1.2829486820249503
3045,2.3346257644839947
3046,1.40842513414831
3047,1.7312524438817225
3048,1.4629975260875934
3049,1.2508657461863968
3050,1.484603356363327
3051,1.697034082432562
3052,1.696969456383685
3053,0.589182075735384
3054,3.1003294436036724
3055,3.715229089986346
3056,2.539497862662948
3057,1.3255512598902373
3058,1.0914421423857628
3059,1.7234615722306141
3060,2.3236277034306876
3061,0.6107575044643808
3062,1.3752939642649955
3063,1.307929583239666
3064,0.8766545352410601
3065,0.38269123167632324
3066,1.4647190676605595
3067,1.573969530879702
3068,3.2551709786566088
3069,0.601239057191722
3070,1.9288613060804616
3071,1.4578119432532988
3072,3.85823984115268
3073,1.4511088190529973
3074,10.179665036394423
3075,5.31049500079846
3076,3.4950534884501985
3077,1.6168056407461469
3078,1.5591894760331073
3079,1.1199493060504169
3080,1.7018979406304113
3081,1.987069002744582
3082,4.450855934024439
3083,2.1578917336555152
3084,0.9407984500757922
3085,2.313321010128969
3086,0.4359147588923732
3087,2.2585501397887704
3088,1.3331158562401149
3089,0.9418688660198058
3090,0.2899279511739927
3091,18.40329911716537
3092,3.0426147965746364
3093,0.02184014830348735
3094,6.967363855168092
3095,9.571700292361616
3096,2.4610024906869636
3097,2.6314528631403133
3098,2.335300880348169
3099,0.7740847339967021
3100,1.3841398526935622
3101,1.2882549971500517
3102,1.8140014807626865
3103,3.3428469264270326
3104,1.8000389820975018
3105,1.1105225014979192
3106,0.541493921484628
3107,0.9460402486598825
3108,0.8824767868563008
3109,2.741808369507326
3110,1.369967059490735
3111,0.5590423797541492
3112,4.071015623055716
3113,2.917760350248667
3114,3.382889875954819
3115,1.718021070970072
3116,1.6496025300666544
3117,0.6958642770530293
3118,2.05478628158004
3119,0.11219633883187075
3120,2.3218254719638365
3121,2.2194711322937533
3122,0.9511064189904053
3123,0.43709538370947976
3124,1.0947165281182565
3125,1.3262766955101688
3126,3.117334377822361
3127,0.6368658435849562
3128,0.7568081414956995
3129,0.7044606426202156
3130,2.737434562177189
3131,2.7355145179173634
3132,5.561305061695015
3133,6.582196868370571
3134,6.476562720689199
3135,1.9374599062595763
3136,1.5812531797358789
3137,1.2773086199161852
3138,1.0942374884875075
3139,10.384075131975454
3140,3.8865871728702546
3141,2.9988197529031706
3142,0.856045298326978
3143,3.258353102491201
3144,0.6985649532055597
3145,2.748605780480281
3146,1.3511322840705147
3147,1.6592792458937295
3148,1.1213846506056229
3149,30.101890766178308
3150,4.520980134687488
3151,0.0
3152,5.032930435382099
3153,5.93284725536224
3154,2.374366118192154
3155,2.610688978345057
3156,4.910838815369148
3157,1.4601080804215076
3158,0.2951797676619785
3159,1.8146388461259502
3160,0.6789229384658746
3161,3.282161170348408
3162,2.6495024056147223
3163,0.2208534525113066
3164,1.970980813002325
3165,0.7991216063467632
3166,3.665831181181657
3167,2.635691681749498
3168,0.9021993396076817
3169,1.4925018689375311
3170,6.601441626361799
3171,2.742856794600432
3172,4.195810640826554
3173,3.238367094975172
3174,2.3839508958019335
3175,2.0080185733911033
3176,2.9341206746040362
3177,1.9318104653597046
3178,1.9073264432862673
3179,1.4235216452943542
3180,1.3395918904755697
3181,0.8074462522046604
3182,1.029642616778209
3183,2.17151716894995
3184,4.7007431609995916
3185,0.5206549863977054
3186,1.5200250468305538
3187,1.7319183305389525
3188,4.172076260984069
3189,0.27620507809975003
3190,12.025524436650638
3191,3.030799419549231
3192,1.5401826542123536
3193,1.2257063635236733
3194,2.6157814301554434
3195,1.493962393547878
3196,0.8641458876919624
3197,4.498804237550569
3198,3.3807381937097976
3199,2.4268568421902095
3200,3.1049637952850153
3201,2.5820721292566637
3202,0.8899610573739132
3203,1.3010302239635707
3204,2.530730442807462
3205,1.2307702257189888
3206,0.21501856084746196
3207,27.883936750383427
3208,7.838114458634587
3209,0.11132622786564772
3210,8.024174984291273
3211,3.5310653939165713
3212,3.3126124423080956
3213,2.3130639485029905
3214,2.6444802795576927
3215,1.7926414532808903
3216,0.8747109756792025
3217,1.87717996975648
3218,0.7571472530898035
3219,2.6665033528365236
3220,3.346419787197507
3221,0.7944098766697569
3222,1.2791555412668107
3223,0.12289507434915503
3224,1.2510939925624882
3225,0.8314430996383297
3226,0.2973119228029113
3227,0.9092897974946326
3228,2.911135836555521
3229,1.491385337190797
3230,1.6570571223455761
3231,2.623163747508289
3232,0.932238574103532
3233,0.22305401210023046
3234,1.1497144742966974
3235,0.1965375584889446
3236,1.9992969578495752
3237,0.9288060363069783
3238,0.3939390768891875
3239,0.7044287020939639
3240,2.2598833905013187
3241,1.163375188062044
3242,5.379568703789249
3243,5.066433597970823
3244,0.648481734298546
3245,0.7158523013272312
3246,7.664403145196251
3247,0.4541174282660947
3248,17.360232967614873
3249,4.001710836012093
3250,1.3013346880678383
3251,1.2417610658396128
3252,0.8327348377231415
3253,0.6630778445418879
3254,0.8991156713013074
3255,3.550233308506084
3256,2.627115707378998
3257,2.8140624592419
3258,2.5331983553658626
3259,1.2152647520941546
3260,3.128843145339073
3261,0.6280827455510686
3262,0.7763900680145942
3263,1.2961635460595857
3264,1.2782083583832669
3265,17.924093612153975
3266,5.421659404836755
3267,6.7253186488063115
3268,3.4938143167955436
3269,2.001979799234148
3270,3.5170511449755417
3271,2.861856930969636
3272,0.5445482484708319
3273,0.9240931469750686
3274,2.44567496274993
3275,0.6998957259432126
3276,1.3597665553263645
3277,1.4260821499477292
3278,3.171870721880424
3279,1.7004902532214308
3280,0.9294123097952645
3281,0.6596346693652813
3282,1.6169676897704082
3283,2.2012374721593364
3284,1.7360526773252405
3285,2.0573898201404495
3286,2.5170278156967676
3287,2.983214888117203
3288,2.936305563493093
3289,1.5380768551835382
3290,0.5095246662615329
3291,0.8940319384277038
3292,1.8368327617660565
3293,0.5190377593142748
3294,0.8173133446300981
3295,0.5084000776731716
3296,0.9883750199646795
3297,1.25081275405785
3298,2.0201836090796883
3299,3.581124806208497
3300,2.646070193613813
3301,1.1008431659087605
3302,2.305691885157004
3303,0.9499687824765157
3304,3.6938510448293127
3305,2.547628875697739
3306,3.2663856899731574
3307,2.779162005238858
3308,2.703272430976156
3309,0.4355372747164281
3310,0.7058909855006951
3311,0.32564906050769293
3312,0.4429740739995067
3313,1.325368495623738
3314,1.6350549764358517
3315,1.1411233816635118
3316,1.3666311967890528
3317,0.742339819842472
3318,0.8584910099220775
3319,0.53133340325411
3320,0.5680835210502443
3321,0.29941023845097403
3322,0.6681617206867404
3323,5.418300966862669
3324,1.5359234583662555
3325,0.0
3326,1.8719076272686406
3327,1.6178080619079873
3328,1.7971126907628932
3329,1.9370215387047236
3330,0.22940400623128587
3331,0.5481384670340829
3332,1.46956924359766
3333,0.47545908548321836
3334,0.4156546185004736
3335,4.160829266138173
3336,1.1615066160406429
3337,1.201152815423569
3338,0.5758597191163876
3339,0.19010117640601987
3340,0.30980203629964076
3341,1.3200070844432954
3342,0.7250968882158553
3343,0.22717982846282836
3344,2.5630385166104737
3345,1.963323469433211
3346,2.87670897612222
3347,0.792407600535783
3348,0.6076472834862896
3349,0.6518422139768663
3350,0.8376422177001299
3351,0.2110446999475568
3352,0.850972118773759
3353,0.53566440444398
3354,0.7503960552043989
3355,0.7628269024914428
3356,0.5053293723545255
3357,2.0002794276439024
3358,2.9766277125623626
3359,0.4166485963187402
3360,1.1023963980877463
3361,0.6523479871028327
3362,1.2845573990772172
3363,0.48342778611727155
3364,4.067847646405055
3365,4.093722377750421
3366,2.5128479050194747
3367,0.721743734058413
3368,2.4345126362529284
3369,2.054181752723827
3370,1.295879455793786
3371,6.747549727171424
3372,3.158669842670801
3373,2.4997218305943516
3374,1.6479324701229765
3375,1.297562532314131
3376,3.0380111199332567
3377,0.42271783886504644
3378,1.502268896053078
3379,0.4560508384463037
3380,2.364828961694899
3381,26.030556962770834
3382,3.5495895320613102
3383,0.3518495242462365
3384,5.646609031854543
3385,2.127228735293584
3386,5.616497885160627
3387,1.3286733733753586
3388,1.499394245602131
3389,1.3335740777534724
3390,1.1797363217125427
3391,0.3197188728749927
3392,0.42179467924034186
3393,1.9423250380911885
3394,4.074208679577602
3395,0.4602979432787154
3396,0.3612467448364016
3397,0.218850172644379
3398,1.9555609255959108
3399,0.8846979774694192
3400,1.242022288263898
3401,0.37223982853518667
3402,4.075646354766441
3403,2.286552619451612
3404,2.06428828881297
3405,2.765148632829407
3406,1.4574086190373305
3407,0.441157398350569
3408,0.8312597048216556
3409,0.037264228164465285
3410,0.7112763911811664
3411,0.5290730506855617
3412,0.8856729521977891
3413,1.2946396632543655
3414,0.7177418471517871
3415,0.9295764020773889
3416,3.6465002120462806
3417,3.2018201499956453
3418,0.6550751403994568
3419,0.6095313449217231
3420,4.5606969827511765
3421,0.34562538458007874
3422,4.2668885491938235
3423,2.791082100478277
3424,1.5461226834691333
3425,0.8733782043959069
3426,1.4469131986793675
3427,1.4249199143838631
3428,1.0196444982936224
3429,5.695751607178532
3430,2.1024725052663014
3431,2.1557051219199863
3432,1.7428966636533267
3433,1.8900089730831102
3434,0.6862367130997921
3435,0.49883156114084615
3436,0.8384199316811779
3437,0.4223243371119122
3438,0.7485103301992765
3439,20.541227541396136
3440,4.332527503523338
3441,6.265057352408571
3442,5.460862335041366
3443,3.8133498541523303
3444,2.2597680638549416
3445,2.2909085134393186
3446,2.6501066066522805
3447,1.1796645764154186
3448,1.274392297486758
3449,0.80030237806848
3450,0.45225126531644133
3451,3.305234420986422
3452,2.553998037038876
3453,1.0089270369001748
3454,0.20790090416555196
3455,0.24903243157969968
3456,1.399959364500372
3457,1.500541543760718
3458,0.9650257667753256
3459,1.3299945306905503
3460,7.400937818588163
3461,2.3257441191964645
3462,2.250847485798051
3463,1.90272019761687
3464,0.19082821606440392
3465,0.5602353142579027
3466,0.9392867453712029
3467,2.2939395674078322
3468,0.5905159296701225
3469,0.393356210739762
3470,0.7392957206749319
3471,0.43402670547255506
3472,0.6129743828789331
3473,0.6912405674466529
3474,3.177334156064312
3475,3.539397858698291
3476,1.0085740146509552
3477,0.580712502443742
3478,1.668296703606835
3479,0.8923450338672977
3480,8.465651116434806
3481,3.0894765917763305
3482,1.8174378471447759
3483,0.6364853658518282
3484,1.073187016398831
3485,0.34616601879047204
3486,0.6532534748658164
3487,3.4375957605780014
3488,2.4650228842463964
3489,1.105196073015903
3490,2.3394882062867866
3491,1.8147558339916534
3492,2.199061726388301
3493,0.8860485748688411
3494,0.6773331017421002
3495,0.36797181221713937
3496,0.46603149485613027
3497,3.8990033214423234
3498,3.246995539330434
3499,0.0
3500,3.546876347935259
3501,1.899848300063966
3502,2.322063382394998
3503,2.636503483957928
3504,1.0793341007387771
3505,0.9114277457299137
3506,1.3320897466009423
3507,0.6871814514177426
3508,0.9504625624738251
3509,1.0828855726467053
3510,2.690454517281287
3511,1.8885049245640446
3512,0.5362145774506781
3513,0.28712897273754834
3514,0.9967996519785637
3515,2.1570476442740953
3516,1.2451469868759508
3517,0.6173816175736907
3518,1.754596293080035
3519,3.2824094588287966
3520,2.3174727704930405
3521,1.3035057348352503
3522,0.68053204727399
3523,0.9514745191037375
3524,1.8936100624214847
3525,0.19427805450840774
3526,0.7784393055066205
3527,0.9142259066067304
3528,0.7881988887928308
3529,1.1596309178934499
3530,0.6476750223920803
3531,1.5698574197338184
3532,1.9392594360671565
3533,0.828621805637187
3534,1.431954901124596
3535,0.7427540718756919
3536,2.601379365103825
3537,2.152509183873371
3538,7.194655008351796
3539,2.3403291661411965
3540,1.1624424721517952
3541,0.5165459601948099
3542,0.4532385970782721
3543,0.7621930064130514
3544,1.5850912599592375
3545,3.2611792775383868
3546,2.6156382658540505
3547,1.1334190723406359
3548,1.4630317179566785
3549,2.527929996075328
3550,0.43050590772051167
3551,0.9092332247027229
3552,0.9643530048902982
3553,0.7953586398283033
3554,0.2363702232300211
3555,10.388914231332182
3556,3.877253087958091
3557,0.0957462915062981
3558,2.750442341623155
3559,2.779833737387476
3560,1.7228459752329683
3561,3.2020058228314645
3562,1.279721984360106
3563,0.7164182702210687
3564,0.26728801300776794
3565,1.0552947439691922
3566,1.1870801178419228
3567,3.6585758098048364
3568,0.4215943923771599
3569,1.741697455716198
3570,1.124410881257894
3571,1.2091465199211195
3572,0.3360398655151984
3573,0.42960901885506186
3574,0.15232192257348687
3575,0.5194149910736453
3576,1.2116972919717859
3577,1.7983504243173067
3578,0.8421155556516825
3579,0.5324818805165915
3580,0.5819443998270356
3581,0.8377327918244657
3582,0.7983279783327444
3583,0.0
3584,1.0831339603590826
3585,0.4888023672860443
3586,0.6120926753367696
3587,0.25224516443457046
3588,0.39388242909201
3589,1.422188042926251
3590,3.0583629499664164
3591,0.41790990276049267
3592,0.7514060316346123
3593,1.2115170048154529
3594,1.1406505407276715
3595,0.5655121890752551
3596,9.361916902790313
3597,2.915006803744848
3598,2.4704589270646755
3599,2.8079516620740455
3600,1.6649515645483621
3601,0.708603286706046
3602,1.0027536879626435
3603,3.1002093772386496
3604,2.347233256092574
3605,2.2305504697036636
3606,1.5646901390155412
3607,2.5358107640909244
3608,0.5735094626145014
3609,0.8343324288960215
3610,1.1692256710636255
3611,1.2597740091271452
3612,0.4322910910614123
3613,26.90766699195469
3614,4.152313499307542
3615,8.390164001669213
3616,4.76978466004554
3617,12.933159404202648
3618,2.32275446086578
3619,1.6041276869658858
3620,2.7395580673168984
3621,1.832606071292952
3622,0.7750579646367246
3623,1.7348810179859868
3624,1.5279253813084637
3625,2.2004671710797563
3626,1.226067497472668
3627,1.9440582262794388
3628,1.2247205728927477
3629,1.0879598764662413
3630,1.0294144704654815
3631,1.656489095963352
3632,1.0449824074575929
3633,0.4650574767354949
3634,2.8093260060978817
3635,3.8157044710234818
3636,2.452818750895149
3637,1.411732896789375
3638,0.957672778848546
3639,1.6520394712756046
3640,2.372665723318269
3641,0.7767270359928039
3642,1.4735309507447256
3643,1.167337085673826
3644,0.8063116734307058
3645,0.4571280093381853
3646,2.0373799562787602
3647,1.3111356251101096
3648,4.099067008047441
3649,0.6534468688916791
3650,1.9740273563667876
3651,1.5157230588892432
3652,3.960709220377724
3653,1.2422831336887086
3654,9.084899262614021
3655,4.086403163679694
3656,3.1482817808698256
3657,1.5698852523167561
3658,1.2163666342645878
3659,0.9423228605698271
3660,1.0694810052545796
3661,2.4279406104597934
3662,3.9970766087818173
3663,2.172145872727186
3664,1.627146784756792
3665,2.7594467399509512
3666,0.4748644956154342
3667,2.5826285472858626
3668,1.2939097251328726
3669,1.6124377040874582
3670,0.312708356719841
3671,15.723593517885
3672,2.8610536960023083
3673,0.0
3674,5.513716973936991
3675,10.418548967035887
3676,2.018194673027706
3677,2.256815222278386
3678,2.094709023622038
3679,0.8867068778673157
3680,1.1413808808290686
3681,1.1404631369224378
3682,1.2825960996283081
3683,3.002365902220492
3684,1.6979682489715855
3685,0.822695738936705
3686,0.6886901232767778
3687,0.6199429898330889
3688,0.6517364963693452
3689,2.762286169444756
3690,1.3846061724675143
3691,0.6313634521817144
3692,3.110498258227173
3693,2.770974023546636
3694,3.2147797851091777
3695,1.4248331412075104
3696,1.332555892505662
3697,0.6507514381740511
3698,1.8436446788622718
3699,0.4081416031561548
3700,2.0396950906871236
3701,2.0144178568452262
3702,0.7752713374353524
3703,0.520908307388987
3704,1.028466790226736
3705,1.6423150657922783
3706,3.6556535446845775
3707,0.5133261900369326
3708,0.9047820586912714
3709,0.6572225876078256
3710,3.3012191101516564
3711,1.6110280109048922
3712,5.02788791107315
3713,5.098115140151203
3714,5.218344569460697
3715,1.9580910449647284
3716,1.6183694641122517
3717,0.8834398135479806
3718,0.9741919497951982
3719,12.945331823215861
3720,3.9116719866356977
3721,3.077056364558924
3722,0.9453636235935305
3723,3.0450223683829356
3724,0.7348730015850332
3725,2.918785949660471
3726,1.528804474521648
3727,1.9182271690644388
3728,1.196668379834085
3729,29.81662012731668
3730,4.881826280550484
3731,0.0
3732,4.499217171985091
3733,6.309615918511236
3734,2.299742539714251
3735,3.192319385647676
3736,4.577204903285761
3737,1.7425564195202976
3738,0.263446844645413
3739,1.7108016252113392
3740,0.971806924949637
3741,2.820209649621437
3742,2.4650897745541362
3743,0.5047641605877694
3744,1.8870620705985048
3745,0.782354896065007
3746,3.907146303809394
3747,2.704257779016692
3748,0.7857094567444903
3749,1.113680724171004
3750,6.8495008062032765
3751,2.346394663011954
3752,3.671647794046999
3753,4.054534420699211
3754,2.3069505566781183
3755,2.2943574558195525
3756,3.2191944725646673
3757,2.019624799781589
3758,1.8944221885784822
3759,1.4214080166990737
3760,1.2279942740157603
3761,0.6221241398170407
3762,1.3821492622503164
3763,2.240994789945644
3764,5.830466173879391
3765,0.6817315655098153
3766,1.5071637352746377
3767,1.6665919841763595
3768,4.158378287560904
3769,0.34039142555615887
3770,9.848953262467864
3771,2.043942912978994
3772,1.364254569035323
3773,1.2099606753706442
3774,1.919762163415878
3775,1.0323534755242807
3776,0.9657328573387005
3777,4.864249079338446
3778,3.6954808569163364
3779,2.567268577166996
3780,3.0024238678580204
3781,3.4701888675203696
3782,0.7976198607244787
3783,0.9596183803103226
3784,2.3254627166596897
3785,1.2588722366872522
3786,0.20401185867805283
3787,20.65265125444721
3788,6.8421695819265445
3789,2.4200588746176734
3790,5.255232266639339
3791,2.8215736580888784
3792,2.4280266679883264
3793,2.764622134263629
3794,2.5948315945703997
3795,1.7040803477145734
3796,0.9040257806427584
3797,1.8173870199054472
3798,0.890910697744755
3799,1.7863640457807568
3800,2.700420279312679
3801,0.6439894041843749
3802,0.8932521096255592
3803,0.06695671146722582
3804,1.0757360578879764
3805,0.5744638090201512
3806,0.3483191800365595
3807,0.9574152236305511
3808,2.1547463400914206
3809,1.533199006655773
3810,1.457459816974982
3811,2.502841761037222
3812,0.6290591487733066
3813,0.26468682210539063
3814,0.9887364119340285
3815,0.2231050501189078
3816,1.6714371659642258
3817,0.6648657106249127
3818,0.34498058331773085
3819,0.5967615536885815
3820,3.022615477585666
3821,1.1449222416539306
3822,5.655865999701186
3823,5.026492841953268
3824,0.7351704847253462
3825,0.7788367089911024
3826,4.715606423242107
3827,0.46672122184469733
3828,15.712301916655367
3829,3.6047484651768387
3830,1.4666714780079886
3831,1.3066168322665925
3832,1.0491295264993243
3833,0.6077968397233765
3834,0.830266252490149
3835,4.879720422168479
3836,2.9408158573345906
3837,3.4094087561380593
3838,2.772867785605075
3839,1.4661846791422604
3840,3.449010447679629
3841,0.7210816408964252
3842,1.0068258748412566
3843,1.2978995013703405
3844,1.0358710919117124
3845,18.434967792219133
3846,5.665907596159281
3847,8.400123942724065
3848,2.9527789131419473
3849,2.2836335920822464
3850,3.2096807416024005
3851,2.919532710003588
3852,0.7795710338540129
3853,0.9642139648764183
3854,2.433722073218634
3855,0.7925321997613946
3856,1.4882102881541939
3857,1.5539934438744283
3858,3.554088089128425
3859,1.812777432599602
3860,0.750005233493497
3861,0.8197467823911674
3862,1.6989368138424372
3863,2.1551548125338016
3864,1.4068239556399822
3865,2.4584070521296626
3866,2.8286860769731756
3867,2.8910867373992426
3868,3.2668422245342152
3869,1.4461161062968126
3870,0.5547275389425473
3871,1.0344633005849544
3872,2.1394996364082153
3873,0.5433029580599238
3874,0.9753519465501475
3875,0.428351665560895
3876,0.9056200013586071
3877,1.2474652724532735
3878,1.5205145724325617
3879,3.2102377966218585
3880,2.9893003919265944
3881,1.2033299938024535
3882,2.6553082070567715
3883,0.9639785449394216
3884,3.704923288861788
3885,2.706126449310108
3886,2.729278337714829
3887,1.9458439280122093
3888,2.571390719374436
3889,0.4082720001551666
3890,0.6717636404412931
3891,0.2465599759081809
3892,0.5004608302674152
3893,2.0854594917572578
3894,1.94671237160118
3895,1.294883980446172
3896,1.2350682225793657
3897,0.8895816434504602
3898,0.8052858488167918
3899,0.653939386985469
3900,0.6512611240702015
3901,0.26857215897665054
3902,0.4497993821710041
3903,5.045570383307661
3904,1.6888824820732675
3905,0.0
3906,1.8049068789575142
3907,1.836556851691344
3908,1.5698166349636875
3909,2.070111990686303
3910,0.2464061331402625
3911,0.5476858891765303
3912,1.5159640087547888
3913,0.5740806231359455
3914,0.4920010909282474
3915,4.981212516028349
3916,1.1889708541254145
3917,1.6186294341632463
3918,0.6703713090372575
3919,0.27603533412779857
3920,0.3739237672677832
3921,1.1694021278271416
3922,0.8880191466147744
3923,0.2270814311153284
3924,2.636087005137046
3925,2.2300822815407617
3926,2.956058080873756
3927,0.9693304275991644
3928,0.8264768610258435
3929,0.6364841577684168
3930,1.1157571223092826
3931,0.28234495822743466
3932,0.7975538134956148
3933,0.503231896348385
3934,0.6109476165274669
3935,0.7586359311424086
3936,0.5397076459527038
3937,2.4225513375041627
3938,3.4832501062277967
3939,0.5569043784812469
3940,1.176474376454478
3941,0.6056359514693527
3942,1.3653143872214273
3943,0.5175381307738651
3944,3.953689623102643
3945,3.72318661932912
3946,2.569770117047403
3947,0.670415630394941
3948,2.2554564484357504
3949,2.0156965981544066
3950,1.2168171369485494
3951,7.107965870465486
3952,2.8624402093142782
3953,2.2891669765909723
3954,1.7351688943415422
3955,1.5123503569165657
3956,3.120198656083377
3957,0.44285597485174544
3958,1.340003233440738
3959,0.606004050207939
3960,3.430646361496929
3961,23.838564930517162
3962,3.85422455059844
3963,3.4220791286080474
3964,4.476350856978674
3965,1.7419208964695772
3966,4.956923771523556
3967,1.3547545125636244
3968,1.307755588411676
3969,1.4540730121704684
3970,1.2451098300634655
3971,0.39436934257398726
3972,0.4463413566691249
3973,1.9896517660655277
3974,4.09328242420459
3975,0.252154818424672
3976,0.3507758945280286
3977,0.2521867429228959
3978,1.9640681011075447
3979,0.7283593228798894
3980,1.249091723123038
3981,0.37345126720914523
3982,3.71232085754359
3983,2.4896449512955012
3984,1.7835668488160796
3985,2.701818259707442
3986,1.3064633489584692
3987,0.46224768566872854
3988,0.9689977815153412
3989,0.008376994626415168
3990,0.6374683944420501
3991,0.5410775036995845
3992,0.8384690743767331
3993,1.4289747586005677
3994,0.712077774213509
3995,0.7363910505942411
3996,3.8512962361724052
3997,2.8505426489199284
3998,0.6310600173367603
3999,0.644333291613978
4000,4.456766945606308
4001,0.4441168627523274
4002,2.912473332106077
4003,2.2867606761145103
4004,1.1747535118680799
4005,1.0793458291168843
4006,1.1960805489257174
4007,1.1809658480642133
4008,0.836011242824322
4009,6.794126058562646
4010,1.6862209044160184
4011,2.2820572050263843
4012,1.764261479907009
4013,2.1956909640126896
4014,0.6670314855805934
4015,0.4541021911801516
4016,0.7581155156458698
4017,0.41880331783441904
4018,0.6106996061977946
4019,16.35482854907913
4020,5.011130766194409
4021,8.000477867063916
4022,4.1189206080561735
4023,4.246786636506136
4024,2.05705096853372
4025,2.7160808149489073
4026,2.8585576001708892
4027,1.0963314846986907
4028,1.3162210036387587
4029,0.9866924740570173
4030,0.4459810501602818
4031,2.410259331272597
4032,2.584733352403031
4033,0.9552500342555367
4034,0.2735961475496409
4035,0.1524733586393845
4036,1.0496718542090278
4037,1.4539483853928457
4038,0.6390527015879502
4039,1.3718976036677306
4040,7.191880728403313
4041,2.2661874441322283
4042,2.168733697850935
4043,1.9828429264182685
4044,0.17309909674311164
4045,0.588518980544063
4046,1.0597818921482038
4047,2.537462853951232
4048,0.6441946671062889
4049,0.39806620986994934
4050,0.7344348430431694
4051,0.4352197877069105
4052,0.5781789431256597
4053,0.7554085277016791
4054,2.788327410606918
4055,3.541495602487195
4056,1.1321820731154282
4057,0.6496927743255582
4058,1.3403332611940353
4059,0.9117421537645405
4060,6.8029604924090625
4061,2.8448786897963543
4062,1.263142258820974
4063,0.5707118100393486
4064,0.7551104848689798
4065,0.2551360779512266
4066,0.5810813971940141
4067,2.264764793293013
4068,2.029724085340577
4069,1.1678413803757435
4070,1.7605242054466903
4071,1.2737803386063424
4072,1.374750030569235
4073,0.5925208756777854
4074,0.637554787384333
4075,0.25610716143977696
4076,0.2350425619872092
4077,2.924931425175246
4078,3.082906762831194
4079,0.0006728831564499771
4080,2.1662000959441117
4081,1.5648781135811907
4082,1.797446480883711
4083,2.001427143362216
4084,1.072839525442014
4085,0.5299837478300415
4086,1.0584265062570455
4087,0.6589129683598772
4088,0.9488530099659869
4089,0.9097339995568292
4090,1.785249249224985
4091,1.9257386193922053
4092,0.41886450972885836
4093,0.34272000738150354
4094,0.8252756618111641
4095,1.5685931419117796
4096,1.187094241394742
4097,0.5923196929806126
4098,1.2674941144956944
4099,2.5798204564578286
4100,1.6867732009995617
4101,0.8972570178869019
4102,0.4281092226209311
4103,0.6776647984268039
4104,1.1262390124575443
4105,0.023115666469100127
4106,0.691167885108645
4107,0.6433975960972791
4108,0.7109279017903606
4109,0.9314888254324596
4110,0.5290526155073503
4111,1.6315817801566188
4112,1.7977623612084153
4113,0.5754435530489093
4114,1.0083858459244917
4115,0.6572441885764393
4116,2.8005386621344517
4117,1.8868284402091808
4118,5.660906597036688
4119,1.8087103389469519
4120,1.0108045771461676
4121,0.5299402615361232
4122,0.4207600203180025
4123,0.5164620274909125
4124,1.5398190712539044
4125,2.4454846712339253
4126,2.4909603597111234
4127,1.0387543940651387
4128,0.9589767433538608
4129,2.1929284081058737
4130,0.36511959010175143
4131,0.7724448242558818
4132,0.5417200121564297
4133,0.6351481166711851
4134,0.19154865934710674
4135,8.978702903320212
4136,3.024114447389616
4137,1.4990537941490885
4138,1.9498433327971505
4139,1.9554339263755411
4140,1.3428225448951845
4141,2.803886452061038
4142,1.01363626519478
4143,0.5826879408880428
4144,0.21987688055803378
4145,0.7168488435514481
4146,1.2799433248621275
4147,3.7823379793574134
4148,0.24560215599734692
4149,1.2288083285575502
4150,1.0779282740943121
4151,1.185803896703541
4152,0.20650713435235435
4153,0.36170881061219284
4154,0.1340843928211637
4155,0.41181318013012536
4156,0.8198828948744685
4157,1.570870725229906
4158,0.510418380429212
4159,0.4472960700681793
4160,0.35075592567358393
4161,0.7327960529891506
4162,0.5288366689545113
4163,0.0
4164,1.0279022062312086
4165,0.3838301101949332
4166,0.6025879241354385
4167,0.1739717232388851
4168,0.37650252853415833
4169,1.2928274446701298
4170,2.671825419135783
4171,0.3571816184821215
4172,0.6213745170490619
4173,1.0559237823336114
4174,1.1195329111479164
4175,0.48812609185757094
4176,8.194534335831088
4177,2.5444540191399323
4178,1.9986549588146119
4179,2.296539514365835
4180,1.1890625876014547
4181,0.6924806033488853
4182,0.7835888782568589
4183,2.515212485702947
4184,1.7308274980196352
4185,1.8065752142111724
4186,1.384506864373953
4187,1.9432855733801198
4188,0.3498234447835087
4189,0.5651049474944356
4190,0.7495918635925948
4191,0.9866490539899986
4192,0.3525475323322864
4193,22.702872752596168
4194,3.5557423353753523
4195,6.257514691338682
4196,3.101864884364678
4197,4.651737808842645
4198,2.009131377746937
4199,1.3715023342526351
4200,2.1382510916908286
4201,1.339227751879289
4202,0.6171027554906637
4203,1.3072614162651464
4204,1.1150591088502888
4205,1.9539711182813326
4206,0.8383249326305524
4207,0.895058372691969
4208,1.026647798986115
4209,0.5116083796197817
4210,0.7317088703048412
4211,1.0308518211740463
4212,1.013669442662736
4213,0.37507494276176834
4214,1.7426549309982062
4215,3.0437350409495743
4216,1.8677800073998942
4217,1.1090009011668118
4218,0.7587394468104847
4219,1.3620595182712558
4220,1.7001770932184819
4221,0.29937286197887736
4222,1.0339134277194069
4223,0.6107594499423488
4224,0.5839409534161903
4225,0.4757885677014091
4226,1.718653625491028
4227,1.2461144870233922
4228,3.1570976998154956
4229,0.5851240916568382
4230,1.9029933891015052
4231,1.5889627077521145
4232,3.9845549126733144
4233,0.8907926387640197
4234,7.632657787901282
4235,3.378064914391854
4236,2.431328615722541
4237,1.2164074056061571
4238,1.2234111620834254
4239,0.6673721369521493
4240,1.186028764900987
4241,1.718164287458292
4242,3.0602929392945803
4243,1.728052843272219
4244,0.8897498492898883
4245,2.219475911921545
4246,0.38609632160240626
4247,2.9537436419558456
4248,1.0386354798453965
4249,1.0267463670926051
4250,0.24585908268666423
4251,11.771525305048979
4252,2.2079293881216726
4253,0.06738486411064804
4254,3.831707319892729
4255,6.830222727286139
4256,1.6712858601723837
4257,1.7882874355769554
4258,1.5397332268137838
4259,0.5144034679072926
4260,0.8197160794265651
4261,0.9428786858080908
4262,0.9789021477177011
4263,1.5573000767515925
4264,0.9445558894880905
4265,1.1448504244760764
4266,0.710362556023819
4267,0.4359192744700847
4268,0.7194212202074989
4269,1.8995882717378105
4270,1.0695160633286063
4271,0.4763504468123281
4272,2.2605996536745927
4273,1.6557816676450832
4274,2.021831086012865
4275,0.8568327909670476
4276,0.8721691160050917
4277,0.5235915951422011
4278,1.3121098727410256
4279,0.13530502658964205
4280,1.5585760971642155
4281,1.2045899640943443
4282,0.6719093726496241
4283,0.3718090496810904
4284,0.7831648231631873
4285,1.6838300231049153
4286,3.359672672367136
4287,0.4010964701175723
4288,0.6077569738823778
4289,0.6049452813811028
4290,2.861533671922671
4291,1.366444639166411
4292,4.508625514167738
4293,3.5988379706187685
4294,3.7309482706978967
4295,1.66576327936847
4296,1.2833450638386044
4297,0.7638070972331081
4298,1.1087099524016306
4299,9.127174416930327
4300,3.7244085571197885
4301,3.0326230853171836
4302,0.9949074830894611
4303,2.8862373704549915
4304,0.6423651238789928
4305,3.4814208784332292
4306,1.4150960161978643
4307,1.5399479727823184
4308,0.9272564411165996
4309,26.872014403457534
4310,3.9283566766002975
4311,0.0
4312,3.1625901139648103
4313,4.928430640174616
4314,2.26576726063552
4315,2.9231948522867874
4316,4.6018093493087315
4317,1.458935116868847
4318,0.2320337462690656
4319,1.553815096006382
4320,0.7434892473335327
4321,2.774427086269339
4322,2.3972445539315217
4323,0.31886775938257195
4324,1.777705899472466
4325,0.7349732106772583
4326,3.6689292183362308
4327,2.5432029246027485
4328,0.6491559986234702
4329,1.3590508627195
4330,5.125327075283771
4331,2.508626405825611
4332,3.3124189500332823
4333,3.3894200966785926
4334,1.8645261571556753
4335,2.058404212325306
4336,2.366852621259639
4337,1.3753599223727537
4338,1.5250799680392468
4339,0.7732920330631643
4340,0.9102660392310296
4341,0.751444990385632
4342,1.0202756840510547
4343,2.514269117115508
4344,5.474078478242434
4345,0.733344723037193
4346,1.2575014277896661
4347,2.315439347668855
4348,4.329232620348806
4349,0.37307707051610084
4350,7.425164020967859
4351,1.9730940839305426
4352,1.1660549808990892
4353,1.0028058123358372
4354,1.774672339254371
4355,1.0529394114707935
4356,0.8081933885291339
4357,2.779179877991189
4358,2.8378553520473355
4359,2.220000618274886
4360,2.652685111676694
4361,2.582462435011707
4362,0.4146790862333225
4363,0.7488125852497409
4364,1.6987959505613026
4365,0.9038203849935365
4366,0.08869195172917643
4367,21.23361662006018
4368,4.723425255270854
4369,2.5898321075147432
4370,3.3231657946811275
4371,1.8208982784131056
4372,2.4564276261878177
4373,1.8165103242515555
4374,2.318678859908171
4375,1.0727326323150148
4376,0.6606232612877505
4377,1.1462115407295952
4378,0.6843211118272579
4379,1.379125889577535
4380,1.6769257688782768
4381,0.3479814051430674
4382,0.8282834672846433
4383,0.02266599609627229
4384,0.7679777128626775
4385,0.5563979317017234
4386,0.2670798763146087
4387,0.6925234721492192
4388,1.508664025011793
4389,0.9571667938480406
4390,1.214494402285389
4391,1.6325159956697395
4392,0.27343343727969494
4393,0.27145339820102654
4394,0.4891030313343193
4395,0.007991765949977525
4396,1.283189324738753
4397,0.6914604672866859
4398,0.35800623596950665
4399,0.5557250001003095
4400,2.464679067338592
4401,0.8493719094404174
4402,5.449833318364923
4403,4.314269141676798
4404,0.8081822362447133
4405,0.6236361553264831
4406,4.754162305725982
4407,0.42688123802010114
4408,9.64681952517746
4409,2.7437821351047806
4410,1.2566871514978293
4411,1.0769046815300505
4412,1.040203760917845
4413,0.5719433007778196
4414,0.8604348423866461
4415,3.2264000299791515
4416,2.573044491889812
4417,2.509512862640892
4418,2.1934856301725913
4419,1.0325259979078398
4420,2.5280479224061114
4421,0.6217960006782034
4422,0.9548161512532491
4423,1.3198876246311404
4424,0.5656830719707315
4425,13.391369594340315
4426,4.466890194639235
4427,6.158008430994925
4428,2.1462675298713605
4429,1.6491589496234105
4430,2.7900479688354807
4431,2.463990428663626
4432,0.6002199299821177
4433,0.8325644654195383
4434,2.1634102581087133
4435,0.6661670724734802
4436,1.3835413816437687
4437,1.1545794100279514
4438,2.8860443121541257
4439,1.5544907129823295
4440,0.9049401032203582
4441,0.5202041234482685
4442,1.4833955708548172
4443,2.7187239257094507
4444,1.2353812099330026
4445,2.229679910071418
4446,2.062199477060359
4447,2.287075940963079
4448,2.5130618386394357
4449,1.2785513213298842
4450,0.28808032268682626
4451,0.8482858918849813
4452,1.5880013147072705
4453,0.45637372065937243
4454,0.7546621799715024
4455,0.3956737730031008
4456,0.8493738242502231
4457,1.1332858846107157
4458,1.171587015665117
4459,2.52188656961878
4460,3.188421971620338
4461,1.05602901296388
4462,2.161015591547858
4463,0.9157665731820573
4464,3.571232408903071
4465,2.1742505230318514
4466,2.3668081789512554
4467,1.5509912869714106
4468,2.0239054072961333
4469,0.34255616314497495
4470,0.5905220904996061
4471,0.28273180209576054
4472,0.4640657374504584
4473,0.9553279004786865
4474,1.1415558603400402
4475,0.8851122536628561
4476,1.1958015394116515
4477,0.9332005453205744
4478,0.6888342884700496
4479,0.41577368713814666
4480,0.48182391856242324
4481,0.3149912940763957
4482,0.21983899136781648
4483,3.88677531703167
4484,1.1837155510292685
4485,0.0
4486,0.8327383182960345
4487,1.5823280093995107
4488,1.3351971207835474
4489,1.786684329611843
4490,0.1919695663989638
4491,0.44787400168644376
4492,1.3570959724897755
4493,0.3448870194126179
4494,0.3015159517950827
4495,2.5433157371052317
4496,0.8795534022502751
4497,0.4939901262614641
4498,0.5076218440646958
4499,0.19835565804197386
4500,0.043535486112977084
4501,0.990091605678945
4502,0.5644163284068058
4503,0.1845332339525485
4504,1.5047244195686633
4505,1.4442488712879384
4506,2.308157139339303
4507,0.65342613612986
4508,0.34673503674702855
4509,0.46465533296245953
4510,0.8096676388088653
4511,0.004944287635726186
4512,0.48623576406618985
4513,0.4319789464915468
4514,0.5686566601566037
4515,0.5469650386582908
4516,0.44125586176085685
4517,1.7319964685349016
4518,3.079199981002313
4519,0.5232468244488392
4520,0.7924924671462701
4521,0.6297655778125494
4522,1.1282874842161383
4523,0.5686264639902419
4524,2.1983305657829035
4525,2.961047851677322
4526,2.059686832474511
4527,0.5417104857422445
4528,1.8480567719044543
4529,1.4830497004468093
4530,1.0010773905509711
4531,4.863716973906675
4532,2.2309283876777255
4533,2.203872860973646
4534,1.1435813655323248
4535,1.1380306011139518
4536,2.438943925267954
4537,0.3263630285458736
4538,1.0308982079248368
4539,0.4992207502021244
4540,1.7002753402524182
4541,17.831286431038798
4542,2.3930907497674063
4543,3.798575665783802
4544,3.159836385331668
4545,1.923267926626393
4546,3.6566211862957845
4547,1.2158695757239715
4548,0.9876251437923995
4549,0.924188163102809
4550,1.0199628130704763
4551,0.26937629919796025
4552,0.3372014483704835
4553,2.1203319627700368
4554,3.3980522495816694
4555,0.2036582206506572
4556,0.21994742162101533
4557,0.3311525591074427
4558,1.8057893162448007
4559,0.7258209808979977
4560,2.3533154801199405
4561,0.32944894565970895
4562,2.6282930139131264
4563,2.255201229180348
4564,1.3043647541170902
4565,1.7796733772031454
4566,0.7924625546687908
4567,0.33687590572433135
4568,0.4652690663308955
4569,0.0
4570,0.43899369615244244
4571,0.4135754645898736
4572,0.5114989181918639
4573,1.1134259525540688
4574,0.6175774067330624
4575,0.7008682220458742
4576,3.184789704420673
4577,2.9150162458538613
4578,0.61502016501152
4579,0.626022671480447
4580,4.35451147024914
4581,0.3090290617609024
4582,2.8655248785593743
4583,1.89197082314655
4584,1.0536793704867184
4585,0.6822554853063615
4586,1.1206840667707478
4587,1.101227078447204
4588,0.8909635792500195
4589,4.274217313147467
4590,1.7295615309926775
4591,1.9968794479427006
4592,1.1986665450665164
4593,1.8491105409479207
4594,0.42781361966679465
4595,0.3628315981045416
4596,0.5161944102089525
4597,0.38507142982548526
4598,0.36221327056386565
4599,11.980239973653186
4600,2.977656926342639
4601,5.575373863206596
4602,2.514923706368144
4603,2.9311430330957977
4604,1.5460738002162835
4605,1.500781279199812
4606,2.1018317654185315
4607,0.8577877975532663
4608,1.112594129918165
4609,0.9655413076269135
4610,0.37652414779125964
4611,1.817469466656041
4612,2.1809713229850636
4613,0.9799204764450298
4614,0.22660387344673638
4615,0.1902174494140092
4616,0.9648298506463504
4617,1.1368304156472184
4618,0.44986171151382826
4619,1.1705064061894015
4620,5.030495630655997
4621,1.4237367651291883
4622,1.591329201782781
4623,1.0899559198360018
4624,0.02883754490590351
4625,0.47923521247180667
4626,0.6817276922012053
4627,1.6284259623736075
4628,0.4768926149668543
4629,0.36343319549295594
4630,0.5948534463450306
4631,0.28008544997468743
4632,0.49101296836774977
4633,0.3096835799714548
4634,2.765385373270215
4635,3.2056816249983138
4636,0.9009888082107667
4637,0.6070022438529784
4638,0.9875357597639874
4639,0.7733423674863976
4640,6.685062296359235
4641,2.786358182759149
4642,1.1612860151015811
4643,0.5588326411731435
4644,0.798057315662198
4645,0.252791253467205
4646,0.663703265252301
4647,2.103845134374967
4648,1.987694282782875
4649,0.868899898765667
4650,1.2544396491991205
4651,1.2253390558234072
4652,1.1275282332843064
4653,0.5684282213270273
4654,0.4742182963724816
4655,0.17529498875292648
4656,0.15524334520437977
4657,2.6995483690108175
4658,2.4506767243826086
4659,0.0
4660,2.47703753484012
4661,1.5843716750224996
4662,1.745443596073296
4663,1.9251899826595413
4664,0.9158240914125823
4665,0.5250843114504502
4666,0.9373189799863624
4667,0.6056375641892848
4668,0.6242377541947608
4669,0.929598889800675
4670,2.0753088996201656
4671,1.1812022173981351
4672,0.341898128885169
4673,0.28561818300731123
4674,0.7754090341932991
4675,1.6465673351615937
4676,1.415677908591808
4677,0.5598410146781204
4678,1.0653196550498958
4679,2.6112493000730463
4680,1.5246973790170018
4681,0.881149551912908
4682,0.3878340975321096
4683,0.5396187384317289
4684,1.1885252478560835
4685,0.005309960947220027
4686,0.6235168120348051
4687,0.6099823591988891
4688,0.7048156559231111
4689,0.9125511638866132
4690,0.568253938118757
4691,1.666030997383
4692,1.9339759821224436
4693,0.5182791915738434
4694,1.2666975074343918
4695,0.6982281901147817
4696,2.1344312479941596
4697,1.8672322796176077
4698,5.641991104819592
4699,1.7753383047465556
4700,0.9999652479383343
4701,0.5015989478370775
4702,0.2591502519893758
4703,0.6115910508560118
4704,1.3004709661354044
4705,2.1062249655131473
4706,2.0576427161138504
4707,1.207759852261431
4708,0.6548232486168277
4709,1.653292811361292
4710,0.21044215984765624
4711,0.837073908919682
4712,0.5322198108611765
4713,0.5104115143428776
4714,0.16541019714029237
4715,8.521160392813995
4716,2.420361915156235
4717,1.705827278309169
4718,1.9096953178874372
4719,2.47752321901412
4720,1.3378962195817237
4721,2.4629546676372236
4722,1.0951502439312497
4723,0.5227500784965122
4724,0.18153328788116285
4725,0.534993592650044
4726,1.094525399828862
4727,3.4528088433529733
4728,0.27021371591672794
4729,1.008888272138316
4730,1.146574746722859
4731,0.8867425707803003
4732,0.22457554902895538
4733,0.4476641427043677
4734,0.14746079227562814
4735,0.4456415228924515
4736,0.8348469106287978
4737,1.5276203400717536
4738,0.47828319540364905
4739,0.3658729723855083
4740,0.3422307377126075
4741,0.7754212488367042
4742,0.5175444303068653
4743,0.0
4744,0.9668998394544768
4745,0.3744353752411469
4746,0.5310710995780394
4747,0.11481753777386117
4748,0.3987650272473324
4749,1.2119879229063928
4750,2.8314154946241885
4751,0.33549471442367307
4752,0.6196366534472826
4753,1.1193429075039159
4754,0.9204626315395507
4755,0.5059250583346493
4756,7.063408797103528
4757,2.092578347014138
4758,1.7149136190637972
4759,2.229000835411968
4760,1.1744898757569628
4761,0.6953536488808147
4762,0.7689632724967462
4763,1.9881654885284599
4764,1.4408914009663931
4765,1.8196737955283993
4766,0.9483392936914699
4767,1.8657474009401276
4768,0.3010772938543289
4769,0.6848204589119072
4770,0.989251120442268
4771,0.6749570693319217
4772,0.2863513016340291
4773,19.374692196795955
4774,2.626566856716683
4775,5.162269679475994
4776,3.217956228224813
4777,4.148202860109935
4778,2.022303255305357
4779,1.121443091784219
4780,2.0295410240236227
4781,1.1281149929789198
4782,0.5380632594634084
4783,1.051449091888577
4784,0.9660919148185261
4785,1.9284984310216717
4786,0.8439940168607858
4787,1.007358207882602
4788,0.9509824841332051
4789,0.489955344081759
4790,0.553683758570159
4791,1.2490312141882363
4792,1.1050156947637837
4793,0.34616859443219083
4794,1.5772476939989721
4795,2.3042561786460327
4796,1.6958264457124335
4797,0.9684856691434085
4798,0.616493485760656
4799,1.1917909787114518
4800,1.19359839902807
4801,0.3701800601463644
4802,0.6823763018400757
4803,0.6112466180595538
4804,0.6990879098991677
4805,0.520306722137473
4806,1.8044671509498382
4807,1.273484745199103
4808,3.3206945606511953
4809,0.740005386883999
4810,2.467999199397224
4811,1.798296296630525
4812,3.2257932792472026
4813,0.8673910955823315
4814,7.187902065725492
4815,3.4731446330590456
4816,2.050255562026285
4817,1.4593831649462743
4818,1.2070085196064213
4819,0.8442194044581459
4820,0.9960171914053096
4821,1.5443748234129266
4822,2.986151703856408
4823,1.7038791837046283
4824,0.6803242790260419
4825,1.8737140512217705
4826,0.3261164882190748
4827,2.2098477277670785
4828,0.6290307962487784
4829,0.9476474403685134
4830,0.23017819893154456
4831,10.692107898443288
4832,1.701571709199503
4833,0.6466453349811768
4834,3.516836128314504
4835,6.129281437990761
4836,1.5641134527077205
4837,1.7017681927065298
4838,1.6470082483660882
4839,0.4941053743400593
4840,0.7838262064756052
4841,0.9400668885926128
4842,1.1521190537402946
4843,1.5942278369429166
4844,0.9930924703878862
4845,0.22123071698378416
4846,0.49478220455242194
4847,0.4906485663420862
4848,0.4617007727674024
4849,2.1136522165691596
4850,1.0285609168483307
4851,0.4286233927169443
4852,1.6153640469640609
4853,1.5558738275978141
4854,2.1004049067294632
4855,0.9622149926608842
4856,0.5467840345532435
4857,0.45794199577106864
4858,1.25899259468757
4859,0.0660605844307871
4860,1.466845775314794
4861,1.2394481995539646
4862,0.5935205204754613
4863,0.27969838341283837
4864,0.7179403162954551
4865,1.2039180439750516
4866,3.086369960029474
4867,0.3951626826486082
4868,0.891607363663145
4869,0.5589166860739484
4870,2.8748041699760103
4871,1.512822421806452
4872,4.281757019379972
4873,3.770743692878657
4874,3.5708369513984453
4875,1.6357237031997878
4876,1.3656978796294643
4877,0.704607722071439
4878,0.7895759633466259
4879,7.452321106083894
4880,3.0187324352911853
4881,2.6819466796134326
4882,0.6963552288524502
4883,2.2849172662911212
4884,0.49019123008100385
4885,2.166265930970249
4886,1.2826656476544653
4887,1.2678674881654857
4888,0.6848300234911678
4889,25.351410313576654
4890,2.9871362065241773
4891,0.0
4892,2.7671819204289916
4893,4.562124315023496
4894,1.6780718876663219
4895,3.367619644856414
4896,3.2951823427317937
4897,1.2869121088399167
4898,0.1560282971278586
4899,1.2946222983335498
4900,0.7108458068428948
4901,2.7065308361448954
4902,2.0551572924092025
4903,0.32454823739655425
4904,1.6038501126077767
4905,0.9771480790005952
4906,3.409932669353008
4907,2.852004066166093
4908,0.8632879684592842
4909,0.9918250892988238
4910,5.187885957741297
4911,2.45504078090682
4912,2.535143012465655
4913,2.4965989193399807
4914,1.5557992375960934
4915,1.5885966739745963
4916,1.799735503363297
4917,1.1894206709245307
4918,1.6343150845012042
4919,0.8188665128951881
4920,1.0283652643226597
4921,0.6132095958886554
4922,1.0856477856688194
4923,2.0547749547366325
4924,5.100551005046368
4925,0.46007544988838733
4926,1.1427130887089199
4927,1.5391349341210387
4928,3.1796292365236845
4929,0.26839170798237433
4930,6.4792126006248525
4931,2.066987984527224
4932,1.0742201871139943
4933,1.0744956746997987
4934,1.6946397435564324
4935,0.9272575690176372
4936,0.9481093790530046
4937,2.3856495440222476
4938,2.662867262041795
4939,2.3506632781236116
4940,2.168737649374868
4941,2.0760087110311867
4942,0.38098258987907796
4943,0.7394433062696465
4944,1.678902112503885
4945,0.7948903127313984
4946,0.05504491612088214
4947,18.802361798109555
4948,3.9844160553399024
4949,2.6372026647813502
4950,3.345907761475736
4951,1.7827548149530767
4952,2.3164457602391186
4953,1.5122599785553827
4954,2.3374860771246078
4955,0.9981889401433108
4956,0.5699717375535129
4957,0.9566901128424539
4958,0.5820215696618615
4959,1.4303072280435338
4960,1.9650123576813892
4961,0.5331973388189077
4962,0.7430276523098245
4963,0.09947797049362972
4964,0.8481044671693618
4965,0.6108060934423833
4966,0.26834356867125764
4967,0.6393684702620737
4968,1.3240530186274801
4969,0.9182442460969422
4970,1.0283392661579531
4971,1.5256607662274608
4972,0.32764063691431056
4973,0.13262021441337635
4974,0.5437441419923095
4975,0.0
4976,1.1935314591573687
4977,0.6264211893006053
4978,0.2783227198489433
4979,0.467552582823036
4980,2.369886001973474
4981,0.7975549568868384
4982,4.778833796892
4983,4.270827269248458
4984,0.7156488051950788
4985,0.6679012787166437
4986,4.090787324532303
4987,0.36432463339711196
4988,10.777477380820008
4989,3.017215612225507
4990,1.368072383557267
4991,1.1131947348921534
4992,0.8759838659954352
4993,0.5676636838398564
4994,0.7729807718509967
4995,3.304048172624163
4996,2.340221439770095
4997,2.2010297858943026
4998,2.263280841356213
4999,0.8696955536735127
5000,2.3693965595788624
5001,0.5145654968969459
5002,0.6604435336330909
5003,1.0104248747239868
5004,0.7307213679946044
5005,11.757347247623791
5006,4.607897897812688
5007,6.003130105001925
5008,2.166473725352747
5009,1.7964396849905933
5010,2.683303422328514
5011,1.8793874129779953
5012,0.599160867018785
5013,0.8280200298466487
5014,2.176215594447335
5015,0.6548379050936349
5016,1.4072329901443743
5017,1.431234303708789
5018,2.6524932886462667
5019,1.8084844932389634
5020,0.8388166359415948
5021,0.6306577381384668
5022,1.3984580311641648
5023,2.303460353737637
5024,1.1434374055553065
5025,1.954512080027146
5026,1.6549621804252368
5027,2.251520256509587
5028,2.106790308230527
5029,1.2346874204303593
5030,0.29975484049020373
5031,0.7681736735255897
5032,1.423339886533048
5033,0.24610614146659393
5034,0.666022549592351
5035,0.3281833608662983
5036,0.9287244454098329
5037,0.9731896739532153
5038,1.2008684120619832
5039,2.4349525162960504
5040,3.199651209932473
5041,1.1670066741052247
5042,1.9814565675558926
5043,0.8950347759137487
5044,3.479749995356462
5045,2.088411686638932
5046,2.2734002079471134
5047,1.8571296100283288
5048,1.7439431665449494
5049,0.3496517014265852
5050,0.601073049555069
5051,0.1798401524506068
5052,0.37492637712147603
5053,1.0122191546303947
5054,1.2972163384853816
5055,0.91960001694063
5056,0.9793985163124992
5057,0.8659709839589868
5058,0.5109921841430827
5059,0.35590463869370015
5060,0.45559083375852105
5061,0.06229549919388111
5062,0.2552490170079831
5063,3.524114969852569
5064,1.3303126296012548
5065,0.0
5066,0.8901158074342035
5067,1.6144822301657265
5068,1.3173706068777167
5069,1.588201546341552
5070,0.18077948090484974
5071,0.31245623207163753
5072,1.2770919250874944
5073,0.39414977185512323
5074,0.29415094868528135
5075,2.7088511920274363
5076,0.8956707765354517
5077,0.8949537485026235
5078,0.45372101017152344
5079,0.16690721556606536
5080,0.08990362274395802
5081,1.0403563606304187
5082,0.5120975997707998
5083,0.18105422838431529
5084,1.3236027282253948
5085,1.4906165612525457
5086,2.0137952391936516
5087,0.6718167552511913
5088,0.27571695666967977
5089,0.4270920843375362
5090,0.6056179871659765
5091,0.11400700336628167
5092,0.46345903191847015
5093,0.4280875259292455
5094,0.46806683425321227
5095,0.4204205413977885
5096,0.4739703989745936
5097,2.5111656350679166
5098,2.456854405870223
5099,0.4422715914287554
5100,0.8034461190891269
5101,0.6465822830253414
5102,0.8986220299211927
5103,0.5588280959452847
5104,3.025614527476189
5105,2.7003218288336193
5106,2.0098906659779203
5107,0.5066124623421031
5108,1.744210984882415
5109,1.7805988500123733
5110,0.8410946694775605
5111,4.534334346156442
5112,2.0755404532773136
5113,2.1670661123999326
5114,0.9819969699365163
5115,0.9256932017164425
5116,2.208409324088977
5117,0.21155674590467144
5118,0.9810064496132527
5119,0.28335808469376333
5120,1.6461344884832816
5121,15.531664728291839
5122,2.0490557187752745
5123,5.237294961471272
5124,3.1717470684562823
5125,1.3814754928436537
5126,3.5523170223929035
5127,0.9801743911604566
5128,0.8444092201123914
5129,1.057338466412924
5130,1.061768932034932
5131,0.31414566369282837
5132,0.2982303180128276
5133,2.228739289320413
5134,3.2062550635238076
5135,0.286994235406558
5136,0.1678544927616148
5137,0.10984900399784547
5138,2.055988403585905
5139,0.6813638052456686
5140,0.9709794236546166
5141,0.29611679387352474
5142,2.65978961913254
5143,1.6786370785611413
5144,1.2701952698106702
5145,1.5450484009932057
5146,0.7740210990267387
5147,0.25497439732990346
5148,0.5050164207043474
5149,0.0
5150,0.40282154215387445
5151,0.35730459978498885
5152,0.47743541442279913
5153,0.9948479861443642
5154,0.6316536914800133
5155,0.6218870481224436
5156,3.413149574733722
5157,2.884492938738184
5158,0.5947005359579358
5159,0.5167409531823409
5160,3.9323213570052182
5161,0.3115517451591865
5162,2.997483064947738
5163,1.6807504399843414
5164,1.0332272382187164
5165,0.6434446874105473
5166,1.1021791972364594
5167,1.065467274807289
5168,0.7276979312135002
5169,3.3740420876946566
5170,1.661356982521298
5171,1.9343799748138277
5172,1.2623550950178517
5173,1.5296376393352373
5174,0.38118277398665756
5175,0.33477890251535025
5176,0.4541749597331426
5177,0.2972551910566985
5178,0.35577795488371167
5179,12.583425776740244
5180,2.2303770179926445
5181,5.419519916006844
5182,2.7181133554450225
5183,2.6897683135825137
5184,1.5363248858287353
5185,1.7260073118491892
5186,1.8632449869002619
5187,0.8654320645842425
5188,0.9241163910081578
5189,0.8385823523067906
5190,0.29045632990801584
5191,1.8312753818599883
5192,2.135122170958023
5193,0.9387612183432212
5194,0.1596138659857107
5195,0.25469488699966303
5196,1.027703563097102
5197,1.118580581308195
5198,0.5429353924867835
5199,1.252793342310893
5200,4.382520316960617
5201,1.288288455967214
5202,1.538888422449158
5203,1.2523551703061304
5204,0.0
5205,0.43725651005939825
5206,0.45993993168842706
5207,1.6148389961831893
5208,0.41563108769105384
5209,0.25466040966757
5210,0.5907936450521946
5211,0.28218673435364017
5212,0.5620751685788573
5213,0.28343733076215405
5214,3.1616170648172788
5215,3.1595053390494536
5216,0.8836718269855884
5217,0.6593779797684133
5218,0.9376532070627269
5219,0.8236098055602997
5220,6.038863033855927
5221,2.6624124715440844
5222,1.1055129747151362
5223,0.6135255805732861
5224,0.8447981424005355
5225,0.2972033549635593
5226,0.5409914978397486
5227,2.017148355007315
5228,1.9585267668542645
5229,0.48243478082064983
5230,1.2258781650718205
5231,1.1905506230987186
5232,1.1461816990400273
5233,0.45717059758869427
5234,0.4395006889703349
5235,0.13857675304302908
5236,0.17776138825842325
5237,2.8320945804235276
5238,2.2038062928266906
5239,0.0
5240,2.1954384532036513
5241,1.1052874969109627
5242,1.6178655189709683
5243,1.9113064847220311
5244,0.8120035946299345
5245,0.5319538160398589
5246,0.9664761839155616
5247,0.48633289888157694
5248,0.6579740589335175
5249,0.9308914842067948
5250,1.9968703221040358
5251,1.5939760799255143
5252,0.4922302611953153
5253,0.2920322843808483
5254,0.8445114001007605
5255,2.0531449015819687
5256,1.0116828557699276
5257,0.5375289672959297
5258,1.1646431367893428
5259,2.169978056485668
5260,1.4346921759234839
5261,0.7700242180637793
5262,0.37667234286172424
5263,0.4685383356051165
5264,1.028609321754207
5265,0.0
5266,0.5328381516974409
5267,0.6941276088836535
5268,0.693046959236078
5269,0.7932216456009891
5270,0.6313426382479429
5271,1.528275410589576
5272,1.924695586170269
5273,0.5556602897885393
5274,1.2860725022829276
5275,0.63831672702772
5276,1.96921808799482
5277,1.6060229135593294
5278,6.043826273004774
5279,1.7617310724211925
5280,0.9606185293397188
5281,0.45845342826437363
5282,0.38443119947236504
5283,0.5687107615835457
5284,2.0223055431647685
5285,1.6152918096568862
5286,1.7011481386820166
5287,1.0251694284297177
5288,0.828910921864185
5289,1.489032705240826
5290,0.1785972330801704
5291,0.640275519447382
5292,0.3474213386116696
5293,0.4754707136039068
5294,0.1133623546487661
5295,9.134044803542906
5296,2.5871136155022025
5297,2.713324117514585
5298,2.0803553925401905
5299,2.3183583633914635
5300,1.1310911398681749
5301,2.0851659267578926
5302,0.9826014726750325
5303,0.5462012576369341
5304,0.19715334552408548
5305,0.6807353730034016
5306,1.006895735535143
5307,3.549727801952385
5308,0.21456641771343232
5309,1.2564914134842096
5310,0.925505159638682
5311,0.959019829069409
5312,0.15363201207014887
5313,0.5074596676294029
5314,0.0760446275801856
5315,0.40558300792241575
5316,0.7944926220568711
5317,1.2676737635706539
5318,0.4153868812910261
5319,0.3682923309289514
5320,0.3343827910741459
5321,0.7825181400207004
5322,0.5541345037767775
5323,0.0
5324,0.979473525330276
5325,0.23509822844039285
5326,0.46170855143284684
5327,0.09379415910720246
5328,0.38374365093075
5329,1.1839343353049419
5330,3.083045982635597
5331,0.29695507172183655
5332,0.6944277663784209
5333,0.970237607263392
5334,0.8399080591715129
5335,0.626738817701531
5336,6.202561143017373
5337,2.3568273188154047
5338,1.6746102623551853
5339,1.9544187590730895
5340,1.5473051919293754
5341,0.5385663214583971
5342,0.5986074442166655
5343,1.788235416656941
5344,1.1581611807620071
5345,1.6937846883770713
5346,0.6636151165058028
5347,1.592906430108202
5348,0.17046413221822498
5349,0.6711436931758713
5350,0.7089935646686942
5351,0.6524423785883002
5352,0.28104321649087116
5353,22.406535071154018
5354,2.953404084886068
5355,5.568849444411816
5356,3.1484175670750902
5357,4.0568052152462695
5358,2.0035940843871423
5359,1.140389217760941
5360,1.9795116866037517
5361,1.1975391835793094
5362,0.4733333892986844
5363,0.9706569628905855
5364,1.1430212783707936
5365,1.8993955079372498
5366,0.8647936553801756
5367,1.0422454348540868
5368,0.7891593109968412
5369,0.6915281018133591
5370,0.6306431428420342
5371,1.4845413349806256
5372,1.3916066368625553
5373,0.39664671338615953
5374,1.3055762020370876
5375,2.2148227917641483
5376,1.6454029232593887
5377,0.9176769984430789
5378,0.5954569726578508
5379,0.9276753892596137
5380,1.4142177448323416
5381,0.299480158137587
5382,0.6673923819803079
5383,0.6381847118671137
5384,0.6681976346308487
5385,0.481910001560521
5386,1.8435428025647222
5387,1.2599655809086858
5388,3.132753325149949
5389,0.5687129888117802
5390,1.9137064914441964
5391,1.5337925893598705
5392,3.588573128873446
5393,0.9067431709586571
5394,7.23861443397995
5395,3.977884483933273
5396,2.3210203713089754
5397,1.3441879964778647
5398,1.080903342395798
5399,0.7100730466846856
5400,0.9849285000375549
5401,1.5206036728915124
5402,3.071823183800034
5403,1.3406636856117617
5404,0.7371018530887667
5405,1.8046284590571662
5406,0.298178581480562
5407,2.8588694219018214
5408,0.620711001045433
5409,0.574755197725849
5410,0.20825882691455333
5411,11.341339830780509
5412,2.0107530323527834
5413,1.056381217254529
5414,3.48076155845721
5415,5.3512425955082
5416,1.4040333496959656
5417,1.3193107813480878
5418,1.5915627262580505
5419,0.504089919642795
5420,0.7769873305011864
5421,0.754001490131865
5422,1.0022967441452302
5423,1.9580277020113623
5424,0.969408541633802
5425,0.4360360301103867
5426,0.5628053045659511
5427,0.40320886254363997
5428,0.5151888174860432
5429,2.143485112359516
5430,1.3062459938231883
5431,0.4478047955957608
5432,1.874612301901668
5433,1.65280388584164
5434,1.775746914736776
5435,0.7630162619774766
5436,0.6002654455294959
5437,0.47222955523552534
5438,1.2665313439511956
5439,0.08515295461554895
5440,1.6028509937236812
5441,1.1288389864136255
5442,0.6303953149945657
5443,0.28030049776828925
5444,0.6642053834495154
5445,1.2610002987815283
5446,3.383498373725378
5447,0.3726497564380167
5448,0.6498844759640121
5449,0.5966937687983269
5450,2.42346692407307
5451,1.332370109077488
5452,4.631575984507055
5453,3.0026812764367943
5454,3.8629935148923047
5455,1.5077584236600345
5456,1.2555110694668625
5457,0.7932929799634914
5458,0.8449397636547739
5459,7.072514696604032
5460,2.5562042092504385
5461,2.594904443786886
5462,0.4960439457980005
5463,2.0083137185790045
5464,0.4030840752216803
5465,2.6427842167741766
5466,1.1969971848355505
5467,1.079296665332343
5468,0.6386889742391667
5469,27.65148733613777
5470,2.844901964283296
5471,0.0
5472,2.782202411376794
5473,4.207230933890514
5474,1.7819176264212406
5475,2.3639467993872514
5476,4.265573773813189
5477,1.2703173442982119
5478,0.2072018531532136
5479,1.2492711375503545
5480,0.4777225612109657
5481,2.5467043161879994
5482,1.881305421088641
5483,0.3188175453109461
5484,1.4442680493582132
5485,0.38396251424402206
5486,3.4344853837883424
5487,2.3746076733746504
5488,0.9448304733870653
5489,0.9867071113776571
5490,4.24929141903167
5491,2.0250802119057827
5492,2.643784618869965
5493,2.568722528158263
5494,1.52129170030303
5495,1.5904457058261814
5496,2.169840619925731
5497,1.104242300504502
5498,1.541915050906875
5499,0.6642111952381056
5500,0.9254522307638003
5501,0.5164521409685222
5502,1.1097252728457252
5503,1.9878288777111448
5504,4.481392215461437
5505,0.4407332328384147
5506,1.1498155968215273
5507,1.4428680653696915
5508,3.310701253139106
5509,0.2948445298852018
5510,6.403975331521082
5511,1.6597454862002643
5512,1.2342761284975257
5513,1.178400094209106
5514,1.5881518663533127
5515,1.0080689321198733
5516,0.8629218230897506
5517,2.334305634779901
5518,2.520257320580158
5519,1.7745311389521132
5520,1.9305109033617494
5521,2.0517868914649977
5522,0.3912909072630779
5523,0.7318869074694592
5524,1.5308183813488205
5525,0.5561055121279449
5526,0.05900755163071447
5527,20.382227592708105
5528,4.509406350657381
5529,3.2370154609219997
5530,4.114396564704261
5531,1.8724921101957173
5532,2.2353306796263106
5533,1.4763082493875137
5534,2.086895784581387
5535,1.0621630071728463
5536,0.6079262956710693
5537,1.012461678693088
5538,0.5195477922596405
5539,1.5723358693873686
5540,2.0346179973504688
5541,0.5141009063882341
5542,0.9704760127024659
5543,0.0015654680266978804
5544,0.7496203413845376
5545,0.5774614548777729
5546,0.299687928988595
5547,0.6680762699283095
5548,1.3850261872202443
5549,0.8058760925138732
5550,1.0771748852921008
5551,1.6952677215032261
5552,0.3167693988852267
5553,0.1598522497434105
5554,0.41430731306310953
5555,0.0
5556,1.2420782032908626
5557,0.5609141096227706
5558,0.4070419216643788
5559,0.4499946890654377
5560,2.139113394520673
5561,0.8487037500915793
5562,5.017046607485551
5563,3.961120274827785
5564,0.654099494877967
5565,0.7280983934174271
5566,4.086448735595765
5567,0.286649116404331
5568,9.282960130684081
5569,2.6498944636982373
5570,1.4539241581956908
5571,1.037583921892872
5572,0.9124107353123226
5573,0.49082770443957147
5574,0.941487228062436
5575,2.529731727499583
5576,2.162063556496239
5577,2.3523596238007674
5578,1.9205735884021529
5579,0.8489300981842848
5580,2.244648894186684
5581,0.4538492203372335
5582,0.6167902104486128
5583,0.9305672789898798
5584,0.7712683265605091
5585,10.376110483616552
5586,4.390065418201935
5587,7.498610948384639
5588,2.092835543053659
5589,1.6920269928044382
5590,2.505108418384565
5591,2.336388962925484
5592,0.590519323651187
5593,0.7841714437962762
5594,1.685485956369085
5595,0.5989120702017138
5596,1.112250977839697
5597,1.9638706642587107
5598,2.4192875890315273
5599,1.6079515165517388
5600,0.7981122869881692
5601,0.4873852755051785
5602,1.5477089174490652
5603,2.5638879124192053
5604,1.3683318968959493
5605,2.2190933180433867
5606,1.6694454102513057
5607,2.1192389105751013
5608,2.269451684507538
5609,1.2193076901449076
5610,0.28990948681849815
5611,0.6474628785676355
5612,1.3641561561769517
5613,0.30465693502552615
5614,0.6355073787378525
5615,0.30232942175975785
5616,1.0311204098125621
5617,1.1569715867728798
5618,1.2153050731331851
5619,2.658918644580484
5620,2.6724493132574487
5621,1.119511989869613
5622,2.706871938511152
5623,0.948110321941287
5624,2.906066825782944
5625,1.8657517298856496
5626,2.265203514126677
5627,1.7454492800978714
5628,1.725470276576934
5629,0.40316753082711665
5630,0.5956195318994805
5631,0.19031347273287746
5632,0.3413992435371356
5633,0.8710915223067085
5634,1.1726286291124208
5635,0.791768829164085
5636,0.8296395196607481
5637,0.6896576715727296
5638,0.5357311675770607
5639,0.24750856522831
5640,0.3249252103213065
5641,0.1057250732950854
5642,0.2319728976901685
5643,3.2934070393406767
5644,1.8527711964227702
5645,0.0174942522658863
5646,1.2670345812695376
5647,1.4893733001695417
5648,1.4076075154566106
5649,1.535254448189461
5650,0.33852986630088266
5651,0.29988422843401086
5652,1.0115688094877193
5653,0.3288382882027363
5654,0.30972414402195003
5655,2.6072231996554818
5656,0.8918177554674669
5657,0.6461032013157911
5658,0.3643899612021151
5659,0.13591102557477996
5660,0.1085799310069635
5661,1.175127998329855
5662,0.6707930193717152
5663,0.14428594716739118
5664,1.330932930121452
5665,1.5874535240109
5666,2.0449441809402273
5667,0.6460456394666833
5668,0.26533965085794287
5669,0.42334700619752064
5670,0.6063626519055006
5671,0.0
5672,0.47734325475304684
5673,0.38312833755243814
5674,0.44880685088503447
5675,0.5202299996064259
5676,0.4580732889030338
5677,1.7359339633317024
5678,2.7943900145143314
5679,0.3333895918403129
5680,0.9625273949082791
5681,0.5138475569154547
5682,0.8864668147844383
5683,0.4483208277210645
5684,2.3473281115475597
5685,2.9303147123602082
5686,2.149485566516278
5687,0.4984117304274841
5688,1.8340013941226494
5689,1.5234365180014955
5690,0.7102897848240288
5691,3.8784190292768113
5692,2.324038395549501
5693,2.145404563486165
5694,1.1518179315697483
5695,0.8920106439657332
5696,1.9079273125418368
5697,0.1685239804068892
5698,0.8873019767809335
5699,0.2783083538469042
5700,1.5991496272616161
5701,15.749708755048697
5702,1.9087126467102036
5703,4.98779786745577
5704,3.0654788600022735
5705,1.930274300150602
5706,3.7289894695775248
5707,0.8186612608333739
5708,0.9601030651585966
5709,0.9730486956421511
5710,0.8498794837983482
5711,0.24901206303854373
5712,0.31022982820004796
5713,2.0281383420883916
5714,3.538753142352694
5715,0.28079011141765053
5716,0.18300889162251677
5717,0.15151062766805623
5718,2.149552568809634
5719,0.8721944906800683
5720,1.17621763370528
5721,0.3155250980282145
5722,2.4599254050464077
5723,1.6924865287895035
5724,1.2957735078403712
5725,1.517474205157747
5726,0.6844213496075672
5727,0.2506646065767182
5728,0.4267263119178595
5729,0.0
5730,0.3814530117708128
5731,0.3458552036546547
5732,0.4759185961135335
5733,0.9989067893918062
5734,0.6805768393818814
5735,0.6129388938385476
5736,2.9507406078906944
5737,2.567815358041633
5738,0.646007750770885
5739,0.5697131990540513
5740,4.443356489094406
5741,0.2786711676560234
5742,2.0983963799519594
5743,2.133502193698776
5744,0.8672943897117597
5745,0.6976092494603016
5746,1.074842168980585
5747,0.9599676676883104
5748,0.8880330473333504
5749,3.3561364863232894
5750,1.6069344980944953
5751,1.8005657576050884
5752,1.1199271140998983
5753,1.711082082287602
5754,0.3529712786343029
5755,0.33673398772212004
5756,0.45725409963668073
5757,0.2661858854656374
5758,0.24373951163293417
5759,13.776413724500602
5760,2.56866042434298
5761,6.185594483909239
5762,2.6585953273598166
5763,3.014163938940574
5764,1.7251212567537946
5765,1.3436152109157313
5766,1.8541356373312308
5767,0.7890210299140938
5768,0.8316040951800501
5769,0.6680738505351443
5770,0.3338045617421628
5771,0.9481544992320384
5772,2.183541390781275
5773,0.9596665236735844
5774,0.17224974578130348
5775,0.25942015087809134
5776,1.0024813257168004
5777,1.127209433108368
5778,0.5935182916379645
5779,1.2626962997315507
5780,4.450721709839921
5781,1.50672210072107
5782,1.438527742068605
5783,1.2837674261647314
5784,0.0
5785,0.3390212828349626
5786,0.5766925665697558
5787,1.4590628143037714
5788,0.40839646208953684
5789,0.24059763911368037
5790,0.5446272722093248
5791,0.2271867549634805
5792,0.5473285836655722
5793,0.43635387805049797
5794,2.474391557702633
5795,2.6340786720054847
5796,0.8700198795230243
5797,0.6196816262228451
5798,0.8785337787621221
5799,0.7088541844761245
5800,6.381199084847486
5801,2.597165712701142
5802,1.1536829498896821
5803,0.5424772264780368
5804,0.9111792815792619
5805,0.27092429314221333
5806,0.5755323675054815
5807,1.7461068855974224
5808,1.5320753360547295
5809,0.44292419209370015
5810,1.5959832804280187
5811,0.8876737148481497
5812,0.9943491836893615
5813,0.4671679487720394
5814,0.3182850192109059
5815,0.13012897922684208
5816,0.24545042741497158
5817,2.8794651088824077
5818,2.2325752187829617
5819,0.0
5820,2.4630799272410338
5821,1.1565366853338903
5822,1.5557536966132128
5823,1.9059497137266832
5824,0.6768763356810257
5825,0.4718438455896792
5826,0.8207921341540427
5827,0.4390779926781212
5828,0.5939752742009821
5829,0.8615198767221458
5830,2.2972575868639504
5831,0.9628953436947452
5832,0.295538181417885
5833,0.2048304941832897
5834,0.9420215597522518
5835,2.1135852905065957
5836,1.100966633594438
5837,0.5067100958410409
5838,1.1154636013489718
5839,2.639797928982479
5840,1.6193617625707233
5841,0.8668651515896684
5842,0.5409230719021338
5843,0.38842728747610333
5844,1.2437356027836288
5845,0.0
5846,0.45651152236371617
5847,0.6392472148525832
5848,0.6978098706328686
5849,0.8229396306634142
5850,0.4755501694623776
5851,1.8681776423819174
5852,1.937269802348167
5853,0.4418044051309935
5854,1.0003767155568906
5855,0.6689354523990534
5856,1.9503077749806121
5857,1.9597995812040154
5858,6.386501772174871
5859,2.1743266379156303
5860,0.9650226378294093
5861,0.535479379144443
5862,0.2842321741735234
5863,0.534937049350421
5864,1.6933586746545672
5865,1.7090998285430794
5866,1.6454896886622559
5867,0.8426246336403158
5868,0.6696364596852298
5869,1.6015738285526928
5870,0.07920690596099189
5871,0.6602612691889543
5872,0.29962289629522787
5873,0.4148811081772723
5874,0.02738883057475916
5875,10.303463900316652
5876,2.6687407642615932
5877,2.6565627926780966
5878,2.3736224415167175
5879,2.0807433137085423
5880,1.142106579056428
5881,2.583213511857002
5882,0.8101076187866034
5883,0.4379731212563006
5884,0.11798869251587396
5885,0.6215696777379665
5886,0.9431263146966903
5887,3.5339533497455546
5888,0.2994729137670131
5889,1.4829594580322694
5890,0.9929759403792178
5891,1.3247591993415768
5892,0.11524568972867222
5893,0.5037459281114941
5894,0.06177387126054623
5895,0.31598910675930303
5896,0.6105546786438013
5897,1.3034095109907684
5898,0.42454618219383633
5899,0.26958538661333953
5900,0.3814787202258825
5901,0.5560404131742208
5902,0.5474385916076316
5903,0.0
5904,0.9654285059530923
5905,0.3891876364569935
5906,0.5562874273597196
5907,0.08798598753627429
5908,0.35311755357662
5909,1.2829493012743591
5910,2.66912991950766
5911,0.24409616735197526
5912,0.7117308551411745
5913,1.2072491879236251
5914,0.8163949068940233
5915,0.5908996187653662
5916,7.974084276474254
5917,2.3870946020925077
5918,2.0395339853893417
5919,2.0737460733914337
5920,1.4461832590312071
5921,0.6283149473780817
5922,0.7192461740833646
5923,1.6987712299130546
5924,1.5263086934695602
5925,1.8728361539069254
5926,0.6944115379134215
5927,1.2303489312806986
5928,0.18273087424087597
5929,0.7495714787491207
5930,0.596407991071776
5931,0.35162511340270886
5932,0.22337308798750777
5933,26.528503646963117
5934,3.1917463227194993
5935,5.559889532100893
5936,4.022265192350604
5937,4.57860101328187
5938,2.022439407357603
5939,1.2098184510538776
5940,1.8821302852473782
5941,1.1545009429517494
5942,0.4411397860530999
5943,0.8596116950799864
5944,0.9948781171998613
5945,1.5577968076338353
5946,0.9060673890191413
5947,1.135194348011317
5948,0.9909855708487991
5949,0.5285982589252226
5950,0.5503986355687558
5951,1.1430298683488755
5952,1.1565043643919912
5953,0.37539776423651017
5954,1.774701347057987
5955,2.100026491485367
5956,1.5265852295325146
5957,0.8014722172600872
5958,0.680268752145481
5959,0.8438429170451194
5960,1.3406741890220693
5961,0.36031377582424184
5962,0.727802772263677
5963,0.5631308562747729
5964,0.6444785945736696
5965,0.3874484225220385
5966,1.762308995684586
5967,1.2331083974305004
5968,3.213723393605168
5969,0.45939092613815624
5970,1.652078134859316
5971,1.1528646551192518
5972,3.2891203962438498
5973,0.9377897481988089
5974,6.893284762296212
5975,4.108552702752661
5976,2.2418499148368314
5977,1.4932305478267127
5978,1.131667992504157
5979,0.834837421521039
5980,0.9863158882817222
5981,1.4496594170305033
5982,2.680392567311681
5983,1.345738999125791
5984,0.4445456274031655
5985,1.5686944104647877
5986,0.21380091617795816
5987,2.413316255461159
5988,0.5600609579286436
5989,0.4571941344533854
5990,0.15200394936016903
5991,13.604412144473047
5992,2.2637855387447257
5993,1.2460177849749927
5994,4.339603881094446
5995,7.747889371113042
5996,1.5012118918228106
5997,1.7247986170481546
5998,1.6039117961099052
5999,0.45420742124526137
6000,0.849366108052178
6001,0.7283170576725059
6002,1.144280670541007
6003,1.7193190214592806
6004,1.063573935041788
6005,0.8906855299046423
6006,0.4554104603587388
6007,0.4339849132810286
6008,0.4534636584897247
6009,2.0398615825264708
6010,0.8671037481854733
6011,0.4259058960184864
6012,1.938893881601385
6013,1.658096373985942
6014,1.9236168782817582
6015,0.7299105708218119
6016,0.574308428464147
6017,0.39787910323576003
6018,1.293213662044309
6019,0.0
6020,1.5391312899974676
6021,1.2146263865155267
6022,0.6733682342708065
6023,0.2929578502917505
6024,0.6414307383382424
6025,1.0752367931939468
6026,3.639274145370176
6027,0.34152879908341705
6028,0.6179287217084425
6029,0.5422970245032213
6030,2.5481275672610915
6031,1.3570257522480844
6032,4.6224069777910035
6033,6.7320310892291655
6034,3.792746289151923
6035,1.7096396458255712
6036,1.2175925511149186
6037,0.8919499597537797
6038,0.7848592140859435
6039,6.206676911515572
6040,3.2317209677781578
6041,2.4030300393172954
6042,0.5029033891309954
6043,2.2192942163231497
6044,0.3920416014389323
6045,2.4644328766421704
6046,0.9572102138392165
6047,0.8436272817404881
6048,0.6449298839425095
6049,31.320170751221017
6050,3.687749601226006
6051,0.0
6052,3.387203094587108
6053,4.162087014581235
6054,1.831460314060174
6055,2.852714351288093
6056,4.1577201631733764
6057,1.2423806209204347
6058,0.1336547209525083
6059,1.1950779463026866
6060,0.3820411532019855
6061,2.378321849527996
6062,2.1251497212092487
6063,0.7093518416737714
6064,1.6476143975168165
6065,0.34787532637643115
6066,3.1018803329793974
6067,2.9512398787597762
6068,1.1518298355056773
6069,0.8431271497173243
6070,4.896389802552651
6071,2.081179977280958
6072,2.9767748622165744
6073,2.42519158986355
6074,1.7070382476114987
6075,1.5847455692694126
6076,2.262738368463196
6077,1.5529249995587902
6078,1.4921306225804318
6079,0.7755104518409583
6080,0.8150737386005367
6081,0.4744469088751275
6082,0.8738347959359101
6083,2.2144754864312244
6084,5.06952260774092
6085,0.31003158162468436
6086,1.1721201234811573
6087,2.454339301007336
6088,3.372482701718058
6089,0.2833626747924256
6090,6.568723409601758
6091,2.1023397912579234
6092,1.170516192767812
6093,1.4795276932605133
6094,1.9394543307968921
6095,1.136730324654116
6096,1.1528947702175139
6097,2.489789127868457
6098,2.668781303909558
6099,1.7815565887729252
6100,2.303116250824468
6101,1.8459016692218375
6102,0.24775961540568203
6103,0.8268380886836024
6104,1.3712816407624016
6105,0.5632097933635332
6106,0.0
6107,23.985181666695993
6108,5.433494834708838
6109,2.9098585984621943
6110,4.875741194231798
6111,2.3660628807382285
6112,2.406713126390637
6113,1.5045149823069284
6114,1.9454104960712222
6115,1.3152890537144766
6116,0.5591302750845156
6117,1.2332930541421203
6118,0.5018695637947557
6119,1.7448126457934299
6120,2.217973020735373
6121,0.6041083110125147
6122,0.8478647115307385
6123,0.0
6124,0.7754244497911346
6125,0.6075834457816204
6126,0.3874516813857569
6127,0.7247945719843475
6128,1.6072567349518627
6129,0.8343909097538703
6130,1.1045681324247039
6131,1.6749213386584623
6132,0.3812385502594944
6133,0.1540246594462229
6134,0.5835566583933401
6135,0.0
6136,1.1342488144481742
6137,0.5182123643630984
6138,0.21464944898068739
6139,0.4082795732000277
6140,1.7707403792336696
6141,0.7613783344600477
6142,6.019893058128208
6143,4.366401463393042
6144,0.8979585443743537
6145,0.637921534132453
6146,3.8192675870820705
6147,0.37061624382753366
6148,9.378208363371368
6149,3.266768722862728
6150,1.3686972626003984
6151,1.0639821332174217
6152,0.8785144759978957
6153,0.5717223579276446
6154,0.8689744086373302
6155,2.4340308905285095
6156,2.193805572974612
6157,2.25304973539053
6158,1.8727738875859719
6159,0.7904743279647646
6160,2.307351883275637
6161,0.4038644397989405
6162,0.5568437267695489
6163,0.9809610037119958
6164,0.6345821479541359
6165,15.241453130908857
6166,4.898450388424648
6167,6.907654814090191
6168,3.082871524164575
6169,1.6765128639741276
6170,2.7470296579080493
6171,2.239053513575648
6172,0.4817492416293808
6173,0.7084552433731998
6174,2.152044428519058
6175,0.6554013117222846
6176,1.2355049734639199
6177,1.2985175950711774
6178,2.739829691954969
6179,1.404487535957346
6180,0.6348977578912872
6181,0.5516329738964014
6182,1.8256531659741768
6183,2.3310483738254595
6184,1.185770043530444
6185,1.9730194490090813
6186,1.8791994828138217
6187,2.1885399897121975
6188,2.342774638172242
6189,1.3357665510895533
6190,0.25785255060877743
6191,0.6513545835457842
6192,1.3812191696270628
6193,0.19414150739263314
6194,0.6017138025284027
6195,0.30468379454522965
6196,1.0355390232239636
6197,1.0315692480646501
6198,1.3317329500499542
6199,3.053004982340111
6200,2.599157559317055
6201,0.9701034727847428
6202,4.331936306988615
6203,0.9122585304458465
6204,3.2341566214088493
6205,1.8312611077978669
6206,2.4858255860030742
6207,1.7100494947959997
6208,2.162437572840859
6209,0.33351403367908294
6210,0.46961018681839184
6211,0.10162776143185215
6212,0.32356351616597623
6213,0.6410279082835432
6214,0.8796980647450746
6215,0.6581039595271377
6216,0.7404210431501866
6217,0.5769064462361919
6218,0.30406347984130355
6219,0.2631102397694616
6220,0.22486296720400722
6221,0.03180362515920554
6222,0.16780992440599718
6223,3.514912873811514
6224,2.003210767417584
6225,0.0
6226,1.2555978150888498
6227,2.238807596448456
6228,1.405544976066008
6229,1.2600714667063586
6230,0.2438651716122251
6231,0.15355629259826764
6232,1.2086844354502473
6233,0.28608111840954464
6234,0.2758518694822729
6235,8.947350824499022
6236,0.8458983717530588
6237,0.7055144080581471
6238,0.28480259402679375
6239,0.1199771152317688
6240,0.2532946520446846
6241,0.9336831275883122
6242,0.35880463000850593
6243,0.16858808502997658
6244,1.4137938199183289
6245,1.599472668186478
6246,2.2541114972924365
6247,0.5483701782010503
6248,0.17446463469127282
6249,0.3935832919010065
6250,0.669679721399385
6251,0.0
6252,0.39297810545438727
6253,0.28707585324311546
6254,0.48478031203997307
6255,0.4613674068585931
6256,0.43601274516975685
6257,2.004127135714077
6258,2.3379505154636466
6259,0.31405053796087445
6260,0.9294167296752995
6261,0.5749482327164492
6262,0.9282552682800662
6263,0.37376326439916296
6264,2.8979694833517744
6265,2.9569100865163183
6266,1.8630173708967495
6267,0.4515943563856777
6268,1.7816550007216783
6269,1.3705509492693881
6270,0.9386260021089206
6271,4.25278555176077
6272,1.909803781843566
6273,2.089595956439531
6274,0.8914631321046462
6275,0.7866860943869745
6276,2.1100385233204615
6277,0.14773553987619836
6278,0.6607701527579661
6279,0.21802057113310025
6280,1.6792295594325362
6281,18.51576296700837
6282,2.1861355691556663
6283,4.361778384451443
6284,3.797951380048132
6285,2.4692215050606734
6286,3.8324297233730116
6287,1.1081119604630623
6288,0.9311103853948253
6289,1.0326419351382456
6290,1.0761183842071858
6291,0.20810030263684753
6292,0.26418115256949637
6293,2.5075089893761024
6294,3.513100385668974
6295,0.1999875319507909
6296,0.14690853847100693
6297,0.0782551688280102
6298,2.065742083848652
6299,0.724520577607064
6300,0.7884235003172049
6301,0.33437456903031326
6302,3.257838967471147
6303,1.9484979846120585
6304,1.457307801220984
6305,1.6817024559584968
6306,0.927811992838937
6307,0.2425641546475794
6308,0.4115043443334746
6309,0.0
6310,0.378187872512038
6311,0.31138275001653515
6312,0.5529487387278281
6313,1.084366997193504
6314,0.6457380920658167
6315,0.6172600349824029
6316,3.5112319762715707
6317,2.2775419355537823
6318,0.5386401116551401
6319,0.5274487849567667
6320,3.860900659221042
6321,0.34238754876131994
6322,2.493672240400338
6323,1.7309005105656294
6324,0.8813532566906832
6325,0.6581682676733027
6326,1.0844134076284078
6327,0.9485667705937595
6328,0.8381628588925576
6329,3.0620777992146495
6330,1.6411547570540093
6331,1.7014161329593163
6332,1.1097375329788697
6333,1.7760163681926275
6334,0.2591094029190799
6335,0.22773126055869541
6336,0.39575407698948106
6337,0.19109601313282987
6338,0.28527746475117866
6339,15.786013211994163
6340,3.5255976838964895
6341,6.310813166279424
6342,3.6442043652565235
6343,2.598285816210349
6344,1.8068968947644135
6345,1.7467560000847258
6346,1.6679290783907805
6347,0.7451495630273031
6348,0.926567929990299
6349,0.6571000043636174
6350,0.23707025678950266
6351,1.7612340228834784
6352,2.4186629013249368
6353,1.2034763784676044
6354,0.1637030029263744
6355,0.15245073599339154
6356,1.0023404355152183
6357,1.3525721806084274
6358,0.3389021284921523
6359,1.3583535691332425
6360,5.697499239836656
6361,1.366856812367646
6362,1.501346752619528
6363,1.2635136861944836
6364,0.02993074215614211
6365,0.3215182122704392
6366,0.5769621809812109
6367,1.533667378987203
6368,0.354221924956027
6369,0.22768879945171716
6370,0.6432661433500763
6371,0.1842771274485131
6372,0.5250508304584448
6373,0.4541058542001548
6374,2.9827484928224672
6375,2.77923587138661
6376,0.8345873327049771
6377,0.43517014320291236
6378,0.8345304060772073
6379,0.7088000787349691
6380,7.552025624312046
6381,3.266371221837709
6382,1.6901084766854864
6383,0.5580558799967225
6384,0.7436622604968752
6385,0.23785361695246832
6386,0.6258431765979043
6387,1.7660133565414153
6388,1.6637824404239372
6389,0.6703716294570377
6390,1.6853207909602417
6391,1.0812306652444992
6392,1.0865729224099312
6393,0.4996940289891523
6394,0.32807587305813013
6395,0.12018433006701623
6396,0.29507563470395515
6397,3.542787528013691
6398,2.8966305984857748
6399,0.0
6400,3.238222998242697
6401,1.7755200242145857
6402,1.8526309589344736
6403,1.96203662733508
6404,0.9072253471418366
6405,0.4468383298737635
6406,0.8616855978461317
6407,0.4553019056841283
6408,0.8974314834768662
6409,1.178633361513925
6410,2.642016676228547
6411,1.0716592679306025
6412,0.3916141759336327
6413,0.275631938237213
6414,0.7849348676205655
6415,2.1233966380076055
6416,0.7825917124922801
6417,0.6318169389642675
6418,1.3199676070253639
6419,2.760870776839285
6420,1.6552753825623594
6421,0.7674921357632728
6422,0.5296813221309417
6423,0.5222116060691099
6424,1.2329429822152342
6425,0.0
6426,0.5661019176594556
6427,0.7406322324389895
6428,0.7979988915239397
6429,0.9520320066208892
6430,0.5118724643193656
6431,1.6192837982418053
6432,2.2652816181770032
6433,0.5890597263467537
6434,1.3224419713675792
6435,0.6344171269109969
6436,2.3315522070877837
6437,1.5701581782014915
6438,8.69677058200024
6439,2.3762372505279097
6440,0.9447228592215022
6441,0.46379227599157447
6442,0.32080629676863537
6443,0.5543146440712122
6444,1.4991146590558884
6445,2.1261654148621307
6446,2.1999389572678396
6447,0.9128678879904519
6448,0.794014056068404
6449,1.666735232930713
6450,0.12544970847911086
6451,0.751339979546804
6452,0.2640476165190344
6453,0.38205521163024536
6454,0.01164452178415476
6455,12.25086194115067
6456,2.9558153941082317
6457,2.218924924983635
6458,2.9364797535278653
6459,2.2288628302512463
6460,1.2877501834025553
6461,2.64039013777551
6462,0.8941617510069086
6463,0.4693891454853366
6464,0.17055807548031665
6465,0.5714309436152063
6466,0.7784126581222434
6467,3.935472543297071
6468,0.3142223099656898
6469,0.8499834442876708
6470,1.0814661744319187
6471,1.1323564921111402
6472,0.18231535479564243
6473,0.46002795679485053
6474,0.031202790920087597
6475,0.3939123568702755
6476,0.7398997872786414
6477,1.3216399086028405
6478,0.41736949218688246
6479,0.3678423215521185
6480,0.377308098949223
6481,0.6648602386260326
6482,0.6312561096479637
6483,0.0
6484,1.019714841847245
6485,0.4473697579999717
6486,0.5531832059289378
6487,0.09635765213984104
6488,0.3560665357712478
6489,1.0345623749714206
6490,2.766679751561539
6491,0.2425121748789214
6492,0.8718059345465886
6493,0.9482560917132223
6494,0.900136980356365
6495,0.5754485798842001
6496,9.204698016428633
6497,3.0913059323983534
6498,2.1061815305712965
6499,2.3760650498326914
6500,1.6601322030710453
6501,0.9102239064740215
6502,0.7937992546253421
6503,2.0189746402450917
6504,1.7957704202305238
6505,2.575565943447339
6506,0.8537538730241852
6507,1.7990164912756748
6508,0.2384145786173022
6509,0.8097684823286354
6510,0.5936997090060392
6511,0.7272960147386682
6512,0.19541250462451432
6513,28.85145307909169
6514,4.059986767925352
6515,7.620146098192083
6516,5.025304060115565
6517,5.40842660526401
6518,1.9950221179345542
6519,1.2859074072691616
6520,2.589554218855454
6521,1.4768679988687634
6522,0.5422443854664872
6523,1.0939393888144138
6524,1.1675656396910086
6525,1.8496427819367485
6526,1.2404659371677798
6527,0.3459241213639863
6528,1.2374745883314917
6529,1.2914419363488099
6530,1.0696659190420592
6531,1.505339648805863
6532,1.117635978438531
6533,0.43852077381864485
6534,2.005235363061416
6535,2.600643843668232
6536,1.7071099550906381
6537,1.0669719427362994
6538,0.8482496501952721
6539,1.1754620255642605
6540,1.5990845964777152
6541,0.52507250948134
6542,1.0826753714430368
6543,0.9003853774456289
6544,0.7051695099118847
6545,0.3917123576318394
6546,2.1193376532358377
6547,1.3991698677522424
6548,2.924212017540778
6549,0.622421709242409
6550,2.703166421140942
6551,1.592717116037343
6552,3.7952327178004115
6553,1.1645255160276398
6554,10.29492240857692
6555,5.250674745781222
6556,2.8998043573567096
6557,1.6886956500041723
6558,1.2656423789311886
6559,0.8692390533228376
6560,1.0792458548348096
6561,1.4369089316644255
6562,3.3940008819919196
6563,1.6206952840577278
6564,0.6047280027092559
6565,1.8614893420979826
6566,0.22580133284729986
6567,3.159485254956333
6568,0.7457086663611351
6569,0.931755766205752
6570,0.158037027223757
6571,17.333356947745465
6572,2.4655493140871805
6573,1.7311564981937932
6574,6.308291001733421
6575,8.207844799223638
6576,1.837458714593015
6577,1.7882980561711797
6578,1.7896727371825427
6579,0.7589497293701545
6580,1.037185999133037
6581,0.7180780550820376
6582,1.2525409364201472
6583,2.4026942270699
6584,1.2380649478837207
6585,0.24563984332623368
6586,0.4500890663556578
6587,0.6565709906650136
6588,0.667910228538627
6589,2.857565841889846
6590,0.8134034158544082
6591,0.4432051716466433
6592,2.7790687008993764
6593,2.3470694798210525
6594,2.8445407878032585
6595,0.8522943055856297
6596,1.0210020261422392
6597,0.5221313607258811
6598,1.6961403597814844
6599,0.323855081332318
6600,1.730003859853579
6601,1.521045522165144
6602,0.7238227438650513
6603,0.32103432853351066
6604,0.7380687922647685
6605,1.3446251765124897
6606,2.896722676086254
6607,0.34337523490436483
6608,0.552592913158223
6609,0.6205804449812903
6610,2.5865869780355077
6611,1.430864589365673
6612,6.438014914421684
6613,6.811465497302183
6614,4.311605403646492
6615,1.58884963221746
6616,1.571909624880627
6617,1.0847298188163326
6618,0.7079198370763558
6619,7.60676924405296
6620,3.1882718038143745
6621,2.527492353402289
6622,0.7216717707304965
6623,2.41928530362131
6624,0.43364330290591335
6625,2.457691088347813
6626,1.1994808325935258
6627,0.7419130435192965
6628,0.9431245382886762
6629,37.00503821181482
6630,4.393661813382534
6631,0.0
6632,4.631494760950577
6633,4.4422903644241565
6634,2.330579928049434
6635,2.684759314571049
6636,3.8889372509785693
6637,1.282934971727114
6638,0.10658619777391332
6639,1.540467798550175
6640,0.6544027150050837
6641,3.3458853830293327
6642,2.5025619351692088
6643,0.48183639933425215
6644,1.8980073578002634
6645,0.3195658508959214
6646,3.4323780994878277
6647,2.6920265529440126
6648,0.9050724736208974
6649,1.1758931318071453
6650,5.112588362313852
6651,2.2016793836025053
6652,2.8152070299145184
6653,2.787929246666269
6654,1.9742276562347902
6655,1.4939494705460097
6656,2.433229753212611
6657,1.762064932754535
6658,1.608679506681208
6659,0.7828300475308352
6660,0.9817921855388281
6661,0.5470332221685938
6662,1.0766678581298423
6663,1.9976353059994243
6664,5.683937335966223
6665,0.32818360980381533
6666,1.210812922052173
6667,1.6225154790580674
6668,7.157128284214635
6669,0.29032876244391015
6670,11.1639201712641
6671,2.6651535187162985
6672,1.5799816349744547
6673,1.503598802510838
6674,2.3462889565552003
6675,1.208236645456647
6676,1.038927852376726
6677,2.975306510922877
6678,2.632359386163696
6679,1.9079054482635893
6680,2.545904207934314
6681,2.093286188298649
6682,0.4380863792391555
6683,0.9550368523403807
6684,1.9989156673694577
6685,0.8576648880650303
6686,0.0348601753051232
6687,34.128640195373784
6688,6.397549340092692
6689,3.4726417847449045
6690,6.117504979832373
6691,2.660297237653643
6692,3.1232517938658315
6693,2.0447895666146123
6694,2.139479125094697
6695,1.278611213986373
6696,0.6068698401987108
6697,1.3054131642730775
6698,0.8483538809290394
6699,2.6175237405456264
6700,3.011175726617614
6701,0.8766378522582101
6702,1.4493331054172518
6703,0.14827179137081026
6704,0.8993865468459374
6705,0.6800417928355006
6706,0.411655375260786
6707,0.9801025888741737
6708,2.351435126856634
6709,1.239239288939004
6710,1.4113818641392744
6711,1.919894310761605
6712,0.7905733700168602
6713,0.2000302880524143
6714,0.7305620747604596
6715,0.02473279099854797
6716,1.3619510637908943
6717,0.625046141014772
6718,0.2754926279404699
6719,0.5677573625672797
6720,2.059925339255888
6721,0.5412542696049166
6722,5.671592418202823
6723,3.8547267506112237
6724,0.632682344078371
6725,0.7210495773103769
6726,4.287514926494307
6727,0.32590388927129266
6728,13.118587796656191
6729,3.9329100275151805
6730,1.4354775977651295
6731,1.1231344862307129
6732,0.9834881525315478
6733,0.5777453473935305
6734,1.0619787564217087
6735,2.7708152168629807
6736,2.3313877590936336
6737,2.5200145207795552
6738,1.6516578141018574
6739,0.7652470120363044
6740,2.2380091868407512
6741,0.45241004074938873
6742,0.5214580092563504
6743,0.875434968469597
6744,1.0010631532345762
6745,16.879363512414713
6746,5.944742784537217
6747,6.661985856892516
6748,3.1434254492920406
6749,1.5723439324027546
6750,2.6671926741004577
6751,2.3962051336305663
6752,0.45168426810835927
6753,0.6636189491475916
6754,2.2695070090336054
6755,0.6799946902176112
6756,1.1031783033374545
6757,0.9994825753074223
6758,2.7662948817372457
6759,1.7022032456113818
6760,0.7106901655312483
6761,0.462414137355037
6762,1.5105970403107187
6763,2.292509039510918
6764,0.9330257651781055
6765,2.1885342556064735
6766,2.224232228515056
6767,2.572873130342908
6768,2.6694058971255035
6769,1.2971435122310726
6770,0.36994219618278557
6771,0.6642727986765298
6772,1.6872848138997982
6773,0.3948004171229995
6774,0.6509939698693892
6775,0.3049151894613813
6776,1.0920214688368284
6777,1.2992543687221352
6778,1.1763161392389925
6779,3.3032496542210144
6780,3.0186638163530164
6781,0.9420997193794689
6782,2.0486315414766936
6783,0.9755333582387173
6784,3.3666002469963012
6785,2.0490037019606513
6786,3.0474739369465853
6787,2.989982376802763
6788,2.4514277819896915
6789,0.38931815489384614
6790,0.48581283474283654
6791,0.10261428962031927
6792,0.300689516064625
6793,0.8730144413730162
6794,1.2787293437984295
6795,0.8770317641551669
6796,0.9963893199996458
6797,0.6986214431399456
6798,0.4450791474207124
6799,0.2586592433218238
6800,0.27612911158697107
6801,0.0450707357646003
6802,0.16334890421268855
6803,4.075070370020789
6804,1.6400797627973163
6805,0.0
6806,1.647061542667575
6807,1.8183138165808421
6808,1.658194688453127
6809,1.464349950822314
6810,0.17641527582787342
6811,0.31784677805780115
6812,1.068469929172856
6813,0.3318013037162617
6814,0.23018350462020987
6815,3.9718586662992297
6816,0.8988692203119523
6817,0.45375526142131284
6818,0.29815243292897753
6819,0.1743573373560554
6820,0.2730046886846491
6821,0.9206693907890837
6822,0.2848734985237078
6823,0.13839168437971905
6824,1.6736870999679956
6825,1.846425506501522
6826,2.332170996933102
6827,0.7903018798650437
6828,0.3850198387813176
6829,0.3990439316702509
6830,0.6344573375750141
6831,0.06949747607127521
6832,0.5348600490803878
6833,0.38564199317808034
6834,0.5230174875939138
6835,0.5750246394499163
6836,0.38508106260674335
6837,2.6083258074910822
6838,3.1515921661236166
6839,0.3178420234918298
6840,0.7723095402002064
6841,0.4841812402557597
6842,1.0305354917903973
6843,0.31011668999806363
6844,3.675765652302001
6845,3.2272903250709257
6846,2.1245961883481663
6847,0.4546581571668492
6848,1.8467425542161509
6849,2.13742366116332
6850,1.0241966176068555
6851,4.748181876731686
6852,2.118385814414216
6853,2.29297653164298
6854,0.9455457545941672
6855,0.9132770279058056
6856,2.307770239033789
6857,0.17432482159072826
6858,0.6737882629223556
6859,0.2076714097902903
6860,1.8386284935477357
6861,21.17013487069032
6862,2.559499113371208
6863,5.6576883228026205
6864,4.414698090445018
6865,2.2195255195950727
6866,4.722850730724856
6867,1.0177394468922802
6868,1.2893442977267249
6869,1.1029613484133924
6870,0.8579303135741851
6871,0.14009754263034901
6872,0.2418687306338958
6873,2.1433010729714157
6874,3.8617356473630506
6875,0.07685416466896777
6876,0.1657387417208691
6877,0.04667533564568127
6878,2.2726555211175183
6879,0.7266094785946613
6880,1.2048702704651306
6881,0.3099574381968162
6882,3.7388182473660363
6883,2.2929617767180033
6884,1.5962304260245745
6885,2.015302566230371
6886,0.9126860254510409
6887,0.2467378683492445
6888,0.42953453216827375
6889,0.0
6890,0.36596144063675307
6891,0.3306373233862352
6892,0.5295064993072008
6893,1.2690592620568106
6894,0.5427098942500491
6895,0.3823866629879372
6896,3.0934472147009444
6897,3.0502705950455495
6898,0.4767963221389995
6899,0.5514347937521639
6900,4.671544231349808
6901,0.31684424239197617
6902,3.365798458624986
6903,2.2093808605236473
6904,1.1342395835594004
6905,0.7552288003794804
6906,1.4407103409542195
6907,1.0333714547021133
6908,1.0120863709589745
6909,4.289079550745601
6910,2.026310062124664
6911,2.0108129118377027
6912,1.3450141737116987
6913,1.715351463001247
6914,0.33601421093052486
6915,0.214578074143722
6916,0.4615294459439614
6917,0.15064081224977732
6918,0.251672548825848
6919,18.964788089970888
6920,2.980022123709259
6921,7.0779939354018335
6922,4.394326493981689
6923,3.1161066758556544
6924,2.0308939269737003
6925,1.547719105100727
6926,1.9812717233299206
6927,0.8332162320476418
6928,0.916720282117093
6929,0.6614989298124192
6930,0.2642426684882613
6931,2.4266355517943086
6932,2.538583145352238
6933,1.3729513500428459
6934,0.1283463390933035
6935,0.1441208432969856
6936,1.1454849637695381
6937,1.2692694370871374
6938,0.5470114480299397
6939,1.340098078175211
6940,6.735281837776586
6941,1.9621345885603225
6942,1.6559752917815473
6943,1.6710242880016062
6944,0.0
6945,0.35902780265029044
6946,0.6701336987714601
6947,1.5757222411329952
6948,0.4398029902883095
6949,0.22283506516144147
6950,0.5053026213118826
6951,0.20677325025178672
6952,0.5202675028928837
6953,0.4535938725696924
6954,3.27297345721843
6955,2.777296405520188
6956,0.8873882378280331
6957,0.5815030475600125
6958,1.0598873795148598
6959,0.9842645478894021
6960,8.889254482337305
6961,3.6505988716775577
6962,1.867667647365804
6963,0.7911808080720313
6964,0.9654396502073865
6965,0.3622721166331737
6966,0.5844847899931035
6967,1.9551083899033388
6968,2.209663350416931
6969,0.8281383877251719
6970,1.7672946331349844
6971,1.2568664653850414
6972,1.5970304781125901
6973,0.6201852290610536
6974,0.5636576541569991
6975,0.3093366137824076
6976,0.4577125478068206
6977,4.266252372227649
6978,4.040760745326305
6979,0.0
6980,4.197579614773601
6981,1.6786511186672524
6982,2.28235744186701
6983,2.416542187842546
6984,1.180173547045855
6985,0.6193932670832597
6986,1.342895405945465
6987,0.5206175799367158
6988,0.676908078151329
6989,1.0027665362889808
6990,2.8066816498917904
6991,1.4944494061114022
6992,0.4340248276149853
6993,0.45115724799703494
6994,0.7922544022703532
6995,1.9517156643332818
6996,1.1596597416411496
6997,0.7694515714518213
6998,1.7772457567335955
6999,3.263130521384355
7000,1.831413998784207
7001,1.2377048845451726
7002,0.7385050364799873
7003,0.6438164241035823
7004,1.4880156795828017
7005,0.0792356046391074
7006,0.6729090143540327
7007,1.005364230121435
7008,1.0030628474359282
7009,0.8995184454613725
7010,0.5920343157050513
7011,1.973469543802497
7012,2.068442167671932
7013,0.5328401473755676
7014,1.3290835585735394
7015,0.7231554253458184
7016,2.8338668487175553
7017,2.500566127838099
7018,8.827817721213368
7019,2.5381863734756847
7020,1.1837531893517745
7021,0.5328600355649827
7022,0.31494355720805034
7023,0.6293642795904155
7024,1.1212392878434294
7025,2.3655317998657672
7026,2.121335707012935
7027,1.0187869613525138
7028,1.2681460735114807
7029,2.4790850327127143
7030,0.21477828845322677
7031,0.8528671116726896
7032,0.5268870685230024
7033,0.5562063581570085
7034,0.12001884047345523
7035,15.884272579428055
7036,3.7498087013457013
7037,3.2686338120096767
7038,3.7688331143623017
7039,2.558128890274786
7040,1.2804911984030576
7041,3.0594052388321784
7042,1.1383154295319633
7043,0.6704215448295231
7044,0.23747563427391172
7045,0.9517706632382211
7046,0.9099205932925323
7047,4.308578214131478
7048,0.35386856108043774
7049,0.7754823122062092
7050,1.1830672111446747
7051,0.8956342706214754
7052,0.23143145439573454
7053,0.3657873987152067
7054,0.13048008653000287
7055,0.43924408151880057
7056,1.1485633785135068
7057,1.5839556623051474
7058,0.7241114256925022
7059,0.40904963663416105
7060,0.6898393923436147
7061,0.6538569021864212
7062,0.7401087245367942
7063,0.0
7064,1.041817722939278
7065,0.45104151980663176
7066,0.5892545504792054
7067,0.1419962427434418
7068,0.4297639247033783
7069,1.1346066773782482
7070,3.3357471559402248
7071,0.31155436555750415
7072,0.8272121843038478
7073,0.9872765612464938
7074,1.041656023597754
7075,0.5585857107494979
7076,11.593930255057463
7077,3.180933949378315
7078,2.5720007431350815
7079,3.372289709538568
7080,1.7871297300869093
7081,1.1710327277341432
7082,0.7852044299213297
7083,2.502908680961561
7084,1.964080785072766
7085,2.208578980634189
7086,1.5726066763002433
7087,2.1653889973469367
7088,0.5128168791770574
7089,0.7785888611948307
7090,0.9280713392245495
7091,1.060284975256846
7092,0.29775618809833815
7093,32.58019660066918
7094,4.715259328649973
7095,10.106669662054315
7096,6.263416683676453
7097,6.666403149198755
7098,2.4625113312005062
7099,1.6010010612316103
7100,2.846113047695987
7101,1.8563700287400002
7102,0.7438569549753251
7103,1.8792905055766957
7104,1.2257012713291193
7105,2.710899556463726
7106,1.5156149843405904
7107,2.0998980038381223
7108,1.4545088811214189
7109,1.178387181806399
7110,1.545084497780342
7111,1.6082936049666852
7112,1.4169590031103283
7113,0.6455449790393838
7114,3.213730515333997
7115,3.631419713677986
7116,2.504786935223061
7117,1.3736258422688397
7118,1.1548889711533457
7119,1.5502432277199847
7120,2.0969790714897716
7121,0.734536830142858
7122,1.2629303234217641
7123,1.2784108781217887
7124,0.7992930246551476
7125,0.33588034683633783
7126,1.7329960042760988
7127,1.385301658773828
7128,3.2955474214570053
7129,0.6281663027010574
7130,2.2565942076921814
7131,1.3262850795249868
7132,4.1573648784862876
7133,1.5501486552287853
7134,11.046875141304573
7135,5.405272921657654
7136,3.1521520042094267
7137,1.5713538229118105
7138,1.5367971468588402
7139,1.1607507462615956
7140,1.482491741555669
7141,1.8059315724497393
7142,4.2402130563714815
7143,1.9776663343162473
7144,0.7798023085033886
7145,1.9755093554252254
7146,0.3358042703747224
7147,3.5307591730091836
7148,1.1144102396947912
7149,0.7650283167218074
7150,0.23350579766105817
7151,18.894723884275475
7152,2.8802015208826677
7153,2.240565646458141
7154,6.632649141174713
7155,9.549995636894636
7156,2.3777248164062716
7157,2.443597594330206
7158,2.1464438631742118
7159,0.7271018885428467
7160,1.2894689028139694
7161,1.095779574193127
7162,1.7549680262071856
7163,3.0374104663897565
7164,1.7301272574766773
7165,1.104135195012189
7166,0.5136044476235947
7167,0.876325740943576
7168,0.8360243179580492
7169,2.9545381534565625
7170,1.4697373313945377
7171,0.5077868363377301
7172,3.8727878820841757
7173,2.689705730982343
7174,3.187638158310273
7175,1.6531058380514678
7176,1.470343173860205
7177,0.6219673004326857
7178,2.0902701909923858
7179,0.5259287097242706
7180,2.34683472130049
7181,2.1465591823635704
7182,0.9018018559907137
7183,0.44932782334662724
7184,1.0607093749118865
7185,1.2914517283914628
7186,3.0265997364844512
7187,0.5573357042133001
7188,0.7840681611241498
7189,0.6095438742166494
7190,3.7710366500124826
7191,2.4161490075669345
7192,7.318406028545216
7193,6.491544474658128
7194,5.957963426046248
7195,1.9094495115601426
7196,1.4795110115766557
7197,1.333003941763311
7198,1.1344073886026083
7199,9.368255402536812
7200,3.7512390190408187
7201,2.7925751008156765
7202,0.9110633198875893
7203,3.0896842919611953
7204,0.6331522690089858
7205,2.665156084944055
7206,1.2685375146218518
7207,1.6206879187314311
7208,0.9056571914217137
7209,38.38401338965281
7210,4.663048711566911
7211,0.0
7212,5.020781769453633
7213,6.4064029960665625
7214,2.5987941044198815
7215,2.885033201656246
7216,4.859284044376224
7217,1.394319937765682
7218,0.30697166942933674
7219,1.7283048147041744
7220,0.8547348968094133
7221,3.000104126320884
7222,2.7290077076193437
7223,0.46561361747719265
7224,1.9178501203782519
7225,0.752009011608543
7226,3.7663581985624455
7227,2.7928126960055533
7228,0.9571082933183173
7229,1.5019409580479657
7230,6.8624844286888775
7231,2.66968454211035
7232,3.9936313193748068
7233,3.2384582105159154
7234,2.2169903774032247
7235,1.9898854632759297
7236,2.843514901102344
7237,2.278098886419071
7238,1.842998228319707
7239,1.26798582669233
7240,1.3165680582707175
7241,0.8190277477803465
7242,1.0137222968065844
7243,2.3085321710547344
7244,4.874926786302813
7245,0.47281596334367304
7246,1.9963826401456557
7247,1.689041977544296
7248,4.5305349887544395
7249,0.3668364506816537
7250,11.949018191111046
7251,2.9012690501387457
7252,1.5358870164417164
7253,1.2916797884616533
7254,2.605938694562698
7255,1.5832263167294094
7256,0.8956956108341175
7257,3.966253610085549
7258,2.944925720308565
7259,2.189622569730688
7260,2.764698114283486
7261,2.5928451895192905
7262,0.6739094762404774
7263,1.103405467325429
7264,2.3612301420185857
7265,1.066122319856106
7266,0.13537425990191743
7267,34.89062231795869
7268,5.6194489798428995
7269,5.529737757954276
7270,7.287017880305963
7271,3.3731294432557597
7272,3.3944650759433723
7273,2.491260223404579
7274,2.4262772305590112
7275,1.7766187232709674
7276,0.809329112157208
7277,1.7658757099803473
7278,0.6705473076563483
7279,2.9002511272900104
7280,3.5334821800460645
7281,0.8510210895518676
7282,1.2550104422349302
7283,0.11908280611213762
7284,1.2065306816613615
7285,0.8072815329165844
7286,0.3713532729307958
7287,0.9234299386114374
7288,2.7333675101055546
7289,1.433098041439976
7290,1.6576059074081064
7291,2.6222422890501544
7292,0.794203453109529
7293,0.25222787469466956
7294,0.9282747559080244
7295,0.09668358120525666
7296,1.8786962277631112
7297,0.8190896761752217
7298,0.37087881508061704
7299,0.6507889828628757
7300,2.0950787365036065
7301,0.7810151812465069
7302,5.797693373957599
7303,5.248591605380249
7304,0.6965430440551457
7305,0.8179927833681191
7306,7.849403303771495
7307,0.4327456459981095
7308,13.780424779427442
7309,4.937591517587503
7310,1.2123914015114488
7311,1.2304200933938927
7312,0.8928837790500326
7313,0.5777464736968893
7314,0.9301181760688946
7315,3.238824438312781
7316,2.522960256949448
7317,2.6945540106653936
7318,2.4025190635050073
7319,1.169562965456987
7320,3.0174214710089924
7321,0.5702704538298843
7322,0.814525509251246
7323,1.2543065681852004
7324,1.3337690335050258
7325,18.66173452164145
7326,5.914413474958441
7327,8.1059469220138
7328,3.4597423011707424
7329,1.9240520572657522
7330,3.532730030278156
7331,2.837001706687421
7332,0.6668606043982993
7333,0.8358404734157191
7334,2.3685321664408274
7335,0.6488149670165876
7336,1.3461996219000245
7337,1.3282283548269203
7338,3.2452880436385976
7339,1.7695312988162801
7340,0.9706618770726969
7341,0.8671321261251113
7342,1.7595415573015463
7343,2.2923570551653403
7344,1.5797039101470363
7345,2.0876218031660505
7346,2.5730039903204913
7347,3.1031357960702386
7348,2.9143746807231303
7349,1.6466105419085468
7350,0.461378002514761
7351,0.8637702560988323
7352,1.8422023922463313
7353,0.6614128759748289
7354,0.7445525404008728
7355,0.3991957209921717
7356,1.1654589514933946
7357,1.3057669681007973
7358,1.8440665471224007
7359,3.410937671193266
7360,3.0714898110636204
7361,1.2004822714079881
7362,2.3062627517600514
7363,1.0467729839935085
7364,3.65237839015079
7365,2.397357740736521
7366,3.4821892646466908
7367,2.7173493221653877
7368,2.6079285122474394
7369,0.3893909430858815
7370,0.6307221653178894
7371,0.19896902735367794
7372,0.4274656880632478
7373,1.164434706943478
7374,1.5155997263332561
7375,1.1184524677529195
7376,1.1351059997697428
7377,0.8211694421763068
7378,0.6746673211387598
7379,0.5062512860550721
7380,0.4013637872033957
7381,0.2545954574200835
7382,0.5581663623579233
7383,4.602369961534745
7384,1.693346999473494
7385,0.0
7386,1.8889346282310582
7387,1.6487170446110175
7388,1.6952793793131176
7389,1.915686669378144
7390,0.2776920241560956
7391,0.4463777157620923
7392,1.344504684862058
7393,0.446417815230682
7394,0.3406011489513925
7395,3.5703199079606254
7396,1.119082670516396
7397,1.3424958527447746
7398,0.37168441192596324
7399,0.16314204592922277
7400,0.30446275760268726
7401,1.098650946572693
7402,0.5084085958080727
7403,0.19546083423966332
7404,2.54809012186988
7405,1.8705698978635703
7406,2.7348910920830445
7407,0.878989614544448
7408,0.4213060288800309
7409,0.6188902347198628
7410,0.7639230422286334
7411,0.20570463557646756
7412,0.7504889679942596
7413,0.4812734571408499
7414,0.6325323204535728
7415,0.711957436991914
7416,0.4932174465791568
7417,2.11454486531951
7418,2.893839120244262
7419,0.392162840525922
7420,1.018095168910949
7421,0.676616144958847
7422,1.1450849748992973
7423,0.4214082018796411
7424,3.4056321711839828
7425,3.5996561600559045
7426,2.236717917493513
7427,0.6396645854277304
7428,2.2972665604482336
7429,1.723747943164114
7430,1.1650149999411084
7431,5.072698368111976
7432,2.6425122453167518
7433,2.20010575764623
7434,1.335669060984337
7435,1.0395291560670694
7436,2.3873980614119983
7437,0.21025654032238195
7438,1.1860401794403075
7439,0.3331348904444924
7440,1.7894009609838695
7441,25.02879200166839
7442,3.5453601372473202
7443,7.302968388250565
7444,4.952303929931416
7445,2.006555740877041
7446,5.062288089425572
7447,1.2316750693333218
7448,1.2515099457336396
7449,1.0763565303611473
7450,0.9899037749121681
7451,0.2382027854152513
7452,0.3257912451629359
7453,1.7497230767938823
7454,3.58657297661428
7455,0.35937556419664185
7456,0.2476984615603628
7457,0.1434048989065082
7458,1.7730621468883845
7459,0.7778334154933697
7460,1.0191266011511555
7461,0.38141014262398165
7462,3.4894782851928894
7463,1.9820233993197678
7464,1.5626857362874582
7465,2.4723301983542747
7466,1.0564029308213736
7467,0.3539090492051067
7468,0.6624873863879241
7469,0.0
7470,0.5398449179012362
7471,0.4754081373547874
7472,0.6578893944830347
7473,1.1874622843816791
7474,0.6341270433664534
7475,0.7286568600795675
7476,3.1472249262789997
7477,3.195589034650076
7478,0.6002475010399174
7479,0.5892031437480104
7480,4.6633156542050465
7481,0.3292029967228416
7482,4.504076556756649
7483,2.724831010653473
7484,1.3606269766742318
7485,0.9109452197752905
7486,1.4045168942576978
7487,1.2977710502479718
7488,0.9687953728036138
7489,4.71512655146911
7490,2.027730530130036
7491,1.8158017865562583
7492,1.533758541036393
7493,1.787523710310639
7494,0.45910757082229736
7495,0.31400881225786237
7496,0.5404503313956063
7497,0.3327183063389021
7498,0.5578627618996228
7499,20.47263877648805
7500,4.381921749747095
7501,8.456979176516786
7502,5.398958902505029
7503,3.3531337548260476
7504,2.1178504592248393
7505,2.1701639115743525
7506,2.312672752657707
7507,1.0219401501645373
7508,1.0999605983374496
7509,0.6464833093365131
7510,0.3840724494061788
7511,3.075427338076807
7512,2.4448514445653835
7513,1.0965935091348225
7514,0.15705323897122403
7515,0.2251459009647947
7516,1.2937510019208225
7517,1.2910693032377696
7518,0.8259106046771886
7519,1.421826894497081
7520,7.2635858197955425
7521,2.2286507246186815
7522,1.8639708549535563
7523,1.8769978519931485
7524,0.10175157207353158
7525,0.4838956638024112
7526,0.7806154791225888
7527,2.0787073718723934
7528,0.519250644339624
7529,0.31368004330275223
7530,0.7134890555222099
7531,0.2697344449785397
7532,0.5820177057747077
7533,0.553200392320976
7534,3.193999121779373
7535,3.4817660420182435
7536,0.9448182698313803
7537,0.5146104729553622
7538,1.5309334590981027
7539,0.7990772939679325
7540,7.511059789119272
7541,3.036373215793292
7542,1.8259410704526586
7543,0.6205230639333532
7544,1.0308048412563018
7545,0.3579694873405934
7546,0.5824613206155291
7547,2.5394437722354963
7548,2.1167939098475914
7549,0.8678634228925001
7550,1.9799462903692377
7551,1.472361850923136
7552,1.7912360412949977
7553,0.6973674704885452
7554,0.5103412125259118
7555,0.3099028240799153
7556,0.2944739556667899
7557,3.5440558746273547
7558,4.019893578237414
7559,0.0
7560,3.1453123674879384
7561,1.8204018821725978
7562,2.285258687947699
7563,2.4456228299630034
7564,1.0933391002786668
7565,0.8111969789018172
7566,1.213760469864492
7567,0.6466149845514604
7568,0.8791154955367262
7569,1.063863370397108
7570,2.275784714174631
7571,1.783639044271534
7572,0.4686506517062581
7573,0.3198746669393373
7574,0.970137488286147
7575,2.151606481644792
7576,1.1159012679820124
7577,0.6249997638189408
7578,1.5575213578257026
7579,3.0626173809982316
7580,1.989249540143746
7581,1.1229996123503352
7582,0.5621524723227649
7583,0.7225450139483369
7584,1.6092032041248836
7585,0.12516997679850972
7586,0.6434729166522852
7587,0.7944718974089955
7588,0.779879263822861
7589,1.03285318759226
7590,0.6061799949141539
7591,1.8171352553510505
7592,2.3009452611763344
7593,0.6852880094690044
7594,1.7312472816569988
7595,0.7716240514097218
7596,2.834743345924241
7597,2.663123184496907
7598,7.953364085824937
7599,2.3875741828442023
7600,1.0915562920697308
7601,0.5056269978090238
7602,0.3772281571020927
7603,0.6758181783293878
7604,1.3651852895732306
7605,2.898699418546476
7606,2.157260426005843
7607,0.9891212300940367
7608,1.472330394278067
7609,2.453989146084193
7610,0.27180553586886824
7611,0.8303901225630608
7612,0.785703413697027
7613,0.7100140809063635
7614,0.15135207007868856
7615,11.059204327679915
7616,3.4710155722491476
7617,3.033646704359208
7618,2.6998931271999345
7619,2.749606838079058
7620,1.6305188383581761
7621,3.0384383177109284
7622,1.1886508179708928
7623,0.6638048674850416
7624,0.23506208511537308
7625,1.0005317854554852
7626,1.104446229461128
7627,3.7636996709011665
7628,0.3612824641542798
7629,1.8629322193491031
7630,1.138365315743293
7631,1.1380673272181006
7632,0.24833993519453124
7633,0.4068710264110925
7634,0.13170006252081579
7635,0.49367674487216273
7636,1.2333924246106043
7637,1.6484341549398607
7638,0.8058023952057909
7639,0.5206621910684754
7640,0.5337631909973235
7641,0.80984452269689
7642,0.7429273442435828
7643,0.0
7644,1.1453125851222676
7645,0.5302426679879543
7646,0.5722165969596257
7647,0.2073858914474378
7648,0.484438103570489
7649,1.473883899149706
7650,3.2801409490746303
7651,0.2990182996440671
7652,0.6985598115951689
7653,1.2261006519537383
7654,1.2134985477158808
7655,0.553666980980219
7656,9.762369336057821
7657,2.8135847030205703
7658,2.402625175453703
7659,2.4554603869522396
7660,1.5605804705574093
7661,0.8283604918407363
7662,0.8981296894743547
7663,2.707558132503487
7664,2.318574375407954
7665,2.1137577288988316
7666,1.4912378163076772
7667,2.3855139319065173
7668,0.5333916559970051
7669,0.7651604762835098
7670,1.144584719254968
7671,1.2099955804695226
7672,0.33329478685440095
7673,30.520074271643452
7674,3.9481825075180073
7675,10.326440269625902
7676,4.583740669910936
7677,13.004753566389622
7678,2.359008179663385
7679,1.5890877759160742
7680,2.6335057018120835
7681,1.7783447450907108
7682,0.7256091233828375
7683,1.6529095137701546
7684,1.569504597647983
7685,2.413340841587753
7686,1.3114280715144475
7687,1.5574973636645895
7688,1.1839987106127372
7689,1.1737993801400533
7690,0.999070534079231
7691,1.5361846744901895
7692,0.9110062890156239
7693,0.48490809965907544
7694,2.903364765028039
7695,3.6520436988719216
7696,2.406211582577065
7697,1.4372206047372944
7698,0.9540555129213355
7699,1.500119583895254
7700,2.141797444950335
7701,0.9675780616188565
7702,1.4085908701480174
7703,1.1419574979297489
7704,0.7927933935243561
7705,0.4416594790886005
7706,2.287759056254011
7707,1.3256441300946915
7708,3.9564156367595555
7709,0.6791911839377408
7710,2.2037237576959
7711,1.3576003902305747
7712,4.372018436699744
7713,1.3414404065056231
7714,9.06726035968635
7715,4.294000434823431
7716,2.8960476094663363
7717,1.5605796321290666
7718,1.1944628537660047
7719,0.9902752521544578
7720,0.8454030625201518
7721,2.298697852620546
7722,3.9917068628566326
7723,2.0294368205167004
7724,1.5463933519672703
7725,2.4459683211568217
7726,0.4076448585328155
7727,2.6706722338456315
7728,1.0563650388757904
7729,1.4225405170449925
7730,0.28207178693686275
7731,15.933614032668315
7732,2.693329140211561
7733,2.3536202392650467
7734,5.4360687219675405
7735,9.82511919739921
7736,1.9521548790107413
7737,2.2395817256997814
7738,1.8888937866170097
7739,0.791782741548688
7740,1.1495182779983626
7741,0.8664729082841344
7742,1.2843986071106255
7743,2.7994612151177107
7744,1.5927579730847263
7745,0.8276042739602583
7746,0.6720034495439039
7747,0.587104393358008
7748,0.5824134814922979
7749,2.575484589371288
7750,1.2904849737705464
7751,0.6062866509613879
7752,2.9437490651264193
7753,2.678181174474034
7754,3.235064366199341
7755,1.278261652262121
7756,1.152985240989704
7757,0.5851199123239451
7758,2.038586017932461
7759,0.4330075417574115
7760,2.0696538156679836
7761,1.9202378556798778
7762,0.7423261869581677
7763,0.5088254423555825
7764,0.9295748195806387
7765,1.548746683630508
7766,3.642642901983836
7767,0.5002235837221619
7768,0.8938816299834575
7769,0.6701611634807958
7770,3.485982301166999
7771,1.5686371326505788
7772,5.208066069135027
7773,5.2760739652477895
7774,5.38664903240971
7775,1.971619771910609
7776,1.52287191267741
7777,0.8456009634037006
7778,1.0139755203034837
7779,12.97646994667755
7780,3.8884702851496007
7781,2.901751077485355
7782,0.9076671171101681
7783,2.8936402169995707
7784,0.7017991816458601
7785,2.7007581876238014
7786,1.4296508407000776
7787,1.7844261650221505
7788,1.0530312309894678
7789,35.891683147472264
7790,4.956824565569411
7791,0.12698715993702026
7792,4.431764545187043
7793,8.721289114893459
7794,2.6092788225851624
7795,3.063721510708331
7796,4.601348940994942
7797,1.641691628883955
7798,0.36807533291744265
7799,1.6828632472758738
7800,1.2213615206938653
7801,3.447400683371489
7802,2.4775118943465713
7803,0.7854593503733436
7804,1.767277583219427
7805,0.7297478563487924
7806,3.929132586028943
7807,2.8752677653363388
7808,0.8560834123082135
7809,1.0960246983261266
7810,6.870398643373238
7811,2.388191180850448
7812,3.5384974603369868
7813,3.3707006612241597
7814,2.1789020829678765
7815,2.1385353392336333
7816,3.2037734931523767
7817,2.4722093214729974
7818,1.671575237647877
7819,1.3943117740480773
7820,1.2381562935768287
7821,0.6713490619193313
7822,1.3547786574687504
7823,2.3347291059831448
7824,6.377973626015078
7825,0.6518280440372193
7826,1.7996286076324457
7827,1.6430728681603353
7828,4.518245399111224
7829,0.405944532809277
7830,10.241493236751927
7831,1.977886720727253
7832,1.299539689564167
7833,1.2862364776932356
7834,1.9265593317802798
7835,1.085197006864179
7836,0.8944152061681157
7837,4.399989687345705
7838,3.3597792661361146
7839,2.2790892644902483
7840,2.6949755556967343
7841,3.324253083955194
7842,0.6452503528470664
7843,0.7979132072847006
7844,2.1838792870923807
7845,1.1377906172666115
7846,0.13175390812750942
7847,25.651028083762593
7848,4.409774585560008
7849,3.5486551938573707
7850,5.009451851935474
7851,2.7499594840481816
7852,2.5801393457028734
7853,2.638494071612107
7854,2.4248131020501793
7855,1.6739207378191374
7856,0.9304662434494109
7857,1.8641758411135454
7858,0.7453720943835734
7859,1.8671086790057667
7860,2.702766561268078
7861,0.7091975925819498
7862,0.8721475084363327
7863,0.08232574957584671
7864,1.0612266108230606
7865,0.6506130226558667
7866,0.466002535496718
7867,1.0433793859526106
7868,2.294833781954786
7869,1.540085802281271
7870,1.3442182574945516
7871,2.5237227149743706
7872,0.5780819028230154
7873,0.28945039658956184
7874,0.8625982709051601
7875,0.16179606010150693
7876,1.7372623686219246
7877,0.736627120808751
7878,0.37230123038871876
7879,0.5999597804844015
7880,2.968709218376949
7881,1.0731400011391308
7882,6.028104722883388
7883,5.208753111123959
7884,0.8403254897017349
7885,0.8385777407161957
7886,4.872220386594593
7887,0.4394331420135279
7888,17.88824599489055
7889,4.051530513089577
7890,1.3139710246187575
7891,1.2623008170024868
7892,0.9379012272462273
7893,0.5691564042829141
7894,0.8306740554539777
7895,4.192093590580323
7896,2.5763696714513875
7897,3.1334306358844133
7898,2.522471545486305
7899,1.2513163174805038
7900,3.112141210822943
7901,0.607057612531535
7902,0.9550234924500565
7903,1.240459120305177
7904,1.0492162738760684
7905,16.447487853436012
7906,5.733835684028456
7907,9.725362229826615
7908,2.8183718350922553
7909,2.0847431587934135
7910,3.0737293266656236
7911,2.763548622094685
7912,0.8885845547080369
7913,0.8750305614651455
7914,2.4349568652112112
7915,0.8032879260439136
7916,1.5220425902852601
7917,1.4762191621314904
7918,3.443729083904216
7919,1.8050747233050597
7920,0.758088465018137
7921,1.096247376626121
7922,1.7700204801282888
7923,2.388495264466087
7924,1.313829940282799
7925,2.4213802748629782
7926,2.621219796686855
7927,2.826218083202294
7928,3.012779884964568
7929,1.620359396667694
7930,0.4490969189614469
7931,0.9917659512329213
7932,2.2547572216590064
7933,0.6431817463462824
7934,0.8765492941876942
7935,0.4075962823881132
7936,1.0873585901022138
7937,1.3152363606502344
7938,1.5361935298585447
7939,3.862062806555317
7940,3.209906372537999
7941,1.1819257310991467
7942,2.8156875712675706
7943,1.0886306663934562
7944,3.6452317100473284
7945,2.558882091633473
7946,2.7243731175147277
7947,2.2070102336028588
7948,2.1591741538344844
7949,0.4122050970606431
7950,0.6234199805754046
7951,0.21329509271982938
7952,0.4616097207558736
7953,1.5945482699893805
7954,1.7135050912885552
7955,1.1601192375371576
7956,0.9206916994781351
7957,0.8816233966796969
7958,0.5766123522367343
7959,0.4906338453449193
7960,0.49882334819815677
7961,0.22026195209404298
7962,0.28902643630092806
7963,4.324180243097969
7964,1.5430048707935313
7965,0.0
7966,1.5761151582616129
7967,1.612567424641555
7968,1.4458572136347896
7969,2.0632424026587186
7970,0.35428653309755975
7971,0.4987988954290179
7972,1.4011161212824395
7973,0.520114000258041
7974,0.37476020952879807
7975,4.284547100141946
7976,1.2425590859414157
7977,1.9544473443957209
7978,0.4678666737660918
7979,0.21031651969335474
7980,0.36197591193941303
7981,1.2385669515447983
7982,0.8549832978991467
7983,0.25252795855177146
7984,2.1652965826220427
7985,2.057220852135207
7986,2.74680045425254
7987,0.9830247304376403
7988,0.537074660146698
7989,0.5979279189501583
7990,0.970784216530733
7991,0.24955985774190337
7992,0.6636575989232271
7993,0.42132633837072375
7994,0.6052337192611766
7995,0.6911045493000147
7996,0.5175144330990592
7997,2.658919651253308
7998,3.1407050129246636
7999,0.5225655349876329
8000,1.1756026798285726
8001,0.5811947402514763
8002,1.2474291025150221
8003,0.5511017635555681
8004,2.858893949935705
8005,3.501412070536309
8006,2.4381437957971714
8007,0.6105434815785649
8008,2.097227966622342
8009,1.799231899414866
8010,1.0844560598367836
8011,5.34411818798452
8012,2.361137300287424
8013,2.022685605485051
8014,1.4141006438998773
8015,1.2436662992539809
8016,2.5478597970130523
8017,0.23115933463611538
8018,1.0591182389481089
8019,0.4909012805206713
8020,2.4497281119133403
8021,21.113866226442635
8022,3.1899910720665643
8023,7.673004065738628
8024,3.9998242010627343
8025,1.6954717381590065
8026,4.531012011259797
8027,1.2661630178545968
8028,1.30118763507251
8029,1.2208942427443588
8030,1.0495737529946643
8031,0.3610074068870375
8032,0.36445674679429696
8033,1.9754113785486285
8034,3.485874694534842
8035,0.21559811832554998
8036,0.26875136606776495
8037,0.18307320814544026
8038,1.9591801678987706
8039,0.6868131251605869
8040,1.1723336133937299
8041,0.3950655845050183
8042,3.3809377761388717
8043,2.1800137438344356
8044,1.3791479925248815
8045,2.5386782972790183
8046,0.94951243061254
8047,0.39137238990382284
8048,0.7576179174485947
8049,0.0
8050,0.5756560709007855
8051,0.5384225640203246
8052,0.6434526406830163
8053,1.3331620222742757
8054,0.6580172286222911
8055,0.9252483146673733
8056,3.769477341995471
8057,2.889403283571685
8058,0.605811186095992
8059,0.5876871686362303
8060,5.080430090879864
8061,0.41480396451787194
8062,3.005971493116724
8063,1.9828258501579816
8064,1.0523897793079193
8065,1.1035875360778264
8066,1.1055587616132305
8067,1.0851739454696563
8068,0.8268420750214669
8069,5.865866116624862
8070,1.6157120237338936
8071,1.899438550573492
8072,1.5376566657915107
8073,2.0241229527959415
8074,0.5027520308702578
8075,0.289098655244143
8076,0.5764598123684146
8077,0.36547811785705697
8078,0.5063651762352143
8079,15.858227146777974
8080,5.426440240184883
8081,8.25753454901044
8082,3.7290962720777574
8083,3.471444461450621
8084,1.7093724199208373
8085,2.525837337737011
8086,2.5380001539572383
8087,0.9836095439287441
8088,1.211428482315688
8089,0.8262513380998001
8090,0.382647335238849
8091,2.3977626134958023
8092,2.4475574533502877
8093,1.0351157900900283
8094,0.2400620511004523
8095,0.13990235020665565
8096,0.9587080804170917
8097,1.1396008612467627
8098,0.5742290964200486
8099,1.429880889022044
8100,6.628082391568481
8101,2.1023599098759975
8102,1.850236123414102
8103,1.8837316110196545
8104,0.09846389312247505
8105,0.5414364245481496
8106,0.8889954530340768
8107,2.389303573556428
8108,0.5729201857984897
8109,0.30268164767314687
8110,0.7319749683272032
8111,0.36748899683266956
8112,0.6067566731981024
8113,0.604443735458003
8114,2.7178854659435245
8115,3.3678731075124304
8116,1.169903826715964
8117,0.5798844727736358
8118,1.236953503913057
8119,0.8300878943061476
