row_id,demand
0,7.203883495145631
1,2.5145631067961167
2,1.4466019417475728
3,0.8155339805825242
4,0.46601941747572817
5,0.3883495145631068
6,0.5048543689320388
7,2.0776699029126213
8,1.6601941747572815
9,1.5048543689320388
10,2.0
11,0.9029126213592233
12,1.4077669902912622
13,0.6116504854368932
14,0.5533980582524272
15,0.2912621359223301
16,0.23300970873786409
17,4.70873786407767
18,2.4563106796116503
19,2.9223300970873787
20,1.7087378640776698
21,0.9611650485436893
22,1.6019417475728155
23,1.5825242718446602
24,1.2233009708737863
25,0.6601941747572816
26,0.912621359223301
27,0.7475728155339806
28,1.0
29,0.6990291262135923
30,1.4563106796116505
31,2.1359223300970873
32,0.34951456310679613
33,0.33980582524271846
34,0.8446601941747572
35,1.2233009708737863
36,1.1553398058252426
37,0.44660194174757284
38,1.8058252427184467
39,2.4466019417475726
40,1.4271844660194175
41,0.6699029126213593
42,0.8155339805825242
43,0.5825242718446602
44,0.8252427184466019
45,0.5922330097087378
46,0.6504854368932039
47,0.5825242718446602
48,0.6407766990291263
49,0.7475728155339806
50,0.019417475728155338
51,0.019417475728155338
52,0.05825242718446602
53,0.038834951456310676
54,0.009708737864077669
55,0.13592233009708737
56,0.2912621359223301
57,0.2524271844660194
58,3.6019417475728157
59,1.7184466019417475
60,0.9223300970873787
61,0.47572815533980584
62,0.08737864077669903
63,0.4174757281553398
64,1.3980582524271845
65,2.349514563106796
66,1.6407766990291262
67,1.2233009708737863
68,0.8446601941747572
69,1.3398058252427185
70,0.3883495145631068
71,0.49514563106796117
72,0.5825242718446602
73,0.6019417475728155
74,0.08737864077669903
75,5.029126213592233
76,3.0388349514563107
77,1.4174757281553398
78,1.4854368932038835
79,1.3203883495145632
80,1.2912621359223302
81,2.2524271844660193
82,0.6601941747572816
83,0.6699029126213593
84,0.22330097087378642
85,0.7087378640776699
86,0.7572815533980582
87,3.5145631067961167
88,0.009708737864077669
89,1.3106796116504855
90,1.3106796116504855
91,1.3203883495145632
92,0.1650485436893204
93,0.36893203883495146
94,0.2524271844660194
95,0.18446601941747573
96,0.9514563106796117
97,1.4563106796116505
98,0.5533980582524272
99,0.6116504854368932
100,0.7475728155339806
101,0.6407766990291263
102,0.44660194174757284
103,0.6796116504854369
104,0.7766990291262136
105,0.5631067961165048
106,0.6019417475728155
107,0.1941747572815534
108,0.0
109,0.02912621359223301
110,0.1941747572815534
111,0.019417475728155338
112,0.009708737864077669
113,0.18446601941747573
114,0.13592233009708737
115,0.019417475728155338
116,6.048543689320389
117,2.6019417475728157
118,1.883495145631068
119,2.2233009708737863
120,0.941747572815534
121,0.7669902912621359
122,0.8349514563106796
123,1.9514563106796117
124,1.4563106796116505
125,1.6601941747572815
126,1.6310679611650485
127,1.5145631067961165
128,0.39805825242718446
129,0.7864077669902912
130,0.5631067961165048
131,0.8737864077669902
132,0.4174757281553398
133,12.990291262135923
134,2.9514563106796117
135,3.3592233009708736
136,2.1650485436893203
137,4.368932038834951
138,1.766990291262136
139,0.6699029126213593
140,1.5048543689320388
141,1.4368932038834952
142,0.6504854368932039
143,1.174757281553398
144,1.2524271844660195
145,2.4174757281553396
146,1.1553398058252426
147,1.1650485436893203
148,1.2135922330097086
149,0.5339805825242718
150,0.7766990291262136
151,0.5922330097087378
152,1.1553398058252426
153,0.2621359223300971
154,2.1067961165048543
155,2.533980582524272
156,1.2621359223300972
157,1.3203883495145632
158,1.029126213592233
159,1.4563106796116505
160,1.6699029126213591
161,1.0097087378640777
162,1.058252427184466
163,0.6310679611650486
164,0.4854368932038835
165,0.4563106796116505
166,0.04854368932038835
167,0.009708737864077669
168,0.14563106796116504
169,0.038834951456310676
170,0.05825242718446602
171,0.24271844660194175
172,0.2621359223300971
173,0.1262135922330097
174,3.233009708737864
175,3.320388349514563
176,2.495145631067961
177,1.2233009708737863
178,0.883495145631068
179,0.6019417475728155
180,0.8737864077669902
181,0.8737864077669902
182,2.3398058252427183
183,1.6407766990291262
184,0.4854368932038835
185,1.0679611650485437
186,0.2524271844660194
187,0.46601941747572817
188,0.5728155339805825
189,0.4854368932038835
190,0.0970873786407767
191,5.310679611650485
192,1.8737864077669903
193,0.6213592233009708
194,1.7184466019417475
195,1.7766990291262137
196,1.3106796116504855
197,1.766990291262136
198,0.8349514563106796
199,0.6407766990291263
200,0.9320388349514563
201,0.6893203883495146
202,0.8252427184466019
203,1.5048543689320388
204,1.1067961165048543
205,1.766990291262136
206,0.8349514563106796
207,0.30097087378640774
208,0.9514563106796117
209,0.5533980582524272
210,0.883495145631068
211,0.3300970873786408
212,3.0679611650485437
213,1.4757281553398058
214,1.8737864077669903
215,0.7766990291262136
216,0.9029126213592233
217,0.5242718446601942
218,1.7572815533980584
219,1.5436893203883495
220,1.2718446601941749
221,1.203883495145631
222,0.7184466019417476
223,0.3592233009708738
224,0.019417475728155338
225,0.05825242718446602
226,0.24271844660194175
227,0.009708737864077669
228,0.019417475728155338
229,0.08737864077669903
230,0.2815533980582524
231,0.1262135922330097
232,4.330097087378641
233,4.145631067961165
234,2.6310679611650487
235,1.5436893203883495
236,0.9902912621359223
237,0.8737864077669902
238,0.883495145631068
239,6.990291262135922
240,2.9611650485436893
241,2.6019417475728157
242,1.3980582524271845
243,2.504854368932039
244,0.6310679611650486
245,3.0194174757281553
246,0.7378640776699029
247,1.0776699029126213
248,0.7087378640776699
249,15.048543689320388
250,4.223300970873787
251,4.737864077669903
252,2.592233009708738
253,3.2135922330097086
254,2.1262135922330097
255,2.203883495145631
256,2.9514563106796117
257,1.3592233009708738
258,0.47572815533980584
259,1.4563106796116505
260,1.5339805825242718
261,5.41747572815534
262,2.9320388349514563
263,1.4854368932038835
264,1.2524271844660195
265,0.8155339805825242
266,2.407766990291262
267,1.5631067961165048
268,0.8155339805825242
269,1.5242718446601942
270,7.592233009708738
271,0.18446601941747573
272,3.2427184466019416
273,2.0388349514563107
274,1.6310679611650485
275,1.7281553398058251
276,2.3106796116504853
277,2.2233009708737863
278,1.3883495145631068
279,0.6796116504854369
280,0.8155339805825242
281,0.8932038834951457
282,0.019417475728155338
283,0.07766990291262135
284,0.3592233009708738
285,0.06796116504854369
286,0.0
287,0.3300970873786408
288,0.3592233009708738
289,0.0
290,5.436893203883495
291,1.9320388349514563
292,0.9805825242718447
293,0.6893203883495146
294,1.4854368932038835
295,1.2524271844660195
296,0.4854368932038835
297,2.679611650485437
298,2.4174757281553396
299,2.0485436893203883
300,2.2524271844660193
301,2.0388349514563107
302,0.47572815533980584
303,0.6407766990291263
304,1.029126213592233
305,0.7669902912621359
306,0.17475728155339806
307,9.067961165048544
308,5.058252427184466
309,2.0
310,3.7572815533980584
311,1.0776699029126213
312,2.3883495145631066
313,1.2815533980582525
314,1.3786407766990292
315,1.2815533980582525
316,0.42718446601941745
317,1.1262135922330097
318,0.6310679611650486
319,1.3883495145631068
320,1.9611650485436893
321,0.8349514563106796
322,0.8737864077669902
323,0.1650485436893204
324,0.8446601941747572
325,0.4563106796116505
326,0.39805825242718446
327,0.5242718446601942
328,1.9805825242718447
329,1.2135922330097086
330,0.7572815533980582
331,1.2524271844660195
332,0.4854368932038835
333,0.4368932038834951
334,0.7669902912621359
335,0.36893203883495146
336,1.145631067961165
337,0.7766990291262136
338,0.4077669902912621
339,0.5922330097087378
340,0.07766990291262135
341,0.0
342,0.3300970873786408
343,0.2524271844660194
344,0.04854368932038835
345,0.02912621359223301
346,0.3106796116504854
347,0.02912621359223301
348,4.087378640776699
349,1.5825242718446602
350,1.029126213592233
351,0.5339805825242718
352,0.6699029126213593
353,0.4077669902912621
354,0.4854368932038835
355,3.3689320388349513
356,1.7864077669902914
357,1.1067961165048543
358,1.5922330097087378
359,0.6990291262135923
360,2.2135922330097086
361,0.34951456310679613
362,0.8252427184466019
363,0.8349514563106796
364,0.32038834951456313
365,4.844660194174757
366,2.495145631067961
367,3.563106796116505
368,1.3203883495145632
369,0.8640776699029126
370,1.7184466019417475
371,1.4466019417475728
372,0.912621359223301
373,0.7572815533980582
374,0.6893203883495146
375,0.18446601941747573
376,0.2815533980582524
377,0.8446601941747572
378,2.495145631067961
379,1.3689320388349515
380,0.5436893203883495
381,0.36893203883495146
382,1.825242718446602
383,1.7475728155339805
384,0.8737864077669902
385,1.2233009708737863
386,1.7864077669902914
387,1.7475728155339805
388,1.9029126213592233
389,1.1553398058252426
390,0.5825242718446602
391,0.5339805825242718
392,1.0970873786407767
393,1.145631067961165
394,0.4077669902912621
395,0.5048543689320388
396,0.4563106796116505
397,1.1067961165048543
398,0.0
399,0.038834951456310676
400,0.1553398058252427
401,0.019417475728155338
402,0.06796116504854369
403,0.04854368932038835
404,0.3592233009708738
405,0.1650485436893204
406,2.2135922330097086
407,2.1067961165048543
408,1.6893203883495145
409,0.47572815533980584
410,0.6407766990291263
411,0.5048543689320388
412,0.6116504854368932
413,1.4271844660194175
414,1.029126213592233
415,0.8543689320388349
416,1.3786407766990292
417,0.9320388349514563
418,0.6504854368932039
419,0.6310679611650486
420,0.4174757281553398
421,0.5145631067961165
422,0.2815533980582524
423,3.6310679611650487
424,1.3689320388349515
425,2.0097087378640777
426,1.0388349514563107
427,1.4174757281553398
428,1.3398058252427185
429,1.8640776699029127
430,0.5728155339805825
431,0.6504854368932039
432,1.1067961165048543
433,0.36893203883495146
434,0.3106796116504854
435,1.3786407766990292
436,1.116504854368932
437,0.6601941747572816
438,0.2524271844660194
439,0.36893203883495146
440,1.5631067961165048
441,0.8446601941747572
442,0.6504854368932039
443,0.21359223300970873
444,1.6893203883495145
445,1.4077669902912622
446,1.9611650485436893
447,0.7864077669902912
448,0.7087378640776699
449,0.42718446601941745
450,0.9223300970873787
451,0.7475728155339806
452,0.4368932038834951
453,0.49514563106796117
454,0.6407766990291263
455,0.7184466019417476
456,0.019417475728155338
457,0.038834951456310676
458,0.2815533980582524
459,0.05825242718446602
460,0.019417475728155338
461,0.11650485436893204
462,0.17475728155339806
463,0.07766990291262135
464,7.650485436893204
465,2.495145631067961
466,1.9029126213592233
467,0.3592233009708738
468,1.3398058252427185
469,0.941747572815534
470,0.9902912621359223
471,2.6893203883495147
472,1.854368932038835
473,2.3106796116504853
474,1.4271844660194175
475,1.0485436893203883
476,2.087378640776699
477,0.3786407766990291
478,0.9514563106796117
479,0.5436893203883495
480,1.5533980582524272
481,10.330097087378642
482,2.6893203883495147
483,3.2233009708737863
484,3.4563106796116503
485,1.7087378640776698
486,3.9902912621359223
487,0.970873786407767
488,1.3592233009708738
489,0.9805825242718447
490,0.9514563106796117
491,0.46601941747572817
492,0.17475728155339806
493,2.2135922330097086
494,1.9320388349514563
495,0.3786407766990291
496,0.2815533980582524
497,0.46601941747572817
498,1.3398058252427185
499,0.5242718446601942
500,1.0194174757281553
501,0.04854368932038835
502,5.029126213592233
503,2.2815533980582523
504,0.941747572815534
505,1.5728155339805825
506,0.7961165048543689
507,0.3786407766990291
508,0.6796116504854369
509,0.49514563106796117
510,0.5533980582524272
511,0.4174757281553398
512,0.34951456310679613
513,1.1067961165048543
514,0.009708737864077669
515,0.009708737864077669
516,0.21359223300970873
517,0.13592233009708737
518,0.02912621359223301
519,0.07766990291262135
520,0.3592233009708738
521,0.0
522,3.1262135922330097
523,1.5533980582524272
524,1.0970873786407767
525,0.5533980582524272
526,0.7572815533980582
527,0.8349514563106796
528,0.6310679611650486
529,1.7766990291262137
530,1.1844660194174756
531,1.4368932038834952
532,1.2233009708737863
533,0.8155339805825242
534,0.5436893203883495
535,0.30097087378640774
536,0.27184466019417475
537,0.2524271844660194
538,0.4077669902912621
539,4.427184466019417
540,2.8640776699029127
541,3.6407766990291264
542,1.8155339805825244
543,1.2815533980582525
544,1.4174757281553398
545,1.2233009708737863
546,1.3592233009708738
547,0.7766990291262136
548,1.2233009708737863
549,0.7669902912621359
550,0.2524271844660194
551,1.6019417475728155
552,1.9611650485436893
553,1.3009708737864079
554,0.2621359223300971
555,0.4563106796116505
556,1.145631067961165
557,0.7669902912621359
558,0.42718446601941745
559,0.6504854368932039
560,3.7281553398058254
561,1.1262135922330097
562,1.0776699029126213
563,1.0
564,0.42718446601941745
565,0.34951456310679613
566,0.46601941747572817
567,0.7961165048543689
568,0.3786407766990291
569,0.44660194174757284
570,0.5533980582524272
571,0.4854368932038835
572,0.009708737864077669
573,0.009708737864077669
574,0.10679611650485436
575,0.20388349514563106
576,0.038834951456310676
577,0.038834951456310676
578,0.1262135922330097
579,0.06796116504854369
580,7.490384615384615
581,2.8173076923076925
582,1.3653846153846154
583,0.7884615384615384
584,0.6057692307692307
585,0.38461538461538464
586,0.6730769230769231
587,2.0
588,1.6826923076923077
589,1.25
590,1.3076923076923077
591,0.9134615384615384
592,1.1730769230769231
593,0.6730769230769231
594,0.40384615384615385
595,0.3942307692307692
596,0.17307692307692307
597,4.884615384615385
598,2.730769230769231
599,2.4038461538461537
600,1.9807692307692308
601,1.0192307692307692
602,1.5384615384615385
603,1.6346153846153846
604,1.1057692307692308
605,0.7019230769230769
606,0.7307692307692307
607,0.6923076923076923
608,0.5673076923076923
609,0.625
610,2.0288461538461537
611,1.2307692307692308
612,0.3076923076923077
613,0.25
614,0.8365384615384616
615,1.25
616,1.3365384615384615
617,0.4807692307692308
618,1.3942307692307692
619,2.673076923076923
620,1.2692307692307692
621,0.6826923076923077
622,0.7884615384615384
623,0.5769230769230769
624,0.9038461538461539
625,0.5769230769230769
626,0.6057692307692307
627,0.5576923076923077
628,0.6538461538461539
629,0.7115384615384616
630,0.0
631,0.038461538461538464
632,0.09615384615384616
633,0.019230769230769232
634,0.08653846153846154
635,0.07692307692307693
636,0.15384615384615385
637,0.2403846153846154
638,3.75
639,1.6730769230769231
640,0.9038461538461539
641,0.47115384615384615
642,0.019230769230769232
643,0.6346153846153846
644,1.1442307692307692
645,1.9134615384615385
646,1.2980769230769231
647,1.4230769230769231
648,0.5288461538461539
649,0.9711538461538461
650,0.3173076923076923
651,0.6923076923076923
652,0.6057692307692307
653,0.46153846153846156
654,0.07692307692307693
655,4.8173076923076925
656,2.7788461538461537
657,1.3461538461538463
658,1.6442307692307692
659,1.7115384615384615
660,1.2211538461538463
661,2.0288461538461537
662,0.875
663,0.6057692307692307
664,0.18269230769230768
665,0.5
666,0.7403846153846154
667,2.6634615384615383
668,0.038461538461538464
669,0.9519230769230769
670,1.4519230769230769
671,0.9615384615384616
672,0.10576923076923077
673,0.5384615384615384
674,0.3557692307692308
675,0.3173076923076923
676,0.8942307692307693
677,1.5480769230769231
678,0.5192307692307693
679,0.5
680,0.7596153846153846
681,0.8076923076923077
682,0.46153846153846156
683,0.5480769230769231
684,0.7596153846153846
685,0.5480769230769231
686,0.5576923076923077
687,0.125
688,0.0
689,0.038461538461538464
690,0.17307692307692307
691,0.038461538461538464
692,0.019230769230769232
693,0.20192307692307693
694,0.07692307692307693
695,0.019230769230769232
696,5.451923076923077
697,1.9807692307692308
698,1.5480769230769231
699,2.25
700,0.9615384615384616
701,0.8269230769230769
702,0.8942307692307693
703,1.5865384615384615
704,1.25
705,1.7019230769230769
706,1.1923076923076923
707,1.5096153846153846
708,0.375
709,1.0384615384615385
710,0.875
711,0.6057692307692307
712,0.3076923076923077
713,13.14423076923077
714,2.5673076923076925
715,2.9903846153846154
716,2.4423076923076925
717,3.7403846153846154
718,1.875
719,0.3942307692307692
720,1.5288461538461537
721,1.1346153846153846
722,0.5769230769230769
723,0.9519230769230769
724,1.0865384615384615
725,2.3173076923076925
726,1.2211538461538463
727,1.4134615384615385
728,1.1346153846153846
729,0.5
730,0.5769230769230769
731,0.8557692307692307
732,1.1538461538461537
733,0.3269230769230769
734,1.9038461538461537
735,1.7884615384615385
736,1.1538461538461537
737,1.2307692307692308
738,0.9519230769230769
739,1.1923076923076923
740,1.1730769230769231
741,1.0480769230769231
742,0.6730769230769231
743,0.6538461538461539
744,0.7019230769230769
745,0.5576923076923077
746,0.028846153846153848
747,0.028846153846153848
748,0.20192307692307693
749,0.09615384615384616
750,0.1346153846153846
751,0.33653846153846156
752,0.1346153846153846
753,0.09615384615384616
754,3.8461538461538463
755,3.826923076923077
756,2.2211538461538463
757,1.4519230769230769
758,0.8557692307692307
759,0.8653846153846154
760,0.7596153846153846
761,0.7115384615384616
762,2.355769230769231
763,1.7307692307692308
764,0.375
765,0.6346153846153846
766,0.27884615384615385
767,0.41346153846153844
768,0.23076923076923078
769,0.5
770,0.125
771,5.740384615384615
772,1.5673076923076923
773,0.7403846153846154
774,1.7788461538461537
775,1.9903846153846154
776,1.2692307692307692
777,1.8557692307692308
778,1.125
779,0.6153846153846154
780,0.875
781,0.875
782,0.9230769230769231
783,1.5480769230769231
784,1.1538461538461537
785,0.5288461538461539
786,0.7115384615384616
787,0.38461538461538464
788,0.5384615384615384
789,0.8653846153846154
790,0.8269230769230769
791,0.25
792,2.173076923076923
793,1.4134615384615385
794,2.105769230769231
795,0.9519230769230769
796,0.6538461538461539
797,0.4423076923076923
798,1.5769230769230769
799,1.3461538461538463
800,1.25
801,1.1346153846153846
802,0.6057692307692307
803,0.3076923076923077
804,0.019230769230769232
805,0.019230769230769232
806,0.2403846153846154
807,0.0
808,0.11538461538461539
809,0.04807692307692308
810,0.27884615384615385
811,0.17307692307692307
812,4.278846153846154
813,4.6923076923076925
814,2.855769230769231
815,1.6923076923076923
816,1.1346153846153846
817,0.9519230769230769
818,0.6538461538461539
819,6.019230769230769
820,2.519230769230769
821,2.5
822,1.1730769230769231
823,2.0
824,0.625
825,3.576923076923077
826,0.7596153846153846
827,0.9038461538461539
828,0.5961538461538461
829,12.75
830,3.826923076923077
831,4.836538461538462
832,2.6634615384615383
833,3.5673076923076925
834,1.7403846153846154
835,3.0384615384615383
836,2.1538461538461537
837,1.2596153846153846
838,0.5384615384615384
839,1.25
840,1.6346153846153846
841,4.846153846153846
842,2.576923076923077
843,1.7115384615384615
844,1.1826923076923077
845,1.1538461538461537
846,2.4615384615384617
847,1.875
848,1.2692307692307692
849,1.2692307692307692
850,7.0576923076923075
851,0.2403846153846154
852,2.4326923076923075
853,1.5673076923076923
854,1.4807692307692308
855,1.2980769230769231
856,1.7788461538461537
857,2.1923076923076925
858,1.6153846153846154
859,0.9615384615384616
860,1.125
861,0.8461538461538461
862,0.028846153846153848
863,0.028846153846153848
864,0.38461538461538464
865,0.009615384615384616
866,0.009615384615384616
867,0.17307692307692307
868,0.18269230769230768
869,0.0
870,6.096153846153846
871,2.1153846153846154
872,0.875
873,0.8173076923076923
874,1.3653846153846154
875,1.0865384615384615
876,0.7692307692307693
877,2.3365384615384617
878,2.355769230769231
879,2.4615384615384617
880,1.75
881,1.625
882,0.5384615384615384
883,0.7211538461538461
884,1.0096153846153846
885,0.7019230769230769
886,0.18269230769230768
887,9.596153846153847
888,5.076923076923077
889,1.9038461538461537
890,4.211538461538462
891,1.3076923076923077
892,2.4711538461538463
893,1.125
894,1.4615384615384615
895,1.3365384615384615
896,0.3557692307692308
897,0.9711538461538461
898,0.6538461538461539
899,1.4903846153846154
900,2.451923076923077
901,1.0673076923076923
902,0.8173076923076923
903,0.375
904,0.9711538461538461
905,0.5961538461538461
906,0.4326923076923077
907,0.5
908,2.019230769230769
909,1.2211538461538463
910,0.5769230769230769
911,1.1730769230769231
912,0.5865384615384616
913,0.22115384615384615
914,0.9038461538461539
915,0.4326923076923077
916,1.0384615384615385
917,0.6730769230769231
918,0.36538461538461536
919,0.4326923076923077
920,0.07692307692307693
921,0.009615384615384616
922,0.20192307692307693
923,0.2692307692307692
924,0.038461538461538464
925,0.057692307692307696
926,0.25
927,0.009615384615384616
928,4.019230769230769
929,1.9423076923076923
930,1.0769230769230769
931,0.6634615384615384
932,0.49038461538461536
933,0.36538461538461536
934,0.4423076923076923
935,3.3653846153846154
936,1.6153846153846154
937,1.0480769230769231
938,1.6346153846153846
939,0.5961538461538461
940,2.0673076923076925
941,0.25961538461538464
942,0.5
943,0.5865384615384616
944,0.41346153846153844
945,4.846153846153846
946,2.9903846153846154
947,3.375
948,1.5096153846153846
949,0.7692307692307693
950,1.7019230769230769
951,1.2019230769230769
952,1.0769230769230769
953,0.6442307692307693
954,0.6538461538461539
955,0.21153846153846154
956,0.27884615384615385
957,1.0576923076923077
958,2.4326923076923075
959,1.6634615384615385
960,0.49038461538461536
961,0.49038461538461536
962,1.7211538461538463
963,1.3365384615384615
964,0.6826923076923077
965,0.9903846153846154
966,1.5865384615384615
967,1.8365384615384615
968,1.5480769230769231
969,1.0673076923076923
970,0.7211538461538461
971,0.49038461538461536
972,0.8653846153846154
973,0.8269230769230769
974,0.2980769230769231
975,0.47115384615384615
976,0.5673076923076923
977,1.0
978,0.0
979,0.038461538461538464
980,0.22115384615384615
981,0.10576923076923077
982,0.04807692307692308
983,0.038461538461538464
984,0.38461538461538464
985,0.16346153846153846
986,2.0576923076923075
987,2.423076923076923
988,1.4038461538461537
989,0.5288461538461539
990,0.6538461538461539
991,0.28846153846153844
992,0.38461538461538464
993,1.4807692307692308
994,1.1634615384615385
995,0.8846153846153846
996,1.125
997,0.875
998,0.5192307692307693
999,0.5769230769230769
1000,0.40384615384615385
1001,0.17307692307692307
1002,0.49038461538461536
1003,3.730769230769231
1004,1.6634615384615385
1005,2.25
1006,1.1634615384615385
1007,1.2884615384615385
1008,1.3653846153846154
1009,1.5192307692307692
1010,0.625
1011,0.4326923076923077
1012,1.0576923076923077
1013,0.40384615384615385
1014,0.3076923076923077
1015,1.5384615384615385
1016,1.1923076923076923
1017,1.0673076923076923
1018,0.3557692307692308
1019,0.25
1020,1.7115384615384615
1021,0.8269230769230769
1022,0.6153846153846154
1023,0.20192307692307693
1024,1.6442307692307692
1025,1.5
1026,1.7596153846153846
1027,0.7211538461538461
1028,0.6057692307692307
1029,0.41346153846153844
1030,0.6923076923076923
1031,1.0576923076923077
1032,0.4519230769230769
1033,0.5576923076923077
1034,0.5288461538461539
1035,0.5576923076923077
1036,0.0
1037,0.057692307692307696
1038,0.14423076923076922
1039,0.04807692307692308
1040,0.038461538461538464
1041,0.09615384615384616
1042,0.16346153846153846
1043,0.07692307692307693
1044,8.278846153846153
1045,2.4615384615384617
1046,1.9134615384615385
1047,0.40384615384615385
1048,1.2884615384615385
1049,1.2115384615384615
1050,0.875
1051,2.576923076923077
1052,1.7115384615384615
1053,2.2596153846153846
1054,1.2596153846153846
1055,0.8846153846153846
1056,2.0288461538461537
1057,0.3076923076923077
1058,0.9615384615384616
1059,0.3076923076923077
1060,1.6153846153846154
1061,10.942307692307692
1062,2.701923076923077
1063,3.6153846153846154
1064,3.6826923076923075
1065,1.2019230769230769
1066,3.9038461538461537
1067,0.7884615384615384
1068,1.2403846153846154
1069,1.2692307692307692
1070,1.0288461538461537
1071,0.5480769230769231
1072,0.125
1073,2.355769230769231
1074,1.8846153846153846
1075,0.7403846153846154
1076,0.2403846153846154
1077,0.04807692307692308
1078,1.5673076923076923
1079,0.5
1080,1.3173076923076923
1081,0.038461538461538464
1082,5.4326923076923075
1083,1.5961538461538463
1084,0.9519230769230769
1085,1.3653846153846154
1086,0.7788461538461539
1087,0.22115384615384615
1088,0.8173076923076923
1089,0.46153846153846156
1090,0.4326923076923077
1091,0.375
1092,0.4423076923076923
1093,1.0576923076923077
1094,0.0
1095,0.009615384615384616
1096,0.2692307692307692
1097,0.22115384615384615
1098,0.0
1099,0.0673076923076923
1100,0.27884615384615385
1101,0.0
1102,3.6153846153846154
1103,1.2596153846153846
1104,1.1923076923076923
1105,0.5
1106,0.6826923076923077
1107,0.875
1108,0.47115384615384615
1109,1.5961538461538463
1110,0.9615384615384616
1111,1.4134615384615385
1112,1.4134615384615385
1113,0.5192307692307693
1114,0.5
1115,0.27884615384615385
1116,0.22115384615384615
1117,0.33653846153846156
1118,0.47115384615384615
1119,4.913461538461538
1120,2.1826923076923075
1121,3.480769230769231
1122,2.230769230769231
1123,1.5576923076923077
1124,1.2788461538461537
1125,1.3269230769230769
1126,1.2115384615384615
1127,0.8461538461538461
1128,1.0576923076923077
1129,0.625
1130,0.15384615384615385
1131,1.5096153846153846
1132,1.9423076923076923
1133,1.2692307692307692
1134,0.21153846153846154
1135,0.5192307692307693
1136,1.3365384615384615
1137,0.6923076923076923
1138,0.5961538461538461
1139,0.875
1140,3.173076923076923
1141,0.9711538461538461
1142,0.9903846153846154
1143,1.0961538461538463
1144,0.3557692307692308
1145,0.375
1146,0.3173076923076923
1147,0.8173076923076923
1148,0.3557692307692308
1149,0.25961538461538464
1150,0.5673076923076923
1151,0.4326923076923077
1152,0.009615384615384616
1153,0.019230769230769232
1154,0.20192307692307693
1155,0.15384615384615385
1156,0.028846153846153848
1157,0.07692307692307693
1158,0.09615384615384616
1159,0.14423076923076922
1160,7.461538461538462
1161,2.4711538461538463
1162,1.2692307692307692
1163,0.9038461538461539
1164,0.6826923076923077
1165,0.5384615384615384
1166,0.5192307692307693
1167,1.9038461538461537
1168,1.7115384615384615
1169,0.8173076923076923
1170,1.3942307692307692
1171,0.8846153846153846
1172,1.2403846153846154
1173,0.5384615384615384
1174,0.36538461538461536
1175,0.3557692307692308
1176,0.09615384615384616
1177,5.019230769230769
1178,2.3076923076923075
1179,3.3173076923076925
1180,1.8557692307692308
1181,0.7019230769230769
1182,1.4423076923076923
1183,1.4326923076923077
1184,0.9519230769230769
1185,0.7596153846153846
1186,0.7980769230769231
1187,0.4423076923076923
1188,0.5480769230769231
1189,0.6442307692307693
1190,2.0
1191,1.5865384615384615
1192,0.47115384615384615
1193,0.3076923076923077
1194,0.9519230769230769
1195,1.7019230769230769
1196,0.8846153846153846
1197,0.41346153846153844
1198,1.5096153846153846
1199,2.0865384615384617
1200,1.2692307692307692
1201,0.5961538461538461
1202,0.7884615384615384
1203,0.47115384615384615
1204,0.7788461538461539
1205,0.5192307692307693
1206,0.5096153846153846
1207,0.7115384615384616
1208,0.6923076923076923
1209,0.6538461538461539
1210,0.028846153846153848
1211,0.019230769230769232
1212,0.11538461538461539
1213,0.028846153846153848
1214,0.0673076923076923
1215,0.09615384615384616
1216,0.1346153846153846
1217,0.17307692307692307
1218,3.7884615384615383
1219,1.7788461538461537
1220,0.8461538461538461
1221,0.4519230769230769
1222,0.0673076923076923
1223,0.5961538461538461
1224,1.8076923076923077
1225,1.4134615384615385
1226,1.1057692307692308
1227,1.2884615384615385
1228,0.7980769230769231
1229,0.8269230769230769
1230,0.34615384615384615
1231,0.46153846153846156
1232,0.4326923076923077
1233,0.47115384615384615
1234,0.11538461538461539
1235,5.0576923076923075
1236,3.0
1237,1.375
1238,1.6730769230769231
1239,1.6346153846153846
1240,1.0673076923076923
1241,1.6346153846153846
1242,0.7884615384615384
1243,0.6634615384615384
1244,0.21153846153846154
1245,0.6826923076923077
1246,0.6057692307692307
1247,2.9134615384615383
1248,0.028846153846153848
1249,1.2596153846153846
1250,1.1923076923076923
1251,1.0769230769230769
1252,0.17307692307692307
1253,0.6153846153846154
1254,0.14423076923076922
1255,0.22115384615384615
1256,0.9807692307692307
1257,1.25
1258,0.4423076923076923
1259,0.5384615384615384
1260,0.7884615384615384
1261,0.8269230769230769
1262,0.5096153846153846
1263,0.46153846153846156
1264,0.7788461538461539
1265,0.3269230769230769
1266,0.4519230769230769
1267,0.16346153846153846
1268,0.0
1269,0.009615384615384616
1270,0.20192307692307693
1271,0.009615384615384616
1272,0.028846153846153848
1273,0.09615384615384616
1274,0.057692307692307696
1275,0.09615384615384616
1276,5.3173076923076925
1277,2.3653846153846154
1278,1.5480769230769231
1279,1.8942307692307692
1280,1.3173076923076923
1281,0.5
1282,0.625
1283,1.4711538461538463
1284,0.9615384615384616
1285,1.5769230769230769
1286,0.8173076923076923
1287,1.2596153846153846
1288,0.22115384615384615
1289,1.0480769230769231
1290,0.6057692307692307
1291,0.625
1292,0.38461538461538464
1293,13.932692307692308
1294,2.9326923076923075
1295,2.9134615384615383
1296,2.3653846153846154
1297,4.009615384615385
1298,1.8942307692307692
1299,0.5096153846153846
1300,1.4038461538461537
1301,1.2884615384615385
1302,0.4423076923076923
1303,0.8365384615384616
1304,1.2884615384615385
1305,2.2596153846153846
1306,1.2788461538461537
1307,1.4326923076923077
1308,0.9134615384615384
1309,0.8076923076923077
1310,0.7115384615384616
1311,1.0961538461538463
1312,1.5096153846153846
1313,0.3557692307692308
1314,1.7403846153846154
1315,1.7307692307692308
1316,1.0576923076923077
1317,1.2115384615384615
1318,0.9134615384615384
1319,1.0769230769230769
1320,1.5
1321,1.0
1322,0.7980769230769231
1323,0.6730769230769231
1324,0.6346153846153846
1325,0.6057692307692307
1326,0.028846153846153848
1327,0.009615384615384616
1328,0.18269230769230768
1329,0.038461538461538464
1330,0.057692307692307696
1331,0.28846153846153844
1332,0.3173076923076923
1333,0.16346153846153846
1334,3.5576923076923075
1335,4.201923076923077
1336,2.644230769230769
1337,1.3846153846153846
1338,0.6923076923076923
1339,0.6730769230769231
1340,0.75
1341,0.6730769230769231
1342,2.4134615384615383
1343,1.2980769230769231
1344,0.46153846153846156
1345,0.8365384615384616
1346,0.1346153846153846
1347,0.46153846153846156
1348,0.2403846153846154
1349,0.3076923076923077
1350,0.125
1351,6.480769230769231
1352,2.048076923076923
1353,0.9038461538461539
1354,1.7115384615384615
1355,1.7019230769230769
1356,0.9615384615384616
1357,1.2115384615384615
1358,1.0192307692307692
1359,0.7115384615384616
1360,0.8942307692307693
1361,0.6442307692307693
1362,0.6730769230769231
1363,1.9326923076923077
1364,1.2115384615384615
1365,0.8846153846153846
1366,0.7019230769230769
1367,0.25
1368,0.6730769230769231
1369,0.8173076923076923
1370,1.1057692307692308
1371,0.33653846153846156
1372,2.6826923076923075
1373,1.5192307692307692
1374,1.7307692307692308
1375,0.7692307692307693
1376,0.7596153846153846
1377,0.5480769230769231
1378,1.5865384615384615
1379,1.4519230769230769
1380,1.4038461538461537
1381,1.0576923076923077
1382,0.7596153846153846
1383,0.25961538461538464
1384,0.0
1385,0.028846153846153848
1386,0.23076923076923078
1387,0.009615384615384616
1388,0.028846153846153848
1389,0.07692307692307693
1390,0.20192307692307693
1391,0.1346153846153846
1392,4.9423076923076925
1393,3.8365384615384617
1394,3.25
1395,1.625
1396,1.0961538461538463
1397,1.0576923076923077
1398,0.75
1399,5.519230769230769
1400,2.2211538461538463
1401,2.4711538461538463
1402,0.9519230769230769
1403,1.7211538461538463
1404,0.5673076923076923
1405,4.538461538461538
1406,0.75
1407,0.7019230769230769
1408,0.5384615384615384
1409,14.451923076923077
1410,3.1923076923076925
1411,4.846153846153846
1412,2.6634615384615383
1413,3.048076923076923
1414,1.7596153846153846
1415,1.8365384615384615
1416,3.201923076923077
1417,1.3942307692307692
1418,0.6153846153846154
1419,1.25
1420,1.2211538461538463
1421,5.798076923076923
1422,2.3461538461538463
1423,1.7403846153846154
1424,1.1442307692307692
1425,0.5480769230769231
1426,2.9326923076923075
1427,1.375
1428,1.3365384615384615
1429,1.2788461538461537
1430,6.259615384615385
1431,0.0673076923076923
1432,2.4711538461538463
1433,1.6346153846153846
1434,1.5
1435,1.3557692307692308
1436,2.3365384615384617
1437,2.019230769230769
1438,1.5192307692307692
1439,0.7692307692307693
1440,1.0096153846153846
1441,0.6826923076923077
1442,0.04807692307692308
1443,0.019230769230769232
1444,0.2980769230769231
1445,0.019230769230769232
1446,0.04807692307692308
1447,0.10576923076923077
1448,0.1346153846153846
1449,0.0
1450,5.913461538461538
1451,1.4807692307692308
1452,1.125
1453,0.9711538461538461
1454,1.25
1455,1.1442307692307692
1456,0.625
1457,2.298076923076923
1458,2.125
1459,1.7403846153846154
1460,1.5384615384615385
1461,1.6538461538461537
1462,0.5769230769230769
1463,0.75
1464,0.9038461538461539
1465,0.4807692307692308
1466,0.09615384615384616
1467,10.125
1468,5.269230769230769
1469,1.7980769230769231
1470,4.826923076923077
1471,1.2596153846153846
1472,2.4134615384615383
1473,1.0769230769230769
1474,1.2980769230769231
1475,1.4038461538461537
1476,0.4326923076923077
1477,1.0096153846153846
1478,0.5673076923076923
1479,1.6826923076923077
1480,2.6634615384615383
1481,1.0865384615384615
1482,1.1153846153846154
1483,0.16346153846153846
1484,0.8461538461538461
1485,0.5769230769230769
1486,0.5673076923076923
1487,0.5288461538461539
1488,2.144230769230769
1489,1.0769230769230769
1490,0.625
1491,1.3076923076923077
1492,0.6153846153846154
1493,0.2980769230769231
1494,0.6826923076923077
1495,0.4326923076923077
1496,1.1730769230769231
1497,0.5576923076923077
1498,0.5961538461538461
1499,0.40384615384615385
1500,0.08653846153846154
1501,0.0
1502,0.28846153846153844
1503,0.21153846153846154
1504,0.019230769230769232
1505,0.057692307692307696
1506,0.25
1507,0.019230769230769232
1508,4.019230769230769
1509,1.3942307692307692
1510,1.1923076923076923
1511,0.5288461538461539
1512,0.5673076923076923
1513,0.2692307692307692
1514,0.5288461538461539
1515,2.644230769230769
1516,1.4807692307692308
1517,1.2788461538461537
1518,1.4423076923076923
1519,0.6057692307692307
1520,1.9615384615384615
1521,0.20192307692307693
1522,0.41346153846153844
1523,0.49038461538461536
1524,0.47115384615384615
1525,4.461538461538462
1526,2.4903846153846154
1527,4.009615384615385
1528,1.4326923076923077
1529,1.0096153846153846
1530,1.4230769230769231
1531,1.3076923076923077
1532,1.0384615384615385
1533,0.7692307692307693
1534,0.41346153846153844
1535,0.14423076923076922
1536,0.10576923076923077
1537,1.6634615384615385
1538,2.1634615384615383
1539,1.5288461538461537
1540,0.47115384615384615
1541,0.2403846153846154
1542,1.875
1543,1.5769230769230769
1544,0.9615384615384616
1545,1.2403846153846154
1546,1.6346153846153846
1547,1.6538461538461537
1548,1.7211538461538463
1549,0.9903846153846154
1550,0.6923076923076923
1551,0.38461538461538464
1552,0.8461538461538461
1553,0.9615384615384616
1554,0.38461538461538464
1555,0.4326923076923077
1556,0.75
1557,1.125
1558,0.019230769230769232
1559,0.057692307692307696
1560,0.16346153846153846
1561,0.057692307692307696
1562,0.11538461538461539
1563,0.057692307692307696
1564,0.22115384615384615
1565,0.1346153846153846
1566,2.25
1567,2.5096153846153846
1568,1.4134615384615385
1569,0.6153846153846154
1570,0.75
1571,0.38461538461538464
1572,0.3557692307692308
1573,1.3365384615384615
1574,1.1538461538461537
1575,0.8076923076923077
1576,1.0096153846153846
1577,0.6153846153846154
1578,0.5673076923076923
1579,0.3942307692307692
1580,0.22115384615384615
1581,0.3269230769230769
1582,0.4519230769230769
1583,3.1923076923076925
1584,1.4711538461538463
1585,2.173076923076923
1586,1.5096153846153846
1587,1.1730769230769231
1588,1.4615384615384615
1589,1.4807692307692308
1590,1.0288461538461537
1591,0.5192307692307693
1592,0.7788461538461539
1593,0.25961538461538464
1594,0.3557692307692308
1595,1.4134615384615385
1596,1.1538461538461537
1597,0.8942307692307693
1598,0.34615384615384615
1599,0.22115384615384615
1600,1.7884615384615385
1601,0.9807692307692307
1602,0.8173076923076923
1603,0.20192307692307693
1604,1.7115384615384615
1605,1.6538461538461537
1606,1.7692307692307692
1607,0.7403846153846154
1608,0.6538461538461539
1609,0.46153846153846156
1610,0.7307692307692307
1611,0.8365384615384616
1612,0.4807692307692308
1613,0.46153846153846156
1614,0.46153846153846156
1615,0.6730769230769231
1616,0.0
1617,0.019230769230769232
1618,0.2403846153846154
1619,0.019230769230769232
1620,0.057692307692307696
1621,0.057692307692307696
1622,0.17307692307692307
1623,0.038461538461538464
1624,6.778846153846154
1625,2.375
1626,2.1153846153846154
1627,0.375
1628,1.4807692307692308
1629,0.9230769230769231
1630,0.7115384615384616
1631,2.1923076923076925
1632,2.0
1633,2.25
1634,1.4615384615384615
1635,0.9038461538461539
1636,1.6923076923076923
1637,0.2980769230769231
1638,0.8461538461538461
1639,0.33653846153846156
1640,1.6153846153846154
1641,11.192307692307692
1642,2.423076923076923
1643,3.625
1644,4.048076923076923
1645,1.6923076923076923
1646,4.221153846153846
1647,0.6346153846153846
1648,1.3269230769230769
1649,1.1057692307692308
1650,0.7692307692307693
1651,0.4326923076923077
1652,0.19230769230769232
1653,1.9615384615384615
1654,1.9519230769230769
1655,0.7115384615384616
1656,0.25961538461538464
1657,0.19230769230769232
1658,1.7211538461538463
1659,0.8173076923076923
1660,1.0961538461538463
1661,0.14423076923076922
1662,5.4326923076923075
1663,1.6346153846153846
1664,1.1346153846153846
1665,1.2980769230769231
1666,0.7692307692307693
1667,0.2403846153846154
1668,0.6730769230769231
1669,0.41346153846153844
1670,0.5096153846153846
1671,0.38461538461538464
1672,0.5384615384615384
1673,1.1057692307692308
1674,0.038461538461538464
1675,0.009615384615384616
1676,0.22115384615384615
1677,0.14423076923076922
1678,0.04807692307692308
1679,0.15384615384615385
1680,0.25961538461538464
1681,0.028846153846153848
1682,2.144230769230769
1683,1.8269230769230769
1684,0.9807692307692307
1685,0.5384615384615384
1686,0.5769230769230769
1687,0.7596153846153846
1688,0.6730769230769231
1689,1.6730769230769231
1690,0.9038461538461539
1691,1.1538461538461537
1692,1.2884615384615385
1693,0.6346153846153846
1694,0.5096153846153846
1695,0.3557692307692308
1696,0.25
1697,0.2980769230769231
1698,0.3269230769230769
1699,5.548076923076923
1700,2.5576923076923075
1701,3.7596153846153846
1702,2.2211538461538463
1703,1.6057692307692308
1704,1.6538461538461537
1705,1.2115384615384615
1706,1.2403846153846154
1707,0.7403846153846154
1708,0.9326923076923077
1709,0.46153846153846156
1710,0.23076923076923078
1711,0.7211538461538461
1712,1.9903846153846154
1713,1.2884615384615385
1714,0.23076923076923078
1715,0.5480769230769231
1716,1.2980769230769231
1717,0.7019230769230769
1718,0.6538461538461539
1719,0.8269230769230769
1720,3.3653846153846154
1721,1.2211538461538463
1722,0.9615384615384616
1723,1.1442307692307692
1724,0.38461538461538464
1725,0.22115384615384615
1726,0.46153846153846156
1727,0.7211538461538461
1728,0.36538461538461536
1729,0.25961538461538464
1730,0.5096153846153846
1731,0.40384615384615385
1732,0.0
1733,0.0
1734,0.125
1735,0.15384615384615385
1736,0.038461538461538464
1737,0.0673076923076923
1738,0.0673076923076923
1739,0.10576923076923077
1740,7.5
1741,2.451923076923077
1742,1.4038461538461537
1743,0.8173076923076923
1744,0.8365384615384616
1745,0.5769230769230769
1746,0.6346153846153846
1747,1.7980769230769231
1748,1.2788461538461537
1749,0.8365384615384616
1750,1.9038461538461537
1751,0.6057692307692307
1752,1.0865384615384615
1753,0.6442307692307693
1754,0.28846153846153844
1755,0.3942307692307692
1756,0.46153846153846156
1757,5.019230769230769
1758,2.1634615384615383
1759,2.798076923076923
1760,2.326923076923077
1761,0.7884615384615384
1762,1.5288461538461537
1763,1.5673076923076923
1764,0.8076923076923077
1765,0.6634615384615384
1766,0.6538461538461539
1767,0.4807692307692308
1768,0.5192307692307693
1769,0.5769230769230769
1770,2.5673076923076925
1771,1.0480769230769231
1772,0.3173076923076923
1773,0.23076923076923078
1774,1.1923076923076923
1775,1.9038461538461537
1776,1.1442307692307692
1777,0.46153846153846156
1778,1.6730769230769231
1779,2.625
1780,1.5865384615384615
1781,0.8365384615384616
1782,1.0769230769230769
1783,0.3269230769230769
1784,1.0769230769230769
1785,0.5673076923076923
1786,0.5865384615384616
1787,0.6442307692307693
1788,0.8269230769230769
1789,0.7884615384615384
1790,0.0
1791,0.0673076923076923
1792,0.0673076923076923
1793,0.019230769230769232
1794,0.038461538461538464
1795,0.125
1796,0.10576923076923077
1797,0.25961538461538464
1798,4.134615384615385
1799,2.2884615384615383
1800,0.9038461538461539
1801,0.6153846153846154
1802,0.028846153846153848
1803,0.6057692307692307
1804,1.9038461538461537
1805,1.5384615384615385
1806,1.0
1807,1.1442307692307692
1808,0.6153846153846154
1809,0.9423076923076923
1810,0.2403846153846154
1811,0.5384615384615384
1812,0.4326923076923077
1813,0.40384615384615385
1814,0.14423076923076922
1815,5.586538461538462
1816,3.4326923076923075
1817,1.1923076923076923
1818,2.0673076923076925
1819,1.4903846153846154
1820,1.25
1821,2.3173076923076925
1822,0.5769230769230769
1823,0.5673076923076923
1824,0.16346153846153846
1825,0.6153846153846154
1826,0.6057692307692307
1827,3.048076923076923
1828,0.08653846153846154
1829,1.7019230769230769
1830,1.3461538461538463
1831,1.625
1832,0.15384615384615385
1833,0.6923076923076923
1834,0.2692307692307692
1835,0.15384615384615385
1836,0.7692307692307693
1837,1.3942307692307692
1838,0.5096153846153846
1839,0.3173076923076923
1840,0.8846153846153846
1841,0.5673076923076923
1842,0.5769230769230769
1843,0.5961538461538461
1844,0.7596153846153846
1845,0.6634615384615384
1846,0.6923076923076923
1847,0.21153846153846154
1848,0.0
1849,0.04807692307692308
1850,0.1346153846153846
1851,0.009615384615384616
1852,0.04807692307692308
1853,0.2403846153846154
1854,0.10576923076923077
1855,0.07692307692307693
1856,6.548076923076923
1857,2.355769230769231
1858,2.048076923076923
1859,2.019230769230769
1860,1.3653846153846154
1861,0.6923076923076923
1862,0.8846153846153846
1863,1.3269230769230769
1864,1.4230769230769231
1865,1.875
1866,0.9519230769230769
1867,0.9423076923076923
1868,0.27884615384615385
1869,1.1730769230769231
1870,0.5384615384615384
1871,0.3557692307692308
1872,0.40384615384615385
1873,14.990384615384615
1874,3.3846153846153846
1875,3.0
1876,3.173076923076923
1877,4.3173076923076925
1878,1.9903846153846154
1879,0.5673076923076923
1880,1.3365384615384615
1881,1.2884615384615385
1882,0.5192307692307693
1883,0.7307692307692307
1884,1.2211538461538463
1885,1.8173076923076923
1886,1.3173076923076923
1887,1.5769230769230769
1888,1.2596153846153846
1889,0.6442307692307693
1890,0.6923076923076923
1891,0.8365384615384616
1892,1.2692307692307692
1893,0.41346153846153844
1894,2.144230769230769
1895,1.6153846153846154
1896,0.9423076923076923
1897,1.0384615384615385
1898,1.0769230769230769
1899,1.0192307692307692
1900,1.4423076923076923
1901,1.1730769230769231
1902,0.9038461538461539
1903,0.6442307692307693
1904,0.6634615384615384
1905,0.5
1906,0.028846153846153848
1907,0.019230769230769232
1908,0.09615384615384616
1909,0.019230769230769232
1910,0.019230769230769232
1911,0.17307692307692307
1912,0.23076923076923078
1913,0.10576923076923077
1914,3.6538461538461537
1915,4.288461538461538
1916,2.3846153846153846
1917,1.5961538461538463
1918,0.7596153846153846
1919,0.9230769230769231
1920,0.7596153846153846
1921,0.6538461538461539
1922,2.0865384615384617
1923,1.375
1924,0.22115384615384615
1925,0.47115384615384615
1926,0.18269230769230768
1927,0.4423076923076923
1928,0.28846153846153844
1929,0.18269230769230768
1930,0.08653846153846154
1931,6.730769230769231
1932,2.423076923076923
1933,0.8557692307692307
1934,2.269230769230769
1935,2.375
1936,1.1923076923076923
1937,1.7019230769230769
1938,1.0673076923076923
1939,0.6923076923076923
1940,0.9807692307692307
1941,0.7019230769230769
1942,0.9711538461538461
1943,1.7211538461538463
1944,1.3173076923076923
1945,1.5865384615384615
1946,0.7211538461538461
1947,0.38461538461538464
1948,0.625
1949,0.9326923076923077
1950,0.7115384615384616
1951,0.3942307692307692
1952,2.7596153846153846
1953,1.5288461538461537
1954,1.9134615384615385
1955,0.7788461538461539
1956,0.7692307692307693
1957,0.46153846153846156
1958,1.6538461538461537
1959,1.3076923076923077
1960,1.3269230769230769
1961,1.2596153846153846
1962,0.8653846153846154
1963,0.38461538461538464
1964,0.019230769230769232
1965,0.019230769230769232
1966,0.25
1967,0.0
1968,0.038461538461538464
1969,0.057692307692307696
1970,0.23076923076923078
1971,0.15384615384615385
1972,5.028846153846154
1973,6.5576923076923075
1974,3.1826923076923075
1975,1.8653846153846154
1976,1.125
1977,1.2692307692307692
1978,0.7019230769230769
1979,5.125
1980,2.7596153846153846
1981,2.2403846153846154
1982,1.0096153846153846
1983,2.0096153846153846
1984,0.6057692307692307
1985,3.326923076923077
1986,0.4519230769230769
1987,0.5576923076923077
1988,0.5865384615384616
1989,16.384615384615383
1990,4.221153846153846
1991,4.980769230769231
1992,3.1346153846153846
1993,3.230769230769231
1994,1.75
1995,2.375
1996,2.8365384615384617
1997,1.4615384615384615
1998,0.5480769230769231
1999,1.1826923076923077
2000,1.0961538461538463
2001,5.144230769230769
2002,2.6826923076923075
2003,2.3173076923076925
2004,1.3076923076923077
2005,0.5769230769230769
2006,2.298076923076923
2007,1.8461538461538463
2008,1.7115384615384615
2009,1.0769230769230769
2010,7.384615384615385
2011,0.04807692307692308
2012,3.019230769230769
2013,1.4903846153846154
2014,1.8076923076923077
2015,1.4230769230769231
2016,2.4326923076923075
2017,2.5576923076923075
2018,1.5384615384615385
2019,0.8365384615384616
2020,0.9807692307692307
2021,0.6923076923076923
2022,0.0
2023,0.057692307692307696
2024,0.3269230769230769
2025,0.019230769230769232
2026,0.04807692307692308
2027,0.375
2028,0.23076923076923078
2029,0.0
2030,7.038461538461538
2031,2.0576923076923075
2032,1.1153846153846154
2033,1.3173076923076923
2034,1.6923076923076923
2035,1.4134615384615385
2036,0.8846153846153846
2037,2.5288461538461537
2038,2.298076923076923
2039,1.7692307692307692
2040,1.9807692307692308
2041,1.4326923076923077
2042,0.5
2043,0.9615384615384616
2044,0.8076923076923077
2045,0.5673076923076923
2046,0.19230769230769232
2047,11.173076923076923
2048,6.163461538461538
2049,2.375
2050,6.028846153846154
2051,1.5384615384615385
2052,2.4615384615384617
2053,1.375
2054,1.2115384615384615
2055,1.75
2056,0.38461538461538464
2057,1.2884615384615385
2058,0.5865384615384616
2059,1.8846153846153846
2060,2.9903846153846154
2061,1.3365384615384615
2062,1.0096153846153846
2063,0.22115384615384615
2064,1.0673076923076923
2065,0.6346153846153846
2066,0.7980769230769231
2067,0.6346153846153846
2068,2.5096153846153846
2069,1.2211538461538463
2070,0.6634615384615384
2071,1.3076923076923077
2072,0.8269230769230769
2073,0.34615384615384615
2074,1.0288461538461537
2075,0.4807692307692308
2076,1.0865384615384615
2077,0.625
2078,0.3557692307692308
2079,0.4230769230769231
2080,0.009615384615384616
2081,0.028846153846153848
2082,0.46153846153846156
2083,0.25961538461538464
2084,0.07692307692307693
2085,0.028846153846153848
2086,0.2403846153846154
2087,0.028846153846153848
2088,4.298076923076923
2089,1.9423076923076923
2090,1.2596153846153846
2091,0.6057692307692307
2092,0.5673076923076923
2093,0.5769230769230769
2094,0.5961538461538461
2095,2.548076923076923
2096,1.5673076923076923
2097,1.2692307692307692
2098,1.3942307692307692
2099,0.5865384615384616
2100,2.105769230769231
2101,0.20192307692307693
2102,0.38461538461538464
2103,0.6057692307692307
2104,0.41346153846153844
2105,5.269230769230769
2106,2.8365384615384617
2107,3.7115384615384617
2108,2.144230769230769
2109,0.8365384615384616
2110,1.6153846153846154
2111,1.25
2112,0.9038461538461539
2113,0.7788461538461539
2114,0.6346153846153846
2115,0.3076923076923077
2116,0.20192307692307693
2117,1.0288461538461537
2118,2.6634615384615383
2119,1.3269230769230769
2120,0.3557692307692308
2121,0.4423076923076923
2122,2.326923076923077
2123,1.2596153846153846
2124,0.8173076923076923
2125,1.125
2126,1.7019230769230769
2127,1.7788461538461537
2128,1.7884615384615385
2129,1.1634615384615385
2130,0.8076923076923077
2131,0.4423076923076923
2132,0.8461538461538461
2133,0.7692307692307693
2134,0.27884615384615385
2135,0.5
2136,0.7596153846153846
2137,1.0096153846153846
2138,0.028846153846153848
2139,0.08653846153846154
2140,0.10576923076923077
2141,0.009615384615384616
2142,0.25961538461538464
2143,0.04807692307692308
2144,0.3076923076923077
2145,0.1346153846153846
2146,2.6826923076923075
2147,2.298076923076923
2148,1.9423076923076923
2149,0.5865384615384616
2150,0.5576923076923077
2151,0.28846153846153844
2152,0.375
2153,1.1153846153846154
2154,0.8557692307692307
2155,0.7307692307692307
2156,0.9326923076923077
2157,0.5192307692307693
2158,0.4326923076923077
2159,0.5673076923076923
2160,0.20192307692307693
2161,0.23076923076923078
2162,0.46153846153846156
2163,3.4615384615384617
2164,1.7403846153846154
2165,2.1826923076923075
2166,1.6634615384615385
2167,2.048076923076923
2168,1.4711538461538463
2169,1.3846153846153846
2170,0.8942307692307693
2171,0.3269230769230769
2172,1.0576923076923077
2173,0.27884615384615385
2174,0.38461538461538464
2175,3.5961538461538463
2176,1.125
2177,1.0480769230769231
2178,0.3076923076923077
2179,0.2980769230769231
2180,2.1153846153846154
2181,0.7115384615384616
2182,0.46153846153846156
2183,0.3557692307692308
2184,1.7596153846153846
2185,1.7211538461538463
2186,2.0384615384615383
2187,0.6634615384615384
2188,0.5673076923076923
2189,0.4326923076923077
2190,0.8461538461538461
2191,0.8653846153846154
2192,0.4423076923076923
2193,0.36538461538461536
2194,0.625
2195,0.6634615384615384
2196,0.0
2197,0.0
2198,0.17307692307692307
2199,0.009615384615384616
2200,0.057692307692307696
2201,0.07692307692307693
2202,0.16346153846153846
2203,0.04807692307692308
2204,8.201923076923077
2205,2.4423076923076925
2206,1.75
2207,0.4326923076923077
2208,1.4903846153846154
2209,0.8461538461538461
2210,1.1057692307692308
2211,2.4615384615384617
2212,1.6057692307692308
2213,2.105769230769231
2214,1.2115384615384615
2215,0.7403846153846154
2216,1.9423076923076923
2217,0.2980769230769231
2218,0.6730769230769231
2219,0.2980769230769231
2220,1.6730769230769231
2221,10.60576923076923
2222,2.8365384615384617
2223,3.326923076923077
2224,5.038461538461538
2225,2.269230769230769
2226,4.375
2227,0.9326923076923077
2228,1.3269230769230769
2229,1.2884615384615385
2230,1.1442307692307692
2231,0.4326923076923077
2232,0.19230769230769232
2233,2.6826923076923075
2234,1.9711538461538463
2235,0.6730769230769231
2236,0.3269230769230769
2237,0.17307692307692307
2238,1.6442307692307692
2239,0.6346153846153846
2240,0.7307692307692307
2241,0.22115384615384615
2242,6.6923076923076925
2243,2.0288461538461537
2244,1.3269230769230769
2245,1.5096153846153846
2246,1.0673076923076923
2247,0.28846153846153844
2248,0.7692307692307693
2249,0.5288461538461539
2250,0.5576923076923077
2251,0.375
2252,0.7403846153846154
2253,1.25
2254,0.028846153846153848
2255,0.009615384615384616
2256,0.27884615384615385
2257,0.125
2258,0.0
2259,0.0673076923076923
2260,0.2403846153846154
2261,0.04807692307692308
2262,2.8076923076923075
2263,1.4326923076923077
2264,1.0192307692307692
2265,0.5480769230769231
2266,0.6923076923076923
2267,0.7019230769230769
2268,0.6730769230769231
2269,1.4519230769230769
2270,1.0384615384615385
2271,1.2884615384615385
2272,1.2884615384615385
2273,0.7884615384615384
2274,0.40384615384615385
2275,0.23076923076923078
2276,0.125
2277,0.19230769230769232
2278,0.47115384615384615
2279,6.259615384615385
2280,2.894230769230769
2281,3.75
2282,3.019230769230769
2283,1.3557692307692308
2284,1.7884615384615385
2285,1.4615384615384615
2286,1.0
2287,0.7211538461538461
2288,1.0769230769230769
2289,0.5673076923076923
2290,0.14423076923076922
2291,1.4519230769230769
2292,2.3846153846153846
2293,1.625
2294,0.28846153846153844
2295,0.47115384615384615
2296,1.3461538461538463
2297,0.9711538461538461
2298,0.36538461538461536
2299,0.8942307692307693
2300,4.423076923076923
2301,1.0961538461538463
2302,1.0673076923076923
2303,1.1442307692307692
2304,0.6057692307692307
2305,0.22115384615384615
2306,0.5
2307,0.8846153846153846
2308,0.36538461538461536
2309,0.28846153846153844
2310,0.7211538461538461
2311,0.40384615384615385
2312,0.0
2313,0.0
2314,0.23076923076923078
2315,0.18269230769230768
2316,0.038461538461538464
2317,0.019230769230769232
2318,0.04807692307692308
2319,0.14423076923076922
2320,9.514563106796116
2321,2.9611650485436893
2322,1.9805825242718447
2323,0.8349514563106796
2324,0.5825242718446602
2325,0.5339805825242718
2326,0.7184466019417476
2327,1.7864077669902914
2328,1.3786407766990292
2329,1.1262135922330097
2330,2.0
2331,0.8252427184466019
2332,1.2427184466019416
2333,0.7087378640776699
2334,0.3106796116504854
2335,0.39805825242718446
2336,0.5339805825242718
2337,5.970873786407767
2338,2.9029126213592233
2339,3.2718446601941746
2340,2.8446601941747574
2341,1.4368932038834952
2342,1.7184466019417475
2343,1.6699029126213591
2344,1.1067961165048543
2345,0.6116504854368932
2346,0.7378640776699029
2347,0.5145631067961165
2348,0.9320388349514563
2349,1.0485436893203883
2350,2.970873786407767
2351,1.2233009708737863
2352,0.39805825242718446
2353,0.36893203883495146
2354,0.9514563106796117
2355,1.8349514563106797
2356,0.7184466019417476
2357,0.6213592233009708
2358,1.941747572815534
2359,2.766990291262136
2360,1.6310679611650485
2361,0.7378640776699029
2362,1.0194174757281553
2363,0.5048543689320388
2364,1.0776699029126213
2365,0.5825242718446602
2366,0.7087378640776699
2367,0.8058252427184466
2368,0.9514563106796117
2369,0.8737864077669902
2370,0.009708737864077669
2371,0.019417475728155338
2372,0.1553398058252427
2373,0.05825242718446602
2374,0.07766990291262135
2375,0.06796116504854369
2376,0.1941747572815534
2377,0.13592233009708737
2378,5.29126213592233
2379,2.3883495145631066
2380,0.8543689320388349
2381,0.5048543689320388
2382,0.06796116504854369
2383,0.7087378640776699
2384,1.6990291262135921
2385,1.970873786407767
2386,1.5922330097087378
2387,1.2524271844660195
2388,0.6796116504854369
2389,0.9902912621359223
2390,0.34951456310679613
2391,0.6601941747572816
2392,0.33980582524271846
2393,0.39805825242718446
2394,0.1650485436893204
2395,6.533980582524272
2396,3.4466019417475726
2397,0.9902912621359223
2398,2.5436893203883497
2399,1.5436893203883495
2400,1.2815533980582525
2401,2.1262135922330097
2402,0.6699029126213593
2403,0.5922330097087378
2404,0.24271844660194175
2405,0.5242718446601942
2406,0.47572815533980584
2407,3.4466019417475726
2408,0.06796116504854369
2409,0.6019417475728155
2410,1.4951456310679612
2411,1.3009708737864079
2412,0.2621359223300971
2413,0.5825242718446602
2414,0.20388349514563106
2415,0.3592233009708738
2416,0.9223300970873787
2417,1.4077669902912622
2418,0.5145631067961165
2419,0.5436893203883495
2420,0.8155339805825242
2421,0.6796116504854369
2422,0.6699029126213593
2423,0.5145631067961165
2424,0.7961165048543689
2425,0.7281553398058253
2426,0.6601941747572816
2427,0.23300970873786409
2428,0.0
2429,0.019417475728155338
2430,0.11650485436893204
2431,0.019417475728155338
2432,0.08737864077669903
2433,0.1650485436893204
2434,0.13592233009708737
2435,0.05825242718446602
2436,7.669902912621359
2437,2.9805825242718447
2438,2.058252427184466
2439,2.3689320388349513
2440,1.5728155339805825
2441,1.0388349514563107
2442,0.9611650485436893
2443,1.6796116504854368
2444,1.6407766990291262
2445,2.7864077669902914
2446,1.0776699029126213
2447,1.5436893203883495
2448,0.39805825242718446
2449,1.2524271844660195
2450,0.47572815533980584
2451,0.7961165048543689
2452,0.24271844660194175
2453,17.04854368932039
2454,4.106796116504855
2455,3.8155339805825244
2456,3.9514563106796117
2457,4.58252427184466
2458,1.941747572815534
2459,0.6893203883495146
2460,2.0388349514563107
2461,1.6116504854368932
2462,0.6407766990291263
2463,0.9320388349514563
2464,1.3106796116504855
2465,2.0776699029126213
2466,1.7184466019417475
2467,0.6310679611650486
2468,1.4854368932038835
2469,1.4466019417475728
2470,1.3398058252427185
2471,1.2135922330097086
2472,1.3300970873786409
2473,0.5048543689320388
2474,2.563106796116505
2475,2.1844660194174756
2476,1.0970873786407767
2477,1.3106796116504855
2478,1.2427184466019416
2479,1.3883495145631068
2480,1.7378640776699028
2481,1.3495145631067962
2482,1.3106796116504855
2483,1.0485436893203883
2484,0.7766990291262136
2485,0.4563106796116505
2486,0.07766990291262135
2487,0.06796116504854369
2488,0.10679611650485436
2489,0.04854368932038835
2490,0.14563106796116504
2491,0.3106796116504854
2492,0.21359223300970873
2493,0.21359223300970873
2494,4.854368932038835
2495,5.145631067961165
2496,3.2718446601941746
2497,1.766990291262136
2498,0.970873786407767
2499,0.970873786407767
2500,0.7864077669902912
2501,0.7087378640776699
2502,2.883495145631068
2503,1.7087378640776698
2504,0.3786407766990291
2505,0.8155339805825242
2506,0.1941747572815534
2507,0.5339805825242718
2508,0.4368932038834951
2509,0.6213592233009708
2510,0.10679611650485436
2511,8.368932038834952
2512,2.378640776699029
2513,0.8058252427184466
2514,3.7281553398058254
2515,2.466019417475728
2516,1.5145631067961165
2517,1.7184466019417475
2518,1.1941747572815533
2519,1.1067961165048543
2520,1.2233009708737863
2521,0.6990291262135923
2522,1.058252427184466
2523,2.6601941747572817
2524,1.4660194174757282
2525,0.6893203883495146
2526,0.7669902912621359
2527,0.8058252427184466
2528,0.9320388349514563
2529,1.3980582524271845
2530,0.6019417475728155
2531,0.3592233009708738
2532,4.058252427184466
2533,2.3689320388349513
2534,3.0388349514563107
2535,0.941747572815534
2536,1.3009708737864079
2537,0.6893203883495146
2538,2.3106796116504853
2539,2.1553398058252426
2540,1.5631067961165048
2541,1.6213592233009708
2542,0.941747572815534
2543,0.4368932038834951
2544,0.009708737864077669
2545,0.02912621359223301
2546,0.1650485436893204
2547,0.0
2548,0.009708737864077669
2549,0.10679611650485436
2550,0.21359223300970873
2551,0.1553398058252427
2552,5.611650485436893
2553,7.524271844660194
2554,3.3106796116504853
2555,1.7184466019417475
2556,1.5339805825242718
2557,1.5339805825242718
2558,0.6019417475728155
2559,5.29126213592233
2560,2.6699029126213594
2561,2.3398058252427183
2562,1.3106796116504855
2563,2.3106796116504853
2564,0.6116504854368932
2565,2.650485436893204
2566,0.7184466019417476
2567,0.4563106796116505
2568,0.9223300970873787
2569,15.155339805825243
2570,4.854368932038835
2571,4.941747572815534
2572,4.281553398058253
2573,3.1650485436893203
2574,2.4854368932038833
2575,2.0
2576,2.2815533980582523
2577,1.4368932038834952
2578,0.5339805825242718
2579,1.6019417475728155
2580,1.4660194174757282
2581,5.902912621359223
2582,3.1650485436893203
2583,1.854368932038835
2584,1.4174757281553398
2585,0.4368932038834951
2586,2.5728155339805827
2587,1.5242718446601942
2588,1.3009708737864079
2589,1.5048543689320388
2590,7.757281553398058
2591,0.10679611650485436
2592,2.912621359223301
2593,1.6796116504854368
2594,2.0388349514563107
2595,1.3592233009708738
2596,2.5436893203883497
2597,2.8155339805825244
2598,1.6504854368932038
2599,0.912621359223301
2600,1.1941747572815533
2601,0.8155339805825242
2602,0.02912621359223301
2603,0.04854368932038835
2604,0.39805825242718446
2605,0.019417475728155338
2606,0.019417475728155338
2607,0.17475728155339806
2608,0.4854368932038835
2609,0.0
2610,9.699029126213592
2611,2.7572815533980584
2612,1.5922330097087378
2613,1.2912621359223302
2614,2.1067961165048543
2615,1.4077669902912622
2616,0.7184466019417476
2617,3.1553398058252426
2618,2.349514563106796
2619,1.912621359223301
2620,2.3009708737864076
2621,1.6504854368932038
2622,0.8155339805825242
2623,1.0388349514563107
2624,1.3009708737864079
2625,0.9029126213592233
2626,0.2524271844660194
2627,14.029126213592233
2628,7.504854368932039
2629,2.533980582524272
2630,7.961165048543689
2631,1.8737864077669903
2632,3.087378640776699
2633,1.6407766990291262
2634,1.3980582524271845
2635,1.7184466019417475
2636,0.39805825242718446
2637,1.3203883495145632
2638,1.0194174757281553
2639,2.8640776699029127
2640,4.213592233009709
2641,1.6310679611650485
2642,1.6116504854368932
2643,0.5631067961165048
2644,1.203883495145631
2645,0.6504854368932039
2646,0.7961165048543689
2647,0.8932038834951457
2648,3.3398058252427183
2649,1.6213592233009708
2650,1.116504854368932
2651,1.5533980582524272
2652,1.2621359223300972
2653,0.42718446601941745
2654,1.1941747572815533
2655,0.6699029126213593
2656,1.3009708737864079
2657,0.7864077669902912
2658,0.42718446601941745
2659,0.7184466019417476
2660,0.02912621359223301
2661,0.009708737864077669
2662,0.3592233009708738
2663,0.1650485436893204
2664,0.019417475728155338
2665,0.06796116504854369
2666,0.3106796116504854
2667,0.019417475728155338
2668,4.757281553398058
2669,2.2427184466019416
2670,1.2815533980582525
2671,0.6796116504854369
2672,0.5728155339805825
2673,0.6601941747572816
2674,0.7281553398058253
2675,2.6990291262135924
2676,1.7572815533980584
2677,1.4271844660194175
2678,1.145631067961165
2679,0.5436893203883495
2680,1.8058252427184467
2681,0.27184466019417475
2682,0.3300970873786408
2683,0.49514563106796117
2684,0.8543689320388349
2685,5.466019417475728
2686,2.8640776699029127
2687,3.436893203883495
2688,2.2524271844660193
2689,0.9514563106796117
2690,1.4077669902912622
2691,1.2815533980582525
2692,0.8640776699029126
2693,0.6699029126213593
2694,0.6407766990291263
2695,0.24271844660194175
2696,0.08737864077669903
2697,0.7572815533980582
2698,2.3689320388349513
2699,1.7475728155339805
2700,0.42718446601941745
2701,0.30097087378640774
2702,1.854368932038835
2703,1.1262135922330097
2704,0.7281553398058253
2705,1.203883495145631
2706,2.087378640776699
2707,2.233009708737864
2708,2.0388349514563107
2709,1.1262135922330097
2710,0.970873786407767
2711,0.4368932038834951
2712,1.1844660194174756
2713,1.0970873786407767
2714,0.36893203883495146
2715,0.5145631067961165
2716,0.7864077669902912
2717,1.3398058252427185
2718,0.019417475728155338
2719,0.0970873786407767
2720,0.17475728155339806
2721,0.019417475728155338
2722,0.038834951456310676
2723,0.11650485436893204
2724,0.32038834951456313
2725,0.1650485436893204
2726,2.796116504854369
2727,3.6407766990291264
2728,2.349514563106796
2729,0.6699029126213593
2730,0.6504854368932039
2731,0.3300970873786408
2732,0.4368932038834951
2733,1.4368932038834952
2734,1.3106796116504855
2735,0.912621359223301
2736,1.2718446601941749
2737,0.6699029126213593
2738,0.5436893203883495
2739,0.5048543689320388
2740,0.2912621359223301
2741,0.3106796116504854
2742,0.4077669902912621
2743,3.9320388349514563
2744,1.6893203883495145
2745,2.1262135922330097
2746,1.766990291262136
2747,1.6116504854368932
2748,1.7475728155339805
2749,1.2621359223300972
2750,0.6601941747572816
2751,0.5825242718446602
2752,0.941747572815534
2753,0.4368932038834951
2754,0.3106796116504854
2755,2.3300970873786406
2756,1.1844660194174756
2757,0.7378640776699029
2758,0.3592233009708738
2759,0.4368932038834951
2760,2.912621359223301
2761,0.6504854368932039
2762,0.3786407766990291
2763,0.24271844660194175
2764,2.2233009708737863
2765,1.9514563106796117
2766,1.941747572815534
2767,0.9611650485436893
2768,0.970873786407767
2769,0.49514563106796117
2770,0.8058252427184466
2771,1.0970873786407767
2772,0.5728155339805825
2773,0.5533980582524272
2774,0.6601941747572816
2775,0.8543689320388349
2776,0.019417475728155338
2777,0.05825242718446602
2778,0.3106796116504854
2779,0.019417475728155338
2780,0.009708737864077669
2781,0.038834951456310676
2782,0.1941747572815534
2783,0.009708737864077669
2784,9.466019417475728
2785,2.533980582524272
2786,1.9902912621359223
2787,0.36893203883495146
2788,1.5048543689320388
2789,1.4951456310679612
2790,1.203883495145631
2791,3.0679611650485437
2792,1.8155339805825244
2793,2.3689320388349513
2794,1.2524271844660195
2795,0.912621359223301
2796,2.087378640776699
2797,0.42718446601941745
2798,0.7087378640776699
2799,0.22330097087378642
2800,2.0097087378640777
2801,12.019417475728156
2802,3.0679611650485437
2803,3.6601941747572817
2804,5.514563106796117
2805,1.854368932038835
2806,4.776699029126213
2807,0.912621359223301
2808,1.6601941747572815
2809,1.3495145631067962
2810,0.8252427184466019
2811,0.3106796116504854
2812,0.1553398058252427
2813,2.1359223300970873
2814,2.2427184466019416
2815,0.5242718446601942
2816,0.4368932038834951
2817,0.21359223300970873
2818,1.7766990291262137
2819,0.6310679611650486
2820,1.3980582524271845
2821,0.0970873786407767
2822,7.242718446601942
2823,2.4854368932038833
2824,1.4660194174757282
2825,1.8349514563106797
2826,1.058252427184466
2827,0.2815533980582524
2828,0.7475728155339806
2829,0.5145631067961165
2830,0.5728155339805825
2831,0.39805825242718446
2832,0.6893203883495146
2833,1.3786407766990292
2834,0.0
2835,0.009708737864077669
2836,0.1650485436893204
2837,0.24271844660194175
2838,0.019417475728155338
2839,0.06796116504854369
2840,0.2621359223300971
2841,0.038834951456310676
2842,3.533980582524272
2843,1.8155339805825244
2844,1.3592233009708738
2845,0.6504854368932039
2846,1.087378640776699
2847,0.9320388349514563
2848,0.9029126213592233
2849,2.0679611650485437
2850,1.3009708737864079
2851,1.6407766990291262
2852,1.5922330097087378
2853,0.8640776699029126
2854,0.5533980582524272
2855,0.3106796116504854
2856,0.34951456310679613
2857,0.13592233009708737
2858,0.42718446601941745
2859,6.747572815533981
2860,2.6699029126213594
2861,3.8640776699029127
2862,3.3883495145631066
2863,1.7572815533980584
2864,2.0194174757281553
2865,1.3689320388349515
2866,1.2912621359223302
2867,0.8155339805825242
2868,1.0388349514563107
2869,0.5436893203883495
2870,0.2524271844660194
2871,2.2718446601941746
2872,2.466019417475728
2873,1.854368932038835
2874,0.3300970873786408
2875,0.47572815533980584
2876,1.4854368932038835
2877,0.6893203883495146
2878,0.6699029126213593
2879,0.8737864077669902
2880,5.155339805825243
2881,1.6310679611650485
2882,1.3203883495145632
2883,1.5825242718446602
2884,0.5145631067961165
2885,0.3106796116504854
2886,0.5825242718446602
2887,0.9223300970873787
2888,0.47572815533980584
2889,0.3106796116504854
2890,0.5145631067961165
2891,0.46601941747572817
2892,0.0
2893,0.0
2894,0.20388349514563106
2895,0.1650485436893204
2896,0.02912621359223301
2897,0.08737864077669903
2898,0.17475728155339806
2899,0.22330097087378642
2900,9.596153846153847
2901,2.9038461538461537
2902,1.9519230769230769
2903,1.0288461538461537
2904,0.6826923076923077
2905,0.5576923076923077
2906,0.5288461538461539
2907,1.8461538461538463
2908,1.8846153846153846
2909,1.2115384615384615
2910,1.9807692307692308
2911,0.9903846153846154
2912,1.7403846153846154
2913,0.7692307692307693
2914,0.47115384615384615
2915,0.4807692307692308
2916,0.6153846153846154
2917,5.634615384615385
2918,3.1153846153846154
2919,3.730769230769231
2920,3.355769230769231
2921,1.2307692307692308
2922,2.0384615384615383
2923,2.1826923076923075
2924,1.3461538461538463
2925,0.7884615384615384
2926,1.1442307692307692
2927,0.5384615384615384
2928,0.5
2929,0.7115384615384616
2930,2.951923076923077
2931,1.5096153846153846
2932,0.38461538461538464
2933,0.5192307692307693
2934,0.8076923076923077
2935,1.4615384615384615
2936,1.0673076923076923
2937,0.6634615384615384
2938,2.4615384615384617
2939,3.105769230769231
2940,1.7019230769230769
2941,1.1538461538461537
2942,1.1634615384615385
2943,0.5576923076923077
2944,1.2307692307692308
2945,0.7115384615384616
2946,0.7980769230769231
2947,1.0288461538461537
2948,1.0673076923076923
2949,0.7403846153846154
2950,0.0
2951,0.04807692307692308
2952,0.057692307692307696
2953,0.028846153846153848
2954,0.057692307692307696
2955,0.15384615384615385
2956,0.3076923076923077
2957,0.3557692307692308
2958,5.221153846153846
2959,2.1538461538461537
2960,1.0384615384615385
2961,0.4326923076923077
2962,0.019230769230769232
2963,0.6538461538461539
2964,1.0961538461538463
2965,2.173076923076923
2966,1.4615384615384615
2967,1.2788461538461537
2968,1.2307692307692308
2969,1.5576923076923077
2970,0.40384615384615385
2971,0.6634615384615384
2972,0.6826923076923077
2973,0.5
2974,0.10576923076923077
2975,6.5
2976,4.1826923076923075
2977,1.4038461538461537
2978,3.048076923076923
2979,1.6634615384615385
2980,1.1730769230769231
2981,2.5384615384615383
2982,0.9038461538461539
2983,0.8076923076923077
2984,0.2692307692307692
2985,0.875
2986,0.5192307692307693
2987,3.548076923076923
2988,0.057692307692307696
2989,1.0
2990,1.4807692307692308
2991,1.0192307692307692
2992,0.27884615384615385
2993,0.3557692307692308
2994,0.3269230769230769
2995,0.22115384615384615
2996,1.2019230769230769
2997,1.5384615384615385
2998,0.8365384615384616
2999,0.4423076923076923
3000,1.1153846153846154
3001,0.5480769230769231
3002,0.7115384615384616
3003,0.6057692307692307
3004,0.7788461538461539
3005,0.6057692307692307
3006,0.5961538461538461
3007,0.1346153846153846
3008,0.0
3009,0.019230769230769232
3010,0.23076923076923078
3011,0.019230769230769232
3012,0.0673076923076923
3013,0.125
3014,0.15384615384615385
3015,0.028846153846153848
3016,7.759615384615385
3017,2.9615384615384617
3018,2.5865384615384617
3019,3.201923076923077
3020,1.5865384615384615
3021,1.1826923076923077
3022,0.9326923076923077
3023,2.0673076923076925
3024,1.7403846153846154
3025,2.076923076923077
3026,1.8173076923076923
3027,1.7980769230769231
3028,0.6634615384615384
3029,1.1057692307692308
3030,0.7980769230769231
3031,1.0384615384615385
3032,0.27884615384615385
3033,17.067307692307693
3034,4.4326923076923075
3035,5.028846153846154
3036,4.509615384615385
3037,6.3076923076923075
3038,2.3076923076923075
3039,0.9519230769230769
3040,2.2211538461538463
3041,1.9230769230769231
3042,0.8461538461538461
3043,1.6346153846153846
3044,1.3461538461538463
3045,2.7115384615384617
3046,1.7980769230769231
3047,2.625
3048,1.6153846153846154
3049,1.1826923076923077
3050,1.7307692307692308
3051,1.2211538461538463
3052,1.7980769230769231
3053,0.7019230769230769
3054,3.480769230769231
3055,3.125
3056,1.8173076923076923
3057,1.5769230769230769
3058,1.4711538461538463
3059,1.7307692307692308
3060,2.2211538461538463
3061,1.4711538461538463
3062,1.2884615384615385
3063,1.3461538461538463
3064,0.8557692307692307
3065,0.3076923076923077
3066,0.019230769230769232
3067,0.04807692307692308
3068,0.1346153846153846
3069,0.028846153846153848
3070,0.10576923076923077
3071,0.19230769230769232
3072,0.3173076923076923
3073,0.2692307692307692
3074,5.038461538461538
3075,5.153846153846154
3076,3.375
3077,1.4519230769230769
3078,1.1538461538461537
3079,1.1923076923076923
3080,1.3076923076923077
3081,1.0576923076923077
3082,3.3653846153846154
3083,1.9903846153846154
3084,0.4423076923076923
3085,0.9038461538461539
3086,0.22115384615384615
3087,0.5192307692307693
3088,0.6826923076923077
3089,0.36538461538461536
3090,0.125
3091,8.413461538461538
3092,2.6346153846153846
3093,0.9807692307692307
3094,4.019230769230769
3095,2.7211538461538463
3096,2.0
3097,2.644230769230769
3098,1.4615384615384615
3099,0.9134615384615384
3100,1.5
3101,1.0769230769230769
3102,1.5
3103,3.375
3104,1.9711538461538463
3105,1.7307692307692308
3106,0.7211538461538461
3107,0.8846153846153846
3108,1.0480769230769231
3109,1.2403846153846154
3110,1.2403846153846154
3111,0.3942307692307692
3112,5.086538461538462
3113,2.673076923076923
3114,3.3461538461538463
3115,1.7019230769230769
3116,1.6442307692307692
3117,0.7211538461538461
3118,2.6923076923076925
3119,2.7403846153846154
3120,2.0576923076923075
3121,2.2884615384615383
3122,1.0288461538461537
3123,0.46153846153846156
3124,0.04807692307692308
3125,0.009615384615384616
3126,0.15384615384615385
3127,0.07692307692307693
3128,0.04807692307692308
3129,0.1346153846153846
3130,0.40384615384615385
3131,0.3942307692307692
3132,6.403846153846154
3133,6.798076923076923
3134,4.884615384615385
3135,1.8846153846153846
3136,1.3365384615384615
3137,1.6826923076923077
3138,0.8846153846153846
3139,6.951923076923077
3140,3.048076923076923
3141,2.423076923076923
3142,1.3653846153846154
3143,2.894230769230769
3144,0.7980769230769231
3145,2.8846153846153846
3146,0.75
3147,1.25
3148,0.7403846153846154
3149,14.653846153846153
3150,4.625
3151,5.951923076923077
3152,4.326923076923077
3153,4.778846153846154
3154,2.6826923076923075
3155,1.9134615384615385
3156,2.980769230769231
3157,1.4230769230769231
3158,0.8173076923076923
3159,1.6538461538461537
3160,1.6634615384615385
3161,5.0673076923076925
3162,3.1826923076923075
3163,1.5480769230769231
3164,1.3461538461538463
3165,0.9711538461538461
3166,2.451923076923077
3167,1.4519230769230769
3168,1.2692307692307692
3169,1.8942307692307692
3170,9.663461538461538
3171,0.25961538461538464
3172,3.8846153846153846
3173,1.9711538461538463
3174,2.355769230769231
3175,1.7307692307692308
3176,2.8365384615384617
3177,3.1538461538461537
3178,1.7596153846153846
3179,1.4230769230769231
3180,1.3942307692307692
3181,1.0096153846153846
3182,0.009615384615384616
3183,0.04807692307692308
3184,0.2403846153846154
3185,0.019230769230769232
3186,0.11538461538461539
3187,0.16346153846153846
3188,0.3557692307692308
3189,0.0
3190,9.490384615384615
3191,2.7788461538461537
3192,1.3557692307692308
3193,0.9423076923076923
3194,2.3076923076923075
3195,1.6826923076923077
3196,0.5673076923076923
3197,4.134615384615385
3198,2.394230769230769
3199,2.173076923076923
3200,2.3653846153846154
3201,1.8846153846153846
3202,0.8942307692307693
3203,1.0961538461538463
3204,1.5192307692307692
3205,1.0480769230769231
3206,0.28846153846153844
3207,13.375
3208,7.346153846153846
3209,3.6346153846153846
3210,8.701923076923077
3211,2.5
3212,3.3846153846153846
3213,1.8173076923076923
3214,1.5576923076923077
3215,2.1153846153846154
3216,0.5384615384615384
3217,1.75
3218,0.7307692307692307
3219,2.769230769230769
3220,4.605769230769231
3221,1.4807692307692308
3222,1.375
3223,0.38461538461538464
3224,1.4519230769230769
3225,0.7211538461538461
3226,0.5480769230769231
3227,0.7596153846153846
3228,3.4903846153846154
3229,1.7211538461538463
3230,1.25
3231,2.1153846153846154
3232,1.1634615384615385
3233,0.40384615384615385
3234,1.2884615384615385
3235,0.6346153846153846
3236,1.8076923076923077
3237,0.8653846153846154
3238,0.46153846153846156
3239,0.7403846153846154
3240,0.038461538461538464
3241,0.028846153846153848
3242,0.34615384615384615
3243,0.3942307692307692
3244,0.009615384615384616
3245,0.0673076923076923
3246,0.5
3247,0.04807692307692308
3248,4.778846153846154
3249,2.673076923076923
3250,0.8557692307692307
3251,0.7019230769230769
3252,0.4230769230769231
3253,0.40384615384615385
3254,0.46153846153846156
3255,3.2115384615384617
3256,1.75
3257,1.375
3258,1.8942307692307692
3259,0.8653846153846154
3260,2.5576923076923075
3261,0.34615384615384615
3262,0.5576923076923077
3263,0.8269230769230769
3264,1.0673076923076923
3265,5.625
3266,3.105769230769231
3267,3.8173076923076925
3268,2.2788461538461537
3269,0.7980769230769231
3270,2.173076923076923
3271,1.9134615384615385
3272,1.0384615384615385
3273,0.7596153846153846
3274,0.7692307692307693
3275,0.18269230769230768
3276,0.15384615384615385
3277,0.9711538461538461
3278,2.9134615384615383
3279,1.5961538461538463
3280,0.5865384615384616
3281,0.5
3282,1.8173076923076923
3283,1.0961538461538463
3284,1.3846153846153846
3285,1.0865384615384615
3286,2.2403846153846154
3287,2.7115384615384617
3288,2.1826923076923075
3289,1.3653846153846154
3290,0.9519230769230769
3291,0.5384615384615384
3292,1.2403846153846154
3293,1.3365384615384615
3294,0.41346153846153844
3295,0.5576923076923077
3296,0.7019230769230769
3297,1.1923076923076923
3298,0.10576923076923077
3299,0.0673076923076923
3300,0.10576923076923077
3301,0.057692307692307696
3302,0.0673076923076923
3303,0.08653846153846154
3304,0.3557692307692308
3305,0.21153846153846154
3306,2.9326923076923075
3307,3.2211538461538463
3308,2.4134615384615383
3309,0.5576923076923077
3310,0.8269230769230769
3311,0.3942307692307692
3312,0.5288461538461539
3313,1.6442307692307692
3314,1.4519230769230769
3315,1.1153846153846154
3316,1.4134615384615385
3317,0.7307692307692307
3318,0.7980769230769231
3319,0.8269230769230769
3320,0.4423076923076923
3321,0.5192307692307693
3322,0.9807692307692307
3323,3.8653846153846154
3324,1.5192307692307692
3325,2.0384615384615383
3326,1.9807692307692308
3327,1.3653846153846154
3328,1.7019230769230769
3329,1.6923076923076923
3330,0.5769230769230769
3331,0.6538461538461539
3332,1.1346153846153846
3333,0.46153846153846156
3334,0.4326923076923077
3335,2.230769230769231
3336,1.3846153846153846
3337,1.375
3338,0.3269230769230769
3339,0.21153846153846154
3340,2.480769230769231
3341,0.7980769230769231
3342,0.6730769230769231
3343,0.23076923076923078
3344,2.9134615384615383
3345,1.8461538461538463
3346,2.3461538461538463
3347,0.9711538461538461
3348,0.9230769230769231
3349,0.6730769230769231
3350,0.8557692307692307
3351,1.1923076923076923
3352,0.7307692307692307
3353,0.5961538461538461
3354,0.7692307692307693
3355,0.8846153846153846
3356,0.009615384615384616
3357,0.009615384615384616
3358,0.19230769230769232
3359,0.0
3360,0.0673076923076923
3361,0.08653846153846154
3362,0.20192307692307693
3363,0.038461538461538464
3364,8.692307692307692
3365,2.8076923076923075
3366,1.9134615384615385
3367,0.5576923076923077
3368,1.7692307692307692
3369,1.0576923076923077
3370,1.25
3371,2.923076923076923
3372,2.1346153846153846
3373,1.9807692307692308
3374,1.5865384615384615
3375,0.8942307692307693
3376,1.9615384615384615
3377,0.3173076923076923
3378,1.2403846153846154
3379,0.3557692307692308
3380,1.7596153846153846
3381,12.067307692307692
3382,3.1634615384615383
3383,4.913461538461538
3384,5.769230769230769
3385,1.5961538461538463
3386,4.9326923076923075
3387,0.8846153846153846
3388,1.5192307692307692
3389,1.1730769230769231
3390,0.8846153846153846
3391,0.4326923076923077
3392,0.14423076923076922
3393,1.6057692307692308
3394,1.9230769230769231
3395,0.8653846153846154
3396,0.46153846153846156
3397,0.22115384615384615
3398,1.1923076923076923
3399,0.5865384615384616
3400,0.9230769230769231
3401,0.09615384615384616
3402,6.461538461538462
3403,1.8365384615384615
3404,1.3173076923076923
3405,2.3076923076923075
3406,1.125
3407,0.2692307692307692
3408,0.9230769230769231
3409,0.7115384615384616
3410,0.7211538461538461
3411,0.4807692307692308
3412,0.8173076923076923
3413,1.1634615384615385
3414,0.0
3415,0.0
3416,0.22115384615384615
3417,0.2403846153846154
3418,0.038461538461538464
3419,0.057692307692307696
3420,0.33653846153846156
3421,0.019230769230769232
3422,4.298076923076923
3423,2.3461538461538463
3424,1.4615384615384615
3425,0.6634615384615384
3426,0.9326923076923077
3427,1.0480769230769231
3428,0.7403846153846154
3429,2.2115384615384617
3430,1.2403846153846154
3431,1.3461538461538463
3432,1.6923076923076923
3433,0.9230769230769231
3434,0.6346153846153846
3435,0.40384615384615385
3436,0.36538461538461536
3437,0.375
3438,0.8076923076923077
3439,6.855769230769231
3440,3.4903846153846154
3441,4.6923076923076925
3442,3.894230769230769
3443,1.7019230769230769
3444,1.9038461538461537
3445,1.7884615384615385
3446,1.5480769230769231
3447,0.9903846153846154
3448,1.25
3449,0.46153846153846156
3450,0.3557692307692308
3451,2.894230769230769
3452,2.2211538461538463
3453,1.4038461538461537
3454,0.18269230769230768
3455,0.5096153846153846
3456,1.5673076923076923
3457,0.6634615384615384
3458,0.9326923076923077
3459,0.8461538461538461
3460,5.0576923076923075
3461,1.8076923076923077
3462,1.4807692307692308
3463,1.8173076923076923
3464,0.5961538461538461
3465,0.38461538461538464
3466,0.5961538461538461
3467,1.1634615384615385
3468,0.46153846153846156
3469,0.375
3470,0.7019230769230769
3471,0.4807692307692308
3472,0.009615384615384616
3473,0.0
3474,0.19230769230769232
3475,0.2403846153846154
3476,0.038461538461538464
3477,0.038461538461538464
3478,0.33653846153846156
3479,0.10576923076923077
3480,7.673076923076923
3481,2.2211538461538463
3482,1.8461538461538463
3483,0.7788461538461539
3484,0.8173076923076923
3485,0.5
3486,0.49038461538461536
3487,2.5
3488,1.7403846153846154
3489,1.1923076923076923
3490,2.230769230769231
3491,1.2403846153846154
3492,1.8653846153846154
3493,0.7980769230769231
3494,0.4230769230769231
3495,0.46153846153846156
3496,0.375
3497,5.269230769230769
3498,2.8846153846153846
3499,3.8365384615384617
3500,2.4903846153846154
3501,1.125
3502,2.0384615384615383
3503,2.1346153846153846
3504,1.0865384615384615
3505,0.9903846153846154
3506,1.0192307692307692
3507,0.6730769230769231
3508,0.7596153846153846
3509,0.8365384615384616
3510,2.230769230769231
3511,1.8942307692307692
3512,0.36538461538461536
3513,0.2403846153846154
3514,0.9615384615384616
3515,1.6442307692307692
3516,1.0384615384615385
3517,0.5192307692307693
3518,1.9807692307692308
3519,2.7884615384615383
3520,1.7596153846153846
3521,1.0576923076923077
3522,0.9134615384615384
3523,0.6923076923076923
3524,1.2980769230769231
3525,0.7307692307692307
3526,0.625
3527,0.7596153846153846
3528,0.6923076923076923
3529,0.7884615384615384
3530,0.009615384615384616
3531,0.038461538461538464
3532,0.08653846153846154
3533,0.057692307692307696
3534,0.08653846153846154
3535,0.125
3536,0.2692307692307692
3537,0.27884615384615385
3538,4.615384615384615
3539,2.2788461538461537
3540,0.8942307692307693
3541,0.28846153846153844
3542,0.028846153846153848
3543,0.6923076923076923
3544,1.3365384615384615
3545,2.6826923076923075
3546,1.5096153846153846
3547,1.2019230769230769
3548,1.2980769230769231
3549,1.5384615384615385
3550,0.4423076923076923
3551,0.5865384615384616
3552,1.0
3553,0.7692307692307693
3554,0.10576923076923077
3555,5.096153846153846
3556,3.701923076923077
3557,1.9903846153846154
3558,2.0
3559,1.8269230769230769
3560,1.6153846153846154
3561,2.5865384615384617
3562,0.9519230769230769
3563,0.75
3564,0.21153846153846154
3565,0.8942307692307693
3566,0.7692307692307693
3567,2.451923076923077
3568,0.07692307692307693
3569,1.8942307692307692
3570,1.3365384615384615
3571,1.2403846153846154
3572,0.3076923076923077
3573,0.41346153846153844
3574,0.4326923076923077
3575,0.3076923076923077
3576,1.1634615384615385
3577,1.5096153846153846
3578,0.8365384615384616
3579,0.6057692307692307
3580,0.8461538461538461
3581,0.6923076923076923
3582,0.6346153846153846
3583,0.6346153846153846
3584,0.7980769230769231
3585,0.6153846153846154
3586,0.5
3587,0.07692307692307693
3588,0.0
3589,0.038461538461538464
3590,0.20192307692307693
3591,0.009615384615384616
3592,0.038461538461538464
3593,0.22115384615384615
3594,0.16346153846153846
3595,0.009615384615384616
3596,6.490384615384615
3597,2.8653846153846154
3598,2.2788461538461537
3599,2.423076923076923
3600,1.3846153846153846
3601,0.6538461538461539
3602,1.0384615384615385
3603,2.2211538461538463
3604,1.9615384615384615
3605,1.8942307692307692
3606,1.6826923076923077
3607,1.9903846153846154
3608,0.6153846153846154
3609,1.0288461538461537
3610,0.9711538461538461
3611,1.1923076923076923
3612,0.375
3613,14.60576923076923
3614,3.5096153846153846
3615,5.3076923076923075
3616,3.201923076923077
3617,8.182692307692308
3618,2.1153846153846154
3619,0.9326923076923077
3620,1.9519230769230769
3621,1.8173076923076923
3622,0.7884615384615384
3623,1.4903846153846154
3624,1.6442307692307692
3625,2.4903846153846154
3626,1.5288461538461537
3627,1.75
3628,1.3076923076923077
3629,1.1634615384615385
3630,1.0865384615384615
3631,1.1826923076923077
3632,0.9326923076923077
3633,0.36538461538461536
3634,3.0576923076923075
3635,3.1826923076923075
3636,1.6826923076923077
3637,1.5865384615384615
3638,1.1923076923076923
3639,1.5769230769230769
3640,2.1153846153846154
3641,1.6538461538461537
3642,1.4519230769230769
3643,1.1538461538461537
3644,0.7788461538461539
3645,0.38461538461538464
3646,0.08653846153846154
3647,0.019230769230769232
3648,0.27884615384615385
3649,0.028846153846153848
3650,0.08653846153846154
3651,0.20192307692307693
3652,0.33653846153846156
3653,0.23076923076923078
3654,4.211538461538462
3655,3.6634615384615383
3656,3.0096153846153846
3657,1.4903846153846154
3658,0.7115384615384616
3659,0.9615384615384616
3660,0.5576923076923077
3661,1.2884615384615385
3662,3.2211538461538463
3663,1.9519230769230769
3664,0.9903846153846154
3665,1.25
3666,0.3076923076923077
3667,0.4519230769230769
3668,0.6346153846153846
3669,0.8942307692307693
3670,0.10576923076923077
3671,7.375
3672,2.3461538461538463
3673,1.0192307692307692
3674,2.9134615384615383
3675,2.673076923076923
3676,1.5288461538461537
3677,2.230769230769231
3678,1.2307692307692308
3679,1.0192307692307692
3680,1.2307692307692308
3681,0.8269230769230769
3682,0.9903846153846154
3683,3.1153846153846154
3684,1.8269230769230769
3685,1.2884615384615385
3686,0.8269230769230769
3687,0.5288461538461539
3688,0.6634615384615384
3689,1.2115384615384615
3690,1.1634615384615385
3691,0.4807692307692308
3692,3.8365384615384617
3693,2.548076923076923
3694,3.0096153846153846
3695,1.3365384615384615
3696,1.3173076923076923
3697,0.625
3698,2.4423076923076925
3699,1.8076923076923077
3700,1.6923076923076923
3701,1.8653846153846154
3702,0.7884615384615384
3703,0.5576923076923077
3704,0.028846153846153848
3705,0.0673076923076923
3706,0.2692307692307692
3707,0.038461538461538464
3708,0.08653846153846154
3709,0.08653846153846154
3710,0.38461538461538464
3711,0.17307692307692307
3712,5.673076923076923
3713,5.6923076923076925
3714,4.0673076923076925
3715,1.9038461538461537
3716,1.3365384615384615
3717,1.0865384615384615
3718,0.7788461538461539
3719,8.307692307692308
3720,3.298076923076923
3721,2.4903846153846154
3722,1.3557692307692308
3723,2.5865384615384617
3724,0.7980769230769231
3725,2.8653846153846154
3726,0.8173076923076923
3727,1.4326923076923077
3728,0.9326923076923077
3729,14.182692307692308
3730,4.846153846153846
3731,6.480769230769231
3732,3.8076923076923075
3733,4.711538461538462
3734,2.576923076923077
3735,2.480769230769231
3736,2.8461538461538463
3737,1.625
3738,0.6634615384615384
3739,1.5865384615384615
3740,2.125
3741,5.663461538461538
3742,2.923076923076923
3743,2.1538461538461537
3744,1.2115384615384615
3745,0.8846153846153846
3746,2.4711538461538463
3747,1.5769230769230769
3748,1.0384615384615385
3749,1.2788461538461537
3750,8.586538461538462
3751,0.08653846153846154
3752,3.355769230769231
3753,2.269230769230769
3754,2.1923076923076925
3755,1.9134615384615385
3756,3.269230769230769
3757,3.2211538461538463
3758,1.7403846153846154
3759,1.3365384615384615
3760,1.2403846153846154
3761,0.75
3762,0.057692307692307696
3763,0.04807692307692308
3764,0.5
3765,0.07692307692307693
3766,0.07692307692307693
3767,0.15384615384615385
3768,0.34615384615384615
3769,0.0
3770,7.086538461538462
3771,1.7884615384615385
3772,1.1057692307692308
3773,0.9326923076923077
3774,1.4807692307692308
3775,1.0961538461538463
3776,0.6153846153846154
3777,4.384615384615385
3778,2.701923076923077
3779,2.2884615384615383
3780,2.144230769230769
3781,2.769230769230769
3782,0.8557692307692307
3783,0.7596153846153846
3784,1.3365384615384615
3785,1.1057692307692308
3786,0.20192307692307693
3787,11.375
3788,5.9423076923076925
3789,2.2115384615384617
3790,5.576923076923077
3791,1.7019230769230769
3792,2.3653846153846154
3793,2.0576923076923075
3794,1.4903846153846154
3795,1.9519230769230769
3796,0.5961538461538461
3797,1.7788461538461537
3798,0.7980769230769231
3799,1.7307692307692308
3800,3.173076923076923
3801,1.1730769230769231
3802,0.8846153846153846
3803,0.20192307692307693
3804,1.2307692307692308
3805,0.4807692307692308
3806,0.6346153846153846
3807,0.8461538461538461
3808,2.6923076923076925
3809,1.7307692307692308
3810,0.9423076923076923
3811,1.9519230769230769
3812,0.8173076923076923
3813,0.36538461538461536
3814,1.1153846153846154
3815,0.6826923076923077
3816,1.4519230769230769
3817,0.6538461538461539
3818,0.3942307692307692
3819,0.5769230769230769
3820,0.15384615384615385
3821,0.028846153846153848
3822,0.36538461538461536
3823,0.3942307692307692
3824,0.04807692307692308
3825,0.1346153846153846
3826,0.3557692307692308
3827,0.04807692307692308
3828,4.971153846153846
3829,2.019230769230769
3830,0.9807692307692307
3831,0.7115384615384616
3832,0.5961538461538461
3833,0.4326923076923077
3834,0.375
3835,3.6538461538461537
3836,1.7692307692307692
3837,1.6346153846153846
3838,1.8846153846153846
3839,1.0096153846153846
3840,2.480769230769231
3841,0.3173076923076923
3842,0.6826923076923077
3843,0.7692307692307693
3844,0.5865384615384616
3845,5.615384615384615
3846,2.8461538461538463
3847,4.6923076923076925
3848,1.5865384615384615
3849,1.0192307692307692
3850,1.625
3851,1.7788461538461537
3852,1.2884615384615385
3853,0.7692307692307693
3854,0.7211538461538461
3855,0.3076923076923077
3856,0.28846153846153844
3857,1.0865384615384615
3858,3.019230769230769
3859,1.5673076923076923
3860,0.3557692307692308
3861,0.7115384615384616
3862,1.7980769230769231
3863,0.9711538461538461
3864,0.7788461538461539
3865,1.3076923076923077
3866,2.25
3867,2.144230769230769
3868,2.2596153846153846
3869,1.1634615384615385
3870,0.8269230769230769
3871,0.6538461538461539
3872,1.3846153846153846
3873,1.2403846153846154
3874,0.46153846153846156
3875,0.5096153846153846
3876,0.5673076923076923
3877,1.1153846153846154
3878,0.04807692307692308
3879,0.14423076923076922
3880,0.09615384615384616
3881,0.04807692307692308
3882,0.08653846153846154
3883,0.0673076923076923
3884,0.33653846153846156
3885,0.25
3886,2.423076923076923
3887,2.3653846153846154
3888,1.8365384615384615
3889,0.5480769230769231
3890,0.6634615384615384
3891,0.27884615384615385
3892,0.5288461538461539
3893,2.1153846153846154
3894,1.5961538461538463
3895,1.125
3896,1.1057692307692308
3897,0.7692307692307693
3898,0.5673076923076923
3899,0.7596153846153846
3900,0.4519230769230769
3901,0.3557692307692308
3902,0.5192307692307693
3903,3.9134615384615383
3904,1.5769230769230769
3905,2.8365384615384617
3906,1.7115384615384615
3907,1.3365384615384615
3908,1.3557692307692308
3909,1.9134615384615385
3910,0.7019230769230769
3911,0.6923076923076923
3912,1.2307692307692308
3913,0.38461538461538464
3914,0.3942307692307692
3915,2.269230769230769
3916,1.4423076923076923
3917,1.7596153846153846
3918,0.4230769230769231
3919,0.3269230769230769
3920,2.0673076923076925
3921,0.9711538461538461
3922,1.0288461538461537
3923,0.28846153846153844
3924,2.375
3925,1.9711538461538463
3926,2.25
3927,1.0480769230769231
3928,1.0
3929,0.6153846153846154
3930,1.0384615384615385
3931,1.1538461538461537
3932,0.5865384615384616
3933,0.49038461538461536
3934,0.625
3935,0.8461538461538461
3936,0.0
3937,0.1346153846153846
3938,0.2980769230769231
3939,0.028846153846153848
3940,0.125
3941,0.0673076923076923
3942,0.23076923076923078
3943,0.0673076923076923
3944,7.721153846153846
3945,2.5961538461538463
3946,2.019230769230769
3947,0.4326923076923077
3948,1.5096153846153846
3949,1.0769230769230769
3950,1.0961538461538463
3951,3.3365384615384617
3952,1.9134615384615385
3953,1.75
3954,1.5961538461538463
3955,1.2115384615384615
3956,2.1153846153846154
3957,0.3269230769230769
3958,1.1057692307692308
3959,0.5961538461538461
3960,2.394230769230769
3961,11.701923076923077
3962,3.4903846153846154
3963,4.5
3964,4.153846153846154
3965,1.2596153846153846
3966,4.701923076923077
3967,0.9326923076923077
3968,1.5
3969,1.3076923076923077
3970,0.9615384615384616
3971,0.5769230769230769
3972,0.20192307692307693
3973,1.7403846153846154
3974,1.9134615384615385
3975,0.4519230769230769
3976,0.25961538461538464
3977,0.22115384615384615
3978,1.2788461538461537
3979,0.46153846153846156
3980,1.125
3981,0.10576923076923077
3982,5.894230769230769
3983,2.0
3984,1.0865384615384615
3985,2.2115384615384617
3986,0.9423076923076923
3987,0.2980769230769231
3988,1.0
3989,0.625
3990,0.6730769230769231
3991,0.49038461538461536
3992,0.6730769230769231
3993,1.2980769230769231
3994,0.019230769230769232
3995,0.028846153846153848
3996,0.28846153846153844
3997,0.16346153846153846
3998,0.019230769230769232
3999,0.0673076923076923
4000,0.3269230769230769
4001,0.038461538461538464
4002,2.7115384615384617
4003,1.7307692307692308
4004,1.0192307692307692
4005,0.8942307692307693
4006,0.6442307692307693
4007,0.8173076923076923
4008,0.4807692307692308
4009,2.5865384615384617
4010,0.8076923076923077
4011,1.4134615384615385
4012,1.6153846153846154
4013,1.0288461538461537
4014,0.6153846153846154
4015,0.21153846153846154
4016,0.36538461538461536
4017,0.47115384615384615
4018,0.5961538461538461
4019,5.413461538461538
4020,4.144230769230769
4021,4.346153846153846
4022,2.451923076923077
4023,1.8653846153846154
4024,1.5288461538461537
4025,2.105769230769231
4026,1.8269230769230769
4027,0.875
4028,1.2788461538461537
4029,0.6057692307692307
4030,0.2980769230769231
4031,1.9903846153846154
4032,2.125
4033,1.25
4034,0.22115384615384615
4035,0.3173076923076923
4036,1.0865384615384615
4037,0.625
4038,0.47115384615384615
4039,0.8173076923076923
4040,4.894230769230769
4041,1.7307692307692308
4042,1.3461538461538463
4043,1.8269230769230769
4044,0.5096153846153846
4045,0.4423076923076923
4046,0.7115384615384616
4047,1.4134615384615385
4048,0.5480769230769231
4049,0.3557692307692308
4050,0.7692307692307693
4051,0.5576923076923077
4052,0.019230769230769232
4053,0.0
4054,0.125
4055,0.28846153846153844
4056,0.08653846153846154
4057,0.04807692307692308
4058,0.21153846153846154
4059,0.11538461538461539
4060,7.203883495145631
4061,2.5145631067961167
4062,1.4466019417475728
4063,0.8155339805825242
4064,0.46601941747572817
4065,0.3883495145631068
4066,0.5048543689320388
4067,2.0776699029126213
4068,1.6601941747572815
4069,1.5048543689320388
4070,2.0
4071,0.9029126213592233
4072,1.4077669902912622
4073,0.6116504854368932
4074,0.5533980582524272
4075,0.2912621359223301
4076,0.23300970873786409
4077,4.70873786407767
4078,2.4563106796116503
4079,2.9223300970873787
4080,1.7087378640776698
4081,0.9611650485436893
4082,1.6019417475728155
4083,1.5825242718446602
4084,1.2233009708737863
4085,0.6601941747572816
4086,0.912621359223301
4087,0.7475728155339806
4088,1.0
4089,0.6990291262135923
4090,1.4563106796116505
4091,2.1359223300970873
4092,0.34951456310679613
4093,0.33980582524271846
4094,0.8446601941747572
4095,1.2233009708737863
4096,1.1553398058252426
4097,0.44660194174757284
4098,1.8058252427184467
4099,2.4466019417475726
4100,1.4271844660194175
4101,0.6699029126213593
4102,0.8155339805825242
4103,0.5825242718446602
4104,0.8252427184466019
4105,0.5922330097087378
4106,0.6504854368932039
4107,0.5825242718446602
4108,0.6407766990291263
4109,0.7475728155339806
4110,0.019417475728155338
4111,0.019417475728155338
4112,0.05825242718446602
4113,0.038834951456310676
4114,0.009708737864077669
4115,0.13592233009708737
4116,0.2912621359223301
4117,0.2524271844660194
4118,3.6019417475728157
4119,1.7184466019417475
4120,0.9223300970873787
4121,0.47572815533980584
4122,0.08737864077669903
4123,0.4174757281553398
4124,1.3980582524271845
4125,2.349514563106796
4126,1.6407766990291262
4127,1.2233009708737863
4128,0.8446601941747572
4129,1.3398058252427185
4130,0.3883495145631068
4131,0.49514563106796117
4132,0.5825242718446602
4133,0.6019417475728155
4134,0.08737864077669903
4135,5.029126213592233
4136,3.0388349514563107
4137,1.4174757281553398
4138,1.4854368932038835
4139,1.3203883495145632
4140,1.2912621359223302
4141,2.2524271844660193
4142,0.6601941747572816
4143,0.6699029126213593
4144,0.22330097087378642
4145,0.7087378640776699
4146,0.7572815533980582
4147,3.5145631067961167
4148,0.009708737864077669
4149,1.3106796116504855
4150,1.3106796116504855
4151,1.3203883495145632
4152,0.1650485436893204
4153,0.36893203883495146
4154,0.2524271844660194
4155,0.18446601941747573
4156,0.9514563106796117
4157,1.4563106796116505
4158,0.5533980582524272
4159,0.6116504854368932
4160,0.7475728155339806
4161,0.6407766990291263
4162,0.44660194174757284
4163,0.6796116504854369
4164,0.7766990291262136
4165,0.5631067961165048
4166,0.6019417475728155
4167,0.1941747572815534
4168,0.0
4169,0.02912621359223301
4170,0.1941747572815534
4171,0.019417475728155338
4172,0.009708737864077669
4173,0.18446601941747573
4174,0.13592233009708737
4175,0.019417475728155338
4176,6.048543689320389
4177,2.6019417475728157
4178,1.883495145631068
4179,2.2233009708737863
4180,0.941747572815534
4181,0.7669902912621359
4182,0.8349514563106796
4183,1.9514563106796117
4184,1.4563106796116505
4185,1.6601941747572815
4186,1.6310679611650485
4187,1.5145631067961165
4188,0.39805825242718446
4189,0.7864077669902912
4190,0.5631067961165048
4191,0.8737864077669902
4192,0.4174757281553398
4193,12.990291262135923
4194,2.9514563106796117
4195,3.3592233009708736
4196,2.1650485436893203
4197,4.368932038834951
4198,1.766990291262136
4199,0.6699029126213593
4200,1.5048543689320388
4201,1.4368932038834952
4202,0.6504854368932039
4203,1.174757281553398
4204,1.2524271844660195
4205,2.4174757281553396
4206,1.1553398058252426
4207,1.1650485436893203
4208,1.2135922330097086
4209,0.5339805825242718
4210,0.7766990291262136
4211,0.5922330097087378
4212,1.1553398058252426
4213,0.2621359223300971
4214,2.1067961165048543
4215,2.533980582524272
4216,1.2621359223300972
4217,1.3203883495145632
4218,1.029126213592233
4219,1.4563106796116505
4220,1.6699029126213591
4221,1.0097087378640777
4222,1.058252427184466
4223,0.6310679611650486
4224,0.4854368932038835
4225,0.4563106796116505
4226,0.04854368932038835
4227,0.009708737864077669
4228,0.14563106796116504
4229,0.038834951456310676
4230,0.05825242718446602
4231,0.24271844660194175
4232,0.2621359223300971
4233,0.1262135922330097
4234,3.233009708737864
4235,3.320388349514563
4236,2.495145631067961
4237,1.2233009708737863
4238,0.883495145631068
4239,0.6019417475728155
4240,0.8737864077669902
4241,0.8737864077669902
4242,2.3398058252427183
4243,1.6407766990291262
4244,0.4854368932038835
4245,1.0679611650485437
4246,0.2524271844660194
4247,0.46601941747572817
4248,0.5728155339805825
4249,0.4854368932038835
4250,0.0970873786407767
4251,5.310679611650485
4252,1.8737864077669903
4253,0.6213592233009708
4254,1.7184466019417475
4255,1.7766990291262137
4256,1.3106796116504855
4257,1.766990291262136
4258,0.8349514563106796
4259,0.6407766990291263
4260,0.9320388349514563
4261,0.6893203883495146
4262,0.8252427184466019
4263,1.5048543689320388
4264,1.1067961165048543
4265,1.766990291262136
4266,0.8349514563106796
4267,0.30097087378640774
4268,0.9514563106796117
4269,0.5533980582524272
4270,0.883495145631068
4271,0.3300970873786408
4272,3.0679611650485437
4273,1.4757281553398058
4274,1.8737864077669903
4275,0.7766990291262136
4276,0.9029126213592233
4277,0.5242718446601942
4278,1.7572815533980584
4279,1.5436893203883495
4280,1.2718446601941749
4281,1.203883495145631
4282,0.7184466019417476
4283,0.3592233009708738
4284,0.019417475728155338
4285,0.05825242718446602
4286,0.24271844660194175
4287,0.009708737864077669
4288,0.019417475728155338
4289,0.08737864077669903
4290,0.2815533980582524
4291,0.1262135922330097
4292,4.330097087378641
4293,4.145631067961165
4294,2.6310679611650487
4295,1.5436893203883495
4296,0.9902912621359223
4297,0.8737864077669902
4298,0.883495145631068
4299,6.990291262135922
4300,2.9611650485436893
4301,2.6019417475728157
4302,1.3980582524271845
4303,2.504854368932039
4304,0.6310679611650486
4305,3.0194174757281553
4306,0.7378640776699029
4307,1.0776699029126213
4308,0.7087378640776699
4309,15.048543689320388
4310,4.223300970873787
4311,4.737864077669903
4312,2.592233009708738
4313,3.2135922330097086
4314,2.1262135922330097
4315,2.203883495145631
4316,2.9514563106796117
4317,1.3592233009708738
4318,0.47572815533980584
4319,1.4563106796116505
4320,1.5339805825242718
4321,5.41747572815534
4322,2.9320388349514563
4323,1.4854368932038835
4324,1.2524271844660195
4325,0.8155339805825242
4326,2.407766990291262
4327,1.5631067961165048
4328,0.8155339805825242
4329,1.5242718446601942
4330,7.592233009708738
4331,0.18446601941747573
4332,3.2427184466019416
4333,2.0388349514563107
4334,1.6310679611650485
4335,1.7281553398058251
4336,2.3106796116504853
4337,2.2233009708737863
4338,1.3883495145631068
4339,0.6796116504854369
4340,0.8155339805825242
4341,0.8932038834951457
4342,0.019417475728155338
4343,0.07766990291262135
4344,0.3592233009708738
4345,0.06796116504854369
4346,0.0
4347,0.3300970873786408
4348,0.3592233009708738
4349,0.0
4350,5.436893203883495
4351,1.9320388349514563
4352,0.9805825242718447
4353,0.6893203883495146
4354,1.4854368932038835
4355,1.2524271844660195
4356,0.4854368932038835
4357,2.679611650485437
4358,2.4174757281553396
4359,2.0485436893203883
4360,2.2524271844660193
4361,2.0388349514563107
4362,0.47572815533980584
4363,0.6407766990291263
4364,1.029126213592233
4365,0.7669902912621359
4366,0.17475728155339806
4367,9.067961165048544
4368,5.058252427184466
4369,2.0
4370,3.7572815533980584
4371,1.0776699029126213
4372,2.3883495145631066
4373,1.2815533980582525
4374,1.3786407766990292
4375,1.2815533980582525
4376,0.42718446601941745
4377,1.1262135922330097
4378,0.6310679611650486
4379,1.3883495145631068
4380,1.9611650485436893
4381,0.8349514563106796
4382,0.8737864077669902
4383,0.1650485436893204
4384,0.8446601941747572
4385,0.4563106796116505
4386,0.39805825242718446
4387,0.5242718446601942
4388,1.9805825242718447
4389,1.2135922330097086
4390,0.7572815533980582
4391,1.2524271844660195
4392,0.4854368932038835
4393,0.4368932038834951
4394,0.7669902912621359
4395,0.36893203883495146
4396,1.145631067961165
4397,0.7766990291262136
4398,0.4077669902912621
4399,0.5922330097087378
4400,0.07766990291262135
4401,0.0
4402,0.3300970873786408
4403,0.2524271844660194
4404,0.04854368932038835
4405,0.02912621359223301
4406,0.3106796116504854
4407,0.02912621359223301
4408,4.087378640776699
4409,1.5825242718446602
4410,1.029126213592233
4411,0.5339805825242718
4412,0.6699029126213593
4413,0.4077669902912621
4414,0.4854368932038835
4415,3.3689320388349513
4416,1.7864077669902914
4417,1.1067961165048543
4418,1.5922330097087378
4419,0.6990291262135923
4420,2.2135922330097086
4421,0.34951456310679613
4422,0.8252427184466019
4423,0.8349514563106796
4424,0.32038834951456313
4425,4.844660194174757
4426,2.495145631067961
4427,3.563106796116505
4428,1.3203883495145632
4429,0.8640776699029126
4430,1.7184466019417475
4431,1.4466019417475728
4432,0.912621359223301
4433,0.7572815533980582
4434,0.6893203883495146
4435,0.18446601941747573
4436,0.2815533980582524
4437,0.8446601941747572
4438,2.495145631067961
4439,1.3689320388349515
4440,0.5436893203883495
4441,0.36893203883495146
4442,1.825242718446602
4443,1.7475728155339805
4444,0.8737864077669902
4445,1.2233009708737863
4446,1.7864077669902914
4447,1.7475728155339805
4448,1.9029126213592233
4449,1.1553398058252426
4450,0.5825242718446602
4451,0.5339805825242718
4452,1.0970873786407767
4453,1.145631067961165
4454,0.4077669902912621
4455,0.5048543689320388
4456,0.4563106796116505
4457,1.1067961165048543
4458,0.0
4459,0.038834951456310676
4460,0.1553398058252427
4461,0.019417475728155338
4462,0.06796116504854369
4463,0.04854368932038835
4464,0.3592233009708738
4465,0.1650485436893204
4466,2.2135922330097086
4467,2.1067961165048543
4468,1.6893203883495145
4469,0.47572815533980584
4470,0.6407766990291263
4471,0.5048543689320388
4472,0.6116504854368932
4473,1.4271844660194175
4474,1.029126213592233
4475,0.8543689320388349
4476,1.3786407766990292
4477,0.9320388349514563
4478,0.6504854368932039
4479,0.6310679611650486
4480,0.4174757281553398
4481,0.5145631067961165
4482,0.2815533980582524
4483,3.6310679611650487
4484,1.3689320388349515
4485,2.0097087378640777
4486,1.0388349514563107
4487,1.4174757281553398
4488,1.3398058252427185
4489,1.8640776699029127
4490,0.5728155339805825
4491,0.6504854368932039
4492,1.1067961165048543
4493,0.36893203883495146
4494,0.3106796116504854
4495,1.3786407766990292
4496,1.116504854368932
4497,0.6601941747572816
4498,0.2524271844660194
4499,0.36893203883495146
4500,1.5631067961165048
4501,0.8446601941747572
4502,0.6504854368932039
4503,0.21359223300970873
4504,1.6893203883495145
4505,1.4077669902912622
4506,1.9611650485436893
4507,0.7864077669902912
4508,0.7087378640776699
4509,0.42718446601941745
4510,0.9223300970873787
4511,0.7475728155339806
4512,0.4368932038834951
4513,0.49514563106796117
4514,0.6407766990291263
4515,0.7184466019417476
4516,0.019417475728155338
4517,0.038834951456310676
4518,0.2815533980582524
4519,0.05825242718446602
4520,0.019417475728155338
4521,0.11650485436893204
4522,0.17475728155339806
4523,0.07766990291262135
4524,7.650485436893204
4525,2.495145631067961
4526,1.9029126213592233
4527,0.3592233009708738
4528,1.3398058252427185
4529,0.941747572815534
4530,0.9902912621359223
4531,2.6893203883495147
4532,1.854368932038835
4533,2.3106796116504853
4534,1.4271844660194175
4535,1.0485436893203883
4536,2.087378640776699
4537,0.3786407766990291
4538,0.9514563106796117
4539,0.5436893203883495
4540,1.5533980582524272
4541,10.330097087378642
4542,2.6893203883495147
4543,3.2233009708737863
4544,3.4563106796116503
4545,1.7087378640776698
4546,3.9902912621359223
4547,0.970873786407767
4548,1.3592233009708738
4549,0.9805825242718447
4550,0.9514563106796117
4551,0.46601941747572817
4552,0.17475728155339806
4553,2.2135922330097086
4554,1.9320388349514563
4555,0.3786407766990291
4556,0.2815533980582524
4557,0.46601941747572817
4558,1.3398058252427185
4559,0.5242718446601942
4560,1.0194174757281553
4561,0.04854368932038835
4562,5.029126213592233
4563,2.2815533980582523
4564,0.941747572815534
4565,1.5728155339805825
4566,0.7961165048543689
4567,0.3786407766990291
4568,0.6796116504854369
4569,0.49514563106796117
4570,0.5533980582524272
4571,0.4174757281553398
4572,0.34951456310679613
4573,1.1067961165048543
4574,0.009708737864077669
4575,0.009708737864077669
4576,0.21359223300970873
4577,0.13592233009708737
4578,0.02912621359223301
4579,0.07766990291262135
4580,0.3592233009708738
4581,0.0
4582,3.1262135922330097
4583,1.5533980582524272
4584,1.0970873786407767
4585,0.5533980582524272
4586,0.7572815533980582
4587,0.8349514563106796
4588,0.6310679611650486
4589,1.7766990291262137
4590,1.1844660194174756
4591,1.4368932038834952
4592,1.2233009708737863
4593,0.8155339805825242
4594,0.5436893203883495
4595,0.30097087378640774
4596,0.27184466019417475
4597,0.2524271844660194
4598,0.4077669902912621
4599,4.427184466019417
4600,2.8640776699029127
4601,3.6407766990291264
4602,1.8155339805825244
4603,1.2815533980582525
4604,1.4174757281553398
4605,1.2233009708737863
4606,1.3592233009708738
4607,0.7766990291262136
4608,1.2233009708737863
4609,0.7669902912621359
4610,0.2524271844660194
4611,1.6019417475728155
4612,1.9611650485436893
4613,1.3009708737864079
4614,0.2621359223300971
4615,0.4563106796116505
4616,1.145631067961165
4617,0.7669902912621359
4618,0.42718446601941745
4619,0.6504854368932039
4620,3.7281553398058254
4621,1.1262135922330097
4622,1.0776699029126213
4623,1.0
4624,0.42718446601941745
4625,0.34951456310679613
4626,0.46601941747572817
4627,0.7961165048543689
4628,0.3786407766990291
4629,0.44660194174757284
4630,0.5533980582524272
4631,0.4854368932038835
4632,0.009708737864077669
4633,0.009708737864077669
4634,0.10679611650485436
4635,0.20388349514563106
4636,0.038834951456310676
4637,0.038834951456310676
4638,0.1262135922330097
4639,0.06796116504854369
4640,7.490384615384615
4641,2.8173076923076925
4642,1.3653846153846154
4643,0.7884615384615384
4644,0.6057692307692307
4645,0.38461538461538464
4646,0.6730769230769231
4647,2.0
4648,1.6826923076923077
4649,1.25
4650,1.3076923076923077
4651,0.9134615384615384
4652,1.1730769230769231
4653,0.6730769230769231
4654,0.40384615384615385
4655,0.3942307692307692
4656,0.17307692307692307
4657,4.884615384615385
4658,2.730769230769231
4659,2.4038461538461537
4660,1.9807692307692308
4661,1.0192307692307692
4662,1.5384615384615385
4663,1.6346153846153846
4664,1.1057692307692308
4665,0.7019230769230769
4666,0.7307692307692307
4667,0.6923076923076923
4668,0.5673076923076923
4669,0.625
4670,2.0288461538461537
4671,1.2307692307692308
4672,0.3076923076923077
4673,0.25
4674,0.8365384615384616
4675,1.25
4676,1.3365384615384615
4677,0.4807692307692308
4678,1.3942307692307692
4679,2.673076923076923
4680,1.2692307692307692
4681,0.6826923076923077
4682,0.7884615384615384
4683,0.5769230769230769
4684,0.9038461538461539
4685,0.5769230769230769
4686,0.6057692307692307
4687,0.5576923076923077
4688,0.6538461538461539
4689,0.7115384615384616
4690,0.0
4691,0.038461538461538464
4692,0.09615384615384616
4693,0.019230769230769232
4694,0.08653846153846154
4695,0.07692307692307693
4696,0.15384615384615385
4697,0.2403846153846154
4698,3.75
4699,1.6730769230769231
4700,0.9038461538461539
4701,0.47115384615384615
4702,0.019230769230769232
4703,0.6346153846153846
4704,1.1442307692307692
4705,1.9134615384615385
4706,1.2980769230769231
4707,1.4230769230769231
4708,0.5288461538461539
4709,0.9711538461538461
4710,0.3173076923076923
4711,0.6923076923076923
4712,0.6057692307692307
4713,0.46153846153846156
4714,0.07692307692307693
4715,4.8173076923076925
4716,2.7788461538461537
4717,1.3461538461538463
4718,1.6442307692307692
4719,1.7115384615384615
4720,1.2211538461538463
4721,2.0288461538461537
4722,0.875
4723,0.6057692307692307
4724,0.18269230769230768
4725,0.5
4726,0.7403846153846154
4727,2.6634615384615383
4728,0.038461538461538464
4729,0.9519230769230769
4730,1.4519230769230769
4731,0.9615384615384616
4732,0.10576923076923077
4733,0.5384615384615384
4734,0.3557692307692308
4735,0.3173076923076923
4736,0.8942307692307693
4737,1.5480769230769231
4738,0.5192307692307693
4739,0.5
4740,0.7596153846153846
4741,0.8076923076923077
4742,0.46153846153846156
4743,0.5480769230769231
4744,0.7596153846153846
4745,0.5480769230769231
4746,0.5576923076923077
4747,0.125
4748,0.0
4749,0.038461538461538464
4750,0.17307692307692307
4751,0.038461538461538464
4752,0.019230769230769232
4753,0.20192307692307693
4754,0.07692307692307693
4755,0.019230769230769232
4756,5.451923076923077
4757,1.9807692307692308
4758,1.5480769230769231
4759,2.25
4760,0.9615384615384616
4761,0.8269230769230769
4762,0.8942307692307693
4763,1.5865384615384615
4764,1.25
4765,1.7019230769230769
4766,1.1923076923076923
4767,1.5096153846153846
4768,0.375
4769,1.0384615384615385
4770,0.875
4771,0.6057692307692307
4772,0.3076923076923077
4773,13.14423076923077
4774,2.5673076923076925
4775,2.9903846153846154
4776,2.4423076923076925
4777,3.7403846153846154
4778,1.875
4779,0.3942307692307692
4780,1.5288461538461537
4781,1.1346153846153846
4782,0.5769230769230769
4783,0.9519230769230769
4784,1.0865384615384615
4785,2.3173076923076925
4786,1.2211538461538463
4787,1.4134615384615385
4788,1.1346153846153846
4789,0.5
4790,0.5769230769230769
4791,0.8557692307692307
4792,1.1538461538461537
4793,0.3269230769230769
4794,1.9038461538461537
4795,1.7884615384615385
4796,1.1538461538461537
4797,1.2307692307692308
4798,0.9519230769230769
4799,1.1923076923076923
4800,1.1730769230769231
4801,1.0480769230769231
4802,0.6730769230769231
4803,0.6538461538461539
4804,0.7019230769230769
4805,0.5576923076923077
4806,0.028846153846153848
4807,0.028846153846153848
4808,0.20192307692307693
4809,0.09615384615384616
4810,0.1346153846153846
4811,0.33653846153846156
4812,0.1346153846153846
4813,0.09615384615384616
4814,3.8461538461538463
4815,3.826923076923077
4816,2.2211538461538463
4817,1.4519230769230769
4818,0.8557692307692307
4819,0.8653846153846154
4820,0.7596153846153846
4821,0.7115384615384616
4822,2.355769230769231
4823,1.7307692307692308
4824,0.375
4825,0.6346153846153846
4826,0.27884615384615385
4827,0.41346153846153844
4828,0.23076923076923078
4829,0.5
4830,0.125
4831,5.740384615384615
4832,1.5673076923076923
4833,0.7403846153846154
4834,1.7788461538461537
4835,1.9903846153846154
4836,1.2692307692307692
4837,1.8557692307692308
4838,1.125
4839,0.6153846153846154
4840,0.875
4841,0.875
4842,0.9230769230769231
4843,1.5480769230769231
4844,1.1538461538461537
4845,0.5288461538461539
4846,0.7115384615384616
4847,0.38461538461538464
4848,0.5384615384615384
4849,0.8653846153846154
4850,0.8269230769230769
4851,0.25
4852,2.173076923076923
4853,1.4134615384615385
4854,2.105769230769231
4855,0.9519230769230769
4856,0.6538461538461539
4857,0.4423076923076923
4858,1.5769230769230769
4859,1.3461538461538463
4860,1.25
4861,1.1346153846153846
4862,0.6057692307692307
4863,0.3076923076923077
4864,0.019230769230769232
4865,0.019230769230769232
4866,0.2403846153846154
4867,0.0
4868,0.11538461538461539
4869,0.04807692307692308
4870,0.27884615384615385
4871,0.17307692307692307
4872,4.278846153846154
4873,4.6923076923076925
4874,2.855769230769231
4875,1.6923076923076923
4876,1.1346153846153846
4877,0.9519230769230769
4878,0.6538461538461539
4879,6.019230769230769
4880,2.519230769230769
4881,2.5
4882,1.1730769230769231
4883,2.0
4884,0.625
4885,3.576923076923077
4886,0.7596153846153846
4887,0.9038461538461539
4888,0.5961538461538461
4889,12.75
4890,3.826923076923077
4891,4.836538461538462
4892,2.6634615384615383
4893,3.5673076923076925
4894,1.7403846153846154
4895,3.0384615384615383
4896,2.1538461538461537
4897,1.2596153846153846
4898,0.5384615384615384
4899,1.25
4900,1.6346153846153846
4901,4.846153846153846
4902,2.576923076923077
4903,1.7115384615384615
4904,1.1826923076923077
4905,1.1538461538461537
4906,2.4615384615384617
4907,1.875
4908,1.2692307692307692
4909,1.2692307692307692
4910,7.0576923076923075
4911,0.2403846153846154
4912,2.4326923076923075
4913,1.5673076923076923
4914,1.4807692307692308
4915,1.2980769230769231
4916,1.7788461538461537
4917,2.1923076923076925
4918,1.6153846153846154
4919,0.9615384615384616
4920,1.125
4921,0.8461538461538461
4922,0.028846153846153848
4923,0.028846153846153848
4924,0.38461538461538464
4925,0.009615384615384616
4926,0.009615384615384616
4927,0.17307692307692307
4928,0.18269230769230768
4929,0.0
4930,6.096153846153846
4931,2.1153846153846154
4932,0.875
4933,0.8173076923076923
4934,1.3653846153846154
4935,1.0865384615384615
4936,0.7692307692307693
4937,2.3365384615384617
4938,2.355769230769231
4939,2.4615384615384617
4940,1.75
4941,1.625
4942,0.5384615384615384
4943,0.7211538461538461
4944,1.0096153846153846
4945,0.7019230769230769
4946,0.18269230769230768
4947,9.596153846153847
4948,5.076923076923077
4949,1.9038461538461537
4950,4.211538461538462
4951,1.3076923076923077
4952,2.4711538461538463
4953,1.125
4954,1.4615384615384615
4955,1.3365384615384615
4956,0.3557692307692308
4957,0.9711538461538461
4958,0.6538461538461539
4959,1.4903846153846154
4960,2.451923076923077
4961,1.0673076923076923
4962,0.8173076923076923
4963,0.375
4964,0.9711538461538461
4965,0.5961538461538461
4966,0.4326923076923077
4967,0.5
4968,2.019230769230769
4969,1.2211538461538463
4970,0.5769230769230769
4971,1.1730769230769231
4972,0.5865384615384616
4973,0.22115384615384615
4974,0.9038461538461539
4975,0.4326923076923077
4976,1.0384615384615385
4977,0.6730769230769231
4978,0.36538461538461536
4979,0.4326923076923077
4980,0.07692307692307693
4981,0.009615384615384616
4982,0.20192307692307693
4983,0.2692307692307692
4984,0.038461538461538464
4985,0.057692307692307696
4986,0.25
4987,0.009615384615384616
4988,4.019230769230769
4989,1.9423076923076923
4990,1.0769230769230769
4991,0.6634615384615384
4992,0.49038461538461536
4993,0.36538461538461536
4994,0.4423076923076923
4995,3.3653846153846154
4996,1.6153846153846154
4997,1.0480769230769231
4998,1.6346153846153846
4999,0.5961538461538461
5000,2.0673076923076925
5001,0.25961538461538464
5002,0.5
5003,0.5865384615384616
5004,0.41346153846153844
5005,4.846153846153846
5006,2.9903846153846154
5007,3.375
5008,1.5096153846153846
5009,0.7692307692307693
5010,1.7019230769230769
5011,1.2019230769230769
5012,1.0769230769230769
5013,0.6442307692307693
5014,0.6538461538461539
5015,0.21153846153846154
5016,0.27884615384615385
5017,1.0576923076923077
5018,2.4326923076923075
5019,1.6634615384615385
5020,0.49038461538461536
5021,0.49038461538461536
5022,1.7211538461538463
5023,1.3365384615384615
5024,0.6826923076923077
5025,0.9903846153846154
5026,1.5865384615384615
5027,1.8365384615384615
5028,1.5480769230769231
5029,1.0673076923076923
5030,0.7211538461538461
5031,0.49038461538461536
5032,0.8653846153846154
5033,0.8269230769230769
5034,0.2980769230769231
5035,0.47115384615384615
5036,0.5673076923076923
5037,1.0
5038,0.0
5039,0.038461538461538464
5040,0.22115384615384615
5041,0.10576923076923077
5042,0.04807692307692308
5043,0.038461538461538464
5044,0.38461538461538464
5045,0.16346153846153846
5046,2.0576923076923075
5047,2.423076923076923
5048,1.4038461538461537
5049,0.5288461538461539
5050,0.6538461538461539
5051,0.28846153846153844
5052,0.38461538461538464
5053,1.4807692307692308
5054,1.1634615384615385
5055,0.8846153846153846
5056,1.125
5057,0.875
5058,0.5192307692307693
5059,0.5769230769230769
5060,0.40384615384615385
5061,0.17307692307692307
5062,0.49038461538461536
5063,3.730769230769231
5064,1.6634615384615385
5065,2.25
5066,1.1634615384615385
5067,1.2884615384615385
5068,1.3653846153846154
5069,1.5192307692307692
5070,0.625
5071,0.4326923076923077
5072,1.0576923076923077
5073,0.40384615384615385
5074,0.3076923076923077
5075,1.5384615384615385
5076,1.1923076923076923
5077,1.0673076923076923
5078,0.3557692307692308
5079,0.25
5080,1.7115384615384615
5081,0.8269230769230769
5082,0.6153846153846154
5083,0.20192307692307693
5084,1.6442307692307692
5085,1.5
5086,1.7596153846153846
5087,0.7211538461538461
5088,0.6057692307692307
5089,0.41346153846153844
5090,0.6923076923076923
5091,1.0576923076923077
5092,0.4519230769230769
5093,0.5576923076923077
5094,0.5288461538461539
5095,0.5576923076923077
5096,0.0
5097,0.057692307692307696
5098,0.14423076923076922
5099,0.04807692307692308
5100,0.038461538461538464
5101,0.09615384615384616
5102,0.16346153846153846
5103,0.07692307692307693
5104,8.278846153846153
5105,2.4615384615384617
5106,1.9134615384615385
5107,0.40384615384615385
5108,1.2884615384615385
5109,1.2115384615384615
5110,0.875
5111,2.576923076923077
5112,1.7115384615384615
5113,2.2596153846153846
5114,1.2596153846153846
5115,0.8846153846153846
5116,2.0288461538461537
5117,0.3076923076923077
5118,0.9615384615384616
5119,0.3076923076923077
5120,1.6153846153846154
5121,10.942307692307692
5122,2.701923076923077
5123,3.6153846153846154
5124,3.6826923076923075
5125,1.2019230769230769
5126,3.9038461538461537
5127,0.7884615384615384
5128,1.2403846153846154
5129,1.2692307692307692
5130,1.0288461538461537
5131,0.5480769230769231
5132,0.125
5133,2.355769230769231
5134,1.8846153846153846
5135,0.7403846153846154
5136,0.2403846153846154
5137,0.04807692307692308
5138,1.5673076923076923
5139,0.5
5140,1.3173076923076923
5141,0.038461538461538464
5142,5.4326923076923075
5143,1.5961538461538463
5144,0.9519230769230769
5145,1.3653846153846154
5146,0.7788461538461539
5147,0.22115384615384615
5148,0.8173076923076923
5149,0.46153846153846156
5150,0.4326923076923077
5151,0.375
5152,0.4423076923076923
5153,1.0576923076923077
5154,0.0
5155,0.009615384615384616
5156,0.2692307692307692
5157,0.22115384615384615
5158,0.0
5159,0.0673076923076923
5160,0.27884615384615385
5161,0.0
5162,3.6153846153846154
5163,1.2596153846153846
5164,1.1923076923076923
5165,0.5
5166,0.6826923076923077
5167,0.875
5168,0.47115384615384615
5169,1.5961538461538463
5170,0.9615384615384616
5171,1.4134615384615385
5172,1.4134615384615385
5173,0.5192307692307693
5174,0.5
5175,0.27884615384615385
5176,0.22115384615384615
5177,0.33653846153846156
5178,0.47115384615384615
5179,4.913461538461538
5180,2.1826923076923075
5181,3.480769230769231
5182,2.230769230769231
5183,1.5576923076923077
5184,1.2788461538461537
5185,1.3269230769230769
5186,1.2115384615384615
5187,0.8461538461538461
5188,1.0576923076923077
5189,0.625
5190,0.15384615384615385
5191,1.5096153846153846
5192,1.9423076923076923
5193,1.2692307692307692
5194,0.21153846153846154
5195,0.5192307692307693
5196,1.3365384615384615
5197,0.6923076923076923
5198,0.5961538461538461
5199,0.875
5200,3.173076923076923
5201,0.9711538461538461
5202,0.9903846153846154
5203,1.0961538461538463
5204,0.3557692307692308
5205,0.375
5206,0.3173076923076923
5207,0.8173076923076923
5208,0.3557692307692308
5209,0.25961538461538464
5210,0.5673076923076923
5211,0.4326923076923077
5212,0.009615384615384616
5213,0.019230769230769232
5214,0.20192307692307693
5215,0.15384615384615385
5216,0.028846153846153848
5217,0.07692307692307693
5218,0.09615384615384616
5219,0.14423076923076922
5220,7.461538461538462
5221,2.4711538461538463
5222,1.2692307692307692
5223,0.9038461538461539
5224,0.6826923076923077
5225,0.5384615384615384
5226,0.5192307692307693
5227,1.9038461538461537
5228,1.7115384615384615
5229,0.8173076923076923
5230,1.3942307692307692
5231,0.8846153846153846
5232,1.2403846153846154
5233,0.5384615384615384
5234,0.36538461538461536
5235,0.3557692307692308
5236,0.09615384615384616
5237,5.019230769230769
5238,2.3076923076923075
5239,3.3173076923076925
5240,1.8557692307692308
5241,0.7019230769230769
5242,1.4423076923076923
5243,1.4326923076923077
5244,0.9519230769230769
5245,0.7596153846153846
5246,0.7980769230769231
5247,0.4423076923076923
5248,0.5480769230769231
5249,0.6442307692307693
5250,2.0
5251,1.5865384615384615
5252,0.47115384615384615
5253,0.3076923076923077
5254,0.9519230769230769
5255,1.7019230769230769
5256,0.8846153846153846
5257,0.41346153846153844
5258,1.5096153846153846
5259,2.0865384615384617
5260,1.2692307692307692
5261,0.5961538461538461
5262,0.7884615384615384
5263,0.47115384615384615
5264,0.7788461538461539
5265,0.5192307692307693
5266,0.5096153846153846
5267,0.7115384615384616
5268,0.6923076923076923
5269,0.6538461538461539
5270,0.028846153846153848
5271,0.019230769230769232
5272,0.11538461538461539
5273,0.028846153846153848
5274,0.0673076923076923
5275,0.09615384615384616
5276,0.1346153846153846
5277,0.17307692307692307
5278,3.7884615384615383
5279,1.7788461538461537
5280,0.8461538461538461
5281,0.4519230769230769
5282,0.0673076923076923
5283,0.5961538461538461
5284,1.8076923076923077
5285,1.4134615384615385
5286,1.1057692307692308
5287,1.2884615384615385
5288,0.7980769230769231
5289,0.8269230769230769
5290,0.34615384615384615
5291,0.46153846153846156
5292,0.4326923076923077
5293,0.47115384615384615
5294,0.11538461538461539
5295,5.0576923076923075
5296,3.0
5297,1.375
5298,1.6730769230769231
5299,1.6346153846153846
5300,1.0673076923076923
5301,1.6346153846153846
5302,0.7884615384615384
5303,0.6634615384615384
5304,0.21153846153846154
5305,0.6826923076923077
5306,0.6057692307692307
5307,2.9134615384615383
5308,0.028846153846153848
5309,1.2596153846153846
5310,1.1923076923076923
5311,1.0769230769230769
5312,0.17307692307692307
5313,0.6153846153846154
5314,0.14423076923076922
5315,0.22115384615384615
5316,0.9807692307692307
5317,1.25
5318,0.4423076923076923
5319,0.5384615384615384
5320,0.7884615384615384
5321,0.8269230769230769
5322,0.5096153846153846
5323,0.46153846153846156
5324,0.7788461538461539
5325,0.3269230769230769
5326,0.4519230769230769
5327,0.16346153846153846
5328,0.0
5329,0.009615384615384616
5330,0.20192307692307693
5331,0.009615384615384616
5332,0.028846153846153848
5333,0.09615384615384616
5334,0.057692307692307696
5335,0.09615384615384616
5336,5.3173076923076925
5337,2.3653846153846154
5338,1.5480769230769231
5339,1.8942307692307692
5340,1.3173076923076923
5341,0.5
5342,0.625
5343,1.4711538461538463
5344,0.9615384615384616
5345,1.5769230769230769
5346,0.8173076923076923
5347,1.2596153846153846
5348,0.22115384615384615
5349,1.0480769230769231
5350,0.6057692307692307
5351,0.625
5352,0.38461538461538464
5353,13.932692307692308
5354,2.9326923076923075
5355,2.9134615384615383
5356,2.3653846153846154
5357,4.009615384615385
5358,1.8942307692307692
5359,0.5096153846153846
5360,1.4038461538461537
5361,1.2884615384615385
5362,0.4423076923076923
5363,0.8365384615384616
5364,1.2884615384615385
5365,2.2596153846153846
5366,1.2788461538461537
5367,1.4326923076923077
5368,0.9134615384615384
5369,0.8076923076923077
5370,0.7115384615384616
5371,1.0961538461538463
5372,1.5096153846153846
5373,0.3557692307692308
5374,1.7403846153846154
5375,1.7307692307692308
5376,1.0576923076923077
5377,1.2115384615384615
5378,0.9134615384615384
5379,1.0769230769230769
5380,1.5
5381,1.0
5382,0.7980769230769231
5383,0.6730769230769231
5384,0.6346153846153846
5385,0.6057692307692307
5386,0.028846153846153848
5387,0.009615384615384616
5388,0.18269230769230768
5389,0.038461538461538464
5390,0.057692307692307696
5391,0.28846153846153844
5392,0.3173076923076923
5393,0.16346153846153846
5394,3.5576923076923075
5395,4.201923076923077
5396,2.644230769230769
5397,1.3846153846153846
5398,0.6923076923076923
5399,0.6730769230769231
5400,0.75
5401,0.6730769230769231
5402,2.4134615384615383
5403,1.2980769230769231
5404,0.46153846153846156
5405,0.8365384615384616
5406,0.1346153846153846
5407,0.46153846153846156
5408,0.2403846153846154
5409,0.3076923076923077
5410,0.125
5411,6.480769230769231
5412,2.048076923076923
5413,0.9038461538461539
5414,1.7115384615384615
5415,1.7019230769230769
5416,0.9615384615384616
5417,1.2115384615384615
5418,1.0192307692307692
5419,0.7115384615384616
5420,0.8942307692307693
5421,0.6442307692307693
5422,0.6730769230769231
5423,1.9326923076923077
5424,1.2115384615384615
5425,0.8846153846153846
5426,0.7019230769230769
5427,0.25
5428,0.6730769230769231
5429,0.8173076923076923
5430,1.1057692307692308
5431,0.33653846153846156
5432,2.6826923076923075
5433,1.5192307692307692
5434,1.7307692307692308
5435,0.7692307692307693
5436,0.7596153846153846
5437,0.5480769230769231
5438,1.5865384615384615
5439,1.4519230769230769
5440,1.4038461538461537
5441,1.0576923076923077
5442,0.7596153846153846
5443,0.25961538461538464
5444,0.0
5445,0.028846153846153848
5446,0.23076923076923078
5447,0.009615384615384616
5448,0.028846153846153848
5449,0.07692307692307693
5450,0.20192307692307693
5451,0.1346153846153846
5452,4.9423076923076925
5453,3.8365384615384617
5454,3.25
5455,1.625
5456,1.0961538461538463
5457,1.0576923076923077
5458,0.75
5459,5.519230769230769
5460,2.2211538461538463
5461,2.4711538461538463
5462,0.9519230769230769
5463,1.7211538461538463
5464,0.5673076923076923
5465,4.538461538461538
5466,0.75
5467,0.7019230769230769
5468,0.5384615384615384
5469,14.451923076923077
5470,3.1923076923076925
5471,4.846153846153846
5472,2.6634615384615383
5473,3.048076923076923
5474,1.7596153846153846
5475,1.8365384615384615
5476,3.201923076923077
5477,1.3942307692307692
5478,0.6153846153846154
5479,1.25
5480,1.2211538461538463
5481,5.798076923076923
5482,2.3461538461538463
5483,1.7403846153846154
5484,1.1442307692307692
5485,0.5480769230769231
5486,2.9326923076923075
5487,1.375
5488,1.3365384615384615
5489,1.2788461538461537
5490,6.259615384615385
5491,0.0673076923076923
5492,2.4711538461538463
5493,1.6346153846153846
5494,1.5
5495,1.3557692307692308
5496,2.3365384615384617
5497,2.019230769230769
5498,1.5192307692307692
5499,0.7692307692307693
5500,1.0096153846153846
5501,0.6826923076923077
5502,0.04807692307692308
5503,0.019230769230769232
5504,0.2980769230769231
5505,0.019230769230769232
5506,0.04807692307692308
5507,0.10576923076923077
5508,0.1346153846153846
5509,0.0
5510,5.913461538461538
5511,1.4807692307692308
5512,1.125
5513,0.9711538461538461
5514,1.25
5515,1.1442307692307692
5516,0.625
5517,2.298076923076923
5518,2.125
5519,1.7403846153846154
5520,1.5384615384615385
5521,1.6538461538461537
5522,0.5769230769230769
5523,0.75
5524,0.9038461538461539
5525,0.4807692307692308
5526,0.09615384615384616
5527,10.125
5528,5.269230769230769
5529,1.7980769230769231
5530,4.826923076923077
5531,1.2596153846153846
5532,2.4134615384615383
5533,1.0769230769230769
5534,1.2980769230769231
5535,1.4038461538461537
5536,0.4326923076923077
5537,1.0096153846153846
5538,0.5673076923076923
5539,1.6826923076923077
5540,2.6634615384615383
5541,1.0865384615384615
5542,1.1153846153846154
5543,0.16346153846153846
5544,0.8461538461538461
5545,0.5769230769230769
5546,0.5673076923076923
5547,0.5288461538461539
5548,2.144230769230769
5549,1.0769230769230769
5550,0.625
5551,1.3076923076923077
5552,0.6153846153846154
5553,0.2980769230769231
5554,0.6826923076923077
5555,0.4326923076923077
5556,1.1730769230769231
5557,0.5576923076923077
5558,0.5961538461538461
5559,0.40384615384615385
5560,0.08653846153846154
5561,0.0
5562,0.28846153846153844
5563,0.21153846153846154
5564,0.019230769230769232
5565,0.057692307692307696
5566,0.25
5567,0.019230769230769232
5568,4.019230769230769
5569,1.3942307692307692
5570,1.1923076923076923
5571,0.5288461538461539
5572,0.5673076923076923
5573,0.2692307692307692
5574,0.5288461538461539
5575,2.644230769230769
5576,1.4807692307692308
5577,1.2788461538461537
5578,1.4423076923076923
5579,0.6057692307692307
5580,1.9615384615384615
5581,0.20192307692307693
5582,0.41346153846153844
5583,0.49038461538461536
5584,0.47115384615384615
5585,4.461538461538462
5586,2.4903846153846154
5587,4.009615384615385
5588,1.4326923076923077
5589,1.0096153846153846
5590,1.4230769230769231
5591,1.3076923076923077
5592,1.0384615384615385
5593,0.7692307692307693
5594,0.41346153846153844
5595,0.14423076923076922
5596,0.10576923076923077
5597,1.6634615384615385
5598,2.1634615384615383
5599,1.5288461538461537
5600,0.47115384615384615
5601,0.2403846153846154
5602,1.875
5603,1.5769230769230769
5604,0.9615384615384616
5605,1.2403846153846154
5606,1.6346153846153846
5607,1.6538461538461537
5608,1.7211538461538463
5609,0.9903846153846154
5610,0.6923076923076923
5611,0.38461538461538464
5612,0.8461538461538461
5613,0.9615384615384616
5614,0.38461538461538464
5615,0.4326923076923077
5616,0.75
5617,1.125
5618,0.019230769230769232
5619,0.057692307692307696
5620,0.16346153846153846
5621,0.057692307692307696
5622,0.11538461538461539
5623,0.057692307692307696
5624,0.22115384615384615
5625,0.1346153846153846
5626,2.25
5627,2.5096153846153846
5628,1.4134615384615385
5629,0.6153846153846154
5630,0.75
5631,0.38461538461538464
5632,0.3557692307692308
5633,1.3365384615384615
5634,1.1538461538461537
5635,0.8076923076923077
5636,1.0096153846153846
5637,0.6153846153846154
5638,0.5673076923076923
5639,0.3942307692307692
5640,0.22115384615384615
5641,0.3269230769230769
5642,0.4519230769230769
5643,3.1923076923076925
5644,1.4711538461538463
5645,2.173076923076923
5646,1.5096153846153846
5647,1.1730769230769231
5648,1.4615384615384615
5649,1.4807692307692308
5650,1.0288461538461537
5651,0.5192307692307693
5652,0.7788461538461539
5653,0.25961538461538464
5654,0.3557692307692308
5655,1.4134615384615385
5656,1.1538461538461537
5657,0.8942307692307693
5658,0.34615384615384615
5659,0.22115384615384615
5660,1.7884615384615385
5661,0.9807692307692307
5662,0.8173076923076923
5663,0.20192307692307693
5664,1.7115384615384615
5665,1.6538461538461537
5666,1.7692307692307692
5667,0.7403846153846154
5668,0.6538461538461539
5669,0.46153846153846156
5670,0.7307692307692307
5671,0.8365384615384616
5672,0.4807692307692308
5673,0.46153846153846156
5674,0.46153846153846156
5675,0.6730769230769231
5676,0.0
5677,0.019230769230769232
5678,0.2403846153846154
5679,0.019230769230769232
5680,0.057692307692307696
5681,0.057692307692307696
5682,0.17307692307692307
5683,0.038461538461538464
5684,6.778846153846154
5685,2.375
5686,2.1153846153846154
5687,0.375
5688,1.4807692307692308
5689,0.9230769230769231
5690,0.7115384615384616
5691,2.1923076923076925
5692,2.0
5693,2.25
5694,1.4615384615384615
5695,0.9038461538461539
5696,1.6923076923076923
5697,0.2980769230769231
5698,0.8461538461538461
5699,0.33653846153846156
5700,1.6153846153846154
5701,11.192307692307692
5702,2.423076923076923
5703,3.625
5704,4.048076923076923
5705,1.6923076923076923
5706,4.221153846153846
5707,0.6346153846153846
5708,1.3269230769230769
5709,1.1057692307692308
5710,0.7692307692307693
5711,0.4326923076923077
5712,0.19230769230769232
5713,1.9615384615384615
5714,1.9519230769230769
5715,0.7115384615384616
5716,0.25961538461538464
5717,0.19230769230769232
5718,1.7211538461538463
5719,0.8173076923076923
5720,1.0961538461538463
5721,0.14423076923076922
5722,5.4326923076923075
5723,1.6346153846153846
5724,1.1346153846153846
5725,1.2980769230769231
5726,0.7692307692307693
5727,0.2403846153846154
5728,0.6730769230769231
5729,0.41346153846153844
5730,0.5096153846153846
5731,0.38461538461538464
5732,0.5384615384615384
5733,1.1057692307692308
5734,0.038461538461538464
5735,0.009615384615384616
5736,0.22115384615384615
5737,0.14423076923076922
5738,0.04807692307692308
5739,0.15384615384615385
5740,0.25961538461538464
5741,0.028846153846153848
5742,2.144230769230769
5743,1.8269230769230769
5744,0.9807692307692307
5745,0.5384615384615384
5746,0.5769230769230769
5747,0.7596153846153846
5748,0.6730769230769231
5749,1.6730769230769231
5750,0.9038461538461539
5751,1.1538461538461537
5752,1.2884615384615385
5753,0.6346153846153846
5754,0.5096153846153846
5755,0.3557692307692308
5756,0.25
5757,0.2980769230769231
5758,0.3269230769230769
5759,5.548076923076923
5760,2.5576923076923075
5761,3.7596153846153846
5762,2.2211538461538463
5763,1.6057692307692308
5764,1.6538461538461537
5765,1.2115384615384615
5766,1.2403846153846154
5767,0.7403846153846154
5768,0.9326923076923077
5769,0.46153846153846156
5770,0.23076923076923078
5771,0.7211538461538461
5772,1.9903846153846154
5773,1.2884615384615385
5774,0.23076923076923078
5775,0.5480769230769231
5776,1.2980769230769231
5777,0.7019230769230769
5778,0.6538461538461539
5779,0.8269230769230769
5780,3.3653846153846154
5781,1.2211538461538463
5782,0.9615384615384616
5783,1.1442307692307692
5784,0.38461538461538464
5785,0.22115384615384615
5786,0.46153846153846156
5787,0.7211538461538461
5788,0.36538461538461536
5789,0.25961538461538464
5790,0.5096153846153846
5791,0.40384615384615385
5792,0.0
5793,0.0
5794,0.125
5795,0.15384615384615385
5796,0.038461538461538464
5797,0.0673076923076923
5798,0.0673076923076923
5799,0.10576923076923077
5800,7.5
5801,2.451923076923077
5802,1.4038461538461537
5803,0.8173076923076923
5804,0.8365384615384616
5805,0.5769230769230769
5806,0.6346153846153846
5807,1.7980769230769231
5808,1.2788461538461537
5809,0.8365384615384616
5810,1.9038461538461537
5811,0.6057692307692307
5812,1.0865384615384615
5813,0.6442307692307693
5814,0.28846153846153844
5815,0.3942307692307692
5816,0.46153846153846156
5817,5.019230769230769
5818,2.1634615384615383
5819,2.798076923076923
5820,2.326923076923077
5821,0.7884615384615384
5822,1.5288461538461537
5823,1.5673076923076923
5824,0.8076923076923077
5825,0.6634615384615384
5826,0.6538461538461539
5827,0.4807692307692308
5828,0.5192307692307693
5829,0.5769230769230769
5830,2.5673076923076925
5831,1.0480769230769231
5832,0.3173076923076923
5833,0.23076923076923078
5834,1.1923076923076923
5835,1.9038461538461537
5836,1.1442307692307692
5837,0.46153846153846156
5838,1.6730769230769231
5839,2.625
5840,1.5865384615384615
5841,0.8365384615384616
5842,1.0769230769230769
5843,0.3269230769230769
5844,1.0769230769230769
5845,0.5673076923076923
5846,0.5865384615384616
5847,0.6442307692307693
5848,0.8269230769230769
5849,0.7884615384615384
5850,0.0
5851,0.0673076923076923
5852,0.0673076923076923
5853,0.019230769230769232
5854,0.038461538461538464
5855,0.125
5856,0.10576923076923077
5857,0.25961538461538464
5858,4.134615384615385
5859,2.2884615384615383
5860,0.9038461538461539
5861,0.6153846153846154
5862,0.028846153846153848
5863,0.6057692307692307
5864,1.9038461538461537
5865,1.5384615384615385
5866,1.0
5867,1.1442307692307692
5868,0.6153846153846154
5869,0.9423076923076923
5870,0.2403846153846154
5871,0.5384615384615384
5872,0.4326923076923077
5873,0.40384615384615385
5874,0.14423076923076922
5875,5.586538461538462
5876,3.4326923076923075
5877,1.1923076923076923
5878,2.0673076923076925
5879,1.4903846153846154
5880,1.25
5881,2.3173076923076925
5882,0.5769230769230769
5883,0.5673076923076923
5884,0.16346153846153846
5885,0.6153846153846154
5886,0.6057692307692307
5887,3.048076923076923
5888,0.08653846153846154
5889,1.7019230769230769
5890,1.3461538461538463
5891,1.625
5892,0.15384615384615385
5893,0.6923076923076923
5894,0.2692307692307692
5895,0.15384615384615385
5896,0.7692307692307693
5897,1.3942307692307692
5898,0.5096153846153846
5899,0.3173076923076923
5900,0.8846153846153846
5901,0.5673076923076923
5902,0.5769230769230769
5903,0.5961538461538461
5904,0.7596153846153846
5905,0.6634615384615384
5906,0.6923076923076923
5907,0.21153846153846154
5908,0.0
5909,0.04807692307692308
5910,0.1346153846153846
5911,0.009615384615384616
5912,0.04807692307692308
5913,0.2403846153846154
5914,0.10576923076923077
5915,0.07692307692307693
5916,6.548076923076923
5917,2.355769230769231
5918,2.048076923076923
5919,2.019230769230769
5920,1.3653846153846154
5921,0.6923076923076923
5922,0.8846153846153846
5923,1.3269230769230769
5924,1.4230769230769231
5925,1.875
5926,0.9519230769230769
5927,0.9423076923076923
5928,0.27884615384615385
5929,1.1730769230769231
5930,0.5384615384615384
5931,0.3557692307692308
5932,0.40384615384615385
5933,14.990384615384615
5934,3.3846153846153846
5935,3.0
5936,3.173076923076923
5937,4.3173076923076925
5938,1.9903846153846154
5939,0.5673076923076923
5940,1.3365384615384615
5941,1.2884615384615385
5942,0.5192307692307693
5943,0.7307692307692307
5944,1.2211538461538463
5945,1.8173076923076923
5946,1.3173076923076923
5947,1.5769230769230769
5948,1.2596153846153846
5949,0.6442307692307693
5950,0.6923076923076923
5951,0.8365384615384616
5952,1.2692307692307692
5953,0.41346153846153844
5954,2.144230769230769
5955,1.6153846153846154
5956,0.9423076923076923
5957,1.0384615384615385
5958,1.0769230769230769
5959,1.0192307692307692
5960,1.4423076923076923
5961,1.1730769230769231
5962,0.9038461538461539
5963,0.6442307692307693
5964,0.6634615384615384
5965,0.5
5966,0.028846153846153848
5967,0.019230769230769232
5968,0.09615384615384616
5969,0.019230769230769232
5970,0.019230769230769232
5971,0.17307692307692307
5972,0.23076923076923078
5973,0.10576923076923077
5974,3.6538461538461537
5975,4.288461538461538
5976,2.3846153846153846
5977,1.5961538461538463
5978,0.7596153846153846
5979,0.9230769230769231
5980,0.7596153846153846
5981,0.6538461538461539
5982,2.0865384615384617
5983,1.375
5984,0.22115384615384615
5985,0.47115384615384615
5986,0.18269230769230768
5987,0.4423076923076923
5988,0.28846153846153844
5989,0.18269230769230768
5990,0.08653846153846154
5991,6.730769230769231
5992,2.423076923076923
5993,0.8557692307692307
5994,2.269230769230769
5995,2.375
5996,1.1923076923076923
5997,1.7019230769230769
5998,1.0673076923076923
5999,0.6923076923076923
6000,0.9807692307692307
6001,0.7019230769230769
6002,0.9711538461538461
6003,1.7211538461538463
6004,1.3173076923076923
6005,1.5865384615384615
6006,0.7211538461538461
6007,0.38461538461538464
6008,0.625
6009,0.9326923076923077
6010,0.7115384615384616
6011,0.3942307692307692
6012,2.7596153846153846
6013,1.5288461538461537
6014,1.9134615384615385
6015,0.7788461538461539
6016,0.7692307692307693
6017,0.46153846153846156
6018,1.6538461538461537
6019,1.3076923076923077
6020,1.3269230769230769
6021,1.2596153846153846
6022,0.8653846153846154
6023,0.38461538461538464
6024,0.019230769230769232
6025,0.019230769230769232
6026,0.25
6027,0.0
6028,0.038461538461538464
6029,0.057692307692307696
6030,0.23076923076923078
6031,0.15384615384615385
6032,5.028846153846154
6033,6.5576923076923075
6034,3.1826923076923075
6035,1.8653846153846154
6036,1.125
6037,1.2692307692307692
6038,0.7019230769230769
6039,5.125
6040,2.7596153846153846
6041,2.2403846153846154
6042,1.0096153846153846
6043,2.0096153846153846
6044,0.6057692307692307
6045,3.326923076923077
6046,0.4519230769230769
6047,0.5576923076923077
6048,0.5865384615384616
6049,16.384615384615383
6050,4.221153846153846
6051,4.980769230769231
6052,3.1346153846153846
6053,3.230769230769231
6054,1.75
6055,2.375
6056,2.8365384615384617
6057,1.4615384615384615
6058,0.5480769230769231
6059,1.1826923076923077
6060,1.0961538461538463
6061,5.144230769230769
6062,2.6826923076923075
6063,2.3173076923076925
6064,1.3076923076923077
6065,0.5769230769230769
6066,2.298076923076923
6067,1.8461538461538463
6068,1.7115384615384615
6069,1.0769230769230769
6070,7.384615384615385
6071,0.04807692307692308
6072,3.019230769230769
6073,1.4903846153846154
6074,1.8076923076923077
6075,1.4230769230769231
6076,2.4326923076923075
6077,2.5576923076923075
6078,1.5384615384615385
6079,0.8365384615384616
6080,0.9807692307692307
6081,0.6923076923076923
6082,0.0
6083,0.057692307692307696
6084,0.3269230769230769
6085,0.019230769230769232
6086,0.04807692307692308
6087,0.375
6088,0.23076923076923078
6089,0.0
6090,7.038461538461538
6091,2.0576923076923075
6092,1.1153846153846154
6093,1.3173076923076923
6094,1.6923076923076923
6095,1.4134615384615385
6096,0.8846153846153846
6097,2.5288461538461537
6098,2.298076923076923
6099,1.7692307692307692
6100,1.9807692307692308
6101,1.4326923076923077
6102,0.5
6103,0.9615384615384616
6104,0.8076923076923077
6105,0.5673076923076923
6106,0.19230769230769232
6107,11.173076923076923
6108,6.163461538461538
6109,2.375
6110,6.028846153846154
6111,1.5384615384615385
6112,2.4615384615384617
6113,1.375
6114,1.2115384615384615
6115,1.75
6116,0.38461538461538464
6117,1.2884615384615385
6118,0.5865384615384616
6119,1.8846153846153846
6120,2.9903846153846154
6121,1.3365384615384615
6122,1.0096153846153846
6123,0.22115384615384615
6124,1.0673076923076923
6125,0.6346153846153846
6126,0.7980769230769231
6127,0.6346153846153846
6128,2.5096153846153846
6129,1.2211538461538463
6130,0.6634615384615384
6131,1.3076923076923077
6132,0.8269230769230769
6133,0.34615384615384615
6134,1.0288461538461537
6135,0.4807692307692308
6136,1.0865384615384615
6137,0.625
6138,0.3557692307692308
6139,0.4230769230769231
6140,0.009615384615384616
6141,0.028846153846153848
6142,0.46153846153846156
6143,0.25961538461538464
6144,0.07692307692307693
6145,0.028846153846153848
6146,0.2403846153846154
6147,0.028846153846153848
6148,4.298076923076923
6149,1.9423076923076923
6150,1.2596153846153846
6151,0.6057692307692307
6152,0.5673076923076923
6153,0.5769230769230769
6154,0.5961538461538461
6155,2.548076923076923
6156,1.5673076923076923
6157,1.2692307692307692
6158,1.3942307692307692
6159,0.5865384615384616
6160,2.105769230769231
6161,0.20192307692307693
6162,0.38461538461538464
6163,0.6057692307692307
6164,0.41346153846153844
6165,5.269230769230769
6166,2.8365384615384617
6167,3.7115384615384617
6168,2.144230769230769
6169,0.8365384615384616
6170,1.6153846153846154
6171,1.25
6172,0.9038461538461539
6173,0.7788461538461539
6174,0.6346153846153846
6175,0.3076923076923077
6176,0.20192307692307693
6177,1.0288461538461537
6178,2.6634615384615383
6179,1.3269230769230769
6180,0.3557692307692308
6181,0.4423076923076923
6182,2.326923076923077
6183,1.2596153846153846
6184,0.8173076923076923
6185,1.125
6186,1.7019230769230769
6187,1.7788461538461537
6188,1.7884615384615385
6189,1.1634615384615385
6190,0.8076923076923077
6191,0.4423076923076923
6192,0.8461538461538461
6193,0.7692307692307693
6194,0.27884615384615385
6195,0.5
6196,0.7596153846153846
6197,1.0096153846153846
6198,0.028846153846153848
6199,0.08653846153846154
6200,0.10576923076923077
6201,0.009615384615384616
6202,0.25961538461538464
6203,0.04807692307692308
6204,0.3076923076923077
6205,0.1346153846153846
6206,2.6826923076923075
6207,2.298076923076923
6208,1.9423076923076923
6209,0.5865384615384616
6210,0.5576923076923077
6211,0.28846153846153844
6212,0.375
6213,1.1153846153846154
6214,0.8557692307692307
6215,0.7307692307692307
6216,0.9326923076923077
6217,0.5192307692307693
6218,0.4326923076923077
6219,0.5673076923076923
6220,0.20192307692307693
6221,0.23076923076923078
6222,0.46153846153846156
6223,3.4615384615384617
6224,1.7403846153846154
6225,2.1826923076923075
6226,1.6634615384615385
6227,2.048076923076923
6228,1.4711538461538463
6229,1.3846153846153846
6230,0.8942307692307693
6231,0.3269230769230769
6232,1.0576923076923077
6233,0.27884615384615385
6234,0.38461538461538464
6235,3.5961538461538463
6236,1.125
6237,1.0480769230769231
6238,0.3076923076923077
6239,0.2980769230769231
6240,2.1153846153846154
6241,0.7115384615384616
6242,0.46153846153846156
6243,0.3557692307692308
6244,1.7596153846153846
6245,1.7211538461538463
6246,2.0384615384615383
6247,0.6634615384615384
6248,0.5673076923076923
6249,0.4326923076923077
6250,0.8461538461538461
6251,0.8653846153846154
6252,0.4423076923076923
6253,0.36538461538461536
6254,0.625
6255,0.6634615384615384
6256,0.0
6257,0.0
6258,0.17307692307692307
6259,0.009615384615384616
6260,0.057692307692307696
6261,0.07692307692307693
6262,0.16346153846153846
6263,0.04807692307692308
6264,8.201923076923077
6265,2.4423076923076925
6266,1.75
6267,0.4326923076923077
6268,1.4903846153846154
6269,0.8461538461538461
6270,1.1057692307692308
6271,2.4615384615384617
6272,1.6057692307692308
6273,2.105769230769231
6274,1.2115384615384615
6275,0.7403846153846154
6276,1.9423076923076923
6277,0.2980769230769231
6278,0.6730769230769231
6279,0.2980769230769231
6280,1.6730769230769231
6281,10.60576923076923
6282,2.8365384615384617
6283,3.326923076923077
6284,5.038461538461538
6285,2.269230769230769
6286,4.375
6287,0.9326923076923077
6288,1.3269230769230769
6289,1.2884615384615385
6290,1.1442307692307692
6291,0.4326923076923077
6292,0.19230769230769232
6293,2.6826923076923075
6294,1.9711538461538463
6295,0.6730769230769231
6296,0.3269230769230769
6297,0.17307692307692307
6298,1.6442307692307692
6299,0.6346153846153846
6300,0.7307692307692307
6301,0.22115384615384615
6302,6.6923076923076925
6303,2.0288461538461537
6304,1.3269230769230769
6305,1.5096153846153846
6306,1.0673076923076923
6307,0.28846153846153844
6308,0.7692307692307693
6309,0.5288461538461539
6310,0.5576923076923077
6311,0.375
6312,0.7403846153846154
6313,1.25
6314,0.028846153846153848
6315,0.009615384615384616
6316,0.27884615384615385
6317,0.125
6318,0.0
6319,0.0673076923076923
6320,0.2403846153846154
6321,0.04807692307692308
6322,2.8076923076923075
6323,1.4326923076923077
6324,1.0192307692307692
6325,0.5480769230769231
6326,0.6923076923076923
6327,0.7019230769230769
6328,0.6730769230769231
6329,1.4519230769230769
6330,1.0384615384615385
6331,1.2884615384615385
6332,1.2884615384615385
6333,0.7884615384615384
6334,0.40384615384615385
6335,0.23076923076923078
6336,0.125
6337,0.19230769230769232
6338,0.47115384615384615
6339,6.259615384615385
6340,2.894230769230769
6341,3.75
6342,3.019230769230769
6343,1.3557692307692308
6344,1.7884615384615385
6345,1.4615384615384615
6346,1.0
6347,0.7211538461538461
6348,1.0769230769230769
6349,0.5673076923076923
6350,0.14423076923076922
6351,1.4519230769230769
6352,2.3846153846153846
6353,1.625
6354,0.28846153846153844
6355,0.47115384615384615
6356,1.3461538461538463
6357,0.9711538461538461
6358,0.36538461538461536
6359,0.8942307692307693
6360,4.423076923076923
6361,1.0961538461538463
6362,1.0673076923076923
6363,1.1442307692307692
6364,0.6057692307692307
6365,0.22115384615384615
6366,0.5
6367,0.8846153846153846
6368,0.36538461538461536
6369,0.28846153846153844
6370,0.7211538461538461
6371,0.40384615384615385
6372,0.0
6373,0.0
6374,0.23076923076923078
6375,0.18269230769230768
6376,0.038461538461538464
6377,0.019230769230769232
6378,0.04807692307692308
6379,0.14423076923076922
6380,9.514563106796116
6381,2.9611650485436893
6382,1.9805825242718447
6383,0.8349514563106796
6384,0.5825242718446602
6385,0.5339805825242718
6386,0.7184466019417476
6387,1.7864077669902914
6388,1.3786407766990292
6389,1.1262135922330097
6390,2.0
6391,0.8252427184466019
6392,1.2427184466019416
6393,0.7087378640776699
6394,0.3106796116504854
6395,0.39805825242718446
6396,0.5339805825242718
6397,5.970873786407767
6398,2.9029126213592233
6399,3.2718446601941746
6400,2.8446601941747574
6401,1.4368932038834952
6402,1.7184466019417475
6403,1.6699029126213591
6404,1.1067961165048543
6405,0.6116504854368932
6406,0.7378640776699029
6407,0.5145631067961165
6408,0.9320388349514563
6409,1.0485436893203883
6410,2.970873786407767
6411,1.2233009708737863
6412,0.39805825242718446
6413,0.36893203883495146
6414,0.9514563106796117
6415,1.8349514563106797
6416,0.7184466019417476
6417,0.6213592233009708
6418,1.941747572815534
6419,2.766990291262136
6420,1.6310679611650485
6421,0.7378640776699029
6422,1.0194174757281553
6423,0.5048543689320388
6424,1.0776699029126213
6425,0.5825242718446602
6426,0.7087378640776699
6427,0.8058252427184466
6428,0.9514563106796117
6429,0.8737864077669902
6430,0.009708737864077669
6431,0.019417475728155338
6432,0.1553398058252427
6433,0.05825242718446602
6434,0.07766990291262135
6435,0.06796116504854369
6436,0.1941747572815534
6437,0.13592233009708737
6438,5.29126213592233
6439,2.3883495145631066
6440,0.8543689320388349
6441,0.5048543689320388
6442,0.06796116504854369
6443,0.7087378640776699
6444,1.6990291262135921
6445,1.970873786407767
6446,1.5922330097087378
6447,1.2524271844660195
6448,0.6796116504854369
6449,0.9902912621359223
6450,0.34951456310679613
6451,0.6601941747572816
6452,0.33980582524271846
6453,0.39805825242718446
6454,0.1650485436893204
6455,6.533980582524272
6456,3.4466019417475726
6457,0.9902912621359223
6458,2.5436893203883497
6459,1.5436893203883495
6460,1.2815533980582525
6461,2.1262135922330097
6462,0.6699029126213593
6463,0.5922330097087378
6464,0.24271844660194175
6465,0.5242718446601942
6466,0.47572815533980584
6467,3.4466019417475726
6468,0.06796116504854369
6469,0.6019417475728155
6470,1.4951456310679612
6471,1.3009708737864079
6472,0.2621359223300971
6473,0.5825242718446602
6474,0.20388349514563106
6475,0.3592233009708738
6476,0.9223300970873787
6477,1.4077669902912622
6478,0.5145631067961165
6479,0.5436893203883495
6480,0.8155339805825242
6481,0.6796116504854369
6482,0.6699029126213593
6483,0.5145631067961165
6484,0.7961165048543689
6485,0.7281553398058253
6486,0.6601941747572816
6487,0.23300970873786409
6488,0.0
6489,0.019417475728155338
6490,0.11650485436893204
6491,0.019417475728155338
6492,0.08737864077669903
6493,0.1650485436893204
6494,0.13592233009708737
6495,0.05825242718446602
6496,7.669902912621359
6497,2.9805825242718447
6498,2.058252427184466
6499,2.3689320388349513
6500,1.5728155339805825
6501,1.0388349514563107
6502,0.9611650485436893
6503,1.6796116504854368
6504,1.6407766990291262
6505,2.7864077669902914
6506,1.0776699029126213
6507,1.5436893203883495
6508,0.39805825242718446
6509,1.2524271844660195
6510,0.47572815533980584
6511,0.7961165048543689
6512,0.24271844660194175
6513,17.04854368932039
6514,4.106796116504855
6515,3.8155339805825244
6516,3.9514563106796117
6517,4.58252427184466
6518,1.941747572815534
6519,0.6893203883495146
6520,2.0388349514563107
6521,1.6116504854368932
6522,0.6407766990291263
6523,0.9320388349514563
6524,1.3106796116504855
6525,2.0776699029126213
6526,1.7184466019417475
6527,0.6310679611650486
6528,1.4854368932038835
6529,1.4466019417475728
6530,1.3398058252427185
6531,1.2135922330097086
6532,1.3300970873786409
6533,0.5048543689320388
6534,2.563106796116505
6535,2.1844660194174756
6536,1.0970873786407767
6537,1.3106796116504855
6538,1.2427184466019416
6539,1.3883495145631068
6540,1.7378640776699028
6541,1.3495145631067962
6542,1.3106796116504855
6543,1.0485436893203883
6544,0.7766990291262136
6545,0.4563106796116505
6546,0.07766990291262135
6547,0.06796116504854369
6548,0.10679611650485436
6549,0.04854368932038835
6550,0.14563106796116504
6551,0.3106796116504854
6552,0.21359223300970873
6553,0.21359223300970873
6554,4.854368932038835
6555,5.145631067961165
6556,3.2718446601941746
6557,1.766990291262136
6558,0.970873786407767
6559,0.970873786407767
6560,0.7864077669902912
6561,0.7087378640776699
6562,2.883495145631068
6563,1.7087378640776698
6564,0.3786407766990291
6565,0.8155339805825242
6566,0.1941747572815534
6567,0.5339805825242718
6568,0.4368932038834951
6569,0.6213592233009708
6570,0.10679611650485436
6571,8.368932038834952
6572,2.378640776699029
6573,0.8058252427184466
6574,3.7281553398058254
6575,2.466019417475728
6576,1.5145631067961165
6577,1.7184466019417475
6578,1.1941747572815533
6579,1.1067961165048543
6580,1.2233009708737863
6581,0.6990291262135923
6582,1.058252427184466
6583,2.6601941747572817
6584,1.4660194174757282
6585,0.6893203883495146
6586,0.7669902912621359
6587,0.8058252427184466
6588,0.9320388349514563
6589,1.3980582524271845
6590,0.6019417475728155
6591,0.3592233009708738
6592,4.058252427184466
6593,2.3689320388349513
6594,3.0388349514563107
6595,0.941747572815534
6596,1.3009708737864079
6597,0.6893203883495146
6598,2.3106796116504853
6599,2.1553398058252426
6600,1.5631067961165048
6601,1.6213592233009708
6602,0.941747572815534
6603,0.4368932038834951
6604,0.009708737864077669
6605,0.02912621359223301
6606,0.1650485436893204
6607,0.0
6608,0.009708737864077669
6609,0.10679611650485436
6610,0.21359223300970873
6611,0.1553398058252427
6612,5.611650485436893
6613,7.524271844660194
6614,3.3106796116504853
6615,1.7184466019417475
6616,1.5339805825242718
6617,1.5339805825242718
6618,0.6019417475728155
6619,5.29126213592233
6620,2.6699029126213594
6621,2.3398058252427183
6622,1.3106796116504855
6623,2.3106796116504853
6624,0.6116504854368932
6625,2.650485436893204
6626,0.7184466019417476
6627,0.4563106796116505
6628,0.9223300970873787
6629,15.155339805825243
6630,4.854368932038835
6631,4.941747572815534
6632,4.281553398058253
6633,3.1650485436893203
6634,2.4854368932038833
6635,2.0
6636,2.2815533980582523
6637,1.4368932038834952
6638,0.5339805825242718
6639,1.6019417475728155
6640,1.4660194174757282
6641,5.902912621359223
6642,3.1650485436893203
6643,1.854368932038835
6644,1.4174757281553398
6645,0.4368932038834951
6646,2.5728155339805827
6647,1.5242718446601942
6648,1.3009708737864079
6649,1.5048543689320388
6650,7.757281553398058
6651,0.10679611650485436
6652,2.912621359223301
6653,1.6796116504854368
6654,2.0388349514563107
6655,1.3592233009708738
6656,2.5436893203883497
6657,2.8155339805825244
6658,1.6504854368932038
6659,0.912621359223301
6660,1.1941747572815533
6661,0.8155339805825242
6662,0.02912621359223301
6663,0.04854368932038835
6664,0.39805825242718446
6665,0.019417475728155338
6666,0.019417475728155338
6667,0.17475728155339806
6668,0.4854368932038835
6669,0.0
6670,9.699029126213592
6671,2.7572815533980584
6672,1.5922330097087378
6673,1.2912621359223302
6674,2.1067961165048543
6675,1.4077669902912622
6676,0.7184466019417476
6677,3.1553398058252426
6678,2.349514563106796
6679,1.912621359223301
6680,2.3009708737864076
6681,1.6504854368932038
6682,0.8155339805825242
6683,1.0388349514563107
6684,1.3009708737864079
6685,0.9029126213592233
6686,0.2524271844660194
6687,14.029126213592233
6688,7.504854368932039
6689,2.533980582524272
6690,7.961165048543689
6691,1.8737864077669903
6692,3.087378640776699
6693,1.6407766990291262
6694,1.3980582524271845
6695,1.7184466019417475
6696,0.39805825242718446
6697,1.3203883495145632
6698,1.0194174757281553
6699,2.8640776699029127
6700,4.213592233009709
6701,1.6310679611650485
6702,1.6116504854368932
6703,0.5631067961165048
6704,1.203883495145631
6705,0.6504854368932039
6706,0.7961165048543689
6707,0.8932038834951457
6708,3.3398058252427183
6709,1.6213592233009708
6710,1.116504854368932
6711,1.5533980582524272
6712,1.2621359223300972
6713,0.42718446601941745
6714,1.1941747572815533
6715,0.6699029126213593
6716,1.3009708737864079
6717,0.7864077669902912
6718,0.42718446601941745
6719,0.7184466019417476
6720,0.02912621359223301
6721,0.009708737864077669
6722,0.3592233009708738
6723,0.1650485436893204
6724,0.019417475728155338
6725,0.06796116504854369
6726,0.3106796116504854
6727,0.019417475728155338
6728,4.757281553398058
6729,2.2427184466019416
6730,1.2815533980582525
6731,0.6796116504854369
6732,0.5728155339805825
6733,0.6601941747572816
6734,0.7281553398058253
6735,2.6990291262135924
6736,1.7572815533980584
6737,1.4271844660194175
6738,1.145631067961165
6739,0.5436893203883495
6740,1.8058252427184467
6741,0.27184466019417475
6742,0.3300970873786408
6743,0.49514563106796117
6744,0.8543689320388349
6745,5.466019417475728
6746,2.8640776699029127
6747,3.436893203883495
6748,2.2524271844660193
6749,0.9514563106796117
6750,1.4077669902912622
6751,1.2815533980582525
6752,0.8640776699029126
6753,0.6699029126213593
6754,0.6407766990291263
6755,0.24271844660194175
6756,0.08737864077669903
6757,0.7572815533980582
6758,2.3689320388349513
6759,1.7475728155339805
6760,0.42718446601941745
6761,0.30097087378640774
6762,1.854368932038835
6763,1.1262135922330097
6764,0.7281553398058253
6765,1.203883495145631
6766,2.087378640776699
6767,2.233009708737864
6768,2.0388349514563107
6769,1.1262135922330097
6770,0.970873786407767
6771,0.4368932038834951
6772,1.1844660194174756
6773,1.0970873786407767
6774,0.36893203883495146
6775,0.5145631067961165
6776,0.7864077669902912
6777,1.3398058252427185
6778,0.019417475728155338
6779,0.0970873786407767
6780,0.17475728155339806
6781,0.019417475728155338
6782,0.038834951456310676
6783,0.11650485436893204
6784,0.32038834951456313
6785,0.1650485436893204
6786,2.796116504854369
6787,3.6407766990291264
6788,2.349514563106796
6789,0.6699029126213593
6790,0.6504854368932039
6791,0.3300970873786408
6792,0.4368932038834951
6793,1.4368932038834952
6794,1.3106796116504855
6795,0.912621359223301
6796,1.2718446601941749
6797,0.6699029126213593
6798,0.5436893203883495
6799,0.5048543689320388
6800,0.2912621359223301
6801,0.3106796116504854
6802,0.4077669902912621
6803,3.9320388349514563
6804,1.6893203883495145
6805,2.1262135922330097
6806,1.766990291262136
6807,1.6116504854368932
6808,1.7475728155339805
6809,1.2621359223300972
6810,0.6601941747572816
6811,0.5825242718446602
6812,0.941747572815534
6813,0.4368932038834951
6814,0.3106796116504854
6815,2.3300970873786406
6816,1.1844660194174756
6817,0.7378640776699029
6818,0.3592233009708738
6819,0.4368932038834951
6820,2.912621359223301
6821,0.6504854368932039
6822,0.3786407766990291
6823,0.24271844660194175
6824,2.2233009708737863
6825,1.9514563106796117
6826,1.941747572815534
6827,0.9611650485436893
6828,0.970873786407767
6829,0.49514563106796117
6830,0.8058252427184466
6831,1.0970873786407767
6832,0.5728155339805825
6833,0.5533980582524272
6834,0.6601941747572816
6835,0.8543689320388349
6836,0.019417475728155338
6837,0.05825242718446602
6838,0.3106796116504854
6839,0.019417475728155338
6840,0.009708737864077669
6841,0.038834951456310676
6842,0.1941747572815534
6843,0.009708737864077669
6844,9.466019417475728
6845,2.533980582524272
6846,1.9902912621359223
6847,0.36893203883495146
6848,1.5048543689320388
6849,1.4951456310679612
6850,1.203883495145631
6851,3.0679611650485437
6852,1.8155339805825244
6853,2.3689320388349513
6854,1.2524271844660195
6855,0.912621359223301
6856,2.087378640776699
6857,0.42718446601941745
6858,0.7087378640776699
6859,0.22330097087378642
6860,2.0097087378640777
6861,12.019417475728156
6862,3.0679611650485437
6863,3.6601941747572817
6864,5.514563106796117
6865,1.854368932038835
6866,4.776699029126213
6867,0.912621359223301
6868,1.6601941747572815
6869,1.3495145631067962
6870,0.8252427184466019
6871,0.3106796116504854
6872,0.1553398058252427
6873,2.1359223300970873
6874,2.2427184466019416
6875,0.5242718446601942
6876,0.4368932038834951
6877,0.21359223300970873
6878,1.7766990291262137
6879,0.6310679611650486
6880,1.3980582524271845
6881,0.0970873786407767
6882,7.242718446601942
6883,2.4854368932038833
6884,1.4660194174757282
6885,1.8349514563106797
6886,1.058252427184466
6887,0.2815533980582524
6888,0.7475728155339806
6889,0.5145631067961165
6890,0.5728155339805825
6891,0.39805825242718446
6892,0.6893203883495146
6893,1.3786407766990292
6894,0.0
6895,0.009708737864077669
6896,0.1650485436893204
6897,0.24271844660194175
6898,0.019417475728155338
6899,0.06796116504854369
6900,0.2621359223300971
6901,0.038834951456310676
6902,3.533980582524272
6903,1.8155339805825244
6904,1.3592233009708738
6905,0.6504854368932039
6906,1.087378640776699
6907,0.9320388349514563
6908,0.9029126213592233
6909,2.0679611650485437
6910,1.3009708737864079
6911,1.6407766990291262
6912,1.5922330097087378
6913,0.8640776699029126
6914,0.5533980582524272
6915,0.3106796116504854
6916,0.34951456310679613
6917,0.13592233009708737
6918,0.42718446601941745
6919,6.747572815533981
6920,2.6699029126213594
6921,3.8640776699029127
6922,3.3883495145631066
6923,1.7572815533980584
6924,2.0194174757281553
6925,1.3689320388349515
6926,1.2912621359223302
6927,0.8155339805825242
6928,1.0388349514563107
6929,0.5436893203883495
6930,0.2524271844660194
6931,2.2718446601941746
6932,2.466019417475728
6933,1.854368932038835
6934,0.3300970873786408
6935,0.47572815533980584
6936,1.4854368932038835
6937,0.6893203883495146
6938,0.6699029126213593
6939,0.8737864077669902
6940,5.155339805825243
6941,1.6310679611650485
6942,1.3203883495145632
6943,1.5825242718446602
6944,0.5145631067961165
6945,0.3106796116504854
6946,0.5825242718446602
6947,0.9223300970873787
6948,0.47572815533980584
6949,0.3106796116504854
6950,0.5145631067961165
6951,0.46601941747572817
6952,0.0
6953,0.0
6954,0.20388349514563106
6955,0.1650485436893204
6956,0.02912621359223301
6957,0.08737864077669903
6958,0.17475728155339806
6959,0.22330097087378642
6960,9.596153846153847
6961,2.9038461538461537
6962,1.9519230769230769
6963,1.0288461538461537
6964,0.6826923076923077
6965,0.5576923076923077
6966,0.5288461538461539
6967,1.8461538461538463
6968,1.8846153846153846
6969,1.2115384615384615
6970,1.9807692307692308
6971,0.9903846153846154
6972,1.7403846153846154
6973,0.7692307692307693
6974,0.47115384615384615
6975,0.4807692307692308
6976,0.6153846153846154
6977,5.634615384615385
6978,3.1153846153846154
6979,3.730769230769231
6980,3.355769230769231
6981,1.2307692307692308
6982,2.0384615384615383
6983,2.1826923076923075
6984,1.3461538461538463
6985,0.7884615384615384
6986,1.1442307692307692
6987,0.5384615384615384
6988,0.5
6989,0.7115384615384616
6990,2.951923076923077
6991,1.5096153846153846
6992,0.38461538461538464
6993,0.5192307692307693
6994,0.8076923076923077
6995,1.4615384615384615
6996,1.0673076923076923
6997,0.6634615384615384
6998,2.4615384615384617
6999,3.105769230769231
7000,1.7019230769230769
7001,1.1538461538461537
7002,1.1634615384615385
7003,0.5576923076923077
7004,1.2307692307692308
7005,0.7115384615384616
7006,0.7980769230769231
7007,1.0288461538461537
7008,1.0673076923076923
7009,0.7403846153846154
7010,0.0
7011,0.04807692307692308
7012,0.057692307692307696
7013,0.028846153846153848
7014,0.057692307692307696
7015,0.15384615384615385
7016,0.3076923076923077
7017,0.3557692307692308
7018,5.221153846153846
7019,2.1538461538461537
7020,1.0384615384615385
7021,0.4326923076923077
7022,0.019230769230769232
7023,0.6538461538461539
7024,1.0961538461538463
7025,2.173076923076923
7026,1.4615384615384615
7027,1.2788461538461537
7028,1.2307692307692308
7029,1.5576923076923077
7030,0.40384615384615385
7031,0.6634615384615384
7032,0.6826923076923077
7033,0.5
7034,0.10576923076923077
7035,6.5
7036,4.1826923076923075
7037,1.4038461538461537
7038,3.048076923076923
7039,1.6634615384615385
7040,1.1730769230769231
7041,2.5384615384615383
7042,0.9038461538461539
7043,0.8076923076923077
7044,0.2692307692307692
7045,0.875
7046,0.5192307692307693
7047,3.548076923076923
7048,0.057692307692307696
7049,1.0
7050,1.4807692307692308
7051,1.0192307692307692
7052,0.27884615384615385
7053,0.3557692307692308
7054,0.3269230769230769
7055,0.22115384615384615
7056,1.2019230769230769
7057,1.5384615384615385
7058,0.8365384615384616
7059,0.4423076923076923
7060,1.1153846153846154
7061,0.5480769230769231
7062,0.7115384615384616
7063,0.6057692307692307
7064,0.7788461538461539
7065,0.6057692307692307
7066,0.5961538461538461
7067,0.1346153846153846
7068,0.0
7069,0.019230769230769232
7070,0.23076923076923078
7071,0.019230769230769232
7072,0.0673076923076923
7073,0.125
7074,0.15384615384615385
7075,0.028846153846153848
7076,7.759615384615385
7077,2.9615384615384617
7078,2.5865384615384617
7079,3.201923076923077
7080,1.5865384615384615
7081,1.1826923076923077
7082,0.9326923076923077
7083,2.0673076923076925
7084,1.7403846153846154
7085,2.076923076923077
7086,1.8173076923076923
7087,1.7980769230769231
7088,0.6634615384615384
7089,1.1057692307692308
7090,0.7980769230769231
7091,1.0384615384615385
7092,0.27884615384615385
7093,17.067307692307693
7094,4.4326923076923075
7095,5.028846153846154
7096,4.509615384615385
7097,6.3076923076923075
7098,2.3076923076923075
7099,0.9519230769230769
7100,2.2211538461538463
7101,1.9230769230769231
7102,0.8461538461538461
7103,1.6346153846153846
7104,1.3461538461538463
7105,2.7115384615384617
7106,1.7980769230769231
7107,2.625
7108,1.6153846153846154
7109,1.1826923076923077
7110,1.7307692307692308
7111,1.2211538461538463
7112,1.7980769230769231
7113,0.7019230769230769
7114,3.480769230769231
7115,3.125
7116,1.8173076923076923
7117,1.5769230769230769
7118,1.4711538461538463
7119,1.7307692307692308
7120,2.2211538461538463
7121,1.4711538461538463
7122,1.2884615384615385
7123,1.3461538461538463
7124,0.8557692307692307
7125,0.3076923076923077
7126,0.019230769230769232
7127,0.04807692307692308
7128,0.1346153846153846
7129,0.028846153846153848
7130,0.10576923076923077
7131,0.19230769230769232
7132,0.3173076923076923
7133,0.2692307692307692
7134,5.038461538461538
7135,5.153846153846154
7136,3.375
7137,1.4519230769230769
7138,1.1538461538461537
7139,1.1923076923076923
7140,1.3076923076923077
7141,1.0576923076923077
7142,3.3653846153846154
7143,1.9903846153846154
7144,0.4423076923076923
7145,0.9038461538461539
7146,0.22115384615384615
7147,0.5192307692307693
7148,0.6826923076923077
7149,0.36538461538461536
7150,0.125
7151,8.413461538461538
7152,2.6346153846153846
7153,0.9807692307692307
7154,4.019230769230769
7155,2.7211538461538463
7156,2.0
7157,2.644230769230769
7158,1.4615384615384615
7159,0.9134615384615384
7160,1.5
7161,1.0769230769230769
7162,1.5
7163,3.375
7164,1.9711538461538463
7165,1.7307692307692308
7166,0.7211538461538461
7167,0.8846153846153846
7168,1.0480769230769231
7169,1.2403846153846154
7170,1.2403846153846154
7171,0.3942307692307692
7172,5.086538461538462
7173,2.673076923076923
7174,3.3461538461538463
7175,1.7019230769230769
7176,1.6442307692307692
7177,0.7211538461538461
7178,2.6923076923076925
7179,2.7403846153846154
7180,2.0576923076923075
7181,2.2884615384615383
7182,1.0288461538461537
7183,0.46153846153846156
7184,0.04807692307692308
7185,0.009615384615384616
7186,0.15384615384615385
7187,0.07692307692307693
7188,0.04807692307692308
7189,0.1346153846153846
7190,0.40384615384615385
7191,0.3942307692307692
7192,6.403846153846154
7193,6.798076923076923
7194,4.884615384615385
7195,1.8846153846153846
7196,1.3365384615384615
7197,1.6826923076923077
7198,0.8846153846153846
7199,6.951923076923077
7200,3.048076923076923
7201,2.423076923076923
7202,1.3653846153846154
7203,2.894230769230769
7204,0.7980769230769231
7205,2.8846153846153846
7206,0.75
7207,1.25
7208,0.7403846153846154
7209,14.653846153846153
7210,4.625
7211,5.951923076923077
7212,4.326923076923077
7213,4.778846153846154
7214,2.6826923076923075
7215,1.9134615384615385
7216,2.980769230769231
7217,1.4230769230769231
7218,0.8173076923076923
7219,1.6538461538461537
7220,1.6634615384615385
7221,5.0673076923076925
7222,3.1826923076923075
7223,1.5480769230769231
7224,1.3461538461538463
7225,0.9711538461538461
7226,2.451923076923077
7227,1.4519230769230769
7228,1.2692307692307692
7229,1.8942307692307692
7230,9.663461538461538
7231,0.25961538461538464
7232,3.8846153846153846
7233,1.9711538461538463
7234,2.355769230769231
7235,1.7307692307692308
7236,2.8365384615384617
7237,3.1538461538461537
7238,1.7596153846153846
7239,1.4230769230769231
7240,1.3942307692307692
7241,1.0096153846153846
7242,0.009615384615384616
7243,0.04807692307692308
7244,0.2403846153846154
7245,0.019230769230769232
7246,0.11538461538461539
7247,0.16346153846153846
7248,0.3557692307692308
7249,0.0
7250,9.490384615384615
7251,2.7788461538461537
7252,1.3557692307692308
7253,0.9423076923076923
7254,2.3076923076923075
7255,1.6826923076923077
7256,0.5673076923076923
7257,4.134615384615385
7258,2.394230769230769
7259,2.173076923076923
7260,2.3653846153846154
7261,1.8846153846153846
7262,0.8942307692307693
7263,1.0961538461538463
7264,1.5192307692307692
7265,1.0480769230769231
7266,0.28846153846153844
7267,13.375
7268,7.346153846153846
7269,3.6346153846153846
7270,8.701923076923077
7271,2.5
7272,3.3846153846153846
7273,1.8173076923076923
7274,1.5576923076923077
7275,2.1153846153846154
7276,0.5384615384615384
7277,1.75
7278,0.7307692307692307
7279,2.769230769230769
7280,4.605769230769231
7281,1.4807692307692308
7282,1.375
7283,0.38461538461538464
7284,1.4519230769230769
7285,0.7211538461538461
7286,0.5480769230769231
7287,0.7596153846153846
7288,3.4903846153846154
7289,1.7211538461538463
7290,1.25
7291,2.1153846153846154
7292,1.1634615384615385
7293,0.40384615384615385
7294,1.2884615384615385
7295,0.6346153846153846
7296,1.8076923076923077
7297,0.8653846153846154
7298,0.46153846153846156
7299,0.7403846153846154
7300,0.038461538461538464
7301,0.028846153846153848
7302,0.34615384615384615
7303,0.3942307692307692
7304,0.009615384615384616
7305,0.0673076923076923
7306,0.5
7307,0.04807692307692308
7308,4.778846153846154
7309,2.673076923076923
7310,0.8557692307692307
7311,0.7019230769230769
7312,0.4230769230769231
7313,0.40384615384615385
7314,0.46153846153846156
7315,3.2115384615384617
7316,1.75
7317,1.375
7318,1.8942307692307692
7319,0.8653846153846154
7320,2.5576923076923075
7321,0.34615384615384615
7322,0.5576923076923077
7323,0.8269230769230769
7324,1.0673076923076923
7325,5.625
7326,3.105769230769231
7327,3.8173076923076925
7328,2.2788461538461537
7329,0.7980769230769231
7330,2.173076923076923
7331,1.9134615384615385
7332,1.0384615384615385
7333,0.7596153846153846
7334,0.7692307692307693
7335,0.18269230769230768
7336,0.15384615384615385
7337,0.9711538461538461
7338,2.9134615384615383
7339,1.5961538461538463
7340,0.5865384615384616
7341,0.5
7342,1.8173076923076923
7343,1.0961538461538463
7344,1.3846153846153846
7345,1.0865384615384615
7346,2.2403846153846154
7347,2.7115384615384617
7348,2.1826923076923075
7349,1.3653846153846154
7350,0.9519230769230769
7351,0.5384615384615384
7352,1.2403846153846154
7353,1.3365384615384615
7354,0.41346153846153844
7355,0.5576923076923077
7356,0.7019230769230769
7357,1.1923076923076923
7358,0.10576923076923077
7359,0.0673076923076923
7360,0.10576923076923077
7361,0.057692307692307696
7362,0.0673076923076923
7363,0.08653846153846154
7364,0.3557692307692308
7365,0.21153846153846154
7366,2.9326923076923075
7367,3.2211538461538463
7368,2.4134615384615383
7369,0.5576923076923077
7370,0.8269230769230769
7371,0.3942307692307692
7372,0.5288461538461539
7373,1.6442307692307692
7374,1.4519230769230769
7375,1.1153846153846154
7376,1.4134615384615385
7377,0.7307692307692307
7378,0.7980769230769231
7379,0.8269230769230769
7380,0.4423076923076923
7381,0.5192307692307693
7382,0.9807692307692307
7383,3.8653846153846154
7384,1.5192307692307692
7385,2.0384615384615383
7386,1.9807692307692308
7387,1.3653846153846154
7388,1.7019230769230769
7389,1.6923076923076923
7390,0.5769230769230769
7391,0.6538461538461539
7392,1.1346153846153846
7393,0.46153846153846156
7394,0.4326923076923077
7395,2.230769230769231
7396,1.3846153846153846
7397,1.375
7398,0.3269230769230769
7399,0.21153846153846154
7400,2.480769230769231
7401,0.7980769230769231
7402,0.6730769230769231
7403,0.23076923076923078
7404,2.9134615384615383
7405,1.8461538461538463
7406,2.3461538461538463
7407,0.9711538461538461
7408,0.9230769230769231
7409,0.6730769230769231
7410,0.8557692307692307
7411,1.1923076923076923
7412,0.7307692307692307
7413,0.5961538461538461
7414,0.7692307692307693
7415,0.8846153846153846
7416,0.009615384615384616
7417,0.009615384615384616
7418,0.19230769230769232
7419,0.0
7420,0.0673076923076923
7421,0.08653846153846154
7422,0.20192307692307693
7423,0.038461538461538464
7424,8.692307692307692
7425,2.8076923076923075
7426,1.9134615384615385
7427,0.5576923076923077
7428,1.7692307692307692
7429,1.0576923076923077
7430,1.25
7431,2.923076923076923
7432,2.1346153846153846
7433,1.9807692307692308
7434,1.5865384615384615
7435,0.8942307692307693
7436,1.9615384615384615
7437,0.3173076923076923
7438,1.2403846153846154
7439,0.3557692307692308
7440,1.7596153846153846
7441,12.067307692307692
7442,3.1634615384615383
7443,4.913461538461538
7444,5.769230769230769
7445,1.5961538461538463
7446,4.9326923076923075
7447,0.8846153846153846
7448,1.5192307692307692
7449,1.1730769230769231
7450,0.8846153846153846
7451,0.4326923076923077
7452,0.14423076923076922
7453,1.6057692307692308
7454,1.9230769230769231
7455,0.8653846153846154
7456,0.46153846153846156
7457,0.22115384615384615
7458,1.1923076923076923
7459,0.5865384615384616
7460,0.9230769230769231
7461,0.09615384615384616
7462,6.461538461538462
7463,1.8365384615384615
7464,1.3173076923076923
7465,2.3076923076923075
7466,1.125
7467,0.2692307692307692
7468,0.9230769230769231
7469,0.7115384615384616
7470,0.7211538461538461
7471,0.4807692307692308
7472,0.8173076923076923
7473,1.1634615384615385
7474,0.0
7475,0.0
7476,0.22115384615384615
7477,0.2403846153846154
7478,0.038461538461538464
7479,0.057692307692307696
7480,0.33653846153846156
7481,0.019230769230769232
7482,4.298076923076923
7483,2.3461538461538463
7484,1.4615384615384615
7485,0.6634615384615384
7486,0.9326923076923077
7487,1.0480769230769231
7488,0.7403846153846154
7489,2.2115384615384617
7490,1.2403846153846154
7491,1.3461538461538463
7492,1.6923076923076923
7493,0.9230769230769231
7494,0.6346153846153846
7495,0.40384615384615385
7496,0.36538461538461536
7497,0.375
7498,0.8076923076923077
7499,6.855769230769231
7500,3.4903846153846154
7501,4.6923076923076925
7502,3.894230769230769
7503,1.7019230769230769
7504,1.9038461538461537
7505,1.7884615384615385
7506,1.5480769230769231
7507,0.9903846153846154
7508,1.25
7509,0.46153846153846156
7510,0.3557692307692308
7511,2.894230769230769
7512,2.2211538461538463
7513,1.4038461538461537
7514,0.18269230769230768
7515,0.5096153846153846
7516,1.5673076923076923
7517,0.6634615384615384
7518,0.9326923076923077
7519,0.8461538461538461
7520,5.0576923076923075
7521,1.8076923076923077
7522,1.4807692307692308
7523,1.8173076923076923
7524,0.5961538461538461
7525,0.38461538461538464
7526,0.5961538461538461
7527,1.1634615384615385
7528,0.46153846153846156
7529,0.375
7530,0.7019230769230769
7531,0.4807692307692308
7532,0.009615384615384616
7533,0.0
7534,0.19230769230769232
7535,0.2403846153846154
7536,0.038461538461538464
7537,0.038461538461538464
7538,0.33653846153846156
7539,0.10576923076923077
7540,7.673076923076923
7541,2.2211538461538463
7542,1.8461538461538463
7543,0.7788461538461539
7544,0.8173076923076923
7545,0.5
7546,0.49038461538461536
7547,2.5
7548,1.7403846153846154
7549,1.1923076923076923
7550,2.230769230769231
7551,1.2403846153846154
7552,1.8653846153846154
7553,0.7980769230769231
7554,0.4230769230769231
7555,0.46153846153846156
7556,0.375
7557,5.269230769230769
7558,2.8846153846153846
7559,3.8365384615384617
7560,2.4903846153846154
7561,1.125
7562,2.0384615384615383
7563,2.1346153846153846
7564,1.0865384615384615
7565,0.9903846153846154
7566,1.0192307692307692
7567,0.6730769230769231
7568,0.7596153846153846
7569,0.8365384615384616
7570,2.230769230769231
7571,1.8942307692307692
7572,0.36538461538461536
7573,0.2403846153846154
7574,0.9615384615384616
7575,1.6442307692307692
7576,1.0384615384615385
7577,0.5192307692307693
7578,1.9807692307692308
7579,2.7884615384615383
7580,1.7596153846153846
7581,1.0576923076923077
7582,0.9134615384615384
7583,0.6923076923076923
7584,1.2980769230769231
7585,0.7307692307692307
7586,0.625
7587,0.7596153846153846
7588,0.6923076923076923
7589,0.7884615384615384
7590,0.009615384615384616
7591,0.038461538461538464
7592,0.08653846153846154
7593,0.057692307692307696
7594,0.08653846153846154
7595,0.125
7596,0.2692307692307692
7597,0.27884615384615385
7598,4.615384615384615
7599,2.2788461538461537
7600,0.8942307692307693
7601,0.28846153846153844
7602,0.028846153846153848
7603,0.6923076923076923
7604,1.3365384615384615
7605,2.6826923076923075
7606,1.5096153846153846
7607,1.2019230769230769
7608,1.2980769230769231
7609,1.5384615384615385
7610,0.4423076923076923
7611,0.5865384615384616
7612,1.0
7613,0.7692307692307693
7614,0.10576923076923077
7615,5.096153846153846
7616,3.701923076923077
7617,1.9903846153846154
7618,2.0
7619,1.8269230769230769
7620,1.6153846153846154
7621,2.5865384615384617
7622,0.9519230769230769
7623,0.75
7624,0.21153846153846154
7625,0.8942307692307693
7626,0.7692307692307693
7627,2.451923076923077
7628,0.07692307692307693
7629,1.8942307692307692
7630,1.3365384615384615
7631,1.2403846153846154
7632,0.3076923076923077
7633,0.41346153846153844
7634,0.4326923076923077
7635,0.3076923076923077
7636,1.1634615384615385
7637,1.5096153846153846
7638,0.8365384615384616
7639,0.6057692307692307
7640,0.8461538461538461
7641,0.6923076923076923
7642,0.6346153846153846
7643,0.6346153846153846
7644,0.7980769230769231
7645,0.6153846153846154
7646,0.5
7647,0.07692307692307693
7648,0.0
7649,0.038461538461538464
7650,0.20192307692307693
7651,0.009615384615384616
7652,0.038461538461538464
7653,0.22115384615384615
7654,0.16346153846153846
7655,0.009615384615384616
7656,6.490384615384615
7657,2.8653846153846154
7658,2.2788461538461537
7659,2.423076923076923
7660,1.3846153846153846
7661,0.6538461538461539
7662,1.0384615384615385
7663,2.2211538461538463
7664,1.9615384615384615
7665,1.8942307692307692
7666,1.6826923076923077
7667,1.9903846153846154
7668,0.6153846153846154
7669,1.0288461538461537
7670,0.9711538461538461
7671,1.1923076923076923
7672,0.375
7673,14.60576923076923
7674,3.5096153846153846
7675,5.3076923076923075
7676,3.201923076923077
7677,8.182692307692308
7678,2.1153846153846154
7679,0.9326923076923077
7680,1.9519230769230769
7681,1.8173076923076923
7682,0.7884615384615384
7683,1.4903846153846154
7684,1.6442307692307692
7685,2.4903846153846154
7686,1.5288461538461537
7687,1.75
7688,1.3076923076923077
7689,1.1634615384615385
7690,1.0865384615384615
7691,1.1826923076923077
7692,0.9326923076923077
7693,0.36538461538461536
7694,3.0576923076923075
7695,3.1826923076923075
7696,1.6826923076923077
7697,1.5865384615384615
7698,1.1923076923076923
7699,1.5769230769230769
7700,2.1153846153846154
7701,1.6538461538461537
7702,1.4519230769230769
7703,1.1538461538461537
7704,0.7788461538461539
7705,0.38461538461538464
7706,0.08653846153846154
7707,0.019230769230769232
7708,0.27884615384615385
7709,0.028846153846153848
7710,0.08653846153846154
7711,0.20192307692307693
7712,0.33653846153846156
7713,0.23076923076923078
7714,4.211538461538462
7715,3.6634615384615383
7716,3.0096153846153846
7717,1.4903846153846154
7718,0.7115384615384616
7719,0.9615384615384616
7720,0.5576923076923077
7721,1.2884615384615385
7722,3.2211538461538463
7723,1.9519230769230769
7724,0.9903846153846154
7725,1.25
7726,0.3076923076923077
7727,0.4519230769230769
7728,0.6346153846153846
7729,0.8942307692307693
7730,0.10576923076923077
7731,7.375
7732,2.3461538461538463
7733,1.0192307692307692
7734,2.9134615384615383
7735,2.673076923076923
7736,1.5288461538461537
7737,2.230769230769231
7738,1.2307692307692308
7739,1.0192307692307692
7740,1.2307692307692308
7741,0.8269230769230769
7742,0.9903846153846154
7743,3.1153846153846154
7744,1.8269230769230769
7745,1.2884615384615385
7746,0.8269230769230769
7747,0.5288461538461539
7748,0.6634615384615384
7749,1.2115384615384615
7750,1.1634615384615385
7751,0.4807692307692308
7752,3.8365384615384617
7753,2.548076923076923
7754,3.0096153846153846
7755,1.3365384615384615
7756,1.3173076923076923
7757,0.625
7758,2.4423076923076925
7759,1.8076923076923077
7760,1.6923076923076923
7761,1.8653846153846154
7762,0.7884615384615384
7763,0.5576923076923077
7764,0.028846153846153848
7765,0.0673076923076923
7766,0.2692307692307692
7767,0.038461538461538464
7768,0.08653846153846154
7769,0.08653846153846154
7770,0.38461538461538464
7771,0.17307692307692307
7772,5.673076923076923
7773,5.6923076923076925
7774,4.0673076923076925
7775,1.9038461538461537
7776,1.3365384615384615
7777,1.0865384615384615
7778,0.7788461538461539
7779,8.307692307692308
7780,3.298076923076923
7781,2.4903846153846154
7782,1.3557692307692308
7783,2.5865384615384617
7784,0.7980769230769231
7785,2.8653846153846154
7786,0.8173076923076923
7787,1.4326923076923077
7788,0.9326923076923077
7789,14.182692307692308
7790,4.846153846153846
7791,6.480769230769231
7792,3.8076923076923075
7793,4.711538461538462
7794,2.576923076923077
7795,2.480769230769231
7796,2.8461538461538463
7797,1.625
7798,0.6634615384615384
7799,1.5865384615384615
7800,2.125
7801,5.663461538461538
7802,2.923076923076923
7803,2.1538461538461537
7804,1.2115384615384615
7805,0.8846153846153846
7806,2.4711538461538463
7807,1.5769230769230769
7808,1.0384615384615385
7809,1.2788461538461537
7810,8.586538461538462
7811,0.08653846153846154
7812,3.355769230769231
7813,2.269230769230769
7814,2.1923076923076925
7815,1.9134615384615385
7816,3.269230769230769
7817,3.2211538461538463
7818,1.7403846153846154
7819,1.3365384615384615
7820,1.2403846153846154
7821,0.75
7822,0.057692307692307696
7823,0.04807692307692308
7824,0.5
7825,0.07692307692307693
7826,0.07692307692307693
7827,0.15384615384615385
7828,0.34615384615384615
7829,0.0
7830,7.086538461538462
7831,1.7884615384615385
7832,1.1057692307692308
7833,0.9326923076923077
7834,1.4807692307692308
7835,1.0961538461538463
7836,0.6153846153846154
7837,4.384615384615385
7838,2.701923076923077
7839,2.2884615384615383
7840,2.144230769230769
7841,2.769230769230769
7842,0.8557692307692307
7843,0.7596153846153846
7844,1.3365384615384615
7845,1.1057692307692308
7846,0.20192307692307693
7847,11.375
7848,5.9423076923076925
7849,2.2115384615384617
7850,5.576923076923077
7851,1.7019230769230769
7852,2.3653846153846154
7853,2.0576923076923075
7854,1.4903846153846154
7855,1.9519230769230769
7856,0.5961538461538461
7857,1.7788461538461537
7858,0.7980769230769231
7859,1.7307692307692308
7860,3.173076923076923
7861,1.1730769230769231
7862,0.8846153846153846
7863,0.20192307692307693
7864,1.2307692307692308
7865,0.4807692307692308
7866,0.6346153846153846
7867,0.8461538461538461
7868,2.6923076923076925
7869,1.7307692307692308
7870,0.9423076923076923
7871,1.9519230769230769
7872,0.8173076923076923
7873,0.36538461538461536
7874,1.1153846153846154
7875,0.6826923076923077
7876,1.4519230769230769
7877,0.6538461538461539
7878,0.3942307692307692
7879,0.5769230769230769
7880,0.15384615384615385
7881,0.028846153846153848
7882,0.36538461538461536
7883,0.3942307692307692
7884,0.04807692307692308
7885,0.1346153846153846
7886,0.3557692307692308
7887,0.04807692307692308
7888,4.971153846153846
7889,2.019230769230769
7890,0.9807692307692307
7891,0.7115384615384616
7892,0.5961538461538461
7893,0.4326923076923077
7894,0.375
7895,3.6538461538461537
7896,1.7692307692307692
7897,1.6346153846153846
7898,1.8846153846153846
7899,1.0096153846153846
7900,2.480769230769231
7901,0.3173076923076923
7902,0.6826923076923077
7903,0.7692307692307693
7904,0.5865384615384616
7905,5.615384615384615
7906,2.8461538461538463
7907,4.6923076923076925
7908,1.5865384615384615
7909,1.0192307692307692
7910,1.625
7911,1.7788461538461537
7912,1.2884615384615385
7913,0.7692307692307693
7914,0.7211538461538461
7915,0.3076923076923077
7916,0.28846153846153844
7917,1.0865384615384615
7918,3.019230769230769
7919,1.5673076923076923
7920,0.3557692307692308
7921,0.7115384615384616
7922,1.7980769230769231
7923,0.9711538461538461
7924,0.7788461538461539
7925,1.3076923076923077
7926,2.25
7927,2.144230769230769
7928,2.2596153846153846
7929,1.1634615384615385
7930,0.8269230769230769
7931,0.6538461538461539
7932,1.3846153846153846
7933,1.2403846153846154
7934,0.46153846153846156
7935,0.5096153846153846
7936,0.5673076923076923
7937,1.1153846153846154
7938,0.04807692307692308
7939,0.14423076923076922
7940,0.09615384615384616
7941,0.04807692307692308
7942,0.08653846153846154
7943,0.0673076923076923
7944,0.33653846153846156
7945,0.25
7946,2.423076923076923
7947,2.3653846153846154
7948,1.8365384615384615
7949,0.5480769230769231
7950,0.6634615384615384
7951,0.27884615384615385
7952,0.5288461538461539
7953,2.1153846153846154
7954,1.5961538461538463
7955,1.125
7956,1.1057692307692308
7957,0.7692307692307693
7958,0.5673076923076923
7959,0.7596153846153846
7960,0.4519230769230769
7961,0.3557692307692308
7962,0.5192307692307693
7963,3.9134615384615383
7964,1.5769230769230769
7965,2.8365384615384617
7966,1.7115384615384615
7967,1.3365384615384615
7968,1.3557692307692308
7969,1.9134615384615385
7970,0.7019230769230769
7971,0.6923076923076923
7972,1.2307692307692308
7973,0.38461538461538464
7974,0.3942307692307692
7975,2.269230769230769
7976,1.4423076923076923
7977,1.7596153846153846
7978,0.4230769230769231
7979,0.3269230769230769
7980,2.0673076923076925
7981,0.9711538461538461
7982,1.0288461538461537
7983,0.28846153846153844
7984,2.375
7985,1.9711538461538463
7986,2.25
7987,1.0480769230769231
7988,1.0
7989,0.6153846153846154
7990,1.0384615384615385
7991,1.1538461538461537
7992,0.5865384615384616
7993,0.49038461538461536
7994,0.625
7995,0.8461538461538461
7996,0.0
7997,0.1346153846153846
7998,0.2980769230769231
7999,0.028846153846153848
8000,0.125
8001,0.0673076923076923
8002,0.23076923076923078
8003,0.0673076923076923
8004,7.721153846153846
8005,2.5961538461538463
8006,2.019230769230769
8007,0.4326923076923077
8008,1.5096153846153846
8009,1.0769230769230769
8010,1.0961538461538463
8011,3.3365384615384617
8012,1.9134615384615385
8013,1.75
8014,1.5961538461538463
8015,1.2115384615384615
8016,2.1153846153846154
8017,0.3269230769230769
8018,1.1057692307692308
8019,0.5961538461538461
8020,2.394230769230769
8021,11.701923076923077
8022,3.4903846153846154
8023,4.5
8024,4.153846153846154
8025,1.2596153846153846
8026,4.701923076923077
8027,0.9326923076923077
8028,1.5
8029,1.3076923076923077
8030,0.9615384615384616
8031,0.5769230769230769
8032,0.20192307692307693
8033,1.7403846153846154
8034,1.9134615384615385
8035,0.4519230769230769
8036,0.25961538461538464
8037,0.22115384615384615
8038,1.2788461538461537
8039,0.46153846153846156
8040,1.125
8041,0.10576923076923077
8042,5.894230769230769
8043,2.0
8044,1.0865384615384615
8045,2.2115384615384617
8046,0.9423076923076923
8047,0.2980769230769231
8048,1.0
8049,0.625
8050,0.6730769230769231
8051,0.49038461538461536
8052,0.6730769230769231
8053,1.2980769230769231
8054,0.019230769230769232
8055,0.028846153846153848
8056,0.28846153846153844
8057,0.16346153846153846
8058,0.019230769230769232
8059,0.0673076923076923
8060,0.3269230769230769
8061,0.038461538461538464
8062,2.7115384615384617
8063,1.7307692307692308
8064,1.0192307692307692
8065,0.8942307692307693
8066,0.6442307692307693
8067,0.8173076923076923
8068,0.4807692307692308
8069,2.5865384615384617
8070,0.8076923076923077
8071,1.4134615384615385
8072,1.6153846153846154
8073,1.0288461538461537
8074,0.6153846153846154
8075,0.21153846153846154
8076,0.36538461538461536
8077,0.47115384615384615
8078,0.5961538461538461
8079,5.413461538461538
8080,4.144230769230769
8081,4.346153846153846
8082,2.451923076923077
8083,1.8653846153846154
8084,1.5288461538461537
8085,2.105769230769231
8086,1.8269230769230769
8087,0.875
8088,1.2788461538461537
8089,0.6057692307692307
8090,0.2980769230769231
8091,1.9903846153846154
8092,2.125
8093,1.25
8094,0.22115384615384615
8095,0.3173076923076923
8096,1.0865384615384615
8097,0.625
8098,0.47115384615384615
8099,0.8173076923076923
8100,4.894230769230769
8101,1.7307692307692308
8102,1.3461538461538463
8103,1.8269230769230769
8104,0.5096153846153846
8105,0.4423076923076923
8106,0.7115384615384616
8107,1.4134615384615385
8108,0.5480769230769231
8109,0.3557692307692308
8110,0.7692307692307693
8111,0.5576923076923077
8112,0.019230769230769232
8113,0.0
8114,0.125
8115,0.28846153846153844
8116,0.08653846153846154
8117,0.04807692307692308
8118,0.21153846153846154
8119,0.11538461538461539
