row_id,demand
0,7.0777565880721225
1,2.4500693481276006
2,1.2455790568654646
3,0.4449549237170597
4,0.7325762829403606
5,0.12387309292649099
6,0.5279993065187241
7,2.2337031900138697
8,1.8346914008321775
9,0.9387135922330097
10,1.5178571428571428
11,1.2167995839112344
12,1.450156033287101
13,0.5011269070735089
14,0.4865638002773925
15,0.09960124826629681
16,0.3528952843273232
17,3.3200416088765605
18,2.5694348127600555
19,0.7305825242718447
20,2.8111130374479885
21,1.0974341192787795
22,1.6594140083217752
23,1.8420596393897364
24,0.814753814147018
25,0.6204056865464632
26,1.1656553398058254
27,0.5886789181692095
28,0.7857142857142857
29,0.9247572815533981
30,2.3194348127600555
31,1.9268377253814146
32,0.5427357836338418
33,0.5135228848821082
34,0.8272364771151179
35,1.5647538141470179
36,1.172763522884882
37,0.4598647711511789
38,1.335384882108183
39,2.3795076282940357
40,1.9639389736477115
41,0.9710471567267684
42,0.6056692094313454
43,0.8420596393897364
44,1.4116678224687933
45,0.20162968099861303
46,0.7786927877947296
47,0.708131067961165
48,0.6959084604715673
49,1.0976074895977808
50,0.19235436893203883
51,0.7012829403606102
52,0.7645631067961165
53,0.4382801664355062
54,0.8595700416088765
55,0.5429091539528432
56,1.3853155339805825
57,1.2684639389736476
58,5.507628294036062
59,1.6885402219140082
60,1.1412968099861303
61,0.5742891816920943
62,0.47720180305131754
63,0.5329403606102635
64,1.3941574202496534
65,2.355235783633842
66,2.231622746185853
67,1.109396671289875
68,0.9611650485436893
69,1.8081657420249653
70,0.4185159500693481
71,0.8737864077669903
72,0.46705963938973644
73,0.445128294036061
74,0.18255894590846045
75,6.185852981969488
76,3.4650658807212205
77,0.35436893203883496
78,2.4874306518724
79,2.124739944521498
80,1.233529819694868
81,2.5452496532593623
82,1.2364771151178917
83,0.5156900138696255
84,0.13618238557558945
85,0.6593273231622747
86,1.1000346740638
87,4.682212205270457
88,0.4577843273231622
89,1.2651699029126213
90,1.0776699029126213
91,1.1604542302357836
92,0.2019764216366158
93,0.38687586685159503
94,0.06310679611650485
95,0.3675450762829403
96,1.1485783633841886
97,1.7837205270457699
98,0.5937066574202496
99,0.3939840499306519
100,0.5618932038834952
101,0.7226941747572816
102,0.6741504854368932
103,0.16990291262135923
104,1.2388176144244105
105,0.40863384188626906
106,0.7129854368932038
107,0.20925797503467405
108,0.0
109,0.5697815533980582
110,1.9771151178918172
111,0.16556865464632453
112,0.29707004160887657
113,0.8496879334257975
114,0.7571948682385575
115,0.299497226074896
116,6.869278779472955
117,1.8558425797503468
118,2.158373786407767
119,2.189753814147018
120,1.574722607489598
121,0.5399618585298197
122,0.8248092926490985
123,2.4700069348127602
124,1.5962205270457699
125,2.0489771151178915
126,1.1577669902912622
127,1.8250693481276006
128,0.3941574202496533
129,0.5448162274618585
130,0.783633841886269
131,0.7541608876560333
132,0.45258321775312066
133,13.694001386962551
134,3.4700069348127602
135,0.8398058252427184
136,3.9698335644937583
137,5.699375866851596
138,1.8078190013869626
139,1.1317614424410543
140,2.4387135922330097
141,1.4306518723994452
142,0.5644070735090153
143,1.177617891816921
144,1.2506067961165048
145,1.6490117891816922
146,0.9316920943134535
147,1.3626907073509016
148,1.2408980582524272
149,0.990638002773925
150,0.7834604715672677
151,1.3802011095700417
152,1.3334778085991679
153,0.27981969486823854
154,1.946341886269071
155,2.963852288488211
156,2.270891123439667
157,0.919382801664355
158,0.712638696255201
159,1.4890776699029127
160,1.7835471567267684
161,0.33278432732316227
162,1.041348821081831
163,0.800624133148405
164,0.7642163661581136
165,0.3819348127600555
166,0.8960644937586685
167,0.5649271844660194
168,1.9649791955617202
169,0.33113730929264906
170,0.9788488210818309
171,0.9446081830790568
172,1.9673196948682385
173,0.6208391123439667
174,6.942180998613037
175,3.910454230235783
176,2.6327149791955615
177,1.3236823855755895
178,1.2387309292649098
179,0.7933425797503466
180,1.2898751733703189
181,1.691660887656033
182,2.8885228848821085
183,1.8030513176144243
184,0.978502080443828
185,2.195561719833565
186,0.46489251040221913
187,1.3486477115117892
188,0.9735610263522885
189,0.8713592233009708
190,0.26534327323162277
191,8.559812760055479
192,2.5845180305131765
193,0.1553398058252427
194,4.420683079056865
195,6.5781033287101245
196,1.7205270457697641
197,1.7006761442441054
198,1.8694521497919556
199,0.7494798890429959
200,0.9026525658807213
201,1.0830443828016643
202,1.277739251040222
203,2.0637135922330097
204,1.240984743411928
205,0.7096047156726768
206,0.6908807212205271
207,0.6377427184466019
208,0.6128640776699029
209,2.0669209431345354
210,1.3994452149791956
211,0.4575242718446602
212,2.8027045769764216
213,2.11000346740638
214,2.2095180305131765
215,1.0781033287101247
216,1.1096567267683772
217,0.6132108183079057
218,1.430391816920943
219,0.3859223300970874
220,1.7376040221914009
221,1.5598994452149793
222,0.7153259361997226
223,0.3576629680998613
224,0.40664008321775313
225,0.6574202496532593
226,2.2571081830790565
227,0.2167128987517337
228,0.4602115117891816
229,0.39684466019417475
230,1.3561026352288488
231,1.0761962552011097
232,4.2432385575589455
233,4.518550624133149
234,4.407766990291262
235,1.4037794729542301
236,1.2654299583911235
237,0.4595180305131762
238,0.8369452149791956
239,9.43507281553398
240,3.338505547850208
241,2.7397711511789185
242,0.5905859916782248
243,2.3672850208044385
244,0.5863384188626907
245,4.558425797503467
246,1.1219660194174756
247,1.3408460471567267
248,0.9807558945908461
249,15.788921636615811
250,3.9218966712898755
251,1.1844660194174756
252,3.6480582524271847
253,4.098040915395285
254,1.924410540915395
255,2.774185159500693
256,4.246792649098475
257,1.3308772538141471
258,0.11893203883495146
259,1.5426490984743413
260,0.570995145631068
261,3.738297503467406
262,2.233009708737864
263,0.3713592233009709
264,2.027392510402219
265,0.6592406380027739
266,3.4412274618585297
267,2.3729195561719836
268,0.4717406380027739
269,0.9971393897364771
270,6.264129680998614
271,1.4925450762829404
272,3.0874653259361997
273,2.9472087378640777
274,2.068481276005548
275,1.8248959778085991
276,2.4526699029126213
277,0.7165395284327323
278,1.5256588072122053
279,0.9466886269070737
280,1.034240638002774
281,0.5447295423023578
282,0.5405686546463245
283,0.9301317614424409
284,3.59873439667129
285,0.20449029126213591
286,0.6428571428571428
287,1.3950242718446602
288,2.1790915395284327
289,0.0
290,7.975294729542303
291,2.170509708737864
292,1.2897884882108184
293,1.2973300970873787
294,1.8713592233009708
295,0.9559639389736476
296,0.8713592233009708
297,3.0270457697642166
298,2.7740117891816922
299,2.172850208044383
300,2.6791782246879334
301,2.5722087378640777
302,0.49393203883495146
303,0.8030513176144244
304,1.8644244105409156
305,0.9149618585298197
306,0.20440360610263522
307,18.124133148404994
308,6.407420249653259
309,0.5
310,5.0375346740638
311,2.197988904299584
312,2.1506588072122055
313,1.7936026352288488
314,2.273231622746186
315,1.150745492371706
316,0.7496532593619971
317,1.3261962552011095
318,0.7470527045769765
319,1.9274445214979194
320,1.9902912621359223
321,0.4498092926490985
322,1.022018030513176
323,0.12161927877947296
324,0.8808079056865465
325,0.6230062413314841
326,0.17987170596393898
327,0.6132108183079057
328,1.7540742024965326
329,0.94625520110957
330,1.180391816920943
331,1.920249653259362
332,0.5499306518723994
333,0.2431518723994452
334,0.7274618585298197
335,0.14580443828016643
336,1.4649791955617197
337,0.7031033287101248
338,0.42337031900138694
339,0.6302011095700417
340,1.3319174757281553
341,0.29464285714285715
342,3.752167128987518
343,3.0363210818307906
344,0.3335644937586685
345,0.542995839112344
346,2.38124133148405
347,0.16799583911234395
348,8.762916088765603
349,2.4313453536754506
350,1.1947815533980584
351,0.9370665742024966
352,0.8103328710124826
353,0.45015603328710124
354,0.8177877947295422
355,2.824375866851595
356,2.1073162274618586
357,2.3124133148404993
358,1.7641296809986131
359,0.6836858529819695
360,2.294469486823856
361,0.3820214979195562
362,0.5009535367545076
363,0.8783807212205271
364,0.669382801664355
365,7.586165048543689
366,3.918429264909848
367,0.8907766990291263
368,2.0979542302357834
369,1.2874479889042996
370,2.733183079056866
371,1.6205790568654646
372,0.22815533980582525
373,0.7250346740638003
374,1.7794729542302359
375,0.5014736477115117
376,0.9811026352288487
377,1.0950936199722607
378,2.1505721220527043
379,1.2261615811373092
380,0.6448509015256587
381,0.5208044382801664
382,1.259882108183079
383,2.3654646324549238
384,1.129160887656033
385,1.7790395284327323
386,1.8394590846047156
387,1.8565360610263524
388,2.3239424410540916
389,1.1191920943134535
390,0.30634535367545074
391,0.7227808599167822
392,1.3724861303744798
393,0.31319348127600555
394,0.6376560332871012
395,0.3137135922330097
396,0.7837205270457699
397,0.8927704576976422
398,0.6160714285714286
399,1.4829230235783633
400,1.7799063800277395
401,0.6477115117891816
402,1.6777045769764218
403,0.4674930651872399
404,2.0987343966712895
405,1.5680478502080444
406,2.026612343966713
407,1.571341886269071
408,1.8419729542302359
409,0.4135748959778086
410,0.37447988904299584
411,0.34049930651872395
412,0.42076976421636614
413,0.9728675450762829
414,1.2483529819694867
415,0.8564493758668515
416,1.3089459084604718
417,0.7419382801664355
418,0.8322642163661582
419,0.3184812760055479
420,0.5597260748959777
421,0.20899791955617197
422,0.2846740638002774
423,3.961338418862691
424,1.4940187239944522
425,0.5024271844660194
426,1.0632801664355063
427,1.3454403606102636
428,1.5403085991678225
429,1.6445908460471568
430,0.14320388349514562
431,0.4840499306518724
432,1.3749133148404993
433,0.38687586685159503
434,0.34552704576976423
435,3.7196601941747574
436,0.841626213592233
437,0.7007628294036061
438,0.7059639389736476
439,0.3065187239944521
440,0.3907766990291262
441,1.4165221914008321
442,0.6179785020804438
443,0.13375520110957004
444,2.0830443828016643
445,1.3965846047156727
446,2.6599341192787795
447,0.67874479889043
448,0.5253987517337032
449,0.6157246879334257
450,0.9537968099861304
451,0.29403606102635227
452,0.6717233009708737
453,0.4452149791955617
454,0.669122746185853
455,0.6081830790568654
456,0.13878294036061026
457,0.8936373092926491
458,2.132888349514563
459,0.2556345353675451
460,0.5673543689320388
461,0.3505547850208044
462,0.8740464632454924
463,0.2872746185852982
464,4.671549930651873
465,3.2755721220527048
466,2.270371012482663
467,0.43802011095700416
468,1.8081657420249653
469,1.8425797503467407
470,0.8100728155339806
471,5.11875866851595
472,2.28502080443828
473,2.1044556171983357
474,1.1871532593619973
475,1.1728502080443826
476,2.7718446601941746
477,0.2821601941747573
478,0.8271497919556172
479,0.3502080443828016
480,2.0758495145631066
481,16.77895284327323
482,2.86875866851595
483,0.8058252427184466
484,3.8372919556171983
485,1.4718273231622747
486,4.586858529819695
487,0.9927184466019418
488,0.9558772538141471
489,1.1826456310679612
490,1.3360783633841886
491,0.30400485436893204
492,0.3919036061026352
493,2.214112343966713
494,3.5901525658807216
495,0.2285887656033287
496,0.338245492371706
497,0.30400485436893204
498,1.6474514563106797
499,0.8274965325936199
500,1.4334257975034674
501,0.22642163661581136
502,3.935852981969487
503,2.0436026352288486
504,1.708651178918169
505,1.8664181692094313
506,1.2436719833564494
507,0.4160887656033287
508,0.625260055478502
509,0.12378640776699029
510,0.40620665742024964
511,0.45258321775312066
512,0.6230929264909847
513,1.240984743411928
514,0.27028432732316227
515,0.2167128987517337
516,2.2230409153952846
517,1.8821948682385576
518,0.24835298196948685
519,0.34084604715672673
520,2.420162968099861
521,0.1875
522,2.4958391123439667
523,1.7008495145631068
524,0.9707004160887656
525,0.6740638002773924
526,1.1000346740638
527,0.9319521497919556
528,0.6399098474341194
529,3.979889042995839
530,1.796116504854369
531,1.9395804438280166
532,1.1897538141470179
533,1.516383495145631
534,0.4037794729542302
535,0.3163141470180305
536,0.6304611650485437
537,0.17024965325936198
538,0.28944174757281554
539,12.062153259361997
540,2.9928051317614424
541,0.9101941747572816
542,2.9181692094313454
543,2.891816920943134
544,1.4257975034674064
545,1.3772538141470179
546,1.8398058252427185
547,0.7566747572815534
548,1.2433252427184467
549,0.8346047156726768
550,0.27739251040221913
551,2.114771151178918
552,2.070648404993065
553,0.6734570041608876
554,0.30660540915395285
555,0.22122052704576978
556,0.7685506241331485
557,1.3435332871012484
558,0.40143897364771153
559,1.100121359223301
560,4.869538834951456
561,1.486910540915395
562,1.6890603328710125
563,1.1607142857142856
564,0.13358183079056865
565,0.43559292649098474
566,0.679004854368932
567,1.779386269070735
568,0.5768030513176144
569,0.2991504854368932
570,0.4597780859916782
571,0.3356449375866851
572,0.13635575589459084
573,0.08278432732316227
574,1.8481276005547849
575,2.140256588072122
576,0.5454230235783634
577,0.33113730929264906
578,0.6744105409153952
579,0.5794902912621359
580,7.149381868131869
581,2.5257554945054945
582,1.2252747252747254
583,0.4381868131868132
584,0.7675137362637363
585,0.12293956043956045
586,0.570054945054945
587,2.2142857142857144
588,1.840315934065934
589,0.875
590,1.3447802197802197
591,1.2194368131868132
592,1.3914835164835164
593,0.5164835164835164
594,0.44917582417582413
595,0.1253434065934066
596,0.33791208791208793
597,3.364010989010989
598,2.6380494505494507
599,0.6009615384615384
600,2.8791208791208787
601,1.1119505494505493
602,1.643543956043956
603,1.8550824175824174
604,0.7853708791208791
605,0.630837912087912
606,1.1201923076923077
607,0.5748626373626373
608,0.6775412087912087
609,0.90625
610,2.462568681318681
611,1.7005494505494505
612,0.5322802197802197
613,0.49107142857142855
614,0.825206043956044
615,1.5714285714285714
616,1.2180631868131868
617,0.4684065934065934
618,1.2324862637362637
619,2.4361263736263736
620,1.9244505494505495
621,0.9742445054945055
622,0.5989010989010989
623,0.8406593406593406
624,1.4313186813186813
625,0.1978021978021978
626,0.7675137362637363
627,0.7019230769230769
628,0.6991758241758241
629,1.088598901098901
630,0.1875
631,0.706043956043956
632,0.7740384615384616
633,0.43337912087912084
634,0.8787774725274725
635,0.5281593406593407
636,1.3509615384615385
637,1.2654532967032965
638,5.544642857142858
639,1.6771978021978022
640,1.1366758241758241
641,0.5731456043956044
642,0.4601648351648351
643,0.5872252747252746
644,1.3307005494505495
645,2.2462225274725274
646,2.145947802197802
647,1.1593406593406594
648,0.8822115384615384
649,1.716002747252747
650,0.40075549450549447
651,0.9230769230769231
652,0.4728708791208791
653,0.4100274725274725
654,0.17994505494505492
655,6.132898351648352
656,3.400068681318681
657,0.33653846153846156
658,2.5271291208791213
659,2.2225274725274726
660,1.2160027472527473
661,2.4893543956043955
662,1.2901785714285714
663,0.4996565934065934
664,0.12603021978021978
665,0.6071428571428572
666,1.0958104395604393
667,4.469436813186813
668,0.46497252747252743
669,1.1754807692307692
670,1.1129807692307692
671,1.0707417582417582
672,0.18715659340659338
673,0.4292582417582418
674,0.0889423076923077
675,0.40075549450549447
676,1.1342719780219779
677,1.806662087912088
678,0.5851648351648351
679,0.3660714285714286
680,0.5649038461538461
681,0.7644230769230769
682,0.6778846153846154
683,0.13701923076923078
684,1.2345467032967035
685,0.40487637362637363
686,0.7019230769230769
687,0.1919642857142857
688,0.0
689,0.5721153846153846
690,1.9718406593406597
691,0.1703296703296703
692,0.29945054945054944
693,0.8540521978021979
694,0.742445054945055
695,0.29945054945054944
696,6.720123626373627
697,1.7005494505494505
698,2.074519230769231
699,2.196428571428571
700,1.5796703296703298
701,0.554945054945055
702,0.8396291208791209
703,2.3787774725274726
704,1.5446428571428572
705,2.0594093406593403
706,1.0480769230769231
707,1.8238324175824174
708,0.38839285714285715
709,0.6078296703296704
710,0.8616071428571428
711,0.6871565934065934
712,0.4251373626373626
713,13.732486263736263
714,3.37396978021978
715,0.7475961538461539
716,4.039148351648351
717,5.542239010989012
718,1.8348214285714286
719,1.0628434065934067
720,2.4447115384615383
721,1.3550824175824174
722,0.5460164835164836
723,1.1219093406593406
724,1.2091346153846154
725,1.6239697802197803
726,0.9481456043956044
727,1.424793956043956
728,1.2211538461538463
729,0.9821428571428571
730,0.7335164835164836
731,1.446085164835165
732,1.3331043956043955
733,0.2960164835164835
734,1.8956043956043955
735,2.7774725274725274
736,2.243818681318681
737,0.896978021978022
738,0.693337912087912
739,1.4230769230769231
740,1.6593406593406594
741,0.34237637362637363
742,0.9450549450549453
743,0.8063186813186812
744,0.818337912087912
745,0.4072802197802198
746,0.8911401098901098
747,0.5697115384615384
748,1.979052197802198
749,0.34546703296703296
750,0.9979395604395606
751,0.9680631868131868
752,1.9354395604395604
753,0.6133241758241759
754,7.095467032967033
755,4.0370879120879115
756,2.564217032967033
757,1.380837912087912
758,1.2317994505494505
759,0.8592032967032966
760,1.2613324175824174
761,1.651098901098901
762,2.8925137362637363
763,1.8255494505494505
764,0.9508928571428571
765,2.087225274725275
766,0.47149725274725274
767,1.3355082417582418
768,0.8880494505494506
769,0.875
770,0.2723214285714286
771,8.667239010989011
772,2.5078983516483517
773,0.18509615384615385
774,4.435782967032967
775,6.631524725274725
776,1.710164835164835
777,1.722870879120879
778,1.9419642857142858
779,0.7431318681318682
780,0.8883928571428572
781,1.1294642857142856
782,1.3021978021978022
783,2.074519230769231
784,1.2527472527472527
785,0.40006868131868134
786,0.6600274725274726
787,0.6586538461538461
788,0.5096153846153846
789,2.1449175824175826
790,1.3853021978021978
791,0.4375
792,2.5789835164835164
793,2.0944368131868134
794,2.2675137362637363
795,1.1219093406593406
796,1.04739010989011
797,0.5927197802197803
798,1.3853021978021978
799,0.33653846153846156
800,1.7321428571428572
801,1.5425824175824174
802,0.6871565934065934
803,0.3447802197802198
804,0.4065934065934066
805,0.6476648351648351
806,2.256524725274725
807,0.21428571428571427
808,0.48420329670329665
809,0.3870192307692308
810,1.3554258241758241
811,1.087912087912088
812,4.230425824175824
813,4.655219780219781
814,4.4639423076923075
815,1.440934065934066
816,1.301510989010989
817,0.4790521978021978
818,0.779532967032967
819,9.192307692307692
820,3.228021978021978
821,2.7142857142857144
822,0.5343406593406594
823,2.241071428571429
824,0.5848214285714286
825,4.697802197802198
826,1.1274038461538463
827,1.29739010989011
828,0.9526098901098902
829,15.214285714285714
830,3.822802197802198
831,1.2091346153846154
832,3.6658653846153846
833,4.186469780219781
834,1.8279532967032965
835,2.98282967032967
836,4.04739010989011
837,1.3059752747252746
838,0.1346153846153846
839,1.4910714285714286
840,0.5961538461538461
841,3.595467032967033
842,2.144230769230769
843,0.42788461538461536
844,2.009958791208791
845,0.7438186813186812
846,3.45467032967033
847,2.450892857142857
848,0.5851648351648351
849,0.9333791208791209
850,6.1304945054945055
851,1.5065247252747251
852,2.884958791208791
853,2.829326923076923
854,2.0309065934065935
855,1.7173763736263736
856,2.3197115384615383
857,0.7087912087912088
858,1.5824175824175826
859,1.0171703296703298
860,1.1116071428571428
861,0.532967032967033
862,0.5429258241758241
863,0.917925824175824
864,3.605082417582418
865,0.18990384615384615
866,0.6452609890109889
867,1.3557692307692308
868,2.1349587912087915
869,0.0
870,8.14010989010989
871,2.2163461538461537
872,1.2633928571428572
873,1.3293269230769231
874,1.8413461538461537
875,0.9144917582417582
876,0.9423076923076923
877,2.9412774725274726
878,2.758585164835165
879,2.2760989010989015
880,2.553571428571429
881,2.46875
882,0.5096153846153846
883,0.8231456043956044
884,1.8595467032967035
885,0.898695054945055
886,0.20638736263736263
887,18.25618131868132
888,6.4120879120879115
889,0.47596153846153844
890,5.1510989010989015
891,2.255494505494506
892,2.1713598901098905
893,1.7544642857142856
894,2.2939560439560442
895,1.1644917582417582
896,0.7317994505494505
897,1.2874313186813187
898,0.7527472527472527
899,1.9529532967032965
900,2.112980769230769
901,0.5078983516483517
902,1.0078983516483517
903,0.17410714285714285
904,0.9124313186813188
905,0.657967032967033
906,0.18853021978021978
907,0.6071428571428572
908,1.7637362637362637
909,0.9481456043956044
910,1.1353021978021978
911,1.900412087912088
912,0.5752060439560439
913,0.18921703296703296
914,0.7616758241758241
915,0.1617445054945055
916,1.4381868131868132
917,0.6771978021978022
918,0.41277472527472525
919,0.5903159340659341
920,1.3317307692307692
921,0.2970467032967033
922,3.720123626373627
923,3.040521978021978
924,0.33104395604395603
925,0.5501373626373626
926,2.366071428571429
927,0.16311813186813184
928,8.74587912087912
929,2.5212912087912085
930,1.2067307692307692
931,0.9694368131868132
932,0.7654532967032966
933,0.43956043956043955
934,0.8070054945054945
935,2.823489010989011
936,2.0645604395604398
937,2.2977335164835164
938,1.7747252747252746
939,0.657967032967033
940,2.257898351648352
941,0.3595467032967033
942,0.41964285714285715
943,0.8162774725274726
944,0.6926510989010989
945,7.586538461538462
946,4.042239010989012
947,0.84375
948,2.145260989010989
949,1.2637362637362637
950,2.729052197802198
951,1.5594093406593406
952,0.2692307692307692
953,0.696771978021978
954,1.7706043956043958
955,0.5082417582417582
956,0.980425824175824
957,1.1483516483516483
958,2.134958791208791
959,1.299793956043956
960,0.6315247252747253
961,0.5511675824175823
962,1.23385989010989
963,2.2627060439560442
964,1.0813873626373625
965,1.7208104395604393
966,1.7894917582417582
967,1.8787774725274726
968,2.2352335164835164
969,1.097184065934066
970,0.34100274725274726
971,0.7118818681318682
972,1.3145604395604393
973,0.2335164835164835
974,0.6102335164835164
975,0.30528846153846156
976,0.8114697802197803
977,0.8660714285714286
978,0.6160714285714286
979,1.4828296703296702
980,1.7963598901098903
981,0.6692994505494505
982,1.6727335164835166
983,0.46497252747252743
984,2.1050824175824174
985,1.5676510989010988
986,1.9876373626373625
987,1.650412087912088
988,1.7706043956043955
989,0.42685439560439564
990,0.37774725274725274
991,0.2864010989010989
992,0.364010989010989
993,0.9862637362637363
994,1.2819368131868132
995,0.8640109890109889
996,1.2455357142857144
997,0.7276785714285714
998,0.7994505494505495
999,0.3049450549450549
1000,0.5563186813186812
1001,0.12362637362637362
1002,0.3368818681318681
1003,3.9862637362637363
1004,1.567651098901099
1005,0.5625
1006,1.0944368131868132
1007,1.3131868131868132
1008,1.5467032967032965
1009,1.558379120879121
1010,0.15625
1011,0.4296016483516483
1012,1.3626373626373625
1013,0.39560439560439564
1014,0.3447802197802198
1015,3.7596153846153846
1016,0.8605769230769231
1017,0.8025412087912087
1018,0.7317994505494505
1019,0.2767857142857143
1020,0.42788461538461536
1021,1.412087912087912
1022,0.6092032967032966
1023,0.13083791208791207
1024,2.071771978021978
1025,1.4196428571428572
1026,2.6095467032967035
1027,0.6624313186813188
1028,0.4996565934065934
1029,0.612293956043956
1030,0.8962912087912087
1031,0.3715659340659341
1032,0.6754807692307693
1033,0.4608516483516483
1034,0.6411401098901098
1035,0.5679945054945055
1036,0.13392857142857142
1037,0.8983516483516483
1038,2.0985576923076925
1039,0.2530906593406594
1040,0.5721153846153846
1041,0.34546703296703296
1042,0.8712225274725275
1043,0.28708791208791207
1044,4.8286401098901095
1045,3.26717032967033
1046,2.273008241758242
1047,0.44917582417582413
1048,1.7953296703296702
1049,1.9100274725274726
1050,0.78125
1051,5.09065934065934
1052,2.2493131868131866
1053,2.0916895604395602
1054,1.145260989010989
1055,1.1318681318681318
1056,2.7572115384615383
1057,0.2644230769230769
1058,0.8296703296703297
1059,0.2912087912087912
1060,2.0913461538461537
1061,16.932005494505493
1062,2.8719093406593403
1063,0.9038461538461539
1064,3.8938873626373622
1065,1.3451236263736264
1066,4.565247252747253
1067,0.9471153846153846
1068,0.9261675824175825
1069,1.2548076923076923
1070,1.355425824175824
1071,0.3245192307692308
1072,0.3794642857142857
1073,2.2496565934065935
1074,3.578296703296704
1075,0.31902472527472525
1076,0.3279532967032967
1077,0.19951923076923078
1078,1.7043269230769231
1079,0.8214285714285714
1080,1.5078983516483517
1081,0.22390109890109888
1082,4.0367445054945055
1083,1.8722527472527473
1084,1.7111950549450547
1085,1.8145604395604393
1086,1.2393543956043958
1087,0.37671703296703296
1088,0.6596840659340659
1089,0.11538461538461539
1090,0.3760302197802198
1091,0.4419642857142857
1092,0.6462912087912087
1093,1.2287087912087913
1094,0.26785714285714285
1095,0.21668956043956042
1096,2.2369505494505497
1097,1.9035027472527473
1098,0.2410714285714286
1099,0.33825549450549447
1100,2.400068681318681
1101,0.1875
1102,2.618131868131868
1103,1.6274038461538463
1104,0.9945054945054945
1105,0.6607142857142857
1106,1.0813873626373625
1107,0.9419642857142857
1108,0.5999313186813188
1109,3.9347527472527473
1110,1.7403846153846154
1111,1.9337225274725274
1112,1.237293956043956
1113,1.4423076923076923
1114,0.39285714285714285
1115,0.31078296703296704
1116,0.6177884615384616
1117,0.19127747252747251
1118,0.30528846153846156
1119,12.183722527472527
1120,2.822458791208791
1121,0.8701923076923077
1122,3.021978021978022
1123,2.9608516483516483
1124,1.39114010989011
1125,1.4031593406593406
1126,1.8028846153846154
1127,0.7740384615384616
1128,1.2019230769230769
1129,0.7991071428571428
1130,0.25274725274725274
1131,2.0916895604395602
1132,2.0659340659340657
1133,0.665521978021978
1134,0.29395604395604397
1135,0.23695054945054944
1136,0.8162774725274726
1137,1.3248626373626375
1138,0.44368131868131866
1139,1.15625
1140,4.730769230769231
1141,1.4481456043956042
1142,1.667239010989011
1143,1.1847527472527473
1144,0.11572802197802198
1145,0.4419642857142857
1146,0.6418269230769231
1147,1.784684065934066
1148,0.5710851648351649
1149,0.25240384615384615
1150,0.46325549450549447
1151,0.3224587912087912
1152,0.13633241758241757
1153,0.08516483516483515
1154,1.8719093406593403
1155,2.1277472527472527
1156,0.5429258241758241
1157,0.3406593406593406
1158,0.6668956043956044
1159,0.5985576923076923
1160,7.14217032967033
1161,2.439217032967033
1162,1.2012362637362637
1163,0.46703296703296704
1164,0.7867445054945055
1165,0.16140109890109888
1166,0.5315934065934066
1167,2.1902472527472527
1168,1.8475274725274726
1169,0.7668269230769231
1170,1.366414835164835
1171,1.2122252747252746
1172,1.4083104395604393
1173,0.4828296703296703
1174,0.43956043956043955
1175,0.11572802197802198
1176,0.3186813186813187
1177,3.397664835164835
1178,2.53228021978022
1179,0.8293269230769231
1180,2.8478708791208787
1181,1.0326236263736264
1182,1.6195054945054945
1183,1.8046016483516483
1184,0.7469093406593406
1185,0.6452609890109889
1186,1.1370192307692308
1187,0.5123626373626373
1188,0.6727335164835164
1189,0.9110576923076923
1190,2.455357142857143
1191,1.7894917582417582
1192,0.5731456043956044
1193,0.5054945054945055
1194,0.8540521978021978
1195,1.6844093406593406
1196,1.1050824175824174
1197,0.4515796703296703
1198,1.2613324175824174
1199,2.289491758241758
1200,1.9244505494505495
1201,0.9526098901098902
1202,0.5989010989010989
1203,0.814217032967033
1204,1.4000686813186813
1205,0.1833791208791209
1206,0.7434752747252747
1207,0.7403846153846154
1208,0.7087912087912087
1209,1.0741758241758241
1210,0.19471153846153846
1211,0.7012362637362637
1212,0.7788461538461539
1213,0.435782967032967
1214,0.8739697802197802
1215,0.532967032967033
1216,1.3461538461538463
1217,1.2486263736263736
1218,5.554258241758243
1219,1.70364010989011
1220,1.122252747252747
1221,0.5683379120879121
1222,0.47218406593406587
1223,0.5776098901098901
1224,1.496565934065934
1225,2.1212225274725274
1226,2.0978708791208787
1227,1.1256868131868132
1228,0.9495192307692308
1229,1.6799450549450547
1230,0.40796703296703296
1231,0.8653846153846154
1232,0.4296016483516483
1233,0.41243131868131866
1234,0.18956043956043955
1235,6.1929945054945055
1236,3.455357142857143
1237,0.34375
1238,2.5343406593406597
1239,2.2032967032967035
1240,1.1775412087912087
1241,2.3907967032967035
1242,1.268543956043956
1243,0.5140796703296703
1244,0.13324175824175824
1245,0.6528159340659341
1246,1.0621565934065933
1247,4.531936813186813
1248,0.46256868131868123
1249,1.2524038461538463
1250,1.0480769230769231
1251,1.0995879120879122
1252,0.20398351648351648
1253,0.448489010989011
1254,0.036057692307692304
1255,0.37671703296703296
1256,1.1559065934065933
1257,1.7321428571428572
1258,0.5659340659340659
1259,0.3756868131868132
1260,0.5721153846153846
1261,0.7692307692307692
1262,0.6899038461538461
1263,0.11538461538461539
1264,1.2393543956043958
1265,0.34958791208791207
1266,0.6754807692307693
1267,0.2015796703296703
1268,0.0
1269,0.5649038461538461
1270,1.979052197802198
1271,0.16311813186813184
1272,0.3018543956043956
1273,0.8276098901098902
1274,0.7376373626373626
1275,0.3186813186813187
1276,6.686469780219781
1277,1.7967032967032965
1278,2.074519230769231
1279,2.1074862637362637
1280,1.6686126373626375
1281,0.4732142857142857
1282,0.7723214285714286
1283,2.349931318681319
1284,1.4725274725274726
1285,2.0281593406593403
1286,0.9543269230769231
1287,1.7613324175824174
1288,0.34993131868131866
1289,0.6102335164835164
1290,0.7942994505494505
1291,0.6919642857142857
1292,0.44436813186813184
1293,13.929601648351648
1294,3.4653159340659343
1295,0.7283653846153846
1296,4.019917582417582
1297,5.609546703296704
1298,1.839629120879121
1299,1.0916895604395607
1300,2.4134615384615383
1301,1.393543956043956
1302,0.5123626373626373
1303,1.0930631868131868
1304,1.2596153846153846
1305,1.6095467032967035
1306,0.9625686813186812
1307,1.4296016483516483
1308,1.1658653846153846
1309,1.059065934065934
1310,0.7671703296703297
1311,1.5061813186813189
1312,1.4220467032967035
1313,0.30322802197802196
1314,1.854739010989011
1315,2.7630494505494507
1316,2.21978021978022
1317,0.8921703296703296
1318,0.6837225274725274
1319,1.3942307692307692
1320,1.7410714285714286
1321,0.33035714285714285
1322,0.9763049450549453
1323,0.8111263736263736
1324,0.8015109890109889
1325,0.4192994505494505
1326,0.8911401098901098
1327,0.5649038461538461
1328,1.9742445054945057
1329,0.33104395604395603
1330,0.9787087912087913
1331,0.956043956043956
1332,1.9811126373626373
1333,0.6301510989010989
1334,7.023351648351648
1335,4.1308379120879115
1336,2.6699862637362637
1337,1.364010989010989
1338,1.190934065934066
1339,0.8111263736263736
1340,1.2589285714285714
1341,1.6414835164835164
1342,2.9069368131868134
1343,1.7173763736263736
1344,0.9725274725274725
1345,2.1377060439560442
1346,0.43543956043956045
1347,1.3475274725274726
1348,0.8904532967032968
1349,0.8269230769230769
1350,0.2723214285714286
1351,8.852335164835164
1352,2.6280906593406597
1353,0.22596153846153846
1354,4.418956043956044
1355,6.55940934065934
1356,1.6332417582417582
1357,1.5618131868131868
1358,1.915521978021978
1359,0.7671703296703297
1360,0.8932005494505495
1361,1.0717719780219779
1362,1.2396978021978022
1363,2.170673076923077
1364,1.2671703296703298
1365,0.489010989010989
1366,0.6576236263736264
1367,0.625
1368,0.5432692307692308
1369,2.1328983516483517
1370,1.4550137362637363
1371,0.4591346153846154
1372,2.7063873626373622
1373,2.1208791208791213
1374,2.1737637362637363
1375,1.0762362637362637
1376,1.0738324175824174
1377,0.619162087912088
1378,1.387706043956044
1379,0.3629807692307692
1380,1.7706043956043955
1381,1.5233516483516483
1382,0.7256181318681318
1383,0.332760989010989
1384,0.4017857142857143
1385,0.6500686813186812
1386,2.2541208791208787
1387,0.21668956043956042
1388,0.46256868131868123
1389,0.3942307692307692
1390,1.3361950549450547
1391,1.0782967032967035
1392,4.396291208791209
1393,4.441277472527473
1394,4.5625
1395,1.4241071428571428
1396,1.2918956043956045
1397,0.5054945054945055
1398,0.8035714285714286
1399,9.067307692307692
1400,3.1535027472527473
1401,2.707074175824176
1402,0.4790521978021978
1403,2.1713598901098905
1404,0.5703983516483516
1405,4.938186813186813
1406,1.125
1407,1.2469093406593406
1408,0.9381868131868132
1409,15.639766483516482
1410,3.664148351648352
1411,1.2115384615384615
1412,3.6658653846153846
1413,4.0566620879120885
1414,1.832760989010989
1415,2.682348901098901
1416,4.309409340659341
1417,1.339629120879121
1418,0.15384615384615385
1419,1.4910714285714286
1420,0.49278846153846156
1421,3.833447802197802
1422,2.0865384615384617
1423,0.43509615384615385
1424,2.0003434065934065
1425,0.5923763736263736
1426,3.572458791208791
1427,2.325892857142857
1428,0.6019917582417582
1429,0.935782967032967
1430,5.9309752747252755
1431,1.4632554945054945
1432,2.894574175824176
1433,2.8461538461538463
1434,2.0357142857142856
1435,1.7317994505494505
1436,2.4591346153846154
1437,0.665521978021978
1438,1.558379120879121
1439,0.9690934065934067
1440,1.082760989010989
1441,0.4921016483516483
1442,0.5477335164835164
1443,0.9155219780219779
1444,3.5834478021978025
1445,0.19230769230769232
1446,0.6548763736263735
1447,1.3389423076923077
1448,2.1229395604395607
1449,0.0
1450,8.094436813186814
1451,2.0576923076923075
1452,1.3258928571428572
1453,1.3677884615384615
1454,1.8125
1455,0.9289148351648351
1456,0.90625
1457,2.931662087912088
1458,2.700892857142857
1459,2.0958104395604398
1460,2.5006868131868134
1461,2.4759615384615383
1462,0.5192307692307692
1463,0.8303571428571428
1464,1.8331043956043958
1465,0.8434065934065934
1466,0.18475274725274723
1467,18.388392857142858
1468,6.460164835164835
1469,0.4495192307692308
1470,5.304945054945055
1471,2.243475274725275
1472,2.1569368131868134
1473,1.7424450549450547
1474,2.2530906593406597
1475,1.1813186813186813
1476,0.7510302197802197
1477,1.2970467032967035
1478,0.7311126373626373
1479,2.00103021978022
1480,2.1658653846153846
1481,0.512706043956044
1482,1.0824175824175826
1483,0.12122252747252746
1484,0.8811813186813188
1485,0.6531593406593406
1486,0.22218406593406592
1487,0.6143543956043956
1488,1.7949862637362637
1489,0.912087912087912
1490,1.1473214285714286
1491,1.934065934065934
1492,0.5824175824175823
1493,0.20844780219780218
1494,0.7063873626373627
1495,0.1617445054945055
1496,1.4718406593406594
1497,0.6483516483516483
1498,0.47046703296703296
1499,0.5831043956043956
1500,1.3341346153846154
1501,0.29464285714285715
1502,3.7417582417582422
1503,3.026098901098901
1504,0.3262362637362637
1505,0.5501373626373626
1506,2.366071428571429
1507,0.16552197802197802
1508,8.74587912087912
1509,2.384271978021978
1510,1.2355769230769231
1511,0.935782967032967
1512,0.7846840659340659
1513,0.415521978021978
1514,0.8286401098901098
1515,2.6432005494505493
1516,2.0309065934065935
1517,2.355425824175824
1518,1.7266483516483517
1519,0.6603708791208791
1520,2.2314560439560442
1521,0.34512362637362637
1522,0.3980082417582418
1523,0.7922390109890111
1524,0.7070741758241759
1525,7.490384615384615
1526,3.9172390109890114
1527,1.0024038461538463
1528,2.12603021978022
1529,1.3238324175824174
1530,2.6593406593406597
1531,1.5858516483516483
1532,0.25961538461538464
1533,0.728021978021978
1534,1.7105082417582418
1535,0.4914148351648351
1536,0.9371565934065933
1537,1.299793956043956
1538,2.0676510989010985
1539,1.26614010989011
1540,0.626717032967033
1541,0.4886675824175824
1542,1.2723214285714286
1543,2.322802197802198
1544,1.151098901098901
1545,1.7833104395604393
1546,1.801510989010989
1547,1.8331043956043955
1548,2.2785027472527473
1549,1.0779532967032968
1550,0.33379120879120877
1551,0.6854395604395604
1552,1.309752747252747
1553,0.26717032967032966
1554,0.6318681318681318
1555,0.2956730769230769
1556,0.8571428571428572
1557,0.8973214285714286
1558,0.6208791208791209
1559,1.4876373626373625
1560,1.7819368131868134
1561,0.6572802197802197
1562,1.6895604395604396
1563,0.4697802197802197
1564,2.064217032967033
1565,1.5604395604395604
1566,2.0357142857142856
1567,1.6720467032967035
1568,1.7730082417582418
1569,0.448489010989011
1570,0.4017857142857143
1571,0.31043956043956045
1572,0.35679945054945056
1573,0.950206043956044
1574,1.2795329670329672
1575,0.8447802197802197
1576,1.2166895604395607
1577,0.6627747252747253
1578,0.8114697802197803
1579,0.259271978021978
1580,0.5106456043956044
1581,0.16208791208791207
1582,0.3272664835164835
1583,3.8516483516483513
1584,1.519574175824176
1585,0.5432692307692307
1586,1.1809752747252746
1587,1.2843406593406594
1588,1.5707417582417582
1589,1.5487637362637363
1590,0.25721153846153844
1591,0.4512362637362637
1592,1.2929258241758241
1593,0.3595467032967033
1594,0.35679945054945056
1595,3.7283653846153846
1596,0.8509615384615384
1597,0.759271978021978
1598,0.7293956043956044
1599,0.2695741758241758
1600,0.44711538461538464
1601,1.4505494505494505
1602,0.6596840659340659
1603,0.13083791208791207
1604,2.088598901098901
1605,1.4581043956043955
1606,2.6119505494505493
1607,0.6672390109890111
1608,0.5116758241758241
1609,0.6243131868131868
1610,0.9059065934065934
1611,0.3162774725274725
1612,0.6826923076923077
1613,0.4368131868131868
1614,0.6243131868131868
1615,0.5968406593406593
1616,0.13392857142857142
1617,0.8887362637362637
1618,2.1225961538461537
1619,0.24587912087912092
1620,0.5769230769230769
1621,0.3358516483516483
1622,0.8736263736263736
1623,0.2774725274725275
1624,4.4536401098901095
1625,3.2455357142857144
1626,2.323489010989011
1627,0.4419642857142857
1628,1.8434065934065933
1629,1.837912087912088
1630,0.7403846153846154
1631,4.9945054945054945
1632,2.321428571428571
1633,2.0892857142857144
1634,1.1957417582417582
1635,1.1366758241758241
1636,2.673076923076923
1637,0.2620192307692308
1638,0.8008241758241759
1639,0.29842032967032966
1640,2.0913461538461537
1641,16.994505494505493
1642,2.802197802197802
1643,0.90625
1644,3.9852335164835164
1645,1.4677197802197803
1646,4.644574175824176
1647,0.9086538461538461
1648,0.9478021978021978
1649,1.2139423076923077
1650,1.2905219780219779
1651,0.2956730769230769
1652,0.39629120879120877
1653,2.151098901098901
1654,3.595123626373627
1655,0.3118131868131868
1656,0.332760989010989
1657,0.23557692307692307
1658,1.7427884615384617
1659,0.9007554945054945
1660,1.45260989010989
1661,0.2503434065934066
1662,4.0367445054945055
1663,1.8818681318681318
1664,1.7568681318681318
1665,1.7977335164835164
1666,1.2369505494505495
1667,0.38152472527472525
1668,0.6236263736263736
1669,0.10336538461538461
1670,0.395260989010989
1671,0.44436813186813184
1672,0.6703296703296703
1673,1.2407280219780221
1674,0.2774725274725275
1675,0.21668956043956042
1676,2.224931318681319
1677,1.884271978021978
1678,0.2530906593406594
1679,0.35989010989010983
1680,2.395260989010989
1681,0.19471153846153846
1682,2.2503434065934065
1683,1.7692307692307692
1684,0.9416208791208791
1685,0.6703296703296703
1686,1.0549450549450547
1687,0.9131181318681318
1688,0.650412087912088
1689,3.9539835164835164
1690,1.7259615384615385
1691,1.8688186813186811
1692,1.206043956043956
1693,1.4711538461538463
1694,0.395260989010989
1695,0.3300137362637363
1696,0.625
1697,0.1816620879120879
1698,0.2692307692307692
1699,12.342376373626372
1700,2.916208791208791
1701,0.9399038461538461
1702,3.019574175824176
1703,2.9728708791208787
1704,1.48489010989011
1705,1.3743131868131868
1706,1.8100961538461537
1707,0.7475961538461539
1708,1.1706730769230769
1709,0.7582417582417582
1710,0.27197802197802196
1711,1.8945741758241756
1712,2.0779532967032965
1713,0.6703296703296704
1714,0.2987637362637363
1715,0.24416208791208793
1716,0.806662087912088
1717,1.3272664835164836
1718,0.45810439560439564
1719,1.1442307692307692
1720,4.778846153846154
1721,1.5106456043956045
1722,1.6600274725274726
1723,1.1967719780219779
1724,0.12293956043956045
1725,0.40350274725274726
1726,0.6778846153846154
1727,1.7606456043956042
1728,0.5734890109890111
1729,0.25240384615384615
1730,0.44883241758241754
1731,0.31524725274725274
1732,0.13392857142857142
1733,0.08035714285714285
1734,1.8526785714285712
1735,2.1277472527472527
1736,0.5453296703296703
1737,0.33825549450549447
1738,0.6596840659340659
1739,0.5889423076923077
1740,7.151785714285714
1741,2.4344093406593403
1742,1.23489010989011
1743,0.4453983516483517
1744,0.825206043956044
1745,0.1710164835164835
1746,0.5604395604395604
1747,2.163804945054945
1748,1.7393543956043955
1749,0.7716346153846154
1750,1.4938186813186811
1751,1.1425137362637363
1752,1.369848901098901
1753,0.509271978021978
1754,0.4203296703296703
1755,0.1253434065934066
1756,0.4100274725274725
1757,3.397664835164835
1758,2.4962225274725274
1759,0.6995192307692307
1760,2.9656593406593403
1761,1.0542582417582418
1762,1.64114010989011
1763,1.8382554945054945
1764,0.7108516483516483
1765,0.6212225274725274
1766,1.1009615384615385
1767,0.521978021978022
1768,0.665521978021978
1769,0.8942307692307692
1770,2.5971840659340657
1771,1.6548763736263736
1772,0.5346840659340659
1773,0.48626373626373626
1774,0.9141483516483517
1775,1.73489010989011
1776,1.1699862637362637
1777,0.4635989010989011
1778,1.3021978021978022
1779,2.424107142857143
1780,2.0037774725274726
1781,1.012706043956044
1782,0.6710164835164836
1783,0.7781593406593407
1784,1.474587912087912
1785,0.19539835164835165
1786,0.762706043956044
1787,0.7235576923076923
1788,0.742445054945055
1789,1.1078296703296702
1790,0.1875
1791,0.7132554945054945
1792,0.7668269230769231
1793,0.43337912087912084
1794,0.8667582417582417
1795,0.5401785714285714
1796,1.3389423076923077
1797,1.270260989010989
1798,5.640796703296704
1799,1.831043956043956
1800,1.1366758241758241
1801,0.6092032967032966
1802,0.46256868131868123
1803,0.5800137362637362
1804,1.5206043956043955
1805,2.1524725274725274
1806,2.071428571428571
1807,1.089629120879121
1808,0.9038461538461539
1809,1.7087912087912087
1810,0.38152472527472525
1811,0.8846153846153846
1812,0.4296016483516483
1813,0.39560439560439564
1814,0.196771978021978
1815,6.325206043956044
1816,3.56353021978022
1817,0.2980769230769231
1818,2.632898351648352
1819,2.167239010989011
1820,1.2232142857142856
1821,2.56146978021978
1822,1.2156593406593406
1823,0.49004120879120877
1824,0.12122252747252746
1825,0.6359890109890111
1826,1.0621565934065933
1827,4.565590659340659
1828,0.47699175824175816
1829,1.3629807692307692
1830,1.0865384615384617
1831,1.2366071428571428
1832,0.19917582417582416
1833,0.4677197802197802
1834,0.0673076923076923
1835,0.35989010989010983
1836,1.1030219780219779
1837,1.7682005494505495
1838,0.5827609890109889
1839,0.3203983516483517
1840,0.5961538461538461
1841,0.7043269230769231
1842,0.7067307692307692
1843,0.14903846153846154
1844,1.2345467032967035
1845,0.4337225274725275
1846,0.7355769230769231
1847,0.2135989010989011
1848,0.0
1849,0.5745192307692307
1850,1.962225274725275
1851,0.16311813186813184
1852,0.30666208791208793
1853,0.8636675824175825
1854,0.7496565934065934
1855,0.31387362637362637
1856,6.9941620879120885
1857,1.7942994505494505
1858,2.199519230769231
1859,2.1387362637362637
1860,1.6806318681318682
1861,0.5212912087912087
1862,0.8372252747252747
1863,2.3138736263736264
1864,1.587912087912088
1865,2.102678571428571
1866,0.9879807692307692
1867,1.6820054945054945
1868,0.36435439560439564
1869,0.6414835164835164
1870,0.7774725274725274
1871,0.6246565934065934
1872,0.44917582417582413
1873,14.194024725274724
1874,3.5782967032967035
1875,0.75
1876,4.221840659340659
1877,5.686469780219781
1878,1.8636675824175826
1879,1.1061126373626375
1880,2.3966346153846154
1881,1.393543956043956
1882,0.5315934065934066
1883,1.066620879120879
1884,1.2427884615384617
1885,1.4989697802197803
1886,0.9721840659340659
1887,1.4656593406593406
1888,1.2524038461538463
1889,1.0182005494505495
1890,0.7623626373626373
1891,1.4412774725274726
1892,1.3619505494505495
1893,0.3176510989010989
1894,1.9557005494505495
1895,2.7342032967032965
1896,2.1909340659340657
1897,0.848901098901099
1898,0.724587912087912
1899,1.3798076923076923
1900,1.7266483516483517
1901,0.37362637362637363
1902,1.002747252747253
1903,0.8039148351648351
1904,0.8087225274725274
1905,0.39285714285714285
1906,0.8911401098901098
1907,0.5673076923076923
1908,1.9526098901098903
1909,0.3262362637362637
1910,0.9690934065934067
1911,0.9271978021978021
1912,1.959478021978022
1913,0.615728021978022
1914,7.0473901098901095
1915,4.152472527472527
1916,2.6050824175824174
1917,1.4168956043956045
1918,1.207760989010989
1919,0.8736263736263736
1920,1.2613324175824174
1921,1.6366758241758241
1922,2.8252060439560442
1923,1.7366071428571428
1924,0.9124313186813187
1925,2.0463598901098905
1926,0.44745879120879123
1927,1.3427197802197803
1928,0.9024725274725275
1929,0.7956730769230769
1930,0.26270604395604397
1931,8.914835164835164
1932,2.7218406593406597
1933,0.21394230769230768
1934,4.5583791208791204
1935,6.727678571428571
1936,1.690934065934066
1937,1.6844093406593406
1938,1.927541208791209
1939,0.7623626373626373
1940,0.9148351648351649
1941,1.0861950549450547
1942,1.3142170329670328
1943,2.1177884615384617
1944,1.2936126373626375
1945,0.6644917582417582
1946,0.6624313186813188
1947,0.6586538461538461
1948,0.53125
1949,2.161744505494506
1950,1.356456043956044
1951,0.4735576923076923
1952,2.725618131868132
1953,2.123282967032967
1954,2.2194368131868134
1955,1.07864010989011
1956,1.0762362637362637
1957,0.5975274725274726
1958,1.4045329670329672
1959,0.3269230769230769
1960,1.7513736263736264
1961,1.5738324175824174
1962,0.7520604395604396
1963,0.364010989010989
1964,0.4065934065934066
1965,0.6476648351648351
1966,2.258928571428571
1967,0.21428571428571427
1968,0.46497252747252743
1969,0.3894230769230769
1970,1.3434065934065933
1971,1.0831043956043958
1972,4.417925824175824
1973,5.121565934065934
1974,4.545673076923077
1975,1.4842032967032965
1976,1.2991071428571428
1977,0.5583791208791209
1978,0.7915521978021978
1979,8.96875
1980,3.288118131868132
1981,2.649381868131868
1982,0.49347527472527475
1983,2.243475274725275
1984,0.5800137362637362
1985,4.635302197802198
1986,1.0504807692307692
1987,1.2108516483516483
1988,0.950206043956044
1989,16.12293956043956
1990,3.9213598901098905
1991,1.2451923076923077
1992,3.7836538461538463
1993,4.102335164835165
1994,1.8303571428571428
1995,2.8169642857142856
1996,4.218063186813187
1997,1.356456043956044
1998,0.13701923076923078
1999,1.4742445054945055
2000,0.46153846153846156
2001,3.6699862637362637
2002,2.1706730769230766
2003,0.5793269230769231
2004,2.041208791208791
2005,0.599587912087912
2006,3.4138049450549453
2007,2.443681318681319
2008,0.6957417582417582
2009,0.8853021978021978
2010,6.2122252747252755
2011,1.4584478021978022
2012,3.031593406593407
2013,2.8100961538461537
2014,2.1126373626373627
2015,1.7486263736263736
2016,2.4831730769230766
2017,0.8001373626373626
2018,1.5631868131868132
2019,0.9859203296703298
2020,1.0755494505494505
2021,0.49450549450549447
2022,0.5357142857142857
2023,0.9251373626373625
2024,3.590659340659341
2025,0.19230769230769232
2026,0.6548763736263735
2027,1.40625
2028,2.146978021978022
2029,0.0
2030,8.375686813186814
2031,2.2019230769230766
2032,1.323489010989011
2033,1.4543269230769231
2034,1.9230769230769231
2035,0.9962225274725274
2036,0.9711538461538461
2037,2.9893543956043955
2038,2.744162087912088
2039,2.103021978021978
2040,2.6112637362637363
2041,2.420673076923077
2042,0.5
2043,0.8832417582417582
2044,1.809065934065934
2045,0.8650412087912087
2046,0.20879120879120877
2047,18.650412087912088
2048,6.683722527472527
2049,0.59375
2050,5.605425824175824
2051,2.3131868131868134
2052,2.1689560439560442
2053,1.8169642857142856
2054,2.2314560439560442
2055,1.2678571428571428
2056,0.7390109890109889
2057,1.3667582417582418
2058,0.7359203296703297
2059,2.051510989010989
2060,2.2475961538461537
2061,0.575206043956044
2062,1.0559752747252746
2063,0.13564560439560439
2064,0.9364697802197803
2065,0.6675824175824175
2066,0.27987637362637363
2067,0.6407967032967034
2068,1.8863324175824174
2069,0.9481456043956044
2070,1.1569368131868132
2071,1.934065934065934
2072,0.6353021978021978
2073,0.22046703296703296
2074,0.7929258241758241
2075,0.17376373626373626
2076,1.450206043956044
2077,0.6651785714285714
2078,0.4103708791208791
2079,0.5879120879120879
2080,1.3149038461538463
2081,0.3018543956043956
2082,3.785027472527473
2083,3.038118131868132
2084,0.3406593406593406
2085,0.5429258241758241
2086,2.3636675824175826
2087,0.16792582417582416
2088,8.81559065934066
2089,2.5212912087912085
2090,1.2524038461538463
2091,0.9550137362637363
2092,0.7846840659340659
2093,0.4924450549450549
2094,0.845467032967033
2095,2.619162087912088
2096,2.052541208791209
2097,2.353021978021978
2098,1.714629120879121
2099,0.6555631868131868
2100,2.2675137362637363
2101,0.34512362637362637
2102,0.3907967032967033
2103,0.8210851648351649
2104,0.6926510989010989
2105,7.6923076923076925
2106,4.003777472527473
2107,0.9278846153846154
2108,2.303914835164835
2109,1.2805631868131868
2110,2.7074175824175826
2111,1.5714285714285714
2112,0.22596153846153846
2113,0.7304258241758241
2114,1.7657967032967035
2115,0.5322802197802197
2116,0.9611950549450549
2117,1.14114010989011
2118,2.1926510989010985
2119,1.2156593406593406
2120,0.5978708791208791
2121,0.5391483516483516
2122,1.385302197802198
2123,2.243475274725275
2124,1.1150412087912087
2125,1.7544642857142856
2126,1.818337912087912
2127,1.8643543956043955
2128,2.2953296703296706
2129,1.1212225274725276
2130,0.3626373626373626
2131,0.6998626373626373
2132,1.309752747252747
2133,0.2190934065934066
2134,0.6054258241758241
2135,0.3125
2136,0.8595467032967034
2137,0.8684752747252747
2138,0.623282967032967
2139,1.494848901098901
2140,1.7675137362637365
2141,0.6452609890109889
2142,1.725618131868132
2143,0.4673763736263736
2144,2.0858516483516483
2145,1.5604395604395604
2146,2.1438873626373622
2147,1.619162087912088
2148,1.9052197802197803
2149,0.4412774725274725
2150,0.3537087912087912
2151,0.2864010989010989
2152,0.36160714285714285
2153,0.8949175824175825
2154,1.2050137362637363
2155,0.8255494505494505
2156,1.1974587912087913
2157,0.6387362637362637
2158,0.7778159340659341
2159,0.30254120879120877
2160,0.5058379120879121
2161,0.13804945054945056
2162,0.32967032967032966
2163,3.918956043956044
2164,1.5868818681318682
2165,0.5456730769230769
2166,1.2194368131868132
2167,1.5030906593406592
2168,1.5731456043956045
2169,1.5247252747252746
2170,0.22355769230769232
2171,0.4031593406593406
2172,1.3626373626373625
2173,0.36435439560439564
2174,0.364010989010989
2175,4.274038461538462
2176,0.84375
2177,0.7977335164835164
2178,0.7197802197802197
2179,0.28880494505494503
2180,0.5288461538461539
2181,1.3832417582417582
2182,0.5707417582417582
2183,0.16929945054945056
2184,2.100618131868132
2185,1.4749313186813189
2186,2.679258241758242
2187,0.6480082417582418
2188,0.49004120879120877
2189,0.6171016483516483
2190,0.9347527472527473
2191,0.323489010989011
2192,0.6730769230769231
2193,0.41277472527472525
2194,0.6651785714285714
2195,0.5944368131868132
2196,0.13392857142857142
2197,0.8839285714285714
2198,2.105769230769231
2199,0.24347527472527475
2200,0.5769230769230769
2201,0.3406593406593406
2202,0.8712225274725275
2203,0.27987637362637363
2204,4.80940934065934
2205,3.2623626373626378
2206,2.232142857142857
2207,0.4563873626373626
2208,1.8458104395604393
2209,1.8186813186813187
2210,0.8389423076923077
2211,5.061813186813186
2212,2.2228708791208787
2213,2.053228021978022
2214,1.1332417582417582
2215,1.0958104395604393
2216,2.735576923076923
2217,0.2620192307692308
2218,0.757554945054945
2219,0.28880494505494503
2220,2.105769230769231
2221,16.847870879120876
2222,2.9055631868131866
2223,0.8317307692307693
2224,4.23282967032967
2225,1.6119505494505495
2226,4.683035714285714
2227,0.9831730769230769
2228,0.9478021978021978
2229,1.2596153846153846
2230,1.3842719780219779
2231,0.2956730769230769
2232,0.39629120879120877
2233,2.3313873626373627
2234,3.5999313186813193
2235,0.30219780219780223
2236,0.34958791208791207
2237,0.23076923076923078
2238,1.7235576923076923
2239,0.8550824175824175
2240,1.3612637362637363
2241,0.2695741758241758
2242,4.351648351648352
2243,1.980425824175824
2244,1.8049450549450547
2245,1.8506181318681318
2246,1.3114697802197803
2247,0.393543956043956
2248,0.6476648351648351
2249,0.13221153846153846
2250,0.4072802197802198
2251,0.4419642857142857
2252,0.7208104395604396
2253,1.2767857142857144
2254,0.2750686813186813
2255,0.21668956043956042
2256,2.2393543956043955
2257,1.8794642857142858
2258,0.2410714285714286
2259,0.33825549450549447
2260,2.3904532967032965
2261,0.19951923076923078
2262,2.416208791208791
2263,1.6706730769230769
2264,0.9512362637362637
2265,0.6727335164835164
2266,1.0837912087912087
2267,0.898695054945055
2268,0.650412087912088
2269,3.8986950549450547
2270,1.7596153846153846
2271,1.9024725274725274
2272,1.206043956043956
2273,1.5096153846153846
2274,0.36881868131868134
2275,0.2987637362637363
2276,0.59375
2277,0.15521978021978022
2278,0.30528846153846156
2279,12.520260989010989
2280,3.000343406593407
2281,0.9375
2282,3.219093406593407
2283,2.9103708791208787
2284,1.518543956043956
2285,1.4368131868131868
2286,1.75
2287,0.7427884615384616
2288,1.2067307692307692
2289,0.7846840659340659
2290,0.2503434065934066
2291,2.0772664835164836
2292,2.176510989010989
2293,0.7544642857142857
2294,0.3131868131868132
2295,0.22493131868131866
2296,0.8186813186813188
2297,1.3945741758241759
2298,0.385989010989011
2299,1.1610576923076923
2300,5.043269230769231
2301,1.4793956043956045
2302,1.6864697802197803
2303,1.1967719780219779
2304,0.17822802197802196
2305,0.40350274725274726
2306,0.6875
2307,1.801510989010989
2308,0.5734890109890111
2309,0.2596153846153846
2310,0.501717032967033
2311,0.31524725274725274
2312,0.13392857142857142
2313,0.08035714285714285
2314,1.8791208791208789
2315,2.1349587912087915
2316,0.5453296703296703
2317,0.3262362637362637
2318,0.6548763736263735
2319,0.5985576923076923
2320,7.655426490984743
2321,2.5617198335644935
2322,1.3790742024965326
2323,0.4498092926490985
2324,0.7617024965325936
2325,0.16028085991678223
2326,0.5813973647711512
2327,2.160887656033287
2328,1.7643030513176146
2329,0.8440533980582524
2330,1.5178571428571428
2331,1.197382108183079
2332,1.4088938973647709
2333,0.5253987517337032
2334,0.425884188626907
2335,0.1263002773925104
2336,0.4281380027739251
2337,3.6355755894590844
2338,2.6810852981969484
2339,0.8179611650485437
2340,3.0950936199722605
2341,1.2163661581137308
2342,1.6885402219140082
2343,1.8639042995839112
2344,0.785627600554785
2345,0.6082697642163661
2346,1.1219660194174756
2347,0.5304264909847434
2348,0.7687239944521498
2349,1.012135922330097
2350,2.6980755894590844
2351,1.6986823855755895
2352,0.5548717059639389
2353,0.5208044382801664
2354,0.8539355062413315
2355,1.7176664355062412
2356,1.0635402219140082
2357,0.5035540915395285
2358,1.369365464632455
2359,2.459604715672677
2360,2.014909847434119
2361,0.9880374479889044
2362,0.6566400832177531
2363,0.822642163661581
2364,1.4747746185852981
2365,0.19920249653259361
2366,0.7932558945908461
2367,0.7639563106796117
2368,0.7735783633841886
2369,1.129160887656033
2370,0.18992718446601942
2371,0.7012829403606102
2372,0.7888349514563107
2373,0.44313453536754505
2374,0.8765603328710124
2375,0.5259188626907073
2376,1.3610436893203883
2377,1.2393377253814146
2378,5.92995839112344
2379,1.856015950069348
2380,1.1243065187239942
2381,0.5815707350901524
2382,0.4723474341192787
2383,0.605755894590846
2384,1.4694001386962552
2385,2.2605755894590844
2386,2.2194868238557555
2387,1.1166782246879334
2388,0.9199029126213593
2389,1.7207871012482663
2390,0.40880721220527044
2391,0.9150485436893204
2392,0.406380027739251
2393,0.3941574202496533
2394,0.2019764216366158
2395,6.562066574202497
2396,3.5670076282940357
2397,0.24757281553398058
2398,2.751993758668516
2399,2.1805651872399445
2400,1.2311026352288488
2401,2.5136962552011095
2402,1.2389042995839112
2403,0.49627253814147015
2404,0.1410367545076283
2405,0.6132108183079057
2406,1.029646324549237
2407,4.665221914008321
2408,0.4723474341192787
2409,1.0879854368932038
2410,1.1237864077669903
2411,1.1555998613037448
2412,0.22624826629680997
2413,0.4402739251040222
2414,0.050970873786407765
2415,0.41123439667128986
2416,1.1412968099861303
2417,1.7715846047156727
2418,0.583997919556172
2419,0.376993758668516
2420,0.5788834951456311
2421,0.7324029126213593
2422,0.7299757281553398
2423,0.12864077669902912
2424,1.2436719833564494
2425,0.44989597780859913
2426,0.7275485436893204
2427,0.21896671289875172
2428,0.0
2429,0.5673543689320388
2430,1.9576976421636618
2431,0.16556865464632453
2432,0.3164875173370319
2433,0.8448335644937587
2434,0.7571948682385575
2435,0.30920596393897365
2436,7.274618585298198
2437,1.950502773925104
2438,2.2020631067961167
2439,2.226161581137309
2440,1.73248959778086
2441,0.6079230235783634
2442,0.8563626907073509
2443,2.4020457697642166
2444,1.6423370319001387
2445,2.330530513176144
2446,1.0194174757281553
2447,1.8323509015256587
2448,0.3941574202496533
2449,0.6613210818307906
2450,0.7617891816920943
2451,0.734743411927878
2452,0.4088938973647711
2453,14.708564493758669
2454,3.758841886269071
2455,0.9538834951456311
2456,4.416435506241331
2457,5.752773925104023
2458,1.851508321775312
2459,1.136615811373093
2460,2.5722087378640777
2461,1.4743411927877947
2462,0.5619798890429959
2463,1.1169382801664356
2464,1.2651699029126213
2465,1.5640603328710125
2466,1.0724687933425796
2467,1.2291955617198336
2468,1.3088592233009708
2469,1.2187933425797504
2470,0.9242371705963939
2471,1.5355409153952844
2472,1.3771671289875174
2473,0.34049930651872395
2474,2.0604195561719836
2475,2.876473647711512
2476,2.229628987517337
2477,0.9169556171983357
2478,0.7660367545076282
2479,1.4720873786407767
2480,1.8005374479889042
2481,0.4177357836338419
2482,1.1044556171983357
2483,0.9049930651872399
2484,0.8370319001386962
2485,0.3819348127600555
2486,0.9033460471567267
2487,0.5794902912621359
2488,1.9552704576976425
2489,0.3335644937586685
2490,1.0006934812760058
2491,0.9615984743411927
2492,1.9551837725381414
2493,0.6426837725381415
2494,7.34752080443828
2495,4.366764909847434
2496,2.826889736477115
2497,1.4596047156726768
2498,1.2605755894590844
2499,0.8855755894590845
2500,1.2680305131761442
2501,1.650398751733703
2502,3.024445214979196
2503,1.8200416088765603
2504,0.9518030513176143
2505,2.13245492371706
2506,0.45032940360610263
2507,1.3656380027739252
2508,0.9395804438280166
2509,0.9053398058252426
2510,0.2677704576976422
2511,9.324375866851595
2512,2.710731622746186
2513,0.20145631067961164
2514,4.923110263522885
2515,6.750433425797503
2516,1.771497919556172
2517,1.6885402219140082
2518,1.9592579750346741
2519,0.8659847434119279
2520,0.9754680998613038
2521,1.0854715672676836
2522,1.335991678224688
2523,2.3525485436893203
2524,1.3307905686546464
2525,0.44018723994452147
2526,0.6738904299583912
2527,0.7639563106796117
2528,0.6080097087378641
2529,2.278085991678225
2530,1.3290568654646324
2531,0.46480582524271846
2532,3.0502773925104023
2533,2.333304438280167
2534,2.5007801664355065
2535,1.119365464632455
2536,1.2091712898751734
2537,0.6544729542302359
2538,1.56874133148405
2539,0.5388349514563107
2540,1.8104195561719834
2541,1.664268377253814
2542,0.7711511789181692
2543,0.37708044382801664
2544,0.4042128987517337
2545,0.650138696255201
2546,2.237690707350901
2547,0.21428571428571427
2548,0.4577843273231622
2549,0.4016990291262136
2550,1.3391123439667127
2551,1.0834778085991679
2552,4.563626907073509
2553,5.363210818307906
2554,4.577669902912621
2555,1.4474687933425796
2556,1.4013522884882108
2557,0.6245665742024966
2558,0.7665568654646324
2559,9.010315533980583
2560,3.2656900138696257
2561,2.674237170596394
2562,0.5687413314840499
2563,2.31874133148405
2564,0.5814840499306518
2565,4.466192787794729
2566,1.1171116504854368
2567,1.185506241331484
2568,1.0341539528432733
2569,15.815620665742024
2570,4.0796636615811375
2571,1.2354368932038835
2572,4.070388349514563
2573,4.085904993065188
2574,2.014216366158114
2575,2.7232142857142856
2576,4.079316920943135
2577,1.3502947295423025
2578,0.13349514563106796
2579,1.5790568654646324
2580,0.554004854368932
2581,3.8596567267683772
2582,2.29126213592233
2583,0.46359223300970875
2584,2.068654646324549
2585,0.5645804438280165
2586,3.48248959778086
2587,2.363210818307906
2588,0.5930998613037448
2589,0.9922850208044383
2590,6.3053918169209435
2591,1.473127600554785
2592,3.0049410540915398
2593,2.8574029126213594
2594,2.1704230235783637
2595,1.7326629680998613
2596,2.5109223300970873
2597,0.8645977808599168
2598,1.5911927877947296
2599,1.0049410540915398
2600,1.1289008321775311
2601,0.5253120665742025
2602,0.542995839112344
2603,0.9228502080443827
2604,3.6084431345353676
2605,0.19235436893203883
2606,0.6477115117891816
2607,1.3561893203883495
2608,2.2106449375866855
2609,0.0
2610,9.040828710124828
2611,2.3768203883495147
2612,1.4427011095700417
2613,1.4478155339805825
2614,2.0266990291262137
2615,0.9947988904299583
2616,0.9296116504854369
2617,3.145977808599168
2618,2.757021497919556
2619,2.138869625520111
2620,2.691314147018031
2621,2.475121359223301
2622,0.5788834951456311
2623,0.9025658807212205
2624,1.9323855755894592
2625,0.9489424410540915
2626,0.22382108183079055
2627,19.364424410540916
2628,7.019070735090152
2629,0.633495145631068
2630,6.0885055478502075
2631,2.3970180305131765
2632,2.3254160887656035
2633,1.883408460471567
2634,2.278085991678225
2635,1.2599687933425798
2636,0.7423717059639389
2637,1.374739944521498
2638,0.8441400832177531
2639,2.296376560332871
2640,2.5533980582524274
2641,0.6488384188626908
2642,1.206484049930652
2643,0.22113384188626906
2644,0.970613730929265
2645,0.6715499306518724
2646,0.27938626907073505
2647,0.7054438280166436
2648,2.093880027739251
2649,1.0481969486823854
2650,1.2701976421636616
2651,1.995492371705964
2652,0.7441054091539528
2653,0.24072468793342577
2654,0.834257975034674
2655,0.2210471567267684
2656,1.5038141470180306
2657,0.7055305131761442
2658,0.4282246879334258
2659,0.6617545076282941
2660,1.3197815533980584
2661,0.29707004160887657
2662,3.759448682385576
2663,3.0144764216366156
2664,0.32628294036061023
2665,0.5527045769764216
2666,2.38124133148405
2667,0.16556865464632453
2668,8.930391816920944
2669,2.596393897364771
2670,1.2578883495145632
2671,0.9734743411927879
2672,0.7860610263522885
2673,0.5132628294036061
2674,0.8784674063800277
2675,2.656900138696255
2676,2.1000346740638003
2677,2.39251040221914
2678,1.6524791955617197
2679,0.6448509015256587
2680,2.1925277392510405
2681,0.36260402219140087
2682,0.37716712898751736
2683,0.7934292649098476
2684,0.8028779472954231
2685,7.741504854368932
2686,4.010662274618586
2687,0.8592233009708737
2688,2.330963938973648
2689,1.3092926490984742
2690,2.6555131761442445
2691,1.5793169209431346
2692,0.21601941747572814
2693,0.7031900138696255
2694,1.7673370319001387
2695,0.5160367545076282
2696,0.9325589459084603
2697,1.0732489597780859
2698,2.119018723994452
2699,1.3208217753120666
2700,0.6157246879334257
2701,0.5038141470180305
2702,1.2671636615811375
2703,2.210124826629681
2704,1.092753120665742
2705,1.7741851595006932
2706,1.9147018030513174
2707,1.9778952843273232
2708,2.3579230235783637
2709,1.1119105409153953
2710,0.40343273231622745
2711,0.698509015256588
2712,1.3943307905686546
2713,0.30105755894590847
2714,0.6279472954230235
2715,0.3161407766990291
2716,0.86624479889043
2717,0.9510228848821083
2718,0.6209257975034674
2719,1.4974861303744798
2720,1.7847607489597783
2721,0.6477115117891816
2722,1.6704230235783635
2723,0.4844833564493758
2724,2.089025658807212
2725,1.5680478502080444
2726,2.172243411927878
2727,1.954837031900139
2728,2.007021497919556
2729,0.46211858529819694
2730,0.37690707350901526
2731,0.29680998613037446
2732,0.37708044382801664
2733,0.9752947295423025
2734,1.31874133148405
2735,0.871012482662968
2736,1.282246879334258
2737,0.6764042995839112
2738,0.8055651872399445
2739,0.2869278779472954
2740,0.5281726768377253
2741,0.1580270457697642
2742,0.3162274618585298
2743,4.036581137309293
2744,1.574115811373093
2745,0.5315533980582524
2746,1.2453190013869626
2747,1.393984049930652
2748,1.642250346740638
2749,1.494105409153953
2750,0.1650485436893204
2751,0.46705963938973644
2752,1.333651178918169
2753,0.40386615811373094
2754,0.34552704576976423
2755,3.95752427184466
2756,0.8586165048543689
2757,0.7201803051317615
2758,0.7326629680998612
2759,0.32350901525658804
2760,0.7281553398058253
2761,1.3679785020804438
2762,0.5500173370319
2763,0.1410367545076283
2764,2.2165395284327323
2765,1.5325069348127602
2766,2.655079750346741
2767,0.7224341192787795
2768,0.5909327323162274
2769,0.6327149791955617
2770,0.9246705963938974
2771,0.3814147018030513
2772,0.7057038834951457
2773,0.4597780859916782
2774,0.6739771151178918
2775,0.6421636615811372
2776,0.13878294036061026
2777,0.8984916782246879
2778,2.1401699029126213
2779,0.24592579750346744
2780,0.5649271844660194
2781,0.33113730929264906
2782,0.8789008321775312
2783,0.27028432732316227
2784,5.125433425797503
2785,3.2852808599167824
2786,2.292215672676838
2787,0.4404472954230236
2788,1.8494278779472952
2789,1.9809292649098476
2790,0.8634708737864077
2791,5.213418862690707
2792,2.275312066574202
2793,2.119018723994452
2794,1.1434639389736478
2795,1.138869625520111
2796,2.7718446601941746
2797,0.2942961165048544
2798,0.7664701803051318
2799,0.2701109570041609
2800,2.1899271844660193
2801,17.20128294036061
2802,2.963418862690707
2803,0.9150485436893204
2804,4.351855062413315
2805,1.5082350901525658
2806,4.783460471567268
2807,0.9781553398058253
2808,1.031119972260749
2809,1.274878640776699
2810,1.304524965325936
2811,0.2651699029126213
2812,0.38704923717059636
2813,2.1946948682385576
2814,3.667822468793343
2815,0.26499653259362
2816,0.37708044382801664
2817,0.2408980582524272
2818,1.7566747572815533
2819,0.8541955617198336
2820,1.5280859916782248
2821,0.23855755894590844
2822,4.489251040221914
2823,2.094573509015256
2824,1.8397191400832176
2825,1.9319521497919556
2826,1.3092059639389737
2827,0.3918169209431345
2828,0.642250346740638
2829,0.12864077669902912
2830,0.41106102635228847
2831,0.4477288488210818
2832,0.7080443828016644
2833,1.3089459084604718
2834,0.26785714285714285
2835,0.2167128987517337
2836,2.210904993065187
2837,1.9088938973647713
2838,0.24592579750346744
2839,0.3384188626907073
2840,2.395891123439667
2841,0.19720873786407767
2842,2.5977808599167824
2843,1.766383495145631
2844,1.03623439667129
2845,0.6983356449375867
2846,1.1825589459084602
2847,0.9562239944521498
2848,0.707871012482663
2849,4.052704576976422
2850,1.825242718446602
2851,1.9905513176144243
2852,1.281986823855756
2853,1.5285194174757282
2854,0.40620665742024964
2855,0.31874133148404993
2856,0.649878640776699
2857,0.14112343966712898
2858,0.2942961165048544
2859,12.642250346740637
2860,2.9442614424410545
2861,0.9660194174757282
2862,3.311373092926491
2863,3.010748959778086
2864,1.5762829403606102
2865,1.4136615811373092
2866,1.8228155339805825
2867,0.7663834951456311
2868,1.1972087378640777
2869,0.7787794729542301
2870,0.27739251040221913
2871,2.2822468793342576
2872,2.196861997226075
2873,0.8118065187239945
2874,0.3235957004160888
2875,0.2260748959778086
2876,0.853502080443828
2877,1.324115811373093
2878,0.46211858529819694
2879,1.1559466019417475
2880,5.226334951456311
2881,1.613124133148405
2882,1.749739944521498
2883,1.3063453536754506
2884,0.1554264909847434
2885,0.425884188626907
2886,0.708131067961165
2887,1.8109396671289875
2888,0.6010748959778087
2889,0.2651699029126213
2890,0.4500693481276005
2891,0.3307905686546463
2892,0.13392857142857142
2893,0.08035714285714285
2894,1.872399445214979
2895,2.1305478502080444
2896,0.542995839112344
2897,0.34327323162274614
2898,0.6865464632454923
2899,0.6183252427184466
2900,7.675824175824176
2901,2.5473901098901095
2902,1.3719093406593406
2903,0.49828296703296704
2904,0.7867445054945055
2905,0.1662087912087912
2906,0.5339972527472527
2907,2.1758241758241756
2908,1.8907967032967035
2909,0.8653846153846154
2910,1.5130494505494505
2911,1.2386675824175826
2912,1.5333104395604393
2913,0.540521978021978
2914,0.46600274725274726
2915,0.14697802197802198
2916,0.448489010989011
2917,3.551510989010989
2918,2.7342032967032965
2919,0.9326923076923077
2920,3.2228708791208787
2921,1.1648351648351647
2922,1.768543956043956
2923,1.9921016483516483
2924,0.845467032967033
2925,0.6524725274725274
2926,1.2235576923076923
2927,0.5364010989010989
2928,0.6607142857142857
2929,0.9278846153846154
2930,2.693337912087912
2931,1.770260989010989
2932,0.5515109890109889
2933,0.5583791208791209
2934,0.8179945054945055
2935,1.6243131868131868
2936,1.1507554945054945
2937,0.5140796703296703
2938,1.4993131868131868
2939,2.5442994505494507
2940,2.0326236263736264
2941,1.0920329670329672
2942,0.692651098901099
2943,0.8358516483516483
2944,1.5130494505494505
2945,0.23145604395604397
2946,0.8155906593406594
2947,0.8197115384615384
2948,0.8025412087912087
2949,1.0958104395604393
2950,0.1875
2951,0.7084478021978021
2952,0.7644230769230769
2953,0.435782967032967
2954,0.871565934065934
2955,0.5473901098901098
2956,1.3894230769230769
2957,1.2942994505494505
2958,5.912431318681319
2959,1.79739010989011
2960,1.1703296703296702
2961,0.5635302197802197
2962,0.4601648351648351
2963,0.592032967032967
2964,1.3186813186813189
2965,2.3111263736263736
2966,2.1868131868131866
2967,1.1232829670329672
2968,1.0576923076923077
2969,1.8626373626373625
2970,0.42239010989010983
2971,0.9158653846153846
2972,0.4921016483516483
2973,0.41964285714285715
2974,0.18715659340659338
2975,6.553571428571429
2976,3.75103021978022
2977,0.35096153846153844
2978,2.8780906593406597
2979,2.210508241758242
2980,1.2039835164835164
2981,2.616758241758242
2982,1.29739010989011
2983,0.5501373626373627
2984,0.14766483516483514
2985,0.7008928571428572
2986,1.0405219780219779
2987,4.690590659340659
2988,0.4697802197802197
2989,1.1875
2990,1.1201923076923077
2991,1.0851648351648353
2992,0.23042582417582416
2993,0.38358516483516486
2994,0.08173076923076923
2995,0.37671703296703296
2996,1.2111950549450547
2997,1.8042582417582418
2998,0.6644917582417582
2999,0.3516483516483517
3000,0.6538461538461539
3001,0.6995192307692308
3002,0.7403846153846154
3003,0.15144230769230768
3004,1.2393543956043958
3005,0.4192994505494505
3006,0.7115384615384616
3007,0.19436813186813184
3008,0.0
3009,0.5673076923076923
3010,1.9862637362637365
3011,0.16552197802197802
3012,0.3114697802197802
3013,0.8348214285714286
3014,0.7616758241758241
3015,0.3018543956043956
3016,7.297046703296704
3017,1.9457417582417582
3018,2.3341346153846154
3019,2.4344093406593403
3020,1.7359203296703298
3021,0.6438873626373627
3022,0.8492445054945055
3023,2.49896978021978
3024,1.667239010989011
3025,2.1531593406593403
3026,1.2043269230769231
3027,1.8959478021978022
3028,0.4605082417582418
3029,0.6246565934065934
3030,0.8423763736263736
3031,0.7953296703296704
3032,0.41792582417582413
3033,14.713255494505495
3034,3.8403159340659343
3035,1.2572115384615385
3036,4.555975274725275
3037,6.184065934065934
3038,1.9429945054945055
3039,1.2022664835164836
3040,2.6177884615384617
3041,1.5521978021978022
3042,0.6133241758241759
3043,1.2925824175824174
3044,1.2740384615384617
3045,1.7225274725274726
3046,1.0923763736263736
3047,1.7276785714285714
3048,1.3413461538461537
3049,1.152815934065934
3050,1.021978021978022
3051,1.5374313186813189
3052,1.494162087912088
3053,0.38976648351648346
3054,2.289835164835165
3055,3.111607142857143
3056,2.4096840659340657
3057,0.9835164835164836
3058,0.8231456043956044
3059,1.5576923076923077
3060,1.92135989010989
3061,0.4481456043956044
3062,1.098901098901099
3063,0.9793956043956044
3064,0.8567994505494505
3065,0.3447802197802198
3066,0.8887362637362637
3067,0.5745192307692307
3068,1.962225274725275
3069,0.32864010989010983
3070,0.9907280219780221
3071,0.9320054945054945
3072,1.9811126373626373
3073,0.6565934065934066
3074,7.393543956043956
3075,4.368818681318681
3076,2.852678571428571
3077,1.380837912087912
3078,1.3063186813186811
3079,0.9409340659340659
3080,1.3983516483516483
3081,1.7376373626373625
3082,3.1449175824175826
3083,1.8904532967032965
3084,0.9677197802197801
3085,2.154532967032967
3086,0.45707417582417587
3087,1.3619505494505495
3088,1.0010302197802199
3089,0.8413461538461539
3090,0.2723214285714286
3091,9.335508241758241
3092,2.774725274725275
3093,0.24519230769230768
3094,4.9958791208791204
3095,6.814217032967033
3096,1.8928571428571428
3097,1.9199862637362637
3098,2.026098901098901
3099,0.8176510989010989
3100,1.0446428571428572
3101,1.1799450549450547
3102,1.4464285714285714
3103,2.53125
3104,1.457074175824176
3105,0.7005494505494505
3106,0.6624313186813188
3107,0.7836538461538461
3108,0.6370192307692308
3109,2.2386675824175826
3110,1.4886675824175826
3111,0.4735576923076923
3112,3.307348901098901
3113,2.4093406593406597
3114,2.5776098901098905
3115,1.3094093406593406
3116,1.2949862637362637
3117,0.6624313186813188
3118,1.6641483516483517
3119,0.6850961538461539
3120,1.934065934065934
3121,1.831043956043956
3122,0.7929258241758241
3123,0.3832417582417582
3124,0.4138049450549451
3125,0.6452609890109889
3126,2.2348901098901095
3127,0.23351648351648352
3128,0.4673763736263736
3129,0.40865384615384615
3130,1.3866758241758241
3131,1.1432005494505495
3132,4.761675824175824
3133,5.1816620879120885
3134,4.971153846153847
3135,1.489010989010989
3136,1.3519917582417582
3137,0.6617445054945055
3138,0.8372252747252747
3139,9.42548076923077
3140,3.3602335164835164
3141,2.6950549450549453
3142,0.5824175824175825
3143,2.4646291208791213
3144,0.6280906593406593
3145,4.524725274725275
3146,1.125
3147,1.3839285714285714
3148,0.9886675824175825
3149,15.690247252747252
3150,4.022321428571429
3151,1.4879807692307692
3152,4.081730769230769
3153,4.489354395604396
3154,2.06353021978022
3155,2.70157967032967
3156,4.2541208791208796
3157,1.3468406593406594
3158,0.20432692307692307
3159,1.5920329670329672
3160,0.6033653846153846
3161,3.6507554945054945
3162,2.2956730769230766
3163,0.3870192307692308
3164,2.0508241758241756
3165,0.6981456043956044
3166,3.4522664835164836
3167,2.3451236263736264
3168,0.5851648351648351
3169,1.089629120879121
3170,6.781936813186814
3171,1.5113324175824177
3172,3.2479395604395607
3173,2.9302884615384617
3174,2.2496565934065935
3175,1.8255494505494505
3176,2.5841346153846154
3177,0.9491758241758241
3178,1.6184752747252746
3179,1.1325549450549453
3180,1.1789148351648353
3181,0.5738324175824175
3182,0.5381181318681318
3183,0.9227335164835163
3184,3.5690247252747254
3185,0.19230769230769232
3186,0.6717032967032966
3187,1.3533653846153846
3188,2.178228021978022
3189,0.0
3190,8.988667582417582
3191,2.3822115384615383
3192,1.383585164835165
3193,1.3605769230769231
3194,2.0769230769230766
3195,1.0635302197802197
3196,0.8918269230769231
3197,3.3907967032967035
3198,2.7682005494505493
3199,2.2039835164835164
3200,2.7074175824175826
3201,2.5336538461538463
3202,0.5985576923076923
3203,0.9168956043956044
3204,1.9869505494505495
3205,0.9852335164835164
3206,0.2328296703296703
3207,19.200892857142858
3208,6.979395604395604
3209,0.9086538461538461
3210,6.273695054945055
3211,2.553571428571429
3212,2.399725274725275
3213,1.9275412087912087
3214,2.317994505494506
3215,1.3592032967032968
3216,0.7774725274725274
3217,1.4821428571428572
3218,0.771978021978022
3219,2.272664835164835
3220,2.6514423076923075
3221,0.6112637362637363
3222,1.1473214285714286
3223,0.176510989010989
3224,1.0326236263736264
3225,0.689217032967033
3226,0.21737637362637363
3227,0.6720467032967034
3228,2.1315247252747254
3229,1.0731456043956045
3230,1.3035714285714286
3231,2.135989010989011
3232,0.7194368131868132
3233,0.2348901098901099
3234,0.8578296703296704
3235,0.21222527472527472
3236,1.6304945054945055
3237,0.7252747252747253
3238,0.4368131868131868
3239,0.6672390109890111
3240,1.3221153846153846
3241,0.3018543956043956
3242,3.7561813186813193
3243,3.071771978021978
3244,0.32383241758241754
3245,0.5525412087912088
3246,2.428571428571429
3247,0.17273351648351648
3248,8.935782967032967
3249,2.7039835164835164
3250,1.1514423076923077
3251,0.9790521978021978
3252,0.7486263736263735
3253,0.44917582417582413
3254,0.8118131868131868
3255,2.7850274725274726
3256,2.0982142857142856
3257,2.3794642857142856
3258,1.839629120879121
3259,0.7252747252747253
3260,2.3804945054945055
3261,0.38118131868131866
3262,0.4340659340659341
3263,0.8763736263736264
3264,0.8561126373626373
3265,7.78125
3266,4.071085164835165
3267,0.9543269230769231
3268,2.337568681318681
3269,1.2709478021978022
3270,2.8468406593406597
3271,1.737293956043956
3272,0.25961538461538464
3273,0.7256181318681318
3274,1.7994505494505495
3275,0.5010302197802197
3276,0.949175824175824
3277,1.1267170329670328
3278,2.2551510989010985
3279,1.2829670329670328
3280,0.6555631868131868
3281,0.5535714285714286
3282,1.2578983516483517
3283,2.2026098901098905
3284,1.2568681318681318
3285,1.744848901098901
3286,1.9529532967032965
3287,2.0975274725274726
3288,2.3938873626373627
3289,1.1717032967032968
3290,0.3986950549450549
3291,0.7239010989010989
3292,1.4083104395604393
3293,0.36092032967032966
3294,0.6390796703296703
3295,0.3269230769230769
3296,0.8451236263736264
3297,0.9141483516483517
3298,0.6425137362637363
3299,1.4900412087912087
3300,1.7675137362637365
3301,0.6572802197802197
3302,1.677541208791209
3303,0.47699175824175816
3304,2.0978708791208787
3305,1.5796703296703296
3306,2.2063873626373622
3307,1.8499313186813189
3308,2.023008241758242
3309,0.4340659340659341
3310,0.42101648351648346
3311,0.3128434065934066
3312,0.40006868131868134
3313,1.027129120879121
3314,1.3540521978021978
3315,0.9217032967032966
3316,1.317651098901099
3317,0.6916208791208791
3318,0.869162087912088
3319,0.3674450549450549
3320,0.5659340659340659
3321,0.21016483516483517
3322,0.45947802197802196
3323,4.019917582417582
3324,1.5315934065934067
3325,0.5096153846153846
3326,1.2987637362637363
3327,1.3324175824175826
3328,1.630837912087912
3329,1.6016483516483517
3330,0.14423076923076922
3331,0.48489010989010983
3332,1.3818681318681318
3333,0.4100274725274725
3334,0.3760302197802198
3335,3.9326923076923075
3336,0.9086538461538461
3337,0.8794642857142857
3338,0.7245879120879121
3339,0.26717032967032966
3340,0.6201923076923077
3341,1.4048763736263736
3342,0.6236263736263736
3343,0.13804945054945056
3344,2.3890796703296706
3345,1.5061813186813189
3346,2.756181318681319
3347,0.7249313186813188
3348,0.5789835164835164
3349,0.6771978021978022
3350,0.9371565934065934
3351,0.4052197802197802
3352,0.7451923076923077
3353,0.47046703296703296
3354,0.7012362637362637
3355,0.6497252747252746
3356,0.13633241758241757
3357,0.8863324175824175
3358,2.110576923076923
3359,0.2410714285714286
3360,0.5793269230769231
3361,0.34306318681318676
3362,0.8808379120879122
3363,0.2774725274725275
3364,4.9320054945054945
3365,3.353708791208791
3366,2.273008241758242
3367,0.4876373626373626
3368,1.9155219780219779
3369,1.871565934065934
3370,0.875
3371,5.177197802197802
3372,2.3550824175824174
3373,2.021978021978022
3374,1.2269917582417582
3375,1.1342719780219779
3376,2.7403846153846154
3377,0.2668269230769231
3378,0.8993818681318682
3379,0.30322802197802196
3380,2.1274038461538463
3381,17.213255494505493
3382,2.9872939560439558
3383,1.2283653846153846
3384,4.415521978021978
3385,1.4436813186813189
3386,4.822458791208791
3387,0.9711538461538461
3388,0.9958791208791209
3389,1.2307692307692308
3390,1.3193681318681318
3391,0.2956730769230769
3392,0.384271978021978
3393,2.0621565934065935
3394,3.5879120879120885
3395,0.35027472527472525
3396,0.3832417582417582
3397,0.24278846153846154
3398,1.6105769230769231
3399,0.8430631868131868
3400,1.4093406593406594
3401,0.2383241758241758
3402,4.293956043956044
3403,1.932348901098901
3404,1.8025412087912087
3405,2.0501373626373622
3406,1.3258928571428572
3407,0.3887362637362637
3408,0.6861263736263736
3409,0.1778846153846154
3410,0.44814560439560436
3411,0.4684065934065934
3412,0.7400412087912087
3413,1.255151098901099
3414,0.26785714285714285
3415,0.21428571428571427
3416,2.224931318681319
3417,1.9083104395604396
3418,0.25068681318681324
3419,0.3358516483516483
3420,2.414491758241758
3421,0.19230769230769232
3422,2.7888049450549453
3423,1.8990384615384617
3424,1.0618131868131868
3425,0.7015796703296703
3426,1.1438873626373625
3427,0.9852335164835164
3428,0.6672390109890111
3429,4.0885989010989015
3430,1.8100961538461537
3431,1.9168956043956045
3432,1.3070054945054945
3433,1.5432692307692308
3434,0.426510989010989
3435,0.34203296703296704
3436,0.6538461538461539
3437,0.20089285714285715
3438,0.3894230769230769
3439,12.66929945054945
3440,3.149381868131868
3441,1.1730769230769231
3442,3.437843406593407
3443,2.9969093406593403
3444,1.54739010989011
3445,1.518543956043956
3446,1.8870192307692308
3447,0.8100961538461539
3448,1.25
3449,0.7582417582417582
3450,0.30322802197802196
3451,2.4378434065934065
3452,2.1356456043956045
3453,0.6991758241758241
3454,0.28674450549450553
3455,0.2345467032967033
3456,0.8739697802197803
3457,1.317651098901099
3458,0.5278159340659341
3459,1.1490384615384615
3460,5.201923076923077
3461,1.6572802197802197
3462,1.789835164835165
3463,1.3650412087912087
3464,0.1758241758241758
3465,0.44436813186813184
3466,0.7115384615384616
3467,1.8712225274725274
3468,0.5975274725274726
3469,0.28125
3470,0.4969093406593406
3471,0.33447802197802196
3472,0.13633241758241757
3473,0.08035714285714285
3474,1.8695054945054943
3475,2.149381868131868
3476,0.5453296703296703
3477,0.33104395604395603
3478,0.7269917582417582
3479,0.5889423076923077
3480,7.195054945054945
3481,2.376717032967033
3482,1.3454670329670328
3483,0.43578296703296704
3484,0.8203983516483517
3485,0.15178571428571427
3486,0.5243818681318682
3487,2.3392857142857144
3488,1.854739010989011
3489,0.8605769230769231
3490,1.5755494505494505
3491,1.3011675824175826
3492,1.5645604395604393
3493,0.5477335164835164
3494,0.4539835164835165
3495,0.14217032967032966
3496,0.38839285714285715
3497,3.460164835164835
3498,2.676510989010989
3499,0.9591346153846154
3500,3.006524725274725
3501,1.1383928571428572
3502,1.768543956043956
3503,1.9800824175824174
3504,0.7805631868131868
3505,0.7029532967032966
3506,1.1923076923076923
3507,0.570054945054945
3508,0.7256181318681318
3509,0.9591346153846154
3510,2.5130494505494507
3511,1.866414835164835
3512,0.5467032967032966
3513,0.4886675824175824
3514,0.856456043956044
3515,1.6699862637362637
3516,1.143543956043956
3517,0.478021978021978
3518,1.379120879120879
3519,2.4649725274725274
3520,2.0470467032967035
3521,1.0679945054945055
3522,0.6301510989010989
3523,0.8695054945054945
3524,1.5298763736263736
3525,0.23626373626373626
3526,0.7723214285714286
3527,0.7524038461538461
3528,0.7087912087912087
3529,1.1078296703296702
3530,0.18990384615384615
3531,0.706043956043956
3532,0.7716346153846154
3533,0.4429945054945055
3534,0.8787774725274725
3535,0.5401785714285714
3536,1.3798076923076923
3537,1.2750686813186813
3538,5.760989010989011
3539,1.82864010989011
3540,1.1342719780219779
3541,0.5274725274725274
3542,0.46256868131868123
3543,0.6016483516483516
3544,1.3787774725274726
3545,2.43853021978022
3546,2.1988324175824174
3547,1.1040521978021978
3548,1.0745192307692308
3549,1.8578296703296702
3550,0.43200549450549447
3551,0.8966346153846154
3552,0.5714285714285714
3553,0.4869505494505495
3554,0.18715659340659338
3555,6.2026098901098905
3556,3.630837912087912
3557,0.49759615384615385
3558,2.616071428571429
3559,2.2513736263736264
3560,1.3145604395604393
3561,2.6287774725274726
3562,1.3094093406593406
3563,0.5357142857142857
3564,0.13324175824175824
3565,0.7057005494505495
3566,1.1030219780219779
3567,4.416552197802198
3568,0.474587912087912
3569,1.4110576923076923
3570,1.0841346153846154
3571,1.1404532967032968
3572,0.23763736263736263
3573,0.3980082417582418
3574,0.10817307692307693
3575,0.3983516483516483
3576,1.2015796703296702
3577,1.7970467032967035
3578,0.6644917582417582
3579,0.3925137362637363
3580,0.5865384615384616
3581,0.7355769230769231
3582,0.7211538461538461
3583,0.15865384615384615
3584,1.244162087912088
3585,0.4217032967032967
3586,0.6875
3587,0.17994505494505492
3588,0.0
3589,0.5721153846153846
3590,1.979052197802198
3591,0.16311813186813184
3592,0.3042582417582418
3593,0.8588598901098902
3594,0.7640796703296703
3595,0.2970467032967033
3596,6.979739010989011
3597,1.9217032967032965
3598,2.2572115384615383
3599,2.239697802197802
3600,1.6854395604395607
3601,0.5116758241758241
3602,0.8756868131868132
3603,2.537431318681319
3604,1.7225274725274726
3605,2.1074862637362637
3606,1.1706730769230769
3607,1.9440247252747254
3608,0.448489010989011
3609,0.6054258241758241
3610,0.8856456043956044
3611,0.8337912087912087
3612,0.4419642857142857
3613,14.09787087912088
3614,3.6095467032967035
3615,1.3269230769230769
3616,4.229052197802198
3617,6.652815934065934
3618,1.8949175824175826
3619,1.1974587912087913
3620,2.550480769230769
3621,1.5257554945054945
3622,0.5989010989010989
3623,1.2565247252747254
3624,1.3485576923076923
3625,1.667239010989011
3626,1.0250686813186811
3627,1.5089285714285714
3628,1.2644230769230769
3629,1.1480082417582418
3630,0.8609203296703296
3631,1.527815934065934
3632,1.277815934065934
3633,0.3056318681318681
3634,2.1840659340659343
3635,3.12603021978022
3636,2.37603021978022
3637,0.9859203296703296
3638,0.7534340659340659
3639,1.5192307692307692
3640,1.8949175824175826
3641,0.4938186813186813
3642,1.1397664835164836
3643,0.9313186813186812
3644,0.8375686813186812
3645,0.364010989010989
3646,0.9055631868131868
3647,0.5673076923076923
3648,1.9982829670329674
3649,0.32864010989010983
3650,0.9859203296703298
3651,0.9344093406593407
3652,1.9859203296703296
3653,0.646978021978022
3654,7.186813186813186
3655,3.996222527472527
3656,2.7613324175824174
3657,1.3904532967032965
3658,1.1957417582417582
3659,0.8832417582417582
3660,1.2108516483516483
3661,1.7953296703296702
3662,3.1088598901098905
3663,1.880837912087912
3664,1.104739010989011
3665,2.241071428571429
3666,0.47870879120879123
3667,1.3451236263736264
3668,0.989010989010989
3669,0.9735576923076923
3670,0.2675137362637363
3671,9.075892857142858
3672,2.7026098901098905
3673,0.2548076923076923
3674,4.719436813186813
3675,6.802197802197802
3676,1.7750686813186811
3677,1.816620879120879
3678,1.9684065934065935
3679,0.8440934065934066
3680,0.9773351648351649
3681,1.1174450549450547
3682,1.3190247252747254
3683,2.4663461538461537
3684,1.4210164835164836
3685,0.5899725274725275
3686,0.6888736263736264
3687,0.6947115384615384
3688,0.5408653846153846
3689,2.2314560439560442
3690,1.4694368131868132
3691,0.4951923076923077
3692,2.994848901098901
3693,2.3780906593406597
3694,2.493475274725275
3695,1.2180631868131868
3696,1.2132554945054945
3697,0.6383928571428572
3698,1.6016483516483517
3699,0.4519230769230769
3700,1.8427197802197803
3701,1.7252747252747254
3702,0.7328296703296703
3703,0.4072802197802198
3704,0.40899725274725274
3705,0.6596840659340659
3706,2.2637362637362637
3707,0.22390109890109888
3708,0.47699175824175816
3709,0.39663461538461536
3710,1.3818681318681318
3711,1.087912087912088
3712,4.578983516483516
3713,4.905219780219781
3714,4.766826923076923
3715,1.4938186813186811
3716,1.3519917582417582
3717,0.512706043956044
3718,0.810782967032967
3719,9.764423076923077
3720,3.4227335164835164
3721,2.711881868131868
3722,0.5800137362637363
3723,2.3877060439560442
3724,0.6280906593406593
3725,4.519917582417582
3726,1.1418269230769231
3727,1.4296016483516483
3728,1.0367445054945055
3729,15.57245879120879
3730,4.0776098901098905
3731,1.6201923076923077
3732,3.9519230769230766
3733,4.472527472527473
3734,2.037087912087912
3735,2.843406593406593
3736,4.220467032967033
3737,1.3973214285714286
3738,0.1658653846153846
3739,1.575206043956044
3740,0.71875
3741,3.7997939560439558
3742,2.230769230769231
3743,0.5384615384615384
3744,2.0171703296703294
3745,0.6765109890109889
3746,3.457074175824176
3747,2.3763736263736264
3748,0.5274725274725275
3749,0.935782967032967
3750,6.512706043956044
3751,1.4680631868131868
3752,3.115728021978022
3753,3.0048076923076925
3754,2.208791208791209
3755,1.8712225274725274
3756,2.6923076923076925
3757,0.9660027472527473
3758,1.6136675824175826
3759,1.1109203296703298
3760,1.1404532967032968
3761,0.5089285714285714
3762,0.5501373626373626
3763,0.9227335164835163
3764,3.6339285714285716
3765,0.20673076923076922
3766,0.6620879120879121
3767,1.3509615384615385
3768,2.175824175824176
3769,0.0
3770,8.387706043956044
3771,2.1346153846153846
3772,1.321085164835165
3773,1.3581730769230769
3774,1.8701923076923077
3775,0.9168956043956044
3776,0.9038461538461539
3777,3.4532967032967035
3778,2.8451236263736264
3779,2.2328296703296706
3780,2.6521291208791213
3781,2.7548076923076925
3782,0.5889423076923077
3783,0.8327609890109889
3784,1.9412774725274726
3785,0.9996565934065934
3786,0.21119505494505492
3787,18.700892857142858
3788,6.628434065934066
3789,0.5528846153846154
3790,5.492445054945055
3791,2.354052197802198
3792,2.1449175824175826
3793,1.9876373626373625
3794,2.3011675824175826
3795,1.3183379120879122
3796,0.7918956043956044
3797,1.4893543956043955
3798,0.788804945054945
3799,2.0130494505494507
3800,2.293269230769231
3801,0.5343406593406594
3802,1.0247252747252746
3803,0.13083791208791207
3804,0.9773351648351649
3805,0.6291208791208791
3806,0.239010989010989
3807,0.6936813186813188
3808,1.9320054945054945
3809,1.0755494505494505
3810,1.2266483516483517
3811,2.0951236263736264
3812,0.6328983516483516
3813,0.22527472527472525
3814,0.8145604395604396
3815,0.2242445054945055
3816,1.5415521978021978
3817,0.6723901098901098
3818,0.4199862637362637
3819,0.6263736263736264
3820,1.3509615384615385
3821,0.3018543956043956
3822,3.7609890109890114
3823,3.071771978021978
3824,0.3334478021978022
3825,0.5693681318681318
3826,2.3925137362637363
3827,0.17273351648351648
3828,8.98385989010989
3829,2.540521978021978
3830,1.1826923076923077
3831,0.981456043956044
3832,0.7918956043956044
3833,0.4563873626373626
3834,0.7901785714285714
3835,2.8956043956043955
3836,2.103021978021978
3837,2.444368131868132
3838,1.8372252747252746
3839,0.7613324175824175
3840,2.3612637362637363
3841,0.3739697802197802
3842,0.4653159340659341
3843,0.8619505494505495
3844,0.7359203296703297
3845,7.778846153846153
3846,4.006181318681319
3847,1.1730769230769231
3848,2.164491758241758
3849,1.3262362637362637
3850,2.709821428571429
3851,1.70364010989011
3852,0.32211538461538464
3853,0.728021978021978
3854,1.7874313186813187
3855,0.5322802197802197
3856,0.9828296703296702
3857,1.1555631868131868
3858,2.2815934065934065
3859,1.2757554945054945
3860,0.5978708791208791
3861,0.6064560439560439
3862,1.2530906593406594
3863,2.1713598901098905
3864,1.1054258241758241
3865,1.8001373626373625
3866,1.9553571428571428
3867,1.9557005494505495
3868,2.413118131868132
3869,1.1212225274725276
3870,0.3674450549450549
3871,0.7527472527472527
3872,1.4443681318681318
3873,0.33688186813186816
3874,0.6510989010989011
3875,0.31490384615384615
3876,0.8114697802197803
3877,0.8949175824175825
3878,0.6280906593406593
3879,1.5092719780219779
3880,1.7651098901098903
3881,0.6548763736263735
3882,1.6823489010989012
3883,0.47218406593406587
3884,2.0930631868131866
3885,1.5892857142857142
3886,2.0789835164835164
3887,1.635989010989011
3888,1.8787774725274726
3889,0.43166208791208793
3890,0.3801510989010989
3891,0.28399725274725274
3892,0.40006868131868134
3893,1.1449175824175826
3894,1.39010989010989
3895,0.9241071428571428
3896,1.2407280219780221
3897,0.7012362637362637
3898,0.8114697802197803
3899,0.35061813186813184
3900,0.5683379120879121
3901,0.16929945054945056
3902,0.3440934065934066
3903,4.031936813186813
3904,1.5460164835164836
3905,0.7091346153846154
3906,1.231456043956044
3907,1.325206043956044
3908,1.5442994505494505
3909,1.6569368131868132
3910,0.17548076923076922
3911,0.49450549450549447
3912,1.4059065934065933
3913,0.3907967032967033
3914,0.36641483516483514
3915,3.9423076923076925
3916,0.9230769230769231
3917,0.9756181318681318
3918,0.7486263736263735
3919,0.2960164835164835
3920,0.5168269230769231
3921,1.4481456043956042
3922,0.7125686813186812
3923,0.15247252747252746
3924,2.2544642857142856
3925,1.5374313186813189
3926,2.732142857142857
3927,0.744162087912088
3928,0.5982142857142857
3929,0.6627747252747253
3930,0.9828296703296704
3931,0.3956043956043956
3932,0.7091346153846154
3933,0.44402472527472525
3934,0.6651785714285714
3935,0.6401098901098901
3936,0.13392857142857142
3937,0.9175824175824175
3938,2.137019230769231
3939,0.24828296703296707
3940,0.59375
3941,0.33825549450549447
3942,0.8880494505494506
3943,0.2846840659340659
3944,4.689217032967033
3945,3.300824175824176
3946,2.2994505494505493
3947,0.4563873626373626
3948,1.8506181318681318
3949,1.8763736263736264
3950,0.8365384615384616
3951,5.280563186813186
3952,2.2997939560439558
3953,1.9642857142857142
3954,1.2293956043956045
3955,1.213598901098901
3956,2.7788461538461537
3957,0.2692307692307692
3958,0.865728021978022
3959,0.3633241758241758
3960,2.2860576923076925
3961,17.12190934065934
3962,3.069024725274725
3963,1.125
3964,4.011675824175824
3965,1.3595467032967035
3966,4.764766483516484
3967,0.9831730769230769
3968,0.9910714285714286
3969,1.2644230769230769
3970,1.338598901098901
3971,0.3317307692307692
3972,0.3986950549450549
3973,2.0958104395604398
3974,3.5855082417582422
3975,0.24690934065934067
3976,0.332760989010989
3977,0.24278846153846154
3978,1.6322115384615383
3979,0.8118131868131868
3980,1.4598214285714286
3981,0.24072802197802196
3982,4.152129120879121
3983,1.9732142857142856
3984,1.744848901098901
3985,2.026098901098901
3986,1.2802197802197803
3987,0.3959478021978022
3988,0.7053571428571428
3989,0.15625
3990,0.43612637362637363
3991,0.47081043956043955
3992,0.7039835164835164
3993,1.2888049450549453
3994,0.27266483516483514
3995,0.22149725274725274
3996,2.241758241758242
3997,1.8890796703296704
3998,0.24587912087912092
3999,0.33825549450549447
4000,2.412087912087912
4001,0.1971153846153846
4002,2.3921703296703294
4003,1.7451923076923077
4004,0.9512362637362637
4005,0.759271978021978
4006,1.0717719780219779
4007,0.9275412087912087
4008,0.6023351648351649
4009,4.1823489010989015
4010,1.7019230769230769
4011,1.9337225274725274
4012,1.2877747252747254
4013,1.5697115384615383
4014,0.4217032967032967
4015,0.29395604395604397
4016,0.6538461538461539
4017,0.22493131868131866
4018,0.33653846153846156
4019,12.308722527472527
4020,3.312843406593407
4021,1.0865384615384615
4022,3.0772664835164836
4023,3.037774725274725
4024,1.45364010989011
4025,1.597870879120879
4026,1.9567307692307692
4027,0.78125
4028,1.2572115384615383
4029,0.7942994505494505
4030,0.28880494505494503
4031,2.211881868131868
4032,2.111607142857143
4033,0.6607142857142857
4034,0.29635989010989017
4035,0.18646978021978022
4036,0.7537774725274726
4037,1.3080357142857144
4038,0.41243131868131866
4039,1.1418269230769231
4040,5.1610576923076925
4041,1.6380494505494505
4042,1.7561813186813189
4043,1.3674450549450547
4044,0.15418956043956042
4045,0.45879120879120877
4046,0.7403846153846154
4047,1.9337225274725274
4048,0.619162087912088
4049,0.2764423076923077
4050,0.5137362637362637
4051,0.3537087912087912
4052,0.13873626373626374
4053,0.08035714285714285
4054,1.8526785714285712
4055,2.161401098901099
4056,0.5573489010989011
4057,0.3334478021978022
4058,0.6957417582417582
4059,0.5913461538461539
4060,7.0777565880721225
4061,2.4500693481276006
4062,1.2455790568654646
4063,0.4449549237170597
4064,0.7325762829403606
4065,0.12387309292649099
4066,0.5279993065187241
4067,2.2337031900138697
4068,1.8346914008321775
4069,0.9387135922330097
4070,1.5178571428571428
4071,1.2167995839112344
4072,1.450156033287101
4073,0.5011269070735089
4074,0.4865638002773925
4075,0.09960124826629681
4076,0.3528952843273232
4077,3.3200416088765605
4078,2.5694348127600555
4079,0.7305825242718447
4080,2.8111130374479885
4081,1.0974341192787795
4082,1.6594140083217752
4083,1.8420596393897364
4084,0.814753814147018
4085,0.6204056865464632
4086,1.1656553398058254
4087,0.5886789181692095
4088,0.7857142857142857
4089,0.9247572815533981
4090,2.3194348127600555
4091,1.9268377253814146
4092,0.5427357836338418
4093,0.5135228848821082
4094,0.8272364771151179
4095,1.5647538141470179
4096,1.172763522884882
4097,0.4598647711511789
4098,1.335384882108183
4099,2.3795076282940357
4100,1.9639389736477115
4101,0.9710471567267684
4102,0.6056692094313454
4103,0.8420596393897364
4104,1.4116678224687933
4105,0.20162968099861303
4106,0.7786927877947296
4107,0.708131067961165
4108,0.6959084604715673
4109,1.0976074895977808
4110,0.19235436893203883
4111,0.7012829403606102
4112,0.7645631067961165
4113,0.4382801664355062
4114,0.8595700416088765
4115,0.5429091539528432
4116,1.3853155339805825
4117,1.2684639389736476
4118,5.507628294036062
4119,1.6885402219140082
4120,1.1412968099861303
4121,0.5742891816920943
4122,0.47720180305131754
4123,0.5329403606102635
4124,1.3941574202496534
4125,2.355235783633842
4126,2.231622746185853
4127,1.109396671289875
4128,0.9611650485436893
4129,1.8081657420249653
4130,0.4185159500693481
4131,0.8737864077669903
4132,0.46705963938973644
4133,0.445128294036061
4134,0.18255894590846045
4135,6.185852981969488
4136,3.4650658807212205
4137,0.35436893203883496
4138,2.4874306518724
4139,2.124739944521498
4140,1.233529819694868
4141,2.5452496532593623
4142,1.2364771151178917
4143,0.5156900138696255
4144,0.13618238557558945
4145,0.6593273231622747
4146,1.1000346740638
4147,4.682212205270457
4148,0.4577843273231622
4149,1.2651699029126213
4150,1.0776699029126213
4151,1.1604542302357836
4152,0.2019764216366158
4153,0.38687586685159503
4154,0.06310679611650485
4155,0.3675450762829403
4156,1.1485783633841886
4157,1.7837205270457699
4158,0.5937066574202496
4159,0.3939840499306519
4160,0.5618932038834952
4161,0.7226941747572816
4162,0.6741504854368932
4163,0.16990291262135923
4164,1.2388176144244105
4165,0.40863384188626906
4166,0.7129854368932038
4167,0.20925797503467405
4168,0.0
4169,0.5697815533980582
4170,1.9771151178918172
4171,0.16556865464632453
4172,0.29707004160887657
4173,0.8496879334257975
4174,0.7571948682385575
4175,0.299497226074896
4176,6.869278779472955
4177,1.8558425797503468
4178,2.158373786407767
4179,2.189753814147018
4180,1.574722607489598
4181,0.5399618585298197
4182,0.8248092926490985
4183,2.4700069348127602
4184,1.5962205270457699
4185,2.0489771151178915
4186,1.1577669902912622
4187,1.8250693481276006
4188,0.3941574202496533
4189,0.5448162274618585
4190,0.783633841886269
4191,0.7541608876560333
4192,0.45258321775312066
4193,13.694001386962551
4194,3.4700069348127602
4195,0.8398058252427184
4196,3.9698335644937583
4197,5.699375866851596
4198,1.8078190013869626
4199,1.1317614424410543
4200,2.4387135922330097
4201,1.4306518723994452
4202,0.5644070735090153
4203,1.177617891816921
4204,1.2506067961165048
4205,1.6490117891816922
4206,0.9316920943134535
4207,1.3626907073509016
4208,1.2408980582524272
4209,0.990638002773925
4210,0.7834604715672677
4211,1.3802011095700417
4212,1.3334778085991679
4213,0.27981969486823854
4214,1.946341886269071
4215,2.963852288488211
4216,2.270891123439667
4217,0.919382801664355
4218,0.712638696255201
4219,1.4890776699029127
4220,1.7835471567267684
4221,0.33278432732316227
4222,1.041348821081831
4223,0.800624133148405
4224,0.7642163661581136
4225,0.3819348127600555
4226,0.8960644937586685
4227,0.5649271844660194
4228,1.9649791955617202
4229,0.33113730929264906
4230,0.9788488210818309
4231,0.9446081830790568
4232,1.9673196948682385
4233,0.6208391123439667
4234,6.942180998613037
4235,3.910454230235783
4236,2.6327149791955615
4237,1.3236823855755895
4238,1.2387309292649098
4239,0.7933425797503466
4240,1.2898751733703189
4241,1.691660887656033
4242,2.8885228848821085
4243,1.8030513176144243
4244,0.978502080443828
4245,2.195561719833565
4246,0.46489251040221913
4247,1.3486477115117892
4248,0.9735610263522885
4249,0.8713592233009708
4250,0.26534327323162277
4251,8.559812760055479
4252,2.5845180305131765
4253,0.1553398058252427
4254,4.420683079056865
4255,6.5781033287101245
4256,1.7205270457697641
4257,1.7006761442441054
4258,1.8694521497919556
4259,0.7494798890429959
4260,0.9026525658807213
4261,1.0830443828016643
4262,1.277739251040222
4263,2.0637135922330097
4264,1.240984743411928
4265,0.7096047156726768
4266,0.6908807212205271
4267,0.6377427184466019
4268,0.6128640776699029
4269,2.0669209431345354
4270,1.3994452149791956
4271,0.4575242718446602
4272,2.8027045769764216
4273,2.11000346740638
4274,2.2095180305131765
4275,1.0781033287101247
4276,1.1096567267683772
4277,0.6132108183079057
4278,1.430391816920943
4279,0.3859223300970874
4280,1.7376040221914009
4281,1.5598994452149793
4282,0.7153259361997226
4283,0.3576629680998613
4284,0.40664008321775313
4285,0.6574202496532593
4286,2.2571081830790565
4287,0.2167128987517337
4288,0.4602115117891816
4289,0.39684466019417475
4290,1.3561026352288488
4291,1.0761962552011097
4292,4.2432385575589455
4293,4.518550624133149
4294,4.407766990291262
4295,1.4037794729542301
4296,1.2654299583911235
4297,0.4595180305131762
4298,0.8369452149791956
4299,9.43507281553398
4300,3.338505547850208
4301,2.7397711511789185
4302,0.5905859916782248
4303,2.3672850208044385
4304,0.5863384188626907
4305,4.558425797503467
4306,1.1219660194174756
4307,1.3408460471567267
4308,0.9807558945908461
4309,15.788921636615811
4310,3.9218966712898755
4311,1.1844660194174756
4312,3.6480582524271847
4313,4.098040915395285
4314,1.924410540915395
4315,2.774185159500693
4316,4.246792649098475
4317,1.3308772538141471
4318,0.11893203883495146
4319,1.5426490984743413
4320,0.570995145631068
4321,3.738297503467406
4322,2.233009708737864
4323,0.3713592233009709
4324,2.027392510402219
4325,0.6592406380027739
4326,3.4412274618585297
4327,2.3729195561719836
4328,0.4717406380027739
4329,0.9971393897364771
4330,6.264129680998614
4331,1.4925450762829404
4332,3.0874653259361997
4333,2.9472087378640777
4334,2.068481276005548
4335,1.8248959778085991
4336,2.4526699029126213
4337,0.7165395284327323
4338,1.5256588072122053
4339,0.9466886269070737
4340,1.034240638002774
4341,0.5447295423023578
4342,0.5405686546463245
4343,0.9301317614424409
4344,3.59873439667129
4345,0.20449029126213591
4346,0.6428571428571428
4347,1.3950242718446602
4348,2.1790915395284327
4349,0.0
4350,7.975294729542303
4351,2.170509708737864
4352,1.2897884882108184
4353,1.2973300970873787
4354,1.8713592233009708
4355,0.9559639389736476
4356,0.8713592233009708
4357,3.0270457697642166
4358,2.7740117891816922
4359,2.172850208044383
4360,2.6791782246879334
4361,2.5722087378640777
4362,0.49393203883495146
4363,0.8030513176144244
4364,1.8644244105409156
4365,0.9149618585298197
4366,0.20440360610263522
4367,18.124133148404994
4368,6.407420249653259
4369,0.5
4370,5.0375346740638
4371,2.197988904299584
4372,2.1506588072122055
4373,1.7936026352288488
4374,2.273231622746186
4375,1.150745492371706
4376,0.7496532593619971
4377,1.3261962552011095
4378,0.7470527045769765
4379,1.9274445214979194
4380,1.9902912621359223
4381,0.4498092926490985
4382,1.022018030513176
4383,0.12161927877947296
4384,0.8808079056865465
4385,0.6230062413314841
4386,0.17987170596393898
4387,0.6132108183079057
4388,1.7540742024965326
4389,0.94625520110957
4390,1.180391816920943
4391,1.920249653259362
4392,0.5499306518723994
4393,0.2431518723994452
4394,0.7274618585298197
4395,0.14580443828016643
4396,1.4649791955617197
4397,0.7031033287101248
4398,0.42337031900138694
4399,0.6302011095700417
4400,1.3319174757281553
4401,0.29464285714285715
4402,3.752167128987518
4403,3.0363210818307906
4404,0.3335644937586685
4405,0.542995839112344
4406,2.38124133148405
4407,0.16799583911234395
4408,8.762916088765603
4409,2.4313453536754506
4410,1.1947815533980584
4411,0.9370665742024966
4412,0.8103328710124826
4413,0.45015603328710124
4414,0.8177877947295422
4415,2.824375866851595
4416,2.1073162274618586
4417,2.3124133148404993
4418,1.7641296809986131
4419,0.6836858529819695
4420,2.294469486823856
4421,0.3820214979195562
4422,0.5009535367545076
4423,0.8783807212205271
4424,0.669382801664355
4425,7.586165048543689
4426,3.918429264909848
4427,0.8907766990291263
4428,2.0979542302357834
4429,1.2874479889042996
4430,2.733183079056866
4431,1.6205790568654646
4432,0.22815533980582525
4433,0.7250346740638003
4434,1.7794729542302359
4435,0.5014736477115117
4436,0.9811026352288487
4437,1.0950936199722607
4438,2.1505721220527043
4439,1.2261615811373092
4440,0.6448509015256587
4441,0.5208044382801664
4442,1.259882108183079
4443,2.3654646324549238
4444,1.129160887656033
4445,1.7790395284327323
4446,1.8394590846047156
4447,1.8565360610263524
4448,2.3239424410540916
4449,1.1191920943134535
4450,0.30634535367545074
4451,0.7227808599167822
4452,1.3724861303744798
4453,0.31319348127600555
4454,0.6376560332871012
4455,0.3137135922330097
4456,0.7837205270457699
4457,0.8927704576976422
4458,0.6160714285714286
4459,1.4829230235783633
4460,1.7799063800277395
4461,0.6477115117891816
4462,1.6777045769764218
4463,0.4674930651872399
4464,2.0987343966712895
4465,1.5680478502080444
4466,2.026612343966713
4467,1.571341886269071
4468,1.8419729542302359
4469,0.4135748959778086
4470,0.37447988904299584
4471,0.34049930651872395
4472,0.42076976421636614
4473,0.9728675450762829
4474,1.2483529819694867
4475,0.8564493758668515
4476,1.3089459084604718
4477,0.7419382801664355
4478,0.8322642163661582
4479,0.3184812760055479
4480,0.5597260748959777
4481,0.20899791955617197
4482,0.2846740638002774
4483,3.961338418862691
4484,1.4940187239944522
4485,0.5024271844660194
4486,1.0632801664355063
4487,1.3454403606102636
4488,1.5403085991678225
4489,1.6445908460471568
4490,0.14320388349514562
4491,0.4840499306518724
4492,1.3749133148404993
4493,0.38687586685159503
4494,0.34552704576976423
4495,3.7196601941747574
4496,0.841626213592233
4497,0.7007628294036061
4498,0.7059639389736476
4499,0.3065187239944521
4500,0.3907766990291262
4501,1.4165221914008321
4502,0.6179785020804438
4503,0.13375520110957004
4504,2.0830443828016643
4505,1.3965846047156727
4506,2.6599341192787795
4507,0.67874479889043
4508,0.5253987517337032
4509,0.6157246879334257
4510,0.9537968099861304
4511,0.29403606102635227
4512,0.6717233009708737
4513,0.4452149791955617
4514,0.669122746185853
4515,0.6081830790568654
4516,0.13878294036061026
4517,0.8936373092926491
4518,2.132888349514563
4519,0.2556345353675451
4520,0.5673543689320388
4521,0.3505547850208044
4522,0.8740464632454924
4523,0.2872746185852982
4524,4.671549930651873
4525,3.2755721220527048
4526,2.270371012482663
4527,0.43802011095700416
4528,1.8081657420249653
4529,1.8425797503467407
4530,0.8100728155339806
4531,5.11875866851595
4532,2.28502080443828
4533,2.1044556171983357
4534,1.1871532593619973
4535,1.1728502080443826
4536,2.7718446601941746
4537,0.2821601941747573
4538,0.8271497919556172
4539,0.3502080443828016
4540,2.0758495145631066
4541,16.77895284327323
4542,2.86875866851595
4543,0.8058252427184466
4544,3.8372919556171983
4545,1.4718273231622747
4546,4.586858529819695
4547,0.9927184466019418
4548,0.9558772538141471
4549,1.1826456310679612
4550,1.3360783633841886
4551,0.30400485436893204
4552,0.3919036061026352
4553,2.214112343966713
4554,3.5901525658807216
4555,0.2285887656033287
4556,0.338245492371706
4557,0.30400485436893204
4558,1.6474514563106797
4559,0.8274965325936199
4560,1.4334257975034674
4561,0.22642163661581136
4562,3.935852981969487
4563,2.0436026352288486
4564,1.708651178918169
4565,1.8664181692094313
4566,1.2436719833564494
4567,0.4160887656033287
4568,0.625260055478502
4569,0.12378640776699029
4570,0.40620665742024964
4571,0.45258321775312066
4572,0.6230929264909847
4573,1.240984743411928
4574,0.27028432732316227
4575,0.2167128987517337
4576,2.2230409153952846
4577,1.8821948682385576
4578,0.24835298196948685
4579,0.34084604715672673
4580,2.420162968099861
4581,0.1875
4582,2.4958391123439667
4583,1.7008495145631068
4584,0.9707004160887656
4585,0.6740638002773924
4586,1.1000346740638
4587,0.9319521497919556
4588,0.6399098474341194
4589,3.979889042995839
4590,1.796116504854369
4591,1.9395804438280166
4592,1.1897538141470179
4593,1.516383495145631
4594,0.4037794729542302
4595,0.3163141470180305
4596,0.6304611650485437
4597,0.17024965325936198
4598,0.28944174757281554
4599,12.062153259361997
4600,2.9928051317614424
4601,0.9101941747572816
4602,2.9181692094313454
4603,2.891816920943134
4604,1.4257975034674064
4605,1.3772538141470179
4606,1.8398058252427185
4607,0.7566747572815534
4608,1.2433252427184467
4609,0.8346047156726768
4610,0.27739251040221913
4611,2.114771151178918
4612,2.070648404993065
4613,0.6734570041608876
4614,0.30660540915395285
4615,0.22122052704576978
4616,0.7685506241331485
4617,1.3435332871012484
4618,0.40143897364771153
4619,1.100121359223301
4620,4.869538834951456
4621,1.486910540915395
4622,1.6890603328710125
4623,1.1607142857142856
4624,0.13358183079056865
4625,0.43559292649098474
4626,0.679004854368932
4627,1.779386269070735
4628,0.5768030513176144
4629,0.2991504854368932
4630,0.4597780859916782
4631,0.3356449375866851
4632,0.13635575589459084
4633,0.08278432732316227
4634,1.8481276005547849
4635,2.140256588072122
4636,0.5454230235783634
4637,0.33113730929264906
4638,0.6744105409153952
4639,0.5794902912621359
4640,7.149381868131869
4641,2.5257554945054945
4642,1.2252747252747254
4643,0.4381868131868132
4644,0.7675137362637363
4645,0.12293956043956045
4646,0.570054945054945
4647,2.2142857142857144
4648,1.840315934065934
4649,0.875
4650,1.3447802197802197
4651,1.2194368131868132
4652,1.3914835164835164
4653,0.5164835164835164
4654,0.44917582417582413
4655,0.1253434065934066
4656,0.33791208791208793
4657,3.364010989010989
4658,2.6380494505494507
4659,0.6009615384615384
4660,2.8791208791208787
4661,1.1119505494505493
4662,1.643543956043956
4663,1.8550824175824174
4664,0.7853708791208791
4665,0.630837912087912
4666,1.1201923076923077
4667,0.5748626373626373
4668,0.6775412087912087
4669,0.90625
4670,2.462568681318681
4671,1.7005494505494505
4672,0.5322802197802197
4673,0.49107142857142855
4674,0.825206043956044
4675,1.5714285714285714
4676,1.2180631868131868
4677,0.4684065934065934
4678,1.2324862637362637
4679,2.4361263736263736
4680,1.9244505494505495
4681,0.9742445054945055
4682,0.5989010989010989
4683,0.8406593406593406
4684,1.4313186813186813
4685,0.1978021978021978
4686,0.7675137362637363
4687,0.7019230769230769
4688,0.6991758241758241
4689,1.088598901098901
4690,0.1875
4691,0.706043956043956
4692,0.7740384615384616
4693,0.43337912087912084
4694,0.8787774725274725
4695,0.5281593406593407
4696,1.3509615384615385
4697,1.2654532967032965
4698,5.544642857142858
4699,1.6771978021978022
4700,1.1366758241758241
4701,0.5731456043956044
4702,0.4601648351648351
4703,0.5872252747252746
4704,1.3307005494505495
4705,2.2462225274725274
4706,2.145947802197802
4707,1.1593406593406594
4708,0.8822115384615384
4709,1.716002747252747
4710,0.40075549450549447
4711,0.9230769230769231
4712,0.4728708791208791
4713,0.4100274725274725
4714,0.17994505494505492
4715,6.132898351648352
4716,3.400068681318681
4717,0.33653846153846156
4718,2.5271291208791213
4719,2.2225274725274726
4720,1.2160027472527473
4721,2.4893543956043955
4722,1.2901785714285714
4723,0.4996565934065934
4724,0.12603021978021978
4725,0.6071428571428572
4726,1.0958104395604393
4727,4.469436813186813
4728,0.46497252747252743
4729,1.1754807692307692
4730,1.1129807692307692
4731,1.0707417582417582
4732,0.18715659340659338
4733,0.4292582417582418
4734,0.0889423076923077
4735,0.40075549450549447
4736,1.1342719780219779
4737,1.806662087912088
4738,0.5851648351648351
4739,0.3660714285714286
4740,0.5649038461538461
4741,0.7644230769230769
4742,0.6778846153846154
4743,0.13701923076923078
4744,1.2345467032967035
4745,0.40487637362637363
4746,0.7019230769230769
4747,0.1919642857142857
4748,0.0
4749,0.5721153846153846
4750,1.9718406593406597
4751,0.1703296703296703
4752,0.29945054945054944
4753,0.8540521978021979
4754,0.742445054945055
4755,0.29945054945054944
4756,6.720123626373627
4757,1.7005494505494505
4758,2.074519230769231
4759,2.196428571428571
4760,1.5796703296703298
4761,0.554945054945055
4762,0.8396291208791209
4763,2.3787774725274726
4764,1.5446428571428572
4765,2.0594093406593403
4766,1.0480769230769231
4767,1.8238324175824174
4768,0.38839285714285715
4769,0.6078296703296704
4770,0.8616071428571428
4771,0.6871565934065934
4772,0.4251373626373626
4773,13.732486263736263
4774,3.37396978021978
4775,0.7475961538461539
4776,4.039148351648351
4777,5.542239010989012
4778,1.8348214285714286
4779,1.0628434065934067
4780,2.4447115384615383
4781,1.3550824175824174
4782,0.5460164835164836
4783,1.1219093406593406
4784,1.2091346153846154
4785,1.6239697802197803
4786,0.9481456043956044
4787,1.424793956043956
4788,1.2211538461538463
4789,0.9821428571428571
4790,0.7335164835164836
4791,1.446085164835165
4792,1.3331043956043955
4793,0.2960164835164835
4794,1.8956043956043955
4795,2.7774725274725274
4796,2.243818681318681
4797,0.896978021978022
4798,0.693337912087912
4799,1.4230769230769231
4800,1.6593406593406594
4801,0.34237637362637363
4802,0.9450549450549453
4803,0.8063186813186812
4804,0.818337912087912
4805,0.4072802197802198
4806,0.8911401098901098
4807,0.5697115384615384
4808,1.979052197802198
4809,0.34546703296703296
4810,0.9979395604395606
4811,0.9680631868131868
4812,1.9354395604395604
4813,0.6133241758241759
4814,7.095467032967033
4815,4.0370879120879115
4816,2.564217032967033
4817,1.380837912087912
4818,1.2317994505494505
4819,0.8592032967032966
4820,1.2613324175824174
4821,1.651098901098901
4822,2.8925137362637363
4823,1.8255494505494505
4824,0.9508928571428571
4825,2.087225274725275
4826,0.47149725274725274
4827,1.3355082417582418
4828,0.8880494505494506
4829,0.875
4830,0.2723214285714286
4831,8.667239010989011
4832,2.5078983516483517
4833,0.18509615384615385
4834,4.435782967032967
4835,6.631524725274725
4836,1.710164835164835
4837,1.722870879120879
4838,1.9419642857142858
4839,0.7431318681318682
4840,0.8883928571428572
4841,1.1294642857142856
4842,1.3021978021978022
4843,2.074519230769231
4844,1.2527472527472527
4845,0.40006868131868134
4846,0.6600274725274726
4847,0.6586538461538461
4848,0.5096153846153846
4849,2.1449175824175826
4850,1.3853021978021978
4851,0.4375
4852,2.5789835164835164
4853,2.0944368131868134
4854,2.2675137362637363
4855,1.1219093406593406
4856,1.04739010989011
4857,0.5927197802197803
4858,1.3853021978021978
4859,0.33653846153846156
4860,1.7321428571428572
4861,1.5425824175824174
4862,0.6871565934065934
4863,0.3447802197802198
4864,0.4065934065934066
4865,0.6476648351648351
4866,2.256524725274725
4867,0.21428571428571427
4868,0.48420329670329665
4869,0.3870192307692308
4870,1.3554258241758241
4871,1.087912087912088
4872,4.230425824175824
4873,4.655219780219781
4874,4.4639423076923075
4875,1.440934065934066
4876,1.301510989010989
4877,0.4790521978021978
4878,0.779532967032967
4879,9.192307692307692
4880,3.228021978021978
4881,2.7142857142857144
4882,0.5343406593406594
4883,2.241071428571429
4884,0.5848214285714286
4885,4.697802197802198
4886,1.1274038461538463
4887,1.29739010989011
4888,0.9526098901098902
4889,15.214285714285714
4890,3.822802197802198
4891,1.2091346153846154
4892,3.6658653846153846
4893,4.186469780219781
4894,1.8279532967032965
4895,2.98282967032967
4896,4.04739010989011
4897,1.3059752747252746
4898,0.1346153846153846
4899,1.4910714285714286
4900,0.5961538461538461
4901,3.595467032967033
4902,2.144230769230769
4903,0.42788461538461536
4904,2.009958791208791
4905,0.7438186813186812
4906,3.45467032967033
4907,2.450892857142857
4908,0.5851648351648351
4909,0.9333791208791209
4910,6.1304945054945055
4911,1.5065247252747251
4912,2.884958791208791
4913,2.829326923076923
4914,2.0309065934065935
4915,1.7173763736263736
4916,2.3197115384615383
4917,0.7087912087912088
4918,1.5824175824175826
4919,1.0171703296703298
4920,1.1116071428571428
4921,0.532967032967033
4922,0.5429258241758241
4923,0.917925824175824
4924,3.605082417582418
4925,0.18990384615384615
4926,0.6452609890109889
4927,1.3557692307692308
4928,2.1349587912087915
4929,0.0
4930,8.14010989010989
4931,2.2163461538461537
4932,1.2633928571428572
4933,1.3293269230769231
4934,1.8413461538461537
4935,0.9144917582417582
4936,0.9423076923076923
4937,2.9412774725274726
4938,2.758585164835165
4939,2.2760989010989015
4940,2.553571428571429
4941,2.46875
4942,0.5096153846153846
4943,0.8231456043956044
4944,1.8595467032967035
4945,0.898695054945055
4946,0.20638736263736263
4947,18.25618131868132
4948,6.4120879120879115
4949,0.47596153846153844
4950,5.1510989010989015
4951,2.255494505494506
4952,2.1713598901098905
4953,1.7544642857142856
4954,2.2939560439560442
4955,1.1644917582417582
4956,0.7317994505494505
4957,1.2874313186813187
4958,0.7527472527472527
4959,1.9529532967032965
4960,2.112980769230769
4961,0.5078983516483517
4962,1.0078983516483517
4963,0.17410714285714285
4964,0.9124313186813188
4965,0.657967032967033
4966,0.18853021978021978
4967,0.6071428571428572
4968,1.7637362637362637
4969,0.9481456043956044
4970,1.1353021978021978
4971,1.900412087912088
4972,0.5752060439560439
4973,0.18921703296703296
4974,0.7616758241758241
4975,0.1617445054945055
4976,1.4381868131868132
4977,0.6771978021978022
4978,0.41277472527472525
4979,0.5903159340659341
4980,1.3317307692307692
4981,0.2970467032967033
4982,3.720123626373627
4983,3.040521978021978
4984,0.33104395604395603
4985,0.5501373626373626
4986,2.366071428571429
4987,0.16311813186813184
4988,8.74587912087912
4989,2.5212912087912085
4990,1.2067307692307692
4991,0.9694368131868132
4992,0.7654532967032966
4993,0.43956043956043955
4994,0.8070054945054945
4995,2.823489010989011
4996,2.0645604395604398
4997,2.2977335164835164
4998,1.7747252747252746
4999,0.657967032967033
5000,2.257898351648352
5001,0.3595467032967033
5002,0.41964285714285715
5003,0.8162774725274726
5004,0.6926510989010989
5005,7.586538461538462
5006,4.042239010989012
5007,0.84375
5008,2.145260989010989
5009,1.2637362637362637
5010,2.729052197802198
5011,1.5594093406593406
5012,0.2692307692307692
5013,0.696771978021978
5014,1.7706043956043958
5015,0.5082417582417582
5016,0.980425824175824
5017,1.1483516483516483
5018,2.134958791208791
5019,1.299793956043956
5020,0.6315247252747253
5021,0.5511675824175823
5022,1.23385989010989
5023,2.2627060439560442
5024,1.0813873626373625
5025,1.7208104395604393
5026,1.7894917582417582
5027,1.8787774725274726
5028,2.2352335164835164
5029,1.097184065934066
5030,0.34100274725274726
5031,0.7118818681318682
5032,1.3145604395604393
5033,0.2335164835164835
5034,0.6102335164835164
5035,0.30528846153846156
5036,0.8114697802197803
5037,0.8660714285714286
5038,0.6160714285714286
5039,1.4828296703296702
5040,1.7963598901098903
5041,0.6692994505494505
5042,1.6727335164835166
5043,0.46497252747252743
5044,2.1050824175824174
5045,1.5676510989010988
5046,1.9876373626373625
5047,1.650412087912088
5048,1.7706043956043955
5049,0.42685439560439564
5050,0.37774725274725274
5051,0.2864010989010989
5052,0.364010989010989
5053,0.9862637362637363
5054,1.2819368131868132
5055,0.8640109890109889
5056,1.2455357142857144
5057,0.7276785714285714
5058,0.7994505494505495
5059,0.3049450549450549
5060,0.5563186813186812
5061,0.12362637362637362
5062,0.3368818681318681
5063,3.9862637362637363
5064,1.567651098901099
5065,0.5625
5066,1.0944368131868132
5067,1.3131868131868132
5068,1.5467032967032965
5069,1.558379120879121
5070,0.15625
5071,0.4296016483516483
5072,1.3626373626373625
5073,0.39560439560439564
5074,0.3447802197802198
5075,3.7596153846153846
5076,0.8605769230769231
5077,0.8025412087912087
5078,0.7317994505494505
5079,0.2767857142857143
5080,0.42788461538461536
5081,1.412087912087912
5082,0.6092032967032966
5083,0.13083791208791207
5084,2.071771978021978
5085,1.4196428571428572
5086,2.6095467032967035
5087,0.6624313186813188
5088,0.4996565934065934
5089,0.612293956043956
5090,0.8962912087912087
5091,0.3715659340659341
5092,0.6754807692307693
5093,0.4608516483516483
5094,0.6411401098901098
5095,0.5679945054945055
5096,0.13392857142857142
5097,0.8983516483516483
5098,2.0985576923076925
5099,0.2530906593406594
5100,0.5721153846153846
5101,0.34546703296703296
5102,0.8712225274725275
5103,0.28708791208791207
5104,4.8286401098901095
5105,3.26717032967033
5106,2.273008241758242
5107,0.44917582417582413
5108,1.7953296703296702
5109,1.9100274725274726
5110,0.78125
5111,5.09065934065934
5112,2.2493131868131866
5113,2.0916895604395602
5114,1.145260989010989
5115,1.1318681318681318
5116,2.7572115384615383
5117,0.2644230769230769
5118,0.8296703296703297
5119,0.2912087912087912
5120,2.0913461538461537
5121,16.932005494505493
5122,2.8719093406593403
5123,0.9038461538461539
5124,3.8938873626373622
5125,1.3451236263736264
5126,4.565247252747253
5127,0.9471153846153846
5128,0.9261675824175825
5129,1.2548076923076923
5130,1.355425824175824
5131,0.3245192307692308
5132,0.3794642857142857
5133,2.2496565934065935
5134,3.578296703296704
5135,0.31902472527472525
5136,0.3279532967032967
5137,0.19951923076923078
5138,1.7043269230769231
5139,0.8214285714285714
5140,1.5078983516483517
5141,0.22390109890109888
5142,4.0367445054945055
5143,1.8722527472527473
5144,1.7111950549450547
5145,1.8145604395604393
5146,1.2393543956043958
5147,0.37671703296703296
5148,0.6596840659340659
5149,0.11538461538461539
5150,0.3760302197802198
5151,0.4419642857142857
5152,0.6462912087912087
5153,1.2287087912087913
5154,0.26785714285714285
5155,0.21668956043956042
5156,2.2369505494505497
5157,1.9035027472527473
5158,0.2410714285714286
5159,0.33825549450549447
5160,2.400068681318681
5161,0.1875
5162,2.618131868131868
5163,1.6274038461538463
5164,0.9945054945054945
5165,0.6607142857142857
5166,1.0813873626373625
5167,0.9419642857142857
5168,0.5999313186813188
5169,3.9347527472527473
5170,1.7403846153846154
5171,1.9337225274725274
5172,1.237293956043956
5173,1.4423076923076923
5174,0.39285714285714285
5175,0.31078296703296704
5176,0.6177884615384616
5177,0.19127747252747251
5178,0.30528846153846156
5179,12.183722527472527
5180,2.822458791208791
5181,0.8701923076923077
5182,3.021978021978022
5183,2.9608516483516483
5184,1.39114010989011
5185,1.4031593406593406
5186,1.8028846153846154
5187,0.7740384615384616
5188,1.2019230769230769
5189,0.7991071428571428
5190,0.25274725274725274
5191,2.0916895604395602
5192,2.0659340659340657
5193,0.665521978021978
5194,0.29395604395604397
5195,0.23695054945054944
5196,0.8162774725274726
5197,1.3248626373626375
5198,0.44368131868131866
5199,1.15625
5200,4.730769230769231
5201,1.4481456043956042
5202,1.667239010989011
5203,1.1847527472527473
5204,0.11572802197802198
5205,0.4419642857142857
5206,0.6418269230769231
5207,1.784684065934066
5208,0.5710851648351649
5209,0.25240384615384615
5210,0.46325549450549447
5211,0.3224587912087912
5212,0.13633241758241757
5213,0.08516483516483515
5214,1.8719093406593403
5215,2.1277472527472527
5216,0.5429258241758241
5217,0.3406593406593406
5218,0.6668956043956044
5219,0.5985576923076923
5220,7.14217032967033
5221,2.439217032967033
5222,1.2012362637362637
5223,0.46703296703296704
5224,0.7867445054945055
5225,0.16140109890109888
5226,0.5315934065934066
5227,2.1902472527472527
5228,1.8475274725274726
5229,0.7668269230769231
5230,1.366414835164835
5231,1.2122252747252746
5232,1.4083104395604393
5233,0.4828296703296703
5234,0.43956043956043955
5235,0.11572802197802198
5236,0.3186813186813187
5237,3.397664835164835
5238,2.53228021978022
5239,0.8293269230769231
5240,2.8478708791208787
5241,1.0326236263736264
5242,1.6195054945054945
5243,1.8046016483516483
5244,0.7469093406593406
5245,0.6452609890109889
5246,1.1370192307692308
5247,0.5123626373626373
5248,0.6727335164835164
5249,0.9110576923076923
5250,2.455357142857143
5251,1.7894917582417582
5252,0.5731456043956044
5253,0.5054945054945055
5254,0.8540521978021978
5255,1.6844093406593406
5256,1.1050824175824174
5257,0.4515796703296703
5258,1.2613324175824174
5259,2.289491758241758
5260,1.9244505494505495
5261,0.9526098901098902
5262,0.5989010989010989
5263,0.814217032967033
5264,1.4000686813186813
5265,0.1833791208791209
5266,0.7434752747252747
5267,0.7403846153846154
5268,0.7087912087912087
5269,1.0741758241758241
5270,0.19471153846153846
5271,0.7012362637362637
5272,0.7788461538461539
5273,0.435782967032967
5274,0.8739697802197802
5275,0.532967032967033
5276,1.3461538461538463
5277,1.2486263736263736
5278,5.554258241758243
5279,1.70364010989011
5280,1.122252747252747
5281,0.5683379120879121
5282,0.47218406593406587
5283,0.5776098901098901
5284,1.496565934065934
5285,2.1212225274725274
5286,2.0978708791208787
5287,1.1256868131868132
5288,0.9495192307692308
5289,1.6799450549450547
5290,0.40796703296703296
5291,0.8653846153846154
5292,0.4296016483516483
5293,0.41243131868131866
5294,0.18956043956043955
5295,6.1929945054945055
5296,3.455357142857143
5297,0.34375
5298,2.5343406593406597
5299,2.2032967032967035
5300,1.1775412087912087
5301,2.3907967032967035
5302,1.268543956043956
5303,0.5140796703296703
5304,0.13324175824175824
5305,0.6528159340659341
5306,1.0621565934065933
5307,4.531936813186813
5308,0.46256868131868123
5309,1.2524038461538463
5310,1.0480769230769231
5311,1.0995879120879122
5312,0.20398351648351648
5313,0.448489010989011
5314,0.036057692307692304
5315,0.37671703296703296
5316,1.1559065934065933
5317,1.7321428571428572
5318,0.5659340659340659
5319,0.3756868131868132
5320,0.5721153846153846
5321,0.7692307692307692
5322,0.6899038461538461
5323,0.11538461538461539
5324,1.2393543956043958
5325,0.34958791208791207
5326,0.6754807692307693
5327,0.2015796703296703
5328,0.0
5329,0.5649038461538461
5330,1.979052197802198
5331,0.16311813186813184
5332,0.3018543956043956
5333,0.8276098901098902
5334,0.7376373626373626
5335,0.3186813186813187
5336,6.686469780219781
5337,1.7967032967032965
5338,2.074519230769231
5339,2.1074862637362637
5340,1.6686126373626375
5341,0.4732142857142857
5342,0.7723214285714286
5343,2.349931318681319
5344,1.4725274725274726
5345,2.0281593406593403
5346,0.9543269230769231
5347,1.7613324175824174
5348,0.34993131868131866
5349,0.6102335164835164
5350,0.7942994505494505
5351,0.6919642857142857
5352,0.44436813186813184
5353,13.929601648351648
5354,3.4653159340659343
5355,0.7283653846153846
5356,4.019917582417582
5357,5.609546703296704
5358,1.839629120879121
5359,1.0916895604395607
5360,2.4134615384615383
5361,1.393543956043956
5362,0.5123626373626373
5363,1.0930631868131868
5364,1.2596153846153846
5365,1.6095467032967035
5366,0.9625686813186812
5367,1.4296016483516483
5368,1.1658653846153846
5369,1.059065934065934
5370,0.7671703296703297
5371,1.5061813186813189
5372,1.4220467032967035
5373,0.30322802197802196
5374,1.854739010989011
5375,2.7630494505494507
5376,2.21978021978022
5377,0.8921703296703296
5378,0.6837225274725274
5379,1.3942307692307692
5380,1.7410714285714286
5381,0.33035714285714285
5382,0.9763049450549453
5383,0.8111263736263736
5384,0.8015109890109889
5385,0.4192994505494505
5386,0.8911401098901098
5387,0.5649038461538461
5388,1.9742445054945057
5389,0.33104395604395603
5390,0.9787087912087913
5391,0.956043956043956
5392,1.9811126373626373
5393,0.6301510989010989
5394,7.023351648351648
5395,4.1308379120879115
5396,2.6699862637362637
5397,1.364010989010989
5398,1.190934065934066
5399,0.8111263736263736
5400,1.2589285714285714
5401,1.6414835164835164
5402,2.9069368131868134
5403,1.7173763736263736
5404,0.9725274725274725
5405,2.1377060439560442
5406,0.43543956043956045
5407,1.3475274725274726
5408,0.8904532967032968
5409,0.8269230769230769
5410,0.2723214285714286
5411,8.852335164835164
5412,2.6280906593406597
5413,0.22596153846153846
5414,4.418956043956044
5415,6.55940934065934
5416,1.6332417582417582
5417,1.5618131868131868
5418,1.915521978021978
5419,0.7671703296703297
5420,0.8932005494505495
5421,1.0717719780219779
5422,1.2396978021978022
5423,2.170673076923077
5424,1.2671703296703298
5425,0.489010989010989
5426,0.6576236263736264
5427,0.625
5428,0.5432692307692308
5429,2.1328983516483517
5430,1.4550137362637363
5431,0.4591346153846154
5432,2.7063873626373622
5433,2.1208791208791213
5434,2.1737637362637363
5435,1.0762362637362637
5436,1.0738324175824174
5437,0.619162087912088
5438,1.387706043956044
5439,0.3629807692307692
5440,1.7706043956043955
5441,1.5233516483516483
5442,0.7256181318681318
5443,0.332760989010989
5444,0.4017857142857143
5445,0.6500686813186812
5446,2.2541208791208787
5447,0.21668956043956042
5448,0.46256868131868123
5449,0.3942307692307692
5450,1.3361950549450547
5451,1.0782967032967035
5452,4.396291208791209
5453,4.441277472527473
5454,4.5625
5455,1.4241071428571428
5456,1.2918956043956045
5457,0.5054945054945055
5458,0.8035714285714286
5459,9.067307692307692
5460,3.1535027472527473
5461,2.707074175824176
5462,0.4790521978021978
5463,2.1713598901098905
5464,0.5703983516483516
5465,4.938186813186813
5466,1.125
5467,1.2469093406593406
5468,0.9381868131868132
5469,15.639766483516482
5470,3.664148351648352
5471,1.2115384615384615
5472,3.6658653846153846
5473,4.0566620879120885
5474,1.832760989010989
5475,2.682348901098901
5476,4.309409340659341
5477,1.339629120879121
5478,0.15384615384615385
5479,1.4910714285714286
5480,0.49278846153846156
5481,3.833447802197802
5482,2.0865384615384617
5483,0.43509615384615385
5484,2.0003434065934065
5485,0.5923763736263736
5486,3.572458791208791
5487,2.325892857142857
5488,0.6019917582417582
5489,0.935782967032967
5490,5.9309752747252755
5491,1.4632554945054945
5492,2.894574175824176
5493,2.8461538461538463
5494,2.0357142857142856
5495,1.7317994505494505
5496,2.4591346153846154
5497,0.665521978021978
5498,1.558379120879121
5499,0.9690934065934067
5500,1.082760989010989
5501,0.4921016483516483
5502,0.5477335164835164
5503,0.9155219780219779
5504,3.5834478021978025
5505,0.19230769230769232
5506,0.6548763736263735
5507,1.3389423076923077
5508,2.1229395604395607
5509,0.0
5510,8.094436813186814
5511,2.0576923076923075
5512,1.3258928571428572
5513,1.3677884615384615
5514,1.8125
5515,0.9289148351648351
5516,0.90625
5517,2.931662087912088
5518,2.700892857142857
5519,2.0958104395604398
5520,2.5006868131868134
5521,2.4759615384615383
5522,0.5192307692307692
5523,0.8303571428571428
5524,1.8331043956043958
5525,0.8434065934065934
5526,0.18475274725274723
5527,18.388392857142858
5528,6.460164835164835
5529,0.4495192307692308
5530,5.304945054945055
5531,2.243475274725275
5532,2.1569368131868134
5533,1.7424450549450547
5534,2.2530906593406597
5535,1.1813186813186813
5536,0.7510302197802197
5537,1.2970467032967035
5538,0.7311126373626373
5539,2.00103021978022
5540,2.1658653846153846
5541,0.512706043956044
5542,1.0824175824175826
5543,0.12122252747252746
5544,0.8811813186813188
5545,0.6531593406593406
5546,0.22218406593406592
5547,0.6143543956043956
5548,1.7949862637362637
5549,0.912087912087912
5550,1.1473214285714286
5551,1.934065934065934
5552,0.5824175824175823
5553,0.20844780219780218
5554,0.7063873626373627
5555,0.1617445054945055
5556,1.4718406593406594
5557,0.6483516483516483
5558,0.47046703296703296
5559,0.5831043956043956
5560,1.3341346153846154
5561,0.29464285714285715
5562,3.7417582417582422
5563,3.026098901098901
5564,0.3262362637362637
5565,0.5501373626373626
5566,2.366071428571429
5567,0.16552197802197802
5568,8.74587912087912
5569,2.384271978021978
5570,1.2355769230769231
5571,0.935782967032967
5572,0.7846840659340659
5573,0.415521978021978
5574,0.8286401098901098
5575,2.6432005494505493
5576,2.0309065934065935
5577,2.355425824175824
5578,1.7266483516483517
5579,0.6603708791208791
5580,2.2314560439560442
5581,0.34512362637362637
5582,0.3980082417582418
5583,0.7922390109890111
5584,0.7070741758241759
5585,7.490384615384615
5586,3.9172390109890114
5587,1.0024038461538463
5588,2.12603021978022
5589,1.3238324175824174
5590,2.6593406593406597
5591,1.5858516483516483
5592,0.25961538461538464
5593,0.728021978021978
5594,1.7105082417582418
5595,0.4914148351648351
5596,0.9371565934065933
5597,1.299793956043956
5598,2.0676510989010985
5599,1.26614010989011
5600,0.626717032967033
5601,0.4886675824175824
5602,1.2723214285714286
5603,2.322802197802198
5604,1.151098901098901
5605,1.7833104395604393
5606,1.801510989010989
5607,1.8331043956043955
5608,2.2785027472527473
5609,1.0779532967032968
5610,0.33379120879120877
5611,0.6854395604395604
5612,1.309752747252747
5613,0.26717032967032966
5614,0.6318681318681318
5615,0.2956730769230769
5616,0.8571428571428572
5617,0.8973214285714286
5618,0.6208791208791209
5619,1.4876373626373625
5620,1.7819368131868134
5621,0.6572802197802197
5622,1.6895604395604396
5623,0.4697802197802197
5624,2.064217032967033
5625,1.5604395604395604
5626,2.0357142857142856
5627,1.6720467032967035
5628,1.7730082417582418
5629,0.448489010989011
5630,0.4017857142857143
5631,0.31043956043956045
5632,0.35679945054945056
5633,0.950206043956044
5634,1.2795329670329672
5635,0.8447802197802197
5636,1.2166895604395607
5637,0.6627747252747253
5638,0.8114697802197803
5639,0.259271978021978
5640,0.5106456043956044
5641,0.16208791208791207
5642,0.3272664835164835
5643,3.8516483516483513
5644,1.519574175824176
5645,0.5432692307692307
5646,1.1809752747252746
5647,1.2843406593406594
5648,1.5707417582417582
5649,1.5487637362637363
5650,0.25721153846153844
5651,0.4512362637362637
5652,1.2929258241758241
5653,0.3595467032967033
5654,0.35679945054945056
5655,3.7283653846153846
5656,0.8509615384615384
5657,0.759271978021978
5658,0.7293956043956044
5659,0.2695741758241758
5660,0.44711538461538464
5661,1.4505494505494505
5662,0.6596840659340659
5663,0.13083791208791207
5664,2.088598901098901
5665,1.4581043956043955
5666,2.6119505494505493
5667,0.6672390109890111
5668,0.5116758241758241
5669,0.6243131868131868
5670,0.9059065934065934
5671,0.3162774725274725
5672,0.6826923076923077
5673,0.4368131868131868
5674,0.6243131868131868
5675,0.5968406593406593
5676,0.13392857142857142
5677,0.8887362637362637
5678,2.1225961538461537
5679,0.24587912087912092
5680,0.5769230769230769
5681,0.3358516483516483
5682,0.8736263736263736
5683,0.2774725274725275
5684,4.4536401098901095
5685,3.2455357142857144
5686,2.323489010989011
5687,0.4419642857142857
5688,1.8434065934065933
5689,1.837912087912088
5690,0.7403846153846154
5691,4.9945054945054945
5692,2.321428571428571
5693,2.0892857142857144
5694,1.1957417582417582
5695,1.1366758241758241
5696,2.673076923076923
5697,0.2620192307692308
5698,0.8008241758241759
5699,0.29842032967032966
5700,2.0913461538461537
5701,16.994505494505493
5702,2.802197802197802
5703,0.90625
5704,3.9852335164835164
5705,1.4677197802197803
5706,4.644574175824176
5707,0.9086538461538461
5708,0.9478021978021978
5709,1.2139423076923077
5710,1.2905219780219779
5711,0.2956730769230769
5712,0.39629120879120877
5713,2.151098901098901
5714,3.595123626373627
5715,0.3118131868131868
5716,0.332760989010989
5717,0.23557692307692307
5718,1.7427884615384617
5719,0.9007554945054945
5720,1.45260989010989
5721,0.2503434065934066
5722,4.0367445054945055
5723,1.8818681318681318
5724,1.7568681318681318
5725,1.7977335164835164
5726,1.2369505494505495
5727,0.38152472527472525
5728,0.6236263736263736
5729,0.10336538461538461
5730,0.395260989010989
5731,0.44436813186813184
5732,0.6703296703296703
5733,1.2407280219780221
5734,0.2774725274725275
5735,0.21668956043956042
5736,2.224931318681319
5737,1.884271978021978
5738,0.2530906593406594
5739,0.35989010989010983
5740,2.395260989010989
5741,0.19471153846153846
5742,2.2503434065934065
5743,1.7692307692307692
5744,0.9416208791208791
5745,0.6703296703296703
5746,1.0549450549450547
5747,0.9131181318681318
5748,0.650412087912088
5749,3.9539835164835164
5750,1.7259615384615385
5751,1.8688186813186811
5752,1.206043956043956
5753,1.4711538461538463
5754,0.395260989010989
5755,0.3300137362637363
5756,0.625
5757,0.1816620879120879
5758,0.2692307692307692
5759,12.342376373626372
5760,2.916208791208791
5761,0.9399038461538461
5762,3.019574175824176
5763,2.9728708791208787
5764,1.48489010989011
5765,1.3743131868131868
5766,1.8100961538461537
5767,0.7475961538461539
5768,1.1706730769230769
5769,0.7582417582417582
5770,0.27197802197802196
5771,1.8945741758241756
5772,2.0779532967032965
5773,0.6703296703296704
5774,0.2987637362637363
5775,0.24416208791208793
5776,0.806662087912088
5777,1.3272664835164836
5778,0.45810439560439564
5779,1.1442307692307692
5780,4.778846153846154
5781,1.5106456043956045
5782,1.6600274725274726
5783,1.1967719780219779
5784,0.12293956043956045
5785,0.40350274725274726
5786,0.6778846153846154
5787,1.7606456043956042
5788,0.5734890109890111
5789,0.25240384615384615
5790,0.44883241758241754
5791,0.31524725274725274
5792,0.13392857142857142
5793,0.08035714285714285
5794,1.8526785714285712
5795,2.1277472527472527
5796,0.5453296703296703
5797,0.33825549450549447
5798,0.6596840659340659
5799,0.5889423076923077
5800,7.151785714285714
5801,2.4344093406593403
5802,1.23489010989011
5803,0.4453983516483517
5804,0.825206043956044
5805,0.1710164835164835
5806,0.5604395604395604
5807,2.163804945054945
5808,1.7393543956043955
5809,0.7716346153846154
5810,1.4938186813186811
5811,1.1425137362637363
5812,1.369848901098901
5813,0.509271978021978
5814,0.4203296703296703
5815,0.1253434065934066
5816,0.4100274725274725
5817,3.397664835164835
5818,2.4962225274725274
5819,0.6995192307692307
5820,2.9656593406593403
5821,1.0542582417582418
5822,1.64114010989011
5823,1.8382554945054945
5824,0.7108516483516483
5825,0.6212225274725274
5826,1.1009615384615385
5827,0.521978021978022
5828,0.665521978021978
5829,0.8942307692307692
5830,2.5971840659340657
5831,1.6548763736263736
5832,0.5346840659340659
5833,0.48626373626373626
5834,0.9141483516483517
5835,1.73489010989011
5836,1.1699862637362637
5837,0.4635989010989011
5838,1.3021978021978022
5839,2.424107142857143
5840,2.0037774725274726
5841,1.012706043956044
5842,0.6710164835164836
5843,0.7781593406593407
5844,1.474587912087912
5845,0.19539835164835165
5846,0.762706043956044
5847,0.7235576923076923
5848,0.742445054945055
5849,1.1078296703296702
5850,0.1875
5851,0.7132554945054945
5852,0.7668269230769231
5853,0.43337912087912084
5854,0.8667582417582417
5855,0.5401785714285714
5856,1.3389423076923077
5857,1.270260989010989
5858,5.640796703296704
5859,1.831043956043956
5860,1.1366758241758241
5861,0.6092032967032966
5862,0.46256868131868123
5863,0.5800137362637362
5864,1.5206043956043955
5865,2.1524725274725274
5866,2.071428571428571
5867,1.089629120879121
5868,0.9038461538461539
5869,1.7087912087912087
5870,0.38152472527472525
5871,0.8846153846153846
5872,0.4296016483516483
5873,0.39560439560439564
5874,0.196771978021978
5875,6.325206043956044
5876,3.56353021978022
5877,0.2980769230769231
5878,2.632898351648352
5879,2.167239010989011
5880,1.2232142857142856
5881,2.56146978021978
5882,1.2156593406593406
5883,0.49004120879120877
5884,0.12122252747252746
5885,0.6359890109890111
5886,1.0621565934065933
5887,4.565590659340659
5888,0.47699175824175816
5889,1.3629807692307692
5890,1.0865384615384617
5891,1.2366071428571428
5892,0.19917582417582416
5893,0.4677197802197802
5894,0.0673076923076923
5895,0.35989010989010983
5896,1.1030219780219779
5897,1.7682005494505495
5898,0.5827609890109889
5899,0.3203983516483517
5900,0.5961538461538461
5901,0.7043269230769231
5902,0.7067307692307692
5903,0.14903846153846154
5904,1.2345467032967035
5905,0.4337225274725275
5906,0.7355769230769231
5907,0.2135989010989011
5908,0.0
5909,0.5745192307692307
5910,1.962225274725275
5911,0.16311813186813184
5912,0.30666208791208793
5913,0.8636675824175825
5914,0.7496565934065934
5915,0.31387362637362637
5916,6.9941620879120885
5917,1.7942994505494505
5918,2.199519230769231
5919,2.1387362637362637
5920,1.6806318681318682
5921,0.5212912087912087
5922,0.8372252747252747
5923,2.3138736263736264
5924,1.587912087912088
5925,2.102678571428571
5926,0.9879807692307692
5927,1.6820054945054945
5928,0.36435439560439564
5929,0.6414835164835164
5930,0.7774725274725274
5931,0.6246565934065934
5932,0.44917582417582413
5933,14.194024725274724
5934,3.5782967032967035
5935,0.75
5936,4.221840659340659
5937,5.686469780219781
5938,1.8636675824175826
5939,1.1061126373626375
5940,2.3966346153846154
5941,1.393543956043956
5942,0.5315934065934066
5943,1.066620879120879
5944,1.2427884615384617
5945,1.4989697802197803
5946,0.9721840659340659
5947,1.4656593406593406
5948,1.2524038461538463
5949,1.0182005494505495
5950,0.7623626373626373
5951,1.4412774725274726
5952,1.3619505494505495
5953,0.3176510989010989
5954,1.9557005494505495
5955,2.7342032967032965
5956,2.1909340659340657
5957,0.848901098901099
5958,0.724587912087912
5959,1.3798076923076923
5960,1.7266483516483517
5961,0.37362637362637363
5962,1.002747252747253
5963,0.8039148351648351
5964,0.8087225274725274
5965,0.39285714285714285
5966,0.8911401098901098
5967,0.5673076923076923
5968,1.9526098901098903
5969,0.3262362637362637
5970,0.9690934065934067
5971,0.9271978021978021
5972,1.959478021978022
5973,0.615728021978022
5974,7.0473901098901095
5975,4.152472527472527
5976,2.6050824175824174
5977,1.4168956043956045
5978,1.207760989010989
5979,0.8736263736263736
5980,1.2613324175824174
5981,1.6366758241758241
5982,2.8252060439560442
5983,1.7366071428571428
5984,0.9124313186813187
5985,2.0463598901098905
5986,0.44745879120879123
5987,1.3427197802197803
5988,0.9024725274725275
5989,0.7956730769230769
5990,0.26270604395604397
5991,8.914835164835164
5992,2.7218406593406597
5993,0.21394230769230768
5994,4.5583791208791204
5995,6.727678571428571
5996,1.690934065934066
5997,1.6844093406593406
5998,1.927541208791209
5999,0.7623626373626373
6000,0.9148351648351649
6001,1.0861950549450547
6002,1.3142170329670328
6003,2.1177884615384617
6004,1.2936126373626375
6005,0.6644917582417582
6006,0.6624313186813188
6007,0.6586538461538461
6008,0.53125
6009,2.161744505494506
6010,1.356456043956044
6011,0.4735576923076923
6012,2.725618131868132
6013,2.123282967032967
6014,2.2194368131868134
6015,1.07864010989011
6016,1.0762362637362637
6017,0.5975274725274726
6018,1.4045329670329672
6019,0.3269230769230769
6020,1.7513736263736264
6021,1.5738324175824174
6022,0.7520604395604396
6023,0.364010989010989
6024,0.4065934065934066
6025,0.6476648351648351
6026,2.258928571428571
6027,0.21428571428571427
6028,0.46497252747252743
6029,0.3894230769230769
6030,1.3434065934065933
6031,1.0831043956043958
6032,4.417925824175824
6033,5.121565934065934
6034,4.545673076923077
6035,1.4842032967032965
6036,1.2991071428571428
6037,0.5583791208791209
6038,0.7915521978021978
6039,8.96875
6040,3.288118131868132
6041,2.649381868131868
6042,0.49347527472527475
6043,2.243475274725275
6044,0.5800137362637362
6045,4.635302197802198
6046,1.0504807692307692
6047,1.2108516483516483
6048,0.950206043956044
6049,16.12293956043956
6050,3.9213598901098905
6051,1.2451923076923077
6052,3.7836538461538463
6053,4.102335164835165
6054,1.8303571428571428
6055,2.8169642857142856
6056,4.218063186813187
6057,1.356456043956044
6058,0.13701923076923078
6059,1.4742445054945055
6060,0.46153846153846156
6061,3.6699862637362637
6062,2.1706730769230766
6063,0.5793269230769231
6064,2.041208791208791
6065,0.599587912087912
6066,3.4138049450549453
6067,2.443681318681319
6068,0.6957417582417582
6069,0.8853021978021978
6070,6.2122252747252755
6071,1.4584478021978022
6072,3.031593406593407
6073,2.8100961538461537
6074,2.1126373626373627
6075,1.7486263736263736
6076,2.4831730769230766
6077,0.8001373626373626
6078,1.5631868131868132
6079,0.9859203296703298
6080,1.0755494505494505
6081,0.49450549450549447
6082,0.5357142857142857
6083,0.9251373626373625
6084,3.590659340659341
6085,0.19230769230769232
6086,0.6548763736263735
6087,1.40625
6088,2.146978021978022
6089,0.0
6090,8.375686813186814
6091,2.2019230769230766
6092,1.323489010989011
6093,1.4543269230769231
6094,1.9230769230769231
6095,0.9962225274725274
6096,0.9711538461538461
6097,2.9893543956043955
6098,2.744162087912088
6099,2.103021978021978
6100,2.6112637362637363
6101,2.420673076923077
6102,0.5
6103,0.8832417582417582
6104,1.809065934065934
6105,0.8650412087912087
6106,0.20879120879120877
6107,18.650412087912088
6108,6.683722527472527
6109,0.59375
6110,5.605425824175824
6111,2.3131868131868134
6112,2.1689560439560442
6113,1.8169642857142856
6114,2.2314560439560442
6115,1.2678571428571428
6116,0.7390109890109889
6117,1.3667582417582418
6118,0.7359203296703297
6119,2.051510989010989
6120,2.2475961538461537
6121,0.575206043956044
6122,1.0559752747252746
6123,0.13564560439560439
6124,0.9364697802197803
6125,0.6675824175824175
6126,0.27987637362637363
6127,0.6407967032967034
6128,1.8863324175824174
6129,0.9481456043956044
6130,1.1569368131868132
6131,1.934065934065934
6132,0.6353021978021978
6133,0.22046703296703296
6134,0.7929258241758241
6135,0.17376373626373626
6136,1.450206043956044
6137,0.6651785714285714
6138,0.4103708791208791
6139,0.5879120879120879
6140,1.3149038461538463
6141,0.3018543956043956
6142,3.785027472527473
6143,3.038118131868132
6144,0.3406593406593406
6145,0.5429258241758241
6146,2.3636675824175826
6147,0.16792582417582416
6148,8.81559065934066
6149,2.5212912087912085
6150,1.2524038461538463
6151,0.9550137362637363
6152,0.7846840659340659
6153,0.4924450549450549
6154,0.845467032967033
6155,2.619162087912088
6156,2.052541208791209
6157,2.353021978021978
6158,1.714629120879121
6159,0.6555631868131868
6160,2.2675137362637363
6161,0.34512362637362637
6162,0.3907967032967033
6163,0.8210851648351649
6164,0.6926510989010989
6165,7.6923076923076925
6166,4.003777472527473
6167,0.9278846153846154
6168,2.303914835164835
6169,1.2805631868131868
6170,2.7074175824175826
6171,1.5714285714285714
6172,0.22596153846153846
6173,0.7304258241758241
6174,1.7657967032967035
6175,0.5322802197802197
6176,0.9611950549450549
6177,1.14114010989011
6178,2.1926510989010985
6179,1.2156593406593406
6180,0.5978708791208791
6181,0.5391483516483516
6182,1.385302197802198
6183,2.243475274725275
6184,1.1150412087912087
6185,1.7544642857142856
6186,1.818337912087912
6187,1.8643543956043955
6188,2.2953296703296706
6189,1.1212225274725276
6190,0.3626373626373626
6191,0.6998626373626373
6192,1.309752747252747
6193,0.2190934065934066
6194,0.6054258241758241
6195,0.3125
6196,0.8595467032967034
6197,0.8684752747252747
6198,0.623282967032967
6199,1.494848901098901
6200,1.7675137362637365
6201,0.6452609890109889
6202,1.725618131868132
6203,0.4673763736263736
6204,2.0858516483516483
6205,1.5604395604395604
6206,2.1438873626373622
6207,1.619162087912088
6208,1.9052197802197803
6209,0.4412774725274725
6210,0.3537087912087912
6211,0.2864010989010989
6212,0.36160714285714285
6213,0.8949175824175825
6214,1.2050137362637363
6215,0.8255494505494505
6216,1.1974587912087913
6217,0.6387362637362637
6218,0.7778159340659341
6219,0.30254120879120877
6220,0.5058379120879121
6221,0.13804945054945056
6222,0.32967032967032966
6223,3.918956043956044
6224,1.5868818681318682
6225,0.5456730769230769
6226,1.2194368131868132
6227,1.5030906593406592
6228,1.5731456043956045
6229,1.5247252747252746
6230,0.22355769230769232
6231,0.4031593406593406
6232,1.3626373626373625
6233,0.36435439560439564
6234,0.364010989010989
6235,4.274038461538462
6236,0.84375
6237,0.7977335164835164
6238,0.7197802197802197
6239,0.28880494505494503
6240,0.5288461538461539
6241,1.3832417582417582
6242,0.5707417582417582
6243,0.16929945054945056
6244,2.100618131868132
6245,1.4749313186813189
6246,2.679258241758242
6247,0.6480082417582418
6248,0.49004120879120877
6249,0.6171016483516483
6250,0.9347527472527473
6251,0.323489010989011
6252,0.6730769230769231
6253,0.41277472527472525
6254,0.6651785714285714
6255,0.5944368131868132
6256,0.13392857142857142
6257,0.8839285714285714
6258,2.105769230769231
6259,0.24347527472527475
6260,0.5769230769230769
6261,0.3406593406593406
6262,0.8712225274725275
6263,0.27987637362637363
6264,4.80940934065934
6265,3.2623626373626378
6266,2.232142857142857
6267,0.4563873626373626
6268,1.8458104395604393
6269,1.8186813186813187
6270,0.8389423076923077
6271,5.061813186813186
6272,2.2228708791208787
6273,2.053228021978022
6274,1.1332417582417582
6275,1.0958104395604393
6276,2.735576923076923
6277,0.2620192307692308
6278,0.757554945054945
6279,0.28880494505494503
6280,2.105769230769231
6281,16.847870879120876
6282,2.9055631868131866
6283,0.8317307692307693
6284,4.23282967032967
6285,1.6119505494505495
6286,4.683035714285714
6287,0.9831730769230769
6288,0.9478021978021978
6289,1.2596153846153846
6290,1.3842719780219779
6291,0.2956730769230769
6292,0.39629120879120877
6293,2.3313873626373627
6294,3.5999313186813193
6295,0.30219780219780223
6296,0.34958791208791207
6297,0.23076923076923078
6298,1.7235576923076923
6299,0.8550824175824175
6300,1.3612637362637363
6301,0.2695741758241758
6302,4.351648351648352
6303,1.980425824175824
6304,1.8049450549450547
6305,1.8506181318681318
6306,1.3114697802197803
6307,0.393543956043956
6308,0.6476648351648351
6309,0.13221153846153846
6310,0.4072802197802198
6311,0.4419642857142857
6312,0.7208104395604396
6313,1.2767857142857144
6314,0.2750686813186813
6315,0.21668956043956042
6316,2.2393543956043955
6317,1.8794642857142858
6318,0.2410714285714286
6319,0.33825549450549447
6320,2.3904532967032965
6321,0.19951923076923078
6322,2.416208791208791
6323,1.6706730769230769
6324,0.9512362637362637
6325,0.6727335164835164
6326,1.0837912087912087
6327,0.898695054945055
6328,0.650412087912088
6329,3.8986950549450547
6330,1.7596153846153846
6331,1.9024725274725274
6332,1.206043956043956
6333,1.5096153846153846
6334,0.36881868131868134
6335,0.2987637362637363
6336,0.59375
6337,0.15521978021978022
6338,0.30528846153846156
6339,12.520260989010989
6340,3.000343406593407
6341,0.9375
6342,3.219093406593407
6343,2.9103708791208787
6344,1.518543956043956
6345,1.4368131868131868
6346,1.75
6347,0.7427884615384616
6348,1.2067307692307692
6349,0.7846840659340659
6350,0.2503434065934066
6351,2.0772664835164836
6352,2.176510989010989
6353,0.7544642857142857
6354,0.3131868131868132
6355,0.22493131868131866
6356,0.8186813186813188
6357,1.3945741758241759
6358,0.385989010989011
6359,1.1610576923076923
6360,5.043269230769231
6361,1.4793956043956045
6362,1.6864697802197803
6363,1.1967719780219779
6364,0.17822802197802196
6365,0.40350274725274726
6366,0.6875
6367,1.801510989010989
6368,0.5734890109890111
6369,0.2596153846153846
6370,0.501717032967033
6371,0.31524725274725274
6372,0.13392857142857142
6373,0.08035714285714285
6374,1.8791208791208789
6375,2.1349587912087915
6376,0.5453296703296703
6377,0.3262362637362637
6378,0.6548763736263735
6379,0.5985576923076923
6380,7.655426490984743
6381,2.5617198335644935
6382,1.3790742024965326
6383,0.4498092926490985
6384,0.7617024965325936
6385,0.16028085991678223
6386,0.5813973647711512
6387,2.160887656033287
6388,1.7643030513176146
6389,0.8440533980582524
6390,1.5178571428571428
6391,1.197382108183079
6392,1.4088938973647709
6393,0.5253987517337032
6394,0.425884188626907
6395,0.1263002773925104
6396,0.4281380027739251
6397,3.6355755894590844
6398,2.6810852981969484
6399,0.8179611650485437
6400,3.0950936199722605
6401,1.2163661581137308
6402,1.6885402219140082
6403,1.8639042995839112
6404,0.785627600554785
6405,0.6082697642163661
6406,1.1219660194174756
6407,0.5304264909847434
6408,0.7687239944521498
6409,1.012135922330097
6410,2.6980755894590844
6411,1.6986823855755895
6412,0.5548717059639389
6413,0.5208044382801664
6414,0.8539355062413315
6415,1.7176664355062412
6416,1.0635402219140082
6417,0.5035540915395285
6418,1.369365464632455
6419,2.459604715672677
6420,2.014909847434119
6421,0.9880374479889044
6422,0.6566400832177531
6423,0.822642163661581
6424,1.4747746185852981
6425,0.19920249653259361
6426,0.7932558945908461
6427,0.7639563106796117
6428,0.7735783633841886
6429,1.129160887656033
6430,0.18992718446601942
6431,0.7012829403606102
6432,0.7888349514563107
6433,0.44313453536754505
6434,0.8765603328710124
6435,0.5259188626907073
6436,1.3610436893203883
6437,1.2393377253814146
6438,5.92995839112344
6439,1.856015950069348
6440,1.1243065187239942
6441,0.5815707350901524
6442,0.4723474341192787
6443,0.605755894590846
6444,1.4694001386962552
6445,2.2605755894590844
6446,2.2194868238557555
6447,1.1166782246879334
6448,0.9199029126213593
6449,1.7207871012482663
6450,0.40880721220527044
6451,0.9150485436893204
6452,0.406380027739251
6453,0.3941574202496533
6454,0.2019764216366158
6455,6.562066574202497
6456,3.5670076282940357
6457,0.24757281553398058
6458,2.751993758668516
6459,2.1805651872399445
6460,1.2311026352288488
6461,2.5136962552011095
6462,1.2389042995839112
6463,0.49627253814147015
6464,0.1410367545076283
6465,0.6132108183079057
6466,1.029646324549237
6467,4.665221914008321
6468,0.4723474341192787
6469,1.0879854368932038
6470,1.1237864077669903
6471,1.1555998613037448
6472,0.22624826629680997
6473,0.4402739251040222
6474,0.050970873786407765
6475,0.41123439667128986
6476,1.1412968099861303
6477,1.7715846047156727
6478,0.583997919556172
6479,0.376993758668516
6480,0.5788834951456311
6481,0.7324029126213593
6482,0.7299757281553398
6483,0.12864077669902912
6484,1.2436719833564494
6485,0.44989597780859913
6486,0.7275485436893204
6487,0.21896671289875172
6488,0.0
6489,0.5673543689320388
6490,1.9576976421636618
6491,0.16556865464632453
6492,0.3164875173370319
6493,0.8448335644937587
6494,0.7571948682385575
6495,0.30920596393897365
6496,7.274618585298198
6497,1.950502773925104
6498,2.2020631067961167
6499,2.226161581137309
6500,1.73248959778086
6501,0.6079230235783634
6502,0.8563626907073509
6503,2.4020457697642166
6504,1.6423370319001387
6505,2.330530513176144
6506,1.0194174757281553
6507,1.8323509015256587
6508,0.3941574202496533
6509,0.6613210818307906
6510,0.7617891816920943
6511,0.734743411927878
6512,0.4088938973647711
6513,14.708564493758669
6514,3.758841886269071
6515,0.9538834951456311
6516,4.416435506241331
6517,5.752773925104023
6518,1.851508321775312
6519,1.136615811373093
6520,2.5722087378640777
6521,1.4743411927877947
6522,0.5619798890429959
6523,1.1169382801664356
6524,1.2651699029126213
6525,1.5640603328710125
6526,1.0724687933425796
6527,1.2291955617198336
6528,1.3088592233009708
6529,1.2187933425797504
6530,0.9242371705963939
6531,1.5355409153952844
6532,1.3771671289875174
6533,0.34049930651872395
6534,2.0604195561719836
6535,2.876473647711512
6536,2.229628987517337
6537,0.9169556171983357
6538,0.7660367545076282
6539,1.4720873786407767
6540,1.8005374479889042
6541,0.4177357836338419
6542,1.1044556171983357
6543,0.9049930651872399
6544,0.8370319001386962
6545,0.3819348127600555
6546,0.9033460471567267
6547,0.5794902912621359
6548,1.9552704576976425
6549,0.3335644937586685
6550,1.0006934812760058
6551,0.9615984743411927
6552,1.9551837725381414
6553,0.6426837725381415
6554,7.34752080443828
6555,4.366764909847434
6556,2.826889736477115
6557,1.4596047156726768
6558,1.2605755894590844
6559,0.8855755894590845
6560,1.2680305131761442
6561,1.650398751733703
6562,3.024445214979196
6563,1.8200416088765603
6564,0.9518030513176143
6565,2.13245492371706
6566,0.45032940360610263
6567,1.3656380027739252
6568,0.9395804438280166
6569,0.9053398058252426
6570,0.2677704576976422
6571,9.324375866851595
6572,2.710731622746186
6573,0.20145631067961164
6574,4.923110263522885
6575,6.750433425797503
6576,1.771497919556172
6577,1.6885402219140082
6578,1.9592579750346741
6579,0.8659847434119279
6580,0.9754680998613038
6581,1.0854715672676836
6582,1.335991678224688
6583,2.3525485436893203
6584,1.3307905686546464
6585,0.44018723994452147
6586,0.6738904299583912
6587,0.7639563106796117
6588,0.6080097087378641
6589,2.278085991678225
6590,1.3290568654646324
6591,0.46480582524271846
6592,3.0502773925104023
6593,2.333304438280167
6594,2.5007801664355065
6595,1.119365464632455
6596,1.2091712898751734
6597,0.6544729542302359
6598,1.56874133148405
6599,0.5388349514563107
6600,1.8104195561719834
6601,1.664268377253814
6602,0.7711511789181692
6603,0.37708044382801664
6604,0.4042128987517337
6605,0.650138696255201
6606,2.237690707350901
6607,0.21428571428571427
6608,0.4577843273231622
6609,0.4016990291262136
6610,1.3391123439667127
6611,1.0834778085991679
6612,4.563626907073509
6613,5.363210818307906
6614,4.577669902912621
6615,1.4474687933425796
6616,1.4013522884882108
6617,0.6245665742024966
6618,0.7665568654646324
6619,9.010315533980583
6620,3.2656900138696257
6621,2.674237170596394
6622,0.5687413314840499
6623,2.31874133148405
6624,0.5814840499306518
6625,4.466192787794729
6626,1.1171116504854368
6627,1.185506241331484
6628,1.0341539528432733
6629,15.815620665742024
6630,4.0796636615811375
6631,1.2354368932038835
6632,4.070388349514563
6633,4.085904993065188
6634,2.014216366158114
6635,2.7232142857142856
6636,4.079316920943135
6637,1.3502947295423025
6638,0.13349514563106796
6639,1.5790568654646324
6640,0.554004854368932
6641,3.8596567267683772
6642,2.29126213592233
6643,0.46359223300970875
6644,2.068654646324549
6645,0.5645804438280165
6646,3.48248959778086
6647,2.363210818307906
6648,0.5930998613037448
6649,0.9922850208044383
6650,6.3053918169209435
6651,1.473127600554785
6652,3.0049410540915398
6653,2.8574029126213594
6654,2.1704230235783637
6655,1.7326629680998613
6656,2.5109223300970873
6657,0.8645977808599168
6658,1.5911927877947296
6659,1.0049410540915398
6660,1.1289008321775311
6661,0.5253120665742025
6662,0.542995839112344
6663,0.9228502080443827
6664,3.6084431345353676
6665,0.19235436893203883
6666,0.6477115117891816
6667,1.3561893203883495
6668,2.2106449375866855
6669,0.0
6670,9.040828710124828
6671,2.3768203883495147
6672,1.4427011095700417
6673,1.4478155339805825
6674,2.0266990291262137
6675,0.9947988904299583
6676,0.9296116504854369
6677,3.145977808599168
6678,2.757021497919556
6679,2.138869625520111
6680,2.691314147018031
6681,2.475121359223301
6682,0.5788834951456311
6683,0.9025658807212205
6684,1.9323855755894592
6685,0.9489424410540915
6686,0.22382108183079055
6687,19.364424410540916
6688,7.019070735090152
6689,0.633495145631068
6690,6.0885055478502075
6691,2.3970180305131765
6692,2.3254160887656035
6693,1.883408460471567
6694,2.278085991678225
6695,1.2599687933425798
6696,0.7423717059639389
6697,1.374739944521498
6698,0.8441400832177531
6699,2.296376560332871
6700,2.5533980582524274
6701,0.6488384188626908
6702,1.206484049930652
6703,0.22113384188626906
6704,0.970613730929265
6705,0.6715499306518724
6706,0.27938626907073505
6707,0.7054438280166436
6708,2.093880027739251
6709,1.0481969486823854
6710,1.2701976421636616
6711,1.995492371705964
6712,0.7441054091539528
6713,0.24072468793342577
6714,0.834257975034674
6715,0.2210471567267684
6716,1.5038141470180306
6717,0.7055305131761442
6718,0.4282246879334258
6719,0.6617545076282941
6720,1.3197815533980584
6721,0.29707004160887657
6722,3.759448682385576
6723,3.0144764216366156
6724,0.32628294036061023
6725,0.5527045769764216
6726,2.38124133148405
6727,0.16556865464632453
6728,8.930391816920944
6729,2.596393897364771
6730,1.2578883495145632
6731,0.9734743411927879
6732,0.7860610263522885
6733,0.5132628294036061
6734,0.8784674063800277
6735,2.656900138696255
6736,2.1000346740638003
6737,2.39251040221914
6738,1.6524791955617197
6739,0.6448509015256587
6740,2.1925277392510405
6741,0.36260402219140087
6742,0.37716712898751736
6743,0.7934292649098476
6744,0.8028779472954231
6745,7.741504854368932
6746,4.010662274618586
6747,0.8592233009708737
6748,2.330963938973648
6749,1.3092926490984742
6750,2.6555131761442445
6751,1.5793169209431346
6752,0.21601941747572814
6753,0.7031900138696255
6754,1.7673370319001387
6755,0.5160367545076282
6756,0.9325589459084603
6757,1.0732489597780859
6758,2.119018723994452
6759,1.3208217753120666
6760,0.6157246879334257
6761,0.5038141470180305
6762,1.2671636615811375
6763,2.210124826629681
6764,1.092753120665742
6765,1.7741851595006932
6766,1.9147018030513174
6767,1.9778952843273232
6768,2.3579230235783637
6769,1.1119105409153953
6770,0.40343273231622745
6771,0.698509015256588
6772,1.3943307905686546
6773,0.30105755894590847
6774,0.6279472954230235
6775,0.3161407766990291
6776,0.86624479889043
6777,0.9510228848821083
6778,0.6209257975034674
6779,1.4974861303744798
6780,1.7847607489597783
6781,0.6477115117891816
6782,1.6704230235783635
6783,0.4844833564493758
6784,2.089025658807212
6785,1.5680478502080444
6786,2.172243411927878
6787,1.954837031900139
6788,2.007021497919556
6789,0.46211858529819694
6790,0.37690707350901526
6791,0.29680998613037446
6792,0.37708044382801664
6793,0.9752947295423025
6794,1.31874133148405
6795,0.871012482662968
6796,1.282246879334258
6797,0.6764042995839112
6798,0.8055651872399445
6799,0.2869278779472954
6800,0.5281726768377253
6801,0.1580270457697642
6802,0.3162274618585298
6803,4.036581137309293
6804,1.574115811373093
6805,0.5315533980582524
6806,1.2453190013869626
6807,1.393984049930652
6808,1.642250346740638
6809,1.494105409153953
6810,0.1650485436893204
6811,0.46705963938973644
6812,1.333651178918169
6813,0.40386615811373094
6814,0.34552704576976423
6815,3.95752427184466
6816,0.8586165048543689
6817,0.7201803051317615
6818,0.7326629680998612
6819,0.32350901525658804
6820,0.7281553398058253
6821,1.3679785020804438
6822,0.5500173370319
6823,0.1410367545076283
6824,2.2165395284327323
6825,1.5325069348127602
6826,2.655079750346741
6827,0.7224341192787795
6828,0.5909327323162274
6829,0.6327149791955617
6830,0.9246705963938974
6831,0.3814147018030513
6832,0.7057038834951457
6833,0.4597780859916782
6834,0.6739771151178918
6835,0.6421636615811372
6836,0.13878294036061026
6837,0.8984916782246879
6838,2.1401699029126213
6839,0.24592579750346744
6840,0.5649271844660194
6841,0.33113730929264906
6842,0.8789008321775312
6843,0.27028432732316227
6844,5.125433425797503
6845,3.2852808599167824
6846,2.292215672676838
6847,0.4404472954230236
6848,1.8494278779472952
6849,1.9809292649098476
6850,0.8634708737864077
6851,5.213418862690707
6852,2.275312066574202
6853,2.119018723994452
6854,1.1434639389736478
6855,1.138869625520111
6856,2.7718446601941746
6857,0.2942961165048544
6858,0.7664701803051318
6859,0.2701109570041609
6860,2.1899271844660193
6861,17.20128294036061
6862,2.963418862690707
6863,0.9150485436893204
6864,4.351855062413315
6865,1.5082350901525658
6866,4.783460471567268
6867,0.9781553398058253
6868,1.031119972260749
6869,1.274878640776699
6870,1.304524965325936
6871,0.2651699029126213
6872,0.38704923717059636
6873,2.1946948682385576
6874,3.667822468793343
6875,0.26499653259362
6876,0.37708044382801664
6877,0.2408980582524272
6878,1.7566747572815533
6879,0.8541955617198336
6880,1.5280859916782248
6881,0.23855755894590844
6882,4.489251040221914
6883,2.094573509015256
6884,1.8397191400832176
6885,1.9319521497919556
6886,1.3092059639389737
6887,0.3918169209431345
6888,0.642250346740638
6889,0.12864077669902912
6890,0.41106102635228847
6891,0.4477288488210818
6892,0.7080443828016644
6893,1.3089459084604718
6894,0.26785714285714285
6895,0.2167128987517337
6896,2.210904993065187
6897,1.9088938973647713
6898,0.24592579750346744
6899,0.3384188626907073
6900,2.395891123439667
6901,0.19720873786407767
6902,2.5977808599167824
6903,1.766383495145631
6904,1.03623439667129
6905,0.6983356449375867
6906,1.1825589459084602
6907,0.9562239944521498
6908,0.707871012482663
6909,4.052704576976422
6910,1.825242718446602
6911,1.9905513176144243
6912,1.281986823855756
6913,1.5285194174757282
6914,0.40620665742024964
6915,0.31874133148404993
6916,0.649878640776699
6917,0.14112343966712898
6918,0.2942961165048544
6919,12.642250346740637
6920,2.9442614424410545
6921,0.9660194174757282
6922,3.311373092926491
6923,3.010748959778086
6924,1.5762829403606102
6925,1.4136615811373092
6926,1.8228155339805825
6927,0.7663834951456311
6928,1.1972087378640777
6929,0.7787794729542301
6930,0.27739251040221913
6931,2.2822468793342576
6932,2.196861997226075
6933,0.8118065187239945
6934,0.3235957004160888
6935,0.2260748959778086
6936,0.853502080443828
6937,1.324115811373093
6938,0.46211858529819694
6939,1.1559466019417475
6940,5.226334951456311
6941,1.613124133148405
6942,1.749739944521498
6943,1.3063453536754506
6944,0.1554264909847434
6945,0.425884188626907
6946,0.708131067961165
6947,1.8109396671289875
6948,0.6010748959778087
6949,0.2651699029126213
6950,0.4500693481276005
6951,0.3307905686546463
6952,0.13392857142857142
6953,0.08035714285714285
6954,1.872399445214979
6955,2.1305478502080444
6956,0.542995839112344
6957,0.34327323162274614
6958,0.6865464632454923
6959,0.6183252427184466
6960,7.675824175824176
6961,2.5473901098901095
6962,1.3719093406593406
6963,0.49828296703296704
6964,0.7867445054945055
6965,0.1662087912087912
6966,0.5339972527472527
6967,2.1758241758241756
6968,1.8907967032967035
6969,0.8653846153846154
6970,1.5130494505494505
6971,1.2386675824175826
6972,1.5333104395604393
6973,0.540521978021978
6974,0.46600274725274726
6975,0.14697802197802198
6976,0.448489010989011
6977,3.551510989010989
6978,2.7342032967032965
6979,0.9326923076923077
6980,3.2228708791208787
6981,1.1648351648351647
6982,1.768543956043956
6983,1.9921016483516483
6984,0.845467032967033
6985,0.6524725274725274
6986,1.2235576923076923
6987,0.5364010989010989
6988,0.6607142857142857
6989,0.9278846153846154
6990,2.693337912087912
6991,1.770260989010989
6992,0.5515109890109889
6993,0.5583791208791209
6994,0.8179945054945055
6995,1.6243131868131868
6996,1.1507554945054945
6997,0.5140796703296703
6998,1.4993131868131868
6999,2.5442994505494507
7000,2.0326236263736264
7001,1.0920329670329672
7002,0.692651098901099
7003,0.8358516483516483
7004,1.5130494505494505
7005,0.23145604395604397
7006,0.8155906593406594
7007,0.8197115384615384
7008,0.8025412087912087
7009,1.0958104395604393
7010,0.1875
7011,0.7084478021978021
7012,0.7644230769230769
7013,0.435782967032967
7014,0.871565934065934
7015,0.5473901098901098
7016,1.3894230769230769
7017,1.2942994505494505
7018,5.912431318681319
7019,1.79739010989011
7020,1.1703296703296702
7021,0.5635302197802197
7022,0.4601648351648351
7023,0.592032967032967
7024,1.3186813186813189
7025,2.3111263736263736
7026,2.1868131868131866
7027,1.1232829670329672
7028,1.0576923076923077
7029,1.8626373626373625
7030,0.42239010989010983
7031,0.9158653846153846
7032,0.4921016483516483
7033,0.41964285714285715
7034,0.18715659340659338
7035,6.553571428571429
7036,3.75103021978022
7037,0.35096153846153844
7038,2.8780906593406597
7039,2.210508241758242
7040,1.2039835164835164
7041,2.616758241758242
7042,1.29739010989011
7043,0.5501373626373627
7044,0.14766483516483514
7045,0.7008928571428572
7046,1.0405219780219779
7047,4.690590659340659
7048,0.4697802197802197
7049,1.1875
7050,1.1201923076923077
7051,1.0851648351648353
7052,0.23042582417582416
7053,0.38358516483516486
7054,0.08173076923076923
7055,0.37671703296703296
7056,1.2111950549450547
7057,1.8042582417582418
7058,0.6644917582417582
7059,0.3516483516483517
7060,0.6538461538461539
7061,0.6995192307692308
7062,0.7403846153846154
7063,0.15144230769230768
7064,1.2393543956043958
7065,0.4192994505494505
7066,0.7115384615384616
7067,0.19436813186813184
7068,0.0
7069,0.5673076923076923
7070,1.9862637362637365
7071,0.16552197802197802
7072,0.3114697802197802
7073,0.8348214285714286
7074,0.7616758241758241
7075,0.3018543956043956
7076,7.297046703296704
7077,1.9457417582417582
7078,2.3341346153846154
7079,2.4344093406593403
7080,1.7359203296703298
7081,0.6438873626373627
7082,0.8492445054945055
7083,2.49896978021978
7084,1.667239010989011
7085,2.1531593406593403
7086,1.2043269230769231
7087,1.8959478021978022
7088,0.4605082417582418
7089,0.6246565934065934
7090,0.8423763736263736
7091,0.7953296703296704
7092,0.41792582417582413
7093,14.713255494505495
7094,3.8403159340659343
7095,1.2572115384615385
7096,4.555975274725275
7097,6.184065934065934
7098,1.9429945054945055
7099,1.2022664835164836
7100,2.6177884615384617
7101,1.5521978021978022
7102,0.6133241758241759
7103,1.2925824175824174
7104,1.2740384615384617
7105,1.7225274725274726
7106,1.0923763736263736
7107,1.7276785714285714
7108,1.3413461538461537
7109,1.152815934065934
7110,1.021978021978022
7111,1.5374313186813189
7112,1.494162087912088
7113,0.38976648351648346
7114,2.289835164835165
7115,3.111607142857143
7116,2.4096840659340657
7117,0.9835164835164836
7118,0.8231456043956044
7119,1.5576923076923077
7120,1.92135989010989
7121,0.4481456043956044
7122,1.098901098901099
7123,0.9793956043956044
7124,0.8567994505494505
7125,0.3447802197802198
7126,0.8887362637362637
7127,0.5745192307692307
7128,1.962225274725275
7129,0.32864010989010983
7130,0.9907280219780221
7131,0.9320054945054945
7132,1.9811126373626373
7133,0.6565934065934066
7134,7.393543956043956
7135,4.368818681318681
7136,2.852678571428571
7137,1.380837912087912
7138,1.3063186813186811
7139,0.9409340659340659
7140,1.3983516483516483
7141,1.7376373626373625
7142,3.1449175824175826
7143,1.8904532967032965
7144,0.9677197802197801
7145,2.154532967032967
7146,0.45707417582417587
7147,1.3619505494505495
7148,1.0010302197802199
7149,0.8413461538461539
7150,0.2723214285714286
7151,9.335508241758241
7152,2.774725274725275
7153,0.24519230769230768
7154,4.9958791208791204
7155,6.814217032967033
7156,1.8928571428571428
7157,1.9199862637362637
7158,2.026098901098901
7159,0.8176510989010989
7160,1.0446428571428572
7161,1.1799450549450547
7162,1.4464285714285714
7163,2.53125
7164,1.457074175824176
7165,0.7005494505494505
7166,0.6624313186813188
7167,0.7836538461538461
7168,0.6370192307692308
7169,2.2386675824175826
7170,1.4886675824175826
7171,0.4735576923076923
7172,3.307348901098901
7173,2.4093406593406597
7174,2.5776098901098905
7175,1.3094093406593406
7176,1.2949862637362637
7177,0.6624313186813188
7178,1.6641483516483517
7179,0.6850961538461539
7180,1.934065934065934
7181,1.831043956043956
7182,0.7929258241758241
7183,0.3832417582417582
7184,0.4138049450549451
7185,0.6452609890109889
7186,2.2348901098901095
7187,0.23351648351648352
7188,0.4673763736263736
7189,0.40865384615384615
7190,1.3866758241758241
7191,1.1432005494505495
7192,4.761675824175824
7193,5.1816620879120885
7194,4.971153846153847
7195,1.489010989010989
7196,1.3519917582417582
7197,0.6617445054945055
7198,0.8372252747252747
7199,9.42548076923077
7200,3.3602335164835164
7201,2.6950549450549453
7202,0.5824175824175825
7203,2.4646291208791213
7204,0.6280906593406593
7205,4.524725274725275
7206,1.125
7207,1.3839285714285714
7208,0.9886675824175825
7209,15.690247252747252
7210,4.022321428571429
7211,1.4879807692307692
7212,4.081730769230769
7213,4.489354395604396
7214,2.06353021978022
7215,2.70157967032967
7216,4.2541208791208796
7217,1.3468406593406594
7218,0.20432692307692307
7219,1.5920329670329672
7220,0.6033653846153846
7221,3.6507554945054945
7222,2.2956730769230766
7223,0.3870192307692308
7224,2.0508241758241756
7225,0.6981456043956044
7226,3.4522664835164836
7227,2.3451236263736264
7228,0.5851648351648351
7229,1.089629120879121
7230,6.781936813186814
7231,1.5113324175824177
7232,3.2479395604395607
7233,2.9302884615384617
7234,2.2496565934065935
7235,1.8255494505494505
7236,2.5841346153846154
7237,0.9491758241758241
7238,1.6184752747252746
7239,1.1325549450549453
7240,1.1789148351648353
7241,0.5738324175824175
7242,0.5381181318681318
7243,0.9227335164835163
7244,3.5690247252747254
7245,0.19230769230769232
7246,0.6717032967032966
7247,1.3533653846153846
7248,2.178228021978022
7249,0.0
7250,8.988667582417582
7251,2.3822115384615383
7252,1.383585164835165
7253,1.3605769230769231
7254,2.0769230769230766
7255,1.0635302197802197
7256,0.8918269230769231
7257,3.3907967032967035
7258,2.7682005494505493
7259,2.2039835164835164
7260,2.7074175824175826
7261,2.5336538461538463
7262,0.5985576923076923
7263,0.9168956043956044
7264,1.9869505494505495
7265,0.9852335164835164
7266,0.2328296703296703
7267,19.200892857142858
7268,6.979395604395604
7269,0.9086538461538461
7270,6.273695054945055
7271,2.553571428571429
7272,2.399725274725275
7273,1.9275412087912087
7274,2.317994505494506
7275,1.3592032967032968
7276,0.7774725274725274
7277,1.4821428571428572
7278,0.771978021978022
7279,2.272664835164835
7280,2.6514423076923075
7281,0.6112637362637363
7282,1.1473214285714286
7283,0.176510989010989
7284,1.0326236263736264
7285,0.689217032967033
7286,0.21737637362637363
7287,0.6720467032967034
7288,2.1315247252747254
7289,1.0731456043956045
7290,1.3035714285714286
7291,2.135989010989011
7292,0.7194368131868132
7293,0.2348901098901099
7294,0.8578296703296704
7295,0.21222527472527472
7296,1.6304945054945055
7297,0.7252747252747253
7298,0.4368131868131868
7299,0.6672390109890111
7300,1.3221153846153846
7301,0.3018543956043956
7302,3.7561813186813193
7303,3.071771978021978
7304,0.32383241758241754
7305,0.5525412087912088
7306,2.428571428571429
7307,0.17273351648351648
7308,8.935782967032967
7309,2.7039835164835164
7310,1.1514423076923077
7311,0.9790521978021978
7312,0.7486263736263735
7313,0.44917582417582413
7314,0.8118131868131868
7315,2.7850274725274726
7316,2.0982142857142856
7317,2.3794642857142856
7318,1.839629120879121
7319,0.7252747252747253
7320,2.3804945054945055
7321,0.38118131868131866
7322,0.4340659340659341
7323,0.8763736263736264
7324,0.8561126373626373
7325,7.78125
7326,4.071085164835165
7327,0.9543269230769231
7328,2.337568681318681
7329,1.2709478021978022
7330,2.8468406593406597
7331,1.737293956043956
7332,0.25961538461538464
7333,0.7256181318681318
7334,1.7994505494505495
7335,0.5010302197802197
7336,0.949175824175824
7337,1.1267170329670328
7338,2.2551510989010985
7339,1.2829670329670328
7340,0.6555631868131868
7341,0.5535714285714286
7342,1.2578983516483517
7343,2.2026098901098905
7344,1.2568681318681318
7345,1.744848901098901
7346,1.9529532967032965
7347,2.0975274725274726
7348,2.3938873626373627
7349,1.1717032967032968
7350,0.3986950549450549
7351,0.7239010989010989
7352,1.4083104395604393
7353,0.36092032967032966
7354,0.6390796703296703
7355,0.3269230769230769
7356,0.8451236263736264
7357,0.9141483516483517
7358,0.6425137362637363
7359,1.4900412087912087
7360,1.7675137362637365
7361,0.6572802197802197
7362,1.677541208791209
7363,0.47699175824175816
7364,2.0978708791208787
7365,1.5796703296703296
7366,2.2063873626373622
7367,1.8499313186813189
7368,2.023008241758242
7369,0.4340659340659341
7370,0.42101648351648346
7371,0.3128434065934066
7372,0.40006868131868134
7373,1.027129120879121
7374,1.3540521978021978
7375,0.9217032967032966
7376,1.317651098901099
7377,0.6916208791208791
7378,0.869162087912088
7379,0.3674450549450549
7380,0.5659340659340659
7381,0.21016483516483517
7382,0.45947802197802196
7383,4.019917582417582
7384,1.5315934065934067
7385,0.5096153846153846
7386,1.2987637362637363
7387,1.3324175824175826
7388,1.630837912087912
7389,1.6016483516483517
7390,0.14423076923076922
7391,0.48489010989010983
7392,1.3818681318681318
7393,0.4100274725274725
7394,0.3760302197802198
7395,3.9326923076923075
7396,0.9086538461538461
7397,0.8794642857142857
7398,0.7245879120879121
7399,0.26717032967032966
7400,0.6201923076923077
7401,1.4048763736263736
7402,0.6236263736263736
7403,0.13804945054945056
7404,2.3890796703296706
7405,1.5061813186813189
7406,2.756181318681319
7407,0.7249313186813188
7408,0.5789835164835164
7409,0.6771978021978022
7410,0.9371565934065934
7411,0.4052197802197802
7412,0.7451923076923077
7413,0.47046703296703296
7414,0.7012362637362637
7415,0.6497252747252746
7416,0.13633241758241757
7417,0.8863324175824175
7418,2.110576923076923
7419,0.2410714285714286
7420,0.5793269230769231
7421,0.34306318681318676
7422,0.8808379120879122
7423,0.2774725274725275
7424,4.9320054945054945
7425,3.353708791208791
7426,2.273008241758242
7427,0.4876373626373626
7428,1.9155219780219779
7429,1.871565934065934
7430,0.875
7431,5.177197802197802
7432,2.3550824175824174
7433,2.021978021978022
7434,1.2269917582417582
7435,1.1342719780219779
7436,2.7403846153846154
7437,0.2668269230769231
7438,0.8993818681318682
7439,0.30322802197802196
7440,2.1274038461538463
7441,17.213255494505493
7442,2.9872939560439558
7443,1.2283653846153846
7444,4.415521978021978
7445,1.4436813186813189
7446,4.822458791208791
7447,0.9711538461538461
7448,0.9958791208791209
7449,1.2307692307692308
7450,1.3193681318681318
7451,0.2956730769230769
7452,0.384271978021978
7453,2.0621565934065935
7454,3.5879120879120885
7455,0.35027472527472525
7456,0.3832417582417582
7457,0.24278846153846154
7458,1.6105769230769231
7459,0.8430631868131868
7460,1.4093406593406594
7461,0.2383241758241758
7462,4.293956043956044
7463,1.932348901098901
7464,1.8025412087912087
7465,2.0501373626373622
7466,1.3258928571428572
7467,0.3887362637362637
7468,0.6861263736263736
7469,0.1778846153846154
7470,0.44814560439560436
7471,0.4684065934065934
7472,0.7400412087912087
7473,1.255151098901099
7474,0.26785714285714285
7475,0.21428571428571427
7476,2.224931318681319
7477,1.9083104395604396
7478,0.25068681318681324
7479,0.3358516483516483
7480,2.414491758241758
7481,0.19230769230769232
7482,2.7888049450549453
7483,1.8990384615384617
7484,1.0618131868131868
7485,0.7015796703296703
7486,1.1438873626373625
7487,0.9852335164835164
7488,0.6672390109890111
7489,4.0885989010989015
7490,1.8100961538461537
7491,1.9168956043956045
7492,1.3070054945054945
7493,1.5432692307692308
7494,0.426510989010989
7495,0.34203296703296704
7496,0.6538461538461539
7497,0.20089285714285715
7498,0.3894230769230769
7499,12.66929945054945
7500,3.149381868131868
7501,1.1730769230769231
7502,3.437843406593407
7503,2.9969093406593403
7504,1.54739010989011
7505,1.518543956043956
7506,1.8870192307692308
7507,0.8100961538461539
7508,1.25
7509,0.7582417582417582
7510,0.30322802197802196
7511,2.4378434065934065
7512,2.1356456043956045
7513,0.6991758241758241
7514,0.28674450549450553
7515,0.2345467032967033
7516,0.8739697802197803
7517,1.317651098901099
7518,0.5278159340659341
7519,1.1490384615384615
7520,5.201923076923077
7521,1.6572802197802197
7522,1.789835164835165
7523,1.3650412087912087
7524,0.1758241758241758
7525,0.44436813186813184
7526,0.7115384615384616
7527,1.8712225274725274
7528,0.5975274725274726
7529,0.28125
7530,0.4969093406593406
7531,0.33447802197802196
7532,0.13633241758241757
7533,0.08035714285714285
7534,1.8695054945054943
7535,2.149381868131868
7536,0.5453296703296703
7537,0.33104395604395603
7538,0.7269917582417582
7539,0.5889423076923077
7540,7.195054945054945
7541,2.376717032967033
7542,1.3454670329670328
7543,0.43578296703296704
7544,0.8203983516483517
7545,0.15178571428571427
7546,0.5243818681318682
7547,2.3392857142857144
7548,1.854739010989011
7549,0.8605769230769231
7550,1.5755494505494505
7551,1.3011675824175826
7552,1.5645604395604393
7553,0.5477335164835164
7554,0.4539835164835165
7555,0.14217032967032966
7556,0.38839285714285715
7557,3.460164835164835
7558,2.676510989010989
7559,0.9591346153846154
7560,3.006524725274725
7561,1.1383928571428572
7562,1.768543956043956
7563,1.9800824175824174
7564,0.7805631868131868
7565,0.7029532967032966
7566,1.1923076923076923
7567,0.570054945054945
7568,0.7256181318681318
7569,0.9591346153846154
7570,2.5130494505494507
7571,1.866414835164835
7572,0.5467032967032966
7573,0.4886675824175824
7574,0.856456043956044
7575,1.6699862637362637
7576,1.143543956043956
7577,0.478021978021978
7578,1.379120879120879
7579,2.4649725274725274
7580,2.0470467032967035
7581,1.0679945054945055
7582,0.6301510989010989
7583,0.8695054945054945
7584,1.5298763736263736
7585,0.23626373626373626
7586,0.7723214285714286
7587,0.7524038461538461
7588,0.7087912087912087
7589,1.1078296703296702
7590,0.18990384615384615
7591,0.706043956043956
7592,0.7716346153846154
7593,0.4429945054945055
7594,0.8787774725274725
7595,0.5401785714285714
7596,1.3798076923076923
7597,1.2750686813186813
7598,5.760989010989011
7599,1.82864010989011
7600,1.1342719780219779
7601,0.5274725274725274
7602,0.46256868131868123
7603,0.6016483516483516
7604,1.3787774725274726
7605,2.43853021978022
7606,2.1988324175824174
7607,1.1040521978021978
7608,1.0745192307692308
7609,1.8578296703296702
7610,0.43200549450549447
7611,0.8966346153846154
7612,0.5714285714285714
7613,0.4869505494505495
7614,0.18715659340659338
7615,6.2026098901098905
7616,3.630837912087912
7617,0.49759615384615385
7618,2.616071428571429
7619,2.2513736263736264
7620,1.3145604395604393
7621,2.6287774725274726
7622,1.3094093406593406
7623,0.5357142857142857
7624,0.13324175824175824
7625,0.7057005494505495
7626,1.1030219780219779
7627,4.416552197802198
7628,0.474587912087912
7629,1.4110576923076923
7630,1.0841346153846154
7631,1.1404532967032968
7632,0.23763736263736263
7633,0.3980082417582418
7634,0.10817307692307693
7635,0.3983516483516483
7636,1.2015796703296702
7637,1.7970467032967035
7638,0.6644917582417582
7639,0.3925137362637363
7640,0.5865384615384616
7641,0.7355769230769231
7642,0.7211538461538461
7643,0.15865384615384615
7644,1.244162087912088
7645,0.4217032967032967
7646,0.6875
7647,0.17994505494505492
7648,0.0
7649,0.5721153846153846
7650,1.979052197802198
7651,0.16311813186813184
7652,0.3042582417582418
7653,0.8588598901098902
7654,0.7640796703296703
7655,0.2970467032967033
7656,6.979739010989011
7657,1.9217032967032965
7658,2.2572115384615383
7659,2.239697802197802
7660,1.6854395604395607
7661,0.5116758241758241
7662,0.8756868131868132
7663,2.537431318681319
7664,1.7225274725274726
7665,2.1074862637362637
7666,1.1706730769230769
7667,1.9440247252747254
7668,0.448489010989011
7669,0.6054258241758241
7670,0.8856456043956044
7671,0.8337912087912087
7672,0.4419642857142857
7673,14.09787087912088
7674,3.6095467032967035
7675,1.3269230769230769
7676,4.229052197802198
7677,6.652815934065934
7678,1.8949175824175826
7679,1.1974587912087913
7680,2.550480769230769
7681,1.5257554945054945
7682,0.5989010989010989
7683,1.2565247252747254
7684,1.3485576923076923
7685,1.667239010989011
7686,1.0250686813186811
7687,1.5089285714285714
7688,1.2644230769230769
7689,1.1480082417582418
7690,0.8609203296703296
7691,1.527815934065934
7692,1.277815934065934
7693,0.3056318681318681
7694,2.1840659340659343
7695,3.12603021978022
7696,2.37603021978022
7697,0.9859203296703296
7698,0.7534340659340659
7699,1.5192307692307692
7700,1.8949175824175826
7701,0.4938186813186813
7702,1.1397664835164836
7703,0.9313186813186812
7704,0.8375686813186812
7705,0.364010989010989
7706,0.9055631868131868
7707,0.5673076923076923
7708,1.9982829670329674
7709,0.32864010989010983
7710,0.9859203296703298
7711,0.9344093406593407
7712,1.9859203296703296
7713,0.646978021978022
7714,7.186813186813186
7715,3.996222527472527
7716,2.7613324175824174
7717,1.3904532967032965
7718,1.1957417582417582
7719,0.8832417582417582
7720,1.2108516483516483
7721,1.7953296703296702
7722,3.1088598901098905
7723,1.880837912087912
7724,1.104739010989011
7725,2.241071428571429
7726,0.47870879120879123
7727,1.3451236263736264
7728,0.989010989010989
7729,0.9735576923076923
7730,0.2675137362637363
7731,9.075892857142858
7732,2.7026098901098905
7733,0.2548076923076923
7734,4.719436813186813
7735,6.802197802197802
7736,1.7750686813186811
7737,1.816620879120879
7738,1.9684065934065935
7739,0.8440934065934066
7740,0.9773351648351649
7741,1.1174450549450547
7742,1.3190247252747254
7743,2.4663461538461537
7744,1.4210164835164836
7745,0.5899725274725275
7746,0.6888736263736264
7747,0.6947115384615384
7748,0.5408653846153846
7749,2.2314560439560442
7750,1.4694368131868132
7751,0.4951923076923077
7752,2.994848901098901
7753,2.3780906593406597
7754,2.493475274725275
7755,1.2180631868131868
7756,1.2132554945054945
7757,0.6383928571428572
7758,1.6016483516483517
7759,0.4519230769230769
7760,1.8427197802197803
7761,1.7252747252747254
7762,0.7328296703296703
7763,0.4072802197802198
7764,0.40899725274725274
7765,0.6596840659340659
7766,2.2637362637362637
7767,0.22390109890109888
7768,0.47699175824175816
7769,0.39663461538461536
7770,1.3818681318681318
7771,1.087912087912088
7772,4.578983516483516
7773,4.905219780219781
7774,4.766826923076923
7775,1.4938186813186811
7776,1.3519917582417582
7777,0.512706043956044
7778,0.810782967032967
7779,9.764423076923077
7780,3.4227335164835164
7781,2.711881868131868
7782,0.5800137362637363
7783,2.3877060439560442
7784,0.6280906593406593
7785,4.519917582417582
7786,1.1418269230769231
7787,1.4296016483516483
7788,1.0367445054945055
7789,15.57245879120879
7790,4.0776098901098905
7791,1.6201923076923077
7792,3.9519230769230766
7793,4.472527472527473
7794,2.037087912087912
7795,2.843406593406593
7796,4.220467032967033
7797,1.3973214285714286
7798,0.1658653846153846
7799,1.575206043956044
7800,0.71875
7801,3.7997939560439558
7802,2.230769230769231
7803,0.5384615384615384
7804,2.0171703296703294
7805,0.6765109890109889
7806,3.457074175824176
7807,2.3763736263736264
7808,0.5274725274725275
7809,0.935782967032967
7810,6.512706043956044
7811,1.4680631868131868
7812,3.115728021978022
7813,3.0048076923076925
7814,2.208791208791209
7815,1.8712225274725274
7816,2.6923076923076925
7817,0.9660027472527473
7818,1.6136675824175826
7819,1.1109203296703298
7820,1.1404532967032968
7821,0.5089285714285714
7822,0.5501373626373626
7823,0.9227335164835163
7824,3.6339285714285716
7825,0.20673076923076922
7826,0.6620879120879121
7827,1.3509615384615385
7828,2.175824175824176
7829,0.0
7830,8.387706043956044
7831,2.1346153846153846
7832,1.321085164835165
7833,1.3581730769230769
7834,1.8701923076923077
7835,0.9168956043956044
7836,0.9038461538461539
7837,3.4532967032967035
7838,2.8451236263736264
7839,2.2328296703296706
7840,2.6521291208791213
7841,2.7548076923076925
7842,0.5889423076923077
7843,0.8327609890109889
7844,1.9412774725274726
7845,0.9996565934065934
7846,0.21119505494505492
7847,18.700892857142858
7848,6.628434065934066
7849,0.5528846153846154
7850,5.492445054945055
7851,2.354052197802198
7852,2.1449175824175826
7853,1.9876373626373625
7854,2.3011675824175826
7855,1.3183379120879122
7856,0.7918956043956044
7857,1.4893543956043955
7858,0.788804945054945
7859,2.0130494505494507
7860,2.293269230769231
7861,0.5343406593406594
7862,1.0247252747252746
7863,0.13083791208791207
7864,0.9773351648351649
7865,0.6291208791208791
7866,0.239010989010989
7867,0.6936813186813188
7868,1.9320054945054945
7869,1.0755494505494505
7870,1.2266483516483517
7871,2.0951236263736264
7872,0.6328983516483516
7873,0.22527472527472525
7874,0.8145604395604396
7875,0.2242445054945055
7876,1.5415521978021978
7877,0.6723901098901098
7878,0.4199862637362637
7879,0.6263736263736264
7880,1.3509615384615385
7881,0.3018543956043956
7882,3.7609890109890114
7883,3.071771978021978
7884,0.3334478021978022
7885,0.5693681318681318
7886,2.3925137362637363
7887,0.17273351648351648
7888,8.98385989010989
7889,2.540521978021978
7890,1.1826923076923077
7891,0.981456043956044
7892,0.7918956043956044
7893,0.4563873626373626
7894,0.7901785714285714
7895,2.8956043956043955
7896,2.103021978021978
7897,2.444368131868132
7898,1.8372252747252746
7899,0.7613324175824175
7900,2.3612637362637363
7901,0.3739697802197802
7902,0.4653159340659341
7903,0.8619505494505495
7904,0.7359203296703297
7905,7.778846153846153
7906,4.006181318681319
7907,1.1730769230769231
7908,2.164491758241758
7909,1.3262362637362637
7910,2.709821428571429
7911,1.70364010989011
7912,0.32211538461538464
7913,0.728021978021978
7914,1.7874313186813187
7915,0.5322802197802197
7916,0.9828296703296702
7917,1.1555631868131868
7918,2.2815934065934065
7919,1.2757554945054945
7920,0.5978708791208791
7921,0.6064560439560439
7922,1.2530906593406594
7923,2.1713598901098905
7924,1.1054258241758241
7925,1.8001373626373625
7926,1.9553571428571428
7927,1.9557005494505495
7928,2.413118131868132
7929,1.1212225274725276
7930,0.3674450549450549
7931,0.7527472527472527
7932,1.4443681318681318
7933,0.33688186813186816
7934,0.6510989010989011
7935,0.31490384615384615
7936,0.8114697802197803
7937,0.8949175824175825
7938,0.6280906593406593
7939,1.5092719780219779
7940,1.7651098901098903
7941,0.6548763736263735
7942,1.6823489010989012
7943,0.47218406593406587
7944,2.0930631868131866
7945,1.5892857142857142
7946,2.0789835164835164
7947,1.635989010989011
7948,1.8787774725274726
7949,0.43166208791208793
7950,0.3801510989010989
7951,0.28399725274725274
7952,0.40006868131868134
7953,1.1449175824175826
7954,1.39010989010989
7955,0.9241071428571428
7956,1.2407280219780221
7957,0.7012362637362637
7958,0.8114697802197803
7959,0.35061813186813184
7960,0.5683379120879121
7961,0.16929945054945056
7962,0.3440934065934066
7963,4.031936813186813
7964,1.5460164835164836
7965,0.7091346153846154
7966,1.231456043956044
7967,1.325206043956044
7968,1.5442994505494505
7969,1.6569368131868132
7970,0.17548076923076922
7971,0.49450549450549447
7972,1.4059065934065933
7973,0.3907967032967033
7974,0.36641483516483514
7975,3.9423076923076925
7976,0.9230769230769231
7977,0.9756181318681318
7978,0.7486263736263735
7979,0.2960164835164835
7980,0.5168269230769231
7981,1.4481456043956042
7982,0.7125686813186812
7983,0.15247252747252746
7984,2.2544642857142856
7985,1.5374313186813189
7986,2.732142857142857
7987,0.744162087912088
7988,0.5982142857142857
7989,0.6627747252747253
7990,0.9828296703296704
7991,0.3956043956043956
7992,0.7091346153846154
7993,0.44402472527472525
7994,0.6651785714285714
7995,0.6401098901098901
7996,0.13392857142857142
7997,0.9175824175824175
7998,2.137019230769231
7999,0.24828296703296707
8000,0.59375
8001,0.33825549450549447
8002,0.8880494505494506
8003,0.2846840659340659
8004,4.689217032967033
8005,3.300824175824176
8006,2.2994505494505493
8007,0.4563873626373626
8008,1.8506181318681318
8009,1.8763736263736264
8010,0.8365384615384616
8011,5.280563186813186
8012,2.2997939560439558
8013,1.9642857142857142
8014,1.2293956043956045
8015,1.213598901098901
8016,2.7788461538461537
8017,0.2692307692307692
8018,0.865728021978022
8019,0.3633241758241758
8020,2.2860576923076925
8021,17.12190934065934
8022,3.069024725274725
8023,1.125
8024,4.011675824175824
8025,1.3595467032967035
8026,4.764766483516484
8027,0.9831730769230769
8028,0.9910714285714286
8029,1.2644230769230769
8030,1.338598901098901
8031,0.3317307692307692
8032,0.3986950549450549
8033,2.0958104395604398
8034,3.5855082417582422
8035,0.24690934065934067
8036,0.332760989010989
8037,0.24278846153846154
8038,1.6322115384615383
8039,0.8118131868131868
8040,1.4598214285714286
8041,0.24072802197802196
8042,4.152129120879121
8043,1.9732142857142856
8044,1.744848901098901
8045,2.026098901098901
8046,1.2802197802197803
8047,0.3959478021978022
8048,0.7053571428571428
8049,0.15625
8050,0.43612637362637363
8051,0.47081043956043955
8052,0.7039835164835164
8053,1.2888049450549453
8054,0.27266483516483514
8055,0.22149725274725274
8056,2.241758241758242
8057,1.8890796703296704
8058,0.24587912087912092
8059,0.33825549450549447
8060,2.412087912087912
8061,0.1971153846153846
8062,2.3921703296703294
8063,1.7451923076923077
8064,0.9512362637362637
8065,0.759271978021978
8066,1.0717719780219779
8067,0.9275412087912087
8068,0.6023351648351649
8069,4.1823489010989015
8070,1.7019230769230769
8071,1.9337225274725274
8072,1.2877747252747254
8073,1.5697115384615383
8074,0.4217032967032967
8075,0.29395604395604397
8076,0.6538461538461539
8077,0.22493131868131866
8078,0.33653846153846156
8079,12.308722527472527
8080,3.312843406593407
8081,1.0865384615384615
8082,3.0772664835164836
8083,3.037774725274725
8084,1.45364010989011
8085,1.597870879120879
8086,1.9567307692307692
8087,0.78125
8088,1.2572115384615383
8089,0.7942994505494505
8090,0.28880494505494503
8091,2.211881868131868
8092,2.111607142857143
8093,0.6607142857142857
8094,0.29635989010989017
8095,0.18646978021978022
8096,0.7537774725274726
8097,1.3080357142857144
8098,0.41243131868131866
8099,1.1418269230769231
8100,5.1610576923076925
8101,1.6380494505494505
8102,1.7561813186813189
8103,1.3674450549450547
8104,0.15418956043956042
8105,0.45879120879120877
8106,0.7403846153846154
8107,1.9337225274725274
8108,0.619162087912088
8109,0.2764423076923077
8110,0.5137362637362637
8111,0.3537087912087912
8112,0.13873626373626374
8113,0.08035714285714285
8114,1.8526785714285712
8115,2.161401098901099
8116,0.5573489010989011
8117,0.3334478021978022
8118,0.6957417582417582
8119,0.5913461538461539
