row_id,demand
0,7.142857142857143
1,3.857142857142857
2,1.5714285714285714
3,0.42857142857142855
4,0.7142857142857143
5,0.14285714285714285
6,0.42857142857142855
7,1.7142857142857142
8,1.8571428571428572
9,0.0
10,1.0
11,0.42857142857142855
12,1.5714285714285714
13,0.5714285714285714
14,0.2857142857142857
15,0.14285714285714285
16,0.2857142857142857
17,2.5714285714285716
18,2.7142857142857144
19,0.0
20,3.142857142857143
21,2.5714285714285716
22,1.4285714285714286
23,2.7142857142857144
24,0.8571428571428571
25,0.7142857142857143
26,1.2857142857142858
27,0.7142857142857143
28,0.8571428571428571
29,1.4285714285714286
30,1.7142857142857142
31,1.0
32,0.42857142857142855
33,0.2857142857142857
34,1.5714285714285714
35,3.0
36,0.5714285714285714
37,1.2857142857142858
38,1.2857142857142858
39,3.0
40,2.5714285714285716
41,1.0
42,0.5714285714285714
43,0.42857142857142855
44,1.1428571428571428
45,0.0
46,1.0
47,0.7142857142857143
48,0.42857142857142855
49,1.2857142857142858
50,0.42857142857142855
51,1.5714285714285714
52,2.142857142857143
53,1.1428571428571428
54,1.7142857142857142
55,0.7142857142857143
56,1.7142857142857142
57,1.7142857142857142
58,6.714285714285714
59,3.0
60,1.0
61,0.42857142857142855
62,0.2857142857142857
63,0.8571428571428571
64,1.4285714285714286
65,2.2857142857142856
66,2.142857142857143
67,0.5714285714285714
68,1.5714285714285714
69,2.7142857142857144
70,0.14285714285714285
71,1.2857142857142858
72,0.2857142857142857
73,1.0
74,0.2857142857142857
75,10.857142857142858
76,3.4285714285714284
77,0.0
78,3.142857142857143
79,1.8571428571428572
80,0.2857142857142857
81,2.5714285714285716
82,0.5714285714285714
83,0.5714285714285714
84,0.42857142857142855
85,1.0
86,1.8571428571428572
87,5.428571428571429
88,0.14285714285714285
89,0.5714285714285714
90,1.2857142857142858
91,1.2857142857142858
92,0.14285714285714285
93,0.2857142857142857
94,0.0
95,0.7142857142857143
96,1.7142857142857142
97,1.0
98,0.5714285714285714
99,0.14285714285714285
100,0.5714285714285714
101,0.7142857142857143
102,0.8571428571428571
103,0.0
104,1.7142857142857142
105,0.42857142857142855
106,0.8571428571428571
107,0.0
108,0.0
109,1.2857142857142858
110,3.7142857142857144
111,0.0
112,0.5714285714285714
113,1.0
114,0.8571428571428571
115,0.5714285714285714
116,8.0
117,1.0
118,2.4285714285714284
119,3.0
120,1.2857142857142858
121,1.0
122,0.42857142857142855
123,3.142857142857143
124,1.7142857142857142
125,1.1428571428571428
126,1.2857142857142858
127,0.5714285714285714
128,0.2857142857142857
129,0.14285714285714285
130,1.2857142857142858
131,0.7142857142857143
132,0.14285714285714285
133,14.857142857142858
134,3.7142857142857144
135,0.0
136,5.571428571428571
137,3.857142857142857
138,1.2857142857142858
139,3.4285714285714284
140,3.7142857142857144
141,1.0
142,0.5714285714285714
143,1.4285714285714286
144,0.7142857142857143
145,4.285714285714286
146,1.0
147,1.2857142857142858
148,1.2857142857142858
149,1.1428571428571428
150,0.5714285714285714
151,1.8571428571428572
152,0.7142857142857143
153,0.0
154,2.2857142857142856
155,2.142857142857143
156,2.2857142857142856
157,0.8571428571428571
158,0.2857142857142857
159,1.1428571428571428
160,1.0
161,0.42857142857142855
162,1.0
163,1.1428571428571428
164,0.2857142857142857
165,0.42857142857142855
166,2.0
167,0.2857142857142857
168,3.7142857142857144
169,0.2857142857142857
170,2.142857142857143
171,1.1428571428571428
172,6.0
173,0.5714285714285714
174,9.0
175,2.5714285714285716
176,2.142857142857143
177,1.8571428571428572
178,1.5714285714285714
179,0.2857142857142857
180,2.2857142857142856
181,1.8571428571428572
182,5.142857142857143
183,2.142857142857143
184,0.8571428571428571
185,2.2857142857142856
186,0.42857142857142855
187,2.142857142857143
188,0.8571428571428571
189,1.2857142857142858
190,0.5714285714285714
191,12.142857142857142
192,3.2857142857142856
193,0.0
194,5.285714285714286
195,10.857142857142858
196,2.857142857142857
197,2.142857142857143
198,1.7142857142857142
199,0.5714285714285714
200,1.0
201,0.7142857142857143
202,1.4285714285714286
203,2.0
204,1.0
205,0.0
206,0.8571428571428571
207,0.42857142857142855
208,0.42857142857142855
209,3.4285714285714284
210,1.0
211,0.42857142857142855
212,1.7142857142857142
213,2.142857142857143
214,2.4285714285714284
215,0.8571428571428571
216,0.5714285714285714
217,0.14285714285714285
218,2.0
219,0.0
220,2.4285714285714284
221,1.5714285714285714
222,0.8571428571428571
223,0.2857142857142857
224,1.0
225,0.8571428571428571
226,2.7142857142857144
227,0.14285714285714285
228,0.42857142857142855
229,0.2857142857142857
230,1.4285714285714286
231,1.1428571428571428
232,3.142857142857143
233,4.857142857142857
234,6.0
235,1.5714285714285714
236,1.0
237,0.14285714285714285
238,1.7142857142857142
239,10.285714285714286
240,4.142857142857143
241,3.142857142857143
242,0.5714285714285714
243,2.142857142857143
244,0.7142857142857143
245,2.7142857142857144
246,1.2857142857142858
247,2.142857142857143
248,1.1428571428571428
249,23.285714285714285
250,2.142857142857143
251,0.0
252,4.0
253,4.428571428571429
254,2.4285714285714284
255,3.857142857142857
256,5.285714285714286
257,1.8571428571428572
258,0.0
259,1.0
260,0.0
261,0.8571428571428571
262,2.0
263,0.0
264,2.0
265,0.42857142857142855
266,3.7142857142857144
267,3.142857142857143
268,0.0
269,0.42857142857142855
270,6.285714285714286
271,2.7142857142857144
272,1.4285714285714286
273,3.4285714285714284
274,2.7142857142857144
275,2.2857142857142856
276,2.4285714285714284
277,0.8571428571428571
278,1.0
279,0.42857142857142855
280,0.8571428571428571
281,0.42857142857142855
282,1.0
283,2.142857142857143
284,4.285714285714286
285,0.2857142857142857
286,1.2857142857142858
287,1.5714285714285714
288,4.428571428571429
289,0.0
290,11.285714285714286
291,2.2857142857142856
292,1.2857142857142858
293,2.4285714285714284
294,2.142857142857143
295,0.5714285714285714
296,1.1428571428571428
297,3.7142857142857144
298,3.4285714285714284
299,1.8571428571428572
300,1.8571428571428572
301,3.857142857142857
302,0.14285714285714285
303,1.0
304,1.7142857142857142
305,0.8571428571428571
306,0.2857142857142857
307,19.571428571428573
308,5.285714285714286
309,0.0
310,5.714285714285714
311,2.7142857142857144
312,2.857142857142857
313,2.7142857142857144
314,2.7142857142857144
315,0.7142857142857143
316,1.0
317,1.4285714285714286
318,0.8571428571428571
319,0.8571428571428571
320,2.2857142857142856
321,0.5714285714285714
322,1.4285714285714286
323,0.2857142857142857
324,0.8571428571428571
325,1.0
326,0.42857142857142855
327,1.1428571428571428
328,1.5714285714285714
329,0.5714285714285714
330,1.7142857142857142
331,1.7142857142857142
332,0.5714285714285714
333,0.14285714285714285
334,0.8571428571428571
335,0.14285714285714285
336,1.2857142857142858
337,0.7142857142857143
338,0.42857142857142855
339,0.42857142857142855
340,1.7142857142857142
341,0.7142857142857143
342,7.714285714285714
343,3.7142857142857144
344,0.7142857142857143
345,0.8571428571428571
346,5.142857142857143
347,0.14285714285714285
348,13.0
349,4.714285714285714
350,2.0
351,1.2857142857142858
352,1.1428571428571428
353,0.5714285714285714
354,1.0
355,1.1428571428571428
356,1.2857142857142858
357,3.7142857142857144
358,2.0
359,0.0
360,3.142857142857143
361,0.7142857142857143
362,1.5714285714285714
363,1.0
364,2.142857142857143
365,19.714285714285715
366,6.0
367,0.0
368,3.0
369,1.7142857142857142
370,2.7142857142857144
371,3.2857142857142856
372,0.0
373,0.5714285714285714
374,4.0
375,0.8571428571428571
376,1.2857142857142858
377,1.0
378,4.0
379,1.8571428571428572
380,1.1428571428571428
381,0.5714285714285714
382,1.0
383,4.285714285714286
384,1.5714285714285714
385,1.2857142857142858
386,1.7142857142857142
387,2.142857142857143
388,2.142857142857143
389,1.5714285714285714
390,0.0
391,1.2857142857142858
392,2.2857142857142856
393,0.0
394,1.0
395,0.0
396,1.4285714285714286
397,0.0
398,1.0
399,4.0
400,3.7142857142857144
401,0.7142857142857143
402,4.857142857142857
403,1.1428571428571428
404,3.142857142857143
405,1.7142857142857142
406,4.285714285714286
407,1.7142857142857142
408,2.2857142857142856
409,0.14285714285714285
410,0.14285714285714285
411,0.0
412,0.5714285714285714
413,0.8571428571428571
414,1.8571428571428572
415,1.0
416,0.8571428571428571
417,0.2857142857142857
418,1.0
419,0.2857142857142857
420,0.2857142857142857
421,0.14285714285714285
422,0.14285714285714285
423,4.142857142857143
424,2.2857142857142856
425,0.0
426,1.7142857142857142
427,0.7142857142857143
428,1.7142857142857142
429,1.4285714285714286
430,0.0
431,0.0
432,1.4285714285714286
433,0.7142857142857143
434,0.2857142857142857
435,4.0
436,1.2857142857142858
437,0.42857142857142855
438,0.5714285714285714
439,0.14285714285714285
440,0.0
441,1.7142857142857142
442,0.0
443,0.14285714285714285
444,2.4285714285714284
445,1.7142857142857142
446,4.0
447,1.0
448,0.42857142857142855
449,1.0
450,0.2857142857142857
451,0.0
452,0.5714285714285714
453,0.2857142857142857
454,0.14285714285714285
455,0.7142857142857143
456,0.14285714285714285
457,1.2857142857142858
458,1.5714285714285714
459,0.5714285714285714
460,0.8571428571428571
461,0.42857142857142855
462,1.1428571428571428
463,0.5714285714285714
464,2.2857142857142856
465,5.285714285714286
466,3.857142857142857
467,0.7142857142857143
468,2.4285714285714284
469,1.5714285714285714
470,0.2857142857142857
471,8.571428571428571
472,2.142857142857143
473,3.2857142857142856
474,1.1428571428571428
475,0.7142857142857143
476,4.428571428571429
477,0.14285714285714285
478,1.1428571428571428
479,0.2857142857142857
480,3.5714285714285716
481,23.428571428571427
482,1.5714285714285714
483,0.0
484,5.428571428571429
485,2.857142857142857
486,5.285714285714286
487,0.8571428571428571
488,0.5714285714285714
489,1.0
490,1.0
491,0.14285714285714285
492,0.14285714285714285
493,2.142857142857143
494,4.857142857142857
495,0.42857142857142855
496,0.2857142857142857
497,0.0
498,2.5714285714285716
499,1.8571428571428572
500,0.14285714285714285
501,0.42857142857142855
502,2.5714285714285716
503,1.8571428571428572
504,1.8571428571428572
505,2.142857142857143
506,1.5714285714285714
507,0.42857142857142855
508,0.7142857142857143
509,0.0
510,0.2857142857142857
511,0.5714285714285714
512,0.2857142857142857
513,1.2857142857142858
514,0.14285714285714285
515,0.14285714285714285
516,2.857142857142857
517,3.4285714285714284
518,0.14285714285714285
519,0.5714285714285714
520,7.285714285714286
521,0.2857142857142857
522,3.7142857142857144
523,1.4285714285714286
524,1.2857142857142858
525,1.1428571428571428
526,1.1428571428571428
527,1.1428571428571428
528,1.2857142857142858
529,5.714285714285714
530,2.0
531,2.2857142857142856
532,1.5714285714285714
533,2.7142857142857144
534,0.14285714285714285
535,0.2857142857142857
536,0.5714285714285714
537,0.14285714285714285
538,0.42857142857142855
539,15.285714285714286
540,3.2857142857142856
541,0.0
542,3.7142857142857144
543,4.857142857142857
544,1.5714285714285714
545,2.0
546,2.4285714285714284
547,1.2857142857142858
548,1.0
549,0.7142857142857143
550,0.2857142857142857
551,1.5714285714285714
552,2.5714285714285716
553,1.7142857142857142
554,0.2857142857142857
555,0.0
556,0.7142857142857143
557,1.5714285714285714
558,0.5714285714285714
559,1.8571428571428572
560,5.285714285714286
561,1.0
562,2.857142857142857
563,1.1428571428571428
564,0.0
565,0.7142857142857143
566,0.8571428571428571
567,2.7142857142857144
568,0.5714285714285714
569,0.2857142857142857
570,0.7142857142857143
571,0.0
572,0.2857142857142857
573,0.14285714285714285
574,3.142857142857143
575,3.142857142857143
576,0.2857142857142857
577,0.2857142857142857
578,0.7142857142857143
579,1.0
580,7.142857142857143
581,3.857142857142857
582,1.5714285714285714
583,0.42857142857142855
584,0.7142857142857143
585,0.14285714285714285
586,0.42857142857142855
587,1.7142857142857142
588,1.8571428571428572
589,0.0
590,1.0
591,0.42857142857142855
592,1.5714285714285714
593,0.5714285714285714
594,0.2857142857142857
595,0.14285714285714285
596,0.2857142857142857
597,2.5714285714285716
598,2.7142857142857144
599,0.0
600,3.142857142857143
601,2.5714285714285716
602,1.4285714285714286
603,2.7142857142857144
604,0.8571428571428571
605,0.7142857142857143
606,1.2857142857142858
607,0.7142857142857143
608,0.8571428571428571
609,1.4285714285714286
610,1.7142857142857142
611,1.0
612,0.42857142857142855
613,0.2857142857142857
614,1.5714285714285714
615,3.0
616,0.5714285714285714
617,1.2857142857142858
618,1.2857142857142858
619,3.0
620,2.5714285714285716
621,1.0
622,0.5714285714285714
623,0.42857142857142855
624,1.1428571428571428
625,0.0
626,1.0
627,0.7142857142857143
628,0.42857142857142855
629,1.2857142857142858
630,0.42857142857142855
631,1.5714285714285714
632,2.142857142857143
633,1.1428571428571428
634,1.7142857142857142
635,0.7142857142857143
636,1.7142857142857142
637,1.7142857142857142
638,6.714285714285714
639,3.0
640,1.0
641,0.42857142857142855
642,0.2857142857142857
643,0.8571428571428571
644,1.4285714285714286
645,2.2857142857142856
646,2.142857142857143
647,0.5714285714285714
648,1.5714285714285714
649,2.7142857142857144
650,0.14285714285714285
651,1.2857142857142858
652,0.2857142857142857
653,1.0
654,0.2857142857142857
655,10.857142857142858
656,3.4285714285714284
657,0.0
658,3.142857142857143
659,1.8571428571428572
660,0.2857142857142857
661,2.5714285714285716
662,0.5714285714285714
663,0.5714285714285714
664,0.42857142857142855
665,1.0
666,1.8571428571428572
667,5.428571428571429
668,0.14285714285714285
669,0.5714285714285714
670,1.2857142857142858
671,1.2857142857142858
672,0.14285714285714285
673,0.2857142857142857
674,0.0
675,0.7142857142857143
676,1.7142857142857142
677,1.0
678,0.5714285714285714
679,0.14285714285714285
680,0.5714285714285714
681,0.7142857142857143
682,0.8571428571428571
683,0.0
684,1.7142857142857142
685,0.42857142857142855
686,0.8571428571428571
687,0.0
688,0.0
689,1.2857142857142858
690,3.7142857142857144
691,0.0
692,0.5714285714285714
693,1.0
694,0.8571428571428571
695,0.5714285714285714
696,8.0
697,1.0
698,2.4285714285714284
699,3.0
700,1.2857142857142858
701,1.0
702,0.42857142857142855
703,3.142857142857143
704,1.7142857142857142
705,1.1428571428571428
706,1.2857142857142858
707,0.5714285714285714
708,0.2857142857142857
709,0.14285714285714285
710,1.2857142857142858
711,0.7142857142857143
712,0.14285714285714285
713,14.857142857142858
714,3.7142857142857144
715,0.0
716,5.571428571428571
717,3.857142857142857
718,1.2857142857142858
719,3.4285714285714284
720,3.7142857142857144
721,1.0
722,0.5714285714285714
723,1.4285714285714286
724,0.7142857142857143
725,4.285714285714286
726,1.0
727,1.2857142857142858
728,1.2857142857142858
729,1.1428571428571428
730,0.5714285714285714
731,1.8571428571428572
732,0.7142857142857143
733,0.0
734,2.2857142857142856
735,2.142857142857143
736,2.2857142857142856
737,0.8571428571428571
738,0.2857142857142857
739,1.1428571428571428
740,1.0
741,0.42857142857142855
742,1.0
743,1.1428571428571428
744,0.2857142857142857
745,0.42857142857142855
746,2.0
747,0.2857142857142857
748,3.7142857142857144
749,0.2857142857142857
750,2.142857142857143
751,1.1428571428571428
752,6.0
753,0.5714285714285714
754,9.0
755,2.5714285714285716
756,2.142857142857143
757,1.8571428571428572
758,1.5714285714285714
759,0.2857142857142857
760,2.2857142857142856
761,1.8571428571428572
762,5.142857142857143
763,2.142857142857143
764,0.8571428571428571
765,2.2857142857142856
766,0.42857142857142855
767,2.142857142857143
768,0.8571428571428571
769,1.2857142857142858
770,0.5714285714285714
771,12.142857142857142
772,3.2857142857142856
773,0.0
774,5.285714285714286
775,10.857142857142858
776,2.857142857142857
777,2.142857142857143
778,1.7142857142857142
779,0.5714285714285714
780,1.0
781,0.7142857142857143
782,1.4285714285714286
783,2.0
784,1.0
785,0.0
786,0.8571428571428571
787,0.42857142857142855
788,0.42857142857142855
789,3.4285714285714284
790,1.0
791,0.42857142857142855
792,1.7142857142857142
793,2.142857142857143
794,2.4285714285714284
795,0.8571428571428571
796,0.5714285714285714
797,0.14285714285714285
798,2.0
799,0.0
800,2.4285714285714284
801,1.5714285714285714
802,0.8571428571428571
803,0.2857142857142857
804,1.0
805,0.8571428571428571
806,2.7142857142857144
807,0.14285714285714285
808,0.42857142857142855
809,0.2857142857142857
810,1.4285714285714286
811,1.1428571428571428
812,3.142857142857143
813,4.857142857142857
814,6.0
815,1.5714285714285714
816,1.0
817,0.14285714285714285
818,1.7142857142857142
819,10.285714285714286
820,4.142857142857143
821,3.142857142857143
822,0.5714285714285714
823,2.142857142857143
824,0.7142857142857143
825,2.7142857142857144
826,1.2857142857142858
827,2.142857142857143
828,1.1428571428571428
829,23.285714285714285
830,2.142857142857143
831,0.0
832,4.0
833,4.428571428571429
834,2.4285714285714284
835,3.857142857142857
836,5.285714285714286
837,1.8571428571428572
838,0.0
839,1.0
840,0.0
841,0.8571428571428571
842,2.0
843,0.0
844,2.0
845,0.42857142857142855
846,3.7142857142857144
847,3.142857142857143
848,0.0
849,0.42857142857142855
850,6.285714285714286
851,2.7142857142857144
852,1.4285714285714286
853,3.4285714285714284
854,2.7142857142857144
855,2.2857142857142856
856,2.4285714285714284
857,0.8571428571428571
858,1.0
859,0.42857142857142855
860,0.8571428571428571
861,0.42857142857142855
862,1.0
863,2.142857142857143
864,4.285714285714286
865,0.2857142857142857
866,1.2857142857142858
867,1.5714285714285714
868,4.428571428571429
869,0.0
870,11.285714285714286
871,2.2857142857142856
872,1.2857142857142858
873,2.4285714285714284
874,2.142857142857143
875,0.5714285714285714
876,1.1428571428571428
877,3.7142857142857144
878,3.4285714285714284
879,1.8571428571428572
880,1.8571428571428572
881,3.857142857142857
882,0.14285714285714285
883,1.0
884,1.7142857142857142
885,0.8571428571428571
886,0.2857142857142857
887,19.571428571428573
888,5.285714285714286
889,0.0
890,5.714285714285714
891,2.7142857142857144
892,2.857142857142857
893,2.7142857142857144
894,2.7142857142857144
895,0.7142857142857143
896,1.0
897,1.4285714285714286
898,0.8571428571428571
899,0.8571428571428571
900,2.2857142857142856
901,0.5714285714285714
902,1.4285714285714286
903,0.2857142857142857
904,0.8571428571428571
905,1.0
906,0.42857142857142855
907,1.1428571428571428
908,1.5714285714285714
909,0.5714285714285714
910,1.7142857142857142
911,1.7142857142857142
912,0.5714285714285714
913,0.14285714285714285
914,0.8571428571428571
915,0.14285714285714285
916,1.2857142857142858
917,0.7142857142857143
918,0.42857142857142855
919,0.42857142857142855
920,1.7142857142857142
921,0.7142857142857143
922,7.714285714285714
923,3.7142857142857144
924,0.7142857142857143
925,0.8571428571428571
926,5.142857142857143
927,0.14285714285714285
928,13.0
929,4.714285714285714
930,2.0
931,1.2857142857142858
932,1.1428571428571428
933,0.5714285714285714
934,1.0
935,1.1428571428571428
936,1.2857142857142858
937,3.7142857142857144
938,2.0
939,0.0
940,3.142857142857143
941,0.7142857142857143
942,1.5714285714285714
943,1.0
944,2.142857142857143
945,19.714285714285715
946,6.0
947,0.0
948,3.0
949,1.7142857142857142
950,2.7142857142857144
951,3.2857142857142856
952,0.0
953,0.5714285714285714
954,4.0
955,0.8571428571428571
956,1.2857142857142858
957,1.0
958,4.0
959,1.8571428571428572
960,1.1428571428571428
961,0.5714285714285714
962,1.0
963,4.285714285714286
964,1.5714285714285714
965,1.2857142857142858
966,1.7142857142857142
967,2.142857142857143
968,2.142857142857143
969,1.5714285714285714
970,0.0
971,1.2857142857142858
972,2.2857142857142856
973,0.0
974,1.0
975,0.0
976,1.4285714285714286
977,0.0
978,1.0
979,4.0
980,3.7142857142857144
981,0.7142857142857143
982,4.857142857142857
983,1.1428571428571428
984,3.142857142857143
985,1.7142857142857142
986,4.285714285714286
987,1.7142857142857142
988,2.2857142857142856
989,0.14285714285714285
990,0.14285714285714285
991,0.0
992,0.5714285714285714
993,0.8571428571428571
994,1.8571428571428572
995,1.0
996,0.8571428571428571
997,0.2857142857142857
998,1.0
999,0.2857142857142857
1000,0.2857142857142857
1001,0.14285714285714285
1002,0.14285714285714285
1003,4.142857142857143
1004,2.2857142857142856
1005,0.0
1006,1.7142857142857142
1007,0.7142857142857143
1008,1.7142857142857142
1009,1.4285714285714286
1010,0.0
1011,0.0
1012,1.4285714285714286
1013,0.7142857142857143
1014,0.2857142857142857
1015,4.0
1016,1.2857142857142858
1017,0.42857142857142855
1018,0.5714285714285714
1019,0.14285714285714285
1020,0.0
1021,1.7142857142857142
1022,0.0
1023,0.14285714285714285
1024,2.4285714285714284
1025,1.7142857142857142
1026,4.0
1027,1.0
1028,0.42857142857142855
1029,1.0
1030,0.2857142857142857
1031,0.0
1032,0.5714285714285714
1033,0.2857142857142857
1034,0.14285714285714285
1035,0.7142857142857143
1036,0.14285714285714285
1037,1.2857142857142858
1038,1.5714285714285714
1039,0.5714285714285714
1040,0.8571428571428571
1041,0.42857142857142855
1042,1.1428571428571428
1043,0.5714285714285714
1044,2.2857142857142856
1045,5.285714285714286
1046,3.857142857142857
1047,0.7142857142857143
1048,2.4285714285714284
1049,1.5714285714285714
1050,0.2857142857142857
1051,8.571428571428571
1052,2.142857142857143
1053,3.2857142857142856
1054,1.1428571428571428
1055,0.7142857142857143
1056,4.428571428571429
1057,0.14285714285714285
1058,1.1428571428571428
1059,0.2857142857142857
1060,3.5714285714285716
1061,23.428571428571427
1062,1.5714285714285714
1063,0.0
1064,5.428571428571429
1065,2.857142857142857
1066,5.285714285714286
1067,0.8571428571428571
1068,0.5714285714285714
1069,1.0
1070,1.0
1071,0.14285714285714285
1072,0.14285714285714285
1073,2.142857142857143
1074,4.857142857142857
1075,0.42857142857142855
1076,0.2857142857142857
1077,0.0
1078,2.5714285714285716
1079,1.8571428571428572
1080,0.14285714285714285
1081,0.42857142857142855
1082,2.5714285714285716
1083,1.8571428571428572
1084,1.8571428571428572
1085,2.142857142857143
1086,1.5714285714285714
1087,0.42857142857142855
1088,0.7142857142857143
1089,0.0
1090,0.2857142857142857
1091,0.5714285714285714
1092,0.2857142857142857
1093,1.2857142857142858
1094,0.14285714285714285
1095,0.14285714285714285
1096,2.857142857142857
1097,3.4285714285714284
1098,0.14285714285714285
1099,0.5714285714285714
1100,7.285714285714286
1101,0.2857142857142857
1102,3.7142857142857144
1103,1.4285714285714286
1104,1.2857142857142858
1105,1.1428571428571428
1106,1.1428571428571428
1107,1.1428571428571428
1108,1.2857142857142858
1109,5.714285714285714
1110,2.0
1111,2.2857142857142856
1112,1.5714285714285714
1113,2.7142857142857144
1114,0.14285714285714285
1115,0.2857142857142857
1116,0.5714285714285714
1117,0.14285714285714285
1118,0.42857142857142855
1119,15.285714285714286
1120,3.2857142857142856
1121,0.0
1122,3.7142857142857144
1123,4.857142857142857
1124,1.5714285714285714
1125,2.0
1126,2.4285714285714284
1127,1.2857142857142858
1128,1.0
1129,0.7142857142857143
1130,0.2857142857142857
1131,1.5714285714285714
1132,2.5714285714285716
1133,1.7142857142857142
1134,0.2857142857142857
1135,0.0
1136,0.7142857142857143
1137,1.5714285714285714
1138,0.5714285714285714
1139,1.8571428571428572
1140,5.285714285714286
1141,1.0
1142,2.857142857142857
1143,1.1428571428571428
1144,0.0
1145,0.7142857142857143
1146,0.8571428571428571
1147,2.7142857142857144
1148,0.5714285714285714
1149,0.2857142857142857
1150,0.7142857142857143
1151,0.0
1152,0.2857142857142857
1153,0.14285714285714285
1154,3.142857142857143
1155,3.142857142857143
1156,0.2857142857142857
1157,0.2857142857142857
1158,0.7142857142857143
1159,1.0
1160,7.142857142857143
1161,3.857142857142857
1162,1.5714285714285714
1163,0.42857142857142855
1164,0.7142857142857143
1165,0.14285714285714285
1166,0.42857142857142855
1167,1.7142857142857142
1168,1.8571428571428572
1169,0.0
1170,1.0
1171,0.42857142857142855
1172,1.5714285714285714
1173,0.5714285714285714
1174,0.2857142857142857
1175,0.14285714285714285
1176,0.2857142857142857
1177,2.5714285714285716
1178,2.7142857142857144
1179,0.0
1180,3.142857142857143
1181,2.5714285714285716
1182,1.4285714285714286
1183,2.7142857142857144
1184,0.8571428571428571
1185,0.7142857142857143
1186,1.2857142857142858
1187,0.7142857142857143
1188,0.8571428571428571
1189,1.4285714285714286
1190,1.7142857142857142
1191,1.0
1192,0.42857142857142855
1193,0.2857142857142857
1194,1.5714285714285714
1195,3.0
1196,0.5714285714285714
1197,1.2857142857142858
1198,1.2857142857142858
1199,3.0
1200,2.5714285714285716
1201,1.0
1202,0.5714285714285714
1203,0.42857142857142855
1204,1.1428571428571428
1205,0.0
1206,1.0
1207,0.7142857142857143
1208,0.42857142857142855
1209,1.2857142857142858
1210,0.42857142857142855
1211,1.5714285714285714
1212,2.142857142857143
1213,1.1428571428571428
1214,1.7142857142857142
1215,0.7142857142857143
1216,1.7142857142857142
1217,1.7142857142857142
1218,6.714285714285714
1219,3.0
1220,1.0
1221,0.42857142857142855
1222,0.2857142857142857
1223,0.8571428571428571
1224,1.4285714285714286
1225,2.2857142857142856
1226,2.142857142857143
1227,0.5714285714285714
1228,1.5714285714285714
1229,2.7142857142857144
1230,0.14285714285714285
1231,1.2857142857142858
1232,0.2857142857142857
1233,1.0
1234,0.2857142857142857
1235,10.857142857142858
1236,3.4285714285714284
1237,0.0
1238,3.142857142857143
1239,1.8571428571428572
1240,0.2857142857142857
1241,2.5714285714285716
1242,0.5714285714285714
1243,0.5714285714285714
1244,0.42857142857142855
1245,1.0
1246,1.8571428571428572
1247,5.428571428571429
1248,0.14285714285714285
1249,0.5714285714285714
1250,1.2857142857142858
1251,1.2857142857142858
1252,0.14285714285714285
1253,0.2857142857142857
1254,0.0
1255,0.7142857142857143
1256,1.7142857142857142
1257,1.0
1258,0.5714285714285714
1259,0.14285714285714285
1260,0.5714285714285714
1261,0.7142857142857143
1262,0.8571428571428571
1263,0.0
1264,1.7142857142857142
1265,0.42857142857142855
1266,0.8571428571428571
1267,0.0
1268,0.0
1269,1.2857142857142858
1270,3.7142857142857144
1271,0.0
1272,0.5714285714285714
1273,1.0
1274,0.8571428571428571
1275,0.5714285714285714
1276,8.0
1277,1.0
1278,2.4285714285714284
1279,3.0
1280,1.2857142857142858
1281,1.0
1282,0.42857142857142855
1283,3.142857142857143
1284,1.7142857142857142
1285,1.1428571428571428
1286,1.2857142857142858
1287,0.5714285714285714
1288,0.2857142857142857
1289,0.14285714285714285
1290,1.2857142857142858
1291,0.7142857142857143
1292,0.14285714285714285
1293,14.857142857142858
1294,3.7142857142857144
1295,0.0
1296,5.571428571428571
1297,3.857142857142857
1298,1.2857142857142858
1299,3.4285714285714284
1300,3.7142857142857144
1301,1.0
1302,0.5714285714285714
1303,1.4285714285714286
1304,0.7142857142857143
1305,4.285714285714286
1306,1.0
1307,1.2857142857142858
1308,1.2857142857142858
1309,1.1428571428571428
1310,0.5714285714285714
1311,1.8571428571428572
1312,0.7142857142857143
1313,0.0
1314,2.2857142857142856
1315,2.142857142857143
1316,2.2857142857142856
1317,0.8571428571428571
1318,0.2857142857142857
1319,1.1428571428571428
1320,1.0
1321,0.42857142857142855
1322,1.0
1323,1.1428571428571428
1324,0.2857142857142857
1325,0.42857142857142855
1326,2.0
1327,0.2857142857142857
1328,3.7142857142857144
1329,0.2857142857142857
1330,2.142857142857143
1331,1.1428571428571428
1332,6.0
1333,0.5714285714285714
1334,9.0
1335,2.5714285714285716
1336,2.142857142857143
1337,1.8571428571428572
1338,1.5714285714285714
1339,0.2857142857142857
1340,2.2857142857142856
1341,1.8571428571428572
1342,5.142857142857143
1343,2.142857142857143
1344,0.8571428571428571
1345,2.2857142857142856
1346,0.42857142857142855
1347,2.142857142857143
1348,0.8571428571428571
1349,1.2857142857142858
1350,0.5714285714285714
1351,12.142857142857142
1352,3.2857142857142856
1353,0.0
1354,5.285714285714286
1355,10.857142857142858
1356,2.857142857142857
1357,2.142857142857143
1358,1.7142857142857142
1359,0.5714285714285714
1360,1.0
1361,0.7142857142857143
1362,1.4285714285714286
1363,2.0
1364,1.0
1365,0.0
1366,0.8571428571428571
1367,0.42857142857142855
1368,0.42857142857142855
1369,3.4285714285714284
1370,1.0
1371,0.42857142857142855
1372,1.7142857142857142
1373,2.142857142857143
1374,2.4285714285714284
1375,0.8571428571428571
1376,0.5714285714285714
1377,0.14285714285714285
1378,2.0
1379,0.0
1380,2.4285714285714284
1381,1.5714285714285714
1382,0.8571428571428571
1383,0.2857142857142857
1384,1.0
1385,0.8571428571428571
1386,2.7142857142857144
1387,0.14285714285714285
1388,0.42857142857142855
1389,0.2857142857142857
1390,1.4285714285714286
1391,1.1428571428571428
1392,3.142857142857143
1393,4.857142857142857
1394,6.0
1395,1.5714285714285714
1396,1.0
1397,0.14285714285714285
1398,1.7142857142857142
1399,10.285714285714286
1400,4.142857142857143
1401,3.142857142857143
1402,0.5714285714285714
1403,2.142857142857143
1404,0.7142857142857143
1405,2.7142857142857144
1406,1.2857142857142858
1407,2.142857142857143
1408,1.1428571428571428
1409,23.285714285714285
1410,2.142857142857143
1411,0.0
1412,4.0
1413,4.428571428571429
1414,2.4285714285714284
1415,3.857142857142857
1416,5.285714285714286
1417,1.8571428571428572
1418,0.0
1419,1.0
1420,0.0
1421,0.8571428571428571
1422,2.0
1423,0.0
1424,2.0
1425,0.42857142857142855
1426,3.7142857142857144
1427,3.142857142857143
1428,0.0
1429,0.42857142857142855
1430,6.285714285714286
1431,2.7142857142857144
1432,1.4285714285714286
1433,3.4285714285714284
1434,2.7142857142857144
1435,2.2857142857142856
1436,2.4285714285714284
1437,0.8571428571428571
1438,1.0
1439,0.42857142857142855
1440,0.8571428571428571
1441,0.42857142857142855
1442,1.0
1443,2.142857142857143
1444,4.285714285714286
1445,0.2857142857142857
1446,1.2857142857142858
1447,1.5714285714285714
1448,4.428571428571429
1449,0.0
1450,11.285714285714286
1451,2.2857142857142856
1452,1.2857142857142858
1453,2.4285714285714284
1454,2.142857142857143
1455,0.5714285714285714
1456,1.1428571428571428
1457,3.7142857142857144
1458,3.4285714285714284
1459,1.8571428571428572
1460,1.8571428571428572
1461,3.857142857142857
1462,0.14285714285714285
1463,1.0
1464,1.7142857142857142
1465,0.8571428571428571
1466,0.2857142857142857
1467,19.571428571428573
1468,5.285714285714286
1469,0.0
1470,5.714285714285714
1471,2.7142857142857144
1472,2.857142857142857
1473,2.7142857142857144
1474,2.7142857142857144
1475,0.7142857142857143
1476,1.0
1477,1.4285714285714286
1478,0.8571428571428571
1479,0.8571428571428571
1480,2.2857142857142856
1481,0.5714285714285714
1482,1.4285714285714286
1483,0.2857142857142857
1484,0.8571428571428571
1485,1.0
1486,0.42857142857142855
1487,1.1428571428571428
1488,1.5714285714285714
1489,0.5714285714285714
1490,1.7142857142857142
1491,1.7142857142857142
1492,0.5714285714285714
1493,0.14285714285714285
1494,0.8571428571428571
1495,0.14285714285714285
1496,1.2857142857142858
1497,0.7142857142857143
1498,0.42857142857142855
1499,0.42857142857142855
1500,1.7142857142857142
1501,0.7142857142857143
1502,7.714285714285714
1503,3.7142857142857144
1504,0.7142857142857143
1505,0.8571428571428571
1506,5.142857142857143
1507,0.14285714285714285
1508,13.0
1509,4.714285714285714
1510,2.0
1511,1.2857142857142858
1512,1.1428571428571428
1513,0.5714285714285714
1514,1.0
1515,1.1428571428571428
1516,1.2857142857142858
1517,3.7142857142857144
1518,2.0
1519,0.0
1520,3.142857142857143
1521,0.7142857142857143
1522,1.5714285714285714
1523,1.0
1524,2.142857142857143
1525,19.714285714285715
1526,6.0
1527,0.0
1528,3.0
1529,1.7142857142857142
1530,2.7142857142857144
1531,3.2857142857142856
1532,0.0
1533,0.5714285714285714
1534,4.0
1535,0.8571428571428571
1536,1.2857142857142858
1537,1.0
1538,4.0
1539,1.8571428571428572
1540,1.1428571428571428
1541,0.5714285714285714
1542,1.0
1543,4.285714285714286
1544,1.5714285714285714
1545,1.2857142857142858
1546,1.7142857142857142
1547,2.142857142857143
1548,2.142857142857143
1549,1.5714285714285714
1550,0.0
1551,1.2857142857142858
1552,2.2857142857142856
1553,0.0
1554,1.0
1555,0.0
1556,1.4285714285714286
1557,0.0
1558,1.0
1559,4.0
1560,3.7142857142857144
1561,0.7142857142857143
1562,4.857142857142857
1563,1.1428571428571428
1564,3.142857142857143
1565,1.7142857142857142
1566,4.285714285714286
1567,1.7142857142857142
1568,2.2857142857142856
1569,0.14285714285714285
1570,0.14285714285714285
1571,0.0
1572,0.5714285714285714
1573,0.8571428571428571
1574,1.8571428571428572
1575,1.0
1576,0.8571428571428571
1577,0.2857142857142857
1578,1.0
1579,0.2857142857142857
1580,0.2857142857142857
1581,0.14285714285714285
1582,0.14285714285714285
1583,4.142857142857143
1584,2.2857142857142856
1585,0.0
1586,1.7142857142857142
1587,0.7142857142857143
1588,1.7142857142857142
1589,1.4285714285714286
1590,0.0
1591,0.0
1592,1.4285714285714286
1593,0.7142857142857143
1594,0.2857142857142857
1595,4.0
1596,1.2857142857142858
1597,0.42857142857142855
1598,0.5714285714285714
1599,0.14285714285714285
1600,0.0
1601,1.7142857142857142
1602,0.0
1603,0.14285714285714285
1604,2.4285714285714284
1605,1.7142857142857142
1606,4.0
1607,1.0
1608,0.42857142857142855
1609,1.0
1610,0.2857142857142857
1611,0.0
1612,0.5714285714285714
1613,0.2857142857142857
1614,0.14285714285714285
1615,0.7142857142857143
1616,0.14285714285714285
1617,1.2857142857142858
1618,1.5714285714285714
1619,0.5714285714285714
1620,0.8571428571428571
1621,0.42857142857142855
1622,1.1428571428571428
1623,0.5714285714285714
1624,2.2857142857142856
1625,5.285714285714286
1626,3.857142857142857
1627,0.7142857142857143
1628,2.4285714285714284
1629,1.5714285714285714
1630,0.2857142857142857
1631,8.571428571428571
1632,2.142857142857143
1633,3.2857142857142856
1634,1.1428571428571428
1635,0.7142857142857143
1636,4.428571428571429
1637,0.14285714285714285
1638,1.1428571428571428
1639,0.2857142857142857
1640,3.5714285714285716
1641,23.428571428571427
1642,1.5714285714285714
1643,0.0
1644,5.428571428571429
1645,2.857142857142857
1646,5.285714285714286
1647,0.8571428571428571
1648,0.5714285714285714
1649,1.0
1650,1.0
1651,0.14285714285714285
1652,0.14285714285714285
1653,2.142857142857143
1654,4.857142857142857
1655,0.42857142857142855
1656,0.2857142857142857
1657,0.0
1658,2.5714285714285716
1659,1.8571428571428572
1660,0.14285714285714285
1661,0.42857142857142855
1662,2.5714285714285716
1663,1.8571428571428572
1664,1.8571428571428572
1665,2.142857142857143
1666,1.5714285714285714
1667,0.42857142857142855
1668,0.7142857142857143
1669,0.0
1670,0.2857142857142857
1671,0.5714285714285714
1672,0.2857142857142857
1673,1.2857142857142858
1674,0.14285714285714285
1675,0.14285714285714285
1676,2.857142857142857
1677,3.4285714285714284
1678,0.14285714285714285
1679,0.5714285714285714
1680,7.285714285714286
1681,0.2857142857142857
1682,3.7142857142857144
1683,1.4285714285714286
1684,1.2857142857142858
1685,1.1428571428571428
1686,1.1428571428571428
1687,1.1428571428571428
1688,1.2857142857142858
1689,5.714285714285714
1690,2.0
1691,2.2857142857142856
1692,1.5714285714285714
1693,2.7142857142857144
1694,0.14285714285714285
1695,0.2857142857142857
1696,0.5714285714285714
1697,0.14285714285714285
1698,0.42857142857142855
1699,15.285714285714286
1700,3.2857142857142856
1701,0.0
1702,3.7142857142857144
1703,4.857142857142857
1704,1.5714285714285714
1705,2.0
1706,2.4285714285714284
1707,1.2857142857142858
1708,1.0
1709,0.7142857142857143
1710,0.2857142857142857
1711,1.5714285714285714
1712,2.5714285714285716
1713,1.7142857142857142
1714,0.2857142857142857
1715,0.0
1716,0.7142857142857143
1717,1.5714285714285714
1718,0.5714285714285714
1719,1.8571428571428572
1720,5.285714285714286
1721,1.0
1722,2.857142857142857
1723,1.1428571428571428
1724,0.0
1725,0.7142857142857143
1726,0.8571428571428571
1727,2.7142857142857144
1728,0.5714285714285714
1729,0.2857142857142857
1730,0.7142857142857143
1731,0.0
1732,0.2857142857142857
1733,0.14285714285714285
1734,3.142857142857143
1735,3.142857142857143
1736,0.2857142857142857
1737,0.2857142857142857
1738,0.7142857142857143
1739,1.0
1740,7.142857142857143
1741,3.857142857142857
1742,1.5714285714285714
1743,0.42857142857142855
1744,0.7142857142857143
1745,0.14285714285714285
1746,0.42857142857142855
1747,1.7142857142857142
1748,1.8571428571428572
1749,0.0
1750,1.0
1751,0.42857142857142855
1752,1.5714285714285714
1753,0.5714285714285714
1754,0.2857142857142857
1755,0.14285714285714285
1756,0.2857142857142857
1757,2.5714285714285716
1758,2.7142857142857144
1759,0.0
1760,3.142857142857143
1761,2.5714285714285716
1762,1.4285714285714286
1763,2.7142857142857144
1764,0.8571428571428571
1765,0.7142857142857143
1766,1.2857142857142858
1767,0.7142857142857143
1768,0.8571428571428571
1769,1.4285714285714286
1770,1.7142857142857142
1771,1.0
1772,0.42857142857142855
1773,0.2857142857142857
1774,1.5714285714285714
1775,3.0
1776,0.5714285714285714
1777,1.2857142857142858
1778,1.2857142857142858
1779,3.0
1780,2.5714285714285716
1781,1.0
1782,0.5714285714285714
1783,0.42857142857142855
1784,1.1428571428571428
1785,0.0
1786,1.0
1787,0.7142857142857143
1788,0.42857142857142855
1789,1.2857142857142858
1790,0.42857142857142855
1791,1.5714285714285714
1792,2.142857142857143
1793,1.1428571428571428
1794,1.7142857142857142
1795,0.7142857142857143
1796,1.7142857142857142
1797,1.7142857142857142
1798,6.714285714285714
1799,3.0
1800,1.0
1801,0.42857142857142855
1802,0.2857142857142857
1803,0.8571428571428571
1804,1.4285714285714286
1805,2.2857142857142856
1806,2.142857142857143
1807,0.5714285714285714
1808,1.5714285714285714
1809,2.7142857142857144
1810,0.14285714285714285
1811,1.2857142857142858
1812,0.2857142857142857
1813,1.0
1814,0.2857142857142857
1815,10.857142857142858
1816,3.4285714285714284
1817,0.0
1818,3.142857142857143
1819,1.8571428571428572
1820,0.2857142857142857
1821,2.5714285714285716
1822,0.5714285714285714
1823,0.5714285714285714
1824,0.42857142857142855
1825,1.0
1826,1.8571428571428572
1827,5.428571428571429
1828,0.14285714285714285
1829,0.5714285714285714
1830,1.2857142857142858
1831,1.2857142857142858
1832,0.14285714285714285
1833,0.2857142857142857
1834,0.0
1835,0.7142857142857143
1836,1.7142857142857142
1837,1.0
1838,0.5714285714285714
1839,0.14285714285714285
1840,0.5714285714285714
1841,0.7142857142857143
1842,0.8571428571428571
1843,0.0
1844,1.7142857142857142
1845,0.42857142857142855
1846,0.8571428571428571
1847,0.0
1848,0.0
1849,1.2857142857142858
1850,3.7142857142857144
1851,0.0
1852,0.5714285714285714
1853,1.0
1854,0.8571428571428571
1855,0.5714285714285714
1856,8.0
1857,1.0
1858,2.4285714285714284
1859,3.0
1860,1.2857142857142858
1861,1.0
1862,0.42857142857142855
1863,3.142857142857143
1864,1.7142857142857142
1865,1.1428571428571428
1866,1.2857142857142858
1867,0.5714285714285714
1868,0.2857142857142857
1869,0.14285714285714285
1870,1.2857142857142858
1871,0.7142857142857143
1872,0.14285714285714285
1873,14.857142857142858
1874,3.7142857142857144
1875,0.0
1876,5.571428571428571
1877,3.857142857142857
1878,1.2857142857142858
1879,3.4285714285714284
1880,3.7142857142857144
1881,1.0
1882,0.5714285714285714
1883,1.4285714285714286
1884,0.7142857142857143
1885,4.285714285714286
1886,1.0
1887,1.2857142857142858
1888,1.2857142857142858
1889,1.1428571428571428
1890,0.5714285714285714
1891,1.8571428571428572
1892,0.7142857142857143
1893,0.0
1894,2.2857142857142856
1895,2.142857142857143
1896,2.2857142857142856
1897,0.8571428571428571
1898,0.2857142857142857
1899,1.1428571428571428
1900,1.0
1901,0.42857142857142855
1902,1.0
1903,1.1428571428571428
1904,0.2857142857142857
1905,0.42857142857142855
1906,2.0
1907,0.2857142857142857
1908,3.7142857142857144
1909,0.2857142857142857
1910,2.142857142857143
1911,1.1428571428571428
1912,6.0
1913,0.5714285714285714
1914,9.0
1915,2.5714285714285716
1916,2.142857142857143
1917,1.8571428571428572
1918,1.5714285714285714
1919,0.2857142857142857
1920,2.2857142857142856
1921,1.8571428571428572
1922,5.142857142857143
1923,2.142857142857143
1924,0.8571428571428571
1925,2.2857142857142856
1926,0.42857142857142855
1927,2.142857142857143
1928,0.8571428571428571
1929,1.2857142857142858
1930,0.5714285714285714
1931,12.142857142857142
1932,3.2857142857142856
1933,0.0
1934,5.285714285714286
1935,10.857142857142858
1936,2.857142857142857
1937,2.142857142857143
1938,1.7142857142857142
1939,0.5714285714285714
1940,1.0
1941,0.7142857142857143
1942,1.4285714285714286
1943,2.0
1944,1.0
1945,0.0
1946,0.8571428571428571
1947,0.42857142857142855
1948,0.42857142857142855
1949,3.4285714285714284
1950,1.0
1951,0.42857142857142855
1952,1.7142857142857142
1953,2.142857142857143
1954,2.4285714285714284
1955,0.8571428571428571
1956,0.5714285714285714
1957,0.14285714285714285
1958,2.0
1959,0.0
1960,2.4285714285714284
1961,1.5714285714285714
1962,0.8571428571428571
1963,0.2857142857142857
1964,1.0
1965,0.8571428571428571
1966,2.7142857142857144
1967,0.14285714285714285
1968,0.42857142857142855
1969,0.2857142857142857
1970,1.4285714285714286
1971,1.1428571428571428
1972,3.142857142857143
1973,4.857142857142857
1974,6.0
1975,1.5714285714285714
1976,1.0
1977,0.14285714285714285
1978,1.7142857142857142
1979,10.285714285714286
1980,4.142857142857143
1981,3.142857142857143
1982,0.5714285714285714
1983,2.142857142857143
1984,0.7142857142857143
1985,2.7142857142857144
1986,1.2857142857142858
1987,2.142857142857143
1988,1.1428571428571428
1989,23.285714285714285
1990,2.142857142857143
1991,0.0
1992,4.0
1993,4.428571428571429
1994,2.4285714285714284
1995,3.857142857142857
1996,5.285714285714286
1997,1.8571428571428572
1998,0.0
1999,1.0
2000,0.0
2001,0.8571428571428571
2002,2.0
2003,0.0
2004,2.0
2005,0.42857142857142855
2006,3.7142857142857144
2007,3.142857142857143
2008,0.0
2009,0.42857142857142855
2010,6.285714285714286
2011,2.7142857142857144
2012,1.4285714285714286
2013,3.4285714285714284
2014,2.7142857142857144
2015,2.2857142857142856
2016,2.4285714285714284
2017,0.8571428571428571
2018,1.0
2019,0.42857142857142855
2020,0.8571428571428571
2021,0.42857142857142855
2022,1.0
2023,2.142857142857143
2024,4.285714285714286
2025,0.2857142857142857
2026,1.2857142857142858
2027,1.5714285714285714
2028,4.428571428571429
2029,0.0
2030,11.285714285714286
2031,2.2857142857142856
2032,1.2857142857142858
2033,2.4285714285714284
2034,2.142857142857143
2035,0.5714285714285714
2036,1.1428571428571428
2037,3.7142857142857144
2038,3.4285714285714284
2039,1.8571428571428572
2040,1.8571428571428572
2041,3.857142857142857
2042,0.14285714285714285
2043,1.0
2044,1.7142857142857142
2045,0.8571428571428571
2046,0.2857142857142857
2047,19.571428571428573
2048,5.285714285714286
2049,0.0
2050,5.714285714285714
2051,2.7142857142857144
2052,2.857142857142857
2053,2.7142857142857144
2054,2.7142857142857144
2055,0.7142857142857143
2056,1.0
2057,1.4285714285714286
2058,0.8571428571428571
2059,0.8571428571428571
2060,2.2857142857142856
2061,0.5714285714285714
2062,1.4285714285714286
2063,0.2857142857142857
2064,0.8571428571428571
2065,1.0
2066,0.42857142857142855
2067,1.1428571428571428
2068,1.5714285714285714
2069,0.5714285714285714
2070,1.7142857142857142
2071,1.7142857142857142
2072,0.5714285714285714
2073,0.14285714285714285
2074,0.8571428571428571
2075,0.14285714285714285
2076,1.2857142857142858
2077,0.7142857142857143
2078,0.42857142857142855
2079,0.42857142857142855
2080,1.7142857142857142
2081,0.7142857142857143
2082,7.714285714285714
2083,3.7142857142857144
2084,0.7142857142857143
2085,0.8571428571428571
2086,5.142857142857143
2087,0.14285714285714285
2088,13.0
2089,4.714285714285714
2090,2.0
2091,1.2857142857142858
2092,1.1428571428571428
2093,0.5714285714285714
2094,1.0
2095,1.1428571428571428
2096,1.2857142857142858
2097,3.7142857142857144
2098,2.0
2099,0.0
2100,3.142857142857143
2101,0.7142857142857143
2102,1.5714285714285714
2103,1.0
2104,2.142857142857143
2105,19.714285714285715
2106,6.0
2107,0.0
2108,3.0
2109,1.7142857142857142
2110,2.7142857142857144
2111,3.2857142857142856
2112,0.0
2113,0.5714285714285714
2114,4.0
2115,0.8571428571428571
2116,1.2857142857142858
2117,1.0
2118,4.0
2119,1.8571428571428572
2120,1.1428571428571428
2121,0.5714285714285714
2122,1.0
2123,4.285714285714286
2124,1.5714285714285714
2125,1.2857142857142858
2126,1.7142857142857142
2127,2.142857142857143
2128,2.142857142857143
2129,1.5714285714285714
2130,0.0
2131,1.2857142857142858
2132,2.2857142857142856
2133,0.0
2134,1.0
2135,0.0
2136,1.4285714285714286
2137,0.0
2138,1.0
2139,4.0
2140,3.7142857142857144
2141,0.7142857142857143
2142,4.857142857142857
2143,1.1428571428571428
2144,3.142857142857143
2145,1.7142857142857142
2146,4.285714285714286
2147,1.7142857142857142
2148,2.2857142857142856
2149,0.14285714285714285
2150,0.14285714285714285
2151,0.0
2152,0.5714285714285714
2153,0.8571428571428571
2154,1.8571428571428572
2155,1.0
2156,0.8571428571428571
2157,0.2857142857142857
2158,1.0
2159,0.2857142857142857
2160,0.2857142857142857
2161,0.14285714285714285
2162,0.14285714285714285
2163,4.142857142857143
2164,2.2857142857142856
2165,0.0
2166,1.7142857142857142
2167,0.7142857142857143
2168,1.7142857142857142
2169,1.4285714285714286
2170,0.0
2171,0.0
2172,1.4285714285714286
2173,0.7142857142857143
2174,0.2857142857142857
2175,4.0
2176,1.2857142857142858
2177,0.42857142857142855
2178,0.5714285714285714
2179,0.14285714285714285
2180,0.0
2181,1.7142857142857142
2182,0.0
2183,0.14285714285714285
2184,2.4285714285714284
2185,1.7142857142857142
2186,4.0
2187,1.0
2188,0.42857142857142855
2189,1.0
2190,0.2857142857142857
2191,0.0
2192,0.5714285714285714
2193,0.2857142857142857
2194,0.14285714285714285
2195,0.7142857142857143
2196,0.14285714285714285
2197,1.2857142857142858
2198,1.5714285714285714
2199,0.5714285714285714
2200,0.8571428571428571
2201,0.42857142857142855
2202,1.1428571428571428
2203,0.5714285714285714
2204,2.2857142857142856
2205,5.285714285714286
2206,3.857142857142857
2207,0.7142857142857143
2208,2.4285714285714284
2209,1.5714285714285714
2210,0.2857142857142857
2211,8.571428571428571
2212,2.142857142857143
2213,3.2857142857142856
2214,1.1428571428571428
2215,0.7142857142857143
2216,4.428571428571429
2217,0.14285714285714285
2218,1.1428571428571428
2219,0.2857142857142857
2220,3.5714285714285716
2221,23.428571428571427
2222,1.5714285714285714
2223,0.0
2224,5.428571428571429
2225,2.857142857142857
2226,5.285714285714286
2227,0.8571428571428571
2228,0.5714285714285714
2229,1.0
2230,1.0
2231,0.14285714285714285
2232,0.14285714285714285
2233,2.142857142857143
2234,4.857142857142857
2235,0.42857142857142855
2236,0.2857142857142857
2237,0.0
2238,2.5714285714285716
2239,1.8571428571428572
2240,0.14285714285714285
2241,0.42857142857142855
2242,2.5714285714285716
2243,1.8571428571428572
2244,1.8571428571428572
2245,2.142857142857143
2246,1.5714285714285714
2247,0.42857142857142855
2248,0.7142857142857143
2249,0.0
2250,0.2857142857142857
2251,0.5714285714285714
2252,0.2857142857142857
2253,1.2857142857142858
2254,0.14285714285714285
2255,0.14285714285714285
2256,2.857142857142857
2257,3.4285714285714284
2258,0.14285714285714285
2259,0.5714285714285714
2260,7.285714285714286
2261,0.2857142857142857
2262,3.7142857142857144
2263,1.4285714285714286
2264,1.2857142857142858
2265,1.1428571428571428
2266,1.1428571428571428
2267,1.1428571428571428
2268,1.2857142857142858
2269,5.714285714285714
2270,2.0
2271,2.2857142857142856
2272,1.5714285714285714
2273,2.7142857142857144
2274,0.14285714285714285
2275,0.2857142857142857
2276,0.5714285714285714
2277,0.14285714285714285
2278,0.42857142857142855
2279,15.285714285714286
2280,3.2857142857142856
2281,0.0
2282,3.7142857142857144
2283,4.857142857142857
2284,1.5714285714285714
2285,2.0
2286,2.4285714285714284
2287,1.2857142857142858
2288,1.0
2289,0.7142857142857143
2290,0.2857142857142857
2291,1.5714285714285714
2292,2.5714285714285716
2293,1.7142857142857142
2294,0.2857142857142857
2295,0.0
2296,0.7142857142857143
2297,1.5714285714285714
2298,0.5714285714285714
2299,1.8571428571428572
2300,5.285714285714286
2301,1.0
2302,2.857142857142857
2303,1.1428571428571428
2304,0.0
2305,0.7142857142857143
2306,0.8571428571428571
2307,2.7142857142857144
2308,0.5714285714285714
2309,0.2857142857142857
2310,0.7142857142857143
2311,0.0
2312,0.2857142857142857
2313,0.14285714285714285
2314,3.142857142857143
2315,3.142857142857143
2316,0.2857142857142857
2317,0.2857142857142857
2318,0.7142857142857143
2319,1.0
2320,7.142857142857143
2321,3.857142857142857
2322,1.5714285714285714
2323,0.42857142857142855
2324,0.7142857142857143
2325,0.14285714285714285
2326,0.42857142857142855
2327,1.7142857142857142
2328,1.8571428571428572
2329,0.0
2330,1.0
2331,0.42857142857142855
2332,1.5714285714285714
2333,0.5714285714285714
2334,0.2857142857142857
2335,0.14285714285714285
2336,0.2857142857142857
2337,2.5714285714285716
2338,2.7142857142857144
2339,0.0
2340,3.142857142857143
2341,2.5714285714285716
2342,1.4285714285714286
2343,2.7142857142857144
2344,0.8571428571428571
2345,0.7142857142857143
2346,1.2857142857142858
2347,0.7142857142857143
2348,0.8571428571428571
2349,1.4285714285714286
2350,1.7142857142857142
2351,1.0
2352,0.42857142857142855
2353,0.2857142857142857
2354,1.5714285714285714
2355,3.0
2356,0.5714285714285714
2357,1.2857142857142858
2358,1.2857142857142858
2359,3.0
2360,2.5714285714285716
2361,1.0
2362,0.5714285714285714
2363,0.42857142857142855
2364,1.1428571428571428
2365,0.0
2366,1.0
2367,0.7142857142857143
2368,0.42857142857142855
2369,1.2857142857142858
2370,0.42857142857142855
2371,1.5714285714285714
2372,2.142857142857143
2373,1.1428571428571428
2374,1.7142857142857142
2375,0.7142857142857143
2376,1.7142857142857142
2377,1.7142857142857142
2378,6.714285714285714
2379,3.0
2380,1.0
2381,0.42857142857142855
2382,0.2857142857142857
2383,0.8571428571428571
2384,1.4285714285714286
2385,2.2857142857142856
2386,2.142857142857143
2387,0.5714285714285714
2388,1.5714285714285714
2389,2.7142857142857144
2390,0.14285714285714285
2391,1.2857142857142858
2392,0.2857142857142857
2393,1.0
2394,0.2857142857142857
2395,10.857142857142858
2396,3.4285714285714284
2397,0.0
2398,3.142857142857143
2399,1.8571428571428572
2400,0.2857142857142857
2401,2.5714285714285716
2402,0.5714285714285714
2403,0.5714285714285714
2404,0.42857142857142855
2405,1.0
2406,1.8571428571428572
2407,5.428571428571429
2408,0.14285714285714285
2409,0.5714285714285714
2410,1.2857142857142858
2411,1.2857142857142858
2412,0.14285714285714285
2413,0.2857142857142857
2414,0.0
2415,0.7142857142857143
2416,1.7142857142857142
2417,1.0
2418,0.5714285714285714
2419,0.14285714285714285
2420,0.5714285714285714
2421,0.7142857142857143
2422,0.8571428571428571
2423,0.0
2424,1.7142857142857142
2425,0.42857142857142855
2426,0.8571428571428571
2427,0.0
2428,0.0
2429,1.2857142857142858
2430,3.7142857142857144
2431,0.0
2432,0.5714285714285714
2433,1.0
2434,0.8571428571428571
2435,0.5714285714285714
2436,8.0
2437,1.0
2438,2.4285714285714284
2439,3.0
2440,1.2857142857142858
2441,1.0
2442,0.42857142857142855
2443,3.142857142857143
2444,1.7142857142857142
2445,1.1428571428571428
2446,1.2857142857142858
2447,0.5714285714285714
2448,0.2857142857142857
2449,0.14285714285714285
2450,1.2857142857142858
2451,0.7142857142857143
2452,0.14285714285714285
2453,14.857142857142858
2454,3.7142857142857144
2455,0.0
2456,5.571428571428571
2457,3.857142857142857
2458,1.2857142857142858
2459,3.4285714285714284
2460,3.7142857142857144
2461,1.0
2462,0.5714285714285714
2463,1.4285714285714286
2464,0.7142857142857143
2465,4.285714285714286
2466,1.0
2467,1.2857142857142858
2468,1.2857142857142858
2469,1.1428571428571428
2470,0.5714285714285714
2471,1.8571428571428572
2472,0.7142857142857143
2473,0.0
2474,2.2857142857142856
2475,2.142857142857143
2476,2.2857142857142856
2477,0.8571428571428571
2478,0.2857142857142857
2479,1.1428571428571428
2480,1.0
2481,0.42857142857142855
2482,1.0
2483,1.1428571428571428
2484,0.2857142857142857
2485,0.42857142857142855
2486,2.0
2487,0.2857142857142857
2488,3.7142857142857144
2489,0.2857142857142857
2490,2.142857142857143
2491,1.1428571428571428
2492,6.0
2493,0.5714285714285714
2494,9.0
2495,2.5714285714285716
2496,2.142857142857143
2497,1.8571428571428572
2498,1.5714285714285714
2499,0.2857142857142857
2500,2.2857142857142856
2501,1.8571428571428572
2502,5.142857142857143
2503,2.142857142857143
2504,0.8571428571428571
2505,2.2857142857142856
2506,0.42857142857142855
2507,2.142857142857143
2508,0.8571428571428571
2509,1.2857142857142858
2510,0.5714285714285714
2511,12.142857142857142
2512,3.2857142857142856
2513,0.0
2514,5.285714285714286
2515,10.857142857142858
2516,2.857142857142857
2517,2.142857142857143
2518,1.7142857142857142
2519,0.5714285714285714
2520,1.0
2521,0.7142857142857143
2522,1.4285714285714286
2523,2.0
2524,1.0
2525,0.0
2526,0.8571428571428571
2527,0.42857142857142855
2528,0.42857142857142855
2529,3.4285714285714284
2530,1.0
2531,0.42857142857142855
2532,1.7142857142857142
2533,2.142857142857143
2534,2.4285714285714284
2535,0.8571428571428571
2536,0.5714285714285714
2537,0.14285714285714285
2538,2.0
2539,0.0
2540,2.4285714285714284
2541,1.5714285714285714
2542,0.8571428571428571
2543,0.2857142857142857
2544,1.0
2545,0.8571428571428571
2546,2.7142857142857144
2547,0.14285714285714285
2548,0.42857142857142855
2549,0.2857142857142857
2550,1.4285714285714286
2551,1.1428571428571428
2552,3.142857142857143
2553,4.857142857142857
2554,6.0
2555,1.5714285714285714
2556,1.0
2557,0.14285714285714285
2558,1.7142857142857142
2559,10.285714285714286
2560,4.142857142857143
2561,3.142857142857143
2562,0.5714285714285714
2563,2.142857142857143
2564,0.7142857142857143
2565,2.7142857142857144
2566,1.2857142857142858
2567,2.142857142857143
2568,1.1428571428571428
2569,23.285714285714285
2570,2.142857142857143
2571,0.0
2572,4.0
2573,4.428571428571429
2574,2.4285714285714284
2575,3.857142857142857
2576,5.285714285714286
2577,1.8571428571428572
2578,0.0
2579,1.0
2580,0.0
2581,0.8571428571428571
2582,2.0
2583,0.0
2584,2.0
2585,0.42857142857142855
2586,3.7142857142857144
2587,3.142857142857143
2588,0.0
2589,0.42857142857142855
2590,6.285714285714286
2591,2.7142857142857144
2592,1.4285714285714286
2593,3.4285714285714284
2594,2.7142857142857144
2595,2.2857142857142856
2596,2.4285714285714284
2597,0.8571428571428571
2598,1.0
2599,0.42857142857142855
2600,0.8571428571428571
2601,0.42857142857142855
2602,1.0
2603,2.142857142857143
2604,4.285714285714286
2605,0.2857142857142857
2606,1.2857142857142858
2607,1.5714285714285714
2608,4.428571428571429
2609,0.0
2610,11.285714285714286
2611,2.2857142857142856
2612,1.2857142857142858
2613,2.4285714285714284
2614,2.142857142857143
2615,0.5714285714285714
2616,1.1428571428571428
2617,3.7142857142857144
2618,3.4285714285714284
2619,1.8571428571428572
2620,1.8571428571428572
2621,3.857142857142857
2622,0.14285714285714285
2623,1.0
2624,1.7142857142857142
2625,0.8571428571428571
2626,0.2857142857142857
2627,19.571428571428573
2628,5.285714285714286
2629,0.0
2630,5.714285714285714
2631,2.7142857142857144
2632,2.857142857142857
2633,2.7142857142857144
2634,2.7142857142857144
2635,0.7142857142857143
2636,1.0
2637,1.4285714285714286
2638,0.8571428571428571
2639,0.8571428571428571
2640,2.2857142857142856
2641,0.5714285714285714
2642,1.4285714285714286
2643,0.2857142857142857
2644,0.8571428571428571
2645,1.0
2646,0.42857142857142855
2647,1.1428571428571428
2648,1.5714285714285714
2649,0.5714285714285714
2650,1.7142857142857142
2651,1.7142857142857142
2652,0.5714285714285714
2653,0.14285714285714285
2654,0.8571428571428571
2655,0.14285714285714285
2656,1.2857142857142858
2657,0.7142857142857143
2658,0.42857142857142855
2659,0.42857142857142855
2660,1.7142857142857142
2661,0.7142857142857143
2662,7.714285714285714
2663,3.7142857142857144
2664,0.7142857142857143
2665,0.8571428571428571
2666,5.142857142857143
2667,0.14285714285714285
2668,13.0
2669,4.714285714285714
2670,2.0
2671,1.2857142857142858
2672,1.1428571428571428
2673,0.5714285714285714
2674,1.0
2675,1.1428571428571428
2676,1.2857142857142858
2677,3.7142857142857144
2678,2.0
2679,0.0
2680,3.142857142857143
2681,0.7142857142857143
2682,1.5714285714285714
2683,1.0
2684,2.142857142857143
2685,19.714285714285715
2686,6.0
2687,0.0
2688,3.0
2689,1.7142857142857142
2690,2.7142857142857144
2691,3.2857142857142856
2692,0.0
2693,0.5714285714285714
2694,4.0
2695,0.8571428571428571
2696,1.2857142857142858
2697,1.0
2698,4.0
2699,1.8571428571428572
2700,1.1428571428571428
2701,0.5714285714285714
2702,1.0
2703,4.285714285714286
2704,1.5714285714285714
2705,1.2857142857142858
2706,1.7142857142857142
2707,2.142857142857143
2708,2.142857142857143
2709,1.5714285714285714
2710,0.0
2711,1.2857142857142858
2712,2.2857142857142856
2713,0.0
2714,1.0
2715,0.0
2716,1.4285714285714286
2717,0.0
2718,1.0
2719,4.0
2720,3.7142857142857144
2721,0.7142857142857143
2722,4.857142857142857
2723,1.1428571428571428
2724,3.142857142857143
2725,1.7142857142857142
2726,4.285714285714286
2727,1.7142857142857142
2728,2.2857142857142856
2729,0.14285714285714285
2730,0.14285714285714285
2731,0.0
2732,0.5714285714285714
2733,0.8571428571428571
2734,1.8571428571428572
2735,1.0
2736,0.8571428571428571
2737,0.2857142857142857
2738,1.0
2739,0.2857142857142857
2740,0.2857142857142857
2741,0.14285714285714285
2742,0.14285714285714285
2743,4.142857142857143
2744,2.2857142857142856
2745,0.0
2746,1.7142857142857142
2747,0.7142857142857143
2748,1.7142857142857142
2749,1.4285714285714286
2750,0.0
2751,0.0
2752,1.4285714285714286
2753,0.7142857142857143
2754,0.2857142857142857
2755,4.0
2756,1.2857142857142858
2757,0.42857142857142855
2758,0.5714285714285714
2759,0.14285714285714285
2760,0.0
2761,1.7142857142857142
2762,0.0
2763,0.14285714285714285
2764,2.4285714285714284
2765,1.7142857142857142
2766,4.0
2767,1.0
2768,0.42857142857142855
2769,1.0
2770,0.2857142857142857
2771,0.0
2772,0.5714285714285714
2773,0.2857142857142857
2774,0.14285714285714285
2775,0.7142857142857143
2776,0.14285714285714285
2777,1.2857142857142858
2778,1.5714285714285714
2779,0.5714285714285714
2780,0.8571428571428571
2781,0.42857142857142855
2782,1.1428571428571428
2783,0.5714285714285714
2784,2.2857142857142856
2785,5.285714285714286
2786,3.857142857142857
2787,0.7142857142857143
2788,2.4285714285714284
2789,1.5714285714285714
2790,0.2857142857142857
2791,8.571428571428571
2792,2.142857142857143
2793,3.2857142857142856
2794,1.1428571428571428
2795,0.7142857142857143
2796,4.428571428571429
2797,0.14285714285714285
2798,1.1428571428571428
2799,0.2857142857142857
2800,3.5714285714285716
2801,23.428571428571427
2802,1.5714285714285714
2803,0.0
2804,5.428571428571429
2805,2.857142857142857
2806,5.285714285714286
2807,0.8571428571428571
2808,0.5714285714285714
2809,1.0
2810,1.0
2811,0.14285714285714285
2812,0.14285714285714285
2813,2.142857142857143
2814,4.857142857142857
2815,0.42857142857142855
2816,0.2857142857142857
2817,0.0
2818,2.5714285714285716
2819,1.8571428571428572
2820,0.14285714285714285
2821,0.42857142857142855
2822,2.5714285714285716
2823,1.8571428571428572
2824,1.8571428571428572
2825,2.142857142857143
2826,1.5714285714285714
2827,0.42857142857142855
2828,0.7142857142857143
2829,0.0
2830,0.2857142857142857
2831,0.5714285714285714
2832,0.2857142857142857
2833,1.2857142857142858
2834,0.14285714285714285
2835,0.14285714285714285
2836,2.857142857142857
2837,3.4285714285714284
2838,0.14285714285714285
2839,0.5714285714285714
2840,7.285714285714286
2841,0.2857142857142857
2842,3.7142857142857144
2843,1.4285714285714286
2844,1.2857142857142858
2845,1.1428571428571428
2846,1.1428571428571428
2847,1.1428571428571428
2848,1.2857142857142858
2849,5.714285714285714
2850,2.0
2851,2.2857142857142856
2852,1.5714285714285714
2853,2.7142857142857144
2854,0.14285714285714285
2855,0.2857142857142857
2856,0.5714285714285714
2857,0.14285714285714285
2858,0.42857142857142855
2859,15.285714285714286
2860,3.2857142857142856
2861,0.0
2862,3.7142857142857144
2863,4.857142857142857
2864,1.5714285714285714
2865,2.0
2866,2.4285714285714284
2867,1.2857142857142858
2868,1.0
2869,0.7142857142857143
2870,0.2857142857142857
2871,1.5714285714285714
2872,2.5714285714285716
2873,1.7142857142857142
2874,0.2857142857142857
2875,0.0
2876,0.7142857142857143
2877,1.5714285714285714
2878,0.5714285714285714
2879,1.8571428571428572
2880,5.285714285714286
2881,1.0
2882,2.857142857142857
2883,1.1428571428571428
2884,0.0
2885,0.7142857142857143
2886,0.8571428571428571
2887,2.7142857142857144
2888,0.5714285714285714
2889,0.2857142857142857
2890,0.7142857142857143
2891,0.0
2892,0.2857142857142857
2893,0.14285714285714285
2894,3.142857142857143
2895,3.142857142857143
2896,0.2857142857142857
2897,0.2857142857142857
2898,0.7142857142857143
2899,1.0
2900,7.142857142857143
2901,3.857142857142857
2902,1.5714285714285714
2903,0.42857142857142855
2904,0.7142857142857143
2905,0.14285714285714285
2906,0.42857142857142855
2907,1.7142857142857142
2908,1.8571428571428572
2909,0.0
2910,1.0
2911,0.42857142857142855
2912,1.5714285714285714
2913,0.5714285714285714
2914,0.2857142857142857
2915,0.14285714285714285
2916,0.2857142857142857
2917,2.5714285714285716
2918,2.7142857142857144
2919,0.0
2920,3.142857142857143
2921,2.5714285714285716
2922,1.4285714285714286
2923,2.7142857142857144
2924,0.8571428571428571
2925,0.7142857142857143
2926,1.2857142857142858
2927,0.7142857142857143
2928,0.8571428571428571
2929,1.4285714285714286
2930,1.7142857142857142
2931,1.0
2932,0.42857142857142855
2933,0.2857142857142857
2934,1.5714285714285714
2935,3.0
2936,0.5714285714285714
2937,1.2857142857142858
2938,1.2857142857142858
2939,3.0
2940,2.5714285714285716
2941,1.0
2942,0.5714285714285714
2943,0.42857142857142855
2944,1.1428571428571428
2945,0.0
2946,1.0
2947,0.7142857142857143
2948,0.42857142857142855
2949,1.2857142857142858
2950,0.42857142857142855
2951,1.5714285714285714
2952,2.142857142857143
2953,1.1428571428571428
2954,1.7142857142857142
2955,0.7142857142857143
2956,1.7142857142857142
2957,1.7142857142857142
2958,6.714285714285714
2959,3.0
2960,1.0
2961,0.42857142857142855
2962,0.2857142857142857
2963,0.8571428571428571
2964,1.4285714285714286
2965,2.2857142857142856
2966,2.142857142857143
2967,0.5714285714285714
2968,1.5714285714285714
2969,2.7142857142857144
2970,0.14285714285714285
2971,1.2857142857142858
2972,0.2857142857142857
2973,1.0
2974,0.2857142857142857
2975,10.857142857142858
2976,3.4285714285714284
2977,0.0
2978,3.142857142857143
2979,1.8571428571428572
2980,0.2857142857142857
2981,2.5714285714285716
2982,0.5714285714285714
2983,0.5714285714285714
2984,0.42857142857142855
2985,1.0
2986,1.8571428571428572
2987,5.428571428571429
2988,0.14285714285714285
2989,0.5714285714285714
2990,1.2857142857142858
2991,1.2857142857142858
2992,0.14285714285714285
2993,0.2857142857142857
2994,0.0
2995,0.7142857142857143
2996,1.7142857142857142
2997,1.0
2998,0.5714285714285714
2999,0.14285714285714285
3000,0.5714285714285714
3001,0.7142857142857143
3002,0.8571428571428571
3003,0.0
3004,1.7142857142857142
3005,0.42857142857142855
3006,0.8571428571428571
3007,0.0
3008,0.0
3009,1.2857142857142858
3010,3.7142857142857144
3011,0.0
3012,0.5714285714285714
3013,1.0
3014,0.8571428571428571
3015,0.5714285714285714
3016,8.0
3017,1.0
3018,2.4285714285714284
3019,3.0
3020,1.2857142857142858
3021,1.0
3022,0.42857142857142855
3023,3.142857142857143
3024,1.7142857142857142
3025,1.1428571428571428
3026,1.2857142857142858
3027,0.5714285714285714
3028,0.2857142857142857
3029,0.14285714285714285
3030,1.2857142857142858
3031,0.7142857142857143
3032,0.14285714285714285
3033,14.857142857142858
3034,3.7142857142857144
3035,0.0
3036,5.571428571428571
3037,3.857142857142857
3038,1.2857142857142858
3039,3.4285714285714284
3040,3.7142857142857144
3041,1.0
3042,0.5714285714285714
3043,1.4285714285714286
3044,0.7142857142857143
3045,4.285714285714286
3046,1.0
3047,1.2857142857142858
3048,1.2857142857142858
3049,1.1428571428571428
3050,0.5714285714285714
3051,1.8571428571428572
3052,0.7142857142857143
3053,0.0
3054,2.2857142857142856
3055,2.142857142857143
3056,2.2857142857142856
3057,0.8571428571428571
3058,0.2857142857142857
3059,1.1428571428571428
3060,1.0
3061,0.42857142857142855
3062,1.0
3063,1.1428571428571428
3064,0.2857142857142857
3065,0.42857142857142855
3066,2.0
3067,0.2857142857142857
3068,3.7142857142857144
3069,0.2857142857142857
3070,2.142857142857143
3071,1.1428571428571428
3072,6.0
3073,0.5714285714285714
3074,9.0
3075,2.5714285714285716
3076,2.142857142857143
3077,1.8571428571428572
3078,1.5714285714285714
3079,0.2857142857142857
3080,2.2857142857142856
3081,1.8571428571428572
3082,5.142857142857143
3083,2.142857142857143
3084,0.8571428571428571
3085,2.2857142857142856
3086,0.42857142857142855
3087,2.142857142857143
3088,0.8571428571428571
3089,1.2857142857142858
3090,0.5714285714285714
3091,12.142857142857142
3092,3.2857142857142856
3093,0.0
3094,5.285714285714286
3095,10.857142857142858
3096,2.857142857142857
3097,2.142857142857143
3098,1.7142857142857142
3099,0.5714285714285714
3100,1.0
3101,0.7142857142857143
3102,1.4285714285714286
3103,2.0
3104,1.0
3105,0.0
3106,0.8571428571428571
3107,0.42857142857142855
3108,0.42857142857142855
3109,3.4285714285714284
3110,1.0
3111,0.42857142857142855
3112,1.7142857142857142
3113,2.142857142857143
3114,2.4285714285714284
3115,0.8571428571428571
3116,0.5714285714285714
3117,0.14285714285714285
3118,2.0
3119,0.0
3120,2.4285714285714284
3121,1.5714285714285714
3122,0.8571428571428571
3123,0.2857142857142857
3124,1.0
3125,0.8571428571428571
3126,2.7142857142857144
3127,0.14285714285714285
3128,0.42857142857142855
3129,0.2857142857142857
3130,1.4285714285714286
3131,1.1428571428571428
3132,3.142857142857143
3133,4.857142857142857
3134,6.0
3135,1.5714285714285714
3136,1.0
3137,0.14285714285714285
3138,1.7142857142857142
3139,10.285714285714286
3140,4.142857142857143
3141,3.142857142857143
3142,0.5714285714285714
3143,2.142857142857143
3144,0.7142857142857143
3145,2.7142857142857144
3146,1.2857142857142858
3147,2.142857142857143
3148,1.1428571428571428
3149,23.285714285714285
3150,2.142857142857143
3151,0.0
3152,4.0
3153,4.428571428571429
3154,2.4285714285714284
3155,3.857142857142857
3156,5.285714285714286
3157,1.8571428571428572
3158,0.0
3159,1.0
3160,0.0
3161,0.8571428571428571
3162,2.0
3163,0.0
3164,2.0
3165,0.42857142857142855
3166,3.7142857142857144
3167,3.142857142857143
3168,0.0
3169,0.42857142857142855
3170,6.285714285714286
3171,2.7142857142857144
3172,1.4285714285714286
3173,3.4285714285714284
3174,2.7142857142857144
3175,2.2857142857142856
3176,2.4285714285714284
3177,0.8571428571428571
3178,1.0
3179,0.42857142857142855
3180,0.8571428571428571
3181,0.42857142857142855
3182,1.0
3183,2.142857142857143
3184,4.285714285714286
3185,0.2857142857142857
3186,1.2857142857142858
3187,1.5714285714285714
3188,4.428571428571429
3189,0.0
3190,11.285714285714286
3191,2.2857142857142856
3192,1.2857142857142858
3193,2.4285714285714284
3194,2.142857142857143
3195,0.5714285714285714
3196,1.1428571428571428
3197,3.7142857142857144
3198,3.4285714285714284
3199,1.8571428571428572
3200,1.8571428571428572
3201,3.857142857142857
3202,0.14285714285714285
3203,1.0
3204,1.7142857142857142
3205,0.8571428571428571
3206,0.2857142857142857
3207,19.571428571428573
3208,5.285714285714286
3209,0.0
3210,5.714285714285714
3211,2.7142857142857144
3212,2.857142857142857
3213,2.7142857142857144
3214,2.7142857142857144
3215,0.7142857142857143
3216,1.0
3217,1.4285714285714286
3218,0.8571428571428571
3219,0.8571428571428571
3220,2.2857142857142856
3221,0.5714285714285714
3222,1.4285714285714286
3223,0.2857142857142857
3224,0.8571428571428571
3225,1.0
3226,0.42857142857142855
3227,1.1428571428571428
3228,1.5714285714285714
3229,0.5714285714285714
3230,1.7142857142857142
3231,1.7142857142857142
3232,0.5714285714285714
3233,0.14285714285714285
3234,0.8571428571428571
3235,0.14285714285714285
3236,1.2857142857142858
3237,0.7142857142857143
3238,0.42857142857142855
3239,0.42857142857142855
3240,1.7142857142857142
3241,0.7142857142857143
3242,7.714285714285714
3243,3.7142857142857144
3244,0.7142857142857143
3245,0.8571428571428571
3246,5.142857142857143
3247,0.14285714285714285
3248,13.0
3249,4.714285714285714
3250,2.0
3251,1.2857142857142858
3252,1.1428571428571428
3253,0.5714285714285714
3254,1.0
3255,1.1428571428571428
3256,1.2857142857142858
3257,3.7142857142857144
3258,2.0
3259,0.0
3260,3.142857142857143
3261,0.7142857142857143
3262,1.5714285714285714
3263,1.0
3264,2.142857142857143
3265,19.714285714285715
3266,6.0
3267,0.0
3268,3.0
3269,1.7142857142857142
3270,2.7142857142857144
3271,3.2857142857142856
3272,0.0
3273,0.5714285714285714
3274,4.0
3275,0.8571428571428571
3276,1.2857142857142858
3277,1.0
3278,4.0
3279,1.8571428571428572
3280,1.1428571428571428
3281,0.5714285714285714
3282,1.0
3283,4.285714285714286
3284,1.5714285714285714
3285,1.2857142857142858
3286,1.7142857142857142
3287,2.142857142857143
3288,2.142857142857143
3289,1.5714285714285714
3290,0.0
3291,1.2857142857142858
3292,2.2857142857142856
3293,0.0
3294,1.0
3295,0.0
3296,1.4285714285714286
3297,0.0
3298,1.0
3299,4.0
3300,3.7142857142857144
3301,0.7142857142857143
3302,4.857142857142857
3303,1.1428571428571428
3304,3.142857142857143
3305,1.7142857142857142
3306,4.285714285714286
3307,1.7142857142857142
3308,2.2857142857142856
3309,0.14285714285714285
3310,0.14285714285714285
3311,0.0
3312,0.5714285714285714
3313,0.8571428571428571
3314,1.8571428571428572
3315,1.0
3316,0.8571428571428571
3317,0.2857142857142857
3318,1.0
3319,0.2857142857142857
3320,0.2857142857142857
3321,0.14285714285714285
3322,0.14285714285714285
3323,4.142857142857143
3324,2.2857142857142856
3325,0.0
3326,1.7142857142857142
3327,0.7142857142857143
3328,1.7142857142857142
3329,1.4285714285714286
3330,0.0
3331,0.0
3332,1.4285714285714286
3333,0.7142857142857143
3334,0.2857142857142857
3335,4.0
3336,1.2857142857142858
3337,0.42857142857142855
3338,0.5714285714285714
3339,0.14285714285714285
3340,0.0
3341,1.7142857142857142
3342,0.0
3343,0.14285714285714285
3344,2.4285714285714284
3345,1.7142857142857142
3346,4.0
3347,1.0
3348,0.42857142857142855
3349,1.0
3350,0.2857142857142857
3351,0.0
3352,0.5714285714285714
3353,0.2857142857142857
3354,0.14285714285714285
3355,0.7142857142857143
3356,0.14285714285714285
3357,1.2857142857142858
3358,1.5714285714285714
3359,0.5714285714285714
3360,0.8571428571428571
3361,0.42857142857142855
3362,1.1428571428571428
3363,0.5714285714285714
3364,2.2857142857142856
3365,5.285714285714286
3366,3.857142857142857
3367,0.7142857142857143
3368,2.4285714285714284
3369,1.5714285714285714
3370,0.2857142857142857
3371,8.571428571428571
3372,2.142857142857143
3373,3.2857142857142856
3374,1.1428571428571428
3375,0.7142857142857143
3376,4.428571428571429
3377,0.14285714285714285
3378,1.1428571428571428
3379,0.2857142857142857
3380,3.5714285714285716
3381,23.428571428571427
3382,1.5714285714285714
3383,0.0
3384,5.428571428571429
3385,2.857142857142857
3386,5.285714285714286
3387,0.8571428571428571
3388,0.5714285714285714
3389,1.0
3390,1.0
3391,0.14285714285714285
3392,0.14285714285714285
3393,2.142857142857143
3394,4.857142857142857
3395,0.42857142857142855
3396,0.2857142857142857
3397,0.0
3398,2.5714285714285716
3399,1.8571428571428572
3400,0.14285714285714285
3401,0.42857142857142855
3402,2.5714285714285716
3403,1.8571428571428572
3404,1.8571428571428572
3405,2.142857142857143
3406,1.5714285714285714
3407,0.42857142857142855
3408,0.7142857142857143
3409,0.0
3410,0.2857142857142857
3411,0.5714285714285714
3412,0.2857142857142857
3413,1.2857142857142858
3414,0.14285714285714285
3415,0.14285714285714285
3416,2.857142857142857
3417,3.4285714285714284
3418,0.14285714285714285
3419,0.5714285714285714
3420,7.285714285714286
3421,0.2857142857142857
3422,3.7142857142857144
3423,1.4285714285714286
3424,1.2857142857142858
3425,1.1428571428571428
3426,1.1428571428571428
3427,1.1428571428571428
3428,1.2857142857142858
3429,5.714285714285714
3430,2.0
3431,2.2857142857142856
3432,1.5714285714285714
3433,2.7142857142857144
3434,0.14285714285714285
3435,0.2857142857142857
3436,0.5714285714285714
3437,0.14285714285714285
3438,0.42857142857142855
3439,15.285714285714286
3440,3.2857142857142856
3441,0.0
3442,3.7142857142857144
3443,4.857142857142857
3444,1.5714285714285714
3445,2.0
3446,2.4285714285714284
3447,1.2857142857142858
3448,1.0
3449,0.7142857142857143
3450,0.2857142857142857
3451,1.5714285714285714
3452,2.5714285714285716
3453,1.7142857142857142
3454,0.2857142857142857
3455,0.0
3456,0.7142857142857143
3457,1.5714285714285714
3458,0.5714285714285714
3459,1.8571428571428572
3460,5.285714285714286
3461,1.0
3462,2.857142857142857
3463,1.1428571428571428
3464,0.0
3465,0.7142857142857143
3466,0.8571428571428571
3467,2.7142857142857144
3468,0.5714285714285714
3469,0.2857142857142857
3470,0.7142857142857143
3471,0.0
3472,0.2857142857142857
3473,0.14285714285714285
3474,3.142857142857143
3475,3.142857142857143
3476,0.2857142857142857
3477,0.2857142857142857
3478,0.7142857142857143
3479,1.0
3480,7.142857142857143
3481,3.857142857142857
3482,1.5714285714285714
3483,0.42857142857142855
3484,0.7142857142857143
3485,0.14285714285714285
3486,0.42857142857142855
3487,1.7142857142857142
3488,1.8571428571428572
3489,0.0
3490,1.0
3491,0.42857142857142855
3492,1.5714285714285714
3493,0.5714285714285714
3494,0.2857142857142857
3495,0.14285714285714285
3496,0.2857142857142857
3497,2.5714285714285716
3498,2.7142857142857144
3499,0.0
3500,3.142857142857143
3501,2.5714285714285716
3502,1.4285714285714286
3503,2.7142857142857144
3504,0.8571428571428571
3505,0.7142857142857143
3506,1.2857142857142858
3507,0.7142857142857143
3508,0.8571428571428571
3509,1.4285714285714286
3510,1.7142857142857142
3511,1.0
3512,0.42857142857142855
3513,0.2857142857142857
3514,1.5714285714285714
3515,3.0
3516,0.5714285714285714
3517,1.2857142857142858
3518,1.2857142857142858
3519,3.0
3520,2.5714285714285716
3521,1.0
3522,0.5714285714285714
3523,0.42857142857142855
3524,1.1428571428571428
3525,0.0
3526,1.0
3527,0.7142857142857143
3528,0.42857142857142855
3529,1.2857142857142858
3530,0.42857142857142855
3531,1.5714285714285714
3532,2.142857142857143
3533,1.1428571428571428
3534,1.7142857142857142
3535,0.7142857142857143
3536,1.7142857142857142
3537,1.7142857142857142
3538,6.714285714285714
3539,3.0
3540,1.0
3541,0.42857142857142855
3542,0.2857142857142857
3543,0.8571428571428571
3544,1.4285714285714286
3545,2.2857142857142856
3546,2.142857142857143
3547,0.5714285714285714
3548,1.5714285714285714
3549,2.7142857142857144
3550,0.14285714285714285
3551,1.2857142857142858
3552,0.2857142857142857
3553,1.0
3554,0.2857142857142857
3555,10.857142857142858
3556,3.4285714285714284
3557,0.0
3558,3.142857142857143
3559,1.8571428571428572
3560,0.2857142857142857
3561,2.5714285714285716
3562,0.5714285714285714
3563,0.5714285714285714
3564,0.42857142857142855
3565,1.0
3566,1.8571428571428572
3567,5.428571428571429
3568,0.14285714285714285
3569,0.5714285714285714
3570,1.2857142857142858
3571,1.2857142857142858
3572,0.14285714285714285
3573,0.2857142857142857
3574,0.0
3575,0.7142857142857143
3576,1.7142857142857142
3577,1.0
3578,0.5714285714285714
3579,0.14285714285714285
3580,0.5714285714285714
3581,0.7142857142857143
3582,0.8571428571428571
3583,0.0
3584,1.7142857142857142
3585,0.42857142857142855
3586,0.8571428571428571
3587,0.0
3588,0.0
3589,1.2857142857142858
3590,3.7142857142857144
3591,0.0
3592,0.5714285714285714
3593,1.0
3594,0.8571428571428571
3595,0.5714285714285714
3596,8.0
3597,1.0
3598,2.4285714285714284
3599,3.0
3600,1.2857142857142858
3601,1.0
3602,0.42857142857142855
3603,3.142857142857143
3604,1.7142857142857142
3605,1.1428571428571428
3606,1.2857142857142858
3607,0.5714285714285714
3608,0.2857142857142857
3609,0.14285714285714285
3610,1.2857142857142858
3611,0.7142857142857143
3612,0.14285714285714285
3613,14.857142857142858
3614,3.7142857142857144
3615,0.0
3616,5.571428571428571
3617,3.857142857142857
3618,1.2857142857142858
3619,3.4285714285714284
3620,3.7142857142857144
3621,1.0
3622,0.5714285714285714
3623,1.4285714285714286
3624,0.7142857142857143
3625,4.285714285714286
3626,1.0
3627,1.2857142857142858
3628,1.2857142857142858
3629,1.1428571428571428
3630,0.5714285714285714
3631,1.8571428571428572
3632,0.7142857142857143
3633,0.0
3634,2.2857142857142856
3635,2.142857142857143
3636,2.2857142857142856
3637,0.8571428571428571
3638,0.2857142857142857
3639,1.1428571428571428
3640,1.0
3641,0.42857142857142855
3642,1.0
3643,1.1428571428571428
3644,0.2857142857142857
3645,0.42857142857142855
3646,2.0
3647,0.2857142857142857
3648,3.7142857142857144
3649,0.2857142857142857
3650,2.142857142857143
3651,1.1428571428571428
3652,6.0
3653,0.5714285714285714
3654,9.0
3655,2.5714285714285716
3656,2.142857142857143
3657,1.8571428571428572
3658,1.5714285714285714
3659,0.2857142857142857
3660,2.2857142857142856
3661,1.8571428571428572
3662,5.142857142857143
3663,2.142857142857143
3664,0.8571428571428571
3665,2.2857142857142856
3666,0.42857142857142855
3667,2.142857142857143
3668,0.8571428571428571
3669,1.2857142857142858
3670,0.5714285714285714
3671,12.142857142857142
3672,3.2857142857142856
3673,0.0
3674,5.285714285714286
3675,10.857142857142858
3676,2.857142857142857
3677,2.142857142857143
3678,1.7142857142857142
3679,0.5714285714285714
3680,1.0
3681,0.7142857142857143
3682,1.4285714285714286
3683,2.0
3684,1.0
3685,0.0
3686,0.8571428571428571
3687,0.42857142857142855
3688,0.42857142857142855
3689,3.4285714285714284
3690,1.0
3691,0.42857142857142855
3692,1.7142857142857142
3693,2.142857142857143
3694,2.4285714285714284
3695,0.8571428571428571
3696,0.5714285714285714
3697,0.14285714285714285
3698,2.0
3699,0.0
3700,2.4285714285714284
3701,1.5714285714285714
3702,0.8571428571428571
3703,0.2857142857142857
3704,1.0
3705,0.8571428571428571
3706,2.7142857142857144
3707,0.14285714285714285
3708,0.42857142857142855
3709,0.2857142857142857
3710,1.4285714285714286
3711,1.1428571428571428
3712,3.142857142857143
3713,4.857142857142857
3714,6.0
3715,1.5714285714285714
3716,1.0
3717,0.14285714285714285
3718,1.7142857142857142
3719,10.285714285714286
3720,4.142857142857143
3721,3.142857142857143
3722,0.5714285714285714
3723,2.142857142857143
3724,0.7142857142857143
3725,2.7142857142857144
3726,1.2857142857142858
3727,2.142857142857143
3728,1.1428571428571428
3729,23.285714285714285
3730,2.142857142857143
3731,0.0
3732,4.0
3733,4.428571428571429
3734,2.4285714285714284
3735,3.857142857142857
3736,5.285714285714286
3737,1.8571428571428572
3738,0.0
3739,1.0
3740,0.0
3741,0.8571428571428571
3742,2.0
3743,0.0
3744,2.0
3745,0.42857142857142855
3746,3.7142857142857144
3747,3.142857142857143
3748,0.0
3749,0.42857142857142855
3750,6.285714285714286
3751,2.7142857142857144
3752,1.4285714285714286
3753,3.4285714285714284
3754,2.7142857142857144
3755,2.2857142857142856
3756,2.4285714285714284
3757,0.8571428571428571
3758,1.0
3759,0.42857142857142855
3760,0.8571428571428571
3761,0.42857142857142855
3762,1.0
3763,2.142857142857143
3764,4.285714285714286
3765,0.2857142857142857
3766,1.2857142857142858
3767,1.5714285714285714
3768,4.428571428571429
3769,0.0
3770,11.285714285714286
3771,2.2857142857142856
3772,1.2857142857142858
3773,2.4285714285714284
3774,2.142857142857143
3775,0.5714285714285714
3776,1.1428571428571428
3777,3.7142857142857144
3778,3.4285714285714284
3779,1.8571428571428572
3780,1.8571428571428572
3781,3.857142857142857
3782,0.14285714285714285
3783,1.0
3784,1.7142857142857142
3785,0.8571428571428571
3786,0.2857142857142857
3787,19.571428571428573
3788,5.285714285714286
3789,0.0
3790,5.714285714285714
3791,2.7142857142857144
3792,2.857142857142857
3793,2.7142857142857144
3794,2.7142857142857144
3795,0.7142857142857143
3796,1.0
3797,1.4285714285714286
3798,0.8571428571428571
3799,0.8571428571428571
3800,2.2857142857142856
3801,0.5714285714285714
3802,1.4285714285714286
3803,0.2857142857142857
3804,0.8571428571428571
3805,1.0
3806,0.42857142857142855
3807,1.1428571428571428
3808,1.5714285714285714
3809,0.5714285714285714
3810,1.7142857142857142
3811,1.7142857142857142
3812,0.5714285714285714
3813,0.14285714285714285
3814,0.8571428571428571
3815,0.14285714285714285
3816,1.2857142857142858
3817,0.7142857142857143
3818,0.42857142857142855
3819,0.42857142857142855
3820,1.7142857142857142
3821,0.7142857142857143
3822,7.714285714285714
3823,3.7142857142857144
3824,0.7142857142857143
3825,0.8571428571428571
3826,5.142857142857143
3827,0.14285714285714285
3828,13.0
3829,4.714285714285714
3830,2.0
3831,1.2857142857142858
3832,1.1428571428571428
3833,0.5714285714285714
3834,1.0
3835,1.1428571428571428
3836,1.2857142857142858
3837,3.7142857142857144
3838,2.0
3839,0.0
3840,3.142857142857143
3841,0.7142857142857143
3842,1.5714285714285714
3843,1.0
3844,2.142857142857143
3845,19.714285714285715
3846,6.0
3847,0.0
3848,3.0
3849,1.7142857142857142
3850,2.7142857142857144
3851,3.2857142857142856
3852,0.0
3853,0.5714285714285714
3854,4.0
3855,0.8571428571428571
3856,1.2857142857142858
3857,1.0
3858,4.0
3859,1.8571428571428572
3860,1.1428571428571428
3861,0.5714285714285714
3862,1.0
3863,4.285714285714286
3864,1.5714285714285714
3865,1.2857142857142858
3866,1.7142857142857142
3867,2.142857142857143
3868,2.142857142857143
3869,1.5714285714285714
3870,0.0
3871,1.2857142857142858
3872,2.2857142857142856
3873,0.0
3874,1.0
3875,0.0
3876,1.4285714285714286
3877,0.0
3878,1.0
3879,4.0
3880,3.7142857142857144
3881,0.7142857142857143
3882,4.857142857142857
3883,1.1428571428571428
3884,3.142857142857143
3885,1.7142857142857142
3886,4.285714285714286
3887,1.7142857142857142
3888,2.2857142857142856
3889,0.14285714285714285
3890,0.14285714285714285
3891,0.0
3892,0.5714285714285714
3893,0.8571428571428571
3894,1.8571428571428572
3895,1.0
3896,0.8571428571428571
3897,0.2857142857142857
3898,1.0
3899,0.2857142857142857
3900,0.2857142857142857
3901,0.14285714285714285
3902,0.14285714285714285
3903,4.142857142857143
3904,2.2857142857142856
3905,0.0
3906,1.7142857142857142
3907,0.7142857142857143
3908,1.7142857142857142
3909,1.4285714285714286
3910,0.0
3911,0.0
3912,1.4285714285714286
3913,0.7142857142857143
3914,0.2857142857142857
3915,4.0
3916,1.2857142857142858
3917,0.42857142857142855
3918,0.5714285714285714
3919,0.14285714285714285
3920,0.0
3921,1.7142857142857142
3922,0.0
3923,0.14285714285714285
3924,2.4285714285714284
3925,1.7142857142857142
3926,4.0
3927,1.0
3928,0.42857142857142855
3929,1.0
3930,0.2857142857142857
3931,0.0
3932,0.5714285714285714
3933,0.2857142857142857
3934,0.14285714285714285
3935,0.7142857142857143
3936,0.14285714285714285
3937,1.2857142857142858
3938,1.5714285714285714
3939,0.5714285714285714
3940,0.8571428571428571
3941,0.42857142857142855
3942,1.1428571428571428
3943,0.5714285714285714
3944,2.2857142857142856
3945,5.285714285714286
3946,3.857142857142857
3947,0.7142857142857143
3948,2.4285714285714284
3949,1.5714285714285714
3950,0.2857142857142857
3951,8.571428571428571
3952,2.142857142857143
3953,3.2857142857142856
3954,1.1428571428571428
3955,0.7142857142857143
3956,4.428571428571429
3957,0.14285714285714285
3958,1.1428571428571428
3959,0.2857142857142857
3960,3.5714285714285716
3961,23.428571428571427
3962,1.5714285714285714
3963,0.0
3964,5.428571428571429
3965,2.857142857142857
3966,5.285714285714286
3967,0.8571428571428571
3968,0.5714285714285714
3969,1.0
3970,1.0
3971,0.14285714285714285
3972,0.14285714285714285
3973,2.142857142857143
3974,4.857142857142857
3975,0.42857142857142855
3976,0.2857142857142857
3977,0.0
3978,2.5714285714285716
3979,1.8571428571428572
3980,0.14285714285714285
3981,0.42857142857142855
3982,2.5714285714285716
3983,1.8571428571428572
3984,1.8571428571428572
3985,2.142857142857143
3986,1.5714285714285714
3987,0.42857142857142855
3988,0.7142857142857143
3989,0.0
3990,0.2857142857142857
3991,0.5714285714285714
3992,0.2857142857142857
3993,1.2857142857142858
3994,0.14285714285714285
3995,0.14285714285714285
3996,2.857142857142857
3997,3.4285714285714284
3998,0.14285714285714285
3999,0.5714285714285714
4000,7.285714285714286
4001,0.2857142857142857
4002,3.7142857142857144
4003,1.4285714285714286
4004,1.2857142857142858
4005,1.1428571428571428
4006,1.1428571428571428
4007,1.1428571428571428
4008,1.2857142857142858
4009,5.714285714285714
4010,2.0
4011,2.2857142857142856
4012,1.5714285714285714
4013,2.7142857142857144
4014,0.14285714285714285
4015,0.2857142857142857
4016,0.5714285714285714
4017,0.14285714285714285
4018,0.42857142857142855
4019,15.285714285714286
4020,3.2857142857142856
4021,0.0
4022,3.7142857142857144
4023,4.857142857142857
4024,1.5714285714285714
4025,2.0
4026,2.4285714285714284
4027,1.2857142857142858
4028,1.0
4029,0.7142857142857143
4030,0.2857142857142857
4031,1.5714285714285714
4032,2.5714285714285716
4033,1.7142857142857142
4034,0.2857142857142857
4035,0.0
4036,0.7142857142857143
4037,1.5714285714285714
4038,0.5714285714285714
4039,1.8571428571428572
4040,5.285714285714286
4041,1.0
4042,2.857142857142857
4043,1.1428571428571428
4044,0.0
4045,0.7142857142857143
4046,0.8571428571428571
4047,2.7142857142857144
4048,0.5714285714285714
4049,0.2857142857142857
4050,0.7142857142857143
4051,0.0
4052,0.2857142857142857
4053,0.14285714285714285
4054,3.142857142857143
4055,3.142857142857143
4056,0.2857142857142857
4057,0.2857142857142857
4058,0.7142857142857143
4059,1.0
4060,7.142857142857143
4061,3.857142857142857
4062,1.5714285714285714
4063,0.42857142857142855
4064,0.7142857142857143
4065,0.14285714285714285
4066,0.42857142857142855
4067,1.7142857142857142
4068,1.8571428571428572
4069,0.0
4070,1.0
4071,0.42857142857142855
4072,1.5714285714285714
4073,0.5714285714285714
4074,0.2857142857142857
4075,0.14285714285714285
4076,0.2857142857142857
4077,2.5714285714285716
4078,2.7142857142857144
4079,0.0
4080,3.142857142857143
4081,2.5714285714285716
4082,1.4285714285714286
4083,2.7142857142857144
4084,0.8571428571428571
4085,0.7142857142857143
4086,1.2857142857142858
4087,0.7142857142857143
4088,0.8571428571428571
4089,1.4285714285714286
4090,1.7142857142857142
4091,1.0
4092,0.42857142857142855
4093,0.2857142857142857
4094,1.5714285714285714
4095,3.0
4096,0.5714285714285714
4097,1.2857142857142858
4098,1.2857142857142858
4099,3.0
4100,2.5714285714285716
4101,1.0
4102,0.5714285714285714
4103,0.42857142857142855
4104,1.1428571428571428
4105,0.0
4106,1.0
4107,0.7142857142857143
4108,0.42857142857142855
4109,1.2857142857142858
4110,0.42857142857142855
4111,1.5714285714285714
4112,2.142857142857143
4113,1.1428571428571428
4114,1.7142857142857142
4115,0.7142857142857143
4116,1.7142857142857142
4117,1.7142857142857142
4118,6.714285714285714
4119,3.0
4120,1.0
4121,0.42857142857142855
4122,0.2857142857142857
4123,0.8571428571428571
4124,1.4285714285714286
4125,2.2857142857142856
4126,2.142857142857143
4127,0.5714285714285714
4128,1.5714285714285714
4129,2.7142857142857144
4130,0.14285714285714285
4131,1.2857142857142858
4132,0.2857142857142857
4133,1.0
4134,0.2857142857142857
4135,10.857142857142858
4136,3.4285714285714284
4137,0.0
4138,3.142857142857143
4139,1.8571428571428572
4140,0.2857142857142857
4141,2.5714285714285716
4142,0.5714285714285714
4143,0.5714285714285714
4144,0.42857142857142855
4145,1.0
4146,1.8571428571428572
4147,5.428571428571429
4148,0.14285714285714285
4149,0.5714285714285714
4150,1.2857142857142858
4151,1.2857142857142858
4152,0.14285714285714285
4153,0.2857142857142857
4154,0.0
4155,0.7142857142857143
4156,1.7142857142857142
4157,1.0
4158,0.5714285714285714
4159,0.14285714285714285
4160,0.5714285714285714
4161,0.7142857142857143
4162,0.8571428571428571
4163,0.0
4164,1.7142857142857142
4165,0.42857142857142855
4166,0.8571428571428571
4167,0.0
4168,0.0
4169,1.2857142857142858
4170,3.7142857142857144
4171,0.0
4172,0.5714285714285714
4173,1.0
4174,0.8571428571428571
4175,0.5714285714285714
4176,8.0
4177,1.0
4178,2.4285714285714284
4179,3.0
4180,1.2857142857142858
4181,1.0
4182,0.42857142857142855
4183,3.142857142857143
4184,1.7142857142857142
4185,1.1428571428571428
4186,1.2857142857142858
4187,0.5714285714285714
4188,0.2857142857142857
4189,0.14285714285714285
4190,1.2857142857142858
4191,0.7142857142857143
4192,0.14285714285714285
4193,14.857142857142858
4194,3.7142857142857144
4195,0.0
4196,5.571428571428571
4197,3.857142857142857
4198,1.2857142857142858
4199,3.4285714285714284
4200,3.7142857142857144
4201,1.0
4202,0.5714285714285714
4203,1.4285714285714286
4204,0.7142857142857143
4205,4.285714285714286
4206,1.0
4207,1.2857142857142858
4208,1.2857142857142858
4209,1.1428571428571428
4210,0.5714285714285714
4211,1.8571428571428572
4212,0.7142857142857143
4213,0.0
4214,2.2857142857142856
4215,2.142857142857143
4216,2.2857142857142856
4217,0.8571428571428571
4218,0.2857142857142857
4219,1.1428571428571428
4220,1.0
4221,0.42857142857142855
4222,1.0
4223,1.1428571428571428
4224,0.2857142857142857
4225,0.42857142857142855
4226,2.0
4227,0.2857142857142857
4228,3.7142857142857144
4229,0.2857142857142857
4230,2.142857142857143
4231,1.1428571428571428
4232,6.0
4233,0.5714285714285714
4234,9.0
4235,2.5714285714285716
4236,2.142857142857143
4237,1.8571428571428572
4238,1.5714285714285714
4239,0.2857142857142857
4240,2.2857142857142856
4241,1.8571428571428572
4242,5.142857142857143
4243,2.142857142857143
4244,0.8571428571428571
4245,2.2857142857142856
4246,0.42857142857142855
4247,2.142857142857143
4248,0.8571428571428571
4249,1.2857142857142858
4250,0.5714285714285714
4251,12.142857142857142
4252,3.2857142857142856
4253,0.0
4254,5.285714285714286
4255,10.857142857142858
4256,2.857142857142857
4257,2.142857142857143
4258,1.7142857142857142
4259,0.5714285714285714
4260,1.0
4261,0.7142857142857143
4262,1.4285714285714286
4263,2.0
4264,1.0
4265,0.0
4266,0.8571428571428571
4267,0.42857142857142855
4268,0.42857142857142855
4269,3.4285714285714284
4270,1.0
4271,0.42857142857142855
4272,1.7142857142857142
4273,2.142857142857143
4274,2.4285714285714284
4275,0.8571428571428571
4276,0.5714285714285714
4277,0.14285714285714285
4278,2.0
4279,0.0
4280,2.4285714285714284
4281,1.5714285714285714
4282,0.8571428571428571
4283,0.2857142857142857
4284,1.0
4285,0.8571428571428571
4286,2.7142857142857144
4287,0.14285714285714285
4288,0.42857142857142855
4289,0.2857142857142857
4290,1.4285714285714286
4291,1.1428571428571428
4292,3.142857142857143
4293,4.857142857142857
4294,6.0
4295,1.5714285714285714
4296,1.0
4297,0.14285714285714285
4298,1.7142857142857142
4299,10.285714285714286
4300,4.142857142857143
4301,3.142857142857143
4302,0.5714285714285714
4303,2.142857142857143
4304,0.7142857142857143
4305,2.7142857142857144
4306,1.2857142857142858
4307,2.142857142857143
4308,1.1428571428571428
4309,23.285714285714285
4310,2.142857142857143
4311,0.0
4312,4.0
4313,4.428571428571429
4314,2.4285714285714284
4315,3.857142857142857
4316,5.285714285714286
4317,1.8571428571428572
4318,0.0
4319,1.0
4320,0.0
4321,0.8571428571428571
4322,2.0
4323,0.0
4324,2.0
4325,0.42857142857142855
4326,3.7142857142857144
4327,3.142857142857143
4328,0.0
4329,0.42857142857142855
4330,6.285714285714286
4331,2.7142857142857144
4332,1.4285714285714286
4333,3.4285714285714284
4334,2.7142857142857144
4335,2.2857142857142856
4336,2.4285714285714284
4337,0.8571428571428571
4338,1.0
4339,0.42857142857142855
4340,0.8571428571428571
4341,0.42857142857142855
4342,1.0
4343,2.142857142857143
4344,4.285714285714286
4345,0.2857142857142857
4346,1.2857142857142858
4347,1.5714285714285714
4348,4.428571428571429
4349,0.0
4350,11.285714285714286
4351,2.2857142857142856
4352,1.2857142857142858
4353,2.4285714285714284
4354,2.142857142857143
4355,0.5714285714285714
4356,1.1428571428571428
4357,3.7142857142857144
4358,3.4285714285714284
4359,1.8571428571428572
4360,1.8571428571428572
4361,3.857142857142857
4362,0.14285714285714285
4363,1.0
4364,1.7142857142857142
4365,0.8571428571428571
4366,0.2857142857142857
4367,19.571428571428573
4368,5.285714285714286
4369,0.0
4370,5.714285714285714
4371,2.7142857142857144
4372,2.857142857142857
4373,2.7142857142857144
4374,2.7142857142857144
4375,0.7142857142857143
4376,1.0
4377,1.4285714285714286
4378,0.8571428571428571
4379,0.8571428571428571
4380,2.2857142857142856
4381,0.5714285714285714
4382,1.4285714285714286
4383,0.2857142857142857
4384,0.8571428571428571
4385,1.0
4386,0.42857142857142855
4387,1.1428571428571428
4388,1.5714285714285714
4389,0.5714285714285714
4390,1.7142857142857142
4391,1.7142857142857142
4392,0.5714285714285714
4393,0.14285714285714285
4394,0.8571428571428571
4395,0.14285714285714285
4396,1.2857142857142858
4397,0.7142857142857143
4398,0.42857142857142855
4399,0.42857142857142855
4400,1.7142857142857142
4401,0.7142857142857143
4402,7.714285714285714
4403,3.7142857142857144
4404,0.7142857142857143
4405,0.8571428571428571
4406,5.142857142857143
4407,0.14285714285714285
4408,13.0
4409,4.714285714285714
4410,2.0
4411,1.2857142857142858
4412,1.1428571428571428
4413,0.5714285714285714
4414,1.0
4415,1.1428571428571428
4416,1.2857142857142858
4417,3.7142857142857144
4418,2.0
4419,0.0
4420,3.142857142857143
4421,0.7142857142857143
4422,1.5714285714285714
4423,1.0
4424,2.142857142857143
4425,19.714285714285715
4426,6.0
4427,0.0
4428,3.0
4429,1.7142857142857142
4430,2.7142857142857144
4431,3.2857142857142856
4432,0.0
4433,0.5714285714285714
4434,4.0
4435,0.8571428571428571
4436,1.2857142857142858
4437,1.0
4438,4.0
4439,1.8571428571428572
4440,1.1428571428571428
4441,0.5714285714285714
4442,1.0
4443,4.285714285714286
4444,1.5714285714285714
4445,1.2857142857142858
4446,1.7142857142857142
4447,2.142857142857143
4448,2.142857142857143
4449,1.5714285714285714
4450,0.0
4451,1.2857142857142858
4452,2.2857142857142856
4453,0.0
4454,1.0
4455,0.0
4456,1.4285714285714286
4457,0.0
4458,1.0
4459,4.0
4460,3.7142857142857144
4461,0.7142857142857143
4462,4.857142857142857
4463,1.1428571428571428
4464,3.142857142857143
4465,1.7142857142857142
4466,4.285714285714286
4467,1.7142857142857142
4468,2.2857142857142856
4469,0.14285714285714285
4470,0.14285714285714285
4471,0.0
4472,0.5714285714285714
4473,0.8571428571428571
4474,1.8571428571428572
4475,1.0
4476,0.8571428571428571
4477,0.2857142857142857
4478,1.0
4479,0.2857142857142857
4480,0.2857142857142857
4481,0.14285714285714285
4482,0.14285714285714285
4483,4.142857142857143
4484,2.2857142857142856
4485,0.0
4486,1.7142857142857142
4487,0.7142857142857143
4488,1.7142857142857142
4489,1.4285714285714286
4490,0.0
4491,0.0
4492,1.4285714285714286
4493,0.7142857142857143
4494,0.2857142857142857
4495,4.0
4496,1.2857142857142858
4497,0.42857142857142855
4498,0.5714285714285714
4499,0.14285714285714285
4500,0.0
4501,1.7142857142857142
4502,0.0
4503,0.14285714285714285
4504,2.4285714285714284
4505,1.7142857142857142
4506,4.0
4507,1.0
4508,0.42857142857142855
4509,1.0
4510,0.2857142857142857
4511,0.0
4512,0.5714285714285714
4513,0.2857142857142857
4514,0.14285714285714285
4515,0.7142857142857143
4516,0.14285714285714285
4517,1.2857142857142858
4518,1.5714285714285714
4519,0.5714285714285714
4520,0.8571428571428571
4521,0.42857142857142855
4522,1.1428571428571428
4523,0.5714285714285714
4524,2.2857142857142856
4525,5.285714285714286
4526,3.857142857142857
4527,0.7142857142857143
4528,2.4285714285714284
4529,1.5714285714285714
4530,0.2857142857142857
4531,8.571428571428571
4532,2.142857142857143
4533,3.2857142857142856
4534,1.1428571428571428
4535,0.7142857142857143
4536,4.428571428571429
4537,0.14285714285714285
4538,1.1428571428571428
4539,0.2857142857142857
4540,3.5714285714285716
4541,23.428571428571427
4542,1.5714285714285714
4543,0.0
4544,5.428571428571429
4545,2.857142857142857
4546,5.285714285714286
4547,0.8571428571428571
4548,0.5714285714285714
4549,1.0
4550,1.0
4551,0.14285714285714285
4552,0.14285714285714285
4553,2.142857142857143
4554,4.857142857142857
4555,0.42857142857142855
4556,0.2857142857142857
4557,0.0
4558,2.5714285714285716
4559,1.8571428571428572
4560,0.14285714285714285
4561,0.42857142857142855
4562,2.5714285714285716
4563,1.8571428571428572
4564,1.8571428571428572
4565,2.142857142857143
4566,1.5714285714285714
4567,0.42857142857142855
4568,0.7142857142857143
4569,0.0
4570,0.2857142857142857
4571,0.5714285714285714
4572,0.2857142857142857
4573,1.2857142857142858
4574,0.14285714285714285
4575,0.14285714285714285
4576,2.857142857142857
4577,3.4285714285714284
4578,0.14285714285714285
4579,0.5714285714285714
4580,7.285714285714286
4581,0.2857142857142857
4582,3.7142857142857144
4583,1.4285714285714286
4584,1.2857142857142858
4585,1.1428571428571428
4586,1.1428571428571428
4587,1.1428571428571428
4588,1.2857142857142858
4589,5.714285714285714
4590,2.0
4591,2.2857142857142856
4592,1.5714285714285714
4593,2.7142857142857144
4594,0.14285714285714285
4595,0.2857142857142857
4596,0.5714285714285714
4597,0.14285714285714285
4598,0.42857142857142855
4599,15.285714285714286
4600,3.2857142857142856
4601,0.0
4602,3.7142857142857144
4603,4.857142857142857
4604,1.5714285714285714
4605,2.0
4606,2.4285714285714284
4607,1.2857142857142858
4608,1.0
4609,0.7142857142857143
4610,0.2857142857142857
4611,1.5714285714285714
4612,2.5714285714285716
4613,1.7142857142857142
4614,0.2857142857142857
4615,0.0
4616,0.7142857142857143
4617,1.5714285714285714
4618,0.5714285714285714
4619,1.8571428571428572
4620,5.285714285714286
4621,1.0
4622,2.857142857142857
4623,1.1428571428571428
4624,0.0
4625,0.7142857142857143
4626,0.8571428571428571
4627,2.7142857142857144
4628,0.5714285714285714
4629,0.2857142857142857
4630,0.7142857142857143
4631,0.0
4632,0.2857142857142857
4633,0.14285714285714285
4634,3.142857142857143
4635,3.142857142857143
4636,0.2857142857142857
4637,0.2857142857142857
4638,0.7142857142857143
4639,1.0
4640,7.142857142857143
4641,3.857142857142857
4642,1.5714285714285714
4643,0.42857142857142855
4644,0.7142857142857143
4645,0.14285714285714285
4646,0.42857142857142855
4647,1.7142857142857142
4648,1.8571428571428572
4649,0.0
4650,1.0
4651,0.42857142857142855
4652,1.5714285714285714
4653,0.5714285714285714
4654,0.2857142857142857
4655,0.14285714285714285
4656,0.2857142857142857
4657,2.5714285714285716
4658,2.7142857142857144
4659,0.0
4660,3.142857142857143
4661,2.5714285714285716
4662,1.4285714285714286
4663,2.7142857142857144
4664,0.8571428571428571
4665,0.7142857142857143
4666,1.2857142857142858
4667,0.7142857142857143
4668,0.8571428571428571
4669,1.4285714285714286
4670,1.7142857142857142
4671,1.0
4672,0.42857142857142855
4673,0.2857142857142857
4674,1.5714285714285714
4675,3.0
4676,0.5714285714285714
4677,1.2857142857142858
4678,1.2857142857142858
4679,3.0
4680,2.5714285714285716
4681,1.0
4682,0.5714285714285714
4683,0.42857142857142855
4684,1.1428571428571428
4685,0.0
4686,1.0
4687,0.7142857142857143
4688,0.42857142857142855
4689,1.2857142857142858
4690,0.42857142857142855
4691,1.5714285714285714
4692,2.142857142857143
4693,1.1428571428571428
4694,1.7142857142857142
4695,0.7142857142857143
4696,1.7142857142857142
4697,1.7142857142857142
4698,6.714285714285714
4699,3.0
4700,1.0
4701,0.42857142857142855
4702,0.2857142857142857
4703,0.8571428571428571
4704,1.4285714285714286
4705,2.2857142857142856
4706,2.142857142857143
4707,0.5714285714285714
4708,1.5714285714285714
4709,2.7142857142857144
4710,0.14285714285714285
4711,1.2857142857142858
4712,0.2857142857142857
4713,1.0
4714,0.2857142857142857
4715,10.857142857142858
4716,3.4285714285714284
4717,0.0
4718,3.142857142857143
4719,1.8571428571428572
4720,0.2857142857142857
4721,2.5714285714285716
4722,0.5714285714285714
4723,0.5714285714285714
4724,0.42857142857142855
4725,1.0
4726,1.8571428571428572
4727,5.428571428571429
4728,0.14285714285714285
4729,0.5714285714285714
4730,1.2857142857142858
4731,1.2857142857142858
4732,0.14285714285714285
4733,0.2857142857142857
4734,0.0
4735,0.7142857142857143
4736,1.7142857142857142
4737,1.0
4738,0.5714285714285714
4739,0.14285714285714285
4740,0.5714285714285714
4741,0.7142857142857143
4742,0.8571428571428571
4743,0.0
4744,1.7142857142857142
4745,0.42857142857142855
4746,0.8571428571428571
4747,0.0
4748,0.0
4749,1.2857142857142858
4750,3.7142857142857144
4751,0.0
4752,0.5714285714285714
4753,1.0
4754,0.8571428571428571
4755,0.5714285714285714
4756,8.0
4757,1.0
4758,2.4285714285714284
4759,3.0
4760,1.2857142857142858
4761,1.0
4762,0.42857142857142855
4763,3.142857142857143
4764,1.7142857142857142
4765,1.1428571428571428
4766,1.2857142857142858
4767,0.5714285714285714
4768,0.2857142857142857
4769,0.14285714285714285
4770,1.2857142857142858
4771,0.7142857142857143
4772,0.14285714285714285
4773,14.857142857142858
4774,3.7142857142857144
4775,0.0
4776,5.571428571428571
4777,3.857142857142857
4778,1.2857142857142858
4779,3.4285714285714284
4780,3.7142857142857144
4781,1.0
4782,0.5714285714285714
4783,1.4285714285714286
4784,0.7142857142857143
4785,4.285714285714286
4786,1.0
4787,1.2857142857142858
4788,1.2857142857142858
4789,1.1428571428571428
4790,0.5714285714285714
4791,1.8571428571428572
4792,0.7142857142857143
4793,0.0
4794,2.2857142857142856
4795,2.142857142857143
4796,2.2857142857142856
4797,0.8571428571428571
4798,0.2857142857142857
4799,1.1428571428571428
4800,1.0
4801,0.42857142857142855
4802,1.0
4803,1.1428571428571428
4804,0.2857142857142857
4805,0.42857142857142855
4806,2.0
4807,0.2857142857142857
4808,3.7142857142857144
4809,0.2857142857142857
4810,2.142857142857143
4811,1.1428571428571428
4812,6.0
4813,0.5714285714285714
4814,9.0
4815,2.5714285714285716
4816,2.142857142857143
4817,1.8571428571428572
4818,1.5714285714285714
4819,0.2857142857142857
4820,2.2857142857142856
4821,1.8571428571428572
4822,5.142857142857143
4823,2.142857142857143
4824,0.8571428571428571
4825,2.2857142857142856
4826,0.42857142857142855
4827,2.142857142857143
4828,0.8571428571428571
4829,1.2857142857142858
4830,0.5714285714285714
4831,12.142857142857142
4832,3.2857142857142856
4833,0.0
4834,5.285714285714286
4835,10.857142857142858
4836,2.857142857142857
4837,2.142857142857143
4838,1.7142857142857142
4839,0.5714285714285714
4840,1.0
4841,0.7142857142857143
4842,1.4285714285714286
4843,2.0
4844,1.0
4845,0.0
4846,0.8571428571428571
4847,0.42857142857142855
4848,0.42857142857142855
4849,3.4285714285714284
4850,1.0
4851,0.42857142857142855
4852,1.7142857142857142
4853,2.142857142857143
4854,2.4285714285714284
4855,0.8571428571428571
4856,0.5714285714285714
4857,0.14285714285714285
4858,2.0
4859,0.0
4860,2.4285714285714284
4861,1.5714285714285714
4862,0.8571428571428571
4863,0.2857142857142857
4864,1.0
4865,0.8571428571428571
4866,2.7142857142857144
4867,0.14285714285714285
4868,0.42857142857142855
4869,0.2857142857142857
4870,1.4285714285714286
4871,1.1428571428571428
4872,3.142857142857143
4873,4.857142857142857
4874,6.0
4875,1.5714285714285714
4876,1.0
4877,0.14285714285714285
4878,1.7142857142857142
4879,10.285714285714286
4880,4.142857142857143
4881,3.142857142857143
4882,0.5714285714285714
4883,2.142857142857143
4884,0.7142857142857143
4885,2.7142857142857144
4886,1.2857142857142858
4887,2.142857142857143
4888,1.1428571428571428
4889,23.285714285714285
4890,2.142857142857143
4891,0.0
4892,4.0
4893,4.428571428571429
4894,2.4285714285714284
4895,3.857142857142857
4896,5.285714285714286
4897,1.8571428571428572
4898,0.0
4899,1.0
4900,0.0
4901,0.8571428571428571
4902,2.0
4903,0.0
4904,2.0
4905,0.42857142857142855
4906,3.7142857142857144
4907,3.142857142857143
4908,0.0
4909,0.42857142857142855
4910,6.285714285714286
4911,2.7142857142857144
4912,1.4285714285714286
4913,3.4285714285714284
4914,2.7142857142857144
4915,2.2857142857142856
4916,2.4285714285714284
4917,0.8571428571428571
4918,1.0
4919,0.42857142857142855
4920,0.8571428571428571
4921,0.42857142857142855
4922,1.0
4923,2.142857142857143
4924,4.285714285714286
4925,0.2857142857142857
4926,1.2857142857142858
4927,1.5714285714285714
4928,4.428571428571429
4929,0.0
4930,11.285714285714286
4931,2.2857142857142856
4932,1.2857142857142858
4933,2.4285714285714284
4934,2.142857142857143
4935,0.5714285714285714
4936,1.1428571428571428
4937,3.7142857142857144
4938,3.4285714285714284
4939,1.8571428571428572
4940,1.8571428571428572
4941,3.857142857142857
4942,0.14285714285714285
4943,1.0
4944,1.7142857142857142
4945,0.8571428571428571
4946,0.2857142857142857
4947,19.571428571428573
4948,5.285714285714286
4949,0.0
4950,5.714285714285714
4951,2.7142857142857144
4952,2.857142857142857
4953,2.7142857142857144
4954,2.7142857142857144
4955,0.7142857142857143
4956,1.0
4957,1.4285714285714286
4958,0.8571428571428571
4959,0.8571428571428571
4960,2.2857142857142856
4961,0.5714285714285714
4962,1.4285714285714286
4963,0.2857142857142857
4964,0.8571428571428571
4965,1.0
4966,0.42857142857142855
4967,1.1428571428571428
4968,1.5714285714285714
4969,0.5714285714285714
4970,1.7142857142857142
4971,1.7142857142857142
4972,0.5714285714285714
4973,0.14285714285714285
4974,0.8571428571428571
4975,0.14285714285714285
4976,1.2857142857142858
4977,0.7142857142857143
4978,0.42857142857142855
4979,0.42857142857142855
4980,1.7142857142857142
4981,0.7142857142857143
4982,7.714285714285714
4983,3.7142857142857144
4984,0.7142857142857143
4985,0.8571428571428571
4986,5.142857142857143
4987,0.14285714285714285
4988,13.0
4989,4.714285714285714
4990,2.0
4991,1.2857142857142858
4992,1.1428571428571428
4993,0.5714285714285714
4994,1.0
4995,1.1428571428571428
4996,1.2857142857142858
4997,3.7142857142857144
4998,2.0
4999,0.0
5000,3.142857142857143
5001,0.7142857142857143
5002,1.5714285714285714
5003,1.0
5004,2.142857142857143
5005,19.714285714285715
5006,6.0
5007,0.0
5008,3.0
5009,1.7142857142857142
5010,2.7142857142857144
5011,3.2857142857142856
5012,0.0
5013,0.5714285714285714
5014,4.0
5015,0.8571428571428571
5016,1.2857142857142858
5017,1.0
5018,4.0
5019,1.8571428571428572
5020,1.1428571428571428
5021,0.5714285714285714
5022,1.0
5023,4.285714285714286
5024,1.5714285714285714
5025,1.2857142857142858
5026,1.7142857142857142
5027,2.142857142857143
5028,2.142857142857143
5029,1.5714285714285714
5030,0.0
5031,1.2857142857142858
5032,2.2857142857142856
5033,0.0
5034,1.0
5035,0.0
5036,1.4285714285714286
5037,0.0
5038,1.0
5039,4.0
5040,3.7142857142857144
5041,0.7142857142857143
5042,4.857142857142857
5043,1.1428571428571428
5044,3.142857142857143
5045,1.7142857142857142
5046,4.285714285714286
5047,1.7142857142857142
5048,2.2857142857142856
5049,0.14285714285714285
5050,0.14285714285714285
5051,0.0
5052,0.5714285714285714
5053,0.8571428571428571
5054,1.8571428571428572
5055,1.0
5056,0.8571428571428571
5057,0.2857142857142857
5058,1.0
5059,0.2857142857142857
5060,0.2857142857142857
5061,0.14285714285714285
5062,0.14285714285714285
5063,4.142857142857143
5064,2.2857142857142856
5065,0.0
5066,1.7142857142857142
5067,0.7142857142857143
5068,1.7142857142857142
5069,1.4285714285714286
5070,0.0
5071,0.0
5072,1.4285714285714286
5073,0.7142857142857143
5074,0.2857142857142857
5075,4.0
5076,1.2857142857142858
5077,0.42857142857142855
5078,0.5714285714285714
5079,0.14285714285714285
5080,0.0
5081,1.7142857142857142
5082,0.0
5083,0.14285714285714285
5084,2.4285714285714284
5085,1.7142857142857142
5086,4.0
5087,1.0
5088,0.42857142857142855
5089,1.0
5090,0.2857142857142857
5091,0.0
5092,0.5714285714285714
5093,0.2857142857142857
5094,0.14285714285714285
5095,0.7142857142857143
5096,0.14285714285714285
5097,1.2857142857142858
5098,1.5714285714285714
5099,0.5714285714285714
5100,0.8571428571428571
5101,0.42857142857142855
5102,1.1428571428571428
5103,0.5714285714285714
5104,2.2857142857142856
5105,5.285714285714286
5106,3.857142857142857
5107,0.7142857142857143
5108,2.4285714285714284
5109,1.5714285714285714
5110,0.2857142857142857
5111,8.571428571428571
5112,2.142857142857143
5113,3.2857142857142856
5114,1.1428571428571428
5115,0.7142857142857143
5116,4.428571428571429
5117,0.14285714285714285
5118,1.1428571428571428
5119,0.2857142857142857
5120,3.5714285714285716
5121,23.428571428571427
5122,1.5714285714285714
5123,0.0
5124,5.428571428571429
5125,2.857142857142857
5126,5.285714285714286
5127,0.8571428571428571
5128,0.5714285714285714
5129,1.0
5130,1.0
5131,0.14285714285714285
5132,0.14285714285714285
5133,2.142857142857143
5134,4.857142857142857
5135,0.42857142857142855
5136,0.2857142857142857
5137,0.0
5138,2.5714285714285716
5139,1.8571428571428572
5140,0.14285714285714285
5141,0.42857142857142855
5142,2.5714285714285716
5143,1.8571428571428572
5144,1.8571428571428572
5145,2.142857142857143
5146,1.5714285714285714
5147,0.42857142857142855
5148,0.7142857142857143
5149,0.0
5150,0.2857142857142857
5151,0.5714285714285714
5152,0.2857142857142857
5153,1.2857142857142858
5154,0.14285714285714285
5155,0.14285714285714285
5156,2.857142857142857
5157,3.4285714285714284
5158,0.14285714285714285
5159,0.5714285714285714
5160,7.285714285714286
5161,0.2857142857142857
5162,3.7142857142857144
5163,1.4285714285714286
5164,1.2857142857142858
5165,1.1428571428571428
5166,1.1428571428571428
5167,1.1428571428571428
5168,1.2857142857142858
5169,5.714285714285714
5170,2.0
5171,2.2857142857142856
5172,1.5714285714285714
5173,2.7142857142857144
5174,0.14285714285714285
5175,0.2857142857142857
5176,0.5714285714285714
5177,0.14285714285714285
5178,0.42857142857142855
5179,15.285714285714286
5180,3.2857142857142856
5181,0.0
5182,3.7142857142857144
5183,4.857142857142857
5184,1.5714285714285714
5185,2.0
5186,2.4285714285714284
5187,1.2857142857142858
5188,1.0
5189,0.7142857142857143
5190,0.2857142857142857
5191,1.5714285714285714
5192,2.5714285714285716
5193,1.7142857142857142
5194,0.2857142857142857
5195,0.0
5196,0.7142857142857143
5197,1.5714285714285714
5198,0.5714285714285714
5199,1.8571428571428572
5200,5.285714285714286
5201,1.0
5202,2.857142857142857
5203,1.1428571428571428
5204,0.0
5205,0.7142857142857143
5206,0.8571428571428571
5207,2.7142857142857144
5208,0.5714285714285714
5209,0.2857142857142857
5210,0.7142857142857143
5211,0.0
5212,0.2857142857142857
5213,0.14285714285714285
5214,3.142857142857143
5215,3.142857142857143
5216,0.2857142857142857
5217,0.2857142857142857
5218,0.7142857142857143
5219,1.0
5220,7.142857142857143
5221,3.857142857142857
5222,1.5714285714285714
5223,0.42857142857142855
5224,0.7142857142857143
5225,0.14285714285714285
5226,0.42857142857142855
5227,1.7142857142857142
5228,1.8571428571428572
5229,0.0
5230,1.0
5231,0.42857142857142855
5232,1.5714285714285714
5233,0.5714285714285714
5234,0.2857142857142857
5235,0.14285714285714285
5236,0.2857142857142857
5237,2.5714285714285716
5238,2.7142857142857144
5239,0.0
5240,3.142857142857143
5241,2.5714285714285716
5242,1.4285714285714286
5243,2.7142857142857144
5244,0.8571428571428571
5245,0.7142857142857143
5246,1.2857142857142858
5247,0.7142857142857143
5248,0.8571428571428571
5249,1.4285714285714286
5250,1.7142857142857142
5251,1.0
5252,0.42857142857142855
5253,0.2857142857142857
5254,1.5714285714285714
5255,3.0
5256,0.5714285714285714
5257,1.2857142857142858
5258,1.2857142857142858
5259,3.0
5260,2.5714285714285716
5261,1.0
5262,0.5714285714285714
5263,0.42857142857142855
5264,1.1428571428571428
5265,0.0
5266,1.0
5267,0.7142857142857143
5268,0.42857142857142855
5269,1.2857142857142858
5270,0.42857142857142855
5271,1.5714285714285714
5272,2.142857142857143
5273,1.1428571428571428
5274,1.7142857142857142
5275,0.7142857142857143
5276,1.7142857142857142
5277,1.7142857142857142
5278,6.714285714285714
5279,3.0
5280,1.0
5281,0.42857142857142855
5282,0.2857142857142857
5283,0.8571428571428571
5284,1.4285714285714286
5285,2.2857142857142856
5286,2.142857142857143
5287,0.5714285714285714
5288,1.5714285714285714
5289,2.7142857142857144
5290,0.14285714285714285
5291,1.2857142857142858
5292,0.2857142857142857
5293,1.0
5294,0.2857142857142857
5295,10.857142857142858
5296,3.4285714285714284
5297,0.0
5298,3.142857142857143
5299,1.8571428571428572
5300,0.2857142857142857
5301,2.5714285714285716
5302,0.5714285714285714
5303,0.5714285714285714
5304,0.42857142857142855
5305,1.0
5306,1.8571428571428572
5307,5.428571428571429
5308,0.14285714285714285
5309,0.5714285714285714
5310,1.2857142857142858
5311,1.2857142857142858
5312,0.14285714285714285
5313,0.2857142857142857
5314,0.0
5315,0.7142857142857143
5316,1.7142857142857142
5317,1.0
5318,0.5714285714285714
5319,0.14285714285714285
5320,0.5714285714285714
5321,0.7142857142857143
5322,0.8571428571428571
5323,0.0
5324,1.7142857142857142
5325,0.42857142857142855
5326,0.8571428571428571
5327,0.0
5328,0.0
5329,1.2857142857142858
5330,3.7142857142857144
5331,0.0
5332,0.5714285714285714
5333,1.0
5334,0.8571428571428571
5335,0.5714285714285714
5336,8.0
5337,1.0
5338,2.4285714285714284
5339,3.0
5340,1.2857142857142858
5341,1.0
5342,0.42857142857142855
5343,3.142857142857143
5344,1.7142857142857142
5345,1.1428571428571428
5346,1.2857142857142858
5347,0.5714285714285714
5348,0.2857142857142857
5349,0.14285714285714285
5350,1.2857142857142858
5351,0.7142857142857143
5352,0.14285714285714285
5353,14.857142857142858
5354,3.7142857142857144
5355,0.0
5356,5.571428571428571
5357,3.857142857142857
5358,1.2857142857142858
5359,3.4285714285714284
5360,3.7142857142857144
5361,1.0
5362,0.5714285714285714
5363,1.4285714285714286
5364,0.7142857142857143
5365,4.285714285714286
5366,1.0
5367,1.2857142857142858
5368,1.2857142857142858
5369,1.1428571428571428
5370,0.5714285714285714
5371,1.8571428571428572
5372,0.7142857142857143
5373,0.0
5374,2.2857142857142856
5375,2.142857142857143
5376,2.2857142857142856
5377,0.8571428571428571
5378,0.2857142857142857
5379,1.1428571428571428
5380,1.0
5381,0.42857142857142855
5382,1.0
5383,1.1428571428571428
5384,0.2857142857142857
5385,0.42857142857142855
5386,2.0
5387,0.2857142857142857
5388,3.7142857142857144
5389,0.2857142857142857
5390,2.142857142857143
5391,1.1428571428571428
5392,6.0
5393,0.5714285714285714
5394,9.0
5395,2.5714285714285716
5396,2.142857142857143
5397,1.8571428571428572
5398,1.5714285714285714
5399,0.2857142857142857
5400,2.2857142857142856
5401,1.8571428571428572
5402,5.142857142857143
5403,2.142857142857143
5404,0.8571428571428571
5405,2.2857142857142856
5406,0.42857142857142855
5407,2.142857142857143
5408,0.8571428571428571
5409,1.2857142857142858
5410,0.5714285714285714
5411,12.142857142857142
5412,3.2857142857142856
5413,0.0
5414,5.285714285714286
5415,10.857142857142858
5416,2.857142857142857
5417,2.142857142857143
5418,1.7142857142857142
5419,0.5714285714285714
5420,1.0
5421,0.7142857142857143
5422,1.4285714285714286
5423,2.0
5424,1.0
5425,0.0
5426,0.8571428571428571
5427,0.42857142857142855
5428,0.42857142857142855
5429,3.4285714285714284
5430,1.0
5431,0.42857142857142855
5432,1.7142857142857142
5433,2.142857142857143
5434,2.4285714285714284
5435,0.8571428571428571
5436,0.5714285714285714
5437,0.14285714285714285
5438,2.0
5439,0.0
5440,2.4285714285714284
5441,1.5714285714285714
5442,0.8571428571428571
5443,0.2857142857142857
5444,1.0
5445,0.8571428571428571
5446,2.7142857142857144
5447,0.14285714285714285
5448,0.42857142857142855
5449,0.2857142857142857
5450,1.4285714285714286
5451,1.1428571428571428
5452,3.142857142857143
5453,4.857142857142857
5454,6.0
5455,1.5714285714285714
5456,1.0
5457,0.14285714285714285
5458,1.7142857142857142
5459,10.285714285714286
5460,4.142857142857143
5461,3.142857142857143
5462,0.5714285714285714
5463,2.142857142857143
5464,0.7142857142857143
5465,2.7142857142857144
5466,1.2857142857142858
5467,2.142857142857143
5468,1.1428571428571428
5469,23.285714285714285
5470,2.142857142857143
5471,0.0
5472,4.0
5473,4.428571428571429
5474,2.4285714285714284
5475,3.857142857142857
5476,5.285714285714286
5477,1.8571428571428572
5478,0.0
5479,1.0
5480,0.0
5481,0.8571428571428571
5482,2.0
5483,0.0
5484,2.0
5485,0.42857142857142855
5486,3.7142857142857144
5487,3.142857142857143
5488,0.0
5489,0.42857142857142855
5490,6.285714285714286
5491,2.7142857142857144
5492,1.4285714285714286
5493,3.4285714285714284
5494,2.7142857142857144
5495,2.2857142857142856
5496,2.4285714285714284
5497,0.8571428571428571
5498,1.0
5499,0.42857142857142855
5500,0.8571428571428571
5501,0.42857142857142855
5502,1.0
5503,2.142857142857143
5504,4.285714285714286
5505,0.2857142857142857
5506,1.2857142857142858
5507,1.5714285714285714
5508,4.428571428571429
5509,0.0
5510,11.285714285714286
5511,2.2857142857142856
5512,1.2857142857142858
5513,2.4285714285714284
5514,2.142857142857143
5515,0.5714285714285714
5516,1.1428571428571428
5517,3.7142857142857144
5518,3.4285714285714284
5519,1.8571428571428572
5520,1.8571428571428572
5521,3.857142857142857
5522,0.14285714285714285
5523,1.0
5524,1.7142857142857142
5525,0.8571428571428571
5526,0.2857142857142857
5527,19.571428571428573
5528,5.285714285714286
5529,0.0
5530,5.714285714285714
5531,2.7142857142857144
5532,2.857142857142857
5533,2.7142857142857144
5534,2.7142857142857144
5535,0.7142857142857143
5536,1.0
5537,1.4285714285714286
5538,0.8571428571428571
5539,0.8571428571428571
5540,2.2857142857142856
5541,0.5714285714285714
5542,1.4285714285714286
5543,0.2857142857142857
5544,0.8571428571428571
5545,1.0
5546,0.42857142857142855
5547,1.1428571428571428
5548,1.5714285714285714
5549,0.5714285714285714
5550,1.7142857142857142
5551,1.7142857142857142
5552,0.5714285714285714
5553,0.14285714285714285
5554,0.8571428571428571
5555,0.14285714285714285
5556,1.2857142857142858
5557,0.7142857142857143
5558,0.42857142857142855
5559,0.42857142857142855
5560,1.7142857142857142
5561,0.7142857142857143
5562,7.714285714285714
5563,3.7142857142857144
5564,0.7142857142857143
5565,0.8571428571428571
5566,5.142857142857143
5567,0.14285714285714285
5568,13.0
5569,4.714285714285714
5570,2.0
5571,1.2857142857142858
5572,1.1428571428571428
5573,0.5714285714285714
5574,1.0
5575,1.1428571428571428
5576,1.2857142857142858
5577,3.7142857142857144
5578,2.0
5579,0.0
5580,3.142857142857143
5581,0.7142857142857143
5582,1.5714285714285714
5583,1.0
5584,2.142857142857143
5585,19.714285714285715
5586,6.0
5587,0.0
5588,3.0
5589,1.7142857142857142
5590,2.7142857142857144
5591,3.2857142857142856
5592,0.0
5593,0.5714285714285714
5594,4.0
5595,0.8571428571428571
5596,1.2857142857142858
5597,1.0
5598,4.0
5599,1.8571428571428572
5600,1.1428571428571428
5601,0.5714285714285714
5602,1.0
5603,4.285714285714286
5604,1.5714285714285714
5605,1.2857142857142858
5606,1.7142857142857142
5607,2.142857142857143
5608,2.142857142857143
5609,1.5714285714285714
5610,0.0
5611,1.2857142857142858
5612,2.2857142857142856
5613,0.0
5614,1.0
5615,0.0
5616,1.4285714285714286
5617,0.0
5618,1.0
5619,4.0
5620,3.7142857142857144
5621,0.7142857142857143
5622,4.857142857142857
5623,1.1428571428571428
5624,3.142857142857143
5625,1.7142857142857142
5626,4.285714285714286
5627,1.7142857142857142
5628,2.2857142857142856
5629,0.14285714285714285
5630,0.14285714285714285
5631,0.0
5632,0.5714285714285714
5633,0.8571428571428571
5634,1.8571428571428572
5635,1.0
5636,0.8571428571428571
5637,0.2857142857142857
5638,1.0
5639,0.2857142857142857
5640,0.2857142857142857
5641,0.14285714285714285
5642,0.14285714285714285
5643,4.142857142857143
5644,2.2857142857142856
5645,0.0
5646,1.7142857142857142
5647,0.7142857142857143
5648,1.7142857142857142
5649,1.4285714285714286
5650,0.0
5651,0.0
5652,1.4285714285714286
5653,0.7142857142857143
5654,0.2857142857142857
5655,4.0
5656,1.2857142857142858
5657,0.42857142857142855
5658,0.5714285714285714
5659,0.14285714285714285
5660,0.0
5661,1.7142857142857142
5662,0.0
5663,0.14285714285714285
5664,2.4285714285714284
5665,1.7142857142857142
5666,4.0
5667,1.0
5668,0.42857142857142855
5669,1.0
5670,0.2857142857142857
5671,0.0
5672,0.5714285714285714
5673,0.2857142857142857
5674,0.14285714285714285
5675,0.7142857142857143
5676,0.14285714285714285
5677,1.2857142857142858
5678,1.5714285714285714
5679,0.5714285714285714
5680,0.8571428571428571
5681,0.42857142857142855
5682,1.1428571428571428
5683,0.5714285714285714
5684,2.2857142857142856
5685,5.285714285714286
5686,3.857142857142857
5687,0.7142857142857143
5688,2.4285714285714284
5689,1.5714285714285714
5690,0.2857142857142857
5691,8.571428571428571
5692,2.142857142857143
5693,3.2857142857142856
5694,1.1428571428571428
5695,0.7142857142857143
5696,4.428571428571429
5697,0.14285714285714285
5698,1.1428571428571428
5699,0.2857142857142857
5700,3.5714285714285716
5701,23.428571428571427
5702,1.5714285714285714
5703,0.0
5704,5.428571428571429
5705,2.857142857142857
5706,5.285714285714286
5707,0.8571428571428571
5708,0.5714285714285714
5709,1.0
5710,1.0
5711,0.14285714285714285
5712,0.14285714285714285
5713,2.142857142857143
5714,4.857142857142857
5715,0.42857142857142855
5716,0.2857142857142857
5717,0.0
5718,2.5714285714285716
5719,1.8571428571428572
5720,0.14285714285714285
5721,0.42857142857142855
5722,2.5714285714285716
5723,1.8571428571428572
5724,1.8571428571428572
5725,2.142857142857143
5726,1.5714285714285714
5727,0.42857142857142855
5728,0.7142857142857143
5729,0.0
5730,0.2857142857142857
5731,0.5714285714285714
5732,0.2857142857142857
5733,1.2857142857142858
5734,0.14285714285714285
5735,0.14285714285714285
5736,2.857142857142857
5737,3.4285714285714284
5738,0.14285714285714285
5739,0.5714285714285714
5740,7.285714285714286
5741,0.2857142857142857
5742,3.7142857142857144
5743,1.4285714285714286
5744,1.2857142857142858
5745,1.1428571428571428
5746,1.1428571428571428
5747,1.1428571428571428
5748,1.2857142857142858
5749,5.714285714285714
5750,2.0
5751,2.2857142857142856
5752,1.5714285714285714
5753,2.7142857142857144
5754,0.14285714285714285
5755,0.2857142857142857
5756,0.5714285714285714
5757,0.14285714285714285
5758,0.42857142857142855
5759,15.285714285714286
5760,3.2857142857142856
5761,0.0
5762,3.7142857142857144
5763,4.857142857142857
5764,1.5714285714285714
5765,2.0
5766,2.4285714285714284
5767,1.2857142857142858
5768,1.0
5769,0.7142857142857143
5770,0.2857142857142857
5771,1.5714285714285714
5772,2.5714285714285716
5773,1.7142857142857142
5774,0.2857142857142857
5775,0.0
5776,0.7142857142857143
5777,1.5714285714285714
5778,0.5714285714285714
5779,1.8571428571428572
5780,5.285714285714286
5781,1.0
5782,2.857142857142857
5783,1.1428571428571428
5784,0.0
5785,0.7142857142857143
5786,0.8571428571428571
5787,2.7142857142857144
5788,0.5714285714285714
5789,0.2857142857142857
5790,0.7142857142857143
5791,0.0
5792,0.2857142857142857
5793,0.14285714285714285
5794,3.142857142857143
5795,3.142857142857143
5796,0.2857142857142857
5797,0.2857142857142857
5798,0.7142857142857143
5799,1.0
5800,7.142857142857143
5801,3.857142857142857
5802,1.5714285714285714
5803,0.42857142857142855
5804,0.7142857142857143
5805,0.14285714285714285
5806,0.42857142857142855
5807,1.7142857142857142
5808,1.8571428571428572
5809,0.0
5810,1.0
5811,0.42857142857142855
5812,1.5714285714285714
5813,0.5714285714285714
5814,0.2857142857142857
5815,0.14285714285714285
5816,0.2857142857142857
5817,2.5714285714285716
5818,2.7142857142857144
5819,0.0
5820,3.142857142857143
5821,2.5714285714285716
5822,1.4285714285714286
5823,2.7142857142857144
5824,0.8571428571428571
5825,0.7142857142857143
5826,1.2857142857142858
5827,0.7142857142857143
5828,0.8571428571428571
5829,1.4285714285714286
5830,1.7142857142857142
5831,1.0
5832,0.42857142857142855
5833,0.2857142857142857
5834,1.5714285714285714
5835,3.0
5836,0.5714285714285714
5837,1.2857142857142858
5838,1.2857142857142858
5839,3.0
5840,2.5714285714285716
5841,1.0
5842,0.5714285714285714
5843,0.42857142857142855
5844,1.1428571428571428
5845,0.0
5846,1.0
5847,0.7142857142857143
5848,0.42857142857142855
5849,1.2857142857142858
5850,0.42857142857142855
5851,1.5714285714285714
5852,2.142857142857143
5853,1.1428571428571428
5854,1.7142857142857142
5855,0.7142857142857143
5856,1.7142857142857142
5857,1.7142857142857142
5858,6.714285714285714
5859,3.0
5860,1.0
5861,0.42857142857142855
5862,0.2857142857142857
5863,0.8571428571428571
5864,1.4285714285714286
5865,2.2857142857142856
5866,2.142857142857143
5867,0.5714285714285714
5868,1.5714285714285714
5869,2.7142857142857144
5870,0.14285714285714285
5871,1.2857142857142858
5872,0.2857142857142857
5873,1.0
5874,0.2857142857142857
5875,10.857142857142858
5876,3.4285714285714284
5877,0.0
5878,3.142857142857143
5879,1.8571428571428572
5880,0.2857142857142857
5881,2.5714285714285716
5882,0.5714285714285714
5883,0.5714285714285714
5884,0.42857142857142855
5885,1.0
5886,1.8571428571428572
5887,5.428571428571429
5888,0.14285714285714285
5889,0.5714285714285714
5890,1.2857142857142858
5891,1.2857142857142858
5892,0.14285714285714285
5893,0.2857142857142857
5894,0.0
5895,0.7142857142857143
5896,1.7142857142857142
5897,1.0
5898,0.5714285714285714
5899,0.14285714285714285
5900,0.5714285714285714
5901,0.7142857142857143
5902,0.8571428571428571
5903,0.0
5904,1.7142857142857142
5905,0.42857142857142855
5906,0.8571428571428571
5907,0.0
5908,0.0
5909,1.2857142857142858
5910,3.7142857142857144
5911,0.0
5912,0.5714285714285714
5913,1.0
5914,0.8571428571428571
5915,0.5714285714285714
5916,8.0
5917,1.0
5918,2.4285714285714284
5919,3.0
5920,1.2857142857142858
5921,1.0
5922,0.42857142857142855
5923,3.142857142857143
5924,1.7142857142857142
5925,1.1428571428571428
5926,1.2857142857142858
5927,0.5714285714285714
5928,0.2857142857142857
5929,0.14285714285714285
5930,1.2857142857142858
5931,0.7142857142857143
5932,0.14285714285714285
5933,14.857142857142858
5934,3.7142857142857144
5935,0.0
5936,5.571428571428571
5937,3.857142857142857
5938,1.2857142857142858
5939,3.4285714285714284
5940,3.7142857142857144
5941,1.0
5942,0.5714285714285714
5943,1.4285714285714286
5944,0.7142857142857143
5945,4.285714285714286
5946,1.0
5947,1.2857142857142858
5948,1.2857142857142858
5949,1.1428571428571428
5950,0.5714285714285714
5951,1.8571428571428572
5952,0.7142857142857143
5953,0.0
5954,2.2857142857142856
5955,2.142857142857143
5956,2.2857142857142856
5957,0.8571428571428571
5958,0.2857142857142857
5959,1.1428571428571428
5960,1.0
5961,0.42857142857142855
5962,1.0
5963,1.1428571428571428
5964,0.2857142857142857
5965,0.42857142857142855
5966,2.0
5967,0.2857142857142857
5968,3.7142857142857144
5969,0.2857142857142857
5970,2.142857142857143
5971,1.1428571428571428
5972,6.0
5973,0.5714285714285714
5974,9.0
5975,2.5714285714285716
5976,2.142857142857143
5977,1.8571428571428572
5978,1.5714285714285714
5979,0.2857142857142857
5980,2.2857142857142856
5981,1.8571428571428572
5982,5.142857142857143
5983,2.142857142857143
5984,0.8571428571428571
5985,2.2857142857142856
5986,0.42857142857142855
5987,2.142857142857143
5988,0.8571428571428571
5989,1.2857142857142858
5990,0.5714285714285714
5991,12.142857142857142
5992,3.2857142857142856
5993,0.0
5994,5.285714285714286
5995,10.857142857142858
5996,2.857142857142857
5997,2.142857142857143
5998,1.7142857142857142
5999,0.5714285714285714
6000,1.0
6001,0.7142857142857143
6002,1.4285714285714286
6003,2.0
6004,1.0
6005,0.0
6006,0.8571428571428571
6007,0.42857142857142855
6008,0.42857142857142855
6009,3.4285714285714284
6010,1.0
6011,0.42857142857142855
6012,1.7142857142857142
6013,2.142857142857143
6014,2.4285714285714284
6015,0.8571428571428571
6016,0.5714285714285714
6017,0.14285714285714285
6018,2.0
6019,0.0
6020,2.4285714285714284
6021,1.5714285714285714
6022,0.8571428571428571
6023,0.2857142857142857
6024,1.0
6025,0.8571428571428571
6026,2.7142857142857144
6027,0.14285714285714285
6028,0.42857142857142855
6029,0.2857142857142857
6030,1.4285714285714286
6031,1.1428571428571428
6032,3.142857142857143
6033,4.857142857142857
6034,6.0
6035,1.5714285714285714
6036,1.0
6037,0.14285714285714285
6038,1.7142857142857142
6039,10.285714285714286
6040,4.142857142857143
6041,3.142857142857143
6042,0.5714285714285714
6043,2.142857142857143
6044,0.7142857142857143
6045,2.7142857142857144
6046,1.2857142857142858
6047,2.142857142857143
6048,1.1428571428571428
6049,23.285714285714285
6050,2.142857142857143
6051,0.0
6052,4.0
6053,4.428571428571429
6054,2.4285714285714284
6055,3.857142857142857
6056,5.285714285714286
6057,1.8571428571428572
6058,0.0
6059,1.0
6060,0.0
6061,0.8571428571428571
6062,2.0
6063,0.0
6064,2.0
6065,0.42857142857142855
6066,3.7142857142857144
6067,3.142857142857143
6068,0.0
6069,0.42857142857142855
6070,6.285714285714286
6071,2.7142857142857144
6072,1.4285714285714286
6073,3.4285714285714284
6074,2.7142857142857144
6075,2.2857142857142856
6076,2.4285714285714284
6077,0.8571428571428571
6078,1.0
6079,0.42857142857142855
6080,0.8571428571428571
6081,0.42857142857142855
6082,1.0
6083,2.142857142857143
6084,4.285714285714286
6085,0.2857142857142857
6086,1.2857142857142858
6087,1.5714285714285714
6088,4.428571428571429
6089,0.0
6090,11.285714285714286
6091,2.2857142857142856
6092,1.2857142857142858
6093,2.4285714285714284
6094,2.142857142857143
6095,0.5714285714285714
6096,1.1428571428571428
6097,3.7142857142857144
6098,3.4285714285714284
6099,1.8571428571428572
6100,1.8571428571428572
6101,3.857142857142857
6102,0.14285714285714285
6103,1.0
6104,1.7142857142857142
6105,0.8571428571428571
6106,0.2857142857142857
6107,19.571428571428573
6108,5.285714285714286
6109,0.0
6110,5.714285714285714
6111,2.7142857142857144
6112,2.857142857142857
6113,2.7142857142857144
6114,2.7142857142857144
6115,0.7142857142857143
6116,1.0
6117,1.4285714285714286
6118,0.8571428571428571
6119,0.8571428571428571
6120,2.2857142857142856
6121,0.5714285714285714
6122,1.4285714285714286
6123,0.2857142857142857
6124,0.8571428571428571
6125,1.0
6126,0.42857142857142855
6127,1.1428571428571428
6128,1.5714285714285714
6129,0.5714285714285714
6130,1.7142857142857142
6131,1.7142857142857142
6132,0.5714285714285714
6133,0.14285714285714285
6134,0.8571428571428571
6135,0.14285714285714285
6136,1.2857142857142858
6137,0.7142857142857143
6138,0.42857142857142855
6139,0.42857142857142855
6140,1.7142857142857142
6141,0.7142857142857143
6142,7.714285714285714
6143,3.7142857142857144
6144,0.7142857142857143
6145,0.8571428571428571
6146,5.142857142857143
6147,0.14285714285714285
6148,13.0
6149,4.714285714285714
6150,2.0
6151,1.2857142857142858
6152,1.1428571428571428
6153,0.5714285714285714
6154,1.0
6155,1.1428571428571428
6156,1.2857142857142858
6157,3.7142857142857144
6158,2.0
6159,0.0
6160,3.142857142857143
6161,0.7142857142857143
6162,1.5714285714285714
6163,1.0
6164,2.142857142857143
6165,19.714285714285715
6166,6.0
6167,0.0
6168,3.0
6169,1.7142857142857142
6170,2.7142857142857144
6171,3.2857142857142856
6172,0.0
6173,0.5714285714285714
6174,4.0
6175,0.8571428571428571
6176,1.2857142857142858
6177,1.0
6178,4.0
6179,1.8571428571428572
6180,1.1428571428571428
6181,0.5714285714285714
6182,1.0
6183,4.285714285714286
6184,1.5714285714285714
6185,1.2857142857142858
6186,1.7142857142857142
6187,2.142857142857143
6188,2.142857142857143
6189,1.5714285714285714
6190,0.0
6191,1.2857142857142858
6192,2.2857142857142856
6193,0.0
6194,1.0
6195,0.0
6196,1.4285714285714286
6197,0.0
6198,1.0
6199,4.0
6200,3.7142857142857144
6201,0.7142857142857143
6202,4.857142857142857
6203,1.1428571428571428
6204,3.142857142857143
6205,1.7142857142857142
6206,4.285714285714286
6207,1.7142857142857142
6208,2.2857142857142856
6209,0.14285714285714285
6210,0.14285714285714285
6211,0.0
6212,0.5714285714285714
6213,0.8571428571428571
6214,1.8571428571428572
6215,1.0
6216,0.8571428571428571
6217,0.2857142857142857
6218,1.0
6219,0.2857142857142857
6220,0.2857142857142857
6221,0.14285714285714285
6222,0.14285714285714285
6223,4.142857142857143
6224,2.2857142857142856
6225,0.0
6226,1.7142857142857142
6227,0.7142857142857143
6228,1.7142857142857142
6229,1.4285714285714286
6230,0.0
6231,0.0
6232,1.4285714285714286
6233,0.7142857142857143
6234,0.2857142857142857
6235,4.0
6236,1.2857142857142858
6237,0.42857142857142855
6238,0.5714285714285714
6239,0.14285714285714285
6240,0.0
6241,1.7142857142857142
6242,0.0
6243,0.14285714285714285
6244,2.4285714285714284
6245,1.7142857142857142
6246,4.0
6247,1.0
6248,0.42857142857142855
6249,1.0
6250,0.2857142857142857
6251,0.0
6252,0.5714285714285714
6253,0.2857142857142857
6254,0.14285714285714285
6255,0.7142857142857143
6256,0.14285714285714285
6257,1.2857142857142858
6258,1.5714285714285714
6259,0.5714285714285714
6260,0.8571428571428571
6261,0.42857142857142855
6262,1.1428571428571428
6263,0.5714285714285714
6264,2.2857142857142856
6265,5.285714285714286
6266,3.857142857142857
6267,0.7142857142857143
6268,2.4285714285714284
6269,1.5714285714285714
6270,0.2857142857142857
6271,8.571428571428571
6272,2.142857142857143
6273,3.2857142857142856
6274,1.1428571428571428
6275,0.7142857142857143
6276,4.428571428571429
6277,0.14285714285714285
6278,1.1428571428571428
6279,0.2857142857142857
6280,3.5714285714285716
6281,23.428571428571427
6282,1.5714285714285714
6283,0.0
6284,5.428571428571429
6285,2.857142857142857
6286,5.285714285714286
6287,0.8571428571428571
6288,0.5714285714285714
6289,1.0
6290,1.0
6291,0.14285714285714285
6292,0.14285714285714285
6293,2.142857142857143
6294,4.857142857142857
6295,0.42857142857142855
6296,0.2857142857142857
6297,0.0
6298,2.5714285714285716
6299,1.8571428571428572
6300,0.14285714285714285
6301,0.42857142857142855
6302,2.5714285714285716
6303,1.8571428571428572
6304,1.8571428571428572
6305,2.142857142857143
6306,1.5714285714285714
6307,0.42857142857142855
6308,0.7142857142857143
6309,0.0
6310,0.2857142857142857
6311,0.5714285714285714
6312,0.2857142857142857
6313,1.2857142857142858
6314,0.14285714285714285
6315,0.14285714285714285
6316,2.857142857142857
6317,3.4285714285714284
6318,0.14285714285714285
6319,0.5714285714285714
6320,7.285714285714286
6321,0.2857142857142857
6322,3.7142857142857144
6323,1.4285714285714286
6324,1.2857142857142858
6325,1.1428571428571428
6326,1.1428571428571428
6327,1.1428571428571428
6328,1.2857142857142858
6329,5.714285714285714
6330,2.0
6331,2.2857142857142856
6332,1.5714285714285714
6333,2.7142857142857144
6334,0.14285714285714285
6335,0.2857142857142857
6336,0.5714285714285714
6337,0.14285714285714285
6338,0.42857142857142855
6339,15.285714285714286
6340,3.2857142857142856
6341,0.0
6342,3.7142857142857144
6343,4.857142857142857
6344,1.5714285714285714
6345,2.0
6346,2.4285714285714284
6347,1.2857142857142858
6348,1.0
6349,0.7142857142857143
6350,0.2857142857142857
6351,1.5714285714285714
6352,2.5714285714285716
6353,1.7142857142857142
6354,0.2857142857142857
6355,0.0
6356,0.7142857142857143
6357,1.5714285714285714
6358,0.5714285714285714
6359,1.8571428571428572
6360,5.285714285714286
6361,1.0
6362,2.857142857142857
6363,1.1428571428571428
6364,0.0
6365,0.7142857142857143
6366,0.8571428571428571
6367,2.7142857142857144
6368,0.5714285714285714
6369,0.2857142857142857
6370,0.7142857142857143
6371,0.0
6372,0.2857142857142857
6373,0.14285714285714285
6374,3.142857142857143
6375,3.142857142857143
6376,0.2857142857142857
6377,0.2857142857142857
6378,0.7142857142857143
6379,1.0
6380,7.142857142857143
6381,3.857142857142857
6382,1.5714285714285714
6383,0.42857142857142855
6384,0.7142857142857143
6385,0.14285714285714285
6386,0.42857142857142855
6387,1.7142857142857142
6388,1.8571428571428572
6389,0.0
6390,1.0
6391,0.42857142857142855
6392,1.5714285714285714
6393,0.5714285714285714
6394,0.2857142857142857
6395,0.14285714285714285
6396,0.2857142857142857
6397,2.5714285714285716
6398,2.7142857142857144
6399,0.0
6400,3.142857142857143
6401,2.5714285714285716
6402,1.4285714285714286
6403,2.7142857142857144
6404,0.8571428571428571
6405,0.7142857142857143
6406,1.2857142857142858
6407,0.7142857142857143
6408,0.8571428571428571
6409,1.4285714285714286
6410,1.7142857142857142
6411,1.0
6412,0.42857142857142855
6413,0.2857142857142857
6414,1.5714285714285714
6415,3.0
6416,0.5714285714285714
6417,1.2857142857142858
6418,1.2857142857142858
6419,3.0
6420,2.5714285714285716
6421,1.0
6422,0.5714285714285714
6423,0.42857142857142855
6424,1.1428571428571428
6425,0.0
6426,1.0
6427,0.7142857142857143
6428,0.42857142857142855
6429,1.2857142857142858
6430,0.42857142857142855
6431,1.5714285714285714
6432,2.142857142857143
6433,1.1428571428571428
6434,1.7142857142857142
6435,0.7142857142857143
6436,1.7142857142857142
6437,1.7142857142857142
6438,6.714285714285714
6439,3.0
6440,1.0
6441,0.42857142857142855
6442,0.2857142857142857
6443,0.8571428571428571
6444,1.4285714285714286
6445,2.2857142857142856
6446,2.142857142857143
6447,0.5714285714285714
6448,1.5714285714285714
6449,2.7142857142857144
6450,0.14285714285714285
6451,1.2857142857142858
6452,0.2857142857142857
6453,1.0
6454,0.2857142857142857
6455,10.857142857142858
6456,3.4285714285714284
6457,0.0
6458,3.142857142857143
6459,1.8571428571428572
6460,0.2857142857142857
6461,2.5714285714285716
6462,0.5714285714285714
6463,0.5714285714285714
6464,0.42857142857142855
6465,1.0
6466,1.8571428571428572
6467,5.428571428571429
6468,0.14285714285714285
6469,0.5714285714285714
6470,1.2857142857142858
6471,1.2857142857142858
6472,0.14285714285714285
6473,0.2857142857142857
6474,0.0
6475,0.7142857142857143
6476,1.7142857142857142
6477,1.0
6478,0.5714285714285714
6479,0.14285714285714285
6480,0.5714285714285714
6481,0.7142857142857143
6482,0.8571428571428571
6483,0.0
6484,1.7142857142857142
6485,0.42857142857142855
6486,0.8571428571428571
6487,0.0
6488,0.0
6489,1.2857142857142858
6490,3.7142857142857144
6491,0.0
6492,0.5714285714285714
6493,1.0
6494,0.8571428571428571
6495,0.5714285714285714
6496,8.0
6497,1.0
6498,2.4285714285714284
6499,3.0
6500,1.2857142857142858
6501,1.0
6502,0.42857142857142855
6503,3.142857142857143
6504,1.7142857142857142
6505,1.1428571428571428
6506,1.2857142857142858
6507,0.5714285714285714
6508,0.2857142857142857
6509,0.14285714285714285
6510,1.2857142857142858
6511,0.7142857142857143
6512,0.14285714285714285
6513,14.857142857142858
6514,3.7142857142857144
6515,0.0
6516,5.571428571428571
6517,3.857142857142857
6518,1.2857142857142858
6519,3.4285714285714284
6520,3.7142857142857144
6521,1.0
6522,0.5714285714285714
6523,1.4285714285714286
6524,0.7142857142857143
6525,4.285714285714286
6526,1.0
6527,1.2857142857142858
6528,1.2857142857142858
6529,1.1428571428571428
6530,0.5714285714285714
6531,1.8571428571428572
6532,0.7142857142857143
6533,0.0
6534,2.2857142857142856
6535,2.142857142857143
6536,2.2857142857142856
6537,0.8571428571428571
6538,0.2857142857142857
6539,1.1428571428571428
6540,1.0
6541,0.42857142857142855
6542,1.0
6543,1.1428571428571428
6544,0.2857142857142857
6545,0.42857142857142855
6546,2.0
6547,0.2857142857142857
6548,3.7142857142857144
6549,0.2857142857142857
6550,2.142857142857143
6551,1.1428571428571428
6552,6.0
6553,0.5714285714285714
6554,9.0
6555,2.5714285714285716
6556,2.142857142857143
6557,1.8571428571428572
6558,1.5714285714285714
6559,0.2857142857142857
6560,2.2857142857142856
6561,1.8571428571428572
6562,5.142857142857143
6563,2.142857142857143
6564,0.8571428571428571
6565,2.2857142857142856
6566,0.42857142857142855
6567,2.142857142857143
6568,0.8571428571428571
6569,1.2857142857142858
6570,0.5714285714285714
6571,12.142857142857142
6572,3.2857142857142856
6573,0.0
6574,5.285714285714286
6575,10.857142857142858
6576,2.857142857142857
6577,2.142857142857143
6578,1.7142857142857142
6579,0.5714285714285714
6580,1.0
6581,0.7142857142857143
6582,1.4285714285714286
6583,2.0
6584,1.0
6585,0.0
6586,0.8571428571428571
6587,0.42857142857142855
6588,0.42857142857142855
6589,3.4285714285714284
6590,1.0
6591,0.42857142857142855
6592,1.7142857142857142
6593,2.142857142857143
6594,2.4285714285714284
6595,0.8571428571428571
6596,0.5714285714285714
6597,0.14285714285714285
6598,2.0
6599,0.0
6600,2.4285714285714284
6601,1.5714285714285714
6602,0.8571428571428571
6603,0.2857142857142857
6604,1.0
6605,0.8571428571428571
6606,2.7142857142857144
6607,0.14285714285714285
6608,0.42857142857142855
6609,0.2857142857142857
6610,1.4285714285714286
6611,1.1428571428571428
6612,3.142857142857143
6613,4.857142857142857
6614,6.0
6615,1.5714285714285714
6616,1.0
6617,0.14285714285714285
6618,1.7142857142857142
6619,10.285714285714286
6620,4.142857142857143
6621,3.142857142857143
6622,0.5714285714285714
6623,2.142857142857143
6624,0.7142857142857143
6625,2.7142857142857144
6626,1.2857142857142858
6627,2.142857142857143
6628,1.1428571428571428
6629,23.285714285714285
6630,2.142857142857143
6631,0.0
6632,4.0
6633,4.428571428571429
6634,2.4285714285714284
6635,3.857142857142857
6636,5.285714285714286
6637,1.8571428571428572
6638,0.0
6639,1.0
6640,0.0
6641,0.8571428571428571
6642,2.0
6643,0.0
6644,2.0
6645,0.42857142857142855
6646,3.7142857142857144
6647,3.142857142857143
6648,0.0
6649,0.42857142857142855
6650,6.285714285714286
6651,2.7142857142857144
6652,1.4285714285714286
6653,3.4285714285714284
6654,2.7142857142857144
6655,2.2857142857142856
6656,2.4285714285714284
6657,0.8571428571428571
6658,1.0
6659,0.42857142857142855
6660,0.8571428571428571
6661,0.42857142857142855
6662,1.0
6663,2.142857142857143
6664,4.285714285714286
6665,0.2857142857142857
6666,1.2857142857142858
6667,1.5714285714285714
6668,4.428571428571429
6669,0.0
6670,11.285714285714286
6671,2.2857142857142856
6672,1.2857142857142858
6673,2.4285714285714284
6674,2.142857142857143
6675,0.5714285714285714
6676,1.1428571428571428
6677,3.7142857142857144
6678,3.4285714285714284
6679,1.8571428571428572
6680,1.8571428571428572
6681,3.857142857142857
6682,0.14285714285714285
6683,1.0
6684,1.7142857142857142
6685,0.8571428571428571
6686,0.2857142857142857
6687,19.571428571428573
6688,5.285714285714286
6689,0.0
6690,5.714285714285714
6691,2.7142857142857144
6692,2.857142857142857
6693,2.7142857142857144
6694,2.7142857142857144
6695,0.7142857142857143
6696,1.0
6697,1.4285714285714286
6698,0.8571428571428571
6699,0.8571428571428571
6700,2.2857142857142856
6701,0.5714285714285714
6702,1.4285714285714286
6703,0.2857142857142857
6704,0.8571428571428571
6705,1.0
6706,0.42857142857142855
6707,1.1428571428571428
6708,1.5714285714285714
6709,0.5714285714285714
6710,1.7142857142857142
6711,1.7142857142857142
6712,0.5714285714285714
6713,0.14285714285714285
6714,0.8571428571428571
6715,0.14285714285714285
6716,1.2857142857142858
6717,0.7142857142857143
6718,0.42857142857142855
6719,0.42857142857142855
6720,1.7142857142857142
6721,0.7142857142857143
6722,7.714285714285714
6723,3.7142857142857144
6724,0.7142857142857143
6725,0.8571428571428571
6726,5.142857142857143
6727,0.14285714285714285
6728,13.0
6729,4.714285714285714
6730,2.0
6731,1.2857142857142858
6732,1.1428571428571428
6733,0.5714285714285714
6734,1.0
6735,1.1428571428571428
6736,1.2857142857142858
6737,3.7142857142857144
6738,2.0
6739,0.0
6740,3.142857142857143
6741,0.7142857142857143
6742,1.5714285714285714
6743,1.0
6744,2.142857142857143
6745,19.714285714285715
6746,6.0
6747,0.0
6748,3.0
6749,1.7142857142857142
6750,2.7142857142857144
6751,3.2857142857142856
6752,0.0
6753,0.5714285714285714
6754,4.0
6755,0.8571428571428571
6756,1.2857142857142858
6757,1.0
6758,4.0
6759,1.8571428571428572
6760,1.1428571428571428
6761,0.5714285714285714
6762,1.0
6763,4.285714285714286
6764,1.5714285714285714
6765,1.2857142857142858
6766,1.7142857142857142
6767,2.142857142857143
6768,2.142857142857143
6769,1.5714285714285714
6770,0.0
6771,1.2857142857142858
6772,2.2857142857142856
6773,0.0
6774,1.0
6775,0.0
6776,1.4285714285714286
6777,0.0
6778,1.0
6779,4.0
6780,3.7142857142857144
6781,0.7142857142857143
6782,4.857142857142857
6783,1.1428571428571428
6784,3.142857142857143
6785,1.7142857142857142
6786,4.285714285714286
6787,1.7142857142857142
6788,2.2857142857142856
6789,0.14285714285714285
6790,0.14285714285714285
6791,0.0
6792,0.5714285714285714
6793,0.8571428571428571
6794,1.8571428571428572
6795,1.0
6796,0.8571428571428571
6797,0.2857142857142857
6798,1.0
6799,0.2857142857142857
6800,0.2857142857142857
6801,0.14285714285714285
6802,0.14285714285714285
6803,4.142857142857143
6804,2.2857142857142856
6805,0.0
6806,1.7142857142857142
6807,0.7142857142857143
6808,1.7142857142857142
6809,1.4285714285714286
6810,0.0
6811,0.0
6812,1.4285714285714286
6813,0.7142857142857143
6814,0.2857142857142857
6815,4.0
6816,1.2857142857142858
6817,0.42857142857142855
6818,0.5714285714285714
6819,0.14285714285714285
6820,0.0
6821,1.7142857142857142
6822,0.0
6823,0.14285714285714285
6824,2.4285714285714284
6825,1.7142857142857142
6826,4.0
6827,1.0
6828,0.42857142857142855
6829,1.0
6830,0.2857142857142857
6831,0.0
6832,0.5714285714285714
6833,0.2857142857142857
6834,0.14285714285714285
6835,0.7142857142857143
6836,0.14285714285714285
6837,1.2857142857142858
6838,1.5714285714285714
6839,0.5714285714285714
6840,0.8571428571428571
6841,0.42857142857142855
6842,1.1428571428571428
6843,0.5714285714285714
6844,2.2857142857142856
6845,5.285714285714286
6846,3.857142857142857
6847,0.7142857142857143
6848,2.4285714285714284
6849,1.5714285714285714
6850,0.2857142857142857
6851,8.571428571428571
6852,2.142857142857143
6853,3.2857142857142856
6854,1.1428571428571428
6855,0.7142857142857143
6856,4.428571428571429
6857,0.14285714285714285
6858,1.1428571428571428
6859,0.2857142857142857
6860,3.5714285714285716
6861,23.428571428571427
6862,1.5714285714285714
6863,0.0
6864,5.428571428571429
6865,2.857142857142857
6866,5.285714285714286
6867,0.8571428571428571
6868,0.5714285714285714
6869,1.0
6870,1.0
6871,0.14285714285714285
6872,0.14285714285714285
6873,2.142857142857143
6874,4.857142857142857
6875,0.42857142857142855
6876,0.2857142857142857
6877,0.0
6878,2.5714285714285716
6879,1.8571428571428572
6880,0.14285714285714285
6881,0.42857142857142855
6882,2.5714285714285716
6883,1.8571428571428572
6884,1.8571428571428572
6885,2.142857142857143
6886,1.5714285714285714
6887,0.42857142857142855
6888,0.7142857142857143
6889,0.0
6890,0.2857142857142857
6891,0.5714285714285714
6892,0.2857142857142857
6893,1.2857142857142858
6894,0.14285714285714285
6895,0.14285714285714285
6896,2.857142857142857
6897,3.4285714285714284
6898,0.14285714285714285
6899,0.5714285714285714
6900,7.285714285714286
6901,0.2857142857142857
6902,3.7142857142857144
6903,1.4285714285714286
6904,1.2857142857142858
6905,1.1428571428571428
6906,1.1428571428571428
6907,1.1428571428571428
6908,1.2857142857142858
6909,5.714285714285714
6910,2.0
6911,2.2857142857142856
6912,1.5714285714285714
6913,2.7142857142857144
6914,0.14285714285714285
6915,0.2857142857142857
6916,0.5714285714285714
6917,0.14285714285714285
6918,0.42857142857142855
6919,15.285714285714286
6920,3.2857142857142856
6921,0.0
6922,3.7142857142857144
6923,4.857142857142857
6924,1.5714285714285714
6925,2.0
6926,2.4285714285714284
6927,1.2857142857142858
6928,1.0
6929,0.7142857142857143
6930,0.2857142857142857
6931,1.5714285714285714
6932,2.5714285714285716
6933,1.7142857142857142
6934,0.2857142857142857
6935,0.0
6936,0.7142857142857143
6937,1.5714285714285714
6938,0.5714285714285714
6939,1.8571428571428572
6940,5.285714285714286
6941,1.0
6942,2.857142857142857
6943,1.1428571428571428
6944,0.0
6945,0.7142857142857143
6946,0.8571428571428571
6947,2.7142857142857144
6948,0.5714285714285714
6949,0.2857142857142857
6950,0.7142857142857143
6951,0.0
6952,0.2857142857142857
6953,0.14285714285714285
6954,3.142857142857143
6955,3.142857142857143
6956,0.2857142857142857
6957,0.2857142857142857
6958,0.7142857142857143
6959,1.0
6960,7.142857142857143
6961,3.857142857142857
6962,1.5714285714285714
6963,0.42857142857142855
6964,0.7142857142857143
6965,0.14285714285714285
6966,0.42857142857142855
6967,1.7142857142857142
6968,1.8571428571428572
6969,0.0
6970,1.0
6971,0.42857142857142855
6972,1.5714285714285714
6973,0.5714285714285714
6974,0.2857142857142857
6975,0.14285714285714285
6976,0.2857142857142857
6977,2.5714285714285716
6978,2.7142857142857144
6979,0.0
6980,3.142857142857143
6981,2.5714285714285716
6982,1.4285714285714286
6983,2.7142857142857144
6984,0.8571428571428571
6985,0.7142857142857143
6986,1.2857142857142858
6987,0.7142857142857143
6988,0.8571428571428571
6989,1.4285714285714286
6990,1.7142857142857142
6991,1.0
6992,0.42857142857142855
6993,0.2857142857142857
6994,1.5714285714285714
6995,3.0
6996,0.5714285714285714
6997,1.2857142857142858
6998,1.2857142857142858
6999,3.0
7000,2.5714285714285716
7001,1.0
7002,0.5714285714285714
7003,0.42857142857142855
7004,1.1428571428571428
7005,0.0
7006,1.0
7007,0.7142857142857143
7008,0.42857142857142855
7009,1.2857142857142858
7010,0.42857142857142855
7011,1.5714285714285714
7012,2.142857142857143
7013,1.1428571428571428
7014,1.7142857142857142
7015,0.7142857142857143
7016,1.7142857142857142
7017,1.7142857142857142
7018,6.714285714285714
7019,3.0
7020,1.0
7021,0.42857142857142855
7022,0.2857142857142857
7023,0.8571428571428571
7024,1.4285714285714286
7025,2.2857142857142856
7026,2.142857142857143
7027,0.5714285714285714
7028,1.5714285714285714
7029,2.7142857142857144
7030,0.14285714285714285
7031,1.2857142857142858
7032,0.2857142857142857
7033,1.0
7034,0.2857142857142857
7035,10.857142857142858
7036,3.4285714285714284
7037,0.0
7038,3.142857142857143
7039,1.8571428571428572
7040,0.2857142857142857
7041,2.5714285714285716
7042,0.5714285714285714
7043,0.5714285714285714
7044,0.42857142857142855
7045,1.0
7046,1.8571428571428572
7047,5.428571428571429
7048,0.14285714285714285
7049,0.5714285714285714
7050,1.2857142857142858
7051,1.2857142857142858
7052,0.14285714285714285
7053,0.2857142857142857
7054,0.0
7055,0.7142857142857143
7056,1.7142857142857142
7057,1.0
7058,0.5714285714285714
7059,0.14285714285714285
7060,0.5714285714285714
7061,0.7142857142857143
7062,0.8571428571428571
7063,0.0
7064,1.7142857142857142
7065,0.42857142857142855
7066,0.8571428571428571
7067,0.0
7068,0.0
7069,1.2857142857142858
7070,3.7142857142857144
7071,0.0
7072,0.5714285714285714
7073,1.0
7074,0.8571428571428571
7075,0.5714285714285714
7076,8.0
7077,1.0
7078,2.4285714285714284
7079,3.0
7080,1.2857142857142858
7081,1.0
7082,0.42857142857142855
7083,3.142857142857143
7084,1.7142857142857142
7085,1.1428571428571428
7086,1.2857142857142858
7087,0.5714285714285714
7088,0.2857142857142857
7089,0.14285714285714285
7090,1.2857142857142858
7091,0.7142857142857143
7092,0.14285714285714285
7093,14.857142857142858
7094,3.7142857142857144
7095,0.0
7096,5.571428571428571
7097,3.857142857142857
7098,1.2857142857142858
7099,3.4285714285714284
7100,3.7142857142857144
7101,1.0
7102,0.5714285714285714
7103,1.4285714285714286
7104,0.7142857142857143
7105,4.285714285714286
7106,1.0
7107,1.2857142857142858
7108,1.2857142857142858
7109,1.1428571428571428
7110,0.5714285714285714
7111,1.8571428571428572
7112,0.7142857142857143
7113,0.0
7114,2.2857142857142856
7115,2.142857142857143
7116,2.2857142857142856
7117,0.8571428571428571
7118,0.2857142857142857
7119,1.1428571428571428
7120,1.0
7121,0.42857142857142855
7122,1.0
7123,1.1428571428571428
7124,0.2857142857142857
7125,0.42857142857142855
7126,2.0
7127,0.2857142857142857
7128,3.7142857142857144
7129,0.2857142857142857
7130,2.142857142857143
7131,1.1428571428571428
7132,6.0
7133,0.5714285714285714
7134,9.0
7135,2.5714285714285716
7136,2.142857142857143
7137,1.8571428571428572
7138,1.5714285714285714
7139,0.2857142857142857
7140,2.2857142857142856
7141,1.8571428571428572
7142,5.142857142857143
7143,2.142857142857143
7144,0.8571428571428571
7145,2.2857142857142856
7146,0.42857142857142855
7147,2.142857142857143
7148,0.8571428571428571
7149,1.2857142857142858
7150,0.5714285714285714
7151,12.142857142857142
7152,3.2857142857142856
7153,0.0
7154,5.285714285714286
7155,10.857142857142858
7156,2.857142857142857
7157,2.142857142857143
7158,1.7142857142857142
7159,0.5714285714285714
7160,1.0
7161,0.7142857142857143
7162,1.4285714285714286
7163,2.0
7164,1.0
7165,0.0
7166,0.8571428571428571
7167,0.42857142857142855
7168,0.42857142857142855
7169,3.4285714285714284
7170,1.0
7171,0.42857142857142855
7172,1.7142857142857142
7173,2.142857142857143
7174,2.4285714285714284
7175,0.8571428571428571
7176,0.5714285714285714
7177,0.14285714285714285
7178,2.0
7179,0.0
7180,2.4285714285714284
7181,1.5714285714285714
7182,0.8571428571428571
7183,0.2857142857142857
7184,1.0
7185,0.8571428571428571
7186,2.7142857142857144
7187,0.14285714285714285
7188,0.42857142857142855
7189,0.2857142857142857
7190,1.4285714285714286
7191,1.1428571428571428
7192,3.142857142857143
7193,4.857142857142857
7194,6.0
7195,1.5714285714285714
7196,1.0
7197,0.14285714285714285
7198,1.7142857142857142
7199,10.285714285714286
7200,4.142857142857143
7201,3.142857142857143
7202,0.5714285714285714
7203,2.142857142857143
7204,0.7142857142857143
7205,2.7142857142857144
7206,1.2857142857142858
7207,2.142857142857143
7208,1.1428571428571428
7209,23.285714285714285
7210,2.142857142857143
7211,0.0
7212,4.0
7213,4.428571428571429
7214,2.4285714285714284
7215,3.857142857142857
7216,5.285714285714286
7217,1.8571428571428572
7218,0.0
7219,1.0
7220,0.0
7221,0.8571428571428571
7222,2.0
7223,0.0
7224,2.0
7225,0.42857142857142855
7226,3.7142857142857144
7227,3.142857142857143
7228,0.0
7229,0.42857142857142855
7230,6.285714285714286
7231,2.7142857142857144
7232,1.4285714285714286
7233,3.4285714285714284
7234,2.7142857142857144
7235,2.2857142857142856
7236,2.4285714285714284
7237,0.8571428571428571
7238,1.0
7239,0.42857142857142855
7240,0.8571428571428571
7241,0.42857142857142855
7242,1.0
7243,2.142857142857143
7244,4.285714285714286
7245,0.2857142857142857
7246,1.2857142857142858
7247,1.5714285714285714
7248,4.428571428571429
7249,0.0
7250,11.285714285714286
7251,2.2857142857142856
7252,1.2857142857142858
7253,2.4285714285714284
7254,2.142857142857143
7255,0.5714285714285714
7256,1.1428571428571428
7257,3.7142857142857144
7258,3.4285714285714284
7259,1.8571428571428572
7260,1.8571428571428572
7261,3.857142857142857
7262,0.14285714285714285
7263,1.0
7264,1.7142857142857142
7265,0.8571428571428571
7266,0.2857142857142857
7267,19.571428571428573
7268,5.285714285714286
7269,0.0
7270,5.714285714285714
7271,2.7142857142857144
7272,2.857142857142857
7273,2.7142857142857144
7274,2.7142857142857144
7275,0.7142857142857143
7276,1.0
7277,1.4285714285714286
7278,0.8571428571428571
7279,0.8571428571428571
7280,2.2857142857142856
7281,0.5714285714285714
7282,1.4285714285714286
7283,0.2857142857142857
7284,0.8571428571428571
7285,1.0
7286,0.42857142857142855
7287,1.1428571428571428
7288,1.5714285714285714
7289,0.5714285714285714
7290,1.7142857142857142
7291,1.7142857142857142
7292,0.5714285714285714
7293,0.14285714285714285
7294,0.8571428571428571
7295,0.14285714285714285
7296,1.2857142857142858
7297,0.7142857142857143
7298,0.42857142857142855
7299,0.42857142857142855
7300,1.7142857142857142
7301,0.7142857142857143
7302,7.714285714285714
7303,3.7142857142857144
7304,0.7142857142857143
7305,0.8571428571428571
7306,5.142857142857143
7307,0.14285714285714285
7308,13.0
7309,4.714285714285714
7310,2.0
7311,1.2857142857142858
7312,1.1428571428571428
7313,0.5714285714285714
7314,1.0
7315,1.1428571428571428
7316,1.2857142857142858
7317,3.7142857142857144
7318,2.0
7319,0.0
7320,3.142857142857143
7321,0.7142857142857143
7322,1.5714285714285714
7323,1.0
7324,2.142857142857143
7325,19.714285714285715
7326,6.0
7327,0.0
7328,3.0
7329,1.7142857142857142
7330,2.7142857142857144
7331,3.2857142857142856
7332,0.0
7333,0.5714285714285714
7334,4.0
7335,0.8571428571428571
7336,1.2857142857142858
7337,1.0
7338,4.0
7339,1.8571428571428572
7340,1.1428571428571428
7341,0.5714285714285714
7342,1.0
7343,4.285714285714286
7344,1.5714285714285714
7345,1.2857142857142858
7346,1.7142857142857142
7347,2.142857142857143
7348,2.142857142857143
7349,1.5714285714285714
7350,0.0
7351,1.2857142857142858
7352,2.2857142857142856
7353,0.0
7354,1.0
7355,0.0
7356,1.4285714285714286
7357,0.0
7358,1.0
7359,4.0
7360,3.7142857142857144
7361,0.7142857142857143
7362,4.857142857142857
7363,1.1428571428571428
7364,3.142857142857143
7365,1.7142857142857142
7366,4.285714285714286
7367,1.7142857142857142
7368,2.2857142857142856
7369,0.14285714285714285
7370,0.14285714285714285
7371,0.0
7372,0.5714285714285714
7373,0.8571428571428571
7374,1.8571428571428572
7375,1.0
7376,0.8571428571428571
7377,0.2857142857142857
7378,1.0
7379,0.2857142857142857
7380,0.2857142857142857
7381,0.14285714285714285
7382,0.14285714285714285
7383,4.142857142857143
7384,2.2857142857142856
7385,0.0
7386,1.7142857142857142
7387,0.7142857142857143
7388,1.7142857142857142
7389,1.4285714285714286
7390,0.0
7391,0.0
7392,1.4285714285714286
7393,0.7142857142857143
7394,0.2857142857142857
7395,4.0
7396,1.2857142857142858
7397,0.42857142857142855
7398,0.5714285714285714
7399,0.14285714285714285
7400,0.0
7401,1.7142857142857142
7402,0.0
7403,0.14285714285714285
7404,2.4285714285714284
7405,1.7142857142857142
7406,4.0
7407,1.0
7408,0.42857142857142855
7409,1.0
7410,0.2857142857142857
7411,0.0
7412,0.5714285714285714
7413,0.2857142857142857
7414,0.14285714285714285
7415,0.7142857142857143
7416,0.14285714285714285
7417,1.2857142857142858
7418,1.5714285714285714
7419,0.5714285714285714
7420,0.8571428571428571
7421,0.42857142857142855
7422,1.1428571428571428
7423,0.5714285714285714
7424,2.2857142857142856
7425,5.285714285714286
7426,3.857142857142857
7427,0.7142857142857143
7428,2.4285714285714284
7429,1.5714285714285714
7430,0.2857142857142857
7431,8.571428571428571
7432,2.142857142857143
7433,3.2857142857142856
7434,1.1428571428571428
7435,0.7142857142857143
7436,4.428571428571429
7437,0.14285714285714285
7438,1.1428571428571428
7439,0.2857142857142857
7440,3.5714285714285716
7441,23.428571428571427
7442,1.5714285714285714
7443,0.0
7444,5.428571428571429
7445,2.857142857142857
7446,5.285714285714286
7447,0.8571428571428571
7448,0.5714285714285714
7449,1.0
7450,1.0
7451,0.14285714285714285
7452,0.14285714285714285
7453,2.142857142857143
7454,4.857142857142857
7455,0.42857142857142855
7456,0.2857142857142857
7457,0.0
7458,2.5714285714285716
7459,1.8571428571428572
7460,0.14285714285714285
7461,0.42857142857142855
7462,2.5714285714285716
7463,1.8571428571428572
7464,1.8571428571428572
7465,2.142857142857143
7466,1.5714285714285714
7467,0.42857142857142855
7468,0.7142857142857143
7469,0.0
7470,0.2857142857142857
7471,0.5714285714285714
7472,0.2857142857142857
7473,1.2857142857142858
7474,0.14285714285714285
7475,0.14285714285714285
7476,2.857142857142857
7477,3.4285714285714284
7478,0.14285714285714285
7479,0.5714285714285714
7480,7.285714285714286
7481,0.2857142857142857
7482,3.7142857142857144
7483,1.4285714285714286
7484,1.2857142857142858
7485,1.1428571428571428
7486,1.1428571428571428
7487,1.1428571428571428
7488,1.2857142857142858
7489,5.714285714285714
7490,2.0
7491,2.2857142857142856
7492,1.5714285714285714
7493,2.7142857142857144
7494,0.14285714285714285
7495,0.2857142857142857
7496,0.5714285714285714
7497,0.14285714285714285
7498,0.42857142857142855
7499,15.285714285714286
7500,3.2857142857142856
7501,0.0
7502,3.7142857142857144
7503,4.857142857142857
7504,1.5714285714285714
7505,2.0
7506,2.4285714285714284
7507,1.2857142857142858
7508,1.0
7509,0.7142857142857143
7510,0.2857142857142857
7511,1.5714285714285714
7512,2.5714285714285716
7513,1.7142857142857142
7514,0.2857142857142857
7515,0.0
7516,0.7142857142857143
7517,1.5714285714285714
7518,0.5714285714285714
7519,1.8571428571428572
7520,5.285714285714286
7521,1.0
7522,2.857142857142857
7523,1.1428571428571428
7524,0.0
7525,0.7142857142857143
7526,0.8571428571428571
7527,2.7142857142857144
7528,0.5714285714285714
7529,0.2857142857142857
7530,0.7142857142857143
7531,0.0
7532,0.2857142857142857
7533,0.14285714285714285
7534,3.142857142857143
7535,3.142857142857143
7536,0.2857142857142857
7537,0.2857142857142857
7538,0.7142857142857143
7539,1.0
7540,7.142857142857143
7541,3.857142857142857
7542,1.5714285714285714
7543,0.42857142857142855
7544,0.7142857142857143
7545,0.14285714285714285
7546,0.42857142857142855
7547,1.7142857142857142
7548,1.8571428571428572
7549,0.0
7550,1.0
7551,0.42857142857142855
7552,1.5714285714285714
7553,0.5714285714285714
7554,0.2857142857142857
7555,0.14285714285714285
7556,0.2857142857142857
7557,2.5714285714285716
7558,2.7142857142857144
7559,0.0
7560,3.142857142857143
7561,2.5714285714285716
7562,1.4285714285714286
7563,2.7142857142857144
7564,0.8571428571428571
7565,0.7142857142857143
7566,1.2857142857142858
7567,0.7142857142857143
7568,0.8571428571428571
7569,1.4285714285714286
7570,1.7142857142857142
7571,1.0
7572,0.42857142857142855
7573,0.2857142857142857
7574,1.5714285714285714
7575,3.0
7576,0.5714285714285714
7577,1.2857142857142858
7578,1.2857142857142858
7579,3.0
7580,2.5714285714285716
7581,1.0
7582,0.5714285714285714
7583,0.42857142857142855
7584,1.1428571428571428
7585,0.0
7586,1.0
7587,0.7142857142857143
7588,0.42857142857142855
7589,1.2857142857142858
7590,0.42857142857142855
7591,1.5714285714285714
7592,2.142857142857143
7593,1.1428571428571428
7594,1.7142857142857142
7595,0.7142857142857143
7596,1.7142857142857142
7597,1.7142857142857142
7598,6.714285714285714
7599,3.0
7600,1.0
7601,0.42857142857142855
7602,0.2857142857142857
7603,0.8571428571428571
7604,1.4285714285714286
7605,2.2857142857142856
7606,2.142857142857143
7607,0.5714285714285714
7608,1.5714285714285714
7609,2.7142857142857144
7610,0.14285714285714285
7611,1.2857142857142858
7612,0.2857142857142857
7613,1.0
7614,0.2857142857142857
7615,10.857142857142858
7616,3.4285714285714284
7617,0.0
7618,3.142857142857143
7619,1.8571428571428572
7620,0.2857142857142857
7621,2.5714285714285716
7622,0.5714285714285714
7623,0.5714285714285714
7624,0.42857142857142855
7625,1.0
7626,1.8571428571428572
7627,5.428571428571429
7628,0.14285714285714285
7629,0.5714285714285714
7630,1.2857142857142858
7631,1.2857142857142858
7632,0.14285714285714285
7633,0.2857142857142857
7634,0.0
7635,0.7142857142857143
7636,1.7142857142857142
7637,1.0
7638,0.5714285714285714
7639,0.14285714285714285
7640,0.5714285714285714
7641,0.7142857142857143
7642,0.8571428571428571
7643,0.0
7644,1.7142857142857142
7645,0.42857142857142855
7646,0.8571428571428571
7647,0.0
7648,0.0
7649,1.2857142857142858
7650,3.7142857142857144
7651,0.0
7652,0.5714285714285714
7653,1.0
7654,0.8571428571428571
7655,0.5714285714285714
7656,8.0
7657,1.0
7658,2.4285714285714284
7659,3.0
7660,1.2857142857142858
7661,1.0
7662,0.42857142857142855
7663,3.142857142857143
7664,1.7142857142857142
7665,1.1428571428571428
7666,1.2857142857142858
7667,0.5714285714285714
7668,0.2857142857142857
7669,0.14285714285714285
7670,1.2857142857142858
7671,0.7142857142857143
7672,0.14285714285714285
7673,14.857142857142858
7674,3.7142857142857144
7675,0.0
7676,5.571428571428571
7677,3.857142857142857
7678,1.2857142857142858
7679,3.4285714285714284
7680,3.7142857142857144
7681,1.0
7682,0.5714285714285714
7683,1.4285714285714286
7684,0.7142857142857143
7685,4.285714285714286
7686,1.0
7687,1.2857142857142858
7688,1.2857142857142858
7689,1.1428571428571428
7690,0.5714285714285714
7691,1.8571428571428572
7692,0.7142857142857143
7693,0.0
7694,2.2857142857142856
7695,2.142857142857143
7696,2.2857142857142856
7697,0.8571428571428571
7698,0.2857142857142857
7699,1.1428571428571428
7700,1.0
7701,0.42857142857142855
7702,1.0
7703,1.1428571428571428
7704,0.2857142857142857
7705,0.42857142857142855
7706,2.0
7707,0.2857142857142857
7708,3.7142857142857144
7709,0.2857142857142857
7710,2.142857142857143
7711,1.1428571428571428
7712,6.0
7713,0.5714285714285714
7714,9.0
7715,2.5714285714285716
7716,2.142857142857143
7717,1.8571428571428572
7718,1.5714285714285714
7719,0.2857142857142857
7720,2.2857142857142856
7721,1.8571428571428572
7722,5.142857142857143
7723,2.142857142857143
7724,0.8571428571428571
7725,2.2857142857142856
7726,0.42857142857142855
7727,2.142857142857143
7728,0.8571428571428571
7729,1.2857142857142858
7730,0.5714285714285714
7731,12.142857142857142
7732,3.2857142857142856
7733,0.0
7734,5.285714285714286
7735,10.857142857142858
7736,2.857142857142857
7737,2.142857142857143
7738,1.7142857142857142
7739,0.5714285714285714
7740,1.0
7741,0.7142857142857143
7742,1.4285714285714286
7743,2.0
7744,1.0
7745,0.0
7746,0.8571428571428571
7747,0.42857142857142855
7748,0.42857142857142855
7749,3.4285714285714284
7750,1.0
7751,0.42857142857142855
7752,1.7142857142857142
7753,2.142857142857143
7754,2.4285714285714284
7755,0.8571428571428571
7756,0.5714285714285714
7757,0.14285714285714285
7758,2.0
7759,0.0
7760,2.4285714285714284
7761,1.5714285714285714
7762,0.8571428571428571
7763,0.2857142857142857
7764,1.0
7765,0.8571428571428571
7766,2.7142857142857144
7767,0.14285714285714285
7768,0.42857142857142855
7769,0.2857142857142857
7770,1.4285714285714286
7771,1.1428571428571428
7772,3.142857142857143
7773,4.857142857142857
7774,6.0
7775,1.5714285714285714
7776,1.0
7777,0.14285714285714285
7778,1.7142857142857142
7779,10.285714285714286
7780,4.142857142857143
7781,3.142857142857143
7782,0.5714285714285714
7783,2.142857142857143
7784,0.7142857142857143
7785,2.7142857142857144
7786,1.2857142857142858
7787,2.142857142857143
7788,1.1428571428571428
7789,23.285714285714285
7790,2.142857142857143
7791,0.0
7792,4.0
7793,4.428571428571429
7794,2.4285714285714284
7795,3.857142857142857
7796,5.285714285714286
7797,1.8571428571428572
7798,0.0
7799,1.0
7800,0.0
7801,0.8571428571428571
7802,2.0
7803,0.0
7804,2.0
7805,0.42857142857142855
7806,3.7142857142857144
7807,3.142857142857143
7808,0.0
7809,0.42857142857142855
7810,6.285714285714286
7811,2.7142857142857144
7812,1.4285714285714286
7813,3.4285714285714284
7814,2.7142857142857144
7815,2.2857142857142856
7816,2.4285714285714284
7817,0.8571428571428571
7818,1.0
7819,0.42857142857142855
7820,0.8571428571428571
7821,0.42857142857142855
7822,1.0
7823,2.142857142857143
7824,4.285714285714286
7825,0.2857142857142857
7826,1.2857142857142858
7827,1.5714285714285714
7828,4.428571428571429
7829,0.0
7830,11.285714285714286
7831,2.2857142857142856
7832,1.2857142857142858
7833,2.4285714285714284
7834,2.142857142857143
7835,0.5714285714285714
7836,1.1428571428571428
7837,3.7142857142857144
7838,3.4285714285714284
7839,1.8571428571428572
7840,1.8571428571428572
7841,3.857142857142857
7842,0.14285714285714285
7843,1.0
7844,1.7142857142857142
7845,0.8571428571428571
7846,0.2857142857142857
7847,19.571428571428573
7848,5.285714285714286
7849,0.0
7850,5.714285714285714
7851,2.7142857142857144
7852,2.857142857142857
7853,2.7142857142857144
7854,2.7142857142857144
7855,0.7142857142857143
7856,1.0
7857,1.4285714285714286
7858,0.8571428571428571
7859,0.8571428571428571
7860,2.2857142857142856
7861,0.5714285714285714
7862,1.4285714285714286
7863,0.2857142857142857
7864,0.8571428571428571
7865,1.0
7866,0.42857142857142855
7867,1.1428571428571428
7868,1.5714285714285714
7869,0.5714285714285714
7870,1.7142857142857142
7871,1.7142857142857142
7872,0.5714285714285714
7873,0.14285714285714285
7874,0.8571428571428571
7875,0.14285714285714285
7876,1.2857142857142858
7877,0.7142857142857143
7878,0.42857142857142855
7879,0.42857142857142855
7880,1.7142857142857142
7881,0.7142857142857143
7882,7.714285714285714
7883,3.7142857142857144
7884,0.7142857142857143
7885,0.8571428571428571
7886,5.142857142857143
7887,0.14285714285714285
7888,13.0
7889,4.714285714285714
7890,2.0
7891,1.2857142857142858
7892,1.1428571428571428
7893,0.5714285714285714
7894,1.0
7895,1.1428571428571428
7896,1.2857142857142858
7897,3.7142857142857144
7898,2.0
7899,0.0
7900,3.142857142857143
7901,0.7142857142857143
7902,1.5714285714285714
7903,1.0
7904,2.142857142857143
7905,19.714285714285715
7906,6.0
7907,0.0
7908,3.0
7909,1.7142857142857142
7910,2.7142857142857144
7911,3.2857142857142856
7912,0.0
7913,0.5714285714285714
7914,4.0
7915,0.8571428571428571
7916,1.2857142857142858
7917,1.0
7918,4.0
7919,1.8571428571428572
7920,1.1428571428571428
7921,0.5714285714285714
7922,1.0
7923,4.285714285714286
7924,1.5714285714285714
7925,1.2857142857142858
7926,1.7142857142857142
7927,2.142857142857143
7928,2.142857142857143
7929,1.5714285714285714
7930,0.0
7931,1.2857142857142858
7932,2.2857142857142856
7933,0.0
7934,1.0
7935,0.0
7936,1.4285714285714286
7937,0.0
7938,1.0
7939,4.0
7940,3.7142857142857144
7941,0.7142857142857143
7942,4.857142857142857
7943,1.1428571428571428
7944,3.142857142857143
7945,1.7142857142857142
7946,4.285714285714286
7947,1.7142857142857142
7948,2.2857142857142856
7949,0.14285714285714285
7950,0.14285714285714285
7951,0.0
7952,0.5714285714285714
7953,0.8571428571428571
7954,1.8571428571428572
7955,1.0
7956,0.8571428571428571
7957,0.2857142857142857
7958,1.0
7959,0.2857142857142857
7960,0.2857142857142857
7961,0.14285714285714285
7962,0.14285714285714285
7963,4.142857142857143
7964,2.2857142857142856
7965,0.0
7966,1.7142857142857142
7967,0.7142857142857143
7968,1.7142857142857142
7969,1.4285714285714286
7970,0.0
7971,0.0
7972,1.4285714285714286
7973,0.7142857142857143
7974,0.2857142857142857
7975,4.0
7976,1.2857142857142858
7977,0.42857142857142855
7978,0.5714285714285714
7979,0.14285714285714285
7980,0.0
7981,1.7142857142857142
7982,0.0
7983,0.14285714285714285
7984,2.4285714285714284
7985,1.7142857142857142
7986,4.0
7987,1.0
7988,0.42857142857142855
7989,1.0
7990,0.2857142857142857
7991,0.0
7992,0.5714285714285714
7993,0.2857142857142857
7994,0.14285714285714285
7995,0.7142857142857143
7996,0.14285714285714285
7997,1.2857142857142858
7998,1.5714285714285714
7999,0.5714285714285714
8000,0.8571428571428571
8001,0.42857142857142855
8002,1.1428571428571428
8003,0.5714285714285714
8004,2.2857142857142856
8005,5.285714285714286
8006,3.857142857142857
8007,0.7142857142857143
8008,2.4285714285714284
8009,1.5714285714285714
8010,0.2857142857142857
8011,8.571428571428571
8012,2.142857142857143
8013,3.2857142857142856
8014,1.1428571428571428
8015,0.7142857142857143
8016,4.428571428571429
8017,0.14285714285714285
8018,1.1428571428571428
8019,0.2857142857142857
8020,3.5714285714285716
8021,23.428571428571427
8022,1.5714285714285714
8023,0.0
8024,5.428571428571429
8025,2.857142857142857
8026,5.285714285714286
8027,0.8571428571428571
8028,0.5714285714285714
8029,1.0
8030,1.0
8031,0.14285714285714285
8032,0.14285714285714285
8033,2.142857142857143
8034,4.857142857142857
8035,0.42857142857142855
8036,0.2857142857142857
8037,0.0
8038,2.5714285714285716
8039,1.8571428571428572
8040,0.14285714285714285
8041,0.42857142857142855
8042,2.5714285714285716
8043,1.8571428571428572
8044,1.8571428571428572
8045,2.142857142857143
8046,1.5714285714285714
8047,0.42857142857142855
8048,0.7142857142857143
8049,0.0
8050,0.2857142857142857
8051,0.5714285714285714
8052,0.2857142857142857
8053,1.2857142857142858
8054,0.14285714285714285
8055,0.14285714285714285
8056,2.857142857142857
8057,3.4285714285714284
8058,0.14285714285714285
8059,0.5714285714285714
8060,7.285714285714286
8061,0.2857142857142857
8062,3.7142857142857144
8063,1.4285714285714286
8064,1.2857142857142858
8065,1.1428571428571428
8066,1.1428571428571428
8067,1.1428571428571428
8068,1.2857142857142858
8069,5.714285714285714
8070,2.0
8071,2.2857142857142856
8072,1.5714285714285714
8073,2.7142857142857144
8074,0.14285714285714285
8075,0.2857142857142857
8076,0.5714285714285714
8077,0.14285714285714285
8078,0.42857142857142855
8079,15.285714285714286
8080,3.2857142857142856
8081,0.0
8082,3.7142857142857144
8083,4.857142857142857
8084,1.5714285714285714
8085,2.0
8086,2.4285714285714284
8087,1.2857142857142858
8088,1.0
8089,0.7142857142857143
8090,0.2857142857142857
8091,1.5714285714285714
8092,2.5714285714285716
8093,1.7142857142857142
8094,0.2857142857142857
8095,0.0
8096,0.7142857142857143
8097,1.5714285714285714
8098,0.5714285714285714
8099,1.8571428571428572
8100,5.285714285714286
8101,1.0
8102,2.857142857142857
8103,1.1428571428571428
8104,0.0
8105,0.7142857142857143
8106,0.8571428571428571
8107,2.7142857142857144
8108,0.5714285714285714
8109,0.2857142857142857
8110,0.7142857142857143
8111,0.0
8112,0.2857142857142857
8113,0.14285714285714285
8114,3.142857142857143
8115,3.142857142857143
8116,0.2857142857142857
8117,0.2857142857142857
8118,0.7142857142857143
8119,1.0
