row_id,demand
0,8.061983471074381
1,2.6198347107438016
2,1.6088154269972452
3,0.8526170798898072
4,0.6680440771349863
5,0.4972451790633609
6,0.581267217630854
7,1.987603305785124
8,1.6198347107438016
9,1.1336088154269972
10,1.8305785123966942
11,0.9090909090909091
12,1.393939393939394
13,0.6776859504132231
14,0.4022038567493113
15,0.39669421487603307
16,0.35537190082644626
17,5.214876033057851
18,2.6515151515151514
19,3.183195592286501
20,2.366391184573003
21,1.037190082644628
22,1.7011019283746556
23,1.743801652892562
24,1.0895316804407713
25,0.7396694214876033
26,0.8567493112947658
27,0.5840220385674931
28,0.6887052341597796
29,0.7341597796143251
30,2.315426997245179
31,1.5179063360881542
32,0.37052341597796146
33,0.32231404958677684
34,0.9352617079889807
35,1.5743801652892562
36,1.0495867768595042
37,0.5151515151515151
38,1.8236914600550964
39,2.6418732782369148
40,1.5206611570247934
41,0.8195592286501377
42,0.9380165289256198
43,0.5303030303030303
44,1.0275482093663912
45,0.6115702479338843
46,0.640495867768595
47,0.7272727272727273
48,0.7892561983471075
49,0.7575757575757576
50,0.009641873278236915
51,0.03581267217630854
52,0.09090909090909091
53,0.03581267217630854
54,0.06060606060606061
55,0.1115702479338843
56,0.20798898071625344
57,0.24242424242424243
58,4.3429752066115705
59,2.0399449035812673
60,0.9090909090909091
61,0.4628099173553719
62,0.045454545454545456
63,0.6157024793388429
64,1.4834710743801653
65,2.005509641873278
66,1.371900826446281
67,1.258953168044077
68,0.8567493112947658
69,1.1666666666666667
70,0.35537190082644626
71,0.5853994490358126
72,0.5826446280991735
73,0.5151515151515151
74,0.11432506887052342
75,5.516528925619835
76,3.369146005509642
77,1.3884297520661157
78,2.0661157024793386
79,1.5991735537190082
80,1.2713498622589532
81,2.212121212121212
82,0.7754820936639119
83,0.6652892561983471
84,0.21487603305785125
85,0.6859504132231405
86,0.6391184573002755
87,3.0826446280991737
88,0.05234159779614325
89,1.2465564738292012
90,1.3732782369146006
91,1.2203856749311295
92,0.2066115702479339
93,0.509641873278237
94,0.2837465564738292
95,0.25206611570247933
96,0.9834710743801653
97,1.443526170798898
98,0.6019283746556474
99,0.5082644628099173
100,0.8512396694214877
101,0.6804407713498623
102,0.5730027548209367
103,0.5771349862258953
104,0.778236914600551
105,0.5785123966942148
106,0.5798898071625345
107,0.162534435261708
108,0.0
109,0.028925619834710745
110,0.1790633608815427
111,0.01790633608815427
112,0.04269972451790634
113,0.1763085399449036
114,0.1184573002754821
115,0.0440771349862259
116,6.46831955922865
117,2.5867768595041323
118,1.9931129476584022
119,2.340220385674931
120,1.3044077134986225
121,0.8085399449035813
122,0.8815426997245179
123,1.7575757575757576
124,1.4903581267217632
125,1.93801652892562
126,1.3099173553719008
127,1.5082644628099173
128,0.4214876033057851
129,1.06198347107438
130,0.6900826446280992
131,0.7837465564738292
132,0.3443526170798898
133,14.825068870523417
134,3.411845730027548
135,3.7741046831955924
136,3.115702479338843
137,5.074380165289257
138,1.9848484848484849
139,0.6735537190082644
140,1.7121212121212122
141,1.5
142,0.6377410468319559
143,1.1074380165289257
144,1.3071625344352618
145,2.298898071625344
146,1.4311294765840221
147,1.5151515151515151
148,1.2754820936639117
149,0.8966942148760331
150,0.987603305785124
151,1.0
152,1.3071625344352618
153,0.418732782369146
154,2.428374655647383
155,2.3085399449035813
156,1.2878787878787878
157,1.325068870523416
158,1.1253443526170799
159,1.3484848484848484
160,1.6942148760330578
161,1.243801652892562
162,1.0688705234159779
163,0.8787878787878788
164,0.699724517906336
165,0.4669421487603306
166,0.045454545454545456
167,0.028925619834710745
168,0.16391184573002754
169,0.04269972451790634
170,0.08677685950413223
171,0.2493112947658402
172,0.25895316804407714
173,0.1721763085399449
174,4.056473829201102
175,4.228650137741047
176,2.771349862258953
177,1.480716253443526
178,0.8608815426997245
179,0.8842975206611571
180,0.8278236914600551
181,0.8526170798898072
182,2.6666666666666665
183,1.6707988980716253
184,0.4793388429752066
185,0.8539944903581267
186,0.22451790633608815
187,0.4696969696969697
188,0.44077134986225897
189,0.4793388429752066
190,0.11019283746556474
191,6.917355371900826
192,2.1818181818181817
193,0.8471074380165289
194,2.590909090909091
195,2.243801652892562
196,1.396694214876033
197,1.8760330578512396
198,1.1336088154269972
199,0.8140495867768595
200,1.0909090909090908
201,0.7878787878787878
202,0.9917355371900827
203,2.265840220385675
204,1.4366391184573002
205,1.2107438016528926
206,0.7548209366391184
207,0.5055096418732782
208,0.7754820936639119
209,1.002754820936639
210,0.9338842975206612
211,0.36363636363636365
212,3.3801652892561984
213,1.9325068870523416
214,2.431129476584022
215,1.037190082644628
216,1.0495867768595042
217,0.5730027548209367
218,2.002754820936639
219,1.7644628099173554
220,1.5096418732782368
221,1.4903581267217632
222,0.8154269972451791
223,0.3953168044077135
224,0.02066115702479339
225,0.03305785123966942
226,0.22176308539944903
227,0.01928374655647383
228,0.049586776859504134
229,0.08539944903581267
230,0.28512396694214875
231,0.18732782369146006
232,5.181818181818182
233,5.606060606060606
234,3.455922865013774
235,1.7479338842975207
236,1.221763085399449
237,1.2079889807162534
238,0.7506887052341598
239,6.315426997245179
240,2.7823691460055096
241,2.43801652892562
242,1.2231404958677685
243,2.2892561983471076
244,0.662534435261708
245,3.2672176308539944
246,0.7121212121212122
247,0.9118457300275482
248,0.7176308539944903
249,14.65977961432507
250,4.254820936639119
251,5.254820936639119
252,3.352617079889807
253,3.674931129476584
254,2.159779614325069
255,2.2644628099173554
256,2.7506887052341598
257,1.4228650137741048
258,0.5991735537190083
259,1.4256198347107438
260,1.534435261707989
261,5.404958677685951
262,2.8292011019283745
263,1.8305785123966942
264,1.265840220385675
265,0.7699724517906336
266,2.5137741046831956
267,1.6019283746556474
268,1.2493112947658402
269,1.4035812672176309
270,7.757575757575758
271,0.1418732782369146
272,3.0454545454545454
273,1.8071625344352618
274,1.8581267217630855
275,1.544077134986226
276,2.5013774104683195
277,2.597796143250689
278,1.6019283746556474
279,0.9889807162534435
280,1.1088154269972452
281,0.8126721763085399
282,0.027548209366391185
283,0.046831955922865015
284,0.3581267217630854
285,0.03305785123966942
286,0.045454545454545456
287,0.21074380165289255
288,0.2988980716253444
289,0.0
290,7.25068870523416
291,2.1294765840220387
292,1.1639118457300275
293,0.9944903581267218
294,1.6694214876033058
295,1.2975206611570247
296,0.6666666666666666
297,3.074380165289256
298,2.3774104683195594
299,2.056473829201102
300,2.046831955922865
301,1.8650137741046833
302,0.6652892561983471
303,0.8526170798898072
304,1.1294765840220387
305,0.7961432506887053
306,0.19834710743801653
307,11.24793388429752
308,6.050964187327824
309,2.3512396694214877
310,5.866391184573002
311,1.6088154269972452
312,2.652892561983471
313,1.4820936639118458
314,1.399449035812672
315,1.6515151515151516
316,0.4476584022038568
317,1.3209366391184574
318,0.7121212121212122
319,1.9724517906336088
320,3.1515151515151514
321,1.2300275482093663
322,1.0977961432506886
323,0.29614325068870523
324,1.0881542699724518
325,0.5881542699724518
326,0.5964187327823691
327,0.6694214876033058
328,2.5964187327823693
329,1.4008264462809918
330,0.8471074380165289
331,1.5234159779614325
332,0.8223140495867769
333,0.35674931129476584
334,0.9972451790633609
335,0.5289256198347108
336,1.2865013774104683
337,0.7052341597796143
338,0.4297520661157025
339,0.5550964187327824
340,0.0674931129476584
341,0.015151515151515152
342,0.33608815426997246
343,0.27823691460055094
344,0.0371900826446281
345,0.06336088154269973
346,0.3168044077134986
347,0.028925619834710745
348,4.418732782369146
349,1.9710743801652892
350,1.0964187327823691
351,0.6322314049586777
352,0.5550964187327824
353,0.44490358126721763
354,0.5165289256198347
355,3.0702479338842976
356,1.674931129476584
357,1.3057851239669422
358,1.5702479338842976
359,0.7011019283746557
360,2.1707988980716255
361,0.27823691460055094
362,0.5275482093663911
363,0.6584022038567493
364,0.5895316804407713
365,5.161157024793388
366,2.8044077134986227
367,3.8016528925619837
368,1.7892561983471074
369,0.8925619834710744
370,1.6666666666666667
371,1.4545454545454546
372,1.0179063360881542
373,0.7355371900826446
374,0.6460055096418733
375,0.22589531680440772
376,0.19972451790633608
377,1.059228650137741
378,2.5798898071625342
379,1.5426997245179064
380,0.46143250688705234
381,0.4366391184573003
382,1.8884297520661157
383,1.3016528925619835
384,0.8898071625344353
385,1.1680440771349863
386,1.8980716253443526
387,2.015151515151515
388,1.9201101928374655
389,1.1473829201101928
390,0.7933884297520661
391,0.4972451790633609
392,1.0661157024793388
393,1.0537190082644627
394,0.37327823691460055
395,0.4986225895316804
396,0.6556473829201102
397,1.1267217630853994
398,0.03168044077134986
399,0.07575757575757576
400,0.14600550964187328
401,0.045454545454545456
402,0.09779614325068871
403,0.06611570247933884
404,0.32644628099173556
405,0.174931129476584
406,2.479338842975207
407,2.6515151515151514
408,1.8636363636363635
409,0.568870523415978
410,0.6776859504132231
411,0.3526170798898072
412,0.46005509641873277
413,1.5082644628099173
414,1.2231404958677685
415,0.918732782369146
416,1.1763085399449036
417,0.7300275482093664
418,0.5826446280991735
419,0.6088154269972452
420,0.34710743801652894
421,0.34710743801652894
422,0.5137741046831956
423,3.674931129476584
424,1.5757575757575757
425,2.231404958677686
426,1.5482093663911847
427,1.462809917355372
428,1.4917355371900827
429,1.5881542699724518
430,0.7231404958677686
431,0.5509641873278237
432,1.044077134986226
433,0.37052341597796146
434,0.35674931129476584
435,2.108815426997245
436,1.2286501377410468
437,1.078512396694215
438,0.33884297520661155
439,0.30165289256198347
440,2.090909090909091
441,0.8264462809917356
442,0.6611570247933884
443,0.24793388429752067
444,2.0454545454545454
445,1.721763085399449
446,2.009641873278237
447,0.8415977961432507
448,0.7754820936639119
449,0.5027548209366391
450,0.8415977961432507
451,0.9931129476584022
452,0.5289256198347108
453,0.5027548209366391
454,0.6157024793388429
455,0.7424242424242424
456,0.006887052341597796
457,0.045454545454545456
458,0.23415977961432508
459,0.026170798898071626
460,0.05371900826446281
461,0.07713498622589532
462,0.1859504132231405
463,0.05096418732782369
464,8.111570247933884
465,2.5303030303030303
466,1.943526170798898
467,0.418732782369146
468,1.4834710743801653
469,1.078512396694215
470,1.0330578512396693
471,2.7493112947658402
472,1.862258953168044
473,2.1460055096418733
474,1.399449035812672
475,0.9421487603305785
476,1.987603305785124
477,0.33608815426997246
478,0.9269972451790633
479,0.38016528925619836
480,1.803030303030303
481,11.265840220385675
482,2.9104683195592287
483,3.8388429752066116
484,4.523415977961433
485,1.6542699724517906
486,4.414600550964187
487,0.8650137741046832
488,1.418732782369146
489,1.2107438016528926
490,0.9380165289256198
491,0.4573002754820937
492,0.16942148760330578
493,2.0991735537190084
494,1.9738292011019283
495,0.6212121212121212
496,0.3236914600550964
497,0.2190082644628099
498,1.502754820936639
499,0.59366391184573
500,1.0867768595041323
501,0.10743801652892562
502,6.026170798898072
503,1.9793388429752066
504,1.174931129476584
505,1.7286501377410468
506,0.9338842975206612
507,0.28236914600550966
508,0.8016528925619835
509,0.5358126721763086
510,0.5743801652892562
511,0.41735537190082644
512,0.6074380165289256
513,1.1942148760330578
514,0.013774104683195593
515,0.011019283746556474
516,0.2369146005509642
517,0.18181818181818182
518,0.02203856749311295
519,0.07988980716253444
520,0.29476584022038566
521,0.024793388429752067
522,3.1763085399449036
523,1.709366391184573
524,1.1611570247933884
525,0.6212121212121212
526,0.7672176308539945
527,0.8526170798898072
528,0.6528925619834711
529,1.9090909090909092
530,1.06198347107438
531,1.384297520661157
532,1.4449035812672177
533,0.7961432506887053
534,0.5371900826446281
535,0.2988980716253444
536,0.27823691460055094
537,0.29476584022038566
538,0.5013774104683195
539,5.738292011019284
540,2.9724517906336088
541,3.9338842975206614
542,2.7176308539944904
543,1.5895316804407713
544,1.6556473829201102
545,1.4986225895316805
546,1.3539944903581267
547,0.8236914600550964
548,1.1225895316804408
549,0.5757575757575758
550,0.24104683195592286
551,1.7768595041322315
552,2.1556473829201104
553,1.4269972451790633
554,0.2465564738292011
555,0.47107438016528924
556,1.3236914600550964
557,0.7300275482093664
558,0.5881542699724518
559,0.8264462809917356
560,4.256198347107438
561,1.3691460055096418
562,1.177685950413223
563,1.3732782369146006
564,0.48484848484848486
565,0.32920110192837465
566,0.5192837465564738
567,0.9600550964187328
568,0.4214876033057851
569,0.3278236914600551
570,0.6198347107438017
571,0.46143250688705234
572,0.006887052341597796
573,0.004132231404958678
574,0.16942148760330578
575,0.19834710743801653
576,0.04269972451790634
577,0.05371900826446281
578,0.15151515151515152
579,0.12947658402203857
580,8.061983471074381
581,2.6198347107438016
582,1.6088154269972452
583,0.8526170798898072
584,0.6680440771349863
585,0.4972451790633609
586,0.581267217630854
587,1.987603305785124
588,1.6198347107438016
589,1.1336088154269972
590,1.8305785123966942
591,0.9090909090909091
592,1.393939393939394
593,0.6776859504132231
594,0.4022038567493113
595,0.39669421487603307
596,0.35537190082644626
597,5.214876033057851
598,2.6515151515151514
599,3.183195592286501
600,2.366391184573003
601,1.037190082644628
602,1.7011019283746556
603,1.743801652892562
604,1.0895316804407713
605,0.7396694214876033
606,0.8567493112947658
607,0.5840220385674931
608,0.6887052341597796
609,0.7341597796143251
610,2.315426997245179
611,1.5179063360881542
612,0.37052341597796146
613,0.32231404958677684
614,0.9352617079889807
615,1.5743801652892562
616,1.0495867768595042
617,0.5151515151515151
618,1.8236914600550964
619,2.6418732782369148
620,1.5206611570247934
621,0.8195592286501377
622,0.9380165289256198
623,0.5303030303030303
624,1.0275482093663912
625,0.6115702479338843
626,0.640495867768595
627,0.7272727272727273
628,0.7892561983471075
629,0.7575757575757576
630,0.009641873278236915
631,0.03581267217630854
632,0.09090909090909091
633,0.03581267217630854
634,0.06060606060606061
635,0.1115702479338843
636,0.20798898071625344
637,0.24242424242424243
638,4.3429752066115705
639,2.0399449035812673
640,0.9090909090909091
641,0.4628099173553719
642,0.045454545454545456
643,0.6157024793388429
644,1.4834710743801653
645,2.005509641873278
646,1.371900826446281
647,1.258953168044077
648,0.8567493112947658
649,1.1666666666666667
650,0.35537190082644626
651,0.5853994490358126
652,0.5826446280991735
653,0.5151515151515151
654,0.11432506887052342
655,5.516528925619835
656,3.369146005509642
657,1.3884297520661157
658,2.0661157024793386
659,1.5991735537190082
660,1.2713498622589532
661,2.212121212121212
662,0.7754820936639119
663,0.6652892561983471
664,0.21487603305785125
665,0.6859504132231405
666,0.6391184573002755
667,3.0826446280991737
668,0.05234159779614325
669,1.2465564738292012
670,1.3732782369146006
671,1.2203856749311295
672,0.2066115702479339
673,0.509641873278237
674,0.2837465564738292
675,0.25206611570247933
676,0.9834710743801653
677,1.443526170798898
678,0.6019283746556474
679,0.5082644628099173
680,0.8512396694214877
681,0.6804407713498623
682,0.5730027548209367
683,0.5771349862258953
684,0.778236914600551
685,0.5785123966942148
686,0.5798898071625345
687,0.162534435261708
688,0.0
689,0.028925619834710745
690,0.1790633608815427
691,0.01790633608815427
692,0.04269972451790634
693,0.1763085399449036
694,0.1184573002754821
695,0.0440771349862259
696,6.46831955922865
697,2.5867768595041323
698,1.9931129476584022
699,2.340220385674931
700,1.3044077134986225
701,0.8085399449035813
702,0.8815426997245179
703,1.7575757575757576
704,1.4903581267217632
705,1.93801652892562
706,1.3099173553719008
707,1.5082644628099173
708,0.4214876033057851
709,1.06198347107438
710,0.6900826446280992
711,0.7837465564738292
712,0.3443526170798898
713,14.825068870523417
714,3.411845730027548
715,3.7741046831955924
716,3.115702479338843
717,5.074380165289257
718,1.9848484848484849
719,0.6735537190082644
720,1.7121212121212122
721,1.5
722,0.6377410468319559
723,1.1074380165289257
724,1.3071625344352618
725,2.298898071625344
726,1.4311294765840221
727,1.5151515151515151
728,1.2754820936639117
729,0.8966942148760331
730,0.987603305785124
731,1.0
732,1.3071625344352618
733,0.418732782369146
734,2.428374655647383
735,2.3085399449035813
736,1.2878787878787878
737,1.325068870523416
738,1.1253443526170799
739,1.3484848484848484
740,1.6942148760330578
741,1.243801652892562
742,1.0688705234159779
743,0.8787878787878788
744,0.699724517906336
745,0.4669421487603306
746,0.045454545454545456
747,0.028925619834710745
748,0.16391184573002754
749,0.04269972451790634
750,0.08677685950413223
751,0.2493112947658402
752,0.25895316804407714
753,0.1721763085399449
754,4.056473829201102
755,4.228650137741047
756,2.771349862258953
757,1.480716253443526
758,0.8608815426997245
759,0.8842975206611571
760,0.8278236914600551
761,0.8526170798898072
762,2.6666666666666665
763,1.6707988980716253
764,0.4793388429752066
765,0.8539944903581267
766,0.22451790633608815
767,0.4696969696969697
768,0.44077134986225897
769,0.4793388429752066
770,0.11019283746556474
771,6.917355371900826
772,2.1818181818181817
773,0.8471074380165289
774,2.590909090909091
775,2.243801652892562
776,1.396694214876033
777,1.8760330578512396
778,1.1336088154269972
779,0.8140495867768595
780,1.0909090909090908
781,0.7878787878787878
782,0.9917355371900827
783,2.265840220385675
784,1.4366391184573002
785,1.2107438016528926
786,0.7548209366391184
787,0.5055096418732782
788,0.7754820936639119
789,1.002754820936639
790,0.9338842975206612
791,0.36363636363636365
792,3.3801652892561984
793,1.9325068870523416
794,2.431129476584022
795,1.037190082644628
796,1.0495867768595042
797,0.5730027548209367
798,2.002754820936639
799,1.7644628099173554
800,1.5096418732782368
801,1.4903581267217632
802,0.8154269972451791
803,0.3953168044077135
804,0.02066115702479339
805,0.03305785123966942
806,0.22176308539944903
807,0.01928374655647383
808,0.049586776859504134
809,0.08539944903581267
810,0.28512396694214875
811,0.18732782369146006
812,5.181818181818182
813,5.606060606060606
814,3.455922865013774
815,1.7479338842975207
816,1.221763085399449
817,1.2079889807162534
818,0.7506887052341598
819,6.315426997245179
820,2.7823691460055096
821,2.43801652892562
822,1.2231404958677685
823,2.2892561983471076
824,0.662534435261708
825,3.2672176308539944
826,0.7121212121212122
827,0.9118457300275482
828,0.7176308539944903
829,14.65977961432507
830,4.254820936639119
831,5.254820936639119
832,3.352617079889807
833,3.674931129476584
834,2.159779614325069
835,2.2644628099173554
836,2.7506887052341598
837,1.4228650137741048
838,0.5991735537190083
839,1.4256198347107438
840,1.534435261707989
841,5.404958677685951
842,2.8292011019283745
843,1.8305785123966942
844,1.265840220385675
845,0.7699724517906336
846,2.5137741046831956
847,1.6019283746556474
848,1.2493112947658402
849,1.4035812672176309
850,7.757575757575758
851,0.1418732782369146
852,3.0454545454545454
853,1.8071625344352618
854,1.8581267217630855
855,1.544077134986226
856,2.5013774104683195
857,2.597796143250689
858,1.6019283746556474
859,0.9889807162534435
860,1.1088154269972452
861,0.8126721763085399
862,0.027548209366391185
863,0.046831955922865015
864,0.3581267217630854
865,0.03305785123966942
866,0.045454545454545456
867,0.21074380165289255
868,0.2988980716253444
869,0.0
870,7.25068870523416
871,2.1294765840220387
872,1.1639118457300275
873,0.9944903581267218
874,1.6694214876033058
875,1.2975206611570247
876,0.6666666666666666
877,3.074380165289256
878,2.3774104683195594
879,2.056473829201102
880,2.046831955922865
881,1.8650137741046833
882,0.6652892561983471
883,0.8526170798898072
884,1.1294765840220387
885,0.7961432506887053
886,0.19834710743801653
887,11.24793388429752
888,6.050964187327824
889,2.3512396694214877
890,5.866391184573002
891,1.6088154269972452
892,2.652892561983471
893,1.4820936639118458
894,1.399449035812672
895,1.6515151515151516
896,0.4476584022038568
897,1.3209366391184574
898,0.7121212121212122
899,1.9724517906336088
900,3.1515151515151514
901,1.2300275482093663
902,1.0977961432506886
903,0.29614325068870523
904,1.0881542699724518
905,0.5881542699724518
906,0.5964187327823691
907,0.6694214876033058
908,2.5964187327823693
909,1.4008264462809918
910,0.8471074380165289
911,1.5234159779614325
912,0.8223140495867769
913,0.35674931129476584
914,0.9972451790633609
915,0.5289256198347108
916,1.2865013774104683
917,0.7052341597796143
918,0.4297520661157025
919,0.5550964187327824
920,0.0674931129476584
921,0.015151515151515152
922,0.33608815426997246
923,0.27823691460055094
924,0.0371900826446281
925,0.06336088154269973
926,0.3168044077134986
927,0.028925619834710745
928,4.418732782369146
929,1.9710743801652892
930,1.0964187327823691
931,0.6322314049586777
932,0.5550964187327824
933,0.44490358126721763
934,0.5165289256198347
935,3.0702479338842976
936,1.674931129476584
937,1.3057851239669422
938,1.5702479338842976
939,0.7011019283746557
940,2.1707988980716255
941,0.27823691460055094
942,0.5275482093663911
943,0.6584022038567493
944,0.5895316804407713
945,5.161157024793388
946,2.8044077134986227
947,3.8016528925619837
948,1.7892561983471074
949,0.8925619834710744
950,1.6666666666666667
951,1.4545454545454546
952,1.0179063360881542
953,0.7355371900826446
954,0.6460055096418733
955,0.22589531680440772
956,0.19972451790633608
957,1.059228650137741
958,2.5798898071625342
959,1.5426997245179064
960,0.46143250688705234
961,0.4366391184573003
962,1.8884297520661157
963,1.3016528925619835
964,0.8898071625344353
965,1.1680440771349863
966,1.8980716253443526
967,2.015151515151515
968,1.9201101928374655
969,1.1473829201101928
970,0.7933884297520661
971,0.4972451790633609
972,1.0661157024793388
973,1.0537190082644627
974,0.37327823691460055
975,0.4986225895316804
976,0.6556473829201102
977,1.1267217630853994
978,0.03168044077134986
979,0.07575757575757576
980,0.14600550964187328
981,0.045454545454545456
982,0.09779614325068871
983,0.06611570247933884
984,0.32644628099173556
985,0.174931129476584
986,2.479338842975207
987,2.6515151515151514
988,1.8636363636363635
989,0.568870523415978
990,0.6776859504132231
991,0.3526170798898072
992,0.46005509641873277
993,1.5082644628099173
994,1.2231404958677685
995,0.918732782369146
996,1.1763085399449036
997,0.7300275482093664
998,0.5826446280991735
999,0.6088154269972452
1000,0.34710743801652894
1001,0.34710743801652894
1002,0.5137741046831956
1003,3.674931129476584
1004,1.5757575757575757
1005,2.231404958677686
1006,1.5482093663911847
1007,1.462809917355372
1008,1.4917355371900827
1009,1.5881542699724518
1010,0.7231404958677686
1011,0.5509641873278237
1012,1.044077134986226
1013,0.37052341597796146
1014,0.35674931129476584
1015,2.108815426997245
1016,1.2286501377410468
1017,1.078512396694215
1018,0.33884297520661155
1019,0.30165289256198347
1020,2.090909090909091
1021,0.8264462809917356
1022,0.6611570247933884
1023,0.24793388429752067
1024,2.0454545454545454
1025,1.721763085399449
1026,2.009641873278237
1027,0.8415977961432507
1028,0.7754820936639119
1029,0.5027548209366391
1030,0.8415977961432507
1031,0.9931129476584022
1032,0.5289256198347108
1033,0.5027548209366391
1034,0.6157024793388429
1035,0.7424242424242424
1036,0.006887052341597796
1037,0.045454545454545456
1038,0.23415977961432508
1039,0.026170798898071626
1040,0.05371900826446281
1041,0.07713498622589532
1042,0.1859504132231405
1043,0.05096418732782369
1044,8.111570247933884
1045,2.5303030303030303
1046,1.943526170798898
1047,0.418732782369146
1048,1.4834710743801653
1049,1.078512396694215
1050,1.0330578512396693
1051,2.7493112947658402
1052,1.862258953168044
1053,2.1460055096418733
1054,1.399449035812672
1055,0.9421487603305785
1056,1.987603305785124
1057,0.33608815426997246
1058,0.9269972451790633
1059,0.38016528925619836
1060,1.803030303030303
1061,11.265840220385675
1062,2.9104683195592287
1063,3.8388429752066116
1064,4.523415977961433
1065,1.6542699724517906
1066,4.414600550964187
1067,0.8650137741046832
1068,1.418732782369146
1069,1.2107438016528926
1070,0.9380165289256198
1071,0.4573002754820937
1072,0.16942148760330578
1073,2.0991735537190084
1074,1.9738292011019283
1075,0.6212121212121212
1076,0.3236914600550964
1077,0.2190082644628099
1078,1.502754820936639
1079,0.59366391184573
1080,1.0867768595041323
1081,0.10743801652892562
1082,6.026170798898072
1083,1.9793388429752066
1084,1.174931129476584
1085,1.7286501377410468
1086,0.9338842975206612
1087,0.28236914600550966
1088,0.8016528925619835
1089,0.5358126721763086
1090,0.5743801652892562
1091,0.41735537190082644
1092,0.6074380165289256
1093,1.1942148760330578
1094,0.013774104683195593
1095,0.011019283746556474
1096,0.2369146005509642
1097,0.18181818181818182
1098,0.02203856749311295
1099,0.07988980716253444
1100,0.29476584022038566
1101,0.024793388429752067
1102,3.1763085399449036
1103,1.709366391184573
1104,1.1611570247933884
1105,0.6212121212121212
1106,0.7672176308539945
1107,0.8526170798898072
1108,0.6528925619834711
1109,1.9090909090909092
1110,1.06198347107438
1111,1.384297520661157
1112,1.4449035812672177
1113,0.7961432506887053
1114,0.5371900826446281
1115,0.2988980716253444
1116,0.27823691460055094
1117,0.29476584022038566
1118,0.5013774104683195
1119,5.738292011019284
1120,2.9724517906336088
1121,3.9338842975206614
1122,2.7176308539944904
1123,1.5895316804407713
1124,1.6556473829201102
1125,1.4986225895316805
1126,1.3539944903581267
1127,0.8236914600550964
1128,1.1225895316804408
1129,0.5757575757575758
1130,0.24104683195592286
1131,1.7768595041322315
1132,2.1556473829201104
1133,1.4269972451790633
1134,0.2465564738292011
1135,0.47107438016528924
1136,1.3236914600550964
1137,0.7300275482093664
1138,0.5881542699724518
1139,0.8264462809917356
1140,4.256198347107438
1141,1.3691460055096418
1142,1.177685950413223
1143,1.3732782369146006
1144,0.48484848484848486
1145,0.32920110192837465
1146,0.5192837465564738
1147,0.9600550964187328
1148,0.4214876033057851
1149,0.3278236914600551
1150,0.6198347107438017
1151,0.46143250688705234
1152,0.006887052341597796
1153,0.004132231404958678
1154,0.16942148760330578
1155,0.19834710743801653
1156,0.04269972451790634
1157,0.05371900826446281
1158,0.15151515151515152
1159,0.12947658402203857
1160,8.061983471074381
1161,2.6198347107438016
1162,1.6088154269972452
1163,0.8526170798898072
1164,0.6680440771349863
1165,0.4972451790633609
1166,0.581267217630854
1167,1.987603305785124
1168,1.6198347107438016
1169,1.1336088154269972
1170,1.8305785123966942
1171,0.9090909090909091
1172,1.393939393939394
1173,0.6776859504132231
1174,0.4022038567493113
1175,0.39669421487603307
1176,0.35537190082644626
1177,5.214876033057851
1178,2.6515151515151514
1179,3.183195592286501
1180,2.366391184573003
1181,1.037190082644628
1182,1.7011019283746556
1183,1.743801652892562
1184,1.0895316804407713
1185,0.7396694214876033
1186,0.8567493112947658
1187,0.5840220385674931
1188,0.6887052341597796
1189,0.7341597796143251
1190,2.315426997245179
1191,1.5179063360881542
1192,0.37052341597796146
1193,0.32231404958677684
1194,0.9352617079889807
1195,1.5743801652892562
1196,1.0495867768595042
1197,0.5151515151515151
1198,1.8236914600550964
1199,2.6418732782369148
1200,1.5206611570247934
1201,0.8195592286501377
1202,0.9380165289256198
1203,0.5303030303030303
1204,1.0275482093663912
1205,0.6115702479338843
1206,0.640495867768595
1207,0.7272727272727273
1208,0.7892561983471075
1209,0.7575757575757576
1210,0.009641873278236915
1211,0.03581267217630854
1212,0.09090909090909091
1213,0.03581267217630854
1214,0.06060606060606061
1215,0.1115702479338843
1216,0.20798898071625344
1217,0.24242424242424243
1218,4.3429752066115705
1219,2.0399449035812673
1220,0.9090909090909091
1221,0.4628099173553719
1222,0.045454545454545456
1223,0.6157024793388429
1224,1.4834710743801653
1225,2.005509641873278
1226,1.371900826446281
1227,1.258953168044077
1228,0.8567493112947658
1229,1.1666666666666667
1230,0.35537190082644626
1231,0.5853994490358126
1232,0.5826446280991735
1233,0.5151515151515151
1234,0.11432506887052342
1235,5.516528925619835
1236,3.369146005509642
1237,1.3884297520661157
1238,2.0661157024793386
1239,1.5991735537190082
1240,1.2713498622589532
1241,2.212121212121212
1242,0.7754820936639119
1243,0.6652892561983471
1244,0.21487603305785125
1245,0.6859504132231405
1246,0.6391184573002755
1247,3.0826446280991737
1248,0.05234159779614325
1249,1.2465564738292012
1250,1.3732782369146006
1251,1.2203856749311295
1252,0.2066115702479339
1253,0.509641873278237
1254,0.2837465564738292
1255,0.25206611570247933
1256,0.9834710743801653
1257,1.443526170798898
1258,0.6019283746556474
1259,0.5082644628099173
1260,0.8512396694214877
1261,0.6804407713498623
1262,0.5730027548209367
1263,0.5771349862258953
1264,0.778236914600551
1265,0.5785123966942148
1266,0.5798898071625345
1267,0.162534435261708
1268,0.0
1269,0.028925619834710745
1270,0.1790633608815427
1271,0.01790633608815427
1272,0.04269972451790634
1273,0.1763085399449036
1274,0.1184573002754821
1275,0.0440771349862259
1276,6.46831955922865
1277,2.5867768595041323
1278,1.9931129476584022
1279,2.340220385674931
1280,1.3044077134986225
1281,0.8085399449035813
1282,0.8815426997245179
1283,1.7575757575757576
1284,1.4903581267217632
1285,1.93801652892562
1286,1.3099173553719008
1287,1.5082644628099173
1288,0.4214876033057851
1289,1.06198347107438
1290,0.6900826446280992
1291,0.7837465564738292
1292,0.3443526170798898
1293,14.825068870523417
1294,3.411845730027548
1295,3.7741046831955924
1296,3.115702479338843
1297,5.074380165289257
1298,1.9848484848484849
1299,0.6735537190082644
1300,1.7121212121212122
1301,1.5
1302,0.6377410468319559
1303,1.1074380165289257
1304,1.3071625344352618
1305,2.298898071625344
1306,1.4311294765840221
1307,1.5151515151515151
1308,1.2754820936639117
1309,0.8966942148760331
1310,0.987603305785124
1311,1.0
1312,1.3071625344352618
1313,0.418732782369146
1314,2.428374655647383
1315,2.3085399449035813
1316,1.2878787878787878
1317,1.325068870523416
1318,1.1253443526170799
1319,1.3484848484848484
1320,1.6942148760330578
1321,1.243801652892562
1322,1.0688705234159779
1323,0.8787878787878788
1324,0.699724517906336
1325,0.4669421487603306
1326,0.045454545454545456
1327,0.028925619834710745
1328,0.16391184573002754
1329,0.04269972451790634
1330,0.08677685950413223
1331,0.2493112947658402
1332,0.25895316804407714
1333,0.1721763085399449
1334,4.056473829201102
1335,4.228650137741047
1336,2.771349862258953
1337,1.480716253443526
1338,0.8608815426997245
1339,0.8842975206611571
1340,0.8278236914600551
1341,0.8526170798898072
1342,2.6666666666666665
1343,1.6707988980716253
1344,0.4793388429752066
1345,0.8539944903581267
1346,0.22451790633608815
1347,0.4696969696969697
1348,0.44077134986225897
1349,0.4793388429752066
1350,0.11019283746556474
1351,6.917355371900826
1352,2.1818181818181817
1353,0.8471074380165289
1354,2.590909090909091
1355,2.243801652892562
1356,1.396694214876033
1357,1.8760330578512396
1358,1.1336088154269972
1359,0.8140495867768595
1360,1.0909090909090908
1361,0.7878787878787878
1362,0.9917355371900827
1363,2.265840220385675
1364,1.4366391184573002
1365,1.2107438016528926
1366,0.7548209366391184
1367,0.5055096418732782
1368,0.7754820936639119
1369,1.002754820936639
1370,0.9338842975206612
1371,0.36363636363636365
1372,3.3801652892561984
1373,1.9325068870523416
1374,2.431129476584022
1375,1.037190082644628
1376,1.0495867768595042
1377,0.5730027548209367
1378,2.002754820936639
1379,1.7644628099173554
1380,1.5096418732782368
1381,1.4903581267217632
1382,0.8154269972451791
1383,0.3953168044077135
1384,0.02066115702479339
1385,0.03305785123966942
1386,0.22176308539944903
1387,0.01928374655647383
1388,0.049586776859504134
1389,0.08539944903581267
1390,0.28512396694214875
1391,0.18732782369146006
1392,5.181818181818182
1393,5.606060606060606
1394,3.455922865013774
1395,1.7479338842975207
1396,1.221763085399449
1397,1.2079889807162534
1398,0.7506887052341598
1399,6.315426997245179
1400,2.7823691460055096
1401,2.43801652892562
1402,1.2231404958677685
1403,2.2892561983471076
1404,0.662534435261708
1405,3.2672176308539944
1406,0.7121212121212122
1407,0.9118457300275482
1408,0.7176308539944903
1409,14.65977961432507
1410,4.254820936639119
1411,5.254820936639119
1412,3.352617079889807
1413,3.674931129476584
1414,2.159779614325069
1415,2.2644628099173554
1416,2.7506887052341598
1417,1.4228650137741048
1418,0.5991735537190083
1419,1.4256198347107438
1420,1.534435261707989
1421,5.404958677685951
1422,2.8292011019283745
1423,1.8305785123966942
1424,1.265840220385675
1425,0.7699724517906336
1426,2.5137741046831956
1427,1.6019283746556474
1428,1.2493112947658402
1429,1.4035812672176309
1430,7.757575757575758
1431,0.1418732782369146
1432,3.0454545454545454
1433,1.8071625344352618
1434,1.8581267217630855
1435,1.544077134986226
1436,2.5013774104683195
1437,2.597796143250689
1438,1.6019283746556474
1439,0.9889807162534435
1440,1.1088154269972452
1441,0.8126721763085399
1442,0.027548209366391185
1443,0.046831955922865015
1444,0.3581267217630854
1445,0.03305785123966942
1446,0.045454545454545456
1447,0.21074380165289255
1448,0.2988980716253444
1449,0.0
1450,7.25068870523416
1451,2.1294765840220387
1452,1.1639118457300275
1453,0.9944903581267218
1454,1.6694214876033058
1455,1.2975206611570247
1456,0.6666666666666666
1457,3.074380165289256
1458,2.3774104683195594
1459,2.056473829201102
1460,2.046831955922865
1461,1.8650137741046833
1462,0.6652892561983471
1463,0.8526170798898072
1464,1.1294765840220387
1465,0.7961432506887053
1466,0.19834710743801653
1467,11.24793388429752
1468,6.050964187327824
1469,2.3512396694214877
1470,5.866391184573002
1471,1.6088154269972452
1472,2.652892561983471
1473,1.4820936639118458
1474,1.399449035812672
1475,1.6515151515151516
1476,0.4476584022038568
1477,1.3209366391184574
1478,0.7121212121212122
1479,1.9724517906336088
1480,3.1515151515151514
1481,1.2300275482093663
1482,1.0977961432506886
1483,0.29614325068870523
1484,1.0881542699724518
1485,0.5881542699724518
1486,0.5964187327823691
1487,0.6694214876033058
1488,2.5964187327823693
1489,1.4008264462809918
1490,0.8471074380165289
1491,1.5234159779614325
1492,0.8223140495867769
1493,0.35674931129476584
1494,0.9972451790633609
1495,0.5289256198347108
1496,1.2865013774104683
1497,0.7052341597796143
1498,0.4297520661157025
1499,0.5550964187327824
1500,0.0674931129476584
1501,0.015151515151515152
1502,0.33608815426997246
1503,0.27823691460055094
1504,0.0371900826446281
1505,0.06336088154269973
1506,0.3168044077134986
1507,0.028925619834710745
1508,4.418732782369146
1509,1.9710743801652892
1510,1.0964187327823691
1511,0.6322314049586777
1512,0.5550964187327824
1513,0.44490358126721763
1514,0.5165289256198347
1515,3.0702479338842976
1516,1.674931129476584
1517,1.3057851239669422
1518,1.5702479338842976
1519,0.7011019283746557
1520,2.1707988980716255
1521,0.27823691460055094
1522,0.5275482093663911
1523,0.6584022038567493
1524,0.5895316804407713
1525,5.161157024793388
1526,2.8044077134986227
1527,3.8016528925619837
1528,1.7892561983471074
1529,0.8925619834710744
1530,1.6666666666666667
1531,1.4545454545454546
1532,1.0179063360881542
1533,0.7355371900826446
1534,0.6460055096418733
1535,0.22589531680440772
1536,0.19972451790633608
1537,1.059228650137741
1538,2.5798898071625342
1539,1.5426997245179064
1540,0.46143250688705234
1541,0.4366391184573003
1542,1.8884297520661157
1543,1.3016528925619835
1544,0.8898071625344353
1545,1.1680440771349863
1546,1.8980716253443526
1547,2.015151515151515
1548,1.9201101928374655
1549,1.1473829201101928
1550,0.7933884297520661
1551,0.4972451790633609
1552,1.0661157024793388
1553,1.0537190082644627
1554,0.37327823691460055
1555,0.4986225895316804
1556,0.6556473829201102
1557,1.1267217630853994
1558,0.03168044077134986
1559,0.07575757575757576
1560,0.14600550964187328
1561,0.045454545454545456
1562,0.09779614325068871
1563,0.06611570247933884
1564,0.32644628099173556
1565,0.174931129476584
1566,2.479338842975207
1567,2.6515151515151514
1568,1.8636363636363635
1569,0.568870523415978
1570,0.6776859504132231
1571,0.3526170798898072
1572,0.46005509641873277
1573,1.5082644628099173
1574,1.2231404958677685
1575,0.918732782369146
1576,1.1763085399449036
1577,0.7300275482093664
1578,0.5826446280991735
1579,0.6088154269972452
1580,0.34710743801652894
1581,0.34710743801652894
1582,0.5137741046831956
1583,3.674931129476584
1584,1.5757575757575757
1585,2.231404958677686
1586,1.5482093663911847
1587,1.462809917355372
1588,1.4917355371900827
1589,1.5881542699724518
1590,0.7231404958677686
1591,0.5509641873278237
1592,1.044077134986226
1593,0.37052341597796146
1594,0.35674931129476584
1595,2.108815426997245
1596,1.2286501377410468
1597,1.078512396694215
1598,0.33884297520661155
1599,0.30165289256198347
1600,2.090909090909091
1601,0.8264462809917356
1602,0.6611570247933884
1603,0.24793388429752067
1604,2.0454545454545454
1605,1.721763085399449
1606,2.009641873278237
1607,0.8415977961432507
1608,0.7754820936639119
1609,0.5027548209366391
1610,0.8415977961432507
1611,0.9931129476584022
1612,0.5289256198347108
1613,0.5027548209366391
1614,0.6157024793388429
1615,0.7424242424242424
1616,0.006887052341597796
1617,0.045454545454545456
1618,0.23415977961432508
1619,0.026170798898071626
1620,0.05371900826446281
1621,0.07713498622589532
1622,0.1859504132231405
1623,0.05096418732782369
1624,8.111570247933884
1625,2.5303030303030303
1626,1.943526170798898
1627,0.418732782369146
1628,1.4834710743801653
1629,1.078512396694215
1630,1.0330578512396693
1631,2.7493112947658402
1632,1.862258953168044
1633,2.1460055096418733
1634,1.399449035812672
1635,0.9421487603305785
1636,1.987603305785124
1637,0.33608815426997246
1638,0.9269972451790633
1639,0.38016528925619836
1640,1.803030303030303
1641,11.265840220385675
1642,2.9104683195592287
1643,3.8388429752066116
1644,4.523415977961433
1645,1.6542699724517906
1646,4.414600550964187
1647,0.8650137741046832
1648,1.418732782369146
1649,1.2107438016528926
1650,0.9380165289256198
1651,0.4573002754820937
1652,0.16942148760330578
1653,2.0991735537190084
1654,1.9738292011019283
1655,0.6212121212121212
1656,0.3236914600550964
1657,0.2190082644628099
1658,1.502754820936639
1659,0.59366391184573
1660,1.0867768595041323
1661,0.10743801652892562
1662,6.026170798898072
1663,1.9793388429752066
1664,1.174931129476584
1665,1.7286501377410468
1666,0.9338842975206612
1667,0.28236914600550966
1668,0.8016528925619835
1669,0.5358126721763086
1670,0.5743801652892562
1671,0.41735537190082644
1672,0.6074380165289256
1673,1.1942148760330578
1674,0.013774104683195593
1675,0.011019283746556474
1676,0.2369146005509642
1677,0.18181818181818182
1678,0.02203856749311295
1679,0.07988980716253444
1680,0.29476584022038566
1681,0.024793388429752067
1682,3.1763085399449036
1683,1.709366391184573
1684,1.1611570247933884
1685,0.6212121212121212
1686,0.7672176308539945
1687,0.8526170798898072
1688,0.6528925619834711
1689,1.9090909090909092
1690,1.06198347107438
1691,1.384297520661157
1692,1.4449035812672177
1693,0.7961432506887053
1694,0.5371900826446281
1695,0.2988980716253444
1696,0.27823691460055094
1697,0.29476584022038566
1698,0.5013774104683195
1699,5.738292011019284
1700,2.9724517906336088
1701,3.9338842975206614
1702,2.7176308539944904
1703,1.5895316804407713
1704,1.6556473829201102
1705,1.4986225895316805
1706,1.3539944903581267
1707,0.8236914600550964
1708,1.1225895316804408
1709,0.5757575757575758
1710,0.24104683195592286
1711,1.7768595041322315
1712,2.1556473829201104
1713,1.4269972451790633
1714,0.2465564738292011
1715,0.47107438016528924
1716,1.3236914600550964
1717,0.7300275482093664
1718,0.5881542699724518
1719,0.8264462809917356
1720,4.256198347107438
1721,1.3691460055096418
1722,1.177685950413223
1723,1.3732782369146006
1724,0.48484848484848486
1725,0.32920110192837465
1726,0.5192837465564738
1727,0.9600550964187328
1728,0.4214876033057851
1729,0.3278236914600551
1730,0.6198347107438017
1731,0.46143250688705234
1732,0.006887052341597796
1733,0.004132231404958678
1734,0.16942148760330578
1735,0.19834710743801653
1736,0.04269972451790634
1737,0.05371900826446281
1738,0.15151515151515152
1739,0.12947658402203857
1740,8.061983471074381
1741,2.6198347107438016
1742,1.6088154269972452
1743,0.8526170798898072
1744,0.6680440771349863
1745,0.4972451790633609
1746,0.581267217630854
1747,1.987603305785124
1748,1.6198347107438016
1749,1.1336088154269972
1750,1.8305785123966942
1751,0.9090909090909091
1752,1.393939393939394
1753,0.6776859504132231
1754,0.4022038567493113
1755,0.39669421487603307
1756,0.35537190082644626
1757,5.214876033057851
1758,2.6515151515151514
1759,3.183195592286501
1760,2.366391184573003
1761,1.037190082644628
1762,1.7011019283746556
1763,1.743801652892562
1764,1.0895316804407713
1765,0.7396694214876033
1766,0.8567493112947658
1767,0.5840220385674931
1768,0.6887052341597796
1769,0.7341597796143251
1770,2.315426997245179
1771,1.5179063360881542
1772,0.37052341597796146
1773,0.32231404958677684
1774,0.9352617079889807
1775,1.5743801652892562
1776,1.0495867768595042
1777,0.5151515151515151
1778,1.8236914600550964
1779,2.6418732782369148
1780,1.5206611570247934
1781,0.8195592286501377
1782,0.9380165289256198
1783,0.5303030303030303
1784,1.0275482093663912
1785,0.6115702479338843
1786,0.640495867768595
1787,0.7272727272727273
1788,0.7892561983471075
1789,0.7575757575757576
1790,0.009641873278236915
1791,0.03581267217630854
1792,0.09090909090909091
1793,0.03581267217630854
1794,0.06060606060606061
1795,0.1115702479338843
1796,0.20798898071625344
1797,0.24242424242424243
1798,4.3429752066115705
1799,2.0399449035812673
1800,0.9090909090909091
1801,0.4628099173553719
1802,0.045454545454545456
1803,0.6157024793388429
1804,1.4834710743801653
1805,2.005509641873278
1806,1.371900826446281
1807,1.258953168044077
1808,0.8567493112947658
1809,1.1666666666666667
1810,0.35537190082644626
1811,0.5853994490358126
1812,0.5826446280991735
1813,0.5151515151515151
1814,0.11432506887052342
1815,5.516528925619835
1816,3.369146005509642
1817,1.3884297520661157
1818,2.0661157024793386
1819,1.5991735537190082
1820,1.2713498622589532
1821,2.212121212121212
1822,0.7754820936639119
1823,0.6652892561983471
1824,0.21487603305785125
1825,0.6859504132231405
1826,0.6391184573002755
1827,3.0826446280991737
1828,0.05234159779614325
1829,1.2465564738292012
1830,1.3732782369146006
1831,1.2203856749311295
1832,0.2066115702479339
1833,0.509641873278237
1834,0.2837465564738292
1835,0.25206611570247933
1836,0.9834710743801653
1837,1.443526170798898
1838,0.6019283746556474
1839,0.5082644628099173
1840,0.8512396694214877
1841,0.6804407713498623
1842,0.5730027548209367
1843,0.5771349862258953
1844,0.778236914600551
1845,0.5785123966942148
1846,0.5798898071625345
1847,0.162534435261708
1848,0.0
1849,0.028925619834710745
1850,0.1790633608815427
1851,0.01790633608815427
1852,0.04269972451790634
1853,0.1763085399449036
1854,0.1184573002754821
1855,0.0440771349862259
1856,6.46831955922865
1857,2.5867768595041323
1858,1.9931129476584022
1859,2.340220385674931
1860,1.3044077134986225
1861,0.8085399449035813
1862,0.8815426997245179
1863,1.7575757575757576
1864,1.4903581267217632
1865,1.93801652892562
1866,1.3099173553719008
1867,1.5082644628099173
1868,0.4214876033057851
1869,1.06198347107438
1870,0.6900826446280992
1871,0.7837465564738292
1872,0.3443526170798898
1873,14.825068870523417
1874,3.411845730027548
1875,3.7741046831955924
1876,3.115702479338843
1877,5.074380165289257
1878,1.9848484848484849
1879,0.6735537190082644
1880,1.7121212121212122
1881,1.5
1882,0.6377410468319559
1883,1.1074380165289257
1884,1.3071625344352618
1885,2.298898071625344
1886,1.4311294765840221
1887,1.5151515151515151
1888,1.2754820936639117
1889,0.8966942148760331
1890,0.987603305785124
1891,1.0
1892,1.3071625344352618
1893,0.418732782369146
1894,2.428374655647383
1895,2.3085399449035813
1896,1.2878787878787878
1897,1.325068870523416
1898,1.1253443526170799
1899,1.3484848484848484
1900,1.6942148760330578
1901,1.243801652892562
1902,1.0688705234159779
1903,0.8787878787878788
1904,0.699724517906336
1905,0.4669421487603306
1906,0.045454545454545456
1907,0.028925619834710745
1908,0.16391184573002754
1909,0.04269972451790634
1910,0.08677685950413223
1911,0.2493112947658402
1912,0.25895316804407714
1913,0.1721763085399449
1914,4.056473829201102
1915,4.228650137741047
1916,2.771349862258953
1917,1.480716253443526
1918,0.8608815426997245
1919,0.8842975206611571
1920,0.8278236914600551
1921,0.8526170798898072
1922,2.6666666666666665
1923,1.6707988980716253
1924,0.4793388429752066
1925,0.8539944903581267
1926,0.22451790633608815
1927,0.4696969696969697
1928,0.44077134986225897
1929,0.4793388429752066
1930,0.11019283746556474
1931,6.917355371900826
1932,2.1818181818181817
1933,0.8471074380165289
1934,2.590909090909091
1935,2.243801652892562
1936,1.396694214876033
1937,1.8760330578512396
1938,1.1336088154269972
1939,0.8140495867768595
1940,1.0909090909090908
1941,0.7878787878787878
1942,0.9917355371900827
1943,2.265840220385675
1944,1.4366391184573002
1945,1.2107438016528926
1946,0.7548209366391184
1947,0.5055096418732782
1948,0.7754820936639119
1949,1.002754820936639
1950,0.9338842975206612
1951,0.36363636363636365
1952,3.3801652892561984
1953,1.9325068870523416
1954,2.431129476584022
1955,1.037190082644628
1956,1.0495867768595042
1957,0.5730027548209367
1958,2.002754820936639
1959,1.7644628099173554
1960,1.5096418732782368
1961,1.4903581267217632
1962,0.8154269972451791
1963,0.3953168044077135
1964,0.02066115702479339
1965,0.03305785123966942
1966,0.22176308539944903
1967,0.01928374655647383
1968,0.049586776859504134
1969,0.08539944903581267
1970,0.28512396694214875
1971,0.18732782369146006
1972,5.181818181818182
1973,5.606060606060606
1974,3.455922865013774
1975,1.7479338842975207
1976,1.221763085399449
1977,1.2079889807162534
1978,0.7506887052341598
1979,6.315426997245179
1980,2.7823691460055096
1981,2.43801652892562
1982,1.2231404958677685
1983,2.2892561983471076
1984,0.662534435261708
1985,3.2672176308539944
1986,0.7121212121212122
1987,0.9118457300275482
1988,0.7176308539944903
1989,14.65977961432507
1990,4.254820936639119
1991,5.254820936639119
1992,3.352617079889807
1993,3.674931129476584
1994,2.159779614325069
1995,2.2644628099173554
1996,2.7506887052341598
1997,1.4228650137741048
1998,0.5991735537190083
1999,1.4256198347107438
2000,1.534435261707989
2001,5.404958677685951
2002,2.8292011019283745
2003,1.8305785123966942
2004,1.265840220385675
2005,0.7699724517906336
2006,2.5137741046831956
2007,1.6019283746556474
2008,1.2493112947658402
2009,1.4035812672176309
2010,7.757575757575758
2011,0.1418732782369146
2012,3.0454545454545454
2013,1.8071625344352618
2014,1.8581267217630855
2015,1.544077134986226
2016,2.5013774104683195
2017,2.597796143250689
2018,1.6019283746556474
2019,0.9889807162534435
2020,1.1088154269972452
2021,0.8126721763085399
2022,0.027548209366391185
2023,0.046831955922865015
2024,0.3581267217630854
2025,0.03305785123966942
2026,0.045454545454545456
2027,0.21074380165289255
2028,0.2988980716253444
2029,0.0
2030,7.25068870523416
2031,2.1294765840220387
2032,1.1639118457300275
2033,0.9944903581267218
2034,1.6694214876033058
2035,1.2975206611570247
2036,0.6666666666666666
2037,3.074380165289256
2038,2.3774104683195594
2039,2.056473829201102
2040,2.046831955922865
2041,1.8650137741046833
2042,0.6652892561983471
2043,0.8526170798898072
2044,1.1294765840220387
2045,0.7961432506887053
2046,0.19834710743801653
2047,11.24793388429752
2048,6.050964187327824
2049,2.3512396694214877
2050,5.866391184573002
2051,1.6088154269972452
2052,2.652892561983471
2053,1.4820936639118458
2054,1.399449035812672
2055,1.6515151515151516
2056,0.4476584022038568
2057,1.3209366391184574
2058,0.7121212121212122
2059,1.9724517906336088
2060,3.1515151515151514
2061,1.2300275482093663
2062,1.0977961432506886
2063,0.29614325068870523
2064,1.0881542699724518
2065,0.5881542699724518
2066,0.5964187327823691
2067,0.6694214876033058
2068,2.5964187327823693
2069,1.4008264462809918
2070,0.8471074380165289
2071,1.5234159779614325
2072,0.8223140495867769
2073,0.35674931129476584
2074,0.9972451790633609
2075,0.5289256198347108
2076,1.2865013774104683
2077,0.7052341597796143
2078,0.4297520661157025
2079,0.5550964187327824
2080,0.0674931129476584
2081,0.015151515151515152
2082,0.33608815426997246
2083,0.27823691460055094
2084,0.0371900826446281
2085,0.06336088154269973
2086,0.3168044077134986
2087,0.028925619834710745
2088,4.418732782369146
2089,1.9710743801652892
2090,1.0964187327823691
2091,0.6322314049586777
2092,0.5550964187327824
2093,0.44490358126721763
2094,0.5165289256198347
2095,3.0702479338842976
2096,1.674931129476584
2097,1.3057851239669422
2098,1.5702479338842976
2099,0.7011019283746557
2100,2.1707988980716255
2101,0.27823691460055094
2102,0.5275482093663911
2103,0.6584022038567493
2104,0.5895316804407713
2105,5.161157024793388
2106,2.8044077134986227
2107,3.8016528925619837
2108,1.7892561983471074
2109,0.8925619834710744
2110,1.6666666666666667
2111,1.4545454545454546
2112,1.0179063360881542
2113,0.7355371900826446
2114,0.6460055096418733
2115,0.22589531680440772
2116,0.19972451790633608
2117,1.059228650137741
2118,2.5798898071625342
2119,1.5426997245179064
2120,0.46143250688705234
2121,0.4366391184573003
2122,1.8884297520661157
2123,1.3016528925619835
2124,0.8898071625344353
2125,1.1680440771349863
2126,1.8980716253443526
2127,2.015151515151515
2128,1.9201101928374655
2129,1.1473829201101928
2130,0.7933884297520661
2131,0.4972451790633609
2132,1.0661157024793388
2133,1.0537190082644627
2134,0.37327823691460055
2135,0.4986225895316804
2136,0.6556473829201102
2137,1.1267217630853994
2138,0.03168044077134986
2139,0.07575757575757576
2140,0.14600550964187328
2141,0.045454545454545456
2142,0.09779614325068871
2143,0.06611570247933884
2144,0.32644628099173556
2145,0.174931129476584
2146,2.479338842975207
2147,2.6515151515151514
2148,1.8636363636363635
2149,0.568870523415978
2150,0.6776859504132231
2151,0.3526170798898072
2152,0.46005509641873277
2153,1.5082644628099173
2154,1.2231404958677685
2155,0.918732782369146
2156,1.1763085399449036
2157,0.7300275482093664
2158,0.5826446280991735
2159,0.6088154269972452
2160,0.34710743801652894
2161,0.34710743801652894
2162,0.5137741046831956
2163,3.674931129476584
2164,1.5757575757575757
2165,2.231404958677686
2166,1.5482093663911847
2167,1.462809917355372
2168,1.4917355371900827
2169,1.5881542699724518
2170,0.7231404958677686
2171,0.5509641873278237
2172,1.044077134986226
2173,0.37052341597796146
2174,0.35674931129476584
2175,2.108815426997245
2176,1.2286501377410468
2177,1.078512396694215
2178,0.33884297520661155
2179,0.30165289256198347
2180,2.090909090909091
2181,0.8264462809917356
2182,0.6611570247933884
2183,0.24793388429752067
2184,2.0454545454545454
2185,1.721763085399449
2186,2.009641873278237
2187,0.8415977961432507
2188,0.7754820936639119
2189,0.5027548209366391
2190,0.8415977961432507
2191,0.9931129476584022
2192,0.5289256198347108
2193,0.5027548209366391
2194,0.6157024793388429
2195,0.7424242424242424
2196,0.006887052341597796
2197,0.045454545454545456
2198,0.23415977961432508
2199,0.026170798898071626
2200,0.05371900826446281
2201,0.07713498622589532
2202,0.1859504132231405
2203,0.05096418732782369
2204,8.111570247933884
2205,2.5303030303030303
2206,1.943526170798898
2207,0.418732782369146
2208,1.4834710743801653
2209,1.078512396694215
2210,1.0330578512396693
2211,2.7493112947658402
2212,1.862258953168044
2213,2.1460055096418733
2214,1.399449035812672
2215,0.9421487603305785
2216,1.987603305785124
2217,0.33608815426997246
2218,0.9269972451790633
2219,0.38016528925619836
2220,1.803030303030303
2221,11.265840220385675
2222,2.9104683195592287
2223,3.8388429752066116
2224,4.523415977961433
2225,1.6542699724517906
2226,4.414600550964187
2227,0.8650137741046832
2228,1.418732782369146
2229,1.2107438016528926
2230,0.9380165289256198
2231,0.4573002754820937
2232,0.16942148760330578
2233,2.0991735537190084
2234,1.9738292011019283
2235,0.6212121212121212
2236,0.3236914600550964
2237,0.2190082644628099
2238,1.502754820936639
2239,0.59366391184573
2240,1.0867768595041323
2241,0.10743801652892562
2242,6.026170798898072
2243,1.9793388429752066
2244,1.174931129476584
2245,1.7286501377410468
2246,0.9338842975206612
2247,0.28236914600550966
2248,0.8016528925619835
2249,0.5358126721763086
2250,0.5743801652892562
2251,0.41735537190082644
2252,0.6074380165289256
2253,1.1942148760330578
2254,0.013774104683195593
2255,0.011019283746556474
2256,0.2369146005509642
2257,0.18181818181818182
2258,0.02203856749311295
2259,0.07988980716253444
2260,0.29476584022038566
2261,0.024793388429752067
2262,3.1763085399449036
2263,1.709366391184573
2264,1.1611570247933884
2265,0.6212121212121212
2266,0.7672176308539945
2267,0.8526170798898072
2268,0.6528925619834711
2269,1.9090909090909092
2270,1.06198347107438
2271,1.384297520661157
2272,1.4449035812672177
2273,0.7961432506887053
2274,0.5371900826446281
2275,0.2988980716253444
2276,0.27823691460055094
2277,0.29476584022038566
2278,0.5013774104683195
2279,5.738292011019284
2280,2.9724517906336088
2281,3.9338842975206614
2282,2.7176308539944904
2283,1.5895316804407713
2284,1.6556473829201102
2285,1.4986225895316805
2286,1.3539944903581267
2287,0.8236914600550964
2288,1.1225895316804408
2289,0.5757575757575758
2290,0.24104683195592286
2291,1.7768595041322315
2292,2.1556473829201104
2293,1.4269972451790633
2294,0.2465564738292011
2295,0.47107438016528924
2296,1.3236914600550964
2297,0.7300275482093664
2298,0.5881542699724518
2299,0.8264462809917356
2300,4.256198347107438
2301,1.3691460055096418
2302,1.177685950413223
2303,1.3732782369146006
2304,0.48484848484848486
2305,0.32920110192837465
2306,0.5192837465564738
2307,0.9600550964187328
2308,0.4214876033057851
2309,0.3278236914600551
2310,0.6198347107438017
2311,0.46143250688705234
2312,0.006887052341597796
2313,0.004132231404958678
2314,0.16942148760330578
2315,0.19834710743801653
2316,0.04269972451790634
2317,0.05371900826446281
2318,0.15151515151515152
2319,0.12947658402203857
2320,8.061983471074381
2321,2.6198347107438016
2322,1.6088154269972452
2323,0.8526170798898072
2324,0.6680440771349863
2325,0.4972451790633609
2326,0.581267217630854
2327,1.987603305785124
2328,1.6198347107438016
2329,1.1336088154269972
2330,1.8305785123966942
2331,0.9090909090909091
2332,1.393939393939394
2333,0.6776859504132231
2334,0.4022038567493113
2335,0.39669421487603307
2336,0.35537190082644626
2337,5.214876033057851
2338,2.6515151515151514
2339,3.183195592286501
2340,2.366391184573003
2341,1.037190082644628
2342,1.7011019283746556
2343,1.743801652892562
2344,1.0895316804407713
2345,0.7396694214876033
2346,0.8567493112947658
2347,0.5840220385674931
2348,0.6887052341597796
2349,0.7341597796143251
2350,2.315426997245179
2351,1.5179063360881542
2352,0.37052341597796146
2353,0.32231404958677684
2354,0.9352617079889807
2355,1.5743801652892562
2356,1.0495867768595042
2357,0.5151515151515151
2358,1.8236914600550964
2359,2.6418732782369148
2360,1.5206611570247934
2361,0.8195592286501377
2362,0.9380165289256198
2363,0.5303030303030303
2364,1.0275482093663912
2365,0.6115702479338843
2366,0.640495867768595
2367,0.7272727272727273
2368,0.7892561983471075
2369,0.7575757575757576
2370,0.009641873278236915
2371,0.03581267217630854
2372,0.09090909090909091
2373,0.03581267217630854
2374,0.06060606060606061
2375,0.1115702479338843
2376,0.20798898071625344
2377,0.24242424242424243
2378,4.3429752066115705
2379,2.0399449035812673
2380,0.9090909090909091
2381,0.4628099173553719
2382,0.045454545454545456
2383,0.6157024793388429
2384,1.4834710743801653
2385,2.005509641873278
2386,1.371900826446281
2387,1.258953168044077
2388,0.8567493112947658
2389,1.1666666666666667
2390,0.35537190082644626
2391,0.5853994490358126
2392,0.5826446280991735
2393,0.5151515151515151
2394,0.11432506887052342
2395,5.516528925619835
2396,3.369146005509642
2397,1.3884297520661157
2398,2.0661157024793386
2399,1.5991735537190082
2400,1.2713498622589532
2401,2.212121212121212
2402,0.7754820936639119
2403,0.6652892561983471
2404,0.21487603305785125
2405,0.6859504132231405
2406,0.6391184573002755
2407,3.0826446280991737
2408,0.05234159779614325
2409,1.2465564738292012
2410,1.3732782369146006
2411,1.2203856749311295
2412,0.2066115702479339
2413,0.509641873278237
2414,0.2837465564738292
2415,0.25206611570247933
2416,0.9834710743801653
2417,1.443526170798898
2418,0.6019283746556474
2419,0.5082644628099173
2420,0.8512396694214877
2421,0.6804407713498623
2422,0.5730027548209367
2423,0.5771349862258953
2424,0.778236914600551
2425,0.5785123966942148
2426,0.5798898071625345
2427,0.162534435261708
2428,0.0
2429,0.028925619834710745
2430,0.1790633608815427
2431,0.01790633608815427
2432,0.04269972451790634
2433,0.1763085399449036
2434,0.1184573002754821
2435,0.0440771349862259
2436,6.46831955922865
2437,2.5867768595041323
2438,1.9931129476584022
2439,2.340220385674931
2440,1.3044077134986225
2441,0.8085399449035813
2442,0.8815426997245179
2443,1.7575757575757576
2444,1.4903581267217632
2445,1.93801652892562
2446,1.3099173553719008
2447,1.5082644628099173
2448,0.4214876033057851
2449,1.06198347107438
2450,0.6900826446280992
2451,0.7837465564738292
2452,0.3443526170798898
2453,14.825068870523417
2454,3.411845730027548
2455,3.7741046831955924
2456,3.115702479338843
2457,5.074380165289257
2458,1.9848484848484849
2459,0.6735537190082644
2460,1.7121212121212122
2461,1.5
2462,0.6377410468319559
2463,1.1074380165289257
2464,1.3071625344352618
2465,2.298898071625344
2466,1.4311294765840221
2467,1.5151515151515151
2468,1.2754820936639117
2469,0.8966942148760331
2470,0.987603305785124
2471,1.0
2472,1.3071625344352618
2473,0.418732782369146
2474,2.428374655647383
2475,2.3085399449035813
2476,1.2878787878787878
2477,1.325068870523416
2478,1.1253443526170799
2479,1.3484848484848484
2480,1.6942148760330578
2481,1.243801652892562
2482,1.0688705234159779
2483,0.8787878787878788
2484,0.699724517906336
2485,0.4669421487603306
2486,0.045454545454545456
2487,0.028925619834710745
2488,0.16391184573002754
2489,0.04269972451790634
2490,0.08677685950413223
2491,0.2493112947658402
2492,0.25895316804407714
2493,0.1721763085399449
2494,4.056473829201102
2495,4.228650137741047
2496,2.771349862258953
2497,1.480716253443526
2498,0.8608815426997245
2499,0.8842975206611571
2500,0.8278236914600551
2501,0.8526170798898072
2502,2.6666666666666665
2503,1.6707988980716253
2504,0.4793388429752066
2505,0.8539944903581267
2506,0.22451790633608815
2507,0.4696969696969697
2508,0.44077134986225897
2509,0.4793388429752066
2510,0.11019283746556474
2511,6.917355371900826
2512,2.1818181818181817
2513,0.8471074380165289
2514,2.590909090909091
2515,2.243801652892562
2516,1.396694214876033
2517,1.8760330578512396
2518,1.1336088154269972
2519,0.8140495867768595
2520,1.0909090909090908
2521,0.7878787878787878
2522,0.9917355371900827
2523,2.265840220385675
2524,1.4366391184573002
2525,1.2107438016528926
2526,0.7548209366391184
2527,0.5055096418732782
2528,0.7754820936639119
2529,1.002754820936639
2530,0.9338842975206612
2531,0.36363636363636365
2532,3.3801652892561984
2533,1.9325068870523416
2534,2.431129476584022
2535,1.037190082644628
2536,1.0495867768595042
2537,0.5730027548209367
2538,2.002754820936639
2539,1.7644628099173554
2540,1.5096418732782368
2541,1.4903581267217632
2542,0.8154269972451791
2543,0.3953168044077135
2544,0.02066115702479339
2545,0.03305785123966942
2546,0.22176308539944903
2547,0.01928374655647383
2548,0.049586776859504134
2549,0.08539944903581267
2550,0.28512396694214875
2551,0.18732782369146006
2552,5.181818181818182
2553,5.606060606060606
2554,3.455922865013774
2555,1.7479338842975207
2556,1.221763085399449
2557,1.2079889807162534
2558,0.7506887052341598
2559,6.315426997245179
2560,2.7823691460055096
2561,2.43801652892562
2562,1.2231404958677685
2563,2.2892561983471076
2564,0.662534435261708
2565,3.2672176308539944
2566,0.7121212121212122
2567,0.9118457300275482
2568,0.7176308539944903
2569,14.65977961432507
2570,4.254820936639119
2571,5.254820936639119
2572,3.352617079889807
2573,3.674931129476584
2574,2.159779614325069
2575,2.2644628099173554
2576,2.7506887052341598
2577,1.4228650137741048
2578,0.5991735537190083
2579,1.4256198347107438
2580,1.534435261707989
2581,5.404958677685951
2582,2.8292011019283745
2583,1.8305785123966942
2584,1.265840220385675
2585,0.7699724517906336
2586,2.5137741046831956
2587,1.6019283746556474
2588,1.2493112947658402
2589,1.4035812672176309
2590,7.757575757575758
2591,0.1418732782369146
2592,3.0454545454545454
2593,1.8071625344352618
2594,1.8581267217630855
2595,1.544077134986226
2596,2.5013774104683195
2597,2.597796143250689
2598,1.6019283746556474
2599,0.9889807162534435
2600,1.1088154269972452
2601,0.8126721763085399
2602,0.027548209366391185
2603,0.046831955922865015
2604,0.3581267217630854
2605,0.03305785123966942
2606,0.045454545454545456
2607,0.21074380165289255
2608,0.2988980716253444
2609,0.0
2610,7.25068870523416
2611,2.1294765840220387
2612,1.1639118457300275
2613,0.9944903581267218
2614,1.6694214876033058
2615,1.2975206611570247
2616,0.6666666666666666
2617,3.074380165289256
2618,2.3774104683195594
2619,2.056473829201102
2620,2.046831955922865
2621,1.8650137741046833
2622,0.6652892561983471
2623,0.8526170798898072
2624,1.1294765840220387
2625,0.7961432506887053
2626,0.19834710743801653
2627,11.24793388429752
2628,6.050964187327824
2629,2.3512396694214877
2630,5.866391184573002
2631,1.6088154269972452
2632,2.652892561983471
2633,1.4820936639118458
2634,1.399449035812672
2635,1.6515151515151516
2636,0.4476584022038568
2637,1.3209366391184574
2638,0.7121212121212122
2639,1.9724517906336088
2640,3.1515151515151514
2641,1.2300275482093663
2642,1.0977961432506886
2643,0.29614325068870523
2644,1.0881542699724518
2645,0.5881542699724518
2646,0.5964187327823691
2647,0.6694214876033058
2648,2.5964187327823693
2649,1.4008264462809918
2650,0.8471074380165289
2651,1.5234159779614325
2652,0.8223140495867769
2653,0.35674931129476584
2654,0.9972451790633609
2655,0.5289256198347108
2656,1.2865013774104683
2657,0.7052341597796143
2658,0.4297520661157025
2659,0.5550964187327824
2660,0.0674931129476584
2661,0.015151515151515152
2662,0.33608815426997246
2663,0.27823691460055094
2664,0.0371900826446281
2665,0.06336088154269973
2666,0.3168044077134986
2667,0.028925619834710745
2668,4.418732782369146
2669,1.9710743801652892
2670,1.0964187327823691
2671,0.6322314049586777
2672,0.5550964187327824
2673,0.44490358126721763
2674,0.5165289256198347
2675,3.0702479338842976
2676,1.674931129476584
2677,1.3057851239669422
2678,1.5702479338842976
2679,0.7011019283746557
2680,2.1707988980716255
2681,0.27823691460055094
2682,0.5275482093663911
2683,0.6584022038567493
2684,0.5895316804407713
2685,5.161157024793388
2686,2.8044077134986227
2687,3.8016528925619837
2688,1.7892561983471074
2689,0.8925619834710744
2690,1.6666666666666667
2691,1.4545454545454546
2692,1.0179063360881542
2693,0.7355371900826446
2694,0.6460055096418733
2695,0.22589531680440772
2696,0.19972451790633608
2697,1.059228650137741
2698,2.5798898071625342
2699,1.5426997245179064
2700,0.46143250688705234
2701,0.4366391184573003
2702,1.8884297520661157
2703,1.3016528925619835
2704,0.8898071625344353
2705,1.1680440771349863
2706,1.8980716253443526
2707,2.015151515151515
2708,1.9201101928374655
2709,1.1473829201101928
2710,0.7933884297520661
2711,0.4972451790633609
2712,1.0661157024793388
2713,1.0537190082644627
2714,0.37327823691460055
2715,0.4986225895316804
2716,0.6556473829201102
2717,1.1267217630853994
2718,0.03168044077134986
2719,0.07575757575757576
2720,0.14600550964187328
2721,0.045454545454545456
2722,0.09779614325068871
2723,0.06611570247933884
2724,0.32644628099173556
2725,0.174931129476584
2726,2.479338842975207
2727,2.6515151515151514
2728,1.8636363636363635
2729,0.568870523415978
2730,0.6776859504132231
2731,0.3526170798898072
2732,0.46005509641873277
2733,1.5082644628099173
2734,1.2231404958677685
2735,0.918732782369146
2736,1.1763085399449036
2737,0.7300275482093664
2738,0.5826446280991735
2739,0.6088154269972452
2740,0.34710743801652894
2741,0.34710743801652894
2742,0.5137741046831956
2743,3.674931129476584
2744,1.5757575757575757
2745,2.231404958677686
2746,1.5482093663911847
2747,1.462809917355372
2748,1.4917355371900827
2749,1.5881542699724518
2750,0.7231404958677686
2751,0.5509641873278237
2752,1.044077134986226
2753,0.37052341597796146
2754,0.35674931129476584
2755,2.108815426997245
2756,1.2286501377410468
2757,1.078512396694215
2758,0.33884297520661155
2759,0.30165289256198347
2760,2.090909090909091
2761,0.8264462809917356
2762,0.6611570247933884
2763,0.24793388429752067
2764,2.0454545454545454
2765,1.721763085399449
2766,2.009641873278237
2767,0.8415977961432507
2768,0.7754820936639119
2769,0.5027548209366391
2770,0.8415977961432507
2771,0.9931129476584022
2772,0.5289256198347108
2773,0.5027548209366391
2774,0.6157024793388429
2775,0.7424242424242424
2776,0.006887052341597796
2777,0.045454545454545456
2778,0.23415977961432508
2779,0.026170798898071626
2780,0.05371900826446281
2781,0.07713498622589532
2782,0.1859504132231405
2783,0.05096418732782369
2784,8.111570247933884
2785,2.5303030303030303
2786,1.943526170798898
2787,0.418732782369146
2788,1.4834710743801653
2789,1.078512396694215
2790,1.0330578512396693
2791,2.7493112947658402
2792,1.862258953168044
2793,2.1460055096418733
2794,1.399449035812672
2795,0.9421487603305785
2796,1.987603305785124
2797,0.33608815426997246
2798,0.9269972451790633
2799,0.38016528925619836
2800,1.803030303030303
2801,11.265840220385675
2802,2.9104683195592287
2803,3.8388429752066116
2804,4.523415977961433
2805,1.6542699724517906
2806,4.414600550964187
2807,0.8650137741046832
2808,1.418732782369146
2809,1.2107438016528926
2810,0.9380165289256198
2811,0.4573002754820937
2812,0.16942148760330578
2813,2.0991735537190084
2814,1.9738292011019283
2815,0.6212121212121212
2816,0.3236914600550964
2817,0.2190082644628099
2818,1.502754820936639
2819,0.59366391184573
2820,1.0867768595041323
2821,0.10743801652892562
2822,6.026170798898072
2823,1.9793388429752066
2824,1.174931129476584
2825,1.7286501377410468
2826,0.9338842975206612
2827,0.28236914600550966
2828,0.8016528925619835
2829,0.5358126721763086
2830,0.5743801652892562
2831,0.41735537190082644
2832,0.6074380165289256
2833,1.1942148760330578
2834,0.013774104683195593
2835,0.011019283746556474
2836,0.2369146005509642
2837,0.18181818181818182
2838,0.02203856749311295
2839,0.07988980716253444
2840,0.29476584022038566
2841,0.024793388429752067
2842,3.1763085399449036
2843,1.709366391184573
2844,1.1611570247933884
2845,0.6212121212121212
2846,0.7672176308539945
2847,0.8526170798898072
2848,0.6528925619834711
2849,1.9090909090909092
2850,1.06198347107438
2851,1.384297520661157
2852,1.4449035812672177
2853,0.7961432506887053
2854,0.5371900826446281
2855,0.2988980716253444
2856,0.27823691460055094
2857,0.29476584022038566
2858,0.5013774104683195
2859,5.738292011019284
2860,2.9724517906336088
2861,3.9338842975206614
2862,2.7176308539944904
2863,1.5895316804407713
2864,1.6556473829201102
2865,1.4986225895316805
2866,1.3539944903581267
2867,0.8236914600550964
2868,1.1225895316804408
2869,0.5757575757575758
2870,0.24104683195592286
2871,1.7768595041322315
2872,2.1556473829201104
2873,1.4269972451790633
2874,0.2465564738292011
2875,0.47107438016528924
2876,1.3236914600550964
2877,0.7300275482093664
2878,0.5881542699724518
2879,0.8264462809917356
2880,4.256198347107438
2881,1.3691460055096418
2882,1.177685950413223
2883,1.3732782369146006
2884,0.48484848484848486
2885,0.32920110192837465
2886,0.5192837465564738
2887,0.9600550964187328
2888,0.4214876033057851
2889,0.3278236914600551
2890,0.6198347107438017
2891,0.46143250688705234
2892,0.006887052341597796
2893,0.004132231404958678
2894,0.16942148760330578
2895,0.19834710743801653
2896,0.04269972451790634
2897,0.05371900826446281
2898,0.15151515151515152
2899,0.12947658402203857
2900,8.061983471074381
2901,2.6198347107438016
2902,1.6088154269972452
2903,0.8526170798898072
2904,0.6680440771349863
2905,0.4972451790633609
2906,0.581267217630854
2907,1.987603305785124
2908,1.6198347107438016
2909,1.1336088154269972
2910,1.8305785123966942
2911,0.9090909090909091
2912,1.393939393939394
2913,0.6776859504132231
2914,0.4022038567493113
2915,0.39669421487603307
2916,0.35537190082644626
2917,5.214876033057851
2918,2.6515151515151514
2919,3.183195592286501
2920,2.366391184573003
2921,1.037190082644628
2922,1.7011019283746556
2923,1.743801652892562
2924,1.0895316804407713
2925,0.7396694214876033
2926,0.8567493112947658
2927,0.5840220385674931
2928,0.6887052341597796
2929,0.7341597796143251
2930,2.315426997245179
2931,1.5179063360881542
2932,0.37052341597796146
2933,0.32231404958677684
2934,0.9352617079889807
2935,1.5743801652892562
2936,1.0495867768595042
2937,0.5151515151515151
2938,1.8236914600550964
2939,2.6418732782369148
2940,1.5206611570247934
2941,0.8195592286501377
2942,0.9380165289256198
2943,0.5303030303030303
2944,1.0275482093663912
2945,0.6115702479338843
2946,0.640495867768595
2947,0.7272727272727273
2948,0.7892561983471075
2949,0.7575757575757576
2950,0.009641873278236915
2951,0.03581267217630854
2952,0.09090909090909091
2953,0.03581267217630854
2954,0.06060606060606061
2955,0.1115702479338843
2956,0.20798898071625344
2957,0.24242424242424243
2958,4.3429752066115705
2959,2.0399449035812673
2960,0.9090909090909091
2961,0.4628099173553719
2962,0.045454545454545456
2963,0.6157024793388429
2964,1.4834710743801653
2965,2.005509641873278
2966,1.371900826446281
2967,1.258953168044077
2968,0.8567493112947658
2969,1.1666666666666667
2970,0.35537190082644626
2971,0.5853994490358126
2972,0.5826446280991735
2973,0.5151515151515151
2974,0.11432506887052342
2975,5.516528925619835
2976,3.369146005509642
2977,1.3884297520661157
2978,2.0661157024793386
2979,1.5991735537190082
2980,1.2713498622589532
2981,2.212121212121212
2982,0.7754820936639119
2983,0.6652892561983471
2984,0.21487603305785125
2985,0.6859504132231405
2986,0.6391184573002755
2987,3.0826446280991737
2988,0.05234159779614325
2989,1.2465564738292012
2990,1.3732782369146006
2991,1.2203856749311295
2992,0.2066115702479339
2993,0.509641873278237
2994,0.2837465564738292
2995,0.25206611570247933
2996,0.9834710743801653
2997,1.443526170798898
2998,0.6019283746556474
2999,0.5082644628099173
3000,0.8512396694214877
3001,0.6804407713498623
3002,0.5730027548209367
3003,0.5771349862258953
3004,0.778236914600551
3005,0.5785123966942148
3006,0.5798898071625345
3007,0.162534435261708
3008,0.0
3009,0.028925619834710745
3010,0.1790633608815427
3011,0.01790633608815427
3012,0.04269972451790634
3013,0.1763085399449036
3014,0.1184573002754821
3015,0.0440771349862259
3016,6.46831955922865
3017,2.5867768595041323
3018,1.9931129476584022
3019,2.340220385674931
3020,1.3044077134986225
3021,0.8085399449035813
3022,0.8815426997245179
3023,1.7575757575757576
3024,1.4903581267217632
3025,1.93801652892562
3026,1.3099173553719008
3027,1.5082644628099173
3028,0.4214876033057851
3029,1.06198347107438
3030,0.6900826446280992
3031,0.7837465564738292
3032,0.3443526170798898
3033,14.825068870523417
3034,3.411845730027548
3035,3.7741046831955924
3036,3.115702479338843
3037,5.074380165289257
3038,1.9848484848484849
3039,0.6735537190082644
3040,1.7121212121212122
3041,1.5
3042,0.6377410468319559
3043,1.1074380165289257
3044,1.3071625344352618
3045,2.298898071625344
3046,1.4311294765840221
3047,1.5151515151515151
3048,1.2754820936639117
3049,0.8966942148760331
3050,0.987603305785124
3051,1.0
3052,1.3071625344352618
3053,0.418732782369146
3054,2.428374655647383
3055,2.3085399449035813
3056,1.2878787878787878
3057,1.325068870523416
3058,1.1253443526170799
3059,1.3484848484848484
3060,1.6942148760330578
3061,1.243801652892562
3062,1.0688705234159779
3063,0.8787878787878788
3064,0.699724517906336
3065,0.4669421487603306
3066,0.045454545454545456
3067,0.028925619834710745
3068,0.16391184573002754
3069,0.04269972451790634
3070,0.08677685950413223
3071,0.2493112947658402
3072,0.25895316804407714
3073,0.1721763085399449
3074,4.056473829201102
3075,4.228650137741047
3076,2.771349862258953
3077,1.480716253443526
3078,0.8608815426997245
3079,0.8842975206611571
3080,0.8278236914600551
3081,0.8526170798898072
3082,2.6666666666666665
3083,1.6707988980716253
3084,0.4793388429752066
3085,0.8539944903581267
3086,0.22451790633608815
3087,0.4696969696969697
3088,0.44077134986225897
3089,0.4793388429752066
3090,0.11019283746556474
3091,6.917355371900826
3092,2.1818181818181817
3093,0.8471074380165289
3094,2.590909090909091
3095,2.243801652892562
3096,1.396694214876033
3097,1.8760330578512396
3098,1.1336088154269972
3099,0.8140495867768595
3100,1.0909090909090908
3101,0.7878787878787878
3102,0.9917355371900827
3103,2.265840220385675
3104,1.4366391184573002
3105,1.2107438016528926
3106,0.7548209366391184
3107,0.5055096418732782
3108,0.7754820936639119
3109,1.002754820936639
3110,0.9338842975206612
3111,0.36363636363636365
3112,3.3801652892561984
3113,1.9325068870523416
3114,2.431129476584022
3115,1.037190082644628
3116,1.0495867768595042
3117,0.5730027548209367
3118,2.002754820936639
3119,1.7644628099173554
3120,1.5096418732782368
3121,1.4903581267217632
3122,0.8154269972451791
3123,0.3953168044077135
3124,0.02066115702479339
3125,0.03305785123966942
3126,0.22176308539944903
3127,0.01928374655647383
3128,0.049586776859504134
3129,0.08539944903581267
3130,0.28512396694214875
3131,0.18732782369146006
3132,5.181818181818182
3133,5.606060606060606
3134,3.455922865013774
3135,1.7479338842975207
3136,1.221763085399449
3137,1.2079889807162534
3138,0.7506887052341598
3139,6.315426997245179
3140,2.7823691460055096
3141,2.43801652892562
3142,1.2231404958677685
3143,2.2892561983471076
3144,0.662534435261708
3145,3.2672176308539944
3146,0.7121212121212122
3147,0.9118457300275482
3148,0.7176308539944903
3149,14.65977961432507
3150,4.254820936639119
3151,5.254820936639119
3152,3.352617079889807
3153,3.674931129476584
3154,2.159779614325069
3155,2.2644628099173554
3156,2.7506887052341598
3157,1.4228650137741048
3158,0.5991735537190083
3159,1.4256198347107438
3160,1.534435261707989
3161,5.404958677685951
3162,2.8292011019283745
3163,1.8305785123966942
3164,1.265840220385675
3165,0.7699724517906336
3166,2.5137741046831956
3167,1.6019283746556474
3168,1.2493112947658402
3169,1.4035812672176309
3170,7.757575757575758
3171,0.1418732782369146
3172,3.0454545454545454
3173,1.8071625344352618
3174,1.8581267217630855
3175,1.544077134986226
3176,2.5013774104683195
3177,2.597796143250689
3178,1.6019283746556474
3179,0.9889807162534435
3180,1.1088154269972452
3181,0.8126721763085399
3182,0.027548209366391185
3183,0.046831955922865015
3184,0.3581267217630854
3185,0.03305785123966942
3186,0.045454545454545456
3187,0.21074380165289255
3188,0.2988980716253444
3189,0.0
3190,7.25068870523416
3191,2.1294765840220387
3192,1.1639118457300275
3193,0.9944903581267218
3194,1.6694214876033058
3195,1.2975206611570247
3196,0.6666666666666666
3197,3.074380165289256
3198,2.3774104683195594
3199,2.056473829201102
3200,2.046831955922865
3201,1.8650137741046833
3202,0.6652892561983471
3203,0.8526170798898072
3204,1.1294765840220387
3205,0.7961432506887053
3206,0.19834710743801653
3207,11.24793388429752
3208,6.050964187327824
3209,2.3512396694214877
3210,5.866391184573002
3211,1.6088154269972452
3212,2.652892561983471
3213,1.4820936639118458
3214,1.399449035812672
3215,1.6515151515151516
3216,0.4476584022038568
3217,1.3209366391184574
3218,0.7121212121212122
3219,1.9724517906336088
3220,3.1515151515151514
3221,1.2300275482093663
3222,1.0977961432506886
3223,0.29614325068870523
3224,1.0881542699724518
3225,0.5881542699724518
3226,0.5964187327823691
3227,0.6694214876033058
3228,2.5964187327823693
3229,1.4008264462809918
3230,0.8471074380165289
3231,1.5234159779614325
3232,0.8223140495867769
3233,0.35674931129476584
3234,0.9972451790633609
3235,0.5289256198347108
3236,1.2865013774104683
3237,0.7052341597796143
3238,0.4297520661157025
3239,0.5550964187327824
3240,0.0674931129476584
3241,0.015151515151515152
3242,0.33608815426997246
3243,0.27823691460055094
3244,0.0371900826446281
3245,0.06336088154269973
3246,0.3168044077134986
3247,0.028925619834710745
3248,4.418732782369146
3249,1.9710743801652892
3250,1.0964187327823691
3251,0.6322314049586777
3252,0.5550964187327824
3253,0.44490358126721763
3254,0.5165289256198347
3255,3.0702479338842976
3256,1.674931129476584
3257,1.3057851239669422
3258,1.5702479338842976
3259,0.7011019283746557
3260,2.1707988980716255
3261,0.27823691460055094
3262,0.5275482093663911
3263,0.6584022038567493
3264,0.5895316804407713
3265,5.161157024793388
3266,2.8044077134986227
3267,3.8016528925619837
3268,1.7892561983471074
3269,0.8925619834710744
3270,1.6666666666666667
3271,1.4545454545454546
3272,1.0179063360881542
3273,0.7355371900826446
3274,0.6460055096418733
3275,0.22589531680440772
3276,0.19972451790633608
3277,1.059228650137741
3278,2.5798898071625342
3279,1.5426997245179064
3280,0.46143250688705234
3281,0.4366391184573003
3282,1.8884297520661157
3283,1.3016528925619835
3284,0.8898071625344353
3285,1.1680440771349863
3286,1.8980716253443526
3287,2.015151515151515
3288,1.9201101928374655
3289,1.1473829201101928
3290,0.7933884297520661
3291,0.4972451790633609
3292,1.0661157024793388
3293,1.0537190082644627
3294,0.37327823691460055
3295,0.4986225895316804
3296,0.6556473829201102
3297,1.1267217630853994
3298,0.03168044077134986
3299,0.07575757575757576
3300,0.14600550964187328
3301,0.045454545454545456
3302,0.09779614325068871
3303,0.06611570247933884
3304,0.32644628099173556
3305,0.174931129476584
3306,2.479338842975207
3307,2.6515151515151514
3308,1.8636363636363635
3309,0.568870523415978
3310,0.6776859504132231
3311,0.3526170798898072
3312,0.46005509641873277
3313,1.5082644628099173
3314,1.2231404958677685
3315,0.918732782369146
3316,1.1763085399449036
3317,0.7300275482093664
3318,0.5826446280991735
3319,0.6088154269972452
3320,0.34710743801652894
3321,0.34710743801652894
3322,0.5137741046831956
3323,3.674931129476584
3324,1.5757575757575757
3325,2.231404958677686
3326,1.5482093663911847
3327,1.462809917355372
3328,1.4917355371900827
3329,1.5881542699724518
3330,0.7231404958677686
3331,0.5509641873278237
3332,1.044077134986226
3333,0.37052341597796146
3334,0.35674931129476584
3335,2.108815426997245
3336,1.2286501377410468
3337,1.078512396694215
3338,0.33884297520661155
3339,0.30165289256198347
3340,2.090909090909091
3341,0.8264462809917356
3342,0.6611570247933884
3343,0.24793388429752067
3344,2.0454545454545454
3345,1.721763085399449
3346,2.009641873278237
3347,0.8415977961432507
3348,0.7754820936639119
3349,0.5027548209366391
3350,0.8415977961432507
3351,0.9931129476584022
3352,0.5289256198347108
3353,0.5027548209366391
3354,0.6157024793388429
3355,0.7424242424242424
3356,0.006887052341597796
3357,0.045454545454545456
3358,0.23415977961432508
3359,0.026170798898071626
3360,0.05371900826446281
3361,0.07713498622589532
3362,0.1859504132231405
3363,0.05096418732782369
3364,8.111570247933884
3365,2.5303030303030303
3366,1.943526170798898
3367,0.418732782369146
3368,1.4834710743801653
3369,1.078512396694215
3370,1.0330578512396693
3371,2.7493112947658402
3372,1.862258953168044
3373,2.1460055096418733
3374,1.399449035812672
3375,0.9421487603305785
3376,1.987603305785124
3377,0.33608815426997246
3378,0.9269972451790633
3379,0.38016528925619836
3380,1.803030303030303
3381,11.265840220385675
3382,2.9104683195592287
3383,3.8388429752066116
3384,4.523415977961433
3385,1.6542699724517906
3386,4.414600550964187
3387,0.8650137741046832
3388,1.418732782369146
3389,1.2107438016528926
3390,0.9380165289256198
3391,0.4573002754820937
3392,0.16942148760330578
3393,2.0991735537190084
3394,1.9738292011019283
3395,0.6212121212121212
3396,0.3236914600550964
3397,0.2190082644628099
3398,1.502754820936639
3399,0.59366391184573
3400,1.0867768595041323
3401,0.10743801652892562
3402,6.026170798898072
3403,1.9793388429752066
3404,1.174931129476584
3405,1.7286501377410468
3406,0.9338842975206612
3407,0.28236914600550966
3408,0.8016528925619835
3409,0.5358126721763086
3410,0.5743801652892562
3411,0.41735537190082644
3412,0.6074380165289256
3413,1.1942148760330578
3414,0.013774104683195593
3415,0.011019283746556474
3416,0.2369146005509642
3417,0.18181818181818182
3418,0.02203856749311295
3419,0.07988980716253444
3420,0.29476584022038566
3421,0.024793388429752067
3422,3.1763085399449036
3423,1.709366391184573
3424,1.1611570247933884
3425,0.6212121212121212
3426,0.7672176308539945
3427,0.8526170798898072
3428,0.6528925619834711
3429,1.9090909090909092
3430,1.06198347107438
3431,1.384297520661157
3432,1.4449035812672177
3433,0.7961432506887053
3434,0.5371900826446281
3435,0.2988980716253444
3436,0.27823691460055094
3437,0.29476584022038566
3438,0.5013774104683195
3439,5.738292011019284
3440,2.9724517906336088
3441,3.9338842975206614
3442,2.7176308539944904
3443,1.5895316804407713
3444,1.6556473829201102
3445,1.4986225895316805
3446,1.3539944903581267
3447,0.8236914600550964
3448,1.1225895316804408
3449,0.5757575757575758
3450,0.24104683195592286
3451,1.7768595041322315
3452,2.1556473829201104
3453,1.4269972451790633
3454,0.2465564738292011
3455,0.47107438016528924
3456,1.3236914600550964
3457,0.7300275482093664
3458,0.5881542699724518
3459,0.8264462809917356
3460,4.256198347107438
3461,1.3691460055096418
3462,1.177685950413223
3463,1.3732782369146006
3464,0.48484848484848486
3465,0.32920110192837465
3466,0.5192837465564738
3467,0.9600550964187328
3468,0.4214876033057851
3469,0.3278236914600551
3470,0.6198347107438017
3471,0.46143250688705234
3472,0.006887052341597796
3473,0.004132231404958678
3474,0.16942148760330578
3475,0.19834710743801653
3476,0.04269972451790634
3477,0.05371900826446281
3478,0.15151515151515152
3479,0.12947658402203857
3480,8.061983471074381
3481,2.6198347107438016
3482,1.6088154269972452
3483,0.8526170798898072
3484,0.6680440771349863
3485,0.4972451790633609
3486,0.581267217630854
3487,1.987603305785124
3488,1.6198347107438016
3489,1.1336088154269972
3490,1.8305785123966942
3491,0.9090909090909091
3492,1.393939393939394
3493,0.6776859504132231
3494,0.4022038567493113
3495,0.39669421487603307
3496,0.35537190082644626
3497,5.214876033057851
3498,2.6515151515151514
3499,3.183195592286501
3500,2.366391184573003
3501,1.037190082644628
3502,1.7011019283746556
3503,1.743801652892562
3504,1.0895316804407713
3505,0.7396694214876033
3506,0.8567493112947658
3507,0.5840220385674931
3508,0.6887052341597796
3509,0.7341597796143251
3510,2.315426997245179
3511,1.5179063360881542
3512,0.37052341597796146
3513,0.32231404958677684
3514,0.9352617079889807
3515,1.5743801652892562
3516,1.0495867768595042
3517,0.5151515151515151
3518,1.8236914600550964
3519,2.6418732782369148
3520,1.5206611570247934
3521,0.8195592286501377
3522,0.9380165289256198
3523,0.5303030303030303
3524,1.0275482093663912
3525,0.6115702479338843
3526,0.640495867768595
3527,0.7272727272727273
3528,0.7892561983471075
3529,0.7575757575757576
3530,0.009641873278236915
3531,0.03581267217630854
3532,0.09090909090909091
3533,0.03581267217630854
3534,0.06060606060606061
3535,0.1115702479338843
3536,0.20798898071625344
3537,0.24242424242424243
3538,4.3429752066115705
3539,2.0399449035812673
3540,0.9090909090909091
3541,0.4628099173553719
3542,0.045454545454545456
3543,0.6157024793388429
3544,1.4834710743801653
3545,2.005509641873278
3546,1.371900826446281
3547,1.258953168044077
3548,0.8567493112947658
3549,1.1666666666666667
3550,0.35537190082644626
3551,0.5853994490358126
3552,0.5826446280991735
3553,0.5151515151515151
3554,0.11432506887052342
3555,5.516528925619835
3556,3.369146005509642
3557,1.3884297520661157
3558,2.0661157024793386
3559,1.5991735537190082
3560,1.2713498622589532
3561,2.212121212121212
3562,0.7754820936639119
3563,0.6652892561983471
3564,0.21487603305785125
3565,0.6859504132231405
3566,0.6391184573002755
3567,3.0826446280991737
3568,0.05234159779614325
3569,1.2465564738292012
3570,1.3732782369146006
3571,1.2203856749311295
3572,0.2066115702479339
3573,0.509641873278237
3574,0.2837465564738292
3575,0.25206611570247933
3576,0.9834710743801653
3577,1.443526170798898
3578,0.6019283746556474
3579,0.5082644628099173
3580,0.8512396694214877
3581,0.6804407713498623
3582,0.5730027548209367
3583,0.5771349862258953
3584,0.778236914600551
3585,0.5785123966942148
3586,0.5798898071625345
3587,0.162534435261708
3588,0.0
3589,0.028925619834710745
3590,0.1790633608815427
3591,0.01790633608815427
3592,0.04269972451790634
3593,0.1763085399449036
3594,0.1184573002754821
3595,0.0440771349862259
3596,6.46831955922865
3597,2.5867768595041323
3598,1.9931129476584022
3599,2.340220385674931
3600,1.3044077134986225
3601,0.8085399449035813
3602,0.8815426997245179
3603,1.7575757575757576
3604,1.4903581267217632
3605,1.93801652892562
3606,1.3099173553719008
3607,1.5082644628099173
3608,0.4214876033057851
3609,1.06198347107438
3610,0.6900826446280992
3611,0.7837465564738292
3612,0.3443526170798898
3613,14.825068870523417
3614,3.411845730027548
3615,3.7741046831955924
3616,3.115702479338843
3617,5.074380165289257
3618,1.9848484848484849
3619,0.6735537190082644
3620,1.7121212121212122
3621,1.5
3622,0.6377410468319559
3623,1.1074380165289257
3624,1.3071625344352618
3625,2.298898071625344
3626,1.4311294765840221
3627,1.5151515151515151
3628,1.2754820936639117
3629,0.8966942148760331
3630,0.987603305785124
3631,1.0
3632,1.3071625344352618
3633,0.418732782369146
3634,2.428374655647383
3635,2.3085399449035813
3636,1.2878787878787878
3637,1.325068870523416
3638,1.1253443526170799
3639,1.3484848484848484
3640,1.6942148760330578
3641,1.243801652892562
3642,1.0688705234159779
3643,0.8787878787878788
3644,0.699724517906336
3645,0.4669421487603306
3646,0.045454545454545456
3647,0.028925619834710745
3648,0.16391184573002754
3649,0.04269972451790634
3650,0.08677685950413223
3651,0.2493112947658402
3652,0.25895316804407714
3653,0.1721763085399449
3654,4.056473829201102
3655,4.228650137741047
3656,2.771349862258953
3657,1.480716253443526
3658,0.8608815426997245
3659,0.8842975206611571
3660,0.8278236914600551
3661,0.8526170798898072
3662,2.6666666666666665
3663,1.6707988980716253
3664,0.4793388429752066
3665,0.8539944903581267
3666,0.22451790633608815
3667,0.4696969696969697
3668,0.44077134986225897
3669,0.4793388429752066
3670,0.11019283746556474
3671,6.917355371900826
3672,2.1818181818181817
3673,0.8471074380165289
3674,2.590909090909091
3675,2.243801652892562
3676,1.396694214876033
3677,1.8760330578512396
3678,1.1336088154269972
3679,0.8140495867768595
3680,1.0909090909090908
3681,0.7878787878787878
3682,0.9917355371900827
3683,2.265840220385675
3684,1.4366391184573002
3685,1.2107438016528926
3686,0.7548209366391184
3687,0.5055096418732782
3688,0.7754820936639119
3689,1.002754820936639
3690,0.9338842975206612
3691,0.36363636363636365
3692,3.3801652892561984
3693,1.9325068870523416
3694,2.431129476584022
3695,1.037190082644628
3696,1.0495867768595042
3697,0.5730027548209367
3698,2.002754820936639
3699,1.7644628099173554
3700,1.5096418732782368
3701,1.4903581267217632
3702,0.8154269972451791
3703,0.3953168044077135
3704,0.02066115702479339
3705,0.03305785123966942
3706,0.22176308539944903
3707,0.01928374655647383
3708,0.049586776859504134
3709,0.08539944903581267
3710,0.28512396694214875
3711,0.18732782369146006
3712,5.181818181818182
3713,5.606060606060606
3714,3.455922865013774
3715,1.7479338842975207
3716,1.221763085399449
3717,1.2079889807162534
3718,0.7506887052341598
3719,6.315426997245179
3720,2.7823691460055096
3721,2.43801652892562
3722,1.2231404958677685
3723,2.2892561983471076
3724,0.662534435261708
3725,3.2672176308539944
3726,0.7121212121212122
3727,0.9118457300275482
3728,0.7176308539944903
3729,14.65977961432507
3730,4.254820936639119
3731,5.254820936639119
3732,3.352617079889807
3733,3.674931129476584
3734,2.159779614325069
3735,2.2644628099173554
3736,2.7506887052341598
3737,1.4228650137741048
3738,0.5991735537190083
3739,1.4256198347107438
3740,1.534435261707989
3741,5.404958677685951
3742,2.8292011019283745
3743,1.8305785123966942
3744,1.265840220385675
3745,0.7699724517906336
3746,2.5137741046831956
3747,1.6019283746556474
3748,1.2493112947658402
3749,1.4035812672176309
3750,7.757575757575758
3751,0.1418732782369146
3752,3.0454545454545454
3753,1.8071625344352618
3754,1.8581267217630855
3755,1.544077134986226
3756,2.5013774104683195
3757,2.597796143250689
3758,1.6019283746556474
3759,0.9889807162534435
3760,1.1088154269972452
3761,0.8126721763085399
3762,0.027548209366391185
3763,0.046831955922865015
3764,0.3581267217630854
3765,0.03305785123966942
3766,0.045454545454545456
3767,0.21074380165289255
3768,0.2988980716253444
3769,0.0
3770,7.25068870523416
3771,2.1294765840220387
3772,1.1639118457300275
3773,0.9944903581267218
3774,1.6694214876033058
3775,1.2975206611570247
3776,0.6666666666666666
3777,3.074380165289256
3778,2.3774104683195594
3779,2.056473829201102
3780,2.046831955922865
3781,1.8650137741046833
3782,0.6652892561983471
3783,0.8526170798898072
3784,1.1294765840220387
3785,0.7961432506887053
3786,0.19834710743801653
3787,11.24793388429752
3788,6.050964187327824
3789,2.3512396694214877
3790,5.866391184573002
3791,1.6088154269972452
3792,2.652892561983471
3793,1.4820936639118458
3794,1.399449035812672
3795,1.6515151515151516
3796,0.4476584022038568
3797,1.3209366391184574
3798,0.7121212121212122
3799,1.9724517906336088
3800,3.1515151515151514
3801,1.2300275482093663
3802,1.0977961432506886
3803,0.29614325068870523
3804,1.0881542699724518
3805,0.5881542699724518
3806,0.5964187327823691
3807,0.6694214876033058
3808,2.5964187327823693
3809,1.4008264462809918
3810,0.8471074380165289
3811,1.5234159779614325
3812,0.8223140495867769
3813,0.35674931129476584
3814,0.9972451790633609
3815,0.5289256198347108
3816,1.2865013774104683
3817,0.7052341597796143
3818,0.4297520661157025
3819,0.5550964187327824
3820,0.0674931129476584
3821,0.015151515151515152
3822,0.33608815426997246
3823,0.27823691460055094
3824,0.0371900826446281
3825,0.06336088154269973
3826,0.3168044077134986
3827,0.028925619834710745
3828,4.418732782369146
3829,1.9710743801652892
3830,1.0964187327823691
3831,0.6322314049586777
3832,0.5550964187327824
3833,0.44490358126721763
3834,0.5165289256198347
3835,3.0702479338842976
3836,1.674931129476584
3837,1.3057851239669422
3838,1.5702479338842976
3839,0.7011019283746557
3840,2.1707988980716255
3841,0.27823691460055094
3842,0.5275482093663911
3843,0.6584022038567493
3844,0.5895316804407713
3845,5.161157024793388
3846,2.8044077134986227
3847,3.8016528925619837
3848,1.7892561983471074
3849,0.8925619834710744
3850,1.6666666666666667
3851,1.4545454545454546
3852,1.0179063360881542
3853,0.7355371900826446
3854,0.6460055096418733
3855,0.22589531680440772
3856,0.19972451790633608
3857,1.059228650137741
3858,2.5798898071625342
3859,1.5426997245179064
3860,0.46143250688705234
3861,0.4366391184573003
3862,1.8884297520661157
3863,1.3016528925619835
3864,0.8898071625344353
3865,1.1680440771349863
3866,1.8980716253443526
3867,2.015151515151515
3868,1.9201101928374655
3869,1.1473829201101928
3870,0.7933884297520661
3871,0.4972451790633609
3872,1.0661157024793388
3873,1.0537190082644627
3874,0.37327823691460055
3875,0.4986225895316804
3876,0.6556473829201102
3877,1.1267217630853994
3878,0.03168044077134986
3879,0.07575757575757576
3880,0.14600550964187328
3881,0.045454545454545456
3882,0.09779614325068871
3883,0.06611570247933884
3884,0.32644628099173556
3885,0.174931129476584
3886,2.479338842975207
3887,2.6515151515151514
3888,1.8636363636363635
3889,0.568870523415978
3890,0.6776859504132231
3891,0.3526170798898072
3892,0.46005509641873277
3893,1.5082644628099173
3894,1.2231404958677685
3895,0.918732782369146
3896,1.1763085399449036
3897,0.7300275482093664
3898,0.5826446280991735
3899,0.6088154269972452
3900,0.34710743801652894
3901,0.34710743801652894
3902,0.5137741046831956
3903,3.674931129476584
3904,1.5757575757575757
3905,2.231404958677686
3906,1.5482093663911847
3907,1.462809917355372
3908,1.4917355371900827
3909,1.5881542699724518
3910,0.7231404958677686
3911,0.5509641873278237
3912,1.044077134986226
3913,0.37052341597796146
3914,0.35674931129476584
3915,2.108815426997245
3916,1.2286501377410468
3917,1.078512396694215
3918,0.33884297520661155
3919,0.30165289256198347
3920,2.090909090909091
3921,0.8264462809917356
3922,0.6611570247933884
3923,0.24793388429752067
3924,2.0454545454545454
3925,1.721763085399449
3926,2.009641873278237
3927,0.8415977961432507
3928,0.7754820936639119
3929,0.5027548209366391
3930,0.8415977961432507
3931,0.9931129476584022
3932,0.5289256198347108
3933,0.5027548209366391
3934,0.6157024793388429
3935,0.7424242424242424
3936,0.006887052341597796
3937,0.045454545454545456
3938,0.23415977961432508
3939,0.026170798898071626
3940,0.05371900826446281
3941,0.07713498622589532
3942,0.1859504132231405
3943,0.05096418732782369
3944,8.111570247933884
3945,2.5303030303030303
3946,1.943526170798898
3947,0.418732782369146
3948,1.4834710743801653
3949,1.078512396694215
3950,1.0330578512396693
3951,2.7493112947658402
3952,1.862258953168044
3953,2.1460055096418733
3954,1.399449035812672
3955,0.9421487603305785
3956,1.987603305785124
3957,0.33608815426997246
3958,0.9269972451790633
3959,0.38016528925619836
3960,1.803030303030303
3961,11.265840220385675
3962,2.9104683195592287
3963,3.8388429752066116
3964,4.523415977961433
3965,1.6542699724517906
3966,4.414600550964187
3967,0.8650137741046832
3968,1.418732782369146
3969,1.2107438016528926
3970,0.9380165289256198
3971,0.4573002754820937
3972,0.16942148760330578
3973,2.0991735537190084
3974,1.9738292011019283
3975,0.6212121212121212
3976,0.3236914600550964
3977,0.2190082644628099
3978,1.502754820936639
3979,0.59366391184573
3980,1.0867768595041323
3981,0.10743801652892562
3982,6.026170798898072
3983,1.9793388429752066
3984,1.174931129476584
3985,1.7286501377410468
3986,0.9338842975206612
3987,0.28236914600550966
3988,0.8016528925619835
3989,0.5358126721763086
3990,0.5743801652892562
3991,0.41735537190082644
3992,0.6074380165289256
3993,1.1942148760330578
3994,0.013774104683195593
3995,0.011019283746556474
3996,0.2369146005509642
3997,0.18181818181818182
3998,0.02203856749311295
3999,0.07988980716253444
4000,0.29476584022038566
4001,0.024793388429752067
4002,3.1763085399449036
4003,1.709366391184573
4004,1.1611570247933884
4005,0.6212121212121212
4006,0.7672176308539945
4007,0.8526170798898072
4008,0.6528925619834711
4009,1.9090909090909092
4010,1.06198347107438
4011,1.384297520661157
4012,1.4449035812672177
4013,0.7961432506887053
4014,0.5371900826446281
4015,0.2988980716253444
4016,0.27823691460055094
4017,0.29476584022038566
4018,0.5013774104683195
4019,5.738292011019284
4020,2.9724517906336088
4021,3.9338842975206614
4022,2.7176308539944904
4023,1.5895316804407713
4024,1.6556473829201102
4025,1.4986225895316805
4026,1.3539944903581267
4027,0.8236914600550964
4028,1.1225895316804408
4029,0.5757575757575758
4030,0.24104683195592286
4031,1.7768595041322315
4032,2.1556473829201104
4033,1.4269972451790633
4034,0.2465564738292011
4035,0.47107438016528924
4036,1.3236914600550964
4037,0.7300275482093664
4038,0.5881542699724518
4039,0.8264462809917356
4040,4.256198347107438
4041,1.3691460055096418
4042,1.177685950413223
4043,1.3732782369146006
4044,0.48484848484848486
4045,0.32920110192837465
4046,0.5192837465564738
4047,0.9600550964187328
4048,0.4214876033057851
4049,0.3278236914600551
4050,0.6198347107438017
4051,0.46143250688705234
4052,0.006887052341597796
4053,0.004132231404958678
4054,0.16942148760330578
4055,0.19834710743801653
4056,0.04269972451790634
4057,0.05371900826446281
4058,0.15151515151515152
4059,0.12947658402203857
4060,8.061983471074381
4061,2.6198347107438016
4062,1.6088154269972452
4063,0.8526170798898072
4064,0.6680440771349863
4065,0.4972451790633609
4066,0.581267217630854
4067,1.987603305785124
4068,1.6198347107438016
4069,1.1336088154269972
4070,1.8305785123966942
4071,0.9090909090909091
4072,1.393939393939394
4073,0.6776859504132231
4074,0.4022038567493113
4075,0.39669421487603307
4076,0.35537190082644626
4077,5.214876033057851
4078,2.6515151515151514
4079,3.183195592286501
4080,2.366391184573003
4081,1.037190082644628
4082,1.7011019283746556
4083,1.743801652892562
4084,1.0895316804407713
4085,0.7396694214876033
4086,0.8567493112947658
4087,0.5840220385674931
4088,0.6887052341597796
4089,0.7341597796143251
4090,2.315426997245179
4091,1.5179063360881542
4092,0.37052341597796146
4093,0.32231404958677684
4094,0.9352617079889807
4095,1.5743801652892562
4096,1.0495867768595042
4097,0.5151515151515151
4098,1.8236914600550964
4099,2.6418732782369148
4100,1.5206611570247934
4101,0.8195592286501377
4102,0.9380165289256198
4103,0.5303030303030303
4104,1.0275482093663912
4105,0.6115702479338843
4106,0.640495867768595
4107,0.7272727272727273
4108,0.7892561983471075
4109,0.7575757575757576
4110,0.009641873278236915
4111,0.03581267217630854
4112,0.09090909090909091
4113,0.03581267217630854
4114,0.06060606060606061
4115,0.1115702479338843
4116,0.20798898071625344
4117,0.24242424242424243
4118,4.3429752066115705
4119,2.0399449035812673
4120,0.9090909090909091
4121,0.4628099173553719
4122,0.045454545454545456
4123,0.6157024793388429
4124,1.4834710743801653
4125,2.005509641873278
4126,1.371900826446281
4127,1.258953168044077
4128,0.8567493112947658
4129,1.1666666666666667
4130,0.35537190082644626
4131,0.5853994490358126
4132,0.5826446280991735
4133,0.5151515151515151
4134,0.11432506887052342
4135,5.516528925619835
4136,3.369146005509642
4137,1.3884297520661157
4138,2.0661157024793386
4139,1.5991735537190082
4140,1.2713498622589532
4141,2.212121212121212
4142,0.7754820936639119
4143,0.6652892561983471
4144,0.21487603305785125
4145,0.6859504132231405
4146,0.6391184573002755
4147,3.0826446280991737
4148,0.05234159779614325
4149,1.2465564738292012
4150,1.3732782369146006
4151,1.2203856749311295
4152,0.2066115702479339
4153,0.509641873278237
4154,0.2837465564738292
4155,0.25206611570247933
4156,0.9834710743801653
4157,1.443526170798898
4158,0.6019283746556474
4159,0.5082644628099173
4160,0.8512396694214877
4161,0.6804407713498623
4162,0.5730027548209367
4163,0.5771349862258953
4164,0.778236914600551
4165,0.5785123966942148
4166,0.5798898071625345
4167,0.162534435261708
4168,0.0
4169,0.028925619834710745
4170,0.1790633608815427
4171,0.01790633608815427
4172,0.04269972451790634
4173,0.1763085399449036
4174,0.1184573002754821
4175,0.0440771349862259
4176,6.46831955922865
4177,2.5867768595041323
4178,1.9931129476584022
4179,2.340220385674931
4180,1.3044077134986225
4181,0.8085399449035813
4182,0.8815426997245179
4183,1.7575757575757576
4184,1.4903581267217632
4185,1.93801652892562
4186,1.3099173553719008
4187,1.5082644628099173
4188,0.4214876033057851
4189,1.06198347107438
4190,0.6900826446280992
4191,0.7837465564738292
4192,0.3443526170798898
4193,14.825068870523417
4194,3.411845730027548
4195,3.7741046831955924
4196,3.115702479338843
4197,5.074380165289257
4198,1.9848484848484849
4199,0.6735537190082644
4200,1.7121212121212122
4201,1.5
4202,0.6377410468319559
4203,1.1074380165289257
4204,1.3071625344352618
4205,2.298898071625344
4206,1.4311294765840221
4207,1.5151515151515151
4208,1.2754820936639117
4209,0.8966942148760331
4210,0.987603305785124
4211,1.0
4212,1.3071625344352618
4213,0.418732782369146
4214,2.428374655647383
4215,2.3085399449035813
4216,1.2878787878787878
4217,1.325068870523416
4218,1.1253443526170799
4219,1.3484848484848484
4220,1.6942148760330578
4221,1.243801652892562
4222,1.0688705234159779
4223,0.8787878787878788
4224,0.699724517906336
4225,0.4669421487603306
4226,0.045454545454545456
4227,0.028925619834710745
4228,0.16391184573002754
4229,0.04269972451790634
4230,0.08677685950413223
4231,0.2493112947658402
4232,0.25895316804407714
4233,0.1721763085399449
4234,4.056473829201102
4235,4.228650137741047
4236,2.771349862258953
4237,1.480716253443526
4238,0.8608815426997245
4239,0.8842975206611571
4240,0.8278236914600551
4241,0.8526170798898072
4242,2.6666666666666665
4243,1.6707988980716253
4244,0.4793388429752066
4245,0.8539944903581267
4246,0.22451790633608815
4247,0.4696969696969697
4248,0.44077134986225897
4249,0.4793388429752066
4250,0.11019283746556474
4251,6.917355371900826
4252,2.1818181818181817
4253,0.8471074380165289
4254,2.590909090909091
4255,2.243801652892562
4256,1.396694214876033
4257,1.8760330578512396
4258,1.1336088154269972
4259,0.8140495867768595
4260,1.0909090909090908
4261,0.7878787878787878
4262,0.9917355371900827
4263,2.265840220385675
4264,1.4366391184573002
4265,1.2107438016528926
4266,0.7548209366391184
4267,0.5055096418732782
4268,0.7754820936639119
4269,1.002754820936639
4270,0.9338842975206612
4271,0.36363636363636365
4272,3.3801652892561984
4273,1.9325068870523416
4274,2.431129476584022
4275,1.037190082644628
4276,1.0495867768595042
4277,0.5730027548209367
4278,2.002754820936639
4279,1.7644628099173554
4280,1.5096418732782368
4281,1.4903581267217632
4282,0.8154269972451791
4283,0.3953168044077135
4284,0.02066115702479339
4285,0.03305785123966942
4286,0.22176308539944903
4287,0.01928374655647383
4288,0.049586776859504134
4289,0.08539944903581267
4290,0.28512396694214875
4291,0.18732782369146006
4292,5.181818181818182
4293,5.606060606060606
4294,3.455922865013774
4295,1.7479338842975207
4296,1.221763085399449
4297,1.2079889807162534
4298,0.7506887052341598
4299,6.315426997245179
4300,2.7823691460055096
4301,2.43801652892562
4302,1.2231404958677685
4303,2.2892561983471076
4304,0.662534435261708
4305,3.2672176308539944
4306,0.7121212121212122
4307,0.9118457300275482
4308,0.7176308539944903
4309,14.65977961432507
4310,4.254820936639119
4311,5.254820936639119
4312,3.352617079889807
4313,3.674931129476584
4314,2.159779614325069
4315,2.2644628099173554
4316,2.7506887052341598
4317,1.4228650137741048
4318,0.5991735537190083
4319,1.4256198347107438
4320,1.534435261707989
4321,5.404958677685951
4322,2.8292011019283745
4323,1.8305785123966942
4324,1.265840220385675
4325,0.7699724517906336
4326,2.5137741046831956
4327,1.6019283746556474
4328,1.2493112947658402
4329,1.4035812672176309
4330,7.757575757575758
4331,0.1418732782369146
4332,3.0454545454545454
4333,1.8071625344352618
4334,1.8581267217630855
4335,1.544077134986226
4336,2.5013774104683195
4337,2.597796143250689
4338,1.6019283746556474
4339,0.9889807162534435
4340,1.1088154269972452
4341,0.8126721763085399
4342,0.027548209366391185
4343,0.046831955922865015
4344,0.3581267217630854
4345,0.03305785123966942
4346,0.045454545454545456
4347,0.21074380165289255
4348,0.2988980716253444
4349,0.0
4350,7.25068870523416
4351,2.1294765840220387
4352,1.1639118457300275
4353,0.9944903581267218
4354,1.6694214876033058
4355,1.2975206611570247
4356,0.6666666666666666
4357,3.074380165289256
4358,2.3774104683195594
4359,2.056473829201102
4360,2.046831955922865
4361,1.8650137741046833
4362,0.6652892561983471
4363,0.8526170798898072
4364,1.1294765840220387
4365,0.7961432506887053
4366,0.19834710743801653
4367,11.24793388429752
4368,6.050964187327824
4369,2.3512396694214877
4370,5.866391184573002
4371,1.6088154269972452
4372,2.652892561983471
4373,1.4820936639118458
4374,1.399449035812672
4375,1.6515151515151516
4376,0.4476584022038568
4377,1.3209366391184574
4378,0.7121212121212122
4379,1.9724517906336088
4380,3.1515151515151514
4381,1.2300275482093663
4382,1.0977961432506886
4383,0.29614325068870523
4384,1.0881542699724518
4385,0.5881542699724518
4386,0.5964187327823691
4387,0.6694214876033058
4388,2.5964187327823693
4389,1.4008264462809918
4390,0.8471074380165289
4391,1.5234159779614325
4392,0.8223140495867769
4393,0.35674931129476584
4394,0.9972451790633609
4395,0.5289256198347108
4396,1.2865013774104683
4397,0.7052341597796143
4398,0.4297520661157025
4399,0.5550964187327824
4400,0.0674931129476584
4401,0.015151515151515152
4402,0.33608815426997246
4403,0.27823691460055094
4404,0.0371900826446281
4405,0.06336088154269973
4406,0.3168044077134986
4407,0.028925619834710745
4408,4.418732782369146
4409,1.9710743801652892
4410,1.0964187327823691
4411,0.6322314049586777
4412,0.5550964187327824
4413,0.44490358126721763
4414,0.5165289256198347
4415,3.0702479338842976
4416,1.674931129476584
4417,1.3057851239669422
4418,1.5702479338842976
4419,0.7011019283746557
4420,2.1707988980716255
4421,0.27823691460055094
4422,0.5275482093663911
4423,0.6584022038567493
4424,0.5895316804407713
4425,5.161157024793388
4426,2.8044077134986227
4427,3.8016528925619837
4428,1.7892561983471074
4429,0.8925619834710744
4430,1.6666666666666667
4431,1.4545454545454546
4432,1.0179063360881542
4433,0.7355371900826446
4434,0.6460055096418733
4435,0.22589531680440772
4436,0.19972451790633608
4437,1.059228650137741
4438,2.5798898071625342
4439,1.5426997245179064
4440,0.46143250688705234
4441,0.4366391184573003
4442,1.8884297520661157
4443,1.3016528925619835
4444,0.8898071625344353
4445,1.1680440771349863
4446,1.8980716253443526
4447,2.015151515151515
4448,1.9201101928374655
4449,1.1473829201101928
4450,0.7933884297520661
4451,0.4972451790633609
4452,1.0661157024793388
4453,1.0537190082644627
4454,0.37327823691460055
4455,0.4986225895316804
4456,0.6556473829201102
4457,1.1267217630853994
4458,0.03168044077134986
4459,0.07575757575757576
4460,0.14600550964187328
4461,0.045454545454545456
4462,0.09779614325068871
4463,0.06611570247933884
4464,0.32644628099173556
4465,0.174931129476584
4466,2.479338842975207
4467,2.6515151515151514
4468,1.8636363636363635
4469,0.568870523415978
4470,0.6776859504132231
4471,0.3526170798898072
4472,0.46005509641873277
4473,1.5082644628099173
4474,1.2231404958677685
4475,0.918732782369146
4476,1.1763085399449036
4477,0.7300275482093664
4478,0.5826446280991735
4479,0.6088154269972452
4480,0.34710743801652894
4481,0.34710743801652894
4482,0.5137741046831956
4483,3.674931129476584
4484,1.5757575757575757
4485,2.231404958677686
4486,1.5482093663911847
4487,1.462809917355372
4488,1.4917355371900827
4489,1.5881542699724518
4490,0.7231404958677686
4491,0.5509641873278237
4492,1.044077134986226
4493,0.37052341597796146
4494,0.35674931129476584
4495,2.108815426997245
4496,1.2286501377410468
4497,1.078512396694215
4498,0.33884297520661155
4499,0.30165289256198347
4500,2.090909090909091
4501,0.8264462809917356
4502,0.6611570247933884
4503,0.24793388429752067
4504,2.0454545454545454
4505,1.721763085399449
4506,2.009641873278237
4507,0.8415977961432507
4508,0.7754820936639119
4509,0.5027548209366391
4510,0.8415977961432507
4511,0.9931129476584022
4512,0.5289256198347108
4513,0.5027548209366391
4514,0.6157024793388429
4515,0.7424242424242424
4516,0.006887052341597796
4517,0.045454545454545456
4518,0.23415977961432508
4519,0.026170798898071626
4520,0.05371900826446281
4521,0.07713498622589532
4522,0.1859504132231405
4523,0.05096418732782369
4524,8.111570247933884
4525,2.5303030303030303
4526,1.943526170798898
4527,0.418732782369146
4528,1.4834710743801653
4529,1.078512396694215
4530,1.0330578512396693
4531,2.7493112947658402
4532,1.862258953168044
4533,2.1460055096418733
4534,1.399449035812672
4535,0.9421487603305785
4536,1.987603305785124
4537,0.33608815426997246
4538,0.9269972451790633
4539,0.38016528925619836
4540,1.803030303030303
4541,11.265840220385675
4542,2.9104683195592287
4543,3.8388429752066116
4544,4.523415977961433
4545,1.6542699724517906
4546,4.414600550964187
4547,0.8650137741046832
4548,1.418732782369146
4549,1.2107438016528926
4550,0.9380165289256198
4551,0.4573002754820937
4552,0.16942148760330578
4553,2.0991735537190084
4554,1.9738292011019283
4555,0.6212121212121212
4556,0.3236914600550964
4557,0.2190082644628099
4558,1.502754820936639
4559,0.59366391184573
4560,1.0867768595041323
4561,0.10743801652892562
4562,6.026170798898072
4563,1.9793388429752066
4564,1.174931129476584
4565,1.7286501377410468
4566,0.9338842975206612
4567,0.28236914600550966
4568,0.8016528925619835
4569,0.5358126721763086
4570,0.5743801652892562
4571,0.41735537190082644
4572,0.6074380165289256
4573,1.1942148760330578
4574,0.013774104683195593
4575,0.011019283746556474
4576,0.2369146005509642
4577,0.18181818181818182
4578,0.02203856749311295
4579,0.07988980716253444
4580,0.29476584022038566
4581,0.024793388429752067
4582,3.1763085399449036
4583,1.709366391184573
4584,1.1611570247933884
4585,0.6212121212121212
4586,0.7672176308539945
4587,0.8526170798898072
4588,0.6528925619834711
4589,1.9090909090909092
4590,1.06198347107438
4591,1.384297520661157
4592,1.4449035812672177
4593,0.7961432506887053
4594,0.5371900826446281
4595,0.2988980716253444
4596,0.27823691460055094
4597,0.29476584022038566
4598,0.5013774104683195
4599,5.738292011019284
4600,2.9724517906336088
4601,3.9338842975206614
4602,2.7176308539944904
4603,1.5895316804407713
4604,1.6556473829201102
4605,1.4986225895316805
4606,1.3539944903581267
4607,0.8236914600550964
4608,1.1225895316804408
4609,0.5757575757575758
4610,0.24104683195592286
4611,1.7768595041322315
4612,2.1556473829201104
4613,1.4269972451790633
4614,0.2465564738292011
4615,0.47107438016528924
4616,1.3236914600550964
4617,0.7300275482093664
4618,0.5881542699724518
4619,0.8264462809917356
4620,4.256198347107438
4621,1.3691460055096418
4622,1.177685950413223
4623,1.3732782369146006
4624,0.48484848484848486
4625,0.32920110192837465
4626,0.5192837465564738
4627,0.9600550964187328
4628,0.4214876033057851
4629,0.3278236914600551
4630,0.6198347107438017
4631,0.46143250688705234
4632,0.006887052341597796
4633,0.004132231404958678
4634,0.16942148760330578
4635,0.19834710743801653
4636,0.04269972451790634
4637,0.05371900826446281
4638,0.15151515151515152
4639,0.12947658402203857
4640,8.061983471074381
4641,2.6198347107438016
4642,1.6088154269972452
4643,0.8526170798898072
4644,0.6680440771349863
4645,0.4972451790633609
4646,0.581267217630854
4647,1.987603305785124
4648,1.6198347107438016
4649,1.1336088154269972
4650,1.8305785123966942
4651,0.9090909090909091
4652,1.393939393939394
4653,0.6776859504132231
4654,0.4022038567493113
4655,0.39669421487603307
4656,0.35537190082644626
4657,5.214876033057851
4658,2.6515151515151514
4659,3.183195592286501
4660,2.366391184573003
4661,1.037190082644628
4662,1.7011019283746556
4663,1.743801652892562
4664,1.0895316804407713
4665,0.7396694214876033
4666,0.8567493112947658
4667,0.5840220385674931
4668,0.6887052341597796
4669,0.7341597796143251
4670,2.315426997245179
4671,1.5179063360881542
4672,0.37052341597796146
4673,0.32231404958677684
4674,0.9352617079889807
4675,1.5743801652892562
4676,1.0495867768595042
4677,0.5151515151515151
4678,1.8236914600550964
4679,2.6418732782369148
4680,1.5206611570247934
4681,0.8195592286501377
4682,0.9380165289256198
4683,0.5303030303030303
4684,1.0275482093663912
4685,0.6115702479338843
4686,0.640495867768595
4687,0.7272727272727273
4688,0.7892561983471075
4689,0.7575757575757576
4690,0.009641873278236915
4691,0.03581267217630854
4692,0.09090909090909091
4693,0.03581267217630854
4694,0.06060606060606061
4695,0.1115702479338843
4696,0.20798898071625344
4697,0.24242424242424243
4698,4.3429752066115705
4699,2.0399449035812673
4700,0.9090909090909091
4701,0.4628099173553719
4702,0.045454545454545456
4703,0.6157024793388429
4704,1.4834710743801653
4705,2.005509641873278
4706,1.371900826446281
4707,1.258953168044077
4708,0.8567493112947658
4709,1.1666666666666667
4710,0.35537190082644626
4711,0.5853994490358126
4712,0.5826446280991735
4713,0.5151515151515151
4714,0.11432506887052342
4715,5.516528925619835
4716,3.369146005509642
4717,1.3884297520661157
4718,2.0661157024793386
4719,1.5991735537190082
4720,1.2713498622589532
4721,2.212121212121212
4722,0.7754820936639119
4723,0.6652892561983471
4724,0.21487603305785125
4725,0.6859504132231405
4726,0.6391184573002755
4727,3.0826446280991737
4728,0.05234159779614325
4729,1.2465564738292012
4730,1.3732782369146006
4731,1.2203856749311295
4732,0.2066115702479339
4733,0.509641873278237
4734,0.2837465564738292
4735,0.25206611570247933
4736,0.9834710743801653
4737,1.443526170798898
4738,0.6019283746556474
4739,0.5082644628099173
4740,0.8512396694214877
4741,0.6804407713498623
4742,0.5730027548209367
4743,0.5771349862258953
4744,0.778236914600551
4745,0.5785123966942148
4746,0.5798898071625345
4747,0.162534435261708
4748,0.0
4749,0.028925619834710745
4750,0.1790633608815427
4751,0.01790633608815427
4752,0.04269972451790634
4753,0.1763085399449036
4754,0.1184573002754821
4755,0.0440771349862259
4756,6.46831955922865
4757,2.5867768595041323
4758,1.9931129476584022
4759,2.340220385674931
4760,1.3044077134986225
4761,0.8085399449035813
4762,0.8815426997245179
4763,1.7575757575757576
4764,1.4903581267217632
4765,1.93801652892562
4766,1.3099173553719008
4767,1.5082644628099173
4768,0.4214876033057851
4769,1.06198347107438
4770,0.6900826446280992
4771,0.7837465564738292
4772,0.3443526170798898
4773,14.825068870523417
4774,3.411845730027548
4775,3.7741046831955924
4776,3.115702479338843
4777,5.074380165289257
4778,1.9848484848484849
4779,0.6735537190082644
4780,1.7121212121212122
4781,1.5
4782,0.6377410468319559
4783,1.1074380165289257
4784,1.3071625344352618
4785,2.298898071625344
4786,1.4311294765840221
4787,1.5151515151515151
4788,1.2754820936639117
4789,0.8966942148760331
4790,0.987603305785124
4791,1.0
4792,1.3071625344352618
4793,0.418732782369146
4794,2.428374655647383
4795,2.3085399449035813
4796,1.2878787878787878
4797,1.325068870523416
4798,1.1253443526170799
4799,1.3484848484848484
4800,1.6942148760330578
4801,1.243801652892562
4802,1.0688705234159779
4803,0.8787878787878788
4804,0.699724517906336
4805,0.4669421487603306
4806,0.045454545454545456
4807,0.028925619834710745
4808,0.16391184573002754
4809,0.04269972451790634
4810,0.08677685950413223
4811,0.2493112947658402
4812,0.25895316804407714
4813,0.1721763085399449
4814,4.056473829201102
4815,4.228650137741047
4816,2.771349862258953
4817,1.480716253443526
4818,0.8608815426997245
4819,0.8842975206611571
4820,0.8278236914600551
4821,0.8526170798898072
4822,2.6666666666666665
4823,1.6707988980716253
4824,0.4793388429752066
4825,0.8539944903581267
4826,0.22451790633608815
4827,0.4696969696969697
4828,0.44077134986225897
4829,0.4793388429752066
4830,0.11019283746556474
4831,6.917355371900826
4832,2.1818181818181817
4833,0.8471074380165289
4834,2.590909090909091
4835,2.243801652892562
4836,1.396694214876033
4837,1.8760330578512396
4838,1.1336088154269972
4839,0.8140495867768595
4840,1.0909090909090908
4841,0.7878787878787878
4842,0.9917355371900827
4843,2.265840220385675
4844,1.4366391184573002
4845,1.2107438016528926
4846,0.7548209366391184
4847,0.5055096418732782
4848,0.7754820936639119
4849,1.002754820936639
4850,0.9338842975206612
4851,0.36363636363636365
4852,3.3801652892561984
4853,1.9325068870523416
4854,2.431129476584022
4855,1.037190082644628
4856,1.0495867768595042
4857,0.5730027548209367
4858,2.002754820936639
4859,1.7644628099173554
4860,1.5096418732782368
4861,1.4903581267217632
4862,0.8154269972451791
4863,0.3953168044077135
4864,0.02066115702479339
4865,0.03305785123966942
4866,0.22176308539944903
4867,0.01928374655647383
4868,0.049586776859504134
4869,0.08539944903581267
4870,0.28512396694214875
4871,0.18732782369146006
4872,5.181818181818182
4873,5.606060606060606
4874,3.455922865013774
4875,1.7479338842975207
4876,1.221763085399449
4877,1.2079889807162534
4878,0.7506887052341598
4879,6.315426997245179
4880,2.7823691460055096
4881,2.43801652892562
4882,1.2231404958677685
4883,2.2892561983471076
4884,0.662534435261708
4885,3.2672176308539944
4886,0.7121212121212122
4887,0.9118457300275482
4888,0.7176308539944903
4889,14.65977961432507
4890,4.254820936639119
4891,5.254820936639119
4892,3.352617079889807
4893,3.674931129476584
4894,2.159779614325069
4895,2.2644628099173554
4896,2.7506887052341598
4897,1.4228650137741048
4898,0.5991735537190083
4899,1.4256198347107438
4900,1.534435261707989
4901,5.404958677685951
4902,2.8292011019283745
4903,1.8305785123966942
4904,1.265840220385675
4905,0.7699724517906336
4906,2.5137741046831956
4907,1.6019283746556474
4908,1.2493112947658402
4909,1.4035812672176309
4910,7.757575757575758
4911,0.1418732782369146
4912,3.0454545454545454
4913,1.8071625344352618
4914,1.8581267217630855
4915,1.544077134986226
4916,2.5013774104683195
4917,2.597796143250689
4918,1.6019283746556474
4919,0.9889807162534435
4920,1.1088154269972452
4921,0.8126721763085399
4922,0.027548209366391185
4923,0.046831955922865015
4924,0.3581267217630854
4925,0.03305785123966942
4926,0.045454545454545456
4927,0.21074380165289255
4928,0.2988980716253444
4929,0.0
4930,7.25068870523416
4931,2.1294765840220387
4932,1.1639118457300275
4933,0.9944903581267218
4934,1.6694214876033058
4935,1.2975206611570247
4936,0.6666666666666666
4937,3.074380165289256
4938,2.3774104683195594
4939,2.056473829201102
4940,2.046831955922865
4941,1.8650137741046833
4942,0.6652892561983471
4943,0.8526170798898072
4944,1.1294765840220387
4945,0.7961432506887053
4946,0.19834710743801653
4947,11.24793388429752
4948,6.050964187327824
4949,2.3512396694214877
4950,5.866391184573002
4951,1.6088154269972452
4952,2.652892561983471
4953,1.4820936639118458
4954,1.399449035812672
4955,1.6515151515151516
4956,0.4476584022038568
4957,1.3209366391184574
4958,0.7121212121212122
4959,1.9724517906336088
4960,3.1515151515151514
4961,1.2300275482093663
4962,1.0977961432506886
4963,0.29614325068870523
4964,1.0881542699724518
4965,0.5881542699724518
4966,0.5964187327823691
4967,0.6694214876033058
4968,2.5964187327823693
4969,1.4008264462809918
4970,0.8471074380165289
4971,1.5234159779614325
4972,0.8223140495867769
4973,0.35674931129476584
4974,0.9972451790633609
4975,0.5289256198347108
4976,1.2865013774104683
4977,0.7052341597796143
4978,0.4297520661157025
4979,0.5550964187327824
4980,0.0674931129476584
4981,0.015151515151515152
4982,0.33608815426997246
4983,0.27823691460055094
4984,0.0371900826446281
4985,0.06336088154269973
4986,0.3168044077134986
4987,0.028925619834710745
4988,4.418732782369146
4989,1.9710743801652892
4990,1.0964187327823691
4991,0.6322314049586777
4992,0.5550964187327824
4993,0.44490358126721763
4994,0.5165289256198347
4995,3.0702479338842976
4996,1.674931129476584
4997,1.3057851239669422
4998,1.5702479338842976
4999,0.7011019283746557
5000,2.1707988980716255
5001,0.27823691460055094
5002,0.5275482093663911
5003,0.6584022038567493
5004,0.5895316804407713
5005,5.161157024793388
5006,2.8044077134986227
5007,3.8016528925619837
5008,1.7892561983471074
5009,0.8925619834710744
5010,1.6666666666666667
5011,1.4545454545454546
5012,1.0179063360881542
5013,0.7355371900826446
5014,0.6460055096418733
5015,0.22589531680440772
5016,0.19972451790633608
5017,1.059228650137741
5018,2.5798898071625342
5019,1.5426997245179064
5020,0.46143250688705234
5021,0.4366391184573003
5022,1.8884297520661157
5023,1.3016528925619835
5024,0.8898071625344353
5025,1.1680440771349863
5026,1.8980716253443526
5027,2.015151515151515
5028,1.9201101928374655
5029,1.1473829201101928
5030,0.7933884297520661
5031,0.4972451790633609
5032,1.0661157024793388
5033,1.0537190082644627
5034,0.37327823691460055
5035,0.4986225895316804
5036,0.6556473829201102
5037,1.1267217630853994
5038,0.03168044077134986
5039,0.07575757575757576
5040,0.14600550964187328
5041,0.045454545454545456
5042,0.09779614325068871
5043,0.06611570247933884
5044,0.32644628099173556
5045,0.174931129476584
5046,2.479338842975207
5047,2.6515151515151514
5048,1.8636363636363635
5049,0.568870523415978
5050,0.6776859504132231
5051,0.3526170798898072
5052,0.46005509641873277
5053,1.5082644628099173
5054,1.2231404958677685
5055,0.918732782369146
5056,1.1763085399449036
5057,0.7300275482093664
5058,0.5826446280991735
5059,0.6088154269972452
5060,0.34710743801652894
5061,0.34710743801652894
5062,0.5137741046831956
5063,3.674931129476584
5064,1.5757575757575757
5065,2.231404958677686
5066,1.5482093663911847
5067,1.462809917355372
5068,1.4917355371900827
5069,1.5881542699724518
5070,0.7231404958677686
5071,0.5509641873278237
5072,1.044077134986226
5073,0.37052341597796146
5074,0.35674931129476584
5075,2.108815426997245
5076,1.2286501377410468
5077,1.078512396694215
5078,0.33884297520661155
5079,0.30165289256198347
5080,2.090909090909091
5081,0.8264462809917356
5082,0.6611570247933884
5083,0.24793388429752067
5084,2.0454545454545454
5085,1.721763085399449
5086,2.009641873278237
5087,0.8415977961432507
5088,0.7754820936639119
5089,0.5027548209366391
5090,0.8415977961432507
5091,0.9931129476584022
5092,0.5289256198347108
5093,0.5027548209366391
5094,0.6157024793388429
5095,0.7424242424242424
5096,0.006887052341597796
5097,0.045454545454545456
5098,0.23415977961432508
5099,0.026170798898071626
5100,0.05371900826446281
5101,0.07713498622589532
5102,0.1859504132231405
5103,0.05096418732782369
5104,8.111570247933884
5105,2.5303030303030303
5106,1.943526170798898
5107,0.418732782369146
5108,1.4834710743801653
5109,1.078512396694215
5110,1.0330578512396693
5111,2.7493112947658402
5112,1.862258953168044
5113,2.1460055096418733
5114,1.399449035812672
5115,0.9421487603305785
5116,1.987603305785124
5117,0.33608815426997246
5118,0.9269972451790633
5119,0.38016528925619836
5120,1.803030303030303
5121,11.265840220385675
5122,2.9104683195592287
5123,3.8388429752066116
5124,4.523415977961433
5125,1.6542699724517906
5126,4.414600550964187
5127,0.8650137741046832
5128,1.418732782369146
5129,1.2107438016528926
5130,0.9380165289256198
5131,0.4573002754820937
5132,0.16942148760330578
5133,2.0991735537190084
5134,1.9738292011019283
5135,0.6212121212121212
5136,0.3236914600550964
5137,0.2190082644628099
5138,1.502754820936639
5139,0.59366391184573
5140,1.0867768595041323
5141,0.10743801652892562
5142,6.026170798898072
5143,1.9793388429752066
5144,1.174931129476584
5145,1.7286501377410468
5146,0.9338842975206612
5147,0.28236914600550966
5148,0.8016528925619835
5149,0.5358126721763086
5150,0.5743801652892562
5151,0.41735537190082644
5152,0.6074380165289256
5153,1.1942148760330578
5154,0.013774104683195593
5155,0.011019283746556474
5156,0.2369146005509642
5157,0.18181818181818182
5158,0.02203856749311295
5159,0.07988980716253444
5160,0.29476584022038566
5161,0.024793388429752067
5162,3.1763085399449036
5163,1.709366391184573
5164,1.1611570247933884
5165,0.6212121212121212
5166,0.7672176308539945
5167,0.8526170798898072
5168,0.6528925619834711
5169,1.9090909090909092
5170,1.06198347107438
5171,1.384297520661157
5172,1.4449035812672177
5173,0.7961432506887053
5174,0.5371900826446281
5175,0.2988980716253444
5176,0.27823691460055094
5177,0.29476584022038566
5178,0.5013774104683195
5179,5.738292011019284
5180,2.9724517906336088
5181,3.9338842975206614
5182,2.7176308539944904
5183,1.5895316804407713
5184,1.6556473829201102
5185,1.4986225895316805
5186,1.3539944903581267
5187,0.8236914600550964
5188,1.1225895316804408
5189,0.5757575757575758
5190,0.24104683195592286
5191,1.7768595041322315
5192,2.1556473829201104
5193,1.4269972451790633
5194,0.2465564738292011
5195,0.47107438016528924
5196,1.3236914600550964
5197,0.7300275482093664
5198,0.5881542699724518
5199,0.8264462809917356
5200,4.256198347107438
5201,1.3691460055096418
5202,1.177685950413223
5203,1.3732782369146006
5204,0.48484848484848486
5205,0.32920110192837465
5206,0.5192837465564738
5207,0.9600550964187328
5208,0.4214876033057851
5209,0.3278236914600551
5210,0.6198347107438017
5211,0.46143250688705234
5212,0.006887052341597796
5213,0.004132231404958678
5214,0.16942148760330578
5215,0.19834710743801653
5216,0.04269972451790634
5217,0.05371900826446281
5218,0.15151515151515152
5219,0.12947658402203857
5220,8.061983471074381
5221,2.6198347107438016
5222,1.6088154269972452
5223,0.8526170798898072
5224,0.6680440771349863
5225,0.4972451790633609
5226,0.581267217630854
5227,1.987603305785124
5228,1.6198347107438016
5229,1.1336088154269972
5230,1.8305785123966942
5231,0.9090909090909091
5232,1.393939393939394
5233,0.6776859504132231
5234,0.4022038567493113
5235,0.39669421487603307
5236,0.35537190082644626
5237,5.214876033057851
5238,2.6515151515151514
5239,3.183195592286501
5240,2.366391184573003
5241,1.037190082644628
5242,1.7011019283746556
5243,1.743801652892562
5244,1.0895316804407713
5245,0.7396694214876033
5246,0.8567493112947658
5247,0.5840220385674931
5248,0.6887052341597796
5249,0.7341597796143251
5250,2.315426997245179
5251,1.5179063360881542
5252,0.37052341597796146
5253,0.32231404958677684
5254,0.9352617079889807
5255,1.5743801652892562
5256,1.0495867768595042
5257,0.5151515151515151
5258,1.8236914600550964
5259,2.6418732782369148
5260,1.5206611570247934
5261,0.8195592286501377
5262,0.9380165289256198
5263,0.5303030303030303
5264,1.0275482093663912
5265,0.6115702479338843
5266,0.640495867768595
5267,0.7272727272727273
5268,0.7892561983471075
5269,0.7575757575757576
5270,0.009641873278236915
5271,0.03581267217630854
5272,0.09090909090909091
5273,0.03581267217630854
5274,0.06060606060606061
5275,0.1115702479338843
5276,0.20798898071625344
5277,0.24242424242424243
5278,4.3429752066115705
5279,2.0399449035812673
5280,0.9090909090909091
5281,0.4628099173553719
5282,0.045454545454545456
5283,0.6157024793388429
5284,1.4834710743801653
5285,2.005509641873278
5286,1.371900826446281
5287,1.258953168044077
5288,0.8567493112947658
5289,1.1666666666666667
5290,0.35537190082644626
5291,0.5853994490358126
5292,0.5826446280991735
5293,0.5151515151515151
5294,0.11432506887052342
5295,5.516528925619835
5296,3.369146005509642
5297,1.3884297520661157
5298,2.0661157024793386
5299,1.5991735537190082
5300,1.2713498622589532
5301,2.212121212121212
5302,0.7754820936639119
5303,0.6652892561983471
5304,0.21487603305785125
5305,0.6859504132231405
5306,0.6391184573002755
5307,3.0826446280991737
5308,0.05234159779614325
5309,1.2465564738292012
5310,1.3732782369146006
5311,1.2203856749311295
5312,0.2066115702479339
5313,0.509641873278237
5314,0.2837465564738292
5315,0.25206611570247933
5316,0.9834710743801653
5317,1.443526170798898
5318,0.6019283746556474
5319,0.5082644628099173
5320,0.8512396694214877
5321,0.6804407713498623
5322,0.5730027548209367
5323,0.5771349862258953
5324,0.778236914600551
5325,0.5785123966942148
5326,0.5798898071625345
5327,0.162534435261708
5328,0.0
5329,0.028925619834710745
5330,0.1790633608815427
5331,0.01790633608815427
5332,0.04269972451790634
5333,0.1763085399449036
5334,0.1184573002754821
5335,0.0440771349862259
5336,6.46831955922865
5337,2.5867768595041323
5338,1.9931129476584022
5339,2.340220385674931
5340,1.3044077134986225
5341,0.8085399449035813
5342,0.8815426997245179
5343,1.7575757575757576
5344,1.4903581267217632
5345,1.93801652892562
5346,1.3099173553719008
5347,1.5082644628099173
5348,0.4214876033057851
5349,1.06198347107438
5350,0.6900826446280992
5351,0.7837465564738292
5352,0.3443526170798898
5353,14.825068870523417
5354,3.411845730027548
5355,3.7741046831955924
5356,3.115702479338843
5357,5.074380165289257
5358,1.9848484848484849
5359,0.6735537190082644
5360,1.7121212121212122
5361,1.5
5362,0.6377410468319559
5363,1.1074380165289257
5364,1.3071625344352618
5365,2.298898071625344
5366,1.4311294765840221
5367,1.5151515151515151
5368,1.2754820936639117
5369,0.8966942148760331
5370,0.987603305785124
5371,1.0
5372,1.3071625344352618
5373,0.418732782369146
5374,2.428374655647383
5375,2.3085399449035813
5376,1.2878787878787878
5377,1.325068870523416
5378,1.1253443526170799
5379,1.3484848484848484
5380,1.6942148760330578
5381,1.243801652892562
5382,1.0688705234159779
5383,0.8787878787878788
5384,0.699724517906336
5385,0.4669421487603306
5386,0.045454545454545456
5387,0.028925619834710745
5388,0.16391184573002754
5389,0.04269972451790634
5390,0.08677685950413223
5391,0.2493112947658402
5392,0.25895316804407714
5393,0.1721763085399449
5394,4.056473829201102
5395,4.228650137741047
5396,2.771349862258953
5397,1.480716253443526
5398,0.8608815426997245
5399,0.8842975206611571
5400,0.8278236914600551
5401,0.8526170798898072
5402,2.6666666666666665
5403,1.6707988980716253
5404,0.4793388429752066
5405,0.8539944903581267
5406,0.22451790633608815
5407,0.4696969696969697
5408,0.44077134986225897
5409,0.4793388429752066
5410,0.11019283746556474
5411,6.917355371900826
5412,2.1818181818181817
5413,0.8471074380165289
5414,2.590909090909091
5415,2.243801652892562
5416,1.396694214876033
5417,1.8760330578512396
5418,1.1336088154269972
5419,0.8140495867768595
5420,1.0909090909090908
5421,0.7878787878787878
5422,0.9917355371900827
5423,2.265840220385675
5424,1.4366391184573002
5425,1.2107438016528926
5426,0.7548209366391184
5427,0.5055096418732782
5428,0.7754820936639119
5429,1.002754820936639
5430,0.9338842975206612
5431,0.36363636363636365
5432,3.3801652892561984
5433,1.9325068870523416
5434,2.431129476584022
5435,1.037190082644628
5436,1.0495867768595042
5437,0.5730027548209367
5438,2.002754820936639
5439,1.7644628099173554
5440,1.5096418732782368
5441,1.4903581267217632
5442,0.8154269972451791
5443,0.3953168044077135
5444,0.02066115702479339
5445,0.03305785123966942
5446,0.22176308539944903
5447,0.01928374655647383
5448,0.049586776859504134
5449,0.08539944903581267
5450,0.28512396694214875
5451,0.18732782369146006
5452,5.181818181818182
5453,5.606060606060606
5454,3.455922865013774
5455,1.7479338842975207
5456,1.221763085399449
5457,1.2079889807162534
5458,0.7506887052341598
5459,6.315426997245179
5460,2.7823691460055096
5461,2.43801652892562
5462,1.2231404958677685
5463,2.2892561983471076
5464,0.662534435261708
5465,3.2672176308539944
5466,0.7121212121212122
5467,0.9118457300275482
5468,0.7176308539944903
5469,14.65977961432507
5470,4.254820936639119
5471,5.254820936639119
5472,3.352617079889807
5473,3.674931129476584
5474,2.159779614325069
5475,2.2644628099173554
5476,2.7506887052341598
5477,1.4228650137741048
5478,0.5991735537190083
5479,1.4256198347107438
5480,1.534435261707989
5481,5.404958677685951
5482,2.8292011019283745
5483,1.8305785123966942
5484,1.265840220385675
5485,0.7699724517906336
5486,2.5137741046831956
5487,1.6019283746556474
5488,1.2493112947658402
5489,1.4035812672176309
5490,7.757575757575758
5491,0.1418732782369146
5492,3.0454545454545454
5493,1.8071625344352618
5494,1.8581267217630855
5495,1.544077134986226
5496,2.5013774104683195
5497,2.597796143250689
5498,1.6019283746556474
5499,0.9889807162534435
5500,1.1088154269972452
5501,0.8126721763085399
5502,0.027548209366391185
5503,0.046831955922865015
5504,0.3581267217630854
5505,0.03305785123966942
5506,0.045454545454545456
5507,0.21074380165289255
5508,0.2988980716253444
5509,0.0
5510,7.25068870523416
5511,2.1294765840220387
5512,1.1639118457300275
5513,0.9944903581267218
5514,1.6694214876033058
5515,1.2975206611570247
5516,0.6666666666666666
5517,3.074380165289256
5518,2.3774104683195594
5519,2.056473829201102
5520,2.046831955922865
5521,1.8650137741046833
5522,0.6652892561983471
5523,0.8526170798898072
5524,1.1294765840220387
5525,0.7961432506887053
5526,0.19834710743801653
5527,11.24793388429752
5528,6.050964187327824
5529,2.3512396694214877
5530,5.866391184573002
5531,1.6088154269972452
5532,2.652892561983471
5533,1.4820936639118458
5534,1.399449035812672
5535,1.6515151515151516
5536,0.4476584022038568
5537,1.3209366391184574
5538,0.7121212121212122
5539,1.9724517906336088
5540,3.1515151515151514
5541,1.2300275482093663
5542,1.0977961432506886
5543,0.29614325068870523
5544,1.0881542699724518
5545,0.5881542699724518
5546,0.5964187327823691
5547,0.6694214876033058
5548,2.5964187327823693
5549,1.4008264462809918
5550,0.8471074380165289
5551,1.5234159779614325
5552,0.8223140495867769
5553,0.35674931129476584
5554,0.9972451790633609
5555,0.5289256198347108
5556,1.2865013774104683
5557,0.7052341597796143
5558,0.4297520661157025
5559,0.5550964187327824
5560,0.0674931129476584
5561,0.015151515151515152
5562,0.33608815426997246
5563,0.27823691460055094
5564,0.0371900826446281
5565,0.06336088154269973
5566,0.3168044077134986
5567,0.028925619834710745
5568,4.418732782369146
5569,1.9710743801652892
5570,1.0964187327823691
5571,0.6322314049586777
5572,0.5550964187327824
5573,0.44490358126721763
5574,0.5165289256198347
5575,3.0702479338842976
5576,1.674931129476584
5577,1.3057851239669422
5578,1.5702479338842976
5579,0.7011019283746557
5580,2.1707988980716255
5581,0.27823691460055094
5582,0.5275482093663911
5583,0.6584022038567493
5584,0.5895316804407713
5585,5.161157024793388
5586,2.8044077134986227
5587,3.8016528925619837
5588,1.7892561983471074
5589,0.8925619834710744
5590,1.6666666666666667
5591,1.4545454545454546
5592,1.0179063360881542
5593,0.7355371900826446
5594,0.6460055096418733
5595,0.22589531680440772
5596,0.19972451790633608
5597,1.059228650137741
5598,2.5798898071625342
5599,1.5426997245179064
5600,0.46143250688705234
5601,0.4366391184573003
5602,1.8884297520661157
5603,1.3016528925619835
5604,0.8898071625344353
5605,1.1680440771349863
5606,1.8980716253443526
5607,2.015151515151515
5608,1.9201101928374655
5609,1.1473829201101928
5610,0.7933884297520661
5611,0.4972451790633609
5612,1.0661157024793388
5613,1.0537190082644627
5614,0.37327823691460055
5615,0.4986225895316804
5616,0.6556473829201102
5617,1.1267217630853994
5618,0.03168044077134986
5619,0.07575757575757576
5620,0.14600550964187328
5621,0.045454545454545456
5622,0.09779614325068871
5623,0.06611570247933884
5624,0.32644628099173556
5625,0.174931129476584
5626,2.479338842975207
5627,2.6515151515151514
5628,1.8636363636363635
5629,0.568870523415978
5630,0.6776859504132231
5631,0.3526170798898072
5632,0.46005509641873277
5633,1.5082644628099173
5634,1.2231404958677685
5635,0.918732782369146
5636,1.1763085399449036
5637,0.7300275482093664
5638,0.5826446280991735
5639,0.6088154269972452
5640,0.34710743801652894
5641,0.34710743801652894
5642,0.5137741046831956
5643,3.674931129476584
5644,1.5757575757575757
5645,2.231404958677686
5646,1.5482093663911847
5647,1.462809917355372
5648,1.4917355371900827
5649,1.5881542699724518
5650,0.7231404958677686
5651,0.5509641873278237
5652,1.044077134986226
5653,0.37052341597796146
5654,0.35674931129476584
5655,2.108815426997245
5656,1.2286501377410468
5657,1.078512396694215
5658,0.33884297520661155
5659,0.30165289256198347
5660,2.090909090909091
5661,0.8264462809917356
5662,0.6611570247933884
5663,0.24793388429752067
5664,2.0454545454545454
5665,1.721763085399449
5666,2.009641873278237
5667,0.8415977961432507
5668,0.7754820936639119
5669,0.5027548209366391
5670,0.8415977961432507
5671,0.9931129476584022
5672,0.5289256198347108
5673,0.5027548209366391
5674,0.6157024793388429
5675,0.7424242424242424
5676,0.006887052341597796
5677,0.045454545454545456
5678,0.23415977961432508
5679,0.026170798898071626
5680,0.05371900826446281
5681,0.07713498622589532
5682,0.1859504132231405
5683,0.05096418732782369
5684,8.111570247933884
5685,2.5303030303030303
5686,1.943526170798898
5687,0.418732782369146
5688,1.4834710743801653
5689,1.078512396694215
5690,1.0330578512396693
5691,2.7493112947658402
5692,1.862258953168044
5693,2.1460055096418733
5694,1.399449035812672
5695,0.9421487603305785
5696,1.987603305785124
5697,0.33608815426997246
5698,0.9269972451790633
5699,0.38016528925619836
5700,1.803030303030303
5701,11.265840220385675
5702,2.9104683195592287
5703,3.8388429752066116
5704,4.523415977961433
5705,1.6542699724517906
5706,4.414600550964187
5707,0.8650137741046832
5708,1.418732782369146
5709,1.2107438016528926
5710,0.9380165289256198
5711,0.4573002754820937
5712,0.16942148760330578
5713,2.0991735537190084
5714,1.9738292011019283
5715,0.6212121212121212
5716,0.3236914600550964
5717,0.2190082644628099
5718,1.502754820936639
5719,0.59366391184573
5720,1.0867768595041323
5721,0.10743801652892562
5722,6.026170798898072
5723,1.9793388429752066
5724,1.174931129476584
5725,1.7286501377410468
5726,0.9338842975206612
5727,0.28236914600550966
5728,0.8016528925619835
5729,0.5358126721763086
5730,0.5743801652892562
5731,0.41735537190082644
5732,0.6074380165289256
5733,1.1942148760330578
5734,0.013774104683195593
5735,0.011019283746556474
5736,0.2369146005509642
5737,0.18181818181818182
5738,0.02203856749311295
5739,0.07988980716253444
5740,0.29476584022038566
5741,0.024793388429752067
5742,3.1763085399449036
5743,1.709366391184573
5744,1.1611570247933884
5745,0.6212121212121212
5746,0.7672176308539945
5747,0.8526170798898072
5748,0.6528925619834711
5749,1.9090909090909092
5750,1.06198347107438
5751,1.384297520661157
5752,1.4449035812672177
5753,0.7961432506887053
5754,0.5371900826446281
5755,0.2988980716253444
5756,0.27823691460055094
5757,0.29476584022038566
5758,0.5013774104683195
5759,5.738292011019284
5760,2.9724517906336088
5761,3.9338842975206614
5762,2.7176308539944904
5763,1.5895316804407713
5764,1.6556473829201102
5765,1.4986225895316805
5766,1.3539944903581267
5767,0.8236914600550964
5768,1.1225895316804408
5769,0.5757575757575758
5770,0.24104683195592286
5771,1.7768595041322315
5772,2.1556473829201104
5773,1.4269972451790633
5774,0.2465564738292011
5775,0.47107438016528924
5776,1.3236914600550964
5777,0.7300275482093664
5778,0.5881542699724518
5779,0.8264462809917356
5780,4.256198347107438
5781,1.3691460055096418
5782,1.177685950413223
5783,1.3732782369146006
5784,0.48484848484848486
5785,0.32920110192837465
5786,0.5192837465564738
5787,0.9600550964187328
5788,0.4214876033057851
5789,0.3278236914600551
5790,0.6198347107438017
5791,0.46143250688705234
5792,0.006887052341597796
5793,0.004132231404958678
5794,0.16942148760330578
5795,0.19834710743801653
5796,0.04269972451790634
5797,0.05371900826446281
5798,0.15151515151515152
5799,0.12947658402203857
5800,8.061983471074381
5801,2.6198347107438016
5802,1.6088154269972452
5803,0.8526170798898072
5804,0.6680440771349863
5805,0.4972451790633609
5806,0.581267217630854
5807,1.987603305785124
5808,1.6198347107438016
5809,1.1336088154269972
5810,1.8305785123966942
5811,0.9090909090909091
5812,1.393939393939394
5813,0.6776859504132231
5814,0.4022038567493113
5815,0.39669421487603307
5816,0.35537190082644626
5817,5.214876033057851
5818,2.6515151515151514
5819,3.183195592286501
5820,2.366391184573003
5821,1.037190082644628
5822,1.7011019283746556
5823,1.743801652892562
5824,1.0895316804407713
5825,0.7396694214876033
5826,0.8567493112947658
5827,0.5840220385674931
5828,0.6887052341597796
5829,0.7341597796143251
5830,2.315426997245179
5831,1.5179063360881542
5832,0.37052341597796146
5833,0.32231404958677684
5834,0.9352617079889807
5835,1.5743801652892562
5836,1.0495867768595042
5837,0.5151515151515151
5838,1.8236914600550964
5839,2.6418732782369148
5840,1.5206611570247934
5841,0.8195592286501377
5842,0.9380165289256198
5843,0.5303030303030303
5844,1.0275482093663912
5845,0.6115702479338843
5846,0.640495867768595
5847,0.7272727272727273
5848,0.7892561983471075
5849,0.7575757575757576
5850,0.009641873278236915
5851,0.03581267217630854
5852,0.09090909090909091
5853,0.03581267217630854
5854,0.06060606060606061
5855,0.1115702479338843
5856,0.20798898071625344
5857,0.24242424242424243
5858,4.3429752066115705
5859,2.0399449035812673
5860,0.9090909090909091
5861,0.4628099173553719
5862,0.045454545454545456
5863,0.6157024793388429
5864,1.4834710743801653
5865,2.005509641873278
5866,1.371900826446281
5867,1.258953168044077
5868,0.8567493112947658
5869,1.1666666666666667
5870,0.35537190082644626
5871,0.5853994490358126
5872,0.5826446280991735
5873,0.5151515151515151
5874,0.11432506887052342
5875,5.516528925619835
5876,3.369146005509642
5877,1.3884297520661157
5878,2.0661157024793386
5879,1.5991735537190082
5880,1.2713498622589532
5881,2.212121212121212
5882,0.7754820936639119
5883,0.6652892561983471
5884,0.21487603305785125
5885,0.6859504132231405
5886,0.6391184573002755
5887,3.0826446280991737
5888,0.05234159779614325
5889,1.2465564738292012
5890,1.3732782369146006
5891,1.2203856749311295
5892,0.2066115702479339
5893,0.509641873278237
5894,0.2837465564738292
5895,0.25206611570247933
5896,0.9834710743801653
5897,1.443526170798898
5898,0.6019283746556474
5899,0.5082644628099173
5900,0.8512396694214877
5901,0.6804407713498623
5902,0.5730027548209367
5903,0.5771349862258953
5904,0.778236914600551
5905,0.5785123966942148
5906,0.5798898071625345
5907,0.162534435261708
5908,0.0
5909,0.028925619834710745
5910,0.1790633608815427
5911,0.01790633608815427
5912,0.04269972451790634
5913,0.1763085399449036
5914,0.1184573002754821
5915,0.0440771349862259
5916,6.46831955922865
5917,2.5867768595041323
5918,1.9931129476584022
5919,2.340220385674931
5920,1.3044077134986225
5921,0.8085399449035813
5922,0.8815426997245179
5923,1.7575757575757576
5924,1.4903581267217632
5925,1.93801652892562
5926,1.3099173553719008
5927,1.5082644628099173
5928,0.4214876033057851
5929,1.06198347107438
5930,0.6900826446280992
5931,0.7837465564738292
5932,0.3443526170798898
5933,14.825068870523417
5934,3.411845730027548
5935,3.7741046831955924
5936,3.115702479338843
5937,5.074380165289257
5938,1.9848484848484849
5939,0.6735537190082644
5940,1.7121212121212122
5941,1.5
5942,0.6377410468319559
5943,1.1074380165289257
5944,1.3071625344352618
5945,2.298898071625344
5946,1.4311294765840221
5947,1.5151515151515151
5948,1.2754820936639117
5949,0.8966942148760331
5950,0.987603305785124
5951,1.0
5952,1.3071625344352618
5953,0.418732782369146
5954,2.428374655647383
5955,2.3085399449035813
5956,1.2878787878787878
5957,1.325068870523416
5958,1.1253443526170799
5959,1.3484848484848484
5960,1.6942148760330578
5961,1.243801652892562
5962,1.0688705234159779
5963,0.8787878787878788
5964,0.699724517906336
5965,0.4669421487603306
5966,0.045454545454545456
5967,0.028925619834710745
5968,0.16391184573002754
5969,0.04269972451790634
5970,0.08677685950413223
5971,0.2493112947658402
5972,0.25895316804407714
5973,0.1721763085399449
5974,4.056473829201102
5975,4.228650137741047
5976,2.771349862258953
5977,1.480716253443526
5978,0.8608815426997245
5979,0.8842975206611571
5980,0.8278236914600551
5981,0.8526170798898072
5982,2.6666666666666665
5983,1.6707988980716253
5984,0.4793388429752066
5985,0.8539944903581267
5986,0.22451790633608815
5987,0.4696969696969697
5988,0.44077134986225897
5989,0.4793388429752066
5990,0.11019283746556474
5991,6.917355371900826
5992,2.1818181818181817
5993,0.8471074380165289
5994,2.590909090909091
5995,2.243801652892562
5996,1.396694214876033
5997,1.8760330578512396
5998,1.1336088154269972
5999,0.8140495867768595
6000,1.0909090909090908
6001,0.7878787878787878
6002,0.9917355371900827
6003,2.265840220385675
6004,1.4366391184573002
6005,1.2107438016528926
6006,0.7548209366391184
6007,0.5055096418732782
6008,0.7754820936639119
6009,1.002754820936639
6010,0.9338842975206612
6011,0.36363636363636365
6012,3.3801652892561984
6013,1.9325068870523416
6014,2.431129476584022
6015,1.037190082644628
6016,1.0495867768595042
6017,0.5730027548209367
6018,2.002754820936639
6019,1.7644628099173554
6020,1.5096418732782368
6021,1.4903581267217632
6022,0.8154269972451791
6023,0.3953168044077135
6024,0.02066115702479339
6025,0.03305785123966942
6026,0.22176308539944903
6027,0.01928374655647383
6028,0.049586776859504134
6029,0.08539944903581267
6030,0.28512396694214875
6031,0.18732782369146006
6032,5.181818181818182
6033,5.606060606060606
6034,3.455922865013774
6035,1.7479338842975207
6036,1.221763085399449
6037,1.2079889807162534
6038,0.7506887052341598
6039,6.315426997245179
6040,2.7823691460055096
6041,2.43801652892562
6042,1.2231404958677685
6043,2.2892561983471076
6044,0.662534435261708
6045,3.2672176308539944
6046,0.7121212121212122
6047,0.9118457300275482
6048,0.7176308539944903
6049,14.65977961432507
6050,4.254820936639119
6051,5.254820936639119
6052,3.352617079889807
6053,3.674931129476584
6054,2.159779614325069
6055,2.2644628099173554
6056,2.7506887052341598
6057,1.4228650137741048
6058,0.5991735537190083
6059,1.4256198347107438
6060,1.534435261707989
6061,5.404958677685951
6062,2.8292011019283745
6063,1.8305785123966942
6064,1.265840220385675
6065,0.7699724517906336
6066,2.5137741046831956
6067,1.6019283746556474
6068,1.2493112947658402
6069,1.4035812672176309
6070,7.757575757575758
6071,0.1418732782369146
6072,3.0454545454545454
6073,1.8071625344352618
6074,1.8581267217630855
6075,1.544077134986226
6076,2.5013774104683195
6077,2.597796143250689
6078,1.6019283746556474
6079,0.9889807162534435
6080,1.1088154269972452
6081,0.8126721763085399
6082,0.027548209366391185
6083,0.046831955922865015
6084,0.3581267217630854
6085,0.03305785123966942
6086,0.045454545454545456
6087,0.21074380165289255
6088,0.2988980716253444
6089,0.0
6090,7.25068870523416
6091,2.1294765840220387
6092,1.1639118457300275
6093,0.9944903581267218
6094,1.6694214876033058
6095,1.2975206611570247
6096,0.6666666666666666
6097,3.074380165289256
6098,2.3774104683195594
6099,2.056473829201102
6100,2.046831955922865
6101,1.8650137741046833
6102,0.6652892561983471
6103,0.8526170798898072
6104,1.1294765840220387
6105,0.7961432506887053
6106,0.19834710743801653
6107,11.24793388429752
6108,6.050964187327824
6109,2.3512396694214877
6110,5.866391184573002
6111,1.6088154269972452
6112,2.652892561983471
6113,1.4820936639118458
6114,1.399449035812672
6115,1.6515151515151516
6116,0.4476584022038568
6117,1.3209366391184574
6118,0.7121212121212122
6119,1.9724517906336088
6120,3.1515151515151514
6121,1.2300275482093663
6122,1.0977961432506886
6123,0.29614325068870523
6124,1.0881542699724518
6125,0.5881542699724518
6126,0.5964187327823691
6127,0.6694214876033058
6128,2.5964187327823693
6129,1.4008264462809918
6130,0.8471074380165289
6131,1.5234159779614325
6132,0.8223140495867769
6133,0.35674931129476584
6134,0.9972451790633609
6135,0.5289256198347108
6136,1.2865013774104683
6137,0.7052341597796143
6138,0.4297520661157025
6139,0.5550964187327824
6140,0.0674931129476584
6141,0.015151515151515152
6142,0.33608815426997246
6143,0.27823691460055094
6144,0.0371900826446281
6145,0.06336088154269973
6146,0.3168044077134986
6147,0.028925619834710745
6148,4.418732782369146
6149,1.9710743801652892
6150,1.0964187327823691
6151,0.6322314049586777
6152,0.5550964187327824
6153,0.44490358126721763
6154,0.5165289256198347
6155,3.0702479338842976
6156,1.674931129476584
6157,1.3057851239669422
6158,1.5702479338842976
6159,0.7011019283746557
6160,2.1707988980716255
6161,0.27823691460055094
6162,0.5275482093663911
6163,0.6584022038567493
6164,0.5895316804407713
6165,5.161157024793388
6166,2.8044077134986227
6167,3.8016528925619837
6168,1.7892561983471074
6169,0.8925619834710744
6170,1.6666666666666667
6171,1.4545454545454546
6172,1.0179063360881542
6173,0.7355371900826446
6174,0.6460055096418733
6175,0.22589531680440772
6176,0.19972451790633608
6177,1.059228650137741
6178,2.5798898071625342
6179,1.5426997245179064
6180,0.46143250688705234
6181,0.4366391184573003
6182,1.8884297520661157
6183,1.3016528925619835
6184,0.8898071625344353
6185,1.1680440771349863
6186,1.8980716253443526
6187,2.015151515151515
6188,1.9201101928374655
6189,1.1473829201101928
6190,0.7933884297520661
6191,0.4972451790633609
6192,1.0661157024793388
6193,1.0537190082644627
6194,0.37327823691460055
6195,0.4986225895316804
6196,0.6556473829201102
6197,1.1267217630853994
6198,0.03168044077134986
6199,0.07575757575757576
6200,0.14600550964187328
6201,0.045454545454545456
6202,0.09779614325068871
6203,0.06611570247933884
6204,0.32644628099173556
6205,0.174931129476584
6206,2.479338842975207
6207,2.6515151515151514
6208,1.8636363636363635
6209,0.568870523415978
6210,0.6776859504132231
6211,0.3526170798898072
6212,0.46005509641873277
6213,1.5082644628099173
6214,1.2231404958677685
6215,0.918732782369146
6216,1.1763085399449036
6217,0.7300275482093664
6218,0.5826446280991735
6219,0.6088154269972452
6220,0.34710743801652894
6221,0.34710743801652894
6222,0.5137741046831956
6223,3.674931129476584
6224,1.5757575757575757
6225,2.231404958677686
6226,1.5482093663911847
6227,1.462809917355372
6228,1.4917355371900827
6229,1.5881542699724518
6230,0.7231404958677686
6231,0.5509641873278237
6232,1.044077134986226
6233,0.37052341597796146
6234,0.35674931129476584
6235,2.108815426997245
6236,1.2286501377410468
6237,1.078512396694215
6238,0.33884297520661155
6239,0.30165289256198347
6240,2.090909090909091
6241,0.8264462809917356
6242,0.6611570247933884
6243,0.24793388429752067
6244,2.0454545454545454
6245,1.721763085399449
6246,2.009641873278237
6247,0.8415977961432507
6248,0.7754820936639119
6249,0.5027548209366391
6250,0.8415977961432507
6251,0.9931129476584022
6252,0.5289256198347108
6253,0.5027548209366391
6254,0.6157024793388429
6255,0.7424242424242424
6256,0.006887052341597796
6257,0.045454545454545456
6258,0.23415977961432508
6259,0.026170798898071626
6260,0.05371900826446281
6261,0.07713498622589532
6262,0.1859504132231405
6263,0.05096418732782369
6264,8.111570247933884
6265,2.5303030303030303
6266,1.943526170798898
6267,0.418732782369146
6268,1.4834710743801653
6269,1.078512396694215
6270,1.0330578512396693
6271,2.7493112947658402
6272,1.862258953168044
6273,2.1460055096418733
6274,1.399449035812672
6275,0.9421487603305785
6276,1.987603305785124
6277,0.33608815426997246
6278,0.9269972451790633
6279,0.38016528925619836
6280,1.803030303030303
6281,11.265840220385675
6282,2.9104683195592287
6283,3.8388429752066116
6284,4.523415977961433
6285,1.6542699724517906
6286,4.414600550964187
6287,0.8650137741046832
6288,1.418732782369146
6289,1.2107438016528926
6290,0.9380165289256198
6291,0.4573002754820937
6292,0.16942148760330578
6293,2.0991735537190084
6294,1.9738292011019283
6295,0.6212121212121212
6296,0.3236914600550964
6297,0.2190082644628099
6298,1.502754820936639
6299,0.59366391184573
6300,1.0867768595041323
6301,0.10743801652892562
6302,6.026170798898072
6303,1.9793388429752066
6304,1.174931129476584
6305,1.7286501377410468
6306,0.9338842975206612
6307,0.28236914600550966
6308,0.8016528925619835
6309,0.5358126721763086
6310,0.5743801652892562
6311,0.41735537190082644
6312,0.6074380165289256
6313,1.1942148760330578
6314,0.013774104683195593
6315,0.011019283746556474
6316,0.2369146005509642
6317,0.18181818181818182
6318,0.02203856749311295
6319,0.07988980716253444
6320,0.29476584022038566
6321,0.024793388429752067
6322,3.1763085399449036
6323,1.709366391184573
6324,1.1611570247933884
6325,0.6212121212121212
6326,0.7672176308539945
6327,0.8526170798898072
6328,0.6528925619834711
6329,1.9090909090909092
6330,1.06198347107438
6331,1.384297520661157
6332,1.4449035812672177
6333,0.7961432506887053
6334,0.5371900826446281
6335,0.2988980716253444
6336,0.27823691460055094
6337,0.29476584022038566
6338,0.5013774104683195
6339,5.738292011019284
6340,2.9724517906336088
6341,3.9338842975206614
6342,2.7176308539944904
6343,1.5895316804407713
6344,1.6556473829201102
6345,1.4986225895316805
6346,1.3539944903581267
6347,0.8236914600550964
6348,1.1225895316804408
6349,0.5757575757575758
6350,0.24104683195592286
6351,1.7768595041322315
6352,2.1556473829201104
6353,1.4269972451790633
6354,0.2465564738292011
6355,0.47107438016528924
6356,1.3236914600550964
6357,0.7300275482093664
6358,0.5881542699724518
6359,0.8264462809917356
6360,4.256198347107438
6361,1.3691460055096418
6362,1.177685950413223
6363,1.3732782369146006
6364,0.48484848484848486
6365,0.32920110192837465
6366,0.5192837465564738
6367,0.9600550964187328
6368,0.4214876033057851
6369,0.3278236914600551
6370,0.6198347107438017
6371,0.46143250688705234
6372,0.006887052341597796
6373,0.004132231404958678
6374,0.16942148760330578
6375,0.19834710743801653
6376,0.04269972451790634
6377,0.05371900826446281
6378,0.15151515151515152
6379,0.12947658402203857
6380,8.061983471074381
6381,2.6198347107438016
6382,1.6088154269972452
6383,0.8526170798898072
6384,0.6680440771349863
6385,0.4972451790633609
6386,0.581267217630854
6387,1.987603305785124
6388,1.6198347107438016
6389,1.1336088154269972
6390,1.8305785123966942
6391,0.9090909090909091
6392,1.393939393939394
6393,0.6776859504132231
6394,0.4022038567493113
6395,0.39669421487603307
6396,0.35537190082644626
6397,5.214876033057851
6398,2.6515151515151514
6399,3.183195592286501
6400,2.366391184573003
6401,1.037190082644628
6402,1.7011019283746556
6403,1.743801652892562
6404,1.0895316804407713
6405,0.7396694214876033
6406,0.8567493112947658
6407,0.5840220385674931
6408,0.6887052341597796
6409,0.7341597796143251
6410,2.315426997245179
6411,1.5179063360881542
6412,0.37052341597796146
6413,0.32231404958677684
6414,0.9352617079889807
6415,1.5743801652892562
6416,1.0495867768595042
6417,0.5151515151515151
6418,1.8236914600550964
6419,2.6418732782369148
6420,1.5206611570247934
6421,0.8195592286501377
6422,0.9380165289256198
6423,0.5303030303030303
6424,1.0275482093663912
6425,0.6115702479338843
6426,0.640495867768595
6427,0.7272727272727273
6428,0.7892561983471075
6429,0.7575757575757576
6430,0.009641873278236915
6431,0.03581267217630854
6432,0.09090909090909091
6433,0.03581267217630854
6434,0.06060606060606061
6435,0.1115702479338843
6436,0.20798898071625344
6437,0.24242424242424243
6438,4.3429752066115705
6439,2.0399449035812673
6440,0.9090909090909091
6441,0.4628099173553719
6442,0.045454545454545456
6443,0.6157024793388429
6444,1.4834710743801653
6445,2.005509641873278
6446,1.371900826446281
6447,1.258953168044077
6448,0.8567493112947658
6449,1.1666666666666667
6450,0.35537190082644626
6451,0.5853994490358126
6452,0.5826446280991735
6453,0.5151515151515151
6454,0.11432506887052342
6455,5.516528925619835
6456,3.369146005509642
6457,1.3884297520661157
6458,2.0661157024793386
6459,1.5991735537190082
6460,1.2713498622589532
6461,2.212121212121212
6462,0.7754820936639119
6463,0.6652892561983471
6464,0.21487603305785125
6465,0.6859504132231405
6466,0.6391184573002755
6467,3.0826446280991737
6468,0.05234159779614325
6469,1.2465564738292012
6470,1.3732782369146006
6471,1.2203856749311295
6472,0.2066115702479339
6473,0.509641873278237
6474,0.2837465564738292
6475,0.25206611570247933
6476,0.9834710743801653
6477,1.443526170798898
6478,0.6019283746556474
6479,0.5082644628099173
6480,0.8512396694214877
6481,0.6804407713498623
6482,0.5730027548209367
6483,0.5771349862258953
6484,0.778236914600551
6485,0.5785123966942148
6486,0.5798898071625345
6487,0.162534435261708
6488,0.0
6489,0.028925619834710745
6490,0.1790633608815427
6491,0.01790633608815427
6492,0.04269972451790634
6493,0.1763085399449036
6494,0.1184573002754821
6495,0.0440771349862259
6496,6.46831955922865
6497,2.5867768595041323
6498,1.9931129476584022
6499,2.340220385674931
6500,1.3044077134986225
6501,0.8085399449035813
6502,0.8815426997245179
6503,1.7575757575757576
6504,1.4903581267217632
6505,1.93801652892562
6506,1.3099173553719008
6507,1.5082644628099173
6508,0.4214876033057851
6509,1.06198347107438
6510,0.6900826446280992
6511,0.7837465564738292
6512,0.3443526170798898
6513,14.825068870523417
6514,3.411845730027548
6515,3.7741046831955924
6516,3.115702479338843
6517,5.074380165289257
6518,1.9848484848484849
6519,0.6735537190082644
6520,1.7121212121212122
6521,1.5
6522,0.6377410468319559
6523,1.1074380165289257
6524,1.3071625344352618
6525,2.298898071625344
6526,1.4311294765840221
6527,1.5151515151515151
6528,1.2754820936639117
6529,0.8966942148760331
6530,0.987603305785124
6531,1.0
6532,1.3071625344352618
6533,0.418732782369146
6534,2.428374655647383
6535,2.3085399449035813
6536,1.2878787878787878
6537,1.325068870523416
6538,1.1253443526170799
6539,1.3484848484848484
6540,1.6942148760330578
6541,1.243801652892562
6542,1.0688705234159779
6543,0.8787878787878788
6544,0.699724517906336
6545,0.4669421487603306
6546,0.045454545454545456
6547,0.028925619834710745
6548,0.16391184573002754
6549,0.04269972451790634
6550,0.08677685950413223
6551,0.2493112947658402
6552,0.25895316804407714
6553,0.1721763085399449
6554,4.056473829201102
6555,4.228650137741047
6556,2.771349862258953
6557,1.480716253443526
6558,0.8608815426997245
6559,0.8842975206611571
6560,0.8278236914600551
6561,0.8526170798898072
6562,2.6666666666666665
6563,1.6707988980716253
6564,0.4793388429752066
6565,0.8539944903581267
6566,0.22451790633608815
6567,0.4696969696969697
6568,0.44077134986225897
6569,0.4793388429752066
6570,0.11019283746556474
6571,6.917355371900826
6572,2.1818181818181817
6573,0.8471074380165289
6574,2.590909090909091
6575,2.243801652892562
6576,1.396694214876033
6577,1.8760330578512396
6578,1.1336088154269972
6579,0.8140495867768595
6580,1.0909090909090908
6581,0.7878787878787878
6582,0.9917355371900827
6583,2.265840220385675
6584,1.4366391184573002
6585,1.2107438016528926
6586,0.7548209366391184
6587,0.5055096418732782
6588,0.7754820936639119
6589,1.002754820936639
6590,0.9338842975206612
6591,0.36363636363636365
6592,3.3801652892561984
6593,1.9325068870523416
6594,2.431129476584022
6595,1.037190082644628
6596,1.0495867768595042
6597,0.5730027548209367
6598,2.002754820936639
6599,1.7644628099173554
6600,1.5096418732782368
6601,1.4903581267217632
6602,0.8154269972451791
6603,0.3953168044077135
6604,0.02066115702479339
6605,0.03305785123966942
6606,0.22176308539944903
6607,0.01928374655647383
6608,0.049586776859504134
6609,0.08539944903581267
6610,0.28512396694214875
6611,0.18732782369146006
6612,5.181818181818182
6613,5.606060606060606
6614,3.455922865013774
6615,1.7479338842975207
6616,1.221763085399449
6617,1.2079889807162534
6618,0.7506887052341598
6619,6.315426997245179
6620,2.7823691460055096
6621,2.43801652892562
6622,1.2231404958677685
6623,2.2892561983471076
6624,0.662534435261708
6625,3.2672176308539944
6626,0.7121212121212122
6627,0.9118457300275482
6628,0.7176308539944903
6629,14.65977961432507
6630,4.254820936639119
6631,5.254820936639119
6632,3.352617079889807
6633,3.674931129476584
6634,2.159779614325069
6635,2.2644628099173554
6636,2.7506887052341598
6637,1.4228650137741048
6638,0.5991735537190083
6639,1.4256198347107438
6640,1.534435261707989
6641,5.404958677685951
6642,2.8292011019283745
6643,1.8305785123966942
6644,1.265840220385675
6645,0.7699724517906336
6646,2.5137741046831956
6647,1.6019283746556474
6648,1.2493112947658402
6649,1.4035812672176309
6650,7.757575757575758
6651,0.1418732782369146
6652,3.0454545454545454
6653,1.8071625344352618
6654,1.8581267217630855
6655,1.544077134986226
6656,2.5013774104683195
6657,2.597796143250689
6658,1.6019283746556474
6659,0.9889807162534435
6660,1.1088154269972452
6661,0.8126721763085399
6662,0.027548209366391185
6663,0.046831955922865015
6664,0.3581267217630854
6665,0.03305785123966942
6666,0.045454545454545456
6667,0.21074380165289255
6668,0.2988980716253444
6669,0.0
6670,7.25068870523416
6671,2.1294765840220387
6672,1.1639118457300275
6673,0.9944903581267218
6674,1.6694214876033058
6675,1.2975206611570247
6676,0.6666666666666666
6677,3.074380165289256
6678,2.3774104683195594
6679,2.056473829201102
6680,2.046831955922865
6681,1.8650137741046833
6682,0.6652892561983471
6683,0.8526170798898072
6684,1.1294765840220387
6685,0.7961432506887053
6686,0.19834710743801653
6687,11.24793388429752
6688,6.050964187327824
6689,2.3512396694214877
6690,5.866391184573002
6691,1.6088154269972452
6692,2.652892561983471
6693,1.4820936639118458
6694,1.399449035812672
6695,1.6515151515151516
6696,0.4476584022038568
6697,1.3209366391184574
6698,0.7121212121212122
6699,1.9724517906336088
6700,3.1515151515151514
6701,1.2300275482093663
6702,1.0977961432506886
6703,0.29614325068870523
6704,1.0881542699724518
6705,0.5881542699724518
6706,0.5964187327823691
6707,0.6694214876033058
6708,2.5964187327823693
6709,1.4008264462809918
6710,0.8471074380165289
6711,1.5234159779614325
6712,0.8223140495867769
6713,0.35674931129476584
6714,0.9972451790633609
6715,0.5289256198347108
6716,1.2865013774104683
6717,0.7052341597796143
6718,0.4297520661157025
6719,0.5550964187327824
6720,0.0674931129476584
6721,0.015151515151515152
6722,0.33608815426997246
6723,0.27823691460055094
6724,0.0371900826446281
6725,0.06336088154269973
6726,0.3168044077134986
6727,0.028925619834710745
6728,4.418732782369146
6729,1.9710743801652892
6730,1.0964187327823691
6731,0.6322314049586777
6732,0.5550964187327824
6733,0.44490358126721763
6734,0.5165289256198347
6735,3.0702479338842976
6736,1.674931129476584
6737,1.3057851239669422
6738,1.5702479338842976
6739,0.7011019283746557
6740,2.1707988980716255
6741,0.27823691460055094
6742,0.5275482093663911
6743,0.6584022038567493
6744,0.5895316804407713
6745,5.161157024793388
6746,2.8044077134986227
6747,3.8016528925619837
6748,1.7892561983471074
6749,0.8925619834710744
6750,1.6666666666666667
6751,1.4545454545454546
6752,1.0179063360881542
6753,0.7355371900826446
6754,0.6460055096418733
6755,0.22589531680440772
6756,0.19972451790633608
6757,1.059228650137741
6758,2.5798898071625342
6759,1.5426997245179064
6760,0.46143250688705234
6761,0.4366391184573003
6762,1.8884297520661157
6763,1.3016528925619835
6764,0.8898071625344353
6765,1.1680440771349863
6766,1.8980716253443526
6767,2.015151515151515
6768,1.9201101928374655
6769,1.1473829201101928
6770,0.7933884297520661
6771,0.4972451790633609
6772,1.0661157024793388
6773,1.0537190082644627
6774,0.37327823691460055
6775,0.4986225895316804
6776,0.6556473829201102
6777,1.1267217630853994
6778,0.03168044077134986
6779,0.07575757575757576
6780,0.14600550964187328
6781,0.045454545454545456
6782,0.09779614325068871
6783,0.06611570247933884
6784,0.32644628099173556
6785,0.174931129476584
6786,2.479338842975207
6787,2.6515151515151514
6788,1.8636363636363635
6789,0.568870523415978
6790,0.6776859504132231
6791,0.3526170798898072
6792,0.46005509641873277
6793,1.5082644628099173
6794,1.2231404958677685
6795,0.918732782369146
6796,1.1763085399449036
6797,0.7300275482093664
6798,0.5826446280991735
6799,0.6088154269972452
6800,0.34710743801652894
6801,0.34710743801652894
6802,0.5137741046831956
6803,3.674931129476584
6804,1.5757575757575757
6805,2.231404958677686
6806,1.5482093663911847
6807,1.462809917355372
6808,1.4917355371900827
6809,1.5881542699724518
6810,0.7231404958677686
6811,0.5509641873278237
6812,1.044077134986226
6813,0.37052341597796146
6814,0.35674931129476584
6815,2.108815426997245
6816,1.2286501377410468
6817,1.078512396694215
6818,0.33884297520661155
6819,0.30165289256198347
6820,2.090909090909091
6821,0.8264462809917356
6822,0.6611570247933884
6823,0.24793388429752067
6824,2.0454545454545454
6825,1.721763085399449
6826,2.009641873278237
6827,0.8415977961432507
6828,0.7754820936639119
6829,0.5027548209366391
6830,0.8415977961432507
6831,0.9931129476584022
6832,0.5289256198347108
6833,0.5027548209366391
6834,0.6157024793388429
6835,0.7424242424242424
6836,0.006887052341597796
6837,0.045454545454545456
6838,0.23415977961432508
6839,0.026170798898071626
6840,0.05371900826446281
6841,0.07713498622589532
6842,0.1859504132231405
6843,0.05096418732782369
6844,8.111570247933884
6845,2.5303030303030303
6846,1.943526170798898
6847,0.418732782369146
6848,1.4834710743801653
6849,1.078512396694215
6850,1.0330578512396693
6851,2.7493112947658402
6852,1.862258953168044
6853,2.1460055096418733
6854,1.399449035812672
6855,0.9421487603305785
6856,1.987603305785124
6857,0.33608815426997246
6858,0.9269972451790633
6859,0.38016528925619836
6860,1.803030303030303
6861,11.265840220385675
6862,2.9104683195592287
6863,3.8388429752066116
6864,4.523415977961433
6865,1.6542699724517906
6866,4.414600550964187
6867,0.8650137741046832
6868,1.418732782369146
6869,1.2107438016528926
6870,0.9380165289256198
6871,0.4573002754820937
6872,0.16942148760330578
6873,2.0991735537190084
6874,1.9738292011019283
6875,0.6212121212121212
6876,0.3236914600550964
6877,0.2190082644628099
6878,1.502754820936639
6879,0.59366391184573
6880,1.0867768595041323
6881,0.10743801652892562
6882,6.026170798898072
6883,1.9793388429752066
6884,1.174931129476584
6885,1.7286501377410468
6886,0.9338842975206612
6887,0.28236914600550966
6888,0.8016528925619835
6889,0.5358126721763086
6890,0.5743801652892562
6891,0.41735537190082644
6892,0.6074380165289256
6893,1.1942148760330578
6894,0.013774104683195593
6895,0.011019283746556474
6896,0.2369146005509642
6897,0.18181818181818182
6898,0.02203856749311295
6899,0.07988980716253444
6900,0.29476584022038566
6901,0.024793388429752067
6902,3.1763085399449036
6903,1.709366391184573
6904,1.1611570247933884
6905,0.6212121212121212
6906,0.7672176308539945
6907,0.8526170798898072
6908,0.6528925619834711
6909,1.9090909090909092
6910,1.06198347107438
6911,1.384297520661157
6912,1.4449035812672177
6913,0.7961432506887053
6914,0.5371900826446281
6915,0.2988980716253444
6916,0.27823691460055094
6917,0.29476584022038566
6918,0.5013774104683195
6919,5.738292011019284
6920,2.9724517906336088
6921,3.9338842975206614
6922,2.7176308539944904
6923,1.5895316804407713
6924,1.6556473829201102
6925,1.4986225895316805
6926,1.3539944903581267
6927,0.8236914600550964
6928,1.1225895316804408
6929,0.5757575757575758
6930,0.24104683195592286
6931,1.7768595041322315
6932,2.1556473829201104
6933,1.4269972451790633
6934,0.2465564738292011
6935,0.47107438016528924
6936,1.3236914600550964
6937,0.7300275482093664
6938,0.5881542699724518
6939,0.8264462809917356
6940,4.256198347107438
6941,1.3691460055096418
6942,1.177685950413223
6943,1.3732782369146006
6944,0.48484848484848486
6945,0.32920110192837465
6946,0.5192837465564738
6947,0.9600550964187328
6948,0.4214876033057851
6949,0.3278236914600551
6950,0.6198347107438017
6951,0.46143250688705234
6952,0.006887052341597796
6953,0.004132231404958678
6954,0.16942148760330578
6955,0.19834710743801653
6956,0.04269972451790634
6957,0.05371900826446281
6958,0.15151515151515152
6959,0.12947658402203857
6960,8.061983471074381
6961,2.6198347107438016
6962,1.6088154269972452
6963,0.8526170798898072
6964,0.6680440771349863
6965,0.4972451790633609
6966,0.581267217630854
6967,1.987603305785124
6968,1.6198347107438016
6969,1.1336088154269972
6970,1.8305785123966942
6971,0.9090909090909091
6972,1.393939393939394
6973,0.6776859504132231
6974,0.4022038567493113
6975,0.39669421487603307
6976,0.35537190082644626
6977,5.214876033057851
6978,2.6515151515151514
6979,3.183195592286501
6980,2.366391184573003
6981,1.037190082644628
6982,1.7011019283746556
6983,1.743801652892562
6984,1.0895316804407713
6985,0.7396694214876033
6986,0.8567493112947658
6987,0.5840220385674931
6988,0.6887052341597796
6989,0.7341597796143251
6990,2.315426997245179
6991,1.5179063360881542
6992,0.37052341597796146
6993,0.32231404958677684
6994,0.9352617079889807
6995,1.5743801652892562
6996,1.0495867768595042
6997,0.5151515151515151
6998,1.8236914600550964
6999,2.6418732782369148
7000,1.5206611570247934
7001,0.8195592286501377
7002,0.9380165289256198
7003,0.5303030303030303
7004,1.0275482093663912
7005,0.6115702479338843
7006,0.640495867768595
7007,0.7272727272727273
7008,0.7892561983471075
7009,0.7575757575757576
7010,0.009641873278236915
7011,0.03581267217630854
7012,0.09090909090909091
7013,0.03581267217630854
7014,0.06060606060606061
7015,0.1115702479338843
7016,0.20798898071625344
7017,0.24242424242424243
7018,4.3429752066115705
7019,2.0399449035812673
7020,0.9090909090909091
7021,0.4628099173553719
7022,0.045454545454545456
7023,0.6157024793388429
7024,1.4834710743801653
7025,2.005509641873278
7026,1.371900826446281
7027,1.258953168044077
7028,0.8567493112947658
7029,1.1666666666666667
7030,0.35537190082644626
7031,0.5853994490358126
7032,0.5826446280991735
7033,0.5151515151515151
7034,0.11432506887052342
7035,5.516528925619835
7036,3.369146005509642
7037,1.3884297520661157
7038,2.0661157024793386
7039,1.5991735537190082
7040,1.2713498622589532
7041,2.212121212121212
7042,0.7754820936639119
7043,0.6652892561983471
7044,0.21487603305785125
7045,0.6859504132231405
7046,0.6391184573002755
7047,3.0826446280991737
7048,0.05234159779614325
7049,1.2465564738292012
7050,1.3732782369146006
7051,1.2203856749311295
7052,0.2066115702479339
7053,0.509641873278237
7054,0.2837465564738292
7055,0.25206611570247933
7056,0.9834710743801653
7057,1.443526170798898
7058,0.6019283746556474
7059,0.5082644628099173
7060,0.8512396694214877
7061,0.6804407713498623
7062,0.5730027548209367
7063,0.5771349862258953
7064,0.778236914600551
7065,0.5785123966942148
7066,0.5798898071625345
7067,0.162534435261708
7068,0.0
7069,0.028925619834710745
7070,0.1790633608815427
7071,0.01790633608815427
7072,0.04269972451790634
7073,0.1763085399449036
7074,0.1184573002754821
7075,0.0440771349862259
7076,6.46831955922865
7077,2.5867768595041323
7078,1.9931129476584022
7079,2.340220385674931
7080,1.3044077134986225
7081,0.8085399449035813
7082,0.8815426997245179
7083,1.7575757575757576
7084,1.4903581267217632
7085,1.93801652892562
7086,1.3099173553719008
7087,1.5082644628099173
7088,0.4214876033057851
7089,1.06198347107438
7090,0.6900826446280992
7091,0.7837465564738292
7092,0.3443526170798898
7093,14.825068870523417
7094,3.411845730027548
7095,3.7741046831955924
7096,3.115702479338843
7097,5.074380165289257
7098,1.9848484848484849
7099,0.6735537190082644
7100,1.7121212121212122
7101,1.5
7102,0.6377410468319559
7103,1.1074380165289257
7104,1.3071625344352618
7105,2.298898071625344
7106,1.4311294765840221
7107,1.5151515151515151
7108,1.2754820936639117
7109,0.8966942148760331
7110,0.987603305785124
7111,1.0
7112,1.3071625344352618
7113,0.418732782369146
7114,2.428374655647383
7115,2.3085399449035813
7116,1.2878787878787878
7117,1.325068870523416
7118,1.1253443526170799
7119,1.3484848484848484
7120,1.6942148760330578
7121,1.243801652892562
7122,1.0688705234159779
7123,0.8787878787878788
7124,0.699724517906336
7125,0.4669421487603306
7126,0.045454545454545456
7127,0.028925619834710745
7128,0.16391184573002754
7129,0.04269972451790634
7130,0.08677685950413223
7131,0.2493112947658402
7132,0.25895316804407714
7133,0.1721763085399449
7134,4.056473829201102
7135,4.228650137741047
7136,2.771349862258953
7137,1.480716253443526
7138,0.8608815426997245
7139,0.8842975206611571
7140,0.8278236914600551
7141,0.8526170798898072
7142,2.6666666666666665
7143,1.6707988980716253
7144,0.4793388429752066
7145,0.8539944903581267
7146,0.22451790633608815
7147,0.4696969696969697
7148,0.44077134986225897
7149,0.4793388429752066
7150,0.11019283746556474
7151,6.917355371900826
7152,2.1818181818181817
7153,0.8471074380165289
7154,2.590909090909091
7155,2.243801652892562
7156,1.396694214876033
7157,1.8760330578512396
7158,1.1336088154269972
7159,0.8140495867768595
7160,1.0909090909090908
7161,0.7878787878787878
7162,0.9917355371900827
7163,2.265840220385675
7164,1.4366391184573002
7165,1.2107438016528926
7166,0.7548209366391184
7167,0.5055096418732782
7168,0.7754820936639119
7169,1.002754820936639
7170,0.9338842975206612
7171,0.36363636363636365
7172,3.3801652892561984
7173,1.9325068870523416
7174,2.431129476584022
7175,1.037190082644628
7176,1.0495867768595042
7177,0.5730027548209367
7178,2.002754820936639
7179,1.7644628099173554
7180,1.5096418732782368
7181,1.4903581267217632
7182,0.8154269972451791
7183,0.3953168044077135
7184,0.02066115702479339
7185,0.03305785123966942
7186,0.22176308539944903
7187,0.01928374655647383
7188,0.049586776859504134
7189,0.08539944903581267
7190,0.28512396694214875
7191,0.18732782369146006
7192,5.181818181818182
7193,5.606060606060606
7194,3.455922865013774
7195,1.7479338842975207
7196,1.221763085399449
7197,1.2079889807162534
7198,0.7506887052341598
7199,6.315426997245179
7200,2.7823691460055096
7201,2.43801652892562
7202,1.2231404958677685
7203,2.2892561983471076
7204,0.662534435261708
7205,3.2672176308539944
7206,0.7121212121212122
7207,0.9118457300275482
7208,0.7176308539944903
7209,14.65977961432507
7210,4.254820936639119
7211,5.254820936639119
7212,3.352617079889807
7213,3.674931129476584
7214,2.159779614325069
7215,2.2644628099173554
7216,2.7506887052341598
7217,1.4228650137741048
7218,0.5991735537190083
7219,1.4256198347107438
7220,1.534435261707989
7221,5.404958677685951
7222,2.8292011019283745
7223,1.8305785123966942
7224,1.265840220385675
7225,0.7699724517906336
7226,2.5137741046831956
7227,1.6019283746556474
7228,1.2493112947658402
7229,1.4035812672176309
7230,7.757575757575758
7231,0.1418732782369146
7232,3.0454545454545454
7233,1.8071625344352618
7234,1.8581267217630855
7235,1.544077134986226
7236,2.5013774104683195
7237,2.597796143250689
7238,1.6019283746556474
7239,0.9889807162534435
7240,1.1088154269972452
7241,0.8126721763085399
7242,0.027548209366391185
7243,0.046831955922865015
7244,0.3581267217630854
7245,0.03305785123966942
7246,0.045454545454545456
7247,0.21074380165289255
7248,0.2988980716253444
7249,0.0
7250,7.25068870523416
7251,2.1294765840220387
7252,1.1639118457300275
7253,0.9944903581267218
7254,1.6694214876033058
7255,1.2975206611570247
7256,0.6666666666666666
7257,3.074380165289256
7258,2.3774104683195594
7259,2.056473829201102
7260,2.046831955922865
7261,1.8650137741046833
7262,0.6652892561983471
7263,0.8526170798898072
7264,1.1294765840220387
7265,0.7961432506887053
7266,0.19834710743801653
7267,11.24793388429752
7268,6.050964187327824
7269,2.3512396694214877
7270,5.866391184573002
7271,1.6088154269972452
7272,2.652892561983471
7273,1.4820936639118458
7274,1.399449035812672
7275,1.6515151515151516
7276,0.4476584022038568
7277,1.3209366391184574
7278,0.7121212121212122
7279,1.9724517906336088
7280,3.1515151515151514
7281,1.2300275482093663
7282,1.0977961432506886
7283,0.29614325068870523
7284,1.0881542699724518
7285,0.5881542699724518
7286,0.5964187327823691
7287,0.6694214876033058
7288,2.5964187327823693
7289,1.4008264462809918
7290,0.8471074380165289
7291,1.5234159779614325
7292,0.8223140495867769
7293,0.35674931129476584
7294,0.9972451790633609
7295,0.5289256198347108
7296,1.2865013774104683
7297,0.7052341597796143
7298,0.4297520661157025
7299,0.5550964187327824
7300,0.0674931129476584
7301,0.015151515151515152
7302,0.33608815426997246
7303,0.27823691460055094
7304,0.0371900826446281
7305,0.06336088154269973
7306,0.3168044077134986
7307,0.028925619834710745
7308,4.418732782369146
7309,1.9710743801652892
7310,1.0964187327823691
7311,0.6322314049586777
7312,0.5550964187327824
7313,0.44490358126721763
7314,0.5165289256198347
7315,3.0702479338842976
7316,1.674931129476584
7317,1.3057851239669422
7318,1.5702479338842976
7319,0.7011019283746557
7320,2.1707988980716255
7321,0.27823691460055094
7322,0.5275482093663911
7323,0.6584022038567493
7324,0.5895316804407713
7325,5.161157024793388
7326,2.8044077134986227
7327,3.8016528925619837
7328,1.7892561983471074
7329,0.8925619834710744
7330,1.6666666666666667
7331,1.4545454545454546
7332,1.0179063360881542
7333,0.7355371900826446
7334,0.6460055096418733
7335,0.22589531680440772
7336,0.19972451790633608
7337,1.059228650137741
7338,2.5798898071625342
7339,1.5426997245179064
7340,0.46143250688705234
7341,0.4366391184573003
7342,1.8884297520661157
7343,1.3016528925619835
7344,0.8898071625344353
7345,1.1680440771349863
7346,1.8980716253443526
7347,2.015151515151515
7348,1.9201101928374655
7349,1.1473829201101928
7350,0.7933884297520661
7351,0.4972451790633609
7352,1.0661157024793388
7353,1.0537190082644627
7354,0.37327823691460055
7355,0.4986225895316804
7356,0.6556473829201102
7357,1.1267217630853994
7358,0.03168044077134986
7359,0.07575757575757576
7360,0.14600550964187328
7361,0.045454545454545456
7362,0.09779614325068871
7363,0.06611570247933884
7364,0.32644628099173556
7365,0.174931129476584
7366,2.479338842975207
7367,2.6515151515151514
7368,1.8636363636363635
7369,0.568870523415978
7370,0.6776859504132231
7371,0.3526170798898072
7372,0.46005509641873277
7373,1.5082644628099173
7374,1.2231404958677685
7375,0.918732782369146
7376,1.1763085399449036
7377,0.7300275482093664
7378,0.5826446280991735
7379,0.6088154269972452
7380,0.34710743801652894
7381,0.34710743801652894
7382,0.5137741046831956
7383,3.674931129476584
7384,1.5757575757575757
7385,2.231404958677686
7386,1.5482093663911847
7387,1.462809917355372
7388,1.4917355371900827
7389,1.5881542699724518
7390,0.7231404958677686
7391,0.5509641873278237
7392,1.044077134986226
7393,0.37052341597796146
7394,0.35674931129476584
7395,2.108815426997245
7396,1.2286501377410468
7397,1.078512396694215
7398,0.33884297520661155
7399,0.30165289256198347
7400,2.090909090909091
7401,0.8264462809917356
7402,0.6611570247933884
7403,0.24793388429752067
7404,2.0454545454545454
7405,1.721763085399449
7406,2.009641873278237
7407,0.8415977961432507
7408,0.7754820936639119
7409,0.5027548209366391
7410,0.8415977961432507
7411,0.9931129476584022
7412,0.5289256198347108
7413,0.5027548209366391
7414,0.6157024793388429
7415,0.7424242424242424
7416,0.006887052341597796
7417,0.045454545454545456
7418,0.23415977961432508
7419,0.026170798898071626
7420,0.05371900826446281
7421,0.07713498622589532
7422,0.1859504132231405
7423,0.05096418732782369
7424,8.111570247933884
7425,2.5303030303030303
7426,1.943526170798898
7427,0.418732782369146
7428,1.4834710743801653
7429,1.078512396694215
7430,1.0330578512396693
7431,2.7493112947658402
7432,1.862258953168044
7433,2.1460055096418733
7434,1.399449035812672
7435,0.9421487603305785
7436,1.987603305785124
7437,0.33608815426997246
7438,0.9269972451790633
7439,0.38016528925619836
7440,1.803030303030303
7441,11.265840220385675
7442,2.9104683195592287
7443,3.8388429752066116
7444,4.523415977961433
7445,1.6542699724517906
7446,4.414600550964187
7447,0.8650137741046832
7448,1.418732782369146
7449,1.2107438016528926
7450,0.9380165289256198
7451,0.4573002754820937
7452,0.16942148760330578
7453,2.0991735537190084
7454,1.9738292011019283
7455,0.6212121212121212
7456,0.3236914600550964
7457,0.2190082644628099
7458,1.502754820936639
7459,0.59366391184573
7460,1.0867768595041323
7461,0.10743801652892562
7462,6.026170798898072
7463,1.9793388429752066
7464,1.174931129476584
7465,1.7286501377410468
7466,0.9338842975206612
7467,0.28236914600550966
7468,0.8016528925619835
7469,0.5358126721763086
7470,0.5743801652892562
7471,0.41735537190082644
7472,0.6074380165289256
7473,1.1942148760330578
7474,0.013774104683195593
7475,0.011019283746556474
7476,0.2369146005509642
7477,0.18181818181818182
7478,0.02203856749311295
7479,0.07988980716253444
7480,0.29476584022038566
7481,0.024793388429752067
7482,3.1763085399449036
7483,1.709366391184573
7484,1.1611570247933884
7485,0.6212121212121212
7486,0.7672176308539945
7487,0.8526170798898072
7488,0.6528925619834711
7489,1.9090909090909092
7490,1.06198347107438
7491,1.384297520661157
7492,1.4449035812672177
7493,0.7961432506887053
7494,0.5371900826446281
7495,0.2988980716253444
7496,0.27823691460055094
7497,0.29476584022038566
7498,0.5013774104683195
7499,5.738292011019284
7500,2.9724517906336088
7501,3.9338842975206614
7502,2.7176308539944904
7503,1.5895316804407713
7504,1.6556473829201102
7505,1.4986225895316805
7506,1.3539944903581267
7507,0.8236914600550964
7508,1.1225895316804408
7509,0.5757575757575758
7510,0.24104683195592286
7511,1.7768595041322315
7512,2.1556473829201104
7513,1.4269972451790633
7514,0.2465564738292011
7515,0.47107438016528924
7516,1.3236914600550964
7517,0.7300275482093664
7518,0.5881542699724518
7519,0.8264462809917356
7520,4.256198347107438
7521,1.3691460055096418
7522,1.177685950413223
7523,1.3732782369146006
7524,0.48484848484848486
7525,0.32920110192837465
7526,0.5192837465564738
7527,0.9600550964187328
7528,0.4214876033057851
7529,0.3278236914600551
7530,0.6198347107438017
7531,0.46143250688705234
7532,0.006887052341597796
7533,0.004132231404958678
7534,0.16942148760330578
7535,0.19834710743801653
7536,0.04269972451790634
7537,0.05371900826446281
7538,0.15151515151515152
7539,0.12947658402203857
7540,8.061983471074381
7541,2.6198347107438016
7542,1.6088154269972452
7543,0.8526170798898072
7544,0.6680440771349863
7545,0.4972451790633609
7546,0.581267217630854
7547,1.987603305785124
7548,1.6198347107438016
7549,1.1336088154269972
7550,1.8305785123966942
7551,0.9090909090909091
7552,1.393939393939394
7553,0.6776859504132231
7554,0.4022038567493113
7555,0.39669421487603307
7556,0.35537190082644626
7557,5.214876033057851
7558,2.6515151515151514
7559,3.183195592286501
7560,2.366391184573003
7561,1.037190082644628
7562,1.7011019283746556
7563,1.743801652892562
7564,1.0895316804407713
7565,0.7396694214876033
7566,0.8567493112947658
7567,0.5840220385674931
7568,0.6887052341597796
7569,0.7341597796143251
7570,2.315426997245179
7571,1.5179063360881542
7572,0.37052341597796146
7573,0.32231404958677684
7574,0.9352617079889807
7575,1.5743801652892562
7576,1.0495867768595042
7577,0.5151515151515151
7578,1.8236914600550964
7579,2.6418732782369148
7580,1.5206611570247934
7581,0.8195592286501377
7582,0.9380165289256198
7583,0.5303030303030303
7584,1.0275482093663912
7585,0.6115702479338843
7586,0.640495867768595
7587,0.7272727272727273
7588,0.7892561983471075
7589,0.7575757575757576
7590,0.009641873278236915
7591,0.03581267217630854
7592,0.09090909090909091
7593,0.03581267217630854
7594,0.06060606060606061
7595,0.1115702479338843
7596,0.20798898071625344
7597,0.24242424242424243
7598,4.3429752066115705
7599,2.0399449035812673
7600,0.9090909090909091
7601,0.4628099173553719
7602,0.045454545454545456
7603,0.6157024793388429
7604,1.4834710743801653
7605,2.005509641873278
7606,1.371900826446281
7607,1.258953168044077
7608,0.8567493112947658
7609,1.1666666666666667
7610,0.35537190082644626
7611,0.5853994490358126
7612,0.5826446280991735
7613,0.5151515151515151
7614,0.11432506887052342
7615,5.516528925619835
7616,3.369146005509642
7617,1.3884297520661157
7618,2.0661157024793386
7619,1.5991735537190082
7620,1.2713498622589532
7621,2.212121212121212
7622,0.7754820936639119
7623,0.6652892561983471
7624,0.21487603305785125
7625,0.6859504132231405
7626,0.6391184573002755
7627,3.0826446280991737
7628,0.05234159779614325
7629,1.2465564738292012
7630,1.3732782369146006
7631,1.2203856749311295
7632,0.2066115702479339
7633,0.509641873278237
7634,0.2837465564738292
7635,0.25206611570247933
7636,0.9834710743801653
7637,1.443526170798898
7638,0.6019283746556474
7639,0.5082644628099173
7640,0.8512396694214877
7641,0.6804407713498623
7642,0.5730027548209367
7643,0.5771349862258953
7644,0.778236914600551
7645,0.5785123966942148
7646,0.5798898071625345
7647,0.162534435261708
7648,0.0
7649,0.028925619834710745
7650,0.1790633608815427
7651,0.01790633608815427
7652,0.04269972451790634
7653,0.1763085399449036
7654,0.1184573002754821
7655,0.0440771349862259
7656,6.46831955922865
7657,2.5867768595041323
7658,1.9931129476584022
7659,2.340220385674931
7660,1.3044077134986225
7661,0.8085399449035813
7662,0.8815426997245179
7663,1.7575757575757576
7664,1.4903581267217632
7665,1.93801652892562
7666,1.3099173553719008
7667,1.5082644628099173
7668,0.4214876033057851
7669,1.06198347107438
7670,0.6900826446280992
7671,0.7837465564738292
7672,0.3443526170798898
7673,14.825068870523417
7674,3.411845730027548
7675,3.7741046831955924
7676,3.115702479338843
7677,5.074380165289257
7678,1.9848484848484849
7679,0.6735537190082644
7680,1.7121212121212122
7681,1.5
7682,0.6377410468319559
7683,1.1074380165289257
7684,1.3071625344352618
7685,2.298898071625344
7686,1.4311294765840221
7687,1.5151515151515151
7688,1.2754820936639117
7689,0.8966942148760331
7690,0.987603305785124
7691,1.0
7692,1.3071625344352618
7693,0.418732782369146
7694,2.428374655647383
7695,2.3085399449035813
7696,1.2878787878787878
7697,1.325068870523416
7698,1.1253443526170799
7699,1.3484848484848484
7700,1.6942148760330578
7701,1.243801652892562
7702,1.0688705234159779
7703,0.8787878787878788
7704,0.699724517906336
7705,0.4669421487603306
7706,0.045454545454545456
7707,0.028925619834710745
7708,0.16391184573002754
7709,0.04269972451790634
7710,0.08677685950413223
7711,0.2493112947658402
7712,0.25895316804407714
7713,0.1721763085399449
7714,4.056473829201102
7715,4.228650137741047
7716,2.771349862258953
7717,1.480716253443526
7718,0.8608815426997245
7719,0.8842975206611571
7720,0.8278236914600551
7721,0.8526170798898072
7722,2.6666666666666665
7723,1.6707988980716253
7724,0.4793388429752066
7725,0.8539944903581267
7726,0.22451790633608815
7727,0.4696969696969697
7728,0.44077134986225897
7729,0.4793388429752066
7730,0.11019283746556474
7731,6.917355371900826
7732,2.1818181818181817
7733,0.8471074380165289
7734,2.590909090909091
7735,2.243801652892562
7736,1.396694214876033
7737,1.8760330578512396
7738,1.1336088154269972
7739,0.8140495867768595
7740,1.0909090909090908
7741,0.7878787878787878
7742,0.9917355371900827
7743,2.265840220385675
7744,1.4366391184573002
7745,1.2107438016528926
7746,0.7548209366391184
7747,0.5055096418732782
7748,0.7754820936639119
7749,1.002754820936639
7750,0.9338842975206612
7751,0.36363636363636365
7752,3.3801652892561984
7753,1.9325068870523416
7754,2.431129476584022
7755,1.037190082644628
7756,1.0495867768595042
7757,0.5730027548209367
7758,2.002754820936639
7759,1.7644628099173554
7760,1.5096418732782368
7761,1.4903581267217632
7762,0.8154269972451791
7763,0.3953168044077135
7764,0.02066115702479339
7765,0.03305785123966942
7766,0.22176308539944903
7767,0.01928374655647383
7768,0.049586776859504134
7769,0.08539944903581267
7770,0.28512396694214875
7771,0.18732782369146006
7772,5.181818181818182
7773,5.606060606060606
7774,3.455922865013774
7775,1.7479338842975207
7776,1.221763085399449
7777,1.2079889807162534
7778,0.7506887052341598
7779,6.315426997245179
7780,2.7823691460055096
7781,2.43801652892562
7782,1.2231404958677685
7783,2.2892561983471076
7784,0.662534435261708
7785,3.2672176308539944
7786,0.7121212121212122
7787,0.9118457300275482
7788,0.7176308539944903
7789,14.65977961432507
7790,4.254820936639119
7791,5.254820936639119
7792,3.352617079889807
7793,3.674931129476584
7794,2.159779614325069
7795,2.2644628099173554
7796,2.7506887052341598
7797,1.4228650137741048
7798,0.5991735537190083
7799,1.4256198347107438
7800,1.534435261707989
7801,5.404958677685951
7802,2.8292011019283745
7803,1.8305785123966942
7804,1.265840220385675
7805,0.7699724517906336
7806,2.5137741046831956
7807,1.6019283746556474
7808,1.2493112947658402
7809,1.4035812672176309
7810,7.757575757575758
7811,0.1418732782369146
7812,3.0454545454545454
7813,1.8071625344352618
7814,1.8581267217630855
7815,1.544077134986226
7816,2.5013774104683195
7817,2.597796143250689
7818,1.6019283746556474
7819,0.9889807162534435
7820,1.1088154269972452
7821,0.8126721763085399
7822,0.027548209366391185
7823,0.046831955922865015
7824,0.3581267217630854
7825,0.03305785123966942
7826,0.045454545454545456
7827,0.21074380165289255
7828,0.2988980716253444
7829,0.0
7830,7.25068870523416
7831,2.1294765840220387
7832,1.1639118457300275
7833,0.9944903581267218
7834,1.6694214876033058
7835,1.2975206611570247
7836,0.6666666666666666
7837,3.074380165289256
7838,2.3774104683195594
7839,2.056473829201102
7840,2.046831955922865
7841,1.8650137741046833
7842,0.6652892561983471
7843,0.8526170798898072
7844,1.1294765840220387
7845,0.7961432506887053
7846,0.19834710743801653
7847,11.24793388429752
7848,6.050964187327824
7849,2.3512396694214877
7850,5.866391184573002
7851,1.6088154269972452
7852,2.652892561983471
7853,1.4820936639118458
7854,1.399449035812672
7855,1.6515151515151516
7856,0.4476584022038568
7857,1.3209366391184574
7858,0.7121212121212122
7859,1.9724517906336088
7860,3.1515151515151514
7861,1.2300275482093663
7862,1.0977961432506886
7863,0.29614325068870523
7864,1.0881542699724518
7865,0.5881542699724518
7866,0.5964187327823691
7867,0.6694214876033058
7868,2.5964187327823693
7869,1.4008264462809918
7870,0.8471074380165289
7871,1.5234159779614325
7872,0.8223140495867769
7873,0.35674931129476584
7874,0.9972451790633609
7875,0.5289256198347108
7876,1.2865013774104683
7877,0.7052341597796143
7878,0.4297520661157025
7879,0.5550964187327824
7880,0.0674931129476584
7881,0.015151515151515152
7882,0.33608815426997246
7883,0.27823691460055094
7884,0.0371900826446281
7885,0.06336088154269973
7886,0.3168044077134986
7887,0.028925619834710745
7888,4.418732782369146
7889,1.9710743801652892
7890,1.0964187327823691
7891,0.6322314049586777
7892,0.5550964187327824
7893,0.44490358126721763
7894,0.5165289256198347
7895,3.0702479338842976
7896,1.674931129476584
7897,1.3057851239669422
7898,1.5702479338842976
7899,0.7011019283746557
7900,2.1707988980716255
7901,0.27823691460055094
7902,0.5275482093663911
7903,0.6584022038567493
7904,0.5895316804407713
7905,5.161157024793388
7906,2.8044077134986227
7907,3.8016528925619837
7908,1.7892561983471074
7909,0.8925619834710744
7910,1.6666666666666667
7911,1.4545454545454546
7912,1.0179063360881542
7913,0.7355371900826446
7914,0.6460055096418733
7915,0.22589531680440772
7916,0.19972451790633608
7917,1.059228650137741
7918,2.5798898071625342
7919,1.5426997245179064
7920,0.46143250688705234
7921,0.4366391184573003
7922,1.8884297520661157
7923,1.3016528925619835
7924,0.8898071625344353
7925,1.1680440771349863
7926,1.8980716253443526
7927,2.015151515151515
7928,1.9201101928374655
7929,1.1473829201101928
7930,0.7933884297520661
7931,0.4972451790633609
7932,1.0661157024793388
7933,1.0537190082644627
7934,0.37327823691460055
7935,0.4986225895316804
7936,0.6556473829201102
7937,1.1267217630853994
7938,0.03168044077134986
7939,0.07575757575757576
7940,0.14600550964187328
7941,0.045454545454545456
7942,0.09779614325068871
7943,0.06611570247933884
7944,0.32644628099173556
7945,0.174931129476584
7946,2.479338842975207
7947,2.6515151515151514
7948,1.8636363636363635
7949,0.568870523415978
7950,0.6776859504132231
7951,0.3526170798898072
7952,0.46005509641873277
7953,1.5082644628099173
7954,1.2231404958677685
7955,0.918732782369146
7956,1.1763085399449036
7957,0.7300275482093664
7958,0.5826446280991735
7959,0.6088154269972452
7960,0.34710743801652894
7961,0.34710743801652894
7962,0.5137741046831956
7963,3.674931129476584
7964,1.5757575757575757
7965,2.231404958677686
7966,1.5482093663911847
7967,1.462809917355372
7968,1.4917355371900827
7969,1.5881542699724518
7970,0.7231404958677686
7971,0.5509641873278237
7972,1.044077134986226
7973,0.37052341597796146
7974,0.35674931129476584
7975,2.108815426997245
7976,1.2286501377410468
7977,1.078512396694215
7978,0.33884297520661155
7979,0.30165289256198347
7980,2.090909090909091
7981,0.8264462809917356
7982,0.6611570247933884
7983,0.24793388429752067
7984,2.0454545454545454
7985,1.721763085399449
7986,2.009641873278237
7987,0.8415977961432507
7988,0.7754820936639119
7989,0.5027548209366391
7990,0.8415977961432507
7991,0.9931129476584022
7992,0.5289256198347108
7993,0.5027548209366391
7994,0.6157024793388429
7995,0.7424242424242424
7996,0.006887052341597796
7997,0.045454545454545456
7998,0.23415977961432508
7999,0.026170798898071626
8000,0.05371900826446281
8001,0.07713498622589532
8002,0.1859504132231405
8003,0.05096418732782369
8004,8.111570247933884
8005,2.5303030303030303
8006,1.943526170798898
8007,0.418732782369146
8008,1.4834710743801653
8009,1.078512396694215
8010,1.0330578512396693
8011,2.7493112947658402
8012,1.862258953168044
8013,2.1460055096418733
8014,1.399449035812672
8015,0.9421487603305785
8016,1.987603305785124
8017,0.33608815426997246
8018,0.9269972451790633
8019,0.38016528925619836
8020,1.803030303030303
8021,11.265840220385675
8022,2.9104683195592287
8023,3.8388429752066116
8024,4.523415977961433
8025,1.6542699724517906
8026,4.414600550964187
8027,0.8650137741046832
8028,1.418732782369146
8029,1.2107438016528926
8030,0.9380165289256198
8031,0.4573002754820937
8032,0.16942148760330578
8033,2.0991735537190084
8034,1.9738292011019283
8035,0.6212121212121212
8036,0.3236914600550964
8037,0.2190082644628099
8038,1.502754820936639
8039,0.59366391184573
8040,1.0867768595041323
8041,0.10743801652892562
8042,6.026170798898072
8043,1.9793388429752066
8044,1.174931129476584
8045,1.7286501377410468
8046,0.9338842975206612
8047,0.28236914600550966
8048,0.8016528925619835
8049,0.5358126721763086
8050,0.5743801652892562
8051,0.41735537190082644
8052,0.6074380165289256
8053,1.1942148760330578
8054,0.013774104683195593
8055,0.011019283746556474
8056,0.2369146005509642
8057,0.18181818181818182
8058,0.02203856749311295
8059,0.07988980716253444
8060,0.29476584022038566
8061,0.024793388429752067
8062,3.1763085399449036
8063,1.709366391184573
8064,1.1611570247933884
8065,0.6212121212121212
8066,0.7672176308539945
8067,0.8526170798898072
8068,0.6528925619834711
8069,1.9090909090909092
8070,1.06198347107438
8071,1.384297520661157
8072,1.4449035812672177
8073,0.7961432506887053
8074,0.5371900826446281
8075,0.2988980716253444
8076,0.27823691460055094
8077,0.29476584022038566
8078,0.5013774104683195
8079,5.738292011019284
8080,2.9724517906336088
8081,3.9338842975206614
8082,2.7176308539944904
8083,1.5895316804407713
8084,1.6556473829201102
8085,1.4986225895316805
8086,1.3539944903581267
8087,0.8236914600550964
8088,1.1225895316804408
8089,0.5757575757575758
8090,0.24104683195592286
8091,1.7768595041322315
8092,2.1556473829201104
8093,1.4269972451790633
8094,0.2465564738292011
8095,0.47107438016528924
8096,1.3236914600550964
8097,0.7300275482093664
8098,0.5881542699724518
8099,0.8264462809917356
8100,4.256198347107438
8101,1.3691460055096418
8102,1.177685950413223
8103,1.3732782369146006
8104,0.48484848484848486
8105,0.32920110192837465
8106,0.5192837465564738
8107,0.9600550964187328
8108,0.4214876033057851
8109,0.3278236914600551
8110,0.6198347107438017
8111,0.46143250688705234
8112,0.006887052341597796
8113,0.004132231404958678
8114,0.16942148760330578
8115,0.19834710743801653
8116,0.04269972451790634
8117,0.05371900826446281
8118,0.15151515151515152
8119,0.12947658402203857
