row_id,demand
0,7.548848878394333
1,2.5242030696576148
2,1.393693427784337
3,0.5870228256591893
4,0.7447363242817788
5,0.26647973238882333
6,0.5584907516725699
7,2.136658795749705
8,1.7563459268004722
9,0.9418044077134986
10,1.5938606847697758
11,1.1152597402597402
12,1.429112554112554
13,0.5709858323494688
14,0.4332447855175128
15,0.21620425029515938
16,0.37411452184179456
17,4.036009445100354
18,2.629329004329004
19,1.5915977961432506
20,2.7724813065722156
21,1.0900236127508856
22,1.689836678473042
23,1.8361865407319953
24,0.8840515545061
25,0.6734061393152302
26,1.0533746556473829
27,0.5598681621408894
28,0.7014954742227469
29,0.8670798898071626
30,2.461284927194018
31,1.6875245966155057
32,0.4888331365604093
33,0.44687131050767415
34,0.878345139708776
35,1.6264757969303423
36,1.1140791027154664
37,0.4897186147186147
38,1.5011314443132626
39,2.499508067689886
40,1.831759149940968
41,0.9454939000393545
42,0.7368654073199528
43,0.7294372294372294
44,1.3173455332546242
45,0.34149940968122783
46,0.7309622195985832
47,0.7386363636363636
48,0.7517709563164109
49,0.9859307359307359
50,0.12982093663911845
51,0.4821920503738686
52,0.5454545454545454
53,0.30362062180244
54,0.6017316017316017
55,0.39507083825265643
56,0.9789944903581267
57,0.9247835497835498
58,5.242916174734357
59,1.8592581660763479
60,1.0616883116883116
61,0.5349763872491144
62,0.32629870129870125
63,0.5935655253837071
64,1.438164108618654
65,2.181326249508068
66,1.9002361275088546
67,1.1651908697363242
68,0.9283746556473829
69,1.5654761904761905
70,0.3919716646989374
71,0.7926997245179064
72,0.505608028335301
73,0.45400432900432897
74,0.16430539157811885
75,6.043978748524204
76,3.4881444313262495
77,0.6942148760330579
78,2.443772136953955
79,1.9960153482880756
80,1.2428177882723337
81,2.4274891774891776
82,1.1020267611176702
83,0.5647874852420307
84,0.1610094451003542
85,0.6644037780401417
86,0.9267020857929948
87,4.077036599763872
88,0.32974222746950016
89,1.2482782369146006
90,1.1866391184573004
91,1.1637642660369933
92,0.21044864226682408
93,0.45124950806768993
94,0.1418732782369146
95,0.34031877213695394
96,1.0988783943329397
97,1.6681916568280204
98,0.6045356158992523
99,0.41484651711924436
100,0.6756198347107438
101,0.7152203856749311
102,0.6615013774104683
103,0.28856749311294766
104,1.085547028728847
105,0.46782762691853597
106,0.6649449035812672
107,0.18841007477371113
108,0.0
109,0.3894628099173554
110,1.3752459661550571
111,0.11609602518693427
112,0.2177784336875246
113,0.6238685556867375
114,0.5413715072805982
115,0.21846713892168437
116,6.805588351042896
117,2.096959858323495
118,2.121556473829201
119,2.2593959071231797
120,1.5450609996064542
121,0.6364128295946478
122,0.8514856355765447
123,2.20021645021645
124,1.5666076347894529
125,2.058293978748524
126,1.1549586776859504
127,1.718417945690673
128,0.407172373081464
129,0.7631345926800472
130,0.7736127508854782
131,0.7490161353797717
132,0.404319165682802
133,14.376820149547424
134,3.5273514364423457
135,1.8870523415977962
136,3.843565525383707
137,5.6086186540732
138,1.9031385281385282
139,0.9796340023612751
140,2.231060606060606
141,1.4642857142857144
142,0.5867276662731208
143,1.1430047225501772
144,1.2785812672176309
145,1.8458776072412435
146,1.1441361668634396
147,1.4718614718614718
148,1.2627410468319558
149,1.019775678866588
150,0.8866587957497049
151,1.3214285714285714
152,1.3500098386462023
153,0.35222353404171586
154,2.160615899252263
155,2.7078414010232192
156,1.9475108225108224
157,1.0553915781188508
158,0.8662436048799684
159,1.4242424242424243
160,1.7578217237308147
161,0.6754722550177096
162,1.0522924045651318
163,0.8679653679653679
164,0.7784336875245965
165,0.41204250295159384
166,0.612012987012987
167,0.3894628099173554
168,1.3676702085792996
169,0.23563557654466744
170,0.686245572609209
171,0.7139413616686344
172,1.3973337268791814
173,0.4789452971271153
174,6.117522628886265
175,4.1678964974419515
176,2.724960645415191
177,1.4189295552931918
178,1.109012199921291
179,0.8707201889020071
180,1.128197560015742
181,1.4084513970877608
182,2.869047619047619
183,1.7639708776072411
184,0.8110979929161747
185,1.7127115308933492
186,0.3801160960251869
187,1.0562770562770563
188,0.7739571035025581
189,0.7396694214876033
190,0.2158107044470681
191,8.280106257378984
192,2.5016233766233764
193,0.42355371900826444
194,3.956168831168831
195,5.211186540731996
196,1.6269185360094451
197,1.7773022432113341
198,1.6739472648563558
199,0.7998819362455726
200,0.9918831168831168
201,1.001082251082251
202,1.2101534828807556
203,2.2579201101928374
204,1.361176702085793
205,0.7839433293978749
206,0.6988390397481307
207,0.627754820936639
208,0.637741046831956
209,1.7870916961826053
210,1.2526564344746163
211,0.4318181818181818
212,3.0472255017709564
213,2.1269677292404565
214,2.3762790240062968
215,1.1078807556080283
216,1.1140791027154664
217,0.6079299488390397
218,1.662091696182605
219,0.8822314049586777
220,1.70124950806769
221,1.5844647776465959
222,0.7648563557654466
223,0.3762298307752853
224,0.27818772136953956
225,0.44510035419126326
226,1.5751672569854387
227,0.15249901613537975
228,0.3283648170011806
229,0.2926997245179063
230,0.9997048406139315
231,0.7900924832743015
232,4.698051948051948
233,5.124458874458875
234,4.227961432506887
235,1.552538370720189
236,1.289452971271153
237,0.7647087760724124
238,0.7860586383313656
239,8.28271349862259
240,3.123327430145612
241,2.6118654073199528
242,0.77228453364817
243,2.3053423848878394
244,0.6169815033451397
245,4.169323101141282
246,0.9810606060606061
247,1.1702085792994885
248,0.8945297127115308
249,15.347746950019676
250,4.038124754033845
251,2.6274104683195594
252,3.6763085399449036
253,4.033894136166864
254,2.008461235733963
255,2.614374262101535
256,3.714630066902794
257,1.3721467926013382
258,0.29958677685950413
259,1.4985242030696577
260,0.8922176308539945
261,4.29176505312869
262,2.4146005509641872
263,0.9152892561983471
264,1.7757772530499802
265,0.6885576544667453
266,3.149744195198741
267,2.122392758756395
268,0.8032270759543487
269,1.1125049193231011
270,6.7895021645021645
271,1.0352223534041716
272,3.0405844155844157
273,2.528581267217631
274,2.0362062180244
275,1.7006099960645416
276,2.5006887052341598
277,1.4060409287682016
278,1.5866784730421095
279,1.0123475009838647
280,1.107979142070051
281,0.6206218024399842
282,0.3709169618260527
283,0.6305588351042896
284,2.518349075167257
285,0.1415289256198347
286,0.45129870129870125
287,0.9803719008264463
288,1.542306178669815
289,0.0
290,8.036058638331365
291,2.189738292011019
292,1.2783844942935851
293,1.247245179063361
294,1.834710743801653
295,1.077331759149941
296,0.8333333333333333
297,3.1086186540731995
298,2.6351338055883513
299,2.135379771743408
300,2.4341302636757183
301,2.307506887052342
302,0.5826446280991735
303,0.8548799685163322
304,1.6361668634395907
305,0.8802144824872098
306,0.20631641086186542
307,16.19539551357733
308,6.45405352223534
309,1.1756198347107438
310,5.665338449429358
311,2.0901219992129083
312,2.362160566706021
313,1.72318968909878
314,1.9854388036206219
315,1.3793290043290045
316,0.6524006296733569
317,1.3568968909878
318,0.748917748917749
319,2.0397973238882328
320,2.5757575757575757
321,0.7757280598189689
322,1.08461235733963
323,0.2016430539157812
324,0.9905057064147973
325,0.6333628492719402
326,0.3517807949626131
327,0.6561393152302244
328,2.137495080676899
329,1.1289846517119244
330,1.0842680047225501
331,1.8331365604092875
332,0.6968713105076741
333,0.2676603699330972
334,0.8557654466745376
335,0.3001770956316411
336,1.4289649744195199
337,0.6919027941755215
338,0.4291617473435655
339,0.5989767807949626
340,0.9087465564738292
341,0.204004329004329
342,2.6144726485635577
343,2.1212613144431325
344,0.23288075560802832
345,0.388823297914207
346,1.694116489571035
347,0.1216056670602125
348,7.3700806768988585
349,2.342680047225502
350,1.1732093663911844
351,0.8518299881936245
352,0.7061196379378197
353,0.45459464777646597
354,0.7225501770956316
355,2.85655253837072
356,1.9446084218811492
357,2.0100354191263285
358,1.6958382526564346
359,0.6898366784730421
360,2.2461137347500983
361,0.3355470287288469
362,0.460202676111767
363,0.7756296733569461
364,0.6876229830775284
365,6.830578512396694
366,3.5986324281778828
367,1.9008264462809918
368,2.073199527744982
369,1.1605667060212514
370,2.369047619047619
371,1.5665584415584415
372,0.5089531680440771
373,0.7249114521841795
374,1.394431326249508
375,0.4165190869736324
376,0.7070051160960251
377,1.118900039354585
378,2.30780204643841
379,1.3606355765446674
380,0.5700019677292405
381,0.5040338449429358
382,1.4799291617473436
383,1.9365407319952777
384,1.0520464384100747
385,1.5661648957103502
386,1.877607241243605
387,1.954004329004329
388,2.19219795356159
389,1.127262888626525
390,0.5038370720188902
391,0.6414797323888233
392,1.2652007083825265
393,0.5447166469893743
394,0.5437819756001574
395,0.37431129476584024
396,0.7742522628886266
397,0.9740751672569854
398,0.42655450609996065
399,1.020021645021645
400,1.2337170405352225
401,0.45129870129870125
402,1.1560409287682016
403,0.33662927981109797
404,1.502508854781582
405,1.1053227075954348
406,2.2218122786304604
407,2.0221861471861473
408,1.8782467532467533
409,0.48086383313656045
410,0.4817001180637544
411,0.31916568280204644
412,0.40859897678079493
413,1.1648465171192444
414,1.27228453364817
415,0.8879378197560015
416,1.2310114128295946
417,0.7042994883903975
418,0.7377508854781583
419,0.41155057064147976
420,0.47712514757969304
421,0.22712514757969304
422,0.39974419519874066
423,3.8731798504525776
424,1.5557359307359309
425,1.115702479338843
426,1.309818968909878
427,1.3921192443919717
428,1.5494391971664698
429,1.5797914207005115
430,0.3615702479338843
431,0.48976780794962615
432,1.25418142463597
433,0.3816902794175522
434,0.35694608421881147
435,3.3044077134986223
436,0.9893250688705234
437,0.8963990554899646
438,0.5979929161747344
439,0.2936835891381346
440,1.0454545454545454
441,1.2167945690672963
442,0.6341499409681228
443,0.1775383707201889
444,2.12987012987013
445,1.557310114128296
446,2.45124950806769
447,0.7422274695001968
448,0.6198839039748131
449,0.5906631247540339
450,0.9029417552144825
451,0.5679850452577725
452,0.6394628099173554
453,0.4656631247540338
454,0.6471369539551357
455,0.6569264069264069
456,0.09272924045651318
457,0.612012987012987
458,1.4920798898071626
459,0.17379968516332153
460,0.4018595041322314
461,0.2528532073986619
462,0.6465466351829988
463,0.20405352223534043
464,5.895070838252656
465,3.033008658008658
466,2.1681916568280206
467,0.44150924832743016
468,1.7238783943329397
469,1.6106847697756788
470,0.8915289256198347
471,4.338941361668635
472,2.1454151908697363
473,2.0908598976780794
474,1.2532959464777647
475,1.0782172373081464
476,2.4938016528925617
477,0.29304407713498626
478,0.8563557654466745
479,0.332939787485242
480,2.0265151515151514
481,15.09720582447855
482,2.9195198740653288
483,1.9194214876033058
484,4.243850846123573
485,1.5235635576544668
486,4.600157418339236
487,0.9325068870523416
488,1.1200806768988587
489,1.2303719008264462
490,1.201151121605667
491,0.3536501377410468
492,0.31685360094451004
493,2.156729634002361
494,3.0583431719795358
495,0.3998917748917749
496,0.3404171585989768
497,0.23450413223140495
498,1.6263774104683195
499,0.7611176702085793
500,1.3291027154663517
501,0.19657615112160565
502,4.7987996851633214
503,1.9718122786304604
504,1.5696084218811492
505,1.8464679260133805
506,1.1633707201889019
507,0.3554702872884691
508,0.7043978748524202
509,0.2679063360881543
510,0.4657615112160567
511,0.44082054309327035
512,0.66086186540732
513,1.239964580873672
514,0.18545848091302636
515,0.1483667847304211
516,1.5648858717040535
517,1.323051948051948
518,0.1717335694608422
519,0.2542306178669815
520,1.7009543486816214
521,0.13739669421487605
522,2.7310114128295946
523,1.7296831955922864
524,1.0448642266824084
525,0.6677489177489178
526,0.9907516725698544
527,0.9084513970877608
528,0.6478748524203071
529,3.311688311688312
530,1.53099173553719
531,1.745720188902007
532,1.3117375049193232
533,1.2730716253443526
534,0.44716646989374265
535,0.3101633215269579
536,0.5141184573002755
537,0.21881149153876425
538,0.37568870523415976
539,10.17271743408107
540,3.004083038173947
541,1.9669421487603307
542,3.001672569854388
543,2.5090515545061
544,1.5421094057457694
545,1.4635970090515547
546,1.6769972451790633
547,0.7868457300275482
548,1.1862947658402203
549,0.7164502164502164
550,0.26338055883510425
551,2.0312868949232588
552,2.131395120031484
553,0.9456414797323889
554,0.2839925226288863
555,0.306965761511216
556,0.9832743014561196
557,1.132870916961826
558,0.4905057064147973
559,1.0382231404958677
560,4.75309917355372
561,1.4881444313262495
562,1.535271546635183
563,1.2937819756001574
564,0.2602813852813853
565,0.39674340810704445
566,0.6346418732782368
567,1.533598976780795
568,0.532172373081464
569,0.28891184573002754
570,0.5242030696576151
571,0.373573396300669
572,0.09272924045651318
573,0.05563754427390791
574,1.298996458087367
575,1.4920306965761512
576,0.37849271940181034
577,0.24114521841794567
578,0.5043290043290043
579,0.43973829201101927
580,7.548848878394333
581,2.5242030696576148
582,1.393693427784337
583,0.5870228256591893
584,0.7447363242817788
585,0.26647973238882333
586,0.5584907516725699
587,2.136658795749705
588,1.7563459268004722
589,0.9418044077134986
590,1.5938606847697758
591,1.1152597402597402
592,1.429112554112554
593,0.5709858323494688
594,0.4332447855175128
595,0.21620425029515938
596,0.37411452184179456
597,4.036009445100354
598,2.629329004329004
599,1.5915977961432506
600,2.7724813065722156
601,1.0900236127508856
602,1.689836678473042
603,1.8361865407319953
604,0.8840515545061
605,0.6734061393152302
606,1.0533746556473829
607,0.5598681621408894
608,0.7014954742227469
609,0.8670798898071626
610,2.461284927194018
611,1.6875245966155057
612,0.4888331365604093
613,0.44687131050767415
614,0.878345139708776
615,1.6264757969303423
616,1.1140791027154664
617,0.4897186147186147
618,1.5011314443132626
619,2.499508067689886
620,1.831759149940968
621,0.9454939000393545
622,0.7368654073199528
623,0.7294372294372294
624,1.3173455332546242
625,0.34149940968122783
626,0.7309622195985832
627,0.7386363636363636
628,0.7517709563164109
629,0.9859307359307359
630,0.12982093663911845
631,0.4821920503738686
632,0.5454545454545454
633,0.30362062180244
634,0.6017316017316017
635,0.39507083825265643
636,0.9789944903581267
637,0.9247835497835498
638,5.242916174734357
639,1.8592581660763479
640,1.0616883116883116
641,0.5349763872491144
642,0.32629870129870125
643,0.5935655253837071
644,1.438164108618654
645,2.181326249508068
646,1.9002361275088546
647,1.1651908697363242
648,0.9283746556473829
649,1.5654761904761905
650,0.3919716646989374
651,0.7926997245179064
652,0.505608028335301
653,0.45400432900432897
654,0.16430539157811885
655,6.043978748524204
656,3.4881444313262495
657,0.6942148760330579
658,2.443772136953955
659,1.9960153482880756
660,1.2428177882723337
661,2.4274891774891776
662,1.1020267611176702
663,0.5647874852420307
664,0.1610094451003542
665,0.6644037780401417
666,0.9267020857929948
667,4.077036599763872
668,0.32974222746950016
669,1.2482782369146006
670,1.1866391184573004
671,1.1637642660369933
672,0.21044864226682408
673,0.45124950806768993
674,0.1418732782369146
675,0.34031877213695394
676,1.0988783943329397
677,1.6681916568280204
678,0.6045356158992523
679,0.41484651711924436
680,0.6756198347107438
681,0.7152203856749311
682,0.6615013774104683
683,0.28856749311294766
684,1.085547028728847
685,0.46782762691853597
686,0.6649449035812672
687,0.18841007477371113
688,0.0
689,0.3894628099173554
690,1.3752459661550571
691,0.11609602518693427
692,0.2177784336875246
693,0.6238685556867375
694,0.5413715072805982
695,0.21846713892168437
696,6.805588351042896
697,2.096959858323495
698,2.121556473829201
699,2.2593959071231797
700,1.5450609996064542
701,0.6364128295946478
702,0.8514856355765447
703,2.20021645021645
704,1.5666076347894529
705,2.058293978748524
706,1.1549586776859504
707,1.718417945690673
708,0.407172373081464
709,0.7631345926800472
710,0.7736127508854782
711,0.7490161353797717
712,0.404319165682802
713,14.376820149547424
714,3.5273514364423457
715,1.8870523415977962
716,3.843565525383707
717,5.6086186540732
718,1.9031385281385282
719,0.9796340023612751
720,2.231060606060606
721,1.4642857142857144
722,0.5867276662731208
723,1.1430047225501772
724,1.2785812672176309
725,1.8458776072412435
726,1.1441361668634396
727,1.4718614718614718
728,1.2627410468319558
729,1.019775678866588
730,0.8866587957497049
731,1.3214285714285714
732,1.3500098386462023
733,0.35222353404171586
734,2.160615899252263
735,2.7078414010232192
736,1.9475108225108224
737,1.0553915781188508
738,0.8662436048799684
739,1.4242424242424243
740,1.7578217237308147
741,0.6754722550177096
742,1.0522924045651318
743,0.8679653679653679
744,0.7784336875245965
745,0.41204250295159384
746,0.612012987012987
747,0.3894628099173554
748,1.3676702085792996
749,0.23563557654466744
750,0.686245572609209
751,0.7139413616686344
752,1.3973337268791814
753,0.4789452971271153
754,6.117522628886265
755,4.1678964974419515
756,2.724960645415191
757,1.4189295552931918
758,1.109012199921291
759,0.8707201889020071
760,1.128197560015742
761,1.4084513970877608
762,2.869047619047619
763,1.7639708776072411
764,0.8110979929161747
765,1.7127115308933492
766,0.3801160960251869
767,1.0562770562770563
768,0.7739571035025581
769,0.7396694214876033
770,0.2158107044470681
771,8.280106257378984
772,2.5016233766233764
773,0.42355371900826444
774,3.956168831168831
775,5.211186540731996
776,1.6269185360094451
777,1.7773022432113341
778,1.6739472648563558
779,0.7998819362455726
780,0.9918831168831168
781,1.001082251082251
782,1.2101534828807556
783,2.2579201101928374
784,1.361176702085793
785,0.7839433293978749
786,0.6988390397481307
787,0.627754820936639
788,0.637741046831956
789,1.7870916961826053
790,1.2526564344746163
791,0.4318181818181818
792,3.0472255017709564
793,2.1269677292404565
794,2.3762790240062968
795,1.1078807556080283
796,1.1140791027154664
797,0.6079299488390397
798,1.662091696182605
799,0.8822314049586777
800,1.70124950806769
801,1.5844647776465959
802,0.7648563557654466
803,0.3762298307752853
804,0.27818772136953956
805,0.44510035419126326
806,1.5751672569854387
807,0.15249901613537975
808,0.3283648170011806
809,0.2926997245179063
810,0.9997048406139315
811,0.7900924832743015
812,4.698051948051948
813,5.124458874458875
814,4.227961432506887
815,1.552538370720189
816,1.289452971271153
817,0.7647087760724124
818,0.7860586383313656
819,8.28271349862259
820,3.123327430145612
821,2.6118654073199528
822,0.77228453364817
823,2.3053423848878394
824,0.6169815033451397
825,4.169323101141282
826,0.9810606060606061
827,1.1702085792994885
828,0.8945297127115308
829,15.347746950019676
830,4.038124754033845
831,2.6274104683195594
832,3.6763085399449036
833,4.033894136166864
834,2.008461235733963
835,2.614374262101535
836,3.714630066902794
837,1.3721467926013382
838,0.29958677685950413
839,1.4985242030696577
840,0.8922176308539945
841,4.29176505312869
842,2.4146005509641872
843,0.9152892561983471
844,1.7757772530499802
845,0.6885576544667453
846,3.149744195198741
847,2.122392758756395
848,0.8032270759543487
849,1.1125049193231011
850,6.7895021645021645
851,1.0352223534041716
852,3.0405844155844157
853,2.528581267217631
854,2.0362062180244
855,1.7006099960645416
856,2.5006887052341598
857,1.4060409287682016
858,1.5866784730421095
859,1.0123475009838647
860,1.107979142070051
861,0.6206218024399842
862,0.3709169618260527
863,0.6305588351042896
864,2.518349075167257
865,0.1415289256198347
866,0.45129870129870125
867,0.9803719008264463
868,1.542306178669815
869,0.0
870,8.036058638331365
871,2.189738292011019
872,1.2783844942935851
873,1.247245179063361
874,1.834710743801653
875,1.077331759149941
876,0.8333333333333333
877,3.1086186540731995
878,2.6351338055883513
879,2.135379771743408
880,2.4341302636757183
881,2.307506887052342
882,0.5826446280991735
883,0.8548799685163322
884,1.6361668634395907
885,0.8802144824872098
886,0.20631641086186542
887,16.19539551357733
888,6.45405352223534
889,1.1756198347107438
890,5.665338449429358
891,2.0901219992129083
892,2.362160566706021
893,1.72318968909878
894,1.9854388036206219
895,1.3793290043290045
896,0.6524006296733569
897,1.3568968909878
898,0.748917748917749
899,2.0397973238882328
900,2.5757575757575757
901,0.7757280598189689
902,1.08461235733963
903,0.2016430539157812
904,0.9905057064147973
905,0.6333628492719402
906,0.3517807949626131
907,0.6561393152302244
908,2.137495080676899
909,1.1289846517119244
910,1.0842680047225501
911,1.8331365604092875
912,0.6968713105076741
913,0.2676603699330972
914,0.8557654466745376
915,0.3001770956316411
916,1.4289649744195199
917,0.6919027941755215
918,0.4291617473435655
919,0.5989767807949626
920,0.9087465564738292
921,0.204004329004329
922,2.6144726485635577
923,2.1212613144431325
924,0.23288075560802832
925,0.388823297914207
926,1.694116489571035
927,0.1216056670602125
928,7.3700806768988585
929,2.342680047225502
930,1.1732093663911844
931,0.8518299881936245
932,0.7061196379378197
933,0.45459464777646597
934,0.7225501770956316
935,2.85655253837072
936,1.9446084218811492
937,2.0100354191263285
938,1.6958382526564346
939,0.6898366784730421
940,2.2461137347500983
941,0.3355470287288469
942,0.460202676111767
943,0.7756296733569461
944,0.6876229830775284
945,6.830578512396694
946,3.5986324281778828
947,1.9008264462809918
948,2.073199527744982
949,1.1605667060212514
950,2.369047619047619
951,1.5665584415584415
952,0.5089531680440771
953,0.7249114521841795
954,1.394431326249508
955,0.4165190869736324
956,0.7070051160960251
957,1.118900039354585
958,2.30780204643841
959,1.3606355765446674
960,0.5700019677292405
961,0.5040338449429358
962,1.4799291617473436
963,1.9365407319952777
964,1.0520464384100747
965,1.5661648957103502
966,1.877607241243605
967,1.954004329004329
968,2.19219795356159
969,1.127262888626525
970,0.5038370720188902
971,0.6414797323888233
972,1.2652007083825265
973,0.5447166469893743
974,0.5437819756001574
975,0.37431129476584024
976,0.7742522628886266
977,0.9740751672569854
978,0.42655450609996065
979,1.020021645021645
980,1.2337170405352225
981,0.45129870129870125
982,1.1560409287682016
983,0.33662927981109797
984,1.502508854781582
985,1.1053227075954348
986,2.2218122786304604
987,2.0221861471861473
988,1.8782467532467533
989,0.48086383313656045
990,0.4817001180637544
991,0.31916568280204644
992,0.40859897678079493
993,1.1648465171192444
994,1.27228453364817
995,0.8879378197560015
996,1.2310114128295946
997,0.7042994883903975
998,0.7377508854781583
999,0.41155057064147976
1000,0.47712514757969304
1001,0.22712514757969304
1002,0.39974419519874066
1003,3.8731798504525776
1004,1.5557359307359309
1005,1.115702479338843
1006,1.309818968909878
1007,1.3921192443919717
1008,1.5494391971664698
1009,1.5797914207005115
1010,0.3615702479338843
1011,0.48976780794962615
1012,1.25418142463597
1013,0.3816902794175522
1014,0.35694608421881147
1015,3.3044077134986223
1016,0.9893250688705234
1017,0.8963990554899646
1018,0.5979929161747344
1019,0.2936835891381346
1020,1.0454545454545454
1021,1.2167945690672963
1022,0.6341499409681228
1023,0.1775383707201889
1024,2.12987012987013
1025,1.557310114128296
1026,2.45124950806769
1027,0.7422274695001968
1028,0.6198839039748131
1029,0.5906631247540339
1030,0.9029417552144825
1031,0.5679850452577725
1032,0.6394628099173554
1033,0.4656631247540338
1034,0.6471369539551357
1035,0.6569264069264069
1036,0.09272924045651318
1037,0.612012987012987
1038,1.4920798898071626
1039,0.17379968516332153
1040,0.4018595041322314
1041,0.2528532073986619
1042,0.6465466351829988
1043,0.20405352223534043
1044,5.895070838252656
1045,3.033008658008658
1046,2.1681916568280206
1047,0.44150924832743016
1048,1.7238783943329397
1049,1.6106847697756788
1050,0.8915289256198347
1051,4.338941361668635
1052,2.1454151908697363
1053,2.0908598976780794
1054,1.2532959464777647
1055,1.0782172373081464
1056,2.4938016528925617
1057,0.29304407713498626
1058,0.8563557654466745
1059,0.332939787485242
1060,2.0265151515151514
1061,15.09720582447855
1062,2.9195198740653288
1063,1.9194214876033058
1064,4.243850846123573
1065,1.5235635576544668
1066,4.600157418339236
1067,0.9325068870523416
1068,1.1200806768988587
1069,1.2303719008264462
1070,1.201151121605667
1071,0.3536501377410468
1072,0.31685360094451004
1073,2.156729634002361
1074,3.0583431719795358
1075,0.3998917748917749
1076,0.3404171585989768
1077,0.23450413223140495
1078,1.6263774104683195
1079,0.7611176702085793
1080,1.3291027154663517
1081,0.19657615112160565
1082,4.7987996851633214
1083,1.9718122786304604
1084,1.5696084218811492
1085,1.8464679260133805
1086,1.1633707201889019
1087,0.3554702872884691
1088,0.7043978748524202
1089,0.2679063360881543
1090,0.4657615112160567
1091,0.44082054309327035
1092,0.66086186540732
1093,1.239964580873672
1094,0.18545848091302636
1095,0.1483667847304211
1096,1.5648858717040535
1097,1.323051948051948
1098,0.1717335694608422
1099,0.2542306178669815
1100,1.7009543486816214
1101,0.13739669421487605
1102,2.7310114128295946
1103,1.7296831955922864
1104,1.0448642266824084
1105,0.6677489177489178
1106,0.9907516725698544
1107,0.9084513970877608
1108,0.6478748524203071
1109,3.311688311688312
1110,1.53099173553719
1111,1.745720188902007
1112,1.3117375049193232
1113,1.2730716253443526
1114,0.44716646989374265
1115,0.3101633215269579
1116,0.5141184573002755
1117,0.21881149153876425
1118,0.37568870523415976
1119,10.17271743408107
1120,3.004083038173947
1121,1.9669421487603307
1122,3.001672569854388
1123,2.5090515545061
1124,1.5421094057457694
1125,1.4635970090515547
1126,1.6769972451790633
1127,0.7868457300275482
1128,1.1862947658402203
1129,0.7164502164502164
1130,0.26338055883510425
1131,2.0312868949232588
1132,2.131395120031484
1133,0.9456414797323889
1134,0.2839925226288863
1135,0.306965761511216
1136,0.9832743014561196
1137,1.132870916961826
1138,0.4905057064147973
1139,1.0382231404958677
1140,4.75309917355372
1141,1.4881444313262495
1142,1.535271546635183
1143,1.2937819756001574
1144,0.2602813852813853
1145,0.39674340810704445
1146,0.6346418732782368
1147,1.533598976780795
1148,0.532172373081464
1149,0.28891184573002754
1150,0.5242030696576151
1151,0.373573396300669
1152,0.09272924045651318
1153,0.05563754427390791
1154,1.298996458087367
1155,1.4920306965761512
1156,0.37849271940181034
1157,0.24114521841794567
1158,0.5043290043290043
1159,0.43973829201101927
1160,7.548848878394333
1161,2.5242030696576148
1162,1.393693427784337
1163,0.5870228256591893
1164,0.7447363242817788
1165,0.26647973238882333
1166,0.5584907516725699
1167,2.136658795749705
1168,1.7563459268004722
1169,0.9418044077134986
1170,1.5938606847697758
1171,1.1152597402597402
1172,1.429112554112554
1173,0.5709858323494688
1174,0.4332447855175128
1175,0.21620425029515938
1176,0.37411452184179456
1177,4.036009445100354
1178,2.629329004329004
1179,1.5915977961432506
1180,2.7724813065722156
1181,1.0900236127508856
1182,1.689836678473042
1183,1.8361865407319953
1184,0.8840515545061
1185,0.6734061393152302
1186,1.0533746556473829
1187,0.5598681621408894
1188,0.7014954742227469
1189,0.8670798898071626
1190,2.461284927194018
1191,1.6875245966155057
1192,0.4888331365604093
1193,0.44687131050767415
1194,0.878345139708776
1195,1.6264757969303423
1196,1.1140791027154664
1197,0.4897186147186147
1198,1.5011314443132626
1199,2.499508067689886
1200,1.831759149940968
1201,0.9454939000393545
1202,0.7368654073199528
1203,0.7294372294372294
1204,1.3173455332546242
1205,0.34149940968122783
1206,0.7309622195985832
1207,0.7386363636363636
1208,0.7517709563164109
1209,0.9859307359307359
1210,0.12982093663911845
1211,0.4821920503738686
1212,0.5454545454545454
1213,0.30362062180244
1214,0.6017316017316017
1215,0.39507083825265643
1216,0.9789944903581267
1217,0.9247835497835498
1218,5.242916174734357
1219,1.8592581660763479
1220,1.0616883116883116
1221,0.5349763872491144
1222,0.32629870129870125
1223,0.5935655253837071
1224,1.438164108618654
1225,2.181326249508068
1226,1.9002361275088546
1227,1.1651908697363242
1228,0.9283746556473829
1229,1.5654761904761905
1230,0.3919716646989374
1231,0.7926997245179064
1232,0.505608028335301
1233,0.45400432900432897
1234,0.16430539157811885
1235,6.043978748524204
1236,3.4881444313262495
1237,0.6942148760330579
1238,2.443772136953955
1239,1.9960153482880756
1240,1.2428177882723337
1241,2.4274891774891776
1242,1.1020267611176702
1243,0.5647874852420307
1244,0.1610094451003542
1245,0.6644037780401417
1246,0.9267020857929948
1247,4.077036599763872
1248,0.32974222746950016
1249,1.2482782369146006
1250,1.1866391184573004
1251,1.1637642660369933
1252,0.21044864226682408
1253,0.45124950806768993
1254,0.1418732782369146
1255,0.34031877213695394
1256,1.0988783943329397
1257,1.6681916568280204
1258,0.6045356158992523
1259,0.41484651711924436
1260,0.6756198347107438
1261,0.7152203856749311
1262,0.6615013774104683
1263,0.28856749311294766
1264,1.085547028728847
1265,0.46782762691853597
1266,0.6649449035812672
1267,0.18841007477371113
1268,0.0
1269,0.3894628099173554
1270,1.3752459661550571
1271,0.11609602518693427
1272,0.2177784336875246
1273,0.6238685556867375
1274,0.5413715072805982
1275,0.21846713892168437
1276,6.805588351042896
1277,2.096959858323495
1278,2.121556473829201
1279,2.2593959071231797
1280,1.5450609996064542
1281,0.6364128295946478
1282,0.8514856355765447
1283,2.20021645021645
1284,1.5666076347894529
1285,2.058293978748524
1286,1.1549586776859504
1287,1.718417945690673
1288,0.407172373081464
1289,0.7631345926800472
1290,0.7736127508854782
1291,0.7490161353797717
1292,0.404319165682802
1293,14.376820149547424
1294,3.5273514364423457
1295,1.8870523415977962
1296,3.843565525383707
1297,5.6086186540732
1298,1.9031385281385282
1299,0.9796340023612751
1300,2.231060606060606
1301,1.4642857142857144
1302,0.5867276662731208
1303,1.1430047225501772
1304,1.2785812672176309
1305,1.8458776072412435
1306,1.1441361668634396
1307,1.4718614718614718
1308,1.2627410468319558
1309,1.019775678866588
1310,0.8866587957497049
1311,1.3214285714285714
1312,1.3500098386462023
1313,0.35222353404171586
1314,2.160615899252263
1315,2.7078414010232192
1316,1.9475108225108224
1317,1.0553915781188508
1318,0.8662436048799684
1319,1.4242424242424243
1320,1.7578217237308147
1321,0.6754722550177096
1322,1.0522924045651318
1323,0.8679653679653679
1324,0.7784336875245965
1325,0.41204250295159384
1326,0.612012987012987
1327,0.3894628099173554
1328,1.3676702085792996
1329,0.23563557654466744
1330,0.686245572609209
1331,0.7139413616686344
1332,1.3973337268791814
1333,0.4789452971271153
1334,6.117522628886265
1335,4.1678964974419515
1336,2.724960645415191
1337,1.4189295552931918
1338,1.109012199921291
1339,0.8707201889020071
1340,1.128197560015742
1341,1.4084513970877608
1342,2.869047619047619
1343,1.7639708776072411
1344,0.8110979929161747
1345,1.7127115308933492
1346,0.3801160960251869
1347,1.0562770562770563
1348,0.7739571035025581
1349,0.7396694214876033
1350,0.2158107044470681
1351,8.280106257378984
1352,2.5016233766233764
1353,0.42355371900826444
1354,3.956168831168831
1355,5.211186540731996
1356,1.6269185360094451
1357,1.7773022432113341
1358,1.6739472648563558
1359,0.7998819362455726
1360,0.9918831168831168
1361,1.001082251082251
1362,1.2101534828807556
1363,2.2579201101928374
1364,1.361176702085793
1365,0.7839433293978749
1366,0.6988390397481307
1367,0.627754820936639
1368,0.637741046831956
1369,1.7870916961826053
1370,1.2526564344746163
1371,0.4318181818181818
1372,3.0472255017709564
1373,2.1269677292404565
1374,2.3762790240062968
1375,1.1078807556080283
1376,1.1140791027154664
1377,0.6079299488390397
1378,1.662091696182605
1379,0.8822314049586777
1380,1.70124950806769
1381,1.5844647776465959
1382,0.7648563557654466
1383,0.3762298307752853
1384,0.27818772136953956
1385,0.44510035419126326
1386,1.5751672569854387
1387,0.15249901613537975
1388,0.3283648170011806
1389,0.2926997245179063
1390,0.9997048406139315
1391,0.7900924832743015
1392,4.698051948051948
1393,5.124458874458875
1394,4.227961432506887
1395,1.552538370720189
1396,1.289452971271153
1397,0.7647087760724124
1398,0.7860586383313656
1399,8.28271349862259
1400,3.123327430145612
1401,2.6118654073199528
1402,0.77228453364817
1403,2.3053423848878394
1404,0.6169815033451397
1405,4.169323101141282
1406,0.9810606060606061
1407,1.1702085792994885
1408,0.8945297127115308
1409,15.347746950019676
1410,4.038124754033845
1411,2.6274104683195594
1412,3.6763085399449036
1413,4.033894136166864
1414,2.008461235733963
1415,2.614374262101535
1416,3.714630066902794
1417,1.3721467926013382
1418,0.29958677685950413
1419,1.4985242030696577
1420,0.8922176308539945
1421,4.29176505312869
1422,2.4146005509641872
1423,0.9152892561983471
1424,1.7757772530499802
1425,0.6885576544667453
1426,3.149744195198741
1427,2.122392758756395
1428,0.8032270759543487
1429,1.1125049193231011
1430,6.7895021645021645
1431,1.0352223534041716
1432,3.0405844155844157
1433,2.528581267217631
1434,2.0362062180244
1435,1.7006099960645416
1436,2.5006887052341598
1437,1.4060409287682016
1438,1.5866784730421095
1439,1.0123475009838647
1440,1.107979142070051
1441,0.6206218024399842
1442,0.3709169618260527
1443,0.6305588351042896
1444,2.518349075167257
1445,0.1415289256198347
1446,0.45129870129870125
1447,0.9803719008264463
1448,1.542306178669815
1449,0.0
1450,8.036058638331365
1451,2.189738292011019
1452,1.2783844942935851
1453,1.247245179063361
1454,1.834710743801653
1455,1.077331759149941
1456,0.8333333333333333
1457,3.1086186540731995
1458,2.6351338055883513
1459,2.135379771743408
1460,2.4341302636757183
1461,2.307506887052342
1462,0.5826446280991735
1463,0.8548799685163322
1464,1.6361668634395907
1465,0.8802144824872098
1466,0.20631641086186542
1467,16.19539551357733
1468,6.45405352223534
1469,1.1756198347107438
1470,5.665338449429358
1471,2.0901219992129083
1472,2.362160566706021
1473,1.72318968909878
1474,1.9854388036206219
1475,1.3793290043290045
1476,0.6524006296733569
1477,1.3568968909878
1478,0.748917748917749
1479,2.0397973238882328
1480,2.5757575757575757
1481,0.7757280598189689
1482,1.08461235733963
1483,0.2016430539157812
1484,0.9905057064147973
1485,0.6333628492719402
1486,0.3517807949626131
1487,0.6561393152302244
1488,2.137495080676899
1489,1.1289846517119244
1490,1.0842680047225501
1491,1.8331365604092875
1492,0.6968713105076741
1493,0.2676603699330972
1494,0.8557654466745376
1495,0.3001770956316411
1496,1.4289649744195199
1497,0.6919027941755215
1498,0.4291617473435655
1499,0.5989767807949626
1500,0.9087465564738292
1501,0.204004329004329
1502,2.6144726485635577
1503,2.1212613144431325
1504,0.23288075560802832
1505,0.388823297914207
1506,1.694116489571035
1507,0.1216056670602125
1508,7.3700806768988585
1509,2.342680047225502
1510,1.1732093663911844
1511,0.8518299881936245
1512,0.7061196379378197
1513,0.45459464777646597
1514,0.7225501770956316
1515,2.85655253837072
1516,1.9446084218811492
1517,2.0100354191263285
1518,1.6958382526564346
1519,0.6898366784730421
1520,2.2461137347500983
1521,0.3355470287288469
1522,0.460202676111767
1523,0.7756296733569461
1524,0.6876229830775284
1525,6.830578512396694
1526,3.5986324281778828
1527,1.9008264462809918
1528,2.073199527744982
1529,1.1605667060212514
1530,2.369047619047619
1531,1.5665584415584415
1532,0.5089531680440771
1533,0.7249114521841795
1534,1.394431326249508
1535,0.4165190869736324
1536,0.7070051160960251
1537,1.118900039354585
1538,2.30780204643841
1539,1.3606355765446674
1540,0.5700019677292405
1541,0.5040338449429358
1542,1.4799291617473436
1543,1.9365407319952777
1544,1.0520464384100747
1545,1.5661648957103502
1546,1.877607241243605
1547,1.954004329004329
1548,2.19219795356159
1549,1.127262888626525
1550,0.5038370720188902
1551,0.6414797323888233
1552,1.2652007083825265
1553,0.5447166469893743
1554,0.5437819756001574
1555,0.37431129476584024
1556,0.7742522628886266
1557,0.9740751672569854
1558,0.42655450609996065
1559,1.020021645021645
1560,1.2337170405352225
1561,0.45129870129870125
1562,1.1560409287682016
1563,0.33662927981109797
1564,1.502508854781582
1565,1.1053227075954348
1566,2.2218122786304604
1567,2.0221861471861473
1568,1.8782467532467533
1569,0.48086383313656045
1570,0.4817001180637544
1571,0.31916568280204644
1572,0.40859897678079493
1573,1.1648465171192444
1574,1.27228453364817
1575,0.8879378197560015
1576,1.2310114128295946
1577,0.7042994883903975
1578,0.7377508854781583
1579,0.41155057064147976
1580,0.47712514757969304
1581,0.22712514757969304
1582,0.39974419519874066
1583,3.8731798504525776
1584,1.5557359307359309
1585,1.115702479338843
1586,1.309818968909878
1587,1.3921192443919717
1588,1.5494391971664698
1589,1.5797914207005115
1590,0.3615702479338843
1591,0.48976780794962615
1592,1.25418142463597
1593,0.3816902794175522
1594,0.35694608421881147
1595,3.3044077134986223
1596,0.9893250688705234
1597,0.8963990554899646
1598,0.5979929161747344
1599,0.2936835891381346
1600,1.0454545454545454
1601,1.2167945690672963
1602,0.6341499409681228
1603,0.1775383707201889
1604,2.12987012987013
1605,1.557310114128296
1606,2.45124950806769
1607,0.7422274695001968
1608,0.6198839039748131
1609,0.5906631247540339
1610,0.9029417552144825
1611,0.5679850452577725
1612,0.6394628099173554
1613,0.4656631247540338
1614,0.6471369539551357
1615,0.6569264069264069
1616,0.09272924045651318
1617,0.612012987012987
1618,1.4920798898071626
1619,0.17379968516332153
1620,0.4018595041322314
1621,0.2528532073986619
1622,0.6465466351829988
1623,0.20405352223534043
1624,5.895070838252656
1625,3.033008658008658
1626,2.1681916568280206
1627,0.44150924832743016
1628,1.7238783943329397
1629,1.6106847697756788
1630,0.8915289256198347
1631,4.338941361668635
1632,2.1454151908697363
1633,2.0908598976780794
1634,1.2532959464777647
1635,1.0782172373081464
1636,2.4938016528925617
1637,0.29304407713498626
1638,0.8563557654466745
1639,0.332939787485242
1640,2.0265151515151514
1641,15.09720582447855
1642,2.9195198740653288
1643,1.9194214876033058
1644,4.243850846123573
1645,1.5235635576544668
1646,4.600157418339236
1647,0.9325068870523416
1648,1.1200806768988587
1649,1.2303719008264462
1650,1.201151121605667
1651,0.3536501377410468
1652,0.31685360094451004
1653,2.156729634002361
1654,3.0583431719795358
1655,0.3998917748917749
1656,0.3404171585989768
1657,0.23450413223140495
1658,1.6263774104683195
1659,0.7611176702085793
1660,1.3291027154663517
1661,0.19657615112160565
1662,4.7987996851633214
1663,1.9718122786304604
1664,1.5696084218811492
1665,1.8464679260133805
1666,1.1633707201889019
1667,0.3554702872884691
1668,0.7043978748524202
1669,0.2679063360881543
1670,0.4657615112160567
1671,0.44082054309327035
1672,0.66086186540732
1673,1.239964580873672
1674,0.18545848091302636
1675,0.1483667847304211
1676,1.5648858717040535
1677,1.323051948051948
1678,0.1717335694608422
1679,0.2542306178669815
1680,1.7009543486816214
1681,0.13739669421487605
1682,2.7310114128295946
1683,1.7296831955922864
1684,1.0448642266824084
1685,0.6677489177489178
1686,0.9907516725698544
1687,0.9084513970877608
1688,0.6478748524203071
1689,3.311688311688312
1690,1.53099173553719
1691,1.745720188902007
1692,1.3117375049193232
1693,1.2730716253443526
1694,0.44716646989374265
1695,0.3101633215269579
1696,0.5141184573002755
1697,0.21881149153876425
1698,0.37568870523415976
1699,10.17271743408107
1700,3.004083038173947
1701,1.9669421487603307
1702,3.001672569854388
1703,2.5090515545061
1704,1.5421094057457694
1705,1.4635970090515547
1706,1.6769972451790633
1707,0.7868457300275482
1708,1.1862947658402203
1709,0.7164502164502164
1710,0.26338055883510425
1711,2.0312868949232588
1712,2.131395120031484
1713,0.9456414797323889
1714,0.2839925226288863
1715,0.306965761511216
1716,0.9832743014561196
1717,1.132870916961826
1718,0.4905057064147973
1719,1.0382231404958677
1720,4.75309917355372
1721,1.4881444313262495
1722,1.535271546635183
1723,1.2937819756001574
1724,0.2602813852813853
1725,0.39674340810704445
1726,0.6346418732782368
1727,1.533598976780795
1728,0.532172373081464
1729,0.28891184573002754
1730,0.5242030696576151
1731,0.373573396300669
1732,0.09272924045651318
1733,0.05563754427390791
1734,1.298996458087367
1735,1.4920306965761512
1736,0.37849271940181034
1737,0.24114521841794567
1738,0.5043290043290043
1739,0.43973829201101927
1740,7.548848878394333
1741,2.5242030696576148
1742,1.393693427784337
1743,0.5870228256591893
1744,0.7447363242817788
1745,0.26647973238882333
1746,0.5584907516725699
1747,2.136658795749705
1748,1.7563459268004722
1749,0.9418044077134986
1750,1.5938606847697758
1751,1.1152597402597402
1752,1.429112554112554
1753,0.5709858323494688
1754,0.4332447855175128
1755,0.21620425029515938
1756,0.37411452184179456
1757,4.036009445100354
1758,2.629329004329004
1759,1.5915977961432506
1760,2.7724813065722156
1761,1.0900236127508856
1762,1.689836678473042
1763,1.8361865407319953
1764,0.8840515545061
1765,0.6734061393152302
1766,1.0533746556473829
1767,0.5598681621408894
1768,0.7014954742227469
1769,0.8670798898071626
1770,2.461284927194018
1771,1.6875245966155057
1772,0.4888331365604093
1773,0.44687131050767415
1774,0.878345139708776
1775,1.6264757969303423
1776,1.1140791027154664
1777,0.4897186147186147
1778,1.5011314443132626
1779,2.499508067689886
1780,1.831759149940968
1781,0.9454939000393545
1782,0.7368654073199528
1783,0.7294372294372294
1784,1.3173455332546242
1785,0.34149940968122783
1786,0.7309622195985832
1787,0.7386363636363636
1788,0.7517709563164109
1789,0.9859307359307359
1790,0.12982093663911845
1791,0.4821920503738686
1792,0.5454545454545454
1793,0.30362062180244
1794,0.6017316017316017
1795,0.39507083825265643
1796,0.9789944903581267
1797,0.9247835497835498
1798,5.242916174734357
1799,1.8592581660763479
1800,1.0616883116883116
1801,0.5349763872491144
1802,0.32629870129870125
1803,0.5935655253837071
1804,1.438164108618654
1805,2.181326249508068
1806,1.9002361275088546
1807,1.1651908697363242
1808,0.9283746556473829
1809,1.5654761904761905
1810,0.3919716646989374
1811,0.7926997245179064
1812,0.505608028335301
1813,0.45400432900432897
1814,0.16430539157811885
1815,6.043978748524204
1816,3.4881444313262495
1817,0.6942148760330579
1818,2.443772136953955
1819,1.9960153482880756
1820,1.2428177882723337
1821,2.4274891774891776
1822,1.1020267611176702
1823,0.5647874852420307
1824,0.1610094451003542
1825,0.6644037780401417
1826,0.9267020857929948
1827,4.077036599763872
1828,0.32974222746950016
1829,1.2482782369146006
1830,1.1866391184573004
1831,1.1637642660369933
1832,0.21044864226682408
1833,0.45124950806768993
1834,0.1418732782369146
1835,0.34031877213695394
1836,1.0988783943329397
1837,1.6681916568280204
1838,0.6045356158992523
1839,0.41484651711924436
1840,0.6756198347107438
1841,0.7152203856749311
1842,0.6615013774104683
1843,0.28856749311294766
1844,1.085547028728847
1845,0.46782762691853597
1846,0.6649449035812672
1847,0.18841007477371113
1848,0.0
1849,0.3894628099173554
1850,1.3752459661550571
1851,0.11609602518693427
1852,0.2177784336875246
1853,0.6238685556867375
1854,0.5413715072805982
1855,0.21846713892168437
1856,6.805588351042896
1857,2.096959858323495
1858,2.121556473829201
1859,2.2593959071231797
1860,1.5450609996064542
1861,0.6364128295946478
1862,0.8514856355765447
1863,2.20021645021645
1864,1.5666076347894529
1865,2.058293978748524
1866,1.1549586776859504
1867,1.718417945690673
1868,0.407172373081464
1869,0.7631345926800472
1870,0.7736127508854782
1871,0.7490161353797717
1872,0.404319165682802
1873,14.376820149547424
1874,3.5273514364423457
1875,1.8870523415977962
1876,3.843565525383707
1877,5.6086186540732
1878,1.9031385281385282
1879,0.9796340023612751
1880,2.231060606060606
1881,1.4642857142857144
1882,0.5867276662731208
1883,1.1430047225501772
1884,1.2785812672176309
1885,1.8458776072412435
1886,1.1441361668634396
1887,1.4718614718614718
1888,1.2627410468319558
1889,1.019775678866588
1890,0.8866587957497049
1891,1.3214285714285714
1892,1.3500098386462023
1893,0.35222353404171586
1894,2.160615899252263
1895,2.7078414010232192
1896,1.9475108225108224
1897,1.0553915781188508
1898,0.8662436048799684
1899,1.4242424242424243
1900,1.7578217237308147
1901,0.6754722550177096
1902,1.0522924045651318
1903,0.8679653679653679
1904,0.7784336875245965
1905,0.41204250295159384
1906,0.612012987012987
1907,0.3894628099173554
1908,1.3676702085792996
1909,0.23563557654466744
1910,0.686245572609209
1911,0.7139413616686344
1912,1.3973337268791814
1913,0.4789452971271153
1914,6.117522628886265
1915,4.1678964974419515
1916,2.724960645415191
1917,1.4189295552931918
1918,1.109012199921291
1919,0.8707201889020071
1920,1.128197560015742
1921,1.4084513970877608
1922,2.869047619047619
1923,1.7639708776072411
1924,0.8110979929161747
1925,1.7127115308933492
1926,0.3801160960251869
1927,1.0562770562770563
1928,0.7739571035025581
1929,0.7396694214876033
1930,0.2158107044470681
1931,8.280106257378984
1932,2.5016233766233764
1933,0.42355371900826444
1934,3.956168831168831
1935,5.211186540731996
1936,1.6269185360094451
1937,1.7773022432113341
1938,1.6739472648563558
1939,0.7998819362455726
1940,0.9918831168831168
1941,1.001082251082251
1942,1.2101534828807556
1943,2.2579201101928374
1944,1.361176702085793
1945,0.7839433293978749
1946,0.6988390397481307
1947,0.627754820936639
1948,0.637741046831956
1949,1.7870916961826053
1950,1.2526564344746163
1951,0.4318181818181818
1952,3.0472255017709564
1953,2.1269677292404565
1954,2.3762790240062968
1955,1.1078807556080283
1956,1.1140791027154664
1957,0.6079299488390397
1958,1.662091696182605
1959,0.8822314049586777
1960,1.70124950806769
1961,1.5844647776465959
1962,0.7648563557654466
1963,0.3762298307752853
1964,0.27818772136953956
1965,0.44510035419126326
1966,1.5751672569854387
1967,0.15249901613537975
1968,0.3283648170011806
1969,0.2926997245179063
1970,0.9997048406139315
1971,0.7900924832743015
1972,4.698051948051948
1973,5.124458874458875
1974,4.227961432506887
1975,1.552538370720189
1976,1.289452971271153
1977,0.7647087760724124
1978,0.7860586383313656
1979,8.28271349862259
1980,3.123327430145612
1981,2.6118654073199528
1982,0.77228453364817
1983,2.3053423848878394
1984,0.6169815033451397
1985,4.169323101141282
1986,0.9810606060606061
1987,1.1702085792994885
1988,0.8945297127115308
1989,15.347746950019676
1990,4.038124754033845
1991,2.6274104683195594
1992,3.6763085399449036
1993,4.033894136166864
1994,2.008461235733963
1995,2.614374262101535
1996,3.714630066902794
1997,1.3721467926013382
1998,0.29958677685950413
1999,1.4985242030696577
2000,0.8922176308539945
2001,4.29176505312869
2002,2.4146005509641872
2003,0.9152892561983471
2004,1.7757772530499802
2005,0.6885576544667453
2006,3.149744195198741
2007,2.122392758756395
2008,0.8032270759543487
2009,1.1125049193231011
2010,6.7895021645021645
2011,1.0352223534041716
2012,3.0405844155844157
2013,2.528581267217631
2014,2.0362062180244
2015,1.7006099960645416
2016,2.5006887052341598
2017,1.4060409287682016
2018,1.5866784730421095
2019,1.0123475009838647
2020,1.107979142070051
2021,0.6206218024399842
2022,0.3709169618260527
2023,0.6305588351042896
2024,2.518349075167257
2025,0.1415289256198347
2026,0.45129870129870125
2027,0.9803719008264463
2028,1.542306178669815
2029,0.0
2030,8.036058638331365
2031,2.189738292011019
2032,1.2783844942935851
2033,1.247245179063361
2034,1.834710743801653
2035,1.077331759149941
2036,0.8333333333333333
2037,3.1086186540731995
2038,2.6351338055883513
2039,2.135379771743408
2040,2.4341302636757183
2041,2.307506887052342
2042,0.5826446280991735
2043,0.8548799685163322
2044,1.6361668634395907
2045,0.8802144824872098
2046,0.20631641086186542
2047,16.19539551357733
2048,6.45405352223534
2049,1.1756198347107438
2050,5.665338449429358
2051,2.0901219992129083
2052,2.362160566706021
2053,1.72318968909878
2054,1.9854388036206219
2055,1.3793290043290045
2056,0.6524006296733569
2057,1.3568968909878
2058,0.748917748917749
2059,2.0397973238882328
2060,2.5757575757575757
2061,0.7757280598189689
2062,1.08461235733963
2063,0.2016430539157812
2064,0.9905057064147973
2065,0.6333628492719402
2066,0.3517807949626131
2067,0.6561393152302244
2068,2.137495080676899
2069,1.1289846517119244
2070,1.0842680047225501
2071,1.8331365604092875
2072,0.6968713105076741
2073,0.2676603699330972
2074,0.8557654466745376
2075,0.3001770956316411
2076,1.4289649744195199
2077,0.6919027941755215
2078,0.4291617473435655
2079,0.5989767807949626
2080,0.9087465564738292
2081,0.204004329004329
2082,2.6144726485635577
2083,2.1212613144431325
2084,0.23288075560802832
2085,0.388823297914207
2086,1.694116489571035
2087,0.1216056670602125
2088,7.3700806768988585
2089,2.342680047225502
2090,1.1732093663911844
2091,0.8518299881936245
2092,0.7061196379378197
2093,0.45459464777646597
2094,0.7225501770956316
2095,2.85655253837072
2096,1.9446084218811492
2097,2.0100354191263285
2098,1.6958382526564346
2099,0.6898366784730421
2100,2.2461137347500983
2101,0.3355470287288469
2102,0.460202676111767
2103,0.7756296733569461
2104,0.6876229830775284
2105,6.830578512396694
2106,3.5986324281778828
2107,1.9008264462809918
2108,2.073199527744982
2109,1.1605667060212514
2110,2.369047619047619
2111,1.5665584415584415
2112,0.5089531680440771
2113,0.7249114521841795
2114,1.394431326249508
2115,0.4165190869736324
2116,0.7070051160960251
2117,1.118900039354585
2118,2.30780204643841
2119,1.3606355765446674
2120,0.5700019677292405
2121,0.5040338449429358
2122,1.4799291617473436
2123,1.9365407319952777
2124,1.0520464384100747
2125,1.5661648957103502
2126,1.877607241243605
2127,1.954004329004329
2128,2.19219795356159
2129,1.127262888626525
2130,0.5038370720188902
2131,0.6414797323888233
2132,1.2652007083825265
2133,0.5447166469893743
2134,0.5437819756001574
2135,0.37431129476584024
2136,0.7742522628886266
2137,0.9740751672569854
2138,0.42655450609996065
2139,1.020021645021645
2140,1.2337170405352225
2141,0.45129870129870125
2142,1.1560409287682016
2143,0.33662927981109797
2144,1.502508854781582
2145,1.1053227075954348
2146,2.2218122786304604
2147,2.0221861471861473
2148,1.8782467532467533
2149,0.48086383313656045
2150,0.4817001180637544
2151,0.31916568280204644
2152,0.40859897678079493
2153,1.1648465171192444
2154,1.27228453364817
2155,0.8879378197560015
2156,1.2310114128295946
2157,0.7042994883903975
2158,0.7377508854781583
2159,0.41155057064147976
2160,0.47712514757969304
2161,0.22712514757969304
2162,0.39974419519874066
2163,3.8731798504525776
2164,1.5557359307359309
2165,1.115702479338843
2166,1.309818968909878
2167,1.3921192443919717
2168,1.5494391971664698
2169,1.5797914207005115
2170,0.3615702479338843
2171,0.48976780794962615
2172,1.25418142463597
2173,0.3816902794175522
2174,0.35694608421881147
2175,3.3044077134986223
2176,0.9893250688705234
2177,0.8963990554899646
2178,0.5979929161747344
2179,0.2936835891381346
2180,1.0454545454545454
2181,1.2167945690672963
2182,0.6341499409681228
2183,0.1775383707201889
2184,2.12987012987013
2185,1.557310114128296
2186,2.45124950806769
2187,0.7422274695001968
2188,0.6198839039748131
2189,0.5906631247540339
2190,0.9029417552144825
2191,0.5679850452577725
2192,0.6394628099173554
2193,0.4656631247540338
2194,0.6471369539551357
2195,0.6569264069264069
2196,0.09272924045651318
2197,0.612012987012987
2198,1.4920798898071626
2199,0.17379968516332153
2200,0.4018595041322314
2201,0.2528532073986619
2202,0.6465466351829988
2203,0.20405352223534043
2204,5.895070838252656
2205,3.033008658008658
2206,2.1681916568280206
2207,0.44150924832743016
2208,1.7238783943329397
2209,1.6106847697756788
2210,0.8915289256198347
2211,4.338941361668635
2212,2.1454151908697363
2213,2.0908598976780794
2214,1.2532959464777647
2215,1.0782172373081464
2216,2.4938016528925617
2217,0.29304407713498626
2218,0.8563557654466745
2219,0.332939787485242
2220,2.0265151515151514
2221,15.09720582447855
2222,2.9195198740653288
2223,1.9194214876033058
2224,4.243850846123573
2225,1.5235635576544668
2226,4.600157418339236
2227,0.9325068870523416
2228,1.1200806768988587
2229,1.2303719008264462
2230,1.201151121605667
2231,0.3536501377410468
2232,0.31685360094451004
2233,2.156729634002361
2234,3.0583431719795358
2235,0.3998917748917749
2236,0.3404171585989768
2237,0.23450413223140495
2238,1.6263774104683195
2239,0.7611176702085793
2240,1.3291027154663517
2241,0.19657615112160565
2242,4.7987996851633214
2243,1.9718122786304604
2244,1.5696084218811492
2245,1.8464679260133805
2246,1.1633707201889019
2247,0.3554702872884691
2248,0.7043978748524202
2249,0.2679063360881543
2250,0.4657615112160567
2251,0.44082054309327035
2252,0.66086186540732
2253,1.239964580873672
2254,0.18545848091302636
2255,0.1483667847304211
2256,1.5648858717040535
2257,1.323051948051948
2258,0.1717335694608422
2259,0.2542306178669815
2260,1.7009543486816214
2261,0.13739669421487605
2262,2.7310114128295946
2263,1.7296831955922864
2264,1.0448642266824084
2265,0.6677489177489178
2266,0.9907516725698544
2267,0.9084513970877608
2268,0.6478748524203071
2269,3.311688311688312
2270,1.53099173553719
2271,1.745720188902007
2272,1.3117375049193232
2273,1.2730716253443526
2274,0.44716646989374265
2275,0.3101633215269579
2276,0.5141184573002755
2277,0.21881149153876425
2278,0.37568870523415976
2279,10.17271743408107
2280,3.004083038173947
2281,1.9669421487603307
2282,3.001672569854388
2283,2.5090515545061
2284,1.5421094057457694
2285,1.4635970090515547
2286,1.6769972451790633
2287,0.7868457300275482
2288,1.1862947658402203
2289,0.7164502164502164
2290,0.26338055883510425
2291,2.0312868949232588
2292,2.131395120031484
2293,0.9456414797323889
2294,0.2839925226288863
2295,0.306965761511216
2296,0.9832743014561196
2297,1.132870916961826
2298,0.4905057064147973
2299,1.0382231404958677
2300,4.75309917355372
2301,1.4881444313262495
2302,1.535271546635183
2303,1.2937819756001574
2304,0.2602813852813853
2305,0.39674340810704445
2306,0.6346418732782368
2307,1.533598976780795
2308,0.532172373081464
2309,0.28891184573002754
2310,0.5242030696576151
2311,0.373573396300669
2312,0.09272924045651318
2313,0.05563754427390791
2314,1.298996458087367
2315,1.4920306965761512
2316,0.37849271940181034
2317,0.24114521841794567
2318,0.5043290043290043
2319,0.43973829201101927
2320,7.548848878394333
2321,2.5242030696576148
2322,1.393693427784337
2323,0.5870228256591893
2324,0.7447363242817788
2325,0.26647973238882333
2326,0.5584907516725699
2327,2.136658795749705
2328,1.7563459268004722
2329,0.9418044077134986
2330,1.5938606847697758
2331,1.1152597402597402
2332,1.429112554112554
2333,0.5709858323494688
2334,0.4332447855175128
2335,0.21620425029515938
2336,0.37411452184179456
2337,4.036009445100354
2338,2.629329004329004
2339,1.5915977961432506
2340,2.7724813065722156
2341,1.0900236127508856
2342,1.689836678473042
2343,1.8361865407319953
2344,0.8840515545061
2345,0.6734061393152302
2346,1.0533746556473829
2347,0.5598681621408894
2348,0.7014954742227469
2349,0.8670798898071626
2350,2.461284927194018
2351,1.6875245966155057
2352,0.4888331365604093
2353,0.44687131050767415
2354,0.878345139708776
2355,1.6264757969303423
2356,1.1140791027154664
2357,0.4897186147186147
2358,1.5011314443132626
2359,2.499508067689886
2360,1.831759149940968
2361,0.9454939000393545
2362,0.7368654073199528
2363,0.7294372294372294
2364,1.3173455332546242
2365,0.34149940968122783
2366,0.7309622195985832
2367,0.7386363636363636
2368,0.7517709563164109
2369,0.9859307359307359
2370,0.12982093663911845
2371,0.4821920503738686
2372,0.5454545454545454
2373,0.30362062180244
2374,0.6017316017316017
2375,0.39507083825265643
2376,0.9789944903581267
2377,0.9247835497835498
2378,5.242916174734357
2379,1.8592581660763479
2380,1.0616883116883116
2381,0.5349763872491144
2382,0.32629870129870125
2383,0.5935655253837071
2384,1.438164108618654
2385,2.181326249508068
2386,1.9002361275088546
2387,1.1651908697363242
2388,0.9283746556473829
2389,1.5654761904761905
2390,0.3919716646989374
2391,0.7926997245179064
2392,0.505608028335301
2393,0.45400432900432897
2394,0.16430539157811885
2395,6.043978748524204
2396,3.4881444313262495
2397,0.6942148760330579
2398,2.443772136953955
2399,1.9960153482880756
2400,1.2428177882723337
2401,2.4274891774891776
2402,1.1020267611176702
2403,0.5647874852420307
2404,0.1610094451003542
2405,0.6644037780401417
2406,0.9267020857929948
2407,4.077036599763872
2408,0.32974222746950016
2409,1.2482782369146006
2410,1.1866391184573004
2411,1.1637642660369933
2412,0.21044864226682408
2413,0.45124950806768993
2414,0.1418732782369146
2415,0.34031877213695394
2416,1.0988783943329397
2417,1.6681916568280204
2418,0.6045356158992523
2419,0.41484651711924436
2420,0.6756198347107438
2421,0.7152203856749311
2422,0.6615013774104683
2423,0.28856749311294766
2424,1.085547028728847
2425,0.46782762691853597
2426,0.6649449035812672
2427,0.18841007477371113
2428,0.0
2429,0.3894628099173554
2430,1.3752459661550571
2431,0.11609602518693427
2432,0.2177784336875246
2433,0.6238685556867375
2434,0.5413715072805982
2435,0.21846713892168437
2436,6.805588351042896
2437,2.096959858323495
2438,2.121556473829201
2439,2.2593959071231797
2440,1.5450609996064542
2441,0.6364128295946478
2442,0.8514856355765447
2443,2.20021645021645
2444,1.5666076347894529
2445,2.058293978748524
2446,1.1549586776859504
2447,1.718417945690673
2448,0.407172373081464
2449,0.7631345926800472
2450,0.7736127508854782
2451,0.7490161353797717
2452,0.404319165682802
2453,14.376820149547424
2454,3.5273514364423457
2455,1.8870523415977962
2456,3.843565525383707
2457,5.6086186540732
2458,1.9031385281385282
2459,0.9796340023612751
2460,2.231060606060606
2461,1.4642857142857144
2462,0.5867276662731208
2463,1.1430047225501772
2464,1.2785812672176309
2465,1.8458776072412435
2466,1.1441361668634396
2467,1.4718614718614718
2468,1.2627410468319558
2469,1.019775678866588
2470,0.8866587957497049
2471,1.3214285714285714
2472,1.3500098386462023
2473,0.35222353404171586
2474,2.160615899252263
2475,2.7078414010232192
2476,1.9475108225108224
2477,1.0553915781188508
2478,0.8662436048799684
2479,1.4242424242424243
2480,1.7578217237308147
2481,0.6754722550177096
2482,1.0522924045651318
2483,0.8679653679653679
2484,0.7784336875245965
2485,0.41204250295159384
2486,0.612012987012987
2487,0.3894628099173554
2488,1.3676702085792996
2489,0.23563557654466744
2490,0.686245572609209
2491,0.7139413616686344
2492,1.3973337268791814
2493,0.4789452971271153
2494,6.117522628886265
2495,4.1678964974419515
2496,2.724960645415191
2497,1.4189295552931918
2498,1.109012199921291
2499,0.8707201889020071
2500,1.128197560015742
2501,1.4084513970877608
2502,2.869047619047619
2503,1.7639708776072411
2504,0.8110979929161747
2505,1.7127115308933492
2506,0.3801160960251869
2507,1.0562770562770563
2508,0.7739571035025581
2509,0.7396694214876033
2510,0.2158107044470681
2511,8.280106257378984
2512,2.5016233766233764
2513,0.42355371900826444
2514,3.956168831168831
2515,5.211186540731996
2516,1.6269185360094451
2517,1.7773022432113341
2518,1.6739472648563558
2519,0.7998819362455726
2520,0.9918831168831168
2521,1.001082251082251
2522,1.2101534828807556
2523,2.2579201101928374
2524,1.361176702085793
2525,0.7839433293978749
2526,0.6988390397481307
2527,0.627754820936639
2528,0.637741046831956
2529,1.7870916961826053
2530,1.2526564344746163
2531,0.4318181818181818
2532,3.0472255017709564
2533,2.1269677292404565
2534,2.3762790240062968
2535,1.1078807556080283
2536,1.1140791027154664
2537,0.6079299488390397
2538,1.662091696182605
2539,0.8822314049586777
2540,1.70124950806769
2541,1.5844647776465959
2542,0.7648563557654466
2543,0.3762298307752853
2544,0.27818772136953956
2545,0.44510035419126326
2546,1.5751672569854387
2547,0.15249901613537975
2548,0.3283648170011806
2549,0.2926997245179063
2550,0.9997048406139315
2551,0.7900924832743015
2552,4.698051948051948
2553,5.124458874458875
2554,4.227961432506887
2555,1.552538370720189
2556,1.289452971271153
2557,0.7647087760724124
2558,0.7860586383313656
2559,8.28271349862259
2560,3.123327430145612
2561,2.6118654073199528
2562,0.77228453364817
2563,2.3053423848878394
2564,0.6169815033451397
2565,4.169323101141282
2566,0.9810606060606061
2567,1.1702085792994885
2568,0.8945297127115308
2569,15.347746950019676
2570,4.038124754033845
2571,2.6274104683195594
2572,3.6763085399449036
2573,4.033894136166864
2574,2.008461235733963
2575,2.614374262101535
2576,3.714630066902794
2577,1.3721467926013382
2578,0.29958677685950413
2579,1.4985242030696577
2580,0.8922176308539945
2581,4.29176505312869
2582,2.4146005509641872
2583,0.9152892561983471
2584,1.7757772530499802
2585,0.6885576544667453
2586,3.149744195198741
2587,2.122392758756395
2588,0.8032270759543487
2589,1.1125049193231011
2590,6.7895021645021645
2591,1.0352223534041716
2592,3.0405844155844157
2593,2.528581267217631
2594,2.0362062180244
2595,1.7006099960645416
2596,2.5006887052341598
2597,1.4060409287682016
2598,1.5866784730421095
2599,1.0123475009838647
2600,1.107979142070051
2601,0.6206218024399842
2602,0.3709169618260527
2603,0.6305588351042896
2604,2.518349075167257
2605,0.1415289256198347
2606,0.45129870129870125
2607,0.9803719008264463
2608,1.542306178669815
2609,0.0
2610,8.036058638331365
2611,2.189738292011019
2612,1.2783844942935851
2613,1.247245179063361
2614,1.834710743801653
2615,1.077331759149941
2616,0.8333333333333333
2617,3.1086186540731995
2618,2.6351338055883513
2619,2.135379771743408
2620,2.4341302636757183
2621,2.307506887052342
2622,0.5826446280991735
2623,0.8548799685163322
2624,1.6361668634395907
2625,0.8802144824872098
2626,0.20631641086186542
2627,16.19539551357733
2628,6.45405352223534
2629,1.1756198347107438
2630,5.665338449429358
2631,2.0901219992129083
2632,2.362160566706021
2633,1.72318968909878
2634,1.9854388036206219
2635,1.3793290043290045
2636,0.6524006296733569
2637,1.3568968909878
2638,0.748917748917749
2639,2.0397973238882328
2640,2.5757575757575757
2641,0.7757280598189689
2642,1.08461235733963
2643,0.2016430539157812
2644,0.9905057064147973
2645,0.6333628492719402
2646,0.3517807949626131
2647,0.6561393152302244
2648,2.137495080676899
2649,1.1289846517119244
2650,1.0842680047225501
2651,1.8331365604092875
2652,0.6968713105076741
2653,0.2676603699330972
2654,0.8557654466745376
2655,0.3001770956316411
2656,1.4289649744195199
2657,0.6919027941755215
2658,0.4291617473435655
2659,0.5989767807949626
2660,0.9087465564738292
2661,0.204004329004329
2662,2.6144726485635577
2663,2.1212613144431325
2664,0.23288075560802832
2665,0.388823297914207
2666,1.694116489571035
2667,0.1216056670602125
2668,7.3700806768988585
2669,2.342680047225502
2670,1.1732093663911844
2671,0.8518299881936245
2672,0.7061196379378197
2673,0.45459464777646597
2674,0.7225501770956316
2675,2.85655253837072
2676,1.9446084218811492
2677,2.0100354191263285
2678,1.6958382526564346
2679,0.6898366784730421
2680,2.2461137347500983
2681,0.3355470287288469
2682,0.460202676111767
2683,0.7756296733569461
2684,0.6876229830775284
2685,6.830578512396694
2686,3.5986324281778828
2687,1.9008264462809918
2688,2.073199527744982
2689,1.1605667060212514
2690,2.369047619047619
2691,1.5665584415584415
2692,0.5089531680440771
2693,0.7249114521841795
2694,1.394431326249508
2695,0.4165190869736324
2696,0.7070051160960251
2697,1.118900039354585
2698,2.30780204643841
2699,1.3606355765446674
2700,0.5700019677292405
2701,0.5040338449429358
2702,1.4799291617473436
2703,1.9365407319952777
2704,1.0520464384100747
2705,1.5661648957103502
2706,1.877607241243605
2707,1.954004329004329
2708,2.19219795356159
2709,1.127262888626525
2710,0.5038370720188902
2711,0.6414797323888233
2712,1.2652007083825265
2713,0.5447166469893743
2714,0.5437819756001574
2715,0.37431129476584024
2716,0.7742522628886266
2717,0.9740751672569854
2718,0.42655450609996065
2719,1.020021645021645
2720,1.2337170405352225
2721,0.45129870129870125
2722,1.1560409287682016
2723,0.33662927981109797
2724,1.502508854781582
2725,1.1053227075954348
2726,2.2218122786304604
2727,2.0221861471861473
2728,1.8782467532467533
2729,0.48086383313656045
2730,0.4817001180637544
2731,0.31916568280204644
2732,0.40859897678079493
2733,1.1648465171192444
2734,1.27228453364817
2735,0.8879378197560015
2736,1.2310114128295946
2737,0.7042994883903975
2738,0.7377508854781583
2739,0.41155057064147976
2740,0.47712514757969304
2741,0.22712514757969304
2742,0.39974419519874066
2743,3.8731798504525776
2744,1.5557359307359309
2745,1.115702479338843
2746,1.309818968909878
2747,1.3921192443919717
2748,1.5494391971664698
2749,1.5797914207005115
2750,0.3615702479338843
2751,0.48976780794962615
2752,1.25418142463597
2753,0.3816902794175522
2754,0.35694608421881147
2755,3.3044077134986223
2756,0.9893250688705234
2757,0.8963990554899646
2758,0.5979929161747344
2759,0.2936835891381346
2760,1.0454545454545454
2761,1.2167945690672963
2762,0.6341499409681228
2763,0.1775383707201889
2764,2.12987012987013
2765,1.557310114128296
2766,2.45124950806769
2767,0.7422274695001968
2768,0.6198839039748131
2769,0.5906631247540339
2770,0.9029417552144825
2771,0.5679850452577725
2772,0.6394628099173554
2773,0.4656631247540338
2774,0.6471369539551357
2775,0.6569264069264069
2776,0.09272924045651318
2777,0.612012987012987
2778,1.4920798898071626
2779,0.17379968516332153
2780,0.4018595041322314
2781,0.2528532073986619
2782,0.6465466351829988
2783,0.20405352223534043
2784,5.895070838252656
2785,3.033008658008658
2786,2.1681916568280206
2787,0.44150924832743016
2788,1.7238783943329397
2789,1.6106847697756788
2790,0.8915289256198347
2791,4.338941361668635
2792,2.1454151908697363
2793,2.0908598976780794
2794,1.2532959464777647
2795,1.0782172373081464
2796,2.4938016528925617
2797,0.29304407713498626
2798,0.8563557654466745
2799,0.332939787485242
2800,2.0265151515151514
2801,15.09720582447855
2802,2.9195198740653288
2803,1.9194214876033058
2804,4.243850846123573
2805,1.5235635576544668
2806,4.600157418339236
2807,0.9325068870523416
2808,1.1200806768988587
2809,1.2303719008264462
2810,1.201151121605667
2811,0.3536501377410468
2812,0.31685360094451004
2813,2.156729634002361
2814,3.0583431719795358
2815,0.3998917748917749
2816,0.3404171585989768
2817,0.23450413223140495
2818,1.6263774104683195
2819,0.7611176702085793
2820,1.3291027154663517
2821,0.19657615112160565
2822,4.7987996851633214
2823,1.9718122786304604
2824,1.5696084218811492
2825,1.8464679260133805
2826,1.1633707201889019
2827,0.3554702872884691
2828,0.7043978748524202
2829,0.2679063360881543
2830,0.4657615112160567
2831,0.44082054309327035
2832,0.66086186540732
2833,1.239964580873672
2834,0.18545848091302636
2835,0.1483667847304211
2836,1.5648858717040535
2837,1.323051948051948
2838,0.1717335694608422
2839,0.2542306178669815
2840,1.7009543486816214
2841,0.13739669421487605
2842,2.7310114128295946
2843,1.7296831955922864
2844,1.0448642266824084
2845,0.6677489177489178
2846,0.9907516725698544
2847,0.9084513970877608
2848,0.6478748524203071
2849,3.311688311688312
2850,1.53099173553719
2851,1.745720188902007
2852,1.3117375049193232
2853,1.2730716253443526
2854,0.44716646989374265
2855,0.3101633215269579
2856,0.5141184573002755
2857,0.21881149153876425
2858,0.37568870523415976
2859,10.17271743408107
2860,3.004083038173947
2861,1.9669421487603307
2862,3.001672569854388
2863,2.5090515545061
2864,1.5421094057457694
2865,1.4635970090515547
2866,1.6769972451790633
2867,0.7868457300275482
2868,1.1862947658402203
2869,0.7164502164502164
2870,0.26338055883510425
2871,2.0312868949232588
2872,2.131395120031484
2873,0.9456414797323889
2874,0.2839925226288863
2875,0.306965761511216
2876,0.9832743014561196
2877,1.132870916961826
2878,0.4905057064147973
2879,1.0382231404958677
2880,4.75309917355372
2881,1.4881444313262495
2882,1.535271546635183
2883,1.2937819756001574
2884,0.2602813852813853
2885,0.39674340810704445
2886,0.6346418732782368
2887,1.533598976780795
2888,0.532172373081464
2889,0.28891184573002754
2890,0.5242030696576151
2891,0.373573396300669
2892,0.09272924045651318
2893,0.05563754427390791
2894,1.298996458087367
2895,1.4920306965761512
2896,0.37849271940181034
2897,0.24114521841794567
2898,0.5043290043290043
2899,0.43973829201101927
2900,7.548848878394333
2901,2.5242030696576148
2902,1.393693427784337
2903,0.5870228256591893
2904,0.7447363242817788
2905,0.26647973238882333
2906,0.5584907516725699
2907,2.136658795749705
2908,1.7563459268004722
2909,0.9418044077134986
2910,1.5938606847697758
2911,1.1152597402597402
2912,1.429112554112554
2913,0.5709858323494688
2914,0.4332447855175128
2915,0.21620425029515938
2916,0.37411452184179456
2917,4.036009445100354
2918,2.629329004329004
2919,1.5915977961432506
2920,2.7724813065722156
2921,1.0900236127508856
2922,1.689836678473042
2923,1.8361865407319953
2924,0.8840515545061
2925,0.6734061393152302
2926,1.0533746556473829
2927,0.5598681621408894
2928,0.7014954742227469
2929,0.8670798898071626
2930,2.461284927194018
2931,1.6875245966155057
2932,0.4888331365604093
2933,0.44687131050767415
2934,0.878345139708776
2935,1.6264757969303423
2936,1.1140791027154664
2937,0.4897186147186147
2938,1.5011314443132626
2939,2.499508067689886
2940,1.831759149940968
2941,0.9454939000393545
2942,0.7368654073199528
2943,0.7294372294372294
2944,1.3173455332546242
2945,0.34149940968122783
2946,0.7309622195985832
2947,0.7386363636363636
2948,0.7517709563164109
2949,0.9859307359307359
2950,0.12982093663911845
2951,0.4821920503738686
2952,0.5454545454545454
2953,0.30362062180244
2954,0.6017316017316017
2955,0.39507083825265643
2956,0.9789944903581267
2957,0.9247835497835498
2958,5.242916174734357
2959,1.8592581660763479
2960,1.0616883116883116
2961,0.5349763872491144
2962,0.32629870129870125
2963,0.5935655253837071
2964,1.438164108618654
2965,2.181326249508068
2966,1.9002361275088546
2967,1.1651908697363242
2968,0.9283746556473829
2969,1.5654761904761905
2970,0.3919716646989374
2971,0.7926997245179064
2972,0.505608028335301
2973,0.45400432900432897
2974,0.16430539157811885
2975,6.043978748524204
2976,3.4881444313262495
2977,0.6942148760330579
2978,2.443772136953955
2979,1.9960153482880756
2980,1.2428177882723337
2981,2.4274891774891776
2982,1.1020267611176702
2983,0.5647874852420307
2984,0.1610094451003542
2985,0.6644037780401417
2986,0.9267020857929948
2987,4.077036599763872
2988,0.32974222746950016
2989,1.2482782369146006
2990,1.1866391184573004
2991,1.1637642660369933
2992,0.21044864226682408
2993,0.45124950806768993
2994,0.1418732782369146
2995,0.34031877213695394
2996,1.0988783943329397
2997,1.6681916568280204
2998,0.6045356158992523
2999,0.41484651711924436
3000,0.6756198347107438
3001,0.7152203856749311
3002,0.6615013774104683
3003,0.28856749311294766
3004,1.085547028728847
3005,0.46782762691853597
3006,0.6649449035812672
3007,0.18841007477371113
3008,0.0
3009,0.3894628099173554
3010,1.3752459661550571
3011,0.11609602518693427
3012,0.2177784336875246
3013,0.6238685556867375
3014,0.5413715072805982
3015,0.21846713892168437
3016,6.805588351042896
3017,2.096959858323495
3018,2.121556473829201
3019,2.2593959071231797
3020,1.5450609996064542
3021,0.6364128295946478
3022,0.8514856355765447
3023,2.20021645021645
3024,1.5666076347894529
3025,2.058293978748524
3026,1.1549586776859504
3027,1.718417945690673
3028,0.407172373081464
3029,0.7631345926800472
3030,0.7736127508854782
3031,0.7490161353797717
3032,0.404319165682802
3033,14.376820149547424
3034,3.5273514364423457
3035,1.8870523415977962
3036,3.843565525383707
3037,5.6086186540732
3038,1.9031385281385282
3039,0.9796340023612751
3040,2.231060606060606
3041,1.4642857142857144
3042,0.5867276662731208
3043,1.1430047225501772
3044,1.2785812672176309
3045,1.8458776072412435
3046,1.1441361668634396
3047,1.4718614718614718
3048,1.2627410468319558
3049,1.019775678866588
3050,0.8866587957497049
3051,1.3214285714285714
3052,1.3500098386462023
3053,0.35222353404171586
3054,2.160615899252263
3055,2.7078414010232192
3056,1.9475108225108224
3057,1.0553915781188508
3058,0.8662436048799684
3059,1.4242424242424243
3060,1.7578217237308147
3061,0.6754722550177096
3062,1.0522924045651318
3063,0.8679653679653679
3064,0.7784336875245965
3065,0.41204250295159384
3066,0.612012987012987
3067,0.3894628099173554
3068,1.3676702085792996
3069,0.23563557654466744
3070,0.686245572609209
3071,0.7139413616686344
3072,1.3973337268791814
3073,0.4789452971271153
3074,6.117522628886265
3075,4.1678964974419515
3076,2.724960645415191
3077,1.4189295552931918
3078,1.109012199921291
3079,0.8707201889020071
3080,1.128197560015742
3081,1.4084513970877608
3082,2.869047619047619
3083,1.7639708776072411
3084,0.8110979929161747
3085,1.7127115308933492
3086,0.3801160960251869
3087,1.0562770562770563
3088,0.7739571035025581
3089,0.7396694214876033
3090,0.2158107044470681
3091,8.280106257378984
3092,2.5016233766233764
3093,0.42355371900826444
3094,3.956168831168831
3095,5.211186540731996
3096,1.6269185360094451
3097,1.7773022432113341
3098,1.6739472648563558
3099,0.7998819362455726
3100,0.9918831168831168
3101,1.001082251082251
3102,1.2101534828807556
3103,2.2579201101928374
3104,1.361176702085793
3105,0.7839433293978749
3106,0.6988390397481307
3107,0.627754820936639
3108,0.637741046831956
3109,1.7870916961826053
3110,1.2526564344746163
3111,0.4318181818181818
3112,3.0472255017709564
3113,2.1269677292404565
3114,2.3762790240062968
3115,1.1078807556080283
3116,1.1140791027154664
3117,0.6079299488390397
3118,1.662091696182605
3119,0.8822314049586777
3120,1.70124950806769
3121,1.5844647776465959
3122,0.7648563557654466
3123,0.3762298307752853
3124,0.27818772136953956
3125,0.44510035419126326
3126,1.5751672569854387
3127,0.15249901613537975
3128,0.3283648170011806
3129,0.2926997245179063
3130,0.9997048406139315
3131,0.7900924832743015
3132,4.698051948051948
3133,5.124458874458875
3134,4.227961432506887
3135,1.552538370720189
3136,1.289452971271153
3137,0.7647087760724124
3138,0.7860586383313656
3139,8.28271349862259
3140,3.123327430145612
3141,2.6118654073199528
3142,0.77228453364817
3143,2.3053423848878394
3144,0.6169815033451397
3145,4.169323101141282
3146,0.9810606060606061
3147,1.1702085792994885
3148,0.8945297127115308
3149,15.347746950019676
3150,4.038124754033845
3151,2.6274104683195594
3152,3.6763085399449036
3153,4.033894136166864
3154,2.008461235733963
3155,2.614374262101535
3156,3.714630066902794
3157,1.3721467926013382
3158,0.29958677685950413
3159,1.4985242030696577
3160,0.8922176308539945
3161,4.29176505312869
3162,2.4146005509641872
3163,0.9152892561983471
3164,1.7757772530499802
3165,0.6885576544667453
3166,3.149744195198741
3167,2.122392758756395
3168,0.8032270759543487
3169,1.1125049193231011
3170,6.7895021645021645
3171,1.0352223534041716
3172,3.0405844155844157
3173,2.528581267217631
3174,2.0362062180244
3175,1.7006099960645416
3176,2.5006887052341598
3177,1.4060409287682016
3178,1.5866784730421095
3179,1.0123475009838647
3180,1.107979142070051
3181,0.6206218024399842
3182,0.3709169618260527
3183,0.6305588351042896
3184,2.518349075167257
3185,0.1415289256198347
3186,0.45129870129870125
3187,0.9803719008264463
3188,1.542306178669815
3189,0.0
3190,8.036058638331365
3191,2.189738292011019
3192,1.2783844942935851
3193,1.247245179063361
3194,1.834710743801653
3195,1.077331759149941
3196,0.8333333333333333
3197,3.1086186540731995
3198,2.6351338055883513
3199,2.135379771743408
3200,2.4341302636757183
3201,2.307506887052342
3202,0.5826446280991735
3203,0.8548799685163322
3204,1.6361668634395907
3205,0.8802144824872098
3206,0.20631641086186542
3207,16.19539551357733
3208,6.45405352223534
3209,1.1756198347107438
3210,5.665338449429358
3211,2.0901219992129083
3212,2.362160566706021
3213,1.72318968909878
3214,1.9854388036206219
3215,1.3793290043290045
3216,0.6524006296733569
3217,1.3568968909878
3218,0.748917748917749
3219,2.0397973238882328
3220,2.5757575757575757
3221,0.7757280598189689
3222,1.08461235733963
3223,0.2016430539157812
3224,0.9905057064147973
3225,0.6333628492719402
3226,0.3517807949626131
3227,0.6561393152302244
3228,2.137495080676899
3229,1.1289846517119244
3230,1.0842680047225501
3231,1.8331365604092875
3232,0.6968713105076741
3233,0.2676603699330972
3234,0.8557654466745376
3235,0.3001770956316411
3236,1.4289649744195199
3237,0.6919027941755215
3238,0.4291617473435655
3239,0.5989767807949626
3240,0.9087465564738292
3241,0.204004329004329
3242,2.6144726485635577
3243,2.1212613144431325
3244,0.23288075560802832
3245,0.388823297914207
3246,1.694116489571035
3247,0.1216056670602125
3248,7.3700806768988585
3249,2.342680047225502
3250,1.1732093663911844
3251,0.8518299881936245
3252,0.7061196379378197
3253,0.45459464777646597
3254,0.7225501770956316
3255,2.85655253837072
3256,1.9446084218811492
3257,2.0100354191263285
3258,1.6958382526564346
3259,0.6898366784730421
3260,2.2461137347500983
3261,0.3355470287288469
3262,0.460202676111767
3263,0.7756296733569461
3264,0.6876229830775284
3265,6.830578512396694
3266,3.5986324281778828
3267,1.9008264462809918
3268,2.073199527744982
3269,1.1605667060212514
3270,2.369047619047619
3271,1.5665584415584415
3272,0.5089531680440771
3273,0.7249114521841795
3274,1.394431326249508
3275,0.4165190869736324
3276,0.7070051160960251
3277,1.118900039354585
3278,2.30780204643841
3279,1.3606355765446674
3280,0.5700019677292405
3281,0.5040338449429358
3282,1.4799291617473436
3283,1.9365407319952777
3284,1.0520464384100747
3285,1.5661648957103502
3286,1.877607241243605
3287,1.954004329004329
3288,2.19219795356159
3289,1.127262888626525
3290,0.5038370720188902
3291,0.6414797323888233
3292,1.2652007083825265
3293,0.5447166469893743
3294,0.5437819756001574
3295,0.37431129476584024
3296,0.7742522628886266
3297,0.9740751672569854
3298,0.42655450609996065
3299,1.020021645021645
3300,1.2337170405352225
3301,0.45129870129870125
3302,1.1560409287682016
3303,0.33662927981109797
3304,1.502508854781582
3305,1.1053227075954348
3306,2.2218122786304604
3307,2.0221861471861473
3308,1.8782467532467533
3309,0.48086383313656045
3310,0.4817001180637544
3311,0.31916568280204644
3312,0.40859897678079493
3313,1.1648465171192444
3314,1.27228453364817
3315,0.8879378197560015
3316,1.2310114128295946
3317,0.7042994883903975
3318,0.7377508854781583
3319,0.41155057064147976
3320,0.47712514757969304
3321,0.22712514757969304
3322,0.39974419519874066
3323,3.8731798504525776
3324,1.5557359307359309
3325,1.115702479338843
3326,1.309818968909878
3327,1.3921192443919717
3328,1.5494391971664698
3329,1.5797914207005115
3330,0.3615702479338843
3331,0.48976780794962615
3332,1.25418142463597
3333,0.3816902794175522
3334,0.35694608421881147
3335,3.3044077134986223
3336,0.9893250688705234
3337,0.8963990554899646
3338,0.5979929161747344
3339,0.2936835891381346
3340,1.0454545454545454
3341,1.2167945690672963
3342,0.6341499409681228
3343,0.1775383707201889
3344,2.12987012987013
3345,1.557310114128296
3346,2.45124950806769
3347,0.7422274695001968
3348,0.6198839039748131
3349,0.5906631247540339
3350,0.9029417552144825
3351,0.5679850452577725
3352,0.6394628099173554
3353,0.4656631247540338
3354,0.6471369539551357
3355,0.6569264069264069
3356,0.09272924045651318
3357,0.612012987012987
3358,1.4920798898071626
3359,0.17379968516332153
3360,0.4018595041322314
3361,0.2528532073986619
3362,0.6465466351829988
3363,0.20405352223534043
3364,5.895070838252656
3365,3.033008658008658
3366,2.1681916568280206
3367,0.44150924832743016
3368,1.7238783943329397
3369,1.6106847697756788
3370,0.8915289256198347
3371,4.338941361668635
3372,2.1454151908697363
3373,2.0908598976780794
3374,1.2532959464777647
3375,1.0782172373081464
3376,2.4938016528925617
3377,0.29304407713498626
3378,0.8563557654466745
3379,0.332939787485242
3380,2.0265151515151514
3381,15.09720582447855
3382,2.9195198740653288
3383,1.9194214876033058
3384,4.243850846123573
3385,1.5235635576544668
3386,4.600157418339236
3387,0.9325068870523416
3388,1.1200806768988587
3389,1.2303719008264462
3390,1.201151121605667
3391,0.3536501377410468
3392,0.31685360094451004
3393,2.156729634002361
3394,3.0583431719795358
3395,0.3998917748917749
3396,0.3404171585989768
3397,0.23450413223140495
3398,1.6263774104683195
3399,0.7611176702085793
3400,1.3291027154663517
3401,0.19657615112160565
3402,4.7987996851633214
3403,1.9718122786304604
3404,1.5696084218811492
3405,1.8464679260133805
3406,1.1633707201889019
3407,0.3554702872884691
3408,0.7043978748524202
3409,0.2679063360881543
3410,0.4657615112160567
3411,0.44082054309327035
3412,0.66086186540732
3413,1.239964580873672
3414,0.18545848091302636
3415,0.1483667847304211
3416,1.5648858717040535
3417,1.323051948051948
3418,0.1717335694608422
3419,0.2542306178669815
3420,1.7009543486816214
3421,0.13739669421487605
3422,2.7310114128295946
3423,1.7296831955922864
3424,1.0448642266824084
3425,0.6677489177489178
3426,0.9907516725698544
3427,0.9084513970877608
3428,0.6478748524203071
3429,3.311688311688312
3430,1.53099173553719
3431,1.745720188902007
3432,1.3117375049193232
3433,1.2730716253443526
3434,0.44716646989374265
3435,0.3101633215269579
3436,0.5141184573002755
3437,0.21881149153876425
3438,0.37568870523415976
3439,10.17271743408107
3440,3.004083038173947
3441,1.9669421487603307
3442,3.001672569854388
3443,2.5090515545061
3444,1.5421094057457694
3445,1.4635970090515547
3446,1.6769972451790633
3447,0.7868457300275482
3448,1.1862947658402203
3449,0.7164502164502164
3450,0.26338055883510425
3451,2.0312868949232588
3452,2.131395120031484
3453,0.9456414797323889
3454,0.2839925226288863
3455,0.306965761511216
3456,0.9832743014561196
3457,1.132870916961826
3458,0.4905057064147973
3459,1.0382231404958677
3460,4.75309917355372
3461,1.4881444313262495
3462,1.535271546635183
3463,1.2937819756001574
3464,0.2602813852813853
3465,0.39674340810704445
3466,0.6346418732782368
3467,1.533598976780795
3468,0.532172373081464
3469,0.28891184573002754
3470,0.5242030696576151
3471,0.373573396300669
3472,0.09272924045651318
3473,0.05563754427390791
3474,1.298996458087367
3475,1.4920306965761512
3476,0.37849271940181034
3477,0.24114521841794567
3478,0.5043290043290043
3479,0.43973829201101927
3480,7.548848878394333
3481,2.5242030696576148
3482,1.393693427784337
3483,0.5870228256591893
3484,0.7447363242817788
3485,0.26647973238882333
3486,0.5584907516725699
3487,2.136658795749705
3488,1.7563459268004722
3489,0.9418044077134986
3490,1.5938606847697758
3491,1.1152597402597402
3492,1.429112554112554
3493,0.5709858323494688
3494,0.4332447855175128
3495,0.21620425029515938
3496,0.37411452184179456
3497,4.036009445100354
3498,2.629329004329004
3499,1.5915977961432506
3500,2.7724813065722156
3501,1.0900236127508856
3502,1.689836678473042
3503,1.8361865407319953
3504,0.8840515545061
3505,0.6734061393152302
3506,1.0533746556473829
3507,0.5598681621408894
3508,0.7014954742227469
3509,0.8670798898071626
3510,2.461284927194018
3511,1.6875245966155057
3512,0.4888331365604093
3513,0.44687131050767415
3514,0.878345139708776
3515,1.6264757969303423
3516,1.1140791027154664
3517,0.4897186147186147
3518,1.5011314443132626
3519,2.499508067689886
3520,1.831759149940968
3521,0.9454939000393545
3522,0.7368654073199528
3523,0.7294372294372294
3524,1.3173455332546242
3525,0.34149940968122783
3526,0.7309622195985832
3527,0.7386363636363636
3528,0.7517709563164109
3529,0.9859307359307359
3530,0.12982093663911845
3531,0.4821920503738686
3532,0.5454545454545454
3533,0.30362062180244
3534,0.6017316017316017
3535,0.39507083825265643
3536,0.9789944903581267
3537,0.9247835497835498
3538,5.242916174734357
3539,1.8592581660763479
3540,1.0616883116883116
3541,0.5349763872491144
3542,0.32629870129870125
3543,0.5935655253837071
3544,1.438164108618654
3545,2.181326249508068
3546,1.9002361275088546
3547,1.1651908697363242
3548,0.9283746556473829
3549,1.5654761904761905
3550,0.3919716646989374
3551,0.7926997245179064
3552,0.505608028335301
3553,0.45400432900432897
3554,0.16430539157811885
3555,6.043978748524204
3556,3.4881444313262495
3557,0.6942148760330579
3558,2.443772136953955
3559,1.9960153482880756
3560,1.2428177882723337
3561,2.4274891774891776
3562,1.1020267611176702
3563,0.5647874852420307
3564,0.1610094451003542
3565,0.6644037780401417
3566,0.9267020857929948
3567,4.077036599763872
3568,0.32974222746950016
3569,1.2482782369146006
3570,1.1866391184573004
3571,1.1637642660369933
3572,0.21044864226682408
3573,0.45124950806768993
3574,0.1418732782369146
3575,0.34031877213695394
3576,1.0988783943329397
3577,1.6681916568280204
3578,0.6045356158992523
3579,0.41484651711924436
3580,0.6756198347107438
3581,0.7152203856749311
3582,0.6615013774104683
3583,0.28856749311294766
3584,1.085547028728847
3585,0.46782762691853597
3586,0.6649449035812672
3587,0.18841007477371113
3588,0.0
3589,0.3894628099173554
3590,1.3752459661550571
3591,0.11609602518693427
3592,0.2177784336875246
3593,0.6238685556867375
3594,0.5413715072805982
3595,0.21846713892168437
3596,6.805588351042896
3597,2.096959858323495
3598,2.121556473829201
3599,2.2593959071231797
3600,1.5450609996064542
3601,0.6364128295946478
3602,0.8514856355765447
3603,2.20021645021645
3604,1.5666076347894529
3605,2.058293978748524
3606,1.1549586776859504
3607,1.718417945690673
3608,0.407172373081464
3609,0.7631345926800472
3610,0.7736127508854782
3611,0.7490161353797717
3612,0.404319165682802
3613,14.376820149547424
3614,3.5273514364423457
3615,1.8870523415977962
3616,3.843565525383707
3617,5.6086186540732
3618,1.9031385281385282
3619,0.9796340023612751
3620,2.231060606060606
3621,1.4642857142857144
3622,0.5867276662731208
3623,1.1430047225501772
3624,1.2785812672176309
3625,1.8458776072412435
3626,1.1441361668634396
3627,1.4718614718614718
3628,1.2627410468319558
3629,1.019775678866588
3630,0.8866587957497049
3631,1.3214285714285714
3632,1.3500098386462023
3633,0.35222353404171586
3634,2.160615899252263
3635,2.7078414010232192
3636,1.9475108225108224
3637,1.0553915781188508
3638,0.8662436048799684
3639,1.4242424242424243
3640,1.7578217237308147
3641,0.6754722550177096
3642,1.0522924045651318
3643,0.8679653679653679
3644,0.7784336875245965
3645,0.41204250295159384
3646,0.612012987012987
3647,0.3894628099173554
3648,1.3676702085792996
3649,0.23563557654466744
3650,0.686245572609209
3651,0.7139413616686344
3652,1.3973337268791814
3653,0.4789452971271153
3654,6.117522628886265
3655,4.1678964974419515
3656,2.724960645415191
3657,1.4189295552931918
3658,1.109012199921291
3659,0.8707201889020071
3660,1.128197560015742
3661,1.4084513970877608
3662,2.869047619047619
3663,1.7639708776072411
3664,0.8110979929161747
3665,1.7127115308933492
3666,0.3801160960251869
3667,1.0562770562770563
3668,0.7739571035025581
3669,0.7396694214876033
3670,0.2158107044470681
3671,8.280106257378984
3672,2.5016233766233764
3673,0.42355371900826444
3674,3.956168831168831
3675,5.211186540731996
3676,1.6269185360094451
3677,1.7773022432113341
3678,1.6739472648563558
3679,0.7998819362455726
3680,0.9918831168831168
3681,1.001082251082251
3682,1.2101534828807556
3683,2.2579201101928374
3684,1.361176702085793
3685,0.7839433293978749
3686,0.6988390397481307
3687,0.627754820936639
3688,0.637741046831956
3689,1.7870916961826053
3690,1.2526564344746163
3691,0.4318181818181818
3692,3.0472255017709564
3693,2.1269677292404565
3694,2.3762790240062968
3695,1.1078807556080283
3696,1.1140791027154664
3697,0.6079299488390397
3698,1.662091696182605
3699,0.8822314049586777
3700,1.70124950806769
3701,1.5844647776465959
3702,0.7648563557654466
3703,0.3762298307752853
3704,0.27818772136953956
3705,0.44510035419126326
3706,1.5751672569854387
3707,0.15249901613537975
3708,0.3283648170011806
3709,0.2926997245179063
3710,0.9997048406139315
3711,0.7900924832743015
3712,4.698051948051948
3713,5.124458874458875
3714,4.227961432506887
3715,1.552538370720189
3716,1.289452971271153
3717,0.7647087760724124
3718,0.7860586383313656
3719,8.28271349862259
3720,3.123327430145612
3721,2.6118654073199528
3722,0.77228453364817
3723,2.3053423848878394
3724,0.6169815033451397
3725,4.169323101141282
3726,0.9810606060606061
3727,1.1702085792994885
3728,0.8945297127115308
3729,15.347746950019676
3730,4.038124754033845
3731,2.6274104683195594
3732,3.6763085399449036
3733,4.033894136166864
3734,2.008461235733963
3735,2.614374262101535
3736,3.714630066902794
3737,1.3721467926013382
3738,0.29958677685950413
3739,1.4985242030696577
3740,0.8922176308539945
3741,4.29176505312869
3742,2.4146005509641872
3743,0.9152892561983471
3744,1.7757772530499802
3745,0.6885576544667453
3746,3.149744195198741
3747,2.122392758756395
3748,0.8032270759543487
3749,1.1125049193231011
3750,6.7895021645021645
3751,1.0352223534041716
3752,3.0405844155844157
3753,2.528581267217631
3754,2.0362062180244
3755,1.7006099960645416
3756,2.5006887052341598
3757,1.4060409287682016
3758,1.5866784730421095
3759,1.0123475009838647
3760,1.107979142070051
3761,0.6206218024399842
3762,0.3709169618260527
3763,0.6305588351042896
3764,2.518349075167257
3765,0.1415289256198347
3766,0.45129870129870125
3767,0.9803719008264463
3768,1.542306178669815
3769,0.0
3770,8.036058638331365
3771,2.189738292011019
3772,1.2783844942935851
3773,1.247245179063361
3774,1.834710743801653
3775,1.077331759149941
3776,0.8333333333333333
3777,3.1086186540731995
3778,2.6351338055883513
3779,2.135379771743408
3780,2.4341302636757183
3781,2.307506887052342
3782,0.5826446280991735
3783,0.8548799685163322
3784,1.6361668634395907
3785,0.8802144824872098
3786,0.20631641086186542
3787,16.19539551357733
3788,6.45405352223534
3789,1.1756198347107438
3790,5.665338449429358
3791,2.0901219992129083
3792,2.362160566706021
3793,1.72318968909878
3794,1.9854388036206219
3795,1.3793290043290045
3796,0.6524006296733569
3797,1.3568968909878
3798,0.748917748917749
3799,2.0397973238882328
3800,2.5757575757575757
3801,0.7757280598189689
3802,1.08461235733963
3803,0.2016430539157812
3804,0.9905057064147973
3805,0.6333628492719402
3806,0.3517807949626131
3807,0.6561393152302244
3808,2.137495080676899
3809,1.1289846517119244
3810,1.0842680047225501
3811,1.8331365604092875
3812,0.6968713105076741
3813,0.2676603699330972
3814,0.8557654466745376
3815,0.3001770956316411
3816,1.4289649744195199
3817,0.6919027941755215
3818,0.4291617473435655
3819,0.5989767807949626
3820,0.9087465564738292
3821,0.204004329004329
3822,2.6144726485635577
3823,2.1212613144431325
3824,0.23288075560802832
3825,0.388823297914207
3826,1.694116489571035
3827,0.1216056670602125
3828,7.3700806768988585
3829,2.342680047225502
3830,1.1732093663911844
3831,0.8518299881936245
3832,0.7061196379378197
3833,0.45459464777646597
3834,0.7225501770956316
3835,2.85655253837072
3836,1.9446084218811492
3837,2.0100354191263285
3838,1.6958382526564346
3839,0.6898366784730421
3840,2.2461137347500983
3841,0.3355470287288469
3842,0.460202676111767
3843,0.7756296733569461
3844,0.6876229830775284
3845,6.830578512396694
3846,3.5986324281778828
3847,1.9008264462809918
3848,2.073199527744982
3849,1.1605667060212514
3850,2.369047619047619
3851,1.5665584415584415
3852,0.5089531680440771
3853,0.7249114521841795
3854,1.394431326249508
3855,0.4165190869736324
3856,0.7070051160960251
3857,1.118900039354585
3858,2.30780204643841
3859,1.3606355765446674
3860,0.5700019677292405
3861,0.5040338449429358
3862,1.4799291617473436
3863,1.9365407319952777
3864,1.0520464384100747
3865,1.5661648957103502
3866,1.877607241243605
3867,1.954004329004329
3868,2.19219795356159
3869,1.127262888626525
3870,0.5038370720188902
3871,0.6414797323888233
3872,1.2652007083825265
3873,0.5447166469893743
3874,0.5437819756001574
3875,0.37431129476584024
3876,0.7742522628886266
3877,0.9740751672569854
3878,0.42655450609996065
3879,1.020021645021645
3880,1.2337170405352225
3881,0.45129870129870125
3882,1.1560409287682016
3883,0.33662927981109797
3884,1.502508854781582
3885,1.1053227075954348
3886,2.2218122786304604
3887,2.0221861471861473
3888,1.8782467532467533
3889,0.48086383313656045
3890,0.4817001180637544
3891,0.31916568280204644
3892,0.40859897678079493
3893,1.1648465171192444
3894,1.27228453364817
3895,0.8879378197560015
3896,1.2310114128295946
3897,0.7042994883903975
3898,0.7377508854781583
3899,0.41155057064147976
3900,0.47712514757969304
3901,0.22712514757969304
3902,0.39974419519874066
3903,3.8731798504525776
3904,1.5557359307359309
3905,1.115702479338843
3906,1.309818968909878
3907,1.3921192443919717
3908,1.5494391971664698
3909,1.5797914207005115
3910,0.3615702479338843
3911,0.48976780794962615
3912,1.25418142463597
3913,0.3816902794175522
3914,0.35694608421881147
3915,3.3044077134986223
3916,0.9893250688705234
3917,0.8963990554899646
3918,0.5979929161747344
3919,0.2936835891381346
3920,1.0454545454545454
3921,1.2167945690672963
3922,0.6341499409681228
3923,0.1775383707201889
3924,2.12987012987013
3925,1.557310114128296
3926,2.45124950806769
3927,0.7422274695001968
3928,0.6198839039748131
3929,0.5906631247540339
3930,0.9029417552144825
3931,0.5679850452577725
3932,0.6394628099173554
3933,0.4656631247540338
3934,0.6471369539551357
3935,0.6569264069264069
3936,0.09272924045651318
3937,0.612012987012987
3938,1.4920798898071626
3939,0.17379968516332153
3940,0.4018595041322314
3941,0.2528532073986619
3942,0.6465466351829988
3943,0.20405352223534043
3944,5.895070838252656
3945,3.033008658008658
3946,2.1681916568280206
3947,0.44150924832743016
3948,1.7238783943329397
3949,1.6106847697756788
3950,0.8915289256198347
3951,4.338941361668635
3952,2.1454151908697363
3953,2.0908598976780794
3954,1.2532959464777647
3955,1.0782172373081464
3956,2.4938016528925617
3957,0.29304407713498626
3958,0.8563557654466745
3959,0.332939787485242
3960,2.0265151515151514
3961,15.09720582447855
3962,2.9195198740653288
3963,1.9194214876033058
3964,4.243850846123573
3965,1.5235635576544668
3966,4.600157418339236
3967,0.9325068870523416
3968,1.1200806768988587
3969,1.2303719008264462
3970,1.201151121605667
3971,0.3536501377410468
3972,0.31685360094451004
3973,2.156729634002361
3974,3.0583431719795358
3975,0.3998917748917749
3976,0.3404171585989768
3977,0.23450413223140495
3978,1.6263774104683195
3979,0.7611176702085793
3980,1.3291027154663517
3981,0.19657615112160565
3982,4.7987996851633214
3983,1.9718122786304604
3984,1.5696084218811492
3985,1.8464679260133805
3986,1.1633707201889019
3987,0.3554702872884691
3988,0.7043978748524202
3989,0.2679063360881543
3990,0.4657615112160567
3991,0.44082054309327035
3992,0.66086186540732
3993,1.239964580873672
3994,0.18545848091302636
3995,0.1483667847304211
3996,1.5648858717040535
3997,1.323051948051948
3998,0.1717335694608422
3999,0.2542306178669815
4000,1.7009543486816214
4001,0.13739669421487605
4002,2.7310114128295946
4003,1.7296831955922864
4004,1.0448642266824084
4005,0.6677489177489178
4006,0.9907516725698544
4007,0.9084513970877608
4008,0.6478748524203071
4009,3.311688311688312
4010,1.53099173553719
4011,1.745720188902007
4012,1.3117375049193232
4013,1.2730716253443526
4014,0.44716646989374265
4015,0.3101633215269579
4016,0.5141184573002755
4017,0.21881149153876425
4018,0.37568870523415976
4019,10.17271743408107
4020,3.004083038173947
4021,1.9669421487603307
4022,3.001672569854388
4023,2.5090515545061
4024,1.5421094057457694
4025,1.4635970090515547
4026,1.6769972451790633
4027,0.7868457300275482
4028,1.1862947658402203
4029,0.7164502164502164
4030,0.26338055883510425
4031,2.0312868949232588
4032,2.131395120031484
4033,0.9456414797323889
4034,0.2839925226288863
4035,0.306965761511216
4036,0.9832743014561196
4037,1.132870916961826
4038,0.4905057064147973
4039,1.0382231404958677
4040,4.75309917355372
4041,1.4881444313262495
4042,1.535271546635183
4043,1.2937819756001574
4044,0.2602813852813853
4045,0.39674340810704445
4046,0.6346418732782368
4047,1.533598976780795
4048,0.532172373081464
4049,0.28891184573002754
4050,0.5242030696576151
4051,0.373573396300669
4052,0.09272924045651318
4053,0.05563754427390791
4054,1.298996458087367
4055,1.4920306965761512
4056,0.37849271940181034
4057,0.24114521841794567
4058,0.5043290043290043
4059,0.43973829201101927
4060,7.548848878394333
4061,2.5242030696576148
4062,1.393693427784337
4063,0.5870228256591893
4064,0.7447363242817788
4065,0.26647973238882333
4066,0.5584907516725699
4067,2.136658795749705
4068,1.7563459268004722
4069,0.9418044077134986
4070,1.5938606847697758
4071,1.1152597402597402
4072,1.429112554112554
4073,0.5709858323494688
4074,0.4332447855175128
4075,0.21620425029515938
4076,0.37411452184179456
4077,4.036009445100354
4078,2.629329004329004
4079,1.5915977961432506
4080,2.7724813065722156
4081,1.0900236127508856
4082,1.689836678473042
4083,1.8361865407319953
4084,0.8840515545061
4085,0.6734061393152302
4086,1.0533746556473829
4087,0.5598681621408894
4088,0.7014954742227469
4089,0.8670798898071626
4090,2.461284927194018
4091,1.6875245966155057
4092,0.4888331365604093
4093,0.44687131050767415
4094,0.878345139708776
4095,1.6264757969303423
4096,1.1140791027154664
4097,0.4897186147186147
4098,1.5011314443132626
4099,2.499508067689886
4100,1.831759149940968
4101,0.9454939000393545
4102,0.7368654073199528
4103,0.7294372294372294
4104,1.3173455332546242
4105,0.34149940968122783
4106,0.7309622195985832
4107,0.7386363636363636
4108,0.7517709563164109
4109,0.9859307359307359
4110,0.12982093663911845
4111,0.4821920503738686
4112,0.5454545454545454
4113,0.30362062180244
4114,0.6017316017316017
4115,0.39507083825265643
4116,0.9789944903581267
4117,0.9247835497835498
4118,5.242916174734357
4119,1.8592581660763479
4120,1.0616883116883116
4121,0.5349763872491144
4122,0.32629870129870125
4123,0.5935655253837071
4124,1.438164108618654
4125,2.181326249508068
4126,1.9002361275088546
4127,1.1651908697363242
4128,0.9283746556473829
4129,1.5654761904761905
4130,0.3919716646989374
4131,0.7926997245179064
4132,0.505608028335301
4133,0.45400432900432897
4134,0.16430539157811885
4135,6.043978748524204
4136,3.4881444313262495
4137,0.6942148760330579
4138,2.443772136953955
4139,1.9960153482880756
4140,1.2428177882723337
4141,2.4274891774891776
4142,1.1020267611176702
4143,0.5647874852420307
4144,0.1610094451003542
4145,0.6644037780401417
4146,0.9267020857929948
4147,4.077036599763872
4148,0.32974222746950016
4149,1.2482782369146006
4150,1.1866391184573004
4151,1.1637642660369933
4152,0.21044864226682408
4153,0.45124950806768993
4154,0.1418732782369146
4155,0.34031877213695394
4156,1.0988783943329397
4157,1.6681916568280204
4158,0.6045356158992523
4159,0.41484651711924436
4160,0.6756198347107438
4161,0.7152203856749311
4162,0.6615013774104683
4163,0.28856749311294766
4164,1.085547028728847
4165,0.46782762691853597
4166,0.6649449035812672
4167,0.18841007477371113
4168,0.0
4169,0.3894628099173554
4170,1.3752459661550571
4171,0.11609602518693427
4172,0.2177784336875246
4173,0.6238685556867375
4174,0.5413715072805982
4175,0.21846713892168437
4176,6.805588351042896
4177,2.096959858323495
4178,2.121556473829201
4179,2.2593959071231797
4180,1.5450609996064542
4181,0.6364128295946478
4182,0.8514856355765447
4183,2.20021645021645
4184,1.5666076347894529
4185,2.058293978748524
4186,1.1549586776859504
4187,1.718417945690673
4188,0.407172373081464
4189,0.7631345926800472
4190,0.7736127508854782
4191,0.7490161353797717
4192,0.404319165682802
4193,14.376820149547424
4194,3.5273514364423457
4195,1.8870523415977962
4196,3.843565525383707
4197,5.6086186540732
4198,1.9031385281385282
4199,0.9796340023612751
4200,2.231060606060606
4201,1.4642857142857144
4202,0.5867276662731208
4203,1.1430047225501772
4204,1.2785812672176309
4205,1.8458776072412435
4206,1.1441361668634396
4207,1.4718614718614718
4208,1.2627410468319558
4209,1.019775678866588
4210,0.8866587957497049
4211,1.3214285714285714
4212,1.3500098386462023
4213,0.35222353404171586
4214,2.160615899252263
4215,2.7078414010232192
4216,1.9475108225108224
4217,1.0553915781188508
4218,0.8662436048799684
4219,1.4242424242424243
4220,1.7578217237308147
4221,0.6754722550177096
4222,1.0522924045651318
4223,0.8679653679653679
4224,0.7784336875245965
4225,0.41204250295159384
4226,0.612012987012987
4227,0.3894628099173554
4228,1.3676702085792996
4229,0.23563557654466744
4230,0.686245572609209
4231,0.7139413616686344
4232,1.3973337268791814
4233,0.4789452971271153
4234,6.117522628886265
4235,4.1678964974419515
4236,2.724960645415191
4237,1.4189295552931918
4238,1.109012199921291
4239,0.8707201889020071
4240,1.128197560015742
4241,1.4084513970877608
4242,2.869047619047619
4243,1.7639708776072411
4244,0.8110979929161747
4245,1.7127115308933492
4246,0.3801160960251869
4247,1.0562770562770563
4248,0.7739571035025581
4249,0.7396694214876033
4250,0.2158107044470681
4251,8.280106257378984
4252,2.5016233766233764
4253,0.42355371900826444
4254,3.956168831168831
4255,5.211186540731996
4256,1.6269185360094451
4257,1.7773022432113341
4258,1.6739472648563558
4259,0.7998819362455726
4260,0.9918831168831168
4261,1.001082251082251
4262,1.2101534828807556
4263,2.2579201101928374
4264,1.361176702085793
4265,0.7839433293978749
4266,0.6988390397481307
4267,0.627754820936639
4268,0.637741046831956
4269,1.7870916961826053
4270,1.2526564344746163
4271,0.4318181818181818
4272,3.0472255017709564
4273,2.1269677292404565
4274,2.3762790240062968
4275,1.1078807556080283
4276,1.1140791027154664
4277,0.6079299488390397
4278,1.662091696182605
4279,0.8822314049586777
4280,1.70124950806769
4281,1.5844647776465959
4282,0.7648563557654466
4283,0.3762298307752853
4284,0.27818772136953956
4285,0.44510035419126326
4286,1.5751672569854387
4287,0.15249901613537975
4288,0.3283648170011806
4289,0.2926997245179063
4290,0.9997048406139315
4291,0.7900924832743015
4292,4.698051948051948
4293,5.124458874458875
4294,4.227961432506887
4295,1.552538370720189
4296,1.289452971271153
4297,0.7647087760724124
4298,0.7860586383313656
4299,8.28271349862259
4300,3.123327430145612
4301,2.6118654073199528
4302,0.77228453364817
4303,2.3053423848878394
4304,0.6169815033451397
4305,4.169323101141282
4306,0.9810606060606061
4307,1.1702085792994885
4308,0.8945297127115308
4309,15.347746950019676
4310,4.038124754033845
4311,2.6274104683195594
4312,3.6763085399449036
4313,4.033894136166864
4314,2.008461235733963
4315,2.614374262101535
4316,3.714630066902794
4317,1.3721467926013382
4318,0.29958677685950413
4319,1.4985242030696577
4320,0.8922176308539945
4321,4.29176505312869
4322,2.4146005509641872
4323,0.9152892561983471
4324,1.7757772530499802
4325,0.6885576544667453
4326,3.149744195198741
4327,2.122392758756395
4328,0.8032270759543487
4329,1.1125049193231011
4330,6.7895021645021645
4331,1.0352223534041716
4332,3.0405844155844157
4333,2.528581267217631
4334,2.0362062180244
4335,1.7006099960645416
4336,2.5006887052341598
4337,1.4060409287682016
4338,1.5866784730421095
4339,1.0123475009838647
4340,1.107979142070051
4341,0.6206218024399842
4342,0.3709169618260527
4343,0.6305588351042896
4344,2.518349075167257
4345,0.1415289256198347
4346,0.45129870129870125
4347,0.9803719008264463
4348,1.542306178669815
4349,0.0
4350,8.036058638331365
4351,2.189738292011019
4352,1.2783844942935851
4353,1.247245179063361
4354,1.834710743801653
4355,1.077331759149941
4356,0.8333333333333333
4357,3.1086186540731995
4358,2.6351338055883513
4359,2.135379771743408
4360,2.4341302636757183
4361,2.307506887052342
4362,0.5826446280991735
4363,0.8548799685163322
4364,1.6361668634395907
4365,0.8802144824872098
4366,0.20631641086186542
4367,16.19539551357733
4368,6.45405352223534
4369,1.1756198347107438
4370,5.665338449429358
4371,2.0901219992129083
4372,2.362160566706021
4373,1.72318968909878
4374,1.9854388036206219
4375,1.3793290043290045
4376,0.6524006296733569
4377,1.3568968909878
4378,0.748917748917749
4379,2.0397973238882328
4380,2.5757575757575757
4381,0.7757280598189689
4382,1.08461235733963
4383,0.2016430539157812
4384,0.9905057064147973
4385,0.6333628492719402
4386,0.3517807949626131
4387,0.6561393152302244
4388,2.137495080676899
4389,1.1289846517119244
4390,1.0842680047225501
4391,1.8331365604092875
4392,0.6968713105076741
4393,0.2676603699330972
4394,0.8557654466745376
4395,0.3001770956316411
4396,1.4289649744195199
4397,0.6919027941755215
4398,0.4291617473435655
4399,0.5989767807949626
4400,0.9087465564738292
4401,0.204004329004329
4402,2.6144726485635577
4403,2.1212613144431325
4404,0.23288075560802832
4405,0.388823297914207
4406,1.694116489571035
4407,0.1216056670602125
4408,7.3700806768988585
4409,2.342680047225502
4410,1.1732093663911844
4411,0.8518299881936245
4412,0.7061196379378197
4413,0.45459464777646597
4414,0.7225501770956316
4415,2.85655253837072
4416,1.9446084218811492
4417,2.0100354191263285
4418,1.6958382526564346
4419,0.6898366784730421
4420,2.2461137347500983
4421,0.3355470287288469
4422,0.460202676111767
4423,0.7756296733569461
4424,0.6876229830775284
4425,6.830578512396694
4426,3.5986324281778828
4427,1.9008264462809918
4428,2.073199527744982
4429,1.1605667060212514
4430,2.369047619047619
4431,1.5665584415584415
4432,0.5089531680440771
4433,0.7249114521841795
4434,1.394431326249508
4435,0.4165190869736324
4436,0.7070051160960251
4437,1.118900039354585
4438,2.30780204643841
4439,1.3606355765446674
4440,0.5700019677292405
4441,0.5040338449429358
4442,1.4799291617473436
4443,1.9365407319952777
4444,1.0520464384100747
4445,1.5661648957103502
4446,1.877607241243605
4447,1.954004329004329
4448,2.19219795356159
4449,1.127262888626525
4450,0.5038370720188902
4451,0.6414797323888233
4452,1.2652007083825265
4453,0.5447166469893743
4454,0.5437819756001574
4455,0.37431129476584024
4456,0.7742522628886266
4457,0.9740751672569854
4458,0.42655450609996065
4459,1.020021645021645
4460,1.2337170405352225
4461,0.45129870129870125
4462,1.1560409287682016
4463,0.33662927981109797
4464,1.502508854781582
4465,1.1053227075954348
4466,2.2218122786304604
4467,2.0221861471861473
4468,1.8782467532467533
4469,0.48086383313656045
4470,0.4817001180637544
4471,0.31916568280204644
4472,0.40859897678079493
4473,1.1648465171192444
4474,1.27228453364817
4475,0.8879378197560015
4476,1.2310114128295946
4477,0.7042994883903975
4478,0.7377508854781583
4479,0.41155057064147976
4480,0.47712514757969304
4481,0.22712514757969304
4482,0.39974419519874066
4483,3.8731798504525776
4484,1.5557359307359309
4485,1.115702479338843
4486,1.309818968909878
4487,1.3921192443919717
4488,1.5494391971664698
4489,1.5797914207005115
4490,0.3615702479338843
4491,0.48976780794962615
4492,1.25418142463597
4493,0.3816902794175522
4494,0.35694608421881147
4495,3.3044077134986223
4496,0.9893250688705234
4497,0.8963990554899646
4498,0.5979929161747344
4499,0.2936835891381346
4500,1.0454545454545454
4501,1.2167945690672963
4502,0.6341499409681228
4503,0.1775383707201889
4504,2.12987012987013
4505,1.557310114128296
4506,2.45124950806769
4507,0.7422274695001968
4508,0.6198839039748131
4509,0.5906631247540339
4510,0.9029417552144825
4511,0.5679850452577725
4512,0.6394628099173554
4513,0.4656631247540338
4514,0.6471369539551357
4515,0.6569264069264069
4516,0.09272924045651318
4517,0.612012987012987
4518,1.4920798898071626
4519,0.17379968516332153
4520,0.4018595041322314
4521,0.2528532073986619
4522,0.6465466351829988
4523,0.20405352223534043
4524,5.895070838252656
4525,3.033008658008658
4526,2.1681916568280206
4527,0.44150924832743016
4528,1.7238783943329397
4529,1.6106847697756788
4530,0.8915289256198347
4531,4.338941361668635
4532,2.1454151908697363
4533,2.0908598976780794
4534,1.2532959464777647
4535,1.0782172373081464
4536,2.4938016528925617
4537,0.29304407713498626
4538,0.8563557654466745
4539,0.332939787485242
4540,2.0265151515151514
4541,15.09720582447855
4542,2.9195198740653288
4543,1.9194214876033058
4544,4.243850846123573
4545,1.5235635576544668
4546,4.600157418339236
4547,0.9325068870523416
4548,1.1200806768988587
4549,1.2303719008264462
4550,1.201151121605667
4551,0.3536501377410468
4552,0.31685360094451004
4553,2.156729634002361
4554,3.0583431719795358
4555,0.3998917748917749
4556,0.3404171585989768
4557,0.23450413223140495
4558,1.6263774104683195
4559,0.7611176702085793
4560,1.3291027154663517
4561,0.19657615112160565
4562,4.7987996851633214
4563,1.9718122786304604
4564,1.5696084218811492
4565,1.8464679260133805
4566,1.1633707201889019
4567,0.3554702872884691
4568,0.7043978748524202
4569,0.2679063360881543
4570,0.4657615112160567
4571,0.44082054309327035
4572,0.66086186540732
4573,1.239964580873672
4574,0.18545848091302636
4575,0.1483667847304211
4576,1.5648858717040535
4577,1.323051948051948
4578,0.1717335694608422
4579,0.2542306178669815
4580,1.7009543486816214
4581,0.13739669421487605
4582,2.7310114128295946
4583,1.7296831955922864
4584,1.0448642266824084
4585,0.6677489177489178
4586,0.9907516725698544
4587,0.9084513970877608
4588,0.6478748524203071
4589,3.311688311688312
4590,1.53099173553719
4591,1.745720188902007
4592,1.3117375049193232
4593,1.2730716253443526
4594,0.44716646989374265
4595,0.3101633215269579
4596,0.5141184573002755
4597,0.21881149153876425
4598,0.37568870523415976
4599,10.17271743408107
4600,3.004083038173947
4601,1.9669421487603307
4602,3.001672569854388
4603,2.5090515545061
4604,1.5421094057457694
4605,1.4635970090515547
4606,1.6769972451790633
4607,0.7868457300275482
4608,1.1862947658402203
4609,0.7164502164502164
4610,0.26338055883510425
4611,2.0312868949232588
4612,2.131395120031484
4613,0.9456414797323889
4614,0.2839925226288863
4615,0.306965761511216
4616,0.9832743014561196
4617,1.132870916961826
4618,0.4905057064147973
4619,1.0382231404958677
4620,4.75309917355372
4621,1.4881444313262495
4622,1.535271546635183
4623,1.2937819756001574
4624,0.2602813852813853
4625,0.39674340810704445
4626,0.6346418732782368
4627,1.533598976780795
4628,0.532172373081464
4629,0.28891184573002754
4630,0.5242030696576151
4631,0.373573396300669
4632,0.09272924045651318
4633,0.05563754427390791
4634,1.298996458087367
4635,1.4920306965761512
4636,0.37849271940181034
4637,0.24114521841794567
4638,0.5043290043290043
4639,0.43973829201101927
4640,7.548848878394333
4641,2.5242030696576148
4642,1.393693427784337
4643,0.5870228256591893
4644,0.7447363242817788
4645,0.26647973238882333
4646,0.5584907516725699
4647,2.136658795749705
4648,1.7563459268004722
4649,0.9418044077134986
4650,1.5938606847697758
4651,1.1152597402597402
4652,1.429112554112554
4653,0.5709858323494688
4654,0.4332447855175128
4655,0.21620425029515938
4656,0.37411452184179456
4657,4.036009445100354
4658,2.629329004329004
4659,1.5915977961432506
4660,2.7724813065722156
4661,1.0900236127508856
4662,1.689836678473042
4663,1.8361865407319953
4664,0.8840515545061
4665,0.6734061393152302
4666,1.0533746556473829
4667,0.5598681621408894
4668,0.7014954742227469
4669,0.8670798898071626
4670,2.461284927194018
4671,1.6875245966155057
4672,0.4888331365604093
4673,0.44687131050767415
4674,0.878345139708776
4675,1.6264757969303423
4676,1.1140791027154664
4677,0.4897186147186147
4678,1.5011314443132626
4679,2.499508067689886
4680,1.831759149940968
4681,0.9454939000393545
4682,0.7368654073199528
4683,0.7294372294372294
4684,1.3173455332546242
4685,0.34149940968122783
4686,0.7309622195985832
4687,0.7386363636363636
4688,0.7517709563164109
4689,0.9859307359307359
4690,0.12982093663911845
4691,0.4821920503738686
4692,0.5454545454545454
4693,0.30362062180244
4694,0.6017316017316017
4695,0.39507083825265643
4696,0.9789944903581267
4697,0.9247835497835498
4698,5.242916174734357
4699,1.8592581660763479
4700,1.0616883116883116
4701,0.5349763872491144
4702,0.32629870129870125
4703,0.5935655253837071
4704,1.438164108618654
4705,2.181326249508068
4706,1.9002361275088546
4707,1.1651908697363242
4708,0.9283746556473829
4709,1.5654761904761905
4710,0.3919716646989374
4711,0.7926997245179064
4712,0.505608028335301
4713,0.45400432900432897
4714,0.16430539157811885
4715,6.043978748524204
4716,3.4881444313262495
4717,0.6942148760330579
4718,2.443772136953955
4719,1.9960153482880756
4720,1.2428177882723337
4721,2.4274891774891776
4722,1.1020267611176702
4723,0.5647874852420307
4724,0.1610094451003542
4725,0.6644037780401417
4726,0.9267020857929948
4727,4.077036599763872
4728,0.32974222746950016
4729,1.2482782369146006
4730,1.1866391184573004
4731,1.1637642660369933
4732,0.21044864226682408
4733,0.45124950806768993
4734,0.1418732782369146
4735,0.34031877213695394
4736,1.0988783943329397
4737,1.6681916568280204
4738,0.6045356158992523
4739,0.41484651711924436
4740,0.6756198347107438
4741,0.7152203856749311
4742,0.6615013774104683
4743,0.28856749311294766
4744,1.085547028728847
4745,0.46782762691853597
4746,0.6649449035812672
4747,0.18841007477371113
4748,0.0
4749,0.3894628099173554
4750,1.3752459661550571
4751,0.11609602518693427
4752,0.2177784336875246
4753,0.6238685556867375
4754,0.5413715072805982
4755,0.21846713892168437
4756,6.805588351042896
4757,2.096959858323495
4758,2.121556473829201
4759,2.2593959071231797
4760,1.5450609996064542
4761,0.6364128295946478
4762,0.8514856355765447
4763,2.20021645021645
4764,1.5666076347894529
4765,2.058293978748524
4766,1.1549586776859504
4767,1.718417945690673
4768,0.407172373081464
4769,0.7631345926800472
4770,0.7736127508854782
4771,0.7490161353797717
4772,0.404319165682802
4773,14.376820149547424
4774,3.5273514364423457
4775,1.8870523415977962
4776,3.843565525383707
4777,5.6086186540732
4778,1.9031385281385282
4779,0.9796340023612751
4780,2.231060606060606
4781,1.4642857142857144
4782,0.5867276662731208
4783,1.1430047225501772
4784,1.2785812672176309
4785,1.8458776072412435
4786,1.1441361668634396
4787,1.4718614718614718
4788,1.2627410468319558
4789,1.019775678866588
4790,0.8866587957497049
4791,1.3214285714285714
4792,1.3500098386462023
4793,0.35222353404171586
4794,2.160615899252263
4795,2.7078414010232192
4796,1.9475108225108224
4797,1.0553915781188508
4798,0.8662436048799684
4799,1.4242424242424243
4800,1.7578217237308147
4801,0.6754722550177096
4802,1.0522924045651318
4803,0.8679653679653679
4804,0.7784336875245965
4805,0.41204250295159384
4806,0.612012987012987
4807,0.3894628099173554
4808,1.3676702085792996
4809,0.23563557654466744
4810,0.686245572609209
4811,0.7139413616686344
4812,1.3973337268791814
4813,0.4789452971271153
4814,6.117522628886265
4815,4.1678964974419515
4816,2.724960645415191
4817,1.4189295552931918
4818,1.109012199921291
4819,0.8707201889020071
4820,1.128197560015742
4821,1.4084513970877608
4822,2.869047619047619
4823,1.7639708776072411
4824,0.8110979929161747
4825,1.7127115308933492
4826,0.3801160960251869
4827,1.0562770562770563
4828,0.7739571035025581
4829,0.7396694214876033
4830,0.2158107044470681
4831,8.280106257378984
4832,2.5016233766233764
4833,0.42355371900826444
4834,3.956168831168831
4835,5.211186540731996
4836,1.6269185360094451
4837,1.7773022432113341
4838,1.6739472648563558
4839,0.7998819362455726
4840,0.9918831168831168
4841,1.001082251082251
4842,1.2101534828807556
4843,2.2579201101928374
4844,1.361176702085793
4845,0.7839433293978749
4846,0.6988390397481307
4847,0.627754820936639
4848,0.637741046831956
4849,1.7870916961826053
4850,1.2526564344746163
4851,0.4318181818181818
4852,3.0472255017709564
4853,2.1269677292404565
4854,2.3762790240062968
4855,1.1078807556080283
4856,1.1140791027154664
4857,0.6079299488390397
4858,1.662091696182605
4859,0.8822314049586777
4860,1.70124950806769
4861,1.5844647776465959
4862,0.7648563557654466
4863,0.3762298307752853
4864,0.27818772136953956
4865,0.44510035419126326
4866,1.5751672569854387
4867,0.15249901613537975
4868,0.3283648170011806
4869,0.2926997245179063
4870,0.9997048406139315
4871,0.7900924832743015
4872,4.698051948051948
4873,5.124458874458875
4874,4.227961432506887
4875,1.552538370720189
4876,1.289452971271153
4877,0.7647087760724124
4878,0.7860586383313656
4879,8.28271349862259
4880,3.123327430145612
4881,2.6118654073199528
4882,0.77228453364817
4883,2.3053423848878394
4884,0.6169815033451397
4885,4.169323101141282
4886,0.9810606060606061
4887,1.1702085792994885
4888,0.8945297127115308
4889,15.347746950019676
4890,4.038124754033845
4891,2.6274104683195594
4892,3.6763085399449036
4893,4.033894136166864
4894,2.008461235733963
4895,2.614374262101535
4896,3.714630066902794
4897,1.3721467926013382
4898,0.29958677685950413
4899,1.4985242030696577
4900,0.8922176308539945
4901,4.29176505312869
4902,2.4146005509641872
4903,0.9152892561983471
4904,1.7757772530499802
4905,0.6885576544667453
4906,3.149744195198741
4907,2.122392758756395
4908,0.8032270759543487
4909,1.1125049193231011
4910,6.7895021645021645
4911,1.0352223534041716
4912,3.0405844155844157
4913,2.528581267217631
4914,2.0362062180244
4915,1.7006099960645416
4916,2.5006887052341598
4917,1.4060409287682016
4918,1.5866784730421095
4919,1.0123475009838647
4920,1.107979142070051
4921,0.6206218024399842
4922,0.3709169618260527
4923,0.6305588351042896
4924,2.518349075167257
4925,0.1415289256198347
4926,0.45129870129870125
4927,0.9803719008264463
4928,1.542306178669815
4929,0.0
4930,8.036058638331365
4931,2.189738292011019
4932,1.2783844942935851
4933,1.247245179063361
4934,1.834710743801653
4935,1.077331759149941
4936,0.8333333333333333
4937,3.1086186540731995
4938,2.6351338055883513
4939,2.135379771743408
4940,2.4341302636757183
4941,2.307506887052342
4942,0.5826446280991735
4943,0.8548799685163322
4944,1.6361668634395907
4945,0.8802144824872098
4946,0.20631641086186542
4947,16.19539551357733
4948,6.45405352223534
4949,1.1756198347107438
4950,5.665338449429358
4951,2.0901219992129083
4952,2.362160566706021
4953,1.72318968909878
4954,1.9854388036206219
4955,1.3793290043290045
4956,0.6524006296733569
4957,1.3568968909878
4958,0.748917748917749
4959,2.0397973238882328
4960,2.5757575757575757
4961,0.7757280598189689
4962,1.08461235733963
4963,0.2016430539157812
4964,0.9905057064147973
4965,0.6333628492719402
4966,0.3517807949626131
4967,0.6561393152302244
4968,2.137495080676899
4969,1.1289846517119244
4970,1.0842680047225501
4971,1.8331365604092875
4972,0.6968713105076741
4973,0.2676603699330972
4974,0.8557654466745376
4975,0.3001770956316411
4976,1.4289649744195199
4977,0.6919027941755215
4978,0.4291617473435655
4979,0.5989767807949626
4980,0.9087465564738292
4981,0.204004329004329
4982,2.6144726485635577
4983,2.1212613144431325
4984,0.23288075560802832
4985,0.388823297914207
4986,1.694116489571035
4987,0.1216056670602125
4988,7.3700806768988585
4989,2.342680047225502
4990,1.1732093663911844
4991,0.8518299881936245
4992,0.7061196379378197
4993,0.45459464777646597
4994,0.7225501770956316
4995,2.85655253837072
4996,1.9446084218811492
4997,2.0100354191263285
4998,1.6958382526564346
4999,0.6898366784730421
5000,2.2461137347500983
5001,0.3355470287288469
5002,0.460202676111767
5003,0.7756296733569461
5004,0.6876229830775284
5005,6.830578512396694
5006,3.5986324281778828
5007,1.9008264462809918
5008,2.073199527744982
5009,1.1605667060212514
5010,2.369047619047619
5011,1.5665584415584415
5012,0.5089531680440771
5013,0.7249114521841795
5014,1.394431326249508
5015,0.4165190869736324
5016,0.7070051160960251
5017,1.118900039354585
5018,2.30780204643841
5019,1.3606355765446674
5020,0.5700019677292405
5021,0.5040338449429358
5022,1.4799291617473436
5023,1.9365407319952777
5024,1.0520464384100747
5025,1.5661648957103502
5026,1.877607241243605
5027,1.954004329004329
5028,2.19219795356159
5029,1.127262888626525
5030,0.5038370720188902
5031,0.6414797323888233
5032,1.2652007083825265
5033,0.5447166469893743
5034,0.5437819756001574
5035,0.37431129476584024
5036,0.7742522628886266
5037,0.9740751672569854
5038,0.42655450609996065
5039,1.020021645021645
5040,1.2337170405352225
5041,0.45129870129870125
5042,1.1560409287682016
5043,0.33662927981109797
5044,1.502508854781582
5045,1.1053227075954348
5046,2.2218122786304604
5047,2.0221861471861473
5048,1.8782467532467533
5049,0.48086383313656045
5050,0.4817001180637544
5051,0.31916568280204644
5052,0.40859897678079493
5053,1.1648465171192444
5054,1.27228453364817
5055,0.8879378197560015
5056,1.2310114128295946
5057,0.7042994883903975
5058,0.7377508854781583
5059,0.41155057064147976
5060,0.47712514757969304
5061,0.22712514757969304
5062,0.39974419519874066
5063,3.8731798504525776
5064,1.5557359307359309
5065,1.115702479338843
5066,1.309818968909878
5067,1.3921192443919717
5068,1.5494391971664698
5069,1.5797914207005115
5070,0.3615702479338843
5071,0.48976780794962615
5072,1.25418142463597
5073,0.3816902794175522
5074,0.35694608421881147
5075,3.3044077134986223
5076,0.9893250688705234
5077,0.8963990554899646
5078,0.5979929161747344
5079,0.2936835891381346
5080,1.0454545454545454
5081,1.2167945690672963
5082,0.6341499409681228
5083,0.1775383707201889
5084,2.12987012987013
5085,1.557310114128296
5086,2.45124950806769
5087,0.7422274695001968
5088,0.6198839039748131
5089,0.5906631247540339
5090,0.9029417552144825
5091,0.5679850452577725
5092,0.6394628099173554
5093,0.4656631247540338
5094,0.6471369539551357
5095,0.6569264069264069
5096,0.09272924045651318
5097,0.612012987012987
5098,1.4920798898071626
5099,0.17379968516332153
5100,0.4018595041322314
5101,0.2528532073986619
5102,0.6465466351829988
5103,0.20405352223534043
5104,5.895070838252656
5105,3.033008658008658
5106,2.1681916568280206
5107,0.44150924832743016
5108,1.7238783943329397
5109,1.6106847697756788
5110,0.8915289256198347
5111,4.338941361668635
5112,2.1454151908697363
5113,2.0908598976780794
5114,1.2532959464777647
5115,1.0782172373081464
5116,2.4938016528925617
5117,0.29304407713498626
5118,0.8563557654466745
5119,0.332939787485242
5120,2.0265151515151514
5121,15.09720582447855
5122,2.9195198740653288
5123,1.9194214876033058
5124,4.243850846123573
5125,1.5235635576544668
5126,4.600157418339236
5127,0.9325068870523416
5128,1.1200806768988587
5129,1.2303719008264462
5130,1.201151121605667
5131,0.3536501377410468
5132,0.31685360094451004
5133,2.156729634002361
5134,3.0583431719795358
5135,0.3998917748917749
5136,0.3404171585989768
5137,0.23450413223140495
5138,1.6263774104683195
5139,0.7611176702085793
5140,1.3291027154663517
5141,0.19657615112160565
5142,4.7987996851633214
5143,1.9718122786304604
5144,1.5696084218811492
5145,1.8464679260133805
5146,1.1633707201889019
5147,0.3554702872884691
5148,0.7043978748524202
5149,0.2679063360881543
5150,0.4657615112160567
5151,0.44082054309327035
5152,0.66086186540732
5153,1.239964580873672
5154,0.18545848091302636
5155,0.1483667847304211
5156,1.5648858717040535
5157,1.323051948051948
5158,0.1717335694608422
5159,0.2542306178669815
5160,1.7009543486816214
5161,0.13739669421487605
5162,2.7310114128295946
5163,1.7296831955922864
5164,1.0448642266824084
5165,0.6677489177489178
5166,0.9907516725698544
5167,0.9084513970877608
5168,0.6478748524203071
5169,3.311688311688312
5170,1.53099173553719
5171,1.745720188902007
5172,1.3117375049193232
5173,1.2730716253443526
5174,0.44716646989374265
5175,0.3101633215269579
5176,0.5141184573002755
5177,0.21881149153876425
5178,0.37568870523415976
5179,10.17271743408107
5180,3.004083038173947
5181,1.9669421487603307
5182,3.001672569854388
5183,2.5090515545061
5184,1.5421094057457694
5185,1.4635970090515547
5186,1.6769972451790633
5187,0.7868457300275482
5188,1.1862947658402203
5189,0.7164502164502164
5190,0.26338055883510425
5191,2.0312868949232588
5192,2.131395120031484
5193,0.9456414797323889
5194,0.2839925226288863
5195,0.306965761511216
5196,0.9832743014561196
5197,1.132870916961826
5198,0.4905057064147973
5199,1.0382231404958677
5200,4.75309917355372
5201,1.4881444313262495
5202,1.535271546635183
5203,1.2937819756001574
5204,0.2602813852813853
5205,0.39674340810704445
5206,0.6346418732782368
5207,1.533598976780795
5208,0.532172373081464
5209,0.28891184573002754
5210,0.5242030696576151
5211,0.373573396300669
5212,0.09272924045651318
5213,0.05563754427390791
5214,1.298996458087367
5215,1.4920306965761512
5216,0.37849271940181034
5217,0.24114521841794567
5218,0.5043290043290043
5219,0.43973829201101927
5220,7.548848878394333
5221,2.5242030696576148
5222,1.393693427784337
5223,0.5870228256591893
5224,0.7447363242817788
5225,0.26647973238882333
5226,0.5584907516725699
5227,2.136658795749705
5228,1.7563459268004722
5229,0.9418044077134986
5230,1.5938606847697758
5231,1.1152597402597402
5232,1.429112554112554
5233,0.5709858323494688
5234,0.4332447855175128
5235,0.21620425029515938
5236,0.37411452184179456
5237,4.036009445100354
5238,2.629329004329004
5239,1.5915977961432506
5240,2.7724813065722156
5241,1.0900236127508856
5242,1.689836678473042
5243,1.8361865407319953
5244,0.8840515545061
5245,0.6734061393152302
5246,1.0533746556473829
5247,0.5598681621408894
5248,0.7014954742227469
5249,0.8670798898071626
5250,2.461284927194018
5251,1.6875245966155057
5252,0.4888331365604093
5253,0.44687131050767415
5254,0.878345139708776
5255,1.6264757969303423
5256,1.1140791027154664
5257,0.4897186147186147
5258,1.5011314443132626
5259,2.499508067689886
5260,1.831759149940968
5261,0.9454939000393545
5262,0.7368654073199528
5263,0.7294372294372294
5264,1.3173455332546242
5265,0.34149940968122783
5266,0.7309622195985832
5267,0.7386363636363636
5268,0.7517709563164109
5269,0.9859307359307359
5270,0.12982093663911845
5271,0.4821920503738686
5272,0.5454545454545454
5273,0.30362062180244
5274,0.6017316017316017
5275,0.39507083825265643
5276,0.9789944903581267
5277,0.9247835497835498
5278,5.242916174734357
5279,1.8592581660763479
5280,1.0616883116883116
5281,0.5349763872491144
5282,0.32629870129870125
5283,0.5935655253837071
5284,1.438164108618654
5285,2.181326249508068
5286,1.9002361275088546
5287,1.1651908697363242
5288,0.9283746556473829
5289,1.5654761904761905
5290,0.3919716646989374
5291,0.7926997245179064
5292,0.505608028335301
5293,0.45400432900432897
5294,0.16430539157811885
5295,6.043978748524204
5296,3.4881444313262495
5297,0.6942148760330579
5298,2.443772136953955
5299,1.9960153482880756
5300,1.2428177882723337
5301,2.4274891774891776
5302,1.1020267611176702
5303,0.5647874852420307
5304,0.1610094451003542
5305,0.6644037780401417
5306,0.9267020857929948
5307,4.077036599763872
5308,0.32974222746950016
5309,1.2482782369146006
5310,1.1866391184573004
5311,1.1637642660369933
5312,0.21044864226682408
5313,0.45124950806768993
5314,0.1418732782369146
5315,0.34031877213695394
5316,1.0988783943329397
5317,1.6681916568280204
5318,0.6045356158992523
5319,0.41484651711924436
5320,0.6756198347107438
5321,0.7152203856749311
5322,0.6615013774104683
5323,0.28856749311294766
5324,1.085547028728847
5325,0.46782762691853597
5326,0.6649449035812672
5327,0.18841007477371113
5328,0.0
5329,0.3894628099173554
5330,1.3752459661550571
5331,0.11609602518693427
5332,0.2177784336875246
5333,0.6238685556867375
5334,0.5413715072805982
5335,0.21846713892168437
5336,6.805588351042896
5337,2.096959858323495
5338,2.121556473829201
5339,2.2593959071231797
5340,1.5450609996064542
5341,0.6364128295946478
5342,0.8514856355765447
5343,2.20021645021645
5344,1.5666076347894529
5345,2.058293978748524
5346,1.1549586776859504
5347,1.718417945690673
5348,0.407172373081464
5349,0.7631345926800472
5350,0.7736127508854782
5351,0.7490161353797717
5352,0.404319165682802
5353,14.376820149547424
5354,3.5273514364423457
5355,1.8870523415977962
5356,3.843565525383707
5357,5.6086186540732
5358,1.9031385281385282
5359,0.9796340023612751
5360,2.231060606060606
5361,1.4642857142857144
5362,0.5867276662731208
5363,1.1430047225501772
5364,1.2785812672176309
5365,1.8458776072412435
5366,1.1441361668634396
5367,1.4718614718614718
5368,1.2627410468319558
5369,1.019775678866588
5370,0.8866587957497049
5371,1.3214285714285714
5372,1.3500098386462023
5373,0.35222353404171586
5374,2.160615899252263
5375,2.7078414010232192
5376,1.9475108225108224
5377,1.0553915781188508
5378,0.8662436048799684
5379,1.4242424242424243
5380,1.7578217237308147
5381,0.6754722550177096
5382,1.0522924045651318
5383,0.8679653679653679
5384,0.7784336875245965
5385,0.41204250295159384
5386,0.612012987012987
5387,0.3894628099173554
5388,1.3676702085792996
5389,0.23563557654466744
5390,0.686245572609209
5391,0.7139413616686344
5392,1.3973337268791814
5393,0.4789452971271153
5394,6.117522628886265
5395,4.1678964974419515
5396,2.724960645415191
5397,1.4189295552931918
5398,1.109012199921291
5399,0.8707201889020071
5400,1.128197560015742
5401,1.4084513970877608
5402,2.869047619047619
5403,1.7639708776072411
5404,0.8110979929161747
5405,1.7127115308933492
5406,0.3801160960251869
5407,1.0562770562770563
5408,0.7739571035025581
5409,0.7396694214876033
5410,0.2158107044470681
5411,8.280106257378984
5412,2.5016233766233764
5413,0.42355371900826444
5414,3.956168831168831
5415,5.211186540731996
5416,1.6269185360094451
5417,1.7773022432113341
5418,1.6739472648563558
5419,0.7998819362455726
5420,0.9918831168831168
5421,1.001082251082251
5422,1.2101534828807556
5423,2.2579201101928374
5424,1.361176702085793
5425,0.7839433293978749
5426,0.6988390397481307
5427,0.627754820936639
5428,0.637741046831956
5429,1.7870916961826053
5430,1.2526564344746163
5431,0.4318181818181818
5432,3.0472255017709564
5433,2.1269677292404565
5434,2.3762790240062968
5435,1.1078807556080283
5436,1.1140791027154664
5437,0.6079299488390397
5438,1.662091696182605
5439,0.8822314049586777
5440,1.70124950806769
5441,1.5844647776465959
5442,0.7648563557654466
5443,0.3762298307752853
5444,0.27818772136953956
5445,0.44510035419126326
5446,1.5751672569854387
5447,0.15249901613537975
5448,0.3283648170011806
5449,0.2926997245179063
5450,0.9997048406139315
5451,0.7900924832743015
5452,4.698051948051948
5453,5.124458874458875
5454,4.227961432506887
5455,1.552538370720189
5456,1.289452971271153
5457,0.7647087760724124
5458,0.7860586383313656
5459,8.28271349862259
5460,3.123327430145612
5461,2.6118654073199528
5462,0.77228453364817
5463,2.3053423848878394
5464,0.6169815033451397
5465,4.169323101141282
5466,0.9810606060606061
5467,1.1702085792994885
5468,0.8945297127115308
5469,15.347746950019676
5470,4.038124754033845
5471,2.6274104683195594
5472,3.6763085399449036
5473,4.033894136166864
5474,2.008461235733963
5475,2.614374262101535
5476,3.714630066902794
5477,1.3721467926013382
5478,0.29958677685950413
5479,1.4985242030696577
5480,0.8922176308539945
5481,4.29176505312869
5482,2.4146005509641872
5483,0.9152892561983471
5484,1.7757772530499802
5485,0.6885576544667453
5486,3.149744195198741
5487,2.122392758756395
5488,0.8032270759543487
5489,1.1125049193231011
5490,6.7895021645021645
5491,1.0352223534041716
5492,3.0405844155844157
5493,2.528581267217631
5494,2.0362062180244
5495,1.7006099960645416
5496,2.5006887052341598
5497,1.4060409287682016
5498,1.5866784730421095
5499,1.0123475009838647
5500,1.107979142070051
5501,0.6206218024399842
5502,0.3709169618260527
5503,0.6305588351042896
5504,2.518349075167257
5505,0.1415289256198347
5506,0.45129870129870125
5507,0.9803719008264463
5508,1.542306178669815
5509,0.0
5510,8.036058638331365
5511,2.189738292011019
5512,1.2783844942935851
5513,1.247245179063361
5514,1.834710743801653
5515,1.077331759149941
5516,0.8333333333333333
5517,3.1086186540731995
5518,2.6351338055883513
5519,2.135379771743408
5520,2.4341302636757183
5521,2.307506887052342
5522,0.5826446280991735
5523,0.8548799685163322
5524,1.6361668634395907
5525,0.8802144824872098
5526,0.20631641086186542
5527,16.19539551357733
5528,6.45405352223534
5529,1.1756198347107438
5530,5.665338449429358
5531,2.0901219992129083
5532,2.362160566706021
5533,1.72318968909878
5534,1.9854388036206219
5535,1.3793290043290045
5536,0.6524006296733569
5537,1.3568968909878
5538,0.748917748917749
5539,2.0397973238882328
5540,2.5757575757575757
5541,0.7757280598189689
5542,1.08461235733963
5543,0.2016430539157812
5544,0.9905057064147973
5545,0.6333628492719402
5546,0.3517807949626131
5547,0.6561393152302244
5548,2.137495080676899
5549,1.1289846517119244
5550,1.0842680047225501
5551,1.8331365604092875
5552,0.6968713105076741
5553,0.2676603699330972
5554,0.8557654466745376
5555,0.3001770956316411
5556,1.4289649744195199
5557,0.6919027941755215
5558,0.4291617473435655
5559,0.5989767807949626
5560,0.9087465564738292
5561,0.204004329004329
5562,2.6144726485635577
5563,2.1212613144431325
5564,0.23288075560802832
5565,0.388823297914207
5566,1.694116489571035
5567,0.1216056670602125
5568,7.3700806768988585
5569,2.342680047225502
5570,1.1732093663911844
5571,0.8518299881936245
5572,0.7061196379378197
5573,0.45459464777646597
5574,0.7225501770956316
5575,2.85655253837072
5576,1.9446084218811492
5577,2.0100354191263285
5578,1.6958382526564346
5579,0.6898366784730421
5580,2.2461137347500983
5581,0.3355470287288469
5582,0.460202676111767
5583,0.7756296733569461
5584,0.6876229830775284
5585,6.830578512396694
5586,3.5986324281778828
5587,1.9008264462809918
5588,2.073199527744982
5589,1.1605667060212514
5590,2.369047619047619
5591,1.5665584415584415
5592,0.5089531680440771
5593,0.7249114521841795
5594,1.394431326249508
5595,0.4165190869736324
5596,0.7070051160960251
5597,1.118900039354585
5598,2.30780204643841
5599,1.3606355765446674
5600,0.5700019677292405
5601,0.5040338449429358
5602,1.4799291617473436
5603,1.9365407319952777
5604,1.0520464384100747
5605,1.5661648957103502
5606,1.877607241243605
5607,1.954004329004329
5608,2.19219795356159
5609,1.127262888626525
5610,0.5038370720188902
5611,0.6414797323888233
5612,1.2652007083825265
5613,0.5447166469893743
5614,0.5437819756001574
5615,0.37431129476584024
5616,0.7742522628886266
5617,0.9740751672569854
5618,0.42655450609996065
5619,1.020021645021645
5620,1.2337170405352225
5621,0.45129870129870125
5622,1.1560409287682016
5623,0.33662927981109797
5624,1.502508854781582
5625,1.1053227075954348
5626,2.2218122786304604
5627,2.0221861471861473
5628,1.8782467532467533
5629,0.48086383313656045
5630,0.4817001180637544
5631,0.31916568280204644
5632,0.40859897678079493
5633,1.1648465171192444
5634,1.27228453364817
5635,0.8879378197560015
5636,1.2310114128295946
5637,0.7042994883903975
5638,0.7377508854781583
5639,0.41155057064147976
5640,0.47712514757969304
5641,0.22712514757969304
5642,0.39974419519874066
5643,3.8731798504525776
5644,1.5557359307359309
5645,1.115702479338843
5646,1.309818968909878
5647,1.3921192443919717
5648,1.5494391971664698
5649,1.5797914207005115
5650,0.3615702479338843
5651,0.48976780794962615
5652,1.25418142463597
5653,0.3816902794175522
5654,0.35694608421881147
5655,3.3044077134986223
5656,0.9893250688705234
5657,0.8963990554899646
5658,0.5979929161747344
5659,0.2936835891381346
5660,1.0454545454545454
5661,1.2167945690672963
5662,0.6341499409681228
5663,0.1775383707201889
5664,2.12987012987013
5665,1.557310114128296
5666,2.45124950806769
5667,0.7422274695001968
5668,0.6198839039748131
5669,0.5906631247540339
5670,0.9029417552144825
5671,0.5679850452577725
5672,0.6394628099173554
5673,0.4656631247540338
5674,0.6471369539551357
5675,0.6569264069264069
5676,0.09272924045651318
5677,0.612012987012987
5678,1.4920798898071626
5679,0.17379968516332153
5680,0.4018595041322314
5681,0.2528532073986619
5682,0.6465466351829988
5683,0.20405352223534043
5684,5.895070838252656
5685,3.033008658008658
5686,2.1681916568280206
5687,0.44150924832743016
5688,1.7238783943329397
5689,1.6106847697756788
5690,0.8915289256198347
5691,4.338941361668635
5692,2.1454151908697363
5693,2.0908598976780794
5694,1.2532959464777647
5695,1.0782172373081464
5696,2.4938016528925617
5697,0.29304407713498626
5698,0.8563557654466745
5699,0.332939787485242
5700,2.0265151515151514
5701,15.09720582447855
5702,2.9195198740653288
5703,1.9194214876033058
5704,4.243850846123573
5705,1.5235635576544668
5706,4.600157418339236
5707,0.9325068870523416
5708,1.1200806768988587
5709,1.2303719008264462
5710,1.201151121605667
5711,0.3536501377410468
5712,0.31685360094451004
5713,2.156729634002361
5714,3.0583431719795358
5715,0.3998917748917749
5716,0.3404171585989768
5717,0.23450413223140495
5718,1.6263774104683195
5719,0.7611176702085793
5720,1.3291027154663517
5721,0.19657615112160565
5722,4.7987996851633214
5723,1.9718122786304604
5724,1.5696084218811492
5725,1.8464679260133805
5726,1.1633707201889019
5727,0.3554702872884691
5728,0.7043978748524202
5729,0.2679063360881543
5730,0.4657615112160567
5731,0.44082054309327035
5732,0.66086186540732
5733,1.239964580873672
5734,0.18545848091302636
5735,0.1483667847304211
5736,1.5648858717040535
5737,1.323051948051948
5738,0.1717335694608422
5739,0.2542306178669815
5740,1.7009543486816214
5741,0.13739669421487605
5742,2.7310114128295946
5743,1.7296831955922864
5744,1.0448642266824084
5745,0.6677489177489178
5746,0.9907516725698544
5747,0.9084513970877608
5748,0.6478748524203071
5749,3.311688311688312
5750,1.53099173553719
5751,1.745720188902007
5752,1.3117375049193232
5753,1.2730716253443526
5754,0.44716646989374265
5755,0.3101633215269579
5756,0.5141184573002755
5757,0.21881149153876425
5758,0.37568870523415976
5759,10.17271743408107
5760,3.004083038173947
5761,1.9669421487603307
5762,3.001672569854388
5763,2.5090515545061
5764,1.5421094057457694
5765,1.4635970090515547
5766,1.6769972451790633
5767,0.7868457300275482
5768,1.1862947658402203
5769,0.7164502164502164
5770,0.26338055883510425
5771,2.0312868949232588
5772,2.131395120031484
5773,0.9456414797323889
5774,0.2839925226288863
5775,0.306965761511216
5776,0.9832743014561196
5777,1.132870916961826
5778,0.4905057064147973
5779,1.0382231404958677
5780,4.75309917355372
5781,1.4881444313262495
5782,1.535271546635183
5783,1.2937819756001574
5784,0.2602813852813853
5785,0.39674340810704445
5786,0.6346418732782368
5787,1.533598976780795
5788,0.532172373081464
5789,0.28891184573002754
5790,0.5242030696576151
5791,0.373573396300669
5792,0.09272924045651318
5793,0.05563754427390791
5794,1.298996458087367
5795,1.4920306965761512
5796,0.37849271940181034
5797,0.24114521841794567
5798,0.5043290043290043
5799,0.43973829201101927
5800,7.548848878394333
5801,2.5242030696576148
5802,1.393693427784337
5803,0.5870228256591893
5804,0.7447363242817788
5805,0.26647973238882333
5806,0.5584907516725699
5807,2.136658795749705
5808,1.7563459268004722
5809,0.9418044077134986
5810,1.5938606847697758
5811,1.1152597402597402
5812,1.429112554112554
5813,0.5709858323494688
5814,0.4332447855175128
5815,0.21620425029515938
5816,0.37411452184179456
5817,4.036009445100354
5818,2.629329004329004
5819,1.5915977961432506
5820,2.7724813065722156
5821,1.0900236127508856
5822,1.689836678473042
5823,1.8361865407319953
5824,0.8840515545061
5825,0.6734061393152302
5826,1.0533746556473829
5827,0.5598681621408894
5828,0.7014954742227469
5829,0.8670798898071626
5830,2.461284927194018
5831,1.6875245966155057
5832,0.4888331365604093
5833,0.44687131050767415
5834,0.878345139708776
5835,1.6264757969303423
5836,1.1140791027154664
5837,0.4897186147186147
5838,1.5011314443132626
5839,2.499508067689886
5840,1.831759149940968
5841,0.9454939000393545
5842,0.7368654073199528
5843,0.7294372294372294
5844,1.3173455332546242
5845,0.34149940968122783
5846,0.7309622195985832
5847,0.7386363636363636
5848,0.7517709563164109
5849,0.9859307359307359
5850,0.12982093663911845
5851,0.4821920503738686
5852,0.5454545454545454
5853,0.30362062180244
5854,0.6017316017316017
5855,0.39507083825265643
5856,0.9789944903581267
5857,0.9247835497835498
5858,5.242916174734357
5859,1.8592581660763479
5860,1.0616883116883116
5861,0.5349763872491144
5862,0.32629870129870125
5863,0.5935655253837071
5864,1.438164108618654
5865,2.181326249508068
5866,1.9002361275088546
5867,1.1651908697363242
5868,0.9283746556473829
5869,1.5654761904761905
5870,0.3919716646989374
5871,0.7926997245179064
5872,0.505608028335301
5873,0.45400432900432897
5874,0.16430539157811885
5875,6.043978748524204
5876,3.4881444313262495
5877,0.6942148760330579
5878,2.443772136953955
5879,1.9960153482880756
5880,1.2428177882723337
5881,2.4274891774891776
5882,1.1020267611176702
5883,0.5647874852420307
5884,0.1610094451003542
5885,0.6644037780401417
5886,0.9267020857929948
5887,4.077036599763872
5888,0.32974222746950016
5889,1.2482782369146006
5890,1.1866391184573004
5891,1.1637642660369933
5892,0.21044864226682408
5893,0.45124950806768993
5894,0.1418732782369146
5895,0.34031877213695394
5896,1.0988783943329397
5897,1.6681916568280204
5898,0.6045356158992523
5899,0.41484651711924436
5900,0.6756198347107438
5901,0.7152203856749311
5902,0.6615013774104683
5903,0.28856749311294766
5904,1.085547028728847
5905,0.46782762691853597
5906,0.6649449035812672
5907,0.18841007477371113
5908,0.0
5909,0.3894628099173554
5910,1.3752459661550571
5911,0.11609602518693427
5912,0.2177784336875246
5913,0.6238685556867375
5914,0.5413715072805982
5915,0.21846713892168437
5916,6.805588351042896
5917,2.096959858323495
5918,2.121556473829201
5919,2.2593959071231797
5920,1.5450609996064542
5921,0.6364128295946478
5922,0.8514856355765447
5923,2.20021645021645
5924,1.5666076347894529
5925,2.058293978748524
5926,1.1549586776859504
5927,1.718417945690673
5928,0.407172373081464
5929,0.7631345926800472
5930,0.7736127508854782
5931,0.7490161353797717
5932,0.404319165682802
5933,14.376820149547424
5934,3.5273514364423457
5935,1.8870523415977962
5936,3.843565525383707
5937,5.6086186540732
5938,1.9031385281385282
5939,0.9796340023612751
5940,2.231060606060606
5941,1.4642857142857144
5942,0.5867276662731208
5943,1.1430047225501772
5944,1.2785812672176309
5945,1.8458776072412435
5946,1.1441361668634396
5947,1.4718614718614718
5948,1.2627410468319558
5949,1.019775678866588
5950,0.8866587957497049
5951,1.3214285714285714
5952,1.3500098386462023
5953,0.35222353404171586
5954,2.160615899252263
5955,2.7078414010232192
5956,1.9475108225108224
5957,1.0553915781188508
5958,0.8662436048799684
5959,1.4242424242424243
5960,1.7578217237308147
5961,0.6754722550177096
5962,1.0522924045651318
5963,0.8679653679653679
5964,0.7784336875245965
5965,0.41204250295159384
5966,0.612012987012987
5967,0.3894628099173554
5968,1.3676702085792996
5969,0.23563557654466744
5970,0.686245572609209
5971,0.7139413616686344
5972,1.3973337268791814
5973,0.4789452971271153
5974,6.117522628886265
5975,4.1678964974419515
5976,2.724960645415191
5977,1.4189295552931918
5978,1.109012199921291
5979,0.8707201889020071
5980,1.128197560015742
5981,1.4084513970877608
5982,2.869047619047619
5983,1.7639708776072411
5984,0.8110979929161747
5985,1.7127115308933492
5986,0.3801160960251869
5987,1.0562770562770563
5988,0.7739571035025581
5989,0.7396694214876033
5990,0.2158107044470681
5991,8.280106257378984
5992,2.5016233766233764
5993,0.42355371900826444
5994,3.956168831168831
5995,5.211186540731996
5996,1.6269185360094451
5997,1.7773022432113341
5998,1.6739472648563558
5999,0.7998819362455726
6000,0.9918831168831168
6001,1.001082251082251
6002,1.2101534828807556
6003,2.2579201101928374
6004,1.361176702085793
6005,0.7839433293978749
6006,0.6988390397481307
6007,0.627754820936639
6008,0.637741046831956
6009,1.7870916961826053
6010,1.2526564344746163
6011,0.4318181818181818
6012,3.0472255017709564
6013,2.1269677292404565
6014,2.3762790240062968
6015,1.1078807556080283
6016,1.1140791027154664
6017,0.6079299488390397
6018,1.662091696182605
6019,0.8822314049586777
6020,1.70124950806769
6021,1.5844647776465959
6022,0.7648563557654466
6023,0.3762298307752853
6024,0.27818772136953956
6025,0.44510035419126326
6026,1.5751672569854387
6027,0.15249901613537975
6028,0.3283648170011806
6029,0.2926997245179063
6030,0.9997048406139315
6031,0.7900924832743015
6032,4.698051948051948
6033,5.124458874458875
6034,4.227961432506887
6035,1.552538370720189
6036,1.289452971271153
6037,0.7647087760724124
6038,0.7860586383313656
6039,8.28271349862259
6040,3.123327430145612
6041,2.6118654073199528
6042,0.77228453364817
6043,2.3053423848878394
6044,0.6169815033451397
6045,4.169323101141282
6046,0.9810606060606061
6047,1.1702085792994885
6048,0.8945297127115308
6049,15.347746950019676
6050,4.038124754033845
6051,2.6274104683195594
6052,3.6763085399449036
6053,4.033894136166864
6054,2.008461235733963
6055,2.614374262101535
6056,3.714630066902794
6057,1.3721467926013382
6058,0.29958677685950413
6059,1.4985242030696577
6060,0.8922176308539945
6061,4.29176505312869
6062,2.4146005509641872
6063,0.9152892561983471
6064,1.7757772530499802
6065,0.6885576544667453
6066,3.149744195198741
6067,2.122392758756395
6068,0.8032270759543487
6069,1.1125049193231011
6070,6.7895021645021645
6071,1.0352223534041716
6072,3.0405844155844157
6073,2.528581267217631
6074,2.0362062180244
6075,1.7006099960645416
6076,2.5006887052341598
6077,1.4060409287682016
6078,1.5866784730421095
6079,1.0123475009838647
6080,1.107979142070051
6081,0.6206218024399842
6082,0.3709169618260527
6083,0.6305588351042896
6084,2.518349075167257
6085,0.1415289256198347
6086,0.45129870129870125
6087,0.9803719008264463
6088,1.542306178669815
6089,0.0
6090,8.036058638331365
6091,2.189738292011019
6092,1.2783844942935851
6093,1.247245179063361
6094,1.834710743801653
6095,1.077331759149941
6096,0.8333333333333333
6097,3.1086186540731995
6098,2.6351338055883513
6099,2.135379771743408
6100,2.4341302636757183
6101,2.307506887052342
6102,0.5826446280991735
6103,0.8548799685163322
6104,1.6361668634395907
6105,0.8802144824872098
6106,0.20631641086186542
6107,16.19539551357733
6108,6.45405352223534
6109,1.1756198347107438
6110,5.665338449429358
6111,2.0901219992129083
6112,2.362160566706021
6113,1.72318968909878
6114,1.9854388036206219
6115,1.3793290043290045
6116,0.6524006296733569
6117,1.3568968909878
6118,0.748917748917749
6119,2.0397973238882328
6120,2.5757575757575757
6121,0.7757280598189689
6122,1.08461235733963
6123,0.2016430539157812
6124,0.9905057064147973
6125,0.6333628492719402
6126,0.3517807949626131
6127,0.6561393152302244
6128,2.137495080676899
6129,1.1289846517119244
6130,1.0842680047225501
6131,1.8331365604092875
6132,0.6968713105076741
6133,0.2676603699330972
6134,0.8557654466745376
6135,0.3001770956316411
6136,1.4289649744195199
6137,0.6919027941755215
6138,0.4291617473435655
6139,0.5989767807949626
6140,0.9087465564738292
6141,0.204004329004329
6142,2.6144726485635577
6143,2.1212613144431325
6144,0.23288075560802832
6145,0.388823297914207
6146,1.694116489571035
6147,0.1216056670602125
6148,7.3700806768988585
6149,2.342680047225502
6150,1.1732093663911844
6151,0.8518299881936245
6152,0.7061196379378197
6153,0.45459464777646597
6154,0.7225501770956316
6155,2.85655253837072
6156,1.9446084218811492
6157,2.0100354191263285
6158,1.6958382526564346
6159,0.6898366784730421
6160,2.2461137347500983
6161,0.3355470287288469
6162,0.460202676111767
6163,0.7756296733569461
6164,0.6876229830775284
6165,6.830578512396694
6166,3.5986324281778828
6167,1.9008264462809918
6168,2.073199527744982
6169,1.1605667060212514
6170,2.369047619047619
6171,1.5665584415584415
6172,0.5089531680440771
6173,0.7249114521841795
6174,1.394431326249508
6175,0.4165190869736324
6176,0.7070051160960251
6177,1.118900039354585
6178,2.30780204643841
6179,1.3606355765446674
6180,0.5700019677292405
6181,0.5040338449429358
6182,1.4799291617473436
6183,1.9365407319952777
6184,1.0520464384100747
6185,1.5661648957103502
6186,1.877607241243605
6187,1.954004329004329
6188,2.19219795356159
6189,1.127262888626525
6190,0.5038370720188902
6191,0.6414797323888233
6192,1.2652007083825265
6193,0.5447166469893743
6194,0.5437819756001574
6195,0.37431129476584024
6196,0.7742522628886266
6197,0.9740751672569854
6198,0.42655450609996065
6199,1.020021645021645
6200,1.2337170405352225
6201,0.45129870129870125
6202,1.1560409287682016
6203,0.33662927981109797
6204,1.502508854781582
6205,1.1053227075954348
6206,2.2218122786304604
6207,2.0221861471861473
6208,1.8782467532467533
6209,0.48086383313656045
6210,0.4817001180637544
6211,0.31916568280204644
6212,0.40859897678079493
6213,1.1648465171192444
6214,1.27228453364817
6215,0.8879378197560015
6216,1.2310114128295946
6217,0.7042994883903975
6218,0.7377508854781583
6219,0.41155057064147976
6220,0.47712514757969304
6221,0.22712514757969304
6222,0.39974419519874066
6223,3.8731798504525776
6224,1.5557359307359309
6225,1.115702479338843
6226,1.309818968909878
6227,1.3921192443919717
6228,1.5494391971664698
6229,1.5797914207005115
6230,0.3615702479338843
6231,0.48976780794962615
6232,1.25418142463597
6233,0.3816902794175522
6234,0.35694608421881147
6235,3.3044077134986223
6236,0.9893250688705234
6237,0.8963990554899646
6238,0.5979929161747344
6239,0.2936835891381346
6240,1.0454545454545454
6241,1.2167945690672963
6242,0.6341499409681228
6243,0.1775383707201889
6244,2.12987012987013
6245,1.557310114128296
6246,2.45124950806769
6247,0.7422274695001968
6248,0.6198839039748131
6249,0.5906631247540339
6250,0.9029417552144825
6251,0.5679850452577725
6252,0.6394628099173554
6253,0.4656631247540338
6254,0.6471369539551357
6255,0.6569264069264069
6256,0.09272924045651318
6257,0.612012987012987
6258,1.4920798898071626
6259,0.17379968516332153
6260,0.4018595041322314
6261,0.2528532073986619
6262,0.6465466351829988
6263,0.20405352223534043
6264,5.895070838252656
6265,3.033008658008658
6266,2.1681916568280206
6267,0.44150924832743016
6268,1.7238783943329397
6269,1.6106847697756788
6270,0.8915289256198347
6271,4.338941361668635
6272,2.1454151908697363
6273,2.0908598976780794
6274,1.2532959464777647
6275,1.0782172373081464
6276,2.4938016528925617
6277,0.29304407713498626
6278,0.8563557654466745
6279,0.332939787485242
6280,2.0265151515151514
6281,15.09720582447855
6282,2.9195198740653288
6283,1.9194214876033058
6284,4.243850846123573
6285,1.5235635576544668
6286,4.600157418339236
6287,0.9325068870523416
6288,1.1200806768988587
6289,1.2303719008264462
6290,1.201151121605667
6291,0.3536501377410468
6292,0.31685360094451004
6293,2.156729634002361
6294,3.0583431719795358
6295,0.3998917748917749
6296,0.3404171585989768
6297,0.23450413223140495
6298,1.6263774104683195
6299,0.7611176702085793
6300,1.3291027154663517
6301,0.19657615112160565
6302,4.7987996851633214
6303,1.9718122786304604
6304,1.5696084218811492
6305,1.8464679260133805
6306,1.1633707201889019
6307,0.3554702872884691
6308,0.7043978748524202
6309,0.2679063360881543
6310,0.4657615112160567
6311,0.44082054309327035
6312,0.66086186540732
6313,1.239964580873672
6314,0.18545848091302636
6315,0.1483667847304211
6316,1.5648858717040535
6317,1.323051948051948
6318,0.1717335694608422
6319,0.2542306178669815
6320,1.7009543486816214
6321,0.13739669421487605
6322,2.7310114128295946
6323,1.7296831955922864
6324,1.0448642266824084
6325,0.6677489177489178
6326,0.9907516725698544
6327,0.9084513970877608
6328,0.6478748524203071
6329,3.311688311688312
6330,1.53099173553719
6331,1.745720188902007
6332,1.3117375049193232
6333,1.2730716253443526
6334,0.44716646989374265
6335,0.3101633215269579
6336,0.5141184573002755
6337,0.21881149153876425
6338,0.37568870523415976
6339,10.17271743408107
6340,3.004083038173947
6341,1.9669421487603307
6342,3.001672569854388
6343,2.5090515545061
6344,1.5421094057457694
6345,1.4635970090515547
6346,1.6769972451790633
6347,0.7868457300275482
6348,1.1862947658402203
6349,0.7164502164502164
6350,0.26338055883510425
6351,2.0312868949232588
6352,2.131395120031484
6353,0.9456414797323889
6354,0.2839925226288863
6355,0.306965761511216
6356,0.9832743014561196
6357,1.132870916961826
6358,0.4905057064147973
6359,1.0382231404958677
6360,4.75309917355372
6361,1.4881444313262495
6362,1.535271546635183
6363,1.2937819756001574
6364,0.2602813852813853
6365,0.39674340810704445
6366,0.6346418732782368
6367,1.533598976780795
6368,0.532172373081464
6369,0.28891184573002754
6370,0.5242030696576151
6371,0.373573396300669
6372,0.09272924045651318
6373,0.05563754427390791
6374,1.298996458087367
6375,1.4920306965761512
6376,0.37849271940181034
6377,0.24114521841794567
6378,0.5043290043290043
6379,0.43973829201101927
6380,7.548848878394333
6381,2.5242030696576148
6382,1.393693427784337
6383,0.5870228256591893
6384,0.7447363242817788
6385,0.26647973238882333
6386,0.5584907516725699
6387,2.136658795749705
6388,1.7563459268004722
6389,0.9418044077134986
6390,1.5938606847697758
6391,1.1152597402597402
6392,1.429112554112554
6393,0.5709858323494688
6394,0.4332447855175128
6395,0.21620425029515938
6396,0.37411452184179456
6397,4.036009445100354
6398,2.629329004329004
6399,1.5915977961432506
6400,2.7724813065722156
6401,1.0900236127508856
6402,1.689836678473042
6403,1.8361865407319953
6404,0.8840515545061
6405,0.6734061393152302
6406,1.0533746556473829
6407,0.5598681621408894
6408,0.7014954742227469
6409,0.8670798898071626
6410,2.461284927194018
6411,1.6875245966155057
6412,0.4888331365604093
6413,0.44687131050767415
6414,0.878345139708776
6415,1.6264757969303423
6416,1.1140791027154664
6417,0.4897186147186147
6418,1.5011314443132626
6419,2.499508067689886
6420,1.831759149940968
6421,0.9454939000393545
6422,0.7368654073199528
6423,0.7294372294372294
6424,1.3173455332546242
6425,0.34149940968122783
6426,0.7309622195985832
6427,0.7386363636363636
6428,0.7517709563164109
6429,0.9859307359307359
6430,0.12982093663911845
6431,0.4821920503738686
6432,0.5454545454545454
6433,0.30362062180244
6434,0.6017316017316017
6435,0.39507083825265643
6436,0.9789944903581267
6437,0.9247835497835498
6438,5.242916174734357
6439,1.8592581660763479
6440,1.0616883116883116
6441,0.5349763872491144
6442,0.32629870129870125
6443,0.5935655253837071
6444,1.438164108618654
6445,2.181326249508068
6446,1.9002361275088546
6447,1.1651908697363242
6448,0.9283746556473829
6449,1.5654761904761905
6450,0.3919716646989374
6451,0.7926997245179064
6452,0.505608028335301
6453,0.45400432900432897
6454,0.16430539157811885
6455,6.043978748524204
6456,3.4881444313262495
6457,0.6942148760330579
6458,2.443772136953955
6459,1.9960153482880756
6460,1.2428177882723337
6461,2.4274891774891776
6462,1.1020267611176702
6463,0.5647874852420307
6464,0.1610094451003542
6465,0.6644037780401417
6466,0.9267020857929948
6467,4.077036599763872
6468,0.32974222746950016
6469,1.2482782369146006
6470,1.1866391184573004
6471,1.1637642660369933
6472,0.21044864226682408
6473,0.45124950806768993
6474,0.1418732782369146
6475,0.34031877213695394
6476,1.0988783943329397
6477,1.6681916568280204
6478,0.6045356158992523
6479,0.41484651711924436
6480,0.6756198347107438
6481,0.7152203856749311
6482,0.6615013774104683
6483,0.28856749311294766
6484,1.085547028728847
6485,0.46782762691853597
6486,0.6649449035812672
6487,0.18841007477371113
6488,0.0
6489,0.3894628099173554
6490,1.3752459661550571
6491,0.11609602518693427
6492,0.2177784336875246
6493,0.6238685556867375
6494,0.5413715072805982
6495,0.21846713892168437
6496,6.805588351042896
6497,2.096959858323495
6498,2.121556473829201
6499,2.2593959071231797
6500,1.5450609996064542
6501,0.6364128295946478
6502,0.8514856355765447
6503,2.20021645021645
6504,1.5666076347894529
6505,2.058293978748524
6506,1.1549586776859504
6507,1.718417945690673
6508,0.407172373081464
6509,0.7631345926800472
6510,0.7736127508854782
6511,0.7490161353797717
6512,0.404319165682802
6513,14.376820149547424
6514,3.5273514364423457
6515,1.8870523415977962
6516,3.843565525383707
6517,5.6086186540732
6518,1.9031385281385282
6519,0.9796340023612751
6520,2.231060606060606
6521,1.4642857142857144
6522,0.5867276662731208
6523,1.1430047225501772
6524,1.2785812672176309
6525,1.8458776072412435
6526,1.1441361668634396
6527,1.4718614718614718
6528,1.2627410468319558
6529,1.019775678866588
6530,0.8866587957497049
6531,1.3214285714285714
6532,1.3500098386462023
6533,0.35222353404171586
6534,2.160615899252263
6535,2.7078414010232192
6536,1.9475108225108224
6537,1.0553915781188508
6538,0.8662436048799684
6539,1.4242424242424243
6540,1.7578217237308147
6541,0.6754722550177096
6542,1.0522924045651318
6543,0.8679653679653679
6544,0.7784336875245965
6545,0.41204250295159384
6546,0.612012987012987
6547,0.3894628099173554
6548,1.3676702085792996
6549,0.23563557654466744
6550,0.686245572609209
6551,0.7139413616686344
6552,1.3973337268791814
6553,0.4789452971271153
6554,6.117522628886265
6555,4.1678964974419515
6556,2.724960645415191
6557,1.4189295552931918
6558,1.109012199921291
6559,0.8707201889020071
6560,1.128197560015742
6561,1.4084513970877608
6562,2.869047619047619
6563,1.7639708776072411
6564,0.8110979929161747
6565,1.7127115308933492
6566,0.3801160960251869
6567,1.0562770562770563
6568,0.7739571035025581
6569,0.7396694214876033
6570,0.2158107044470681
6571,8.280106257378984
6572,2.5016233766233764
6573,0.42355371900826444
6574,3.956168831168831
6575,5.211186540731996
6576,1.6269185360094451
6577,1.7773022432113341
6578,1.6739472648563558
6579,0.7998819362455726
6580,0.9918831168831168
6581,1.001082251082251
6582,1.2101534828807556
6583,2.2579201101928374
6584,1.361176702085793
6585,0.7839433293978749
6586,0.6988390397481307
6587,0.627754820936639
6588,0.637741046831956
6589,1.7870916961826053
6590,1.2526564344746163
6591,0.4318181818181818
6592,3.0472255017709564
6593,2.1269677292404565
6594,2.3762790240062968
6595,1.1078807556080283
6596,1.1140791027154664
6597,0.6079299488390397
6598,1.662091696182605
6599,0.8822314049586777
6600,1.70124950806769
6601,1.5844647776465959
6602,0.7648563557654466
6603,0.3762298307752853
6604,0.27818772136953956
6605,0.44510035419126326
6606,1.5751672569854387
6607,0.15249901613537975
6608,0.3283648170011806
6609,0.2926997245179063
6610,0.9997048406139315
6611,0.7900924832743015
6612,4.698051948051948
6613,5.124458874458875
6614,4.227961432506887
6615,1.552538370720189
6616,1.289452971271153
6617,0.7647087760724124
6618,0.7860586383313656
6619,8.28271349862259
6620,3.123327430145612
6621,2.6118654073199528
6622,0.77228453364817
6623,2.3053423848878394
6624,0.6169815033451397
6625,4.169323101141282
6626,0.9810606060606061
6627,1.1702085792994885
6628,0.8945297127115308
6629,15.347746950019676
6630,4.038124754033845
6631,2.6274104683195594
6632,3.6763085399449036
6633,4.033894136166864
6634,2.008461235733963
6635,2.614374262101535
6636,3.714630066902794
6637,1.3721467926013382
6638,0.29958677685950413
6639,1.4985242030696577
6640,0.8922176308539945
6641,4.29176505312869
6642,2.4146005509641872
6643,0.9152892561983471
6644,1.7757772530499802
6645,0.6885576544667453
6646,3.149744195198741
6647,2.122392758756395
6648,0.8032270759543487
6649,1.1125049193231011
6650,6.7895021645021645
6651,1.0352223534041716
6652,3.0405844155844157
6653,2.528581267217631
6654,2.0362062180244
6655,1.7006099960645416
6656,2.5006887052341598
6657,1.4060409287682016
6658,1.5866784730421095
6659,1.0123475009838647
6660,1.107979142070051
6661,0.6206218024399842
6662,0.3709169618260527
6663,0.6305588351042896
6664,2.518349075167257
6665,0.1415289256198347
6666,0.45129870129870125
6667,0.9803719008264463
6668,1.542306178669815
6669,0.0
6670,8.036058638331365
6671,2.189738292011019
6672,1.2783844942935851
6673,1.247245179063361
6674,1.834710743801653
6675,1.077331759149941
6676,0.8333333333333333
6677,3.1086186540731995
6678,2.6351338055883513
6679,2.135379771743408
6680,2.4341302636757183
6681,2.307506887052342
6682,0.5826446280991735
6683,0.8548799685163322
6684,1.6361668634395907
6685,0.8802144824872098
6686,0.20631641086186542
6687,16.19539551357733
6688,6.45405352223534
6689,1.1756198347107438
6690,5.665338449429358
6691,2.0901219992129083
6692,2.362160566706021
6693,1.72318968909878
6694,1.9854388036206219
6695,1.3793290043290045
6696,0.6524006296733569
6697,1.3568968909878
6698,0.748917748917749
6699,2.0397973238882328
6700,2.5757575757575757
6701,0.7757280598189689
6702,1.08461235733963
6703,0.2016430539157812
6704,0.9905057064147973
6705,0.6333628492719402
6706,0.3517807949626131
6707,0.6561393152302244
6708,2.137495080676899
6709,1.1289846517119244
6710,1.0842680047225501
6711,1.8331365604092875
6712,0.6968713105076741
6713,0.2676603699330972
6714,0.8557654466745376
6715,0.3001770956316411
6716,1.4289649744195199
6717,0.6919027941755215
6718,0.4291617473435655
6719,0.5989767807949626
6720,0.9087465564738292
6721,0.204004329004329
6722,2.6144726485635577
6723,2.1212613144431325
6724,0.23288075560802832
6725,0.388823297914207
6726,1.694116489571035
6727,0.1216056670602125
6728,7.3700806768988585
6729,2.342680047225502
6730,1.1732093663911844
6731,0.8518299881936245
6732,0.7061196379378197
6733,0.45459464777646597
6734,0.7225501770956316
6735,2.85655253837072
6736,1.9446084218811492
6737,2.0100354191263285
6738,1.6958382526564346
6739,0.6898366784730421
6740,2.2461137347500983
6741,0.3355470287288469
6742,0.460202676111767
6743,0.7756296733569461
6744,0.6876229830775284
6745,6.830578512396694
6746,3.5986324281778828
6747,1.9008264462809918
6748,2.073199527744982
6749,1.1605667060212514
6750,2.369047619047619
6751,1.5665584415584415
6752,0.5089531680440771
6753,0.7249114521841795
6754,1.394431326249508
6755,0.4165190869736324
6756,0.7070051160960251
6757,1.118900039354585
6758,2.30780204643841
6759,1.3606355765446674
6760,0.5700019677292405
6761,0.5040338449429358
6762,1.4799291617473436
6763,1.9365407319952777
6764,1.0520464384100747
6765,1.5661648957103502
6766,1.877607241243605
6767,1.954004329004329
6768,2.19219795356159
6769,1.127262888626525
6770,0.5038370720188902
6771,0.6414797323888233
6772,1.2652007083825265
6773,0.5447166469893743
6774,0.5437819756001574
6775,0.37431129476584024
6776,0.7742522628886266
6777,0.9740751672569854
6778,0.42655450609996065
6779,1.020021645021645
6780,1.2337170405352225
6781,0.45129870129870125
6782,1.1560409287682016
6783,0.33662927981109797
6784,1.502508854781582
6785,1.1053227075954348
6786,2.2218122786304604
6787,2.0221861471861473
6788,1.8782467532467533
6789,0.48086383313656045
6790,0.4817001180637544
6791,0.31916568280204644
6792,0.40859897678079493
6793,1.1648465171192444
6794,1.27228453364817
6795,0.8879378197560015
6796,1.2310114128295946
6797,0.7042994883903975
6798,0.7377508854781583
6799,0.41155057064147976
6800,0.47712514757969304
6801,0.22712514757969304
6802,0.39974419519874066
6803,3.8731798504525776
6804,1.5557359307359309
6805,1.115702479338843
6806,1.309818968909878
6807,1.3921192443919717
6808,1.5494391971664698
6809,1.5797914207005115
6810,0.3615702479338843
6811,0.48976780794962615
6812,1.25418142463597
6813,0.3816902794175522
6814,0.35694608421881147
6815,3.3044077134986223
6816,0.9893250688705234
6817,0.8963990554899646
6818,0.5979929161747344
6819,0.2936835891381346
6820,1.0454545454545454
6821,1.2167945690672963
6822,0.6341499409681228
6823,0.1775383707201889
6824,2.12987012987013
6825,1.557310114128296
6826,2.45124950806769
6827,0.7422274695001968
6828,0.6198839039748131
6829,0.5906631247540339
6830,0.9029417552144825
6831,0.5679850452577725
6832,0.6394628099173554
6833,0.4656631247540338
6834,0.6471369539551357
6835,0.6569264069264069
6836,0.09272924045651318
6837,0.612012987012987
6838,1.4920798898071626
6839,0.17379968516332153
6840,0.4018595041322314
6841,0.2528532073986619
6842,0.6465466351829988
6843,0.20405352223534043
6844,5.895070838252656
6845,3.033008658008658
6846,2.1681916568280206
6847,0.44150924832743016
6848,1.7238783943329397
6849,1.6106847697756788
6850,0.8915289256198347
6851,4.338941361668635
6852,2.1454151908697363
6853,2.0908598976780794
6854,1.2532959464777647
6855,1.0782172373081464
6856,2.4938016528925617
6857,0.29304407713498626
6858,0.8563557654466745
6859,0.332939787485242
6860,2.0265151515151514
6861,15.09720582447855
6862,2.9195198740653288
6863,1.9194214876033058
6864,4.243850846123573
6865,1.5235635576544668
6866,4.600157418339236
6867,0.9325068870523416
6868,1.1200806768988587
6869,1.2303719008264462
6870,1.201151121605667
6871,0.3536501377410468
6872,0.31685360094451004
6873,2.156729634002361
6874,3.0583431719795358
6875,0.3998917748917749
6876,0.3404171585989768
6877,0.23450413223140495
6878,1.6263774104683195
6879,0.7611176702085793
6880,1.3291027154663517
6881,0.19657615112160565
6882,4.7987996851633214
6883,1.9718122786304604
6884,1.5696084218811492
6885,1.8464679260133805
6886,1.1633707201889019
6887,0.3554702872884691
6888,0.7043978748524202
6889,0.2679063360881543
6890,0.4657615112160567
6891,0.44082054309327035
6892,0.66086186540732
6893,1.239964580873672
6894,0.18545848091302636
6895,0.1483667847304211
6896,1.5648858717040535
6897,1.323051948051948
6898,0.1717335694608422
6899,0.2542306178669815
6900,1.7009543486816214
6901,0.13739669421487605
6902,2.7310114128295946
6903,1.7296831955922864
6904,1.0448642266824084
6905,0.6677489177489178
6906,0.9907516725698544
6907,0.9084513970877608
6908,0.6478748524203071
6909,3.311688311688312
6910,1.53099173553719
6911,1.745720188902007
6912,1.3117375049193232
6913,1.2730716253443526
6914,0.44716646989374265
6915,0.3101633215269579
6916,0.5141184573002755
6917,0.21881149153876425
6918,0.37568870523415976
6919,10.17271743408107
6920,3.004083038173947
6921,1.9669421487603307
6922,3.001672569854388
6923,2.5090515545061
6924,1.5421094057457694
6925,1.4635970090515547
6926,1.6769972451790633
6927,0.7868457300275482
6928,1.1862947658402203
6929,0.7164502164502164
6930,0.26338055883510425
6931,2.0312868949232588
6932,2.131395120031484
6933,0.9456414797323889
6934,0.2839925226288863
6935,0.306965761511216
6936,0.9832743014561196
6937,1.132870916961826
6938,0.4905057064147973
6939,1.0382231404958677
6940,4.75309917355372
6941,1.4881444313262495
6942,1.535271546635183
6943,1.2937819756001574
6944,0.2602813852813853
6945,0.39674340810704445
6946,0.6346418732782368
6947,1.533598976780795
6948,0.532172373081464
6949,0.28891184573002754
6950,0.5242030696576151
6951,0.373573396300669
6952,0.09272924045651318
6953,0.05563754427390791
6954,1.298996458087367
6955,1.4920306965761512
6956,0.37849271940181034
6957,0.24114521841794567
6958,0.5043290043290043
6959,0.43973829201101927
6960,7.548848878394333
6961,2.5242030696576148
6962,1.393693427784337
6963,0.5870228256591893
6964,0.7447363242817788
6965,0.26647973238882333
6966,0.5584907516725699
6967,2.136658795749705
6968,1.7563459268004722
6969,0.9418044077134986
6970,1.5938606847697758
6971,1.1152597402597402
6972,1.429112554112554
6973,0.5709858323494688
6974,0.4332447855175128
6975,0.21620425029515938
6976,0.37411452184179456
6977,4.036009445100354
6978,2.629329004329004
6979,1.5915977961432506
6980,2.7724813065722156
6981,1.0900236127508856
6982,1.689836678473042
6983,1.8361865407319953
6984,0.8840515545061
6985,0.6734061393152302
6986,1.0533746556473829
6987,0.5598681621408894
6988,0.7014954742227469
6989,0.8670798898071626
6990,2.461284927194018
6991,1.6875245966155057
6992,0.4888331365604093
6993,0.44687131050767415
6994,0.878345139708776
6995,1.6264757969303423
6996,1.1140791027154664
6997,0.4897186147186147
6998,1.5011314443132626
6999,2.499508067689886
7000,1.831759149940968
7001,0.9454939000393545
7002,0.7368654073199528
7003,0.7294372294372294
7004,1.3173455332546242
7005,0.34149940968122783
7006,0.7309622195985832
7007,0.7386363636363636
7008,0.7517709563164109
7009,0.9859307359307359
7010,0.12982093663911845
7011,0.4821920503738686
7012,0.5454545454545454
7013,0.30362062180244
7014,0.6017316017316017
7015,0.39507083825265643
7016,0.9789944903581267
7017,0.9247835497835498
7018,5.242916174734357
7019,1.8592581660763479
7020,1.0616883116883116
7021,0.5349763872491144
7022,0.32629870129870125
7023,0.5935655253837071
7024,1.438164108618654
7025,2.181326249508068
7026,1.9002361275088546
7027,1.1651908697363242
7028,0.9283746556473829
7029,1.5654761904761905
7030,0.3919716646989374
7031,0.7926997245179064
7032,0.505608028335301
7033,0.45400432900432897
7034,0.16430539157811885
7035,6.043978748524204
7036,3.4881444313262495
7037,0.6942148760330579
7038,2.443772136953955
7039,1.9960153482880756
7040,1.2428177882723337
7041,2.4274891774891776
7042,1.1020267611176702
7043,0.5647874852420307
7044,0.1610094451003542
7045,0.6644037780401417
7046,0.9267020857929948
7047,4.077036599763872
7048,0.32974222746950016
7049,1.2482782369146006
7050,1.1866391184573004
7051,1.1637642660369933
7052,0.21044864226682408
7053,0.45124950806768993
7054,0.1418732782369146
7055,0.34031877213695394
7056,1.0988783943329397
7057,1.6681916568280204
7058,0.6045356158992523
7059,0.41484651711924436
7060,0.6756198347107438
7061,0.7152203856749311
7062,0.6615013774104683
7063,0.28856749311294766
7064,1.085547028728847
7065,0.46782762691853597
7066,0.6649449035812672
7067,0.18841007477371113
7068,0.0
7069,0.3894628099173554
7070,1.3752459661550571
7071,0.11609602518693427
7072,0.2177784336875246
7073,0.6238685556867375
7074,0.5413715072805982
7075,0.21846713892168437
7076,6.805588351042896
7077,2.096959858323495
7078,2.121556473829201
7079,2.2593959071231797
7080,1.5450609996064542
7081,0.6364128295946478
7082,0.8514856355765447
7083,2.20021645021645
7084,1.5666076347894529
7085,2.058293978748524
7086,1.1549586776859504
7087,1.718417945690673
7088,0.407172373081464
7089,0.7631345926800472
7090,0.7736127508854782
7091,0.7490161353797717
7092,0.404319165682802
7093,14.376820149547424
7094,3.5273514364423457
7095,1.8870523415977962
7096,3.843565525383707
7097,5.6086186540732
7098,1.9031385281385282
7099,0.9796340023612751
7100,2.231060606060606
7101,1.4642857142857144
7102,0.5867276662731208
7103,1.1430047225501772
7104,1.2785812672176309
7105,1.8458776072412435
7106,1.1441361668634396
7107,1.4718614718614718
7108,1.2627410468319558
7109,1.019775678866588
7110,0.8866587957497049
7111,1.3214285714285714
7112,1.3500098386462023
7113,0.35222353404171586
7114,2.160615899252263
7115,2.7078414010232192
7116,1.9475108225108224
7117,1.0553915781188508
7118,0.8662436048799684
7119,1.4242424242424243
7120,1.7578217237308147
7121,0.6754722550177096
7122,1.0522924045651318
7123,0.8679653679653679
7124,0.7784336875245965
7125,0.41204250295159384
7126,0.612012987012987
7127,0.3894628099173554
7128,1.3676702085792996
7129,0.23563557654466744
7130,0.686245572609209
7131,0.7139413616686344
7132,1.3973337268791814
7133,0.4789452971271153
7134,6.117522628886265
7135,4.1678964974419515
7136,2.724960645415191
7137,1.4189295552931918
7138,1.109012199921291
7139,0.8707201889020071
7140,1.128197560015742
7141,1.4084513970877608
7142,2.869047619047619
7143,1.7639708776072411
7144,0.8110979929161747
7145,1.7127115308933492
7146,0.3801160960251869
7147,1.0562770562770563
7148,0.7739571035025581
7149,0.7396694214876033
7150,0.2158107044470681
7151,8.280106257378984
7152,2.5016233766233764
7153,0.42355371900826444
7154,3.956168831168831
7155,5.211186540731996
7156,1.6269185360094451
7157,1.7773022432113341
7158,1.6739472648563558
7159,0.7998819362455726
7160,0.9918831168831168
7161,1.001082251082251
7162,1.2101534828807556
7163,2.2579201101928374
7164,1.361176702085793
7165,0.7839433293978749
7166,0.6988390397481307
7167,0.627754820936639
7168,0.637741046831956
7169,1.7870916961826053
7170,1.2526564344746163
7171,0.4318181818181818
7172,3.0472255017709564
7173,2.1269677292404565
7174,2.3762790240062968
7175,1.1078807556080283
7176,1.1140791027154664
7177,0.6079299488390397
7178,1.662091696182605
7179,0.8822314049586777
7180,1.70124950806769
7181,1.5844647776465959
7182,0.7648563557654466
7183,0.3762298307752853
7184,0.27818772136953956
7185,0.44510035419126326
7186,1.5751672569854387
7187,0.15249901613537975
7188,0.3283648170011806
7189,0.2926997245179063
7190,0.9997048406139315
7191,0.7900924832743015
7192,4.698051948051948
7193,5.124458874458875
7194,4.227961432506887
7195,1.552538370720189
7196,1.289452971271153
7197,0.7647087760724124
7198,0.7860586383313656
7199,8.28271349862259
7200,3.123327430145612
7201,2.6118654073199528
7202,0.77228453364817
7203,2.3053423848878394
7204,0.6169815033451397
7205,4.169323101141282
7206,0.9810606060606061
7207,1.1702085792994885
7208,0.8945297127115308
7209,15.347746950019676
7210,4.038124754033845
7211,2.6274104683195594
7212,3.6763085399449036
7213,4.033894136166864
7214,2.008461235733963
7215,2.614374262101535
7216,3.714630066902794
7217,1.3721467926013382
7218,0.29958677685950413
7219,1.4985242030696577
7220,0.8922176308539945
7221,4.29176505312869
7222,2.4146005509641872
7223,0.9152892561983471
7224,1.7757772530499802
7225,0.6885576544667453
7226,3.149744195198741
7227,2.122392758756395
7228,0.8032270759543487
7229,1.1125049193231011
7230,6.7895021645021645
7231,1.0352223534041716
7232,3.0405844155844157
7233,2.528581267217631
7234,2.0362062180244
7235,1.7006099960645416
7236,2.5006887052341598
7237,1.4060409287682016
7238,1.5866784730421095
7239,1.0123475009838647
7240,1.107979142070051
7241,0.6206218024399842
7242,0.3709169618260527
7243,0.6305588351042896
7244,2.518349075167257
7245,0.1415289256198347
7246,0.45129870129870125
7247,0.9803719008264463
7248,1.542306178669815
7249,0.0
7250,8.036058638331365
7251,2.189738292011019
7252,1.2783844942935851
7253,1.247245179063361
7254,1.834710743801653
7255,1.077331759149941
7256,0.8333333333333333
7257,3.1086186540731995
7258,2.6351338055883513
7259,2.135379771743408
7260,2.4341302636757183
7261,2.307506887052342
7262,0.5826446280991735
7263,0.8548799685163322
7264,1.6361668634395907
7265,0.8802144824872098
7266,0.20631641086186542
7267,16.19539551357733
7268,6.45405352223534
7269,1.1756198347107438
7270,5.665338449429358
7271,2.0901219992129083
7272,2.362160566706021
7273,1.72318968909878
7274,1.9854388036206219
7275,1.3793290043290045
7276,0.6524006296733569
7277,1.3568968909878
7278,0.748917748917749
7279,2.0397973238882328
7280,2.5757575757575757
7281,0.7757280598189689
7282,1.08461235733963
7283,0.2016430539157812
7284,0.9905057064147973
7285,0.6333628492719402
7286,0.3517807949626131
7287,0.6561393152302244
7288,2.137495080676899
7289,1.1289846517119244
7290,1.0842680047225501
7291,1.8331365604092875
7292,0.6968713105076741
7293,0.2676603699330972
7294,0.8557654466745376
7295,0.3001770956316411
7296,1.4289649744195199
7297,0.6919027941755215
7298,0.4291617473435655
7299,0.5989767807949626
7300,0.9087465564738292
7301,0.204004329004329
7302,2.6144726485635577
7303,2.1212613144431325
7304,0.23288075560802832
7305,0.388823297914207
7306,1.694116489571035
7307,0.1216056670602125
7308,7.3700806768988585
7309,2.342680047225502
7310,1.1732093663911844
7311,0.8518299881936245
7312,0.7061196379378197
7313,0.45459464777646597
7314,0.7225501770956316
7315,2.85655253837072
7316,1.9446084218811492
7317,2.0100354191263285
7318,1.6958382526564346
7319,0.6898366784730421
7320,2.2461137347500983
7321,0.3355470287288469
7322,0.460202676111767
7323,0.7756296733569461
7324,0.6876229830775284
7325,6.830578512396694
7326,3.5986324281778828
7327,1.9008264462809918
7328,2.073199527744982
7329,1.1605667060212514
7330,2.369047619047619
7331,1.5665584415584415
7332,0.5089531680440771
7333,0.7249114521841795
7334,1.394431326249508
7335,0.4165190869736324
7336,0.7070051160960251
7337,1.118900039354585
7338,2.30780204643841
7339,1.3606355765446674
7340,0.5700019677292405
7341,0.5040338449429358
7342,1.4799291617473436
7343,1.9365407319952777
7344,1.0520464384100747
7345,1.5661648957103502
7346,1.877607241243605
7347,1.954004329004329
7348,2.19219795356159
7349,1.127262888626525
7350,0.5038370720188902
7351,0.6414797323888233
7352,1.2652007083825265
7353,0.5447166469893743
7354,0.5437819756001574
7355,0.37431129476584024
7356,0.7742522628886266
7357,0.9740751672569854
7358,0.42655450609996065
7359,1.020021645021645
7360,1.2337170405352225
7361,0.45129870129870125
7362,1.1560409287682016
7363,0.33662927981109797
7364,1.502508854781582
7365,1.1053227075954348
7366,2.2218122786304604
7367,2.0221861471861473
7368,1.8782467532467533
7369,0.48086383313656045
7370,0.4817001180637544
7371,0.31916568280204644
7372,0.40859897678079493
7373,1.1648465171192444
7374,1.27228453364817
7375,0.8879378197560015
7376,1.2310114128295946
7377,0.7042994883903975
7378,0.7377508854781583
7379,0.41155057064147976
7380,0.47712514757969304
7381,0.22712514757969304
7382,0.39974419519874066
7383,3.8731798504525776
7384,1.5557359307359309
7385,1.115702479338843
7386,1.309818968909878
7387,1.3921192443919717
7388,1.5494391971664698
7389,1.5797914207005115
7390,0.3615702479338843
7391,0.48976780794962615
7392,1.25418142463597
7393,0.3816902794175522
7394,0.35694608421881147
7395,3.3044077134986223
7396,0.9893250688705234
7397,0.8963990554899646
7398,0.5979929161747344
7399,0.2936835891381346
7400,1.0454545454545454
7401,1.2167945690672963
7402,0.6341499409681228
7403,0.1775383707201889
7404,2.12987012987013
7405,1.557310114128296
7406,2.45124950806769
7407,0.7422274695001968
7408,0.6198839039748131
7409,0.5906631247540339
7410,0.9029417552144825
7411,0.5679850452577725
7412,0.6394628099173554
7413,0.4656631247540338
7414,0.6471369539551357
7415,0.6569264069264069
7416,0.09272924045651318
7417,0.612012987012987
7418,1.4920798898071626
7419,0.17379968516332153
7420,0.4018595041322314
7421,0.2528532073986619
7422,0.6465466351829988
7423,0.20405352223534043
7424,5.895070838252656
7425,3.033008658008658
7426,2.1681916568280206
7427,0.44150924832743016
7428,1.7238783943329397
7429,1.6106847697756788
7430,0.8915289256198347
7431,4.338941361668635
7432,2.1454151908697363
7433,2.0908598976780794
7434,1.2532959464777647
7435,1.0782172373081464
7436,2.4938016528925617
7437,0.29304407713498626
7438,0.8563557654466745
7439,0.332939787485242
7440,2.0265151515151514
7441,15.09720582447855
7442,2.9195198740653288
7443,1.9194214876033058
7444,4.243850846123573
7445,1.5235635576544668
7446,4.600157418339236
7447,0.9325068870523416
7448,1.1200806768988587
7449,1.2303719008264462
7450,1.201151121605667
7451,0.3536501377410468
7452,0.31685360094451004
7453,2.156729634002361
7454,3.0583431719795358
7455,0.3998917748917749
7456,0.3404171585989768
7457,0.23450413223140495
7458,1.6263774104683195
7459,0.7611176702085793
7460,1.3291027154663517
7461,0.19657615112160565
7462,4.7987996851633214
7463,1.9718122786304604
7464,1.5696084218811492
7465,1.8464679260133805
7466,1.1633707201889019
7467,0.3554702872884691
7468,0.7043978748524202
7469,0.2679063360881543
7470,0.4657615112160567
7471,0.44082054309327035
7472,0.66086186540732
7473,1.239964580873672
7474,0.18545848091302636
7475,0.1483667847304211
7476,1.5648858717040535
7477,1.323051948051948
7478,0.1717335694608422
7479,0.2542306178669815
7480,1.7009543486816214
7481,0.13739669421487605
7482,2.7310114128295946
7483,1.7296831955922864
7484,1.0448642266824084
7485,0.6677489177489178
7486,0.9907516725698544
7487,0.9084513970877608
7488,0.6478748524203071
7489,3.311688311688312
7490,1.53099173553719
7491,1.745720188902007
7492,1.3117375049193232
7493,1.2730716253443526
7494,0.44716646989374265
7495,0.3101633215269579
7496,0.5141184573002755
7497,0.21881149153876425
7498,0.37568870523415976
7499,10.17271743408107
7500,3.004083038173947
7501,1.9669421487603307
7502,3.001672569854388
7503,2.5090515545061
7504,1.5421094057457694
7505,1.4635970090515547
7506,1.6769972451790633
7507,0.7868457300275482
7508,1.1862947658402203
7509,0.7164502164502164
7510,0.26338055883510425
7511,2.0312868949232588
7512,2.131395120031484
7513,0.9456414797323889
7514,0.2839925226288863
7515,0.306965761511216
7516,0.9832743014561196
7517,1.132870916961826
7518,0.4905057064147973
7519,1.0382231404958677
7520,4.75309917355372
7521,1.4881444313262495
7522,1.535271546635183
7523,1.2937819756001574
7524,0.2602813852813853
7525,0.39674340810704445
7526,0.6346418732782368
7527,1.533598976780795
7528,0.532172373081464
7529,0.28891184573002754
7530,0.5242030696576151
7531,0.373573396300669
7532,0.09272924045651318
7533,0.05563754427390791
7534,1.298996458087367
7535,1.4920306965761512
7536,0.37849271940181034
7537,0.24114521841794567
7538,0.5043290043290043
7539,0.43973829201101927
7540,7.548848878394333
7541,2.5242030696576148
7542,1.393693427784337
7543,0.5870228256591893
7544,0.7447363242817788
7545,0.26647973238882333
7546,0.5584907516725699
7547,2.136658795749705
7548,1.7563459268004722
7549,0.9418044077134986
7550,1.5938606847697758
7551,1.1152597402597402
7552,1.429112554112554
7553,0.5709858323494688
7554,0.4332447855175128
7555,0.21620425029515938
7556,0.37411452184179456
7557,4.036009445100354
7558,2.629329004329004
7559,1.5915977961432506
7560,2.7724813065722156
7561,1.0900236127508856
7562,1.689836678473042
7563,1.8361865407319953
7564,0.8840515545061
7565,0.6734061393152302
7566,1.0533746556473829
7567,0.5598681621408894
7568,0.7014954742227469
7569,0.8670798898071626
7570,2.461284927194018
7571,1.6875245966155057
7572,0.4888331365604093
7573,0.44687131050767415
7574,0.878345139708776
7575,1.6264757969303423
7576,1.1140791027154664
7577,0.4897186147186147
7578,1.5011314443132626
7579,2.499508067689886
7580,1.831759149940968
7581,0.9454939000393545
7582,0.7368654073199528
7583,0.7294372294372294
7584,1.3173455332546242
7585,0.34149940968122783
7586,0.7309622195985832
7587,0.7386363636363636
7588,0.7517709563164109
7589,0.9859307359307359
7590,0.12982093663911845
7591,0.4821920503738686
7592,0.5454545454545454
7593,0.30362062180244
7594,0.6017316017316017
7595,0.39507083825265643
7596,0.9789944903581267
7597,0.9247835497835498
7598,5.242916174734357
7599,1.8592581660763479
7600,1.0616883116883116
7601,0.5349763872491144
7602,0.32629870129870125
7603,0.5935655253837071
7604,1.438164108618654
7605,2.181326249508068
7606,1.9002361275088546
7607,1.1651908697363242
7608,0.9283746556473829
7609,1.5654761904761905
7610,0.3919716646989374
7611,0.7926997245179064
7612,0.505608028335301
7613,0.45400432900432897
7614,0.16430539157811885
7615,6.043978748524204
7616,3.4881444313262495
7617,0.6942148760330579
7618,2.443772136953955
7619,1.9960153482880756
7620,1.2428177882723337
7621,2.4274891774891776
7622,1.1020267611176702
7623,0.5647874852420307
7624,0.1610094451003542
7625,0.6644037780401417
7626,0.9267020857929948
7627,4.077036599763872
7628,0.32974222746950016
7629,1.2482782369146006
7630,1.1866391184573004
7631,1.1637642660369933
7632,0.21044864226682408
7633,0.45124950806768993
7634,0.1418732782369146
7635,0.34031877213695394
7636,1.0988783943329397
7637,1.6681916568280204
7638,0.6045356158992523
7639,0.41484651711924436
7640,0.6756198347107438
7641,0.7152203856749311
7642,0.6615013774104683
7643,0.28856749311294766
7644,1.085547028728847
7645,0.46782762691853597
7646,0.6649449035812672
7647,0.18841007477371113
7648,0.0
7649,0.3894628099173554
7650,1.3752459661550571
7651,0.11609602518693427
7652,0.2177784336875246
7653,0.6238685556867375
7654,0.5413715072805982
7655,0.21846713892168437
7656,6.805588351042896
7657,2.096959858323495
7658,2.121556473829201
7659,2.2593959071231797
7660,1.5450609996064542
7661,0.6364128295946478
7662,0.8514856355765447
7663,2.20021645021645
7664,1.5666076347894529
7665,2.058293978748524
7666,1.1549586776859504
7667,1.718417945690673
7668,0.407172373081464
7669,0.7631345926800472
7670,0.7736127508854782
7671,0.7490161353797717
7672,0.404319165682802
7673,14.376820149547424
7674,3.5273514364423457
7675,1.8870523415977962
7676,3.843565525383707
7677,5.6086186540732
7678,1.9031385281385282
7679,0.9796340023612751
7680,2.231060606060606
7681,1.4642857142857144
7682,0.5867276662731208
7683,1.1430047225501772
7684,1.2785812672176309
7685,1.8458776072412435
7686,1.1441361668634396
7687,1.4718614718614718
7688,1.2627410468319558
7689,1.019775678866588
7690,0.8866587957497049
7691,1.3214285714285714
7692,1.3500098386462023
7693,0.35222353404171586
7694,2.160615899252263
7695,2.7078414010232192
7696,1.9475108225108224
7697,1.0553915781188508
7698,0.8662436048799684
7699,1.4242424242424243
7700,1.7578217237308147
7701,0.6754722550177096
7702,1.0522924045651318
7703,0.8679653679653679
7704,0.7784336875245965
7705,0.41204250295159384
7706,0.612012987012987
7707,0.3894628099173554
7708,1.3676702085792996
7709,0.23563557654466744
7710,0.686245572609209
7711,0.7139413616686344
7712,1.3973337268791814
7713,0.4789452971271153
7714,6.117522628886265
7715,4.1678964974419515
7716,2.724960645415191
7717,1.4189295552931918
7718,1.109012199921291
7719,0.8707201889020071
7720,1.128197560015742
7721,1.4084513970877608
7722,2.869047619047619
7723,1.7639708776072411
7724,0.8110979929161747
7725,1.7127115308933492
7726,0.3801160960251869
7727,1.0562770562770563
7728,0.7739571035025581
7729,0.7396694214876033
7730,0.2158107044470681
7731,8.280106257378984
7732,2.5016233766233764
7733,0.42355371900826444
7734,3.956168831168831
7735,5.211186540731996
7736,1.6269185360094451
7737,1.7773022432113341
7738,1.6739472648563558
7739,0.7998819362455726
7740,0.9918831168831168
7741,1.001082251082251
7742,1.2101534828807556
7743,2.2579201101928374
7744,1.361176702085793
7745,0.7839433293978749
7746,0.6988390397481307
7747,0.627754820936639
7748,0.637741046831956
7749,1.7870916961826053
7750,1.2526564344746163
7751,0.4318181818181818
7752,3.0472255017709564
7753,2.1269677292404565
7754,2.3762790240062968
7755,1.1078807556080283
7756,1.1140791027154664
7757,0.6079299488390397
7758,1.662091696182605
7759,0.8822314049586777
7760,1.70124950806769
7761,1.5844647776465959
7762,0.7648563557654466
7763,0.3762298307752853
7764,0.27818772136953956
7765,0.44510035419126326
7766,1.5751672569854387
7767,0.15249901613537975
7768,0.3283648170011806
7769,0.2926997245179063
7770,0.9997048406139315
7771,0.7900924832743015
7772,4.698051948051948
7773,5.124458874458875
7774,4.227961432506887
7775,1.552538370720189
7776,1.289452971271153
7777,0.7647087760724124
7778,0.7860586383313656
7779,8.28271349862259
7780,3.123327430145612
7781,2.6118654073199528
7782,0.77228453364817
7783,2.3053423848878394
7784,0.6169815033451397
7785,4.169323101141282
7786,0.9810606060606061
7787,1.1702085792994885
7788,0.8945297127115308
7789,15.347746950019676
7790,4.038124754033845
7791,2.6274104683195594
7792,3.6763085399449036
7793,4.033894136166864
7794,2.008461235733963
7795,2.614374262101535
7796,3.714630066902794
7797,1.3721467926013382
7798,0.29958677685950413
7799,1.4985242030696577
7800,0.8922176308539945
7801,4.29176505312869
7802,2.4146005509641872
7803,0.9152892561983471
7804,1.7757772530499802
7805,0.6885576544667453
7806,3.149744195198741
7807,2.122392758756395
7808,0.8032270759543487
7809,1.1125049193231011
7810,6.7895021645021645
7811,1.0352223534041716
7812,3.0405844155844157
7813,2.528581267217631
7814,2.0362062180244
7815,1.7006099960645416
7816,2.5006887052341598
7817,1.4060409287682016
7818,1.5866784730421095
7819,1.0123475009838647
7820,1.107979142070051
7821,0.6206218024399842
7822,0.3709169618260527
7823,0.6305588351042896
7824,2.518349075167257
7825,0.1415289256198347
7826,0.45129870129870125
7827,0.9803719008264463
7828,1.542306178669815
7829,0.0
7830,8.036058638331365
7831,2.189738292011019
7832,1.2783844942935851
7833,1.247245179063361
7834,1.834710743801653
7835,1.077331759149941
7836,0.8333333333333333
7837,3.1086186540731995
7838,2.6351338055883513
7839,2.135379771743408
7840,2.4341302636757183
7841,2.307506887052342
7842,0.5826446280991735
7843,0.8548799685163322
7844,1.6361668634395907
7845,0.8802144824872098
7846,0.20631641086186542
7847,16.19539551357733
7848,6.45405352223534
7849,1.1756198347107438
7850,5.665338449429358
7851,2.0901219992129083
7852,2.362160566706021
7853,1.72318968909878
7854,1.9854388036206219
7855,1.3793290043290045
7856,0.6524006296733569
7857,1.3568968909878
7858,0.748917748917749
7859,2.0397973238882328
7860,2.5757575757575757
7861,0.7757280598189689
7862,1.08461235733963
7863,0.2016430539157812
7864,0.9905057064147973
7865,0.6333628492719402
7866,0.3517807949626131
7867,0.6561393152302244
7868,2.137495080676899
7869,1.1289846517119244
7870,1.0842680047225501
7871,1.8331365604092875
7872,0.6968713105076741
7873,0.2676603699330972
7874,0.8557654466745376
7875,0.3001770956316411
7876,1.4289649744195199
7877,0.6919027941755215
7878,0.4291617473435655
7879,0.5989767807949626
7880,0.9087465564738292
7881,0.204004329004329
7882,2.6144726485635577
7883,2.1212613144431325
7884,0.23288075560802832
7885,0.388823297914207
7886,1.694116489571035
7887,0.1216056670602125
7888,7.3700806768988585
7889,2.342680047225502
7890,1.1732093663911844
7891,0.8518299881936245
7892,0.7061196379378197
7893,0.45459464777646597
7894,0.7225501770956316
7895,2.85655253837072
7896,1.9446084218811492
7897,2.0100354191263285
7898,1.6958382526564346
7899,0.6898366784730421
7900,2.2461137347500983
7901,0.3355470287288469
7902,0.460202676111767
7903,0.7756296733569461
7904,0.6876229830775284
7905,6.830578512396694
7906,3.5986324281778828
7907,1.9008264462809918
7908,2.073199527744982
7909,1.1605667060212514
7910,2.369047619047619
7911,1.5665584415584415
7912,0.5089531680440771
7913,0.7249114521841795
7914,1.394431326249508
7915,0.4165190869736324
7916,0.7070051160960251
7917,1.118900039354585
7918,2.30780204643841
7919,1.3606355765446674
7920,0.5700019677292405
7921,0.5040338449429358
7922,1.4799291617473436
7923,1.9365407319952777
7924,1.0520464384100747
7925,1.5661648957103502
7926,1.877607241243605
7927,1.954004329004329
7928,2.19219795356159
7929,1.127262888626525
7930,0.5038370720188902
7931,0.6414797323888233
7932,1.2652007083825265
7933,0.5447166469893743
7934,0.5437819756001574
7935,0.37431129476584024
7936,0.7742522628886266
7937,0.9740751672569854
7938,0.42655450609996065
7939,1.020021645021645
7940,1.2337170405352225
7941,0.45129870129870125
7942,1.1560409287682016
7943,0.33662927981109797
7944,1.502508854781582
7945,1.1053227075954348
7946,2.2218122786304604
7947,2.0221861471861473
7948,1.8782467532467533
7949,0.48086383313656045
7950,0.4817001180637544
7951,0.31916568280204644
7952,0.40859897678079493
7953,1.1648465171192444
7954,1.27228453364817
7955,0.8879378197560015
7956,1.2310114128295946
7957,0.7042994883903975
7958,0.7377508854781583
7959,0.41155057064147976
7960,0.47712514757969304
7961,0.22712514757969304
7962,0.39974419519874066
7963,3.8731798504525776
7964,1.5557359307359309
7965,1.115702479338843
7966,1.309818968909878
7967,1.3921192443919717
7968,1.5494391971664698
7969,1.5797914207005115
7970,0.3615702479338843
7971,0.48976780794962615
7972,1.25418142463597
7973,0.3816902794175522
7974,0.35694608421881147
7975,3.3044077134986223
7976,0.9893250688705234
7977,0.8963990554899646
7978,0.5979929161747344
7979,0.2936835891381346
7980,1.0454545454545454
7981,1.2167945690672963
7982,0.6341499409681228
7983,0.1775383707201889
7984,2.12987012987013
7985,1.557310114128296
7986,2.45124950806769
7987,0.7422274695001968
7988,0.6198839039748131
7989,0.5906631247540339
7990,0.9029417552144825
7991,0.5679850452577725
7992,0.6394628099173554
7993,0.4656631247540338
7994,0.6471369539551357
7995,0.6569264069264069
7996,0.09272924045651318
7997,0.612012987012987
7998,1.4920798898071626
7999,0.17379968516332153
8000,0.4018595041322314
8001,0.2528532073986619
8002,0.6465466351829988
8003,0.20405352223534043
8004,5.895070838252656
8005,3.033008658008658
8006,2.1681916568280206
8007,0.44150924832743016
8008,1.7238783943329397
8009,1.6106847697756788
8010,0.8915289256198347
8011,4.338941361668635
8012,2.1454151908697363
8013,2.0908598976780794
8014,1.2532959464777647
8015,1.0782172373081464
8016,2.4938016528925617
8017,0.29304407713498626
8018,0.8563557654466745
8019,0.332939787485242
8020,2.0265151515151514
8021,15.09720582447855
8022,2.9195198740653288
8023,1.9194214876033058
8024,4.243850846123573
8025,1.5235635576544668
8026,4.600157418339236
8027,0.9325068870523416
8028,1.1200806768988587
8029,1.2303719008264462
8030,1.201151121605667
8031,0.3536501377410468
8032,0.31685360094451004
8033,2.156729634002361
8034,3.0583431719795358
8035,0.3998917748917749
8036,0.3404171585989768
8037,0.23450413223140495
8038,1.6263774104683195
8039,0.7611176702085793
8040,1.3291027154663517
8041,0.19657615112160565
8042,4.7987996851633214
8043,1.9718122786304604
8044,1.5696084218811492
8045,1.8464679260133805
8046,1.1633707201889019
8047,0.3554702872884691
8048,0.7043978748524202
8049,0.2679063360881543
8050,0.4657615112160567
8051,0.44082054309327035
8052,0.66086186540732
8053,1.239964580873672
8054,0.18545848091302636
8055,0.1483667847304211
8056,1.5648858717040535
8057,1.323051948051948
8058,0.1717335694608422
8059,0.2542306178669815
8060,1.7009543486816214
8061,0.13739669421487605
8062,2.7310114128295946
8063,1.7296831955922864
8064,1.0448642266824084
8065,0.6677489177489178
8066,0.9907516725698544
8067,0.9084513970877608
8068,0.6478748524203071
8069,3.311688311688312
8070,1.53099173553719
8071,1.745720188902007
8072,1.3117375049193232
8073,1.2730716253443526
8074,0.44716646989374265
8075,0.3101633215269579
8076,0.5141184573002755
8077,0.21881149153876425
8078,0.37568870523415976
8079,10.17271743408107
8080,3.004083038173947
8081,1.9669421487603307
8082,3.001672569854388
8083,2.5090515545061
8084,1.5421094057457694
8085,1.4635970090515547
8086,1.6769972451790633
8087,0.7868457300275482
8088,1.1862947658402203
8089,0.7164502164502164
8090,0.26338055883510425
8091,2.0312868949232588
8092,2.131395120031484
8093,0.9456414797323889
8094,0.2839925226288863
8095,0.306965761511216
8096,0.9832743014561196
8097,1.132870916961826
8098,0.4905057064147973
8099,1.0382231404958677
8100,4.75309917355372
8101,1.4881444313262495
8102,1.535271546635183
8103,1.2937819756001574
8104,0.2602813852813853
8105,0.39674340810704445
8106,0.6346418732782368
8107,1.533598976780795
8108,0.532172373081464
8109,0.28891184573002754
8110,0.5242030696576151
8111,0.373573396300669
8112,0.09272924045651318
8113,0.05563754427390791
8114,1.298996458087367
8115,1.4920306965761512
8116,0.37849271940181034
8117,0.24114521841794567
8118,0.5043290043290043
8119,0.43973829201101927
