row_id,demand
0,7.035714285714286
1,2.4285714285714284
2,1.1785714285714286
3,0.32142857142857145
4,0.8214285714285714
5,0.03571428571428571
6,0.5357142857142857
7,2.2857142857142856
8,1.8928571428571428
9,0.75
10,1.3571428571428572
11,1.3214285714285714
12,1.4642857142857142
13,0.4642857142857143
14,0.4642857142857143
15,0.03571428571428571
16,0.39285714285714285
17,2.857142857142857
18,2.607142857142857
19,0.0
20,3.1785714285714284
21,1.1428571428571428
22,1.6785714285714286
23,1.9285714285714286
24,0.6785714285714286
25,0.6071428571428571
26,1.25
27,0.5357142857142857
28,0.7142857142857143
29,1.0
30,2.607142857142857
31,1.8571428571428572
32,0.6071428571428571
33,0.5714285714285714
34,0.8214285714285714
35,1.6785714285714286
36,1.1785714285714286
37,0.4642857142857143
38,1.1785714285714286
39,2.357142857142857
40,2.142857142857143
41,1.0714285714285714
42,0.5357142857142857
43,0.9285714285714286
44,1.6071428571428572
45,0.07142857142857142
46,0.8214285714285714
47,0.75
48,0.7142857142857143
49,1.2142857142857142
50,0.25
51,0.9285714285714286
52,1.0
53,0.5714285714285714
54,1.1428571428571428
55,0.6785714285714286
56,1.75
57,1.6071428571428572
58,6.142857142857143
59,1.6785714285714286
60,1.2142857142857142
61,0.6071428571428571
62,0.6071428571428571
63,0.5714285714285714
64,1.3928571428571428
65,2.357142857142857
66,2.4285714285714284
67,1.0714285714285714
68,1.0
69,1.9642857142857142
70,0.42857142857142855
71,1.0
72,0.42857142857142855
73,0.39285714285714285
74,0.21428571428571427
75,6.571428571428571
76,3.607142857142857
77,0.0
78,2.8214285714285716
79,2.392857142857143
80,1.2142857142857142
81,2.642857142857143
82,1.4285714285714286
83,0.4642857142857143
84,0.10714285714285714
85,0.6428571428571429
86,1.2142857142857142
87,5.071428571428571
88,0.6071428571428571
89,1.25
90,1.0
91,1.1071428571428572
92,0.21428571428571427
93,0.39285714285714285
94,0.0
95,0.42857142857142855
96,1.2142857142857142
97,1.8928571428571428
98,0.6071428571428571
99,0.32142857142857145
100,0.5
101,0.75
102,0.75
103,0.0
104,1.3928571428571428
105,0.35714285714285715
106,0.75
107,0.21428571428571427
108,0.0
109,0.75
110,2.5714285714285716
111,0.21428571428571427
112,0.39285714285714285
113,1.0714285714285714
114,0.9642857142857143
115,0.39285714285714285
116,7.142857142857143
117,1.6071428571428572
118,2.25
119,2.1785714285714284
120,1.7857142857142858
121,0.4642857142857143
122,0.8214285714285714
123,2.642857142857143
124,1.6428571428571428
125,2.1785714285714284
126,1.0
127,1.9285714285714286
128,0.39285714285714285
129,0.4642857142857143
130,0.8571428571428571
131,0.7142857142857143
132,0.4642857142857143
133,13.928571428571429
134,3.642857142857143
135,0.0
136,4.571428571428571
137,6.142857142857143
138,1.8214285714285714
139,1.2857142857142858
140,2.75
141,1.4285714285714286
142,0.5357142857142857
143,1.1785714285714286
144,1.25
145,1.3928571428571428
146,0.8571428571428571
147,1.4285714285714286
148,1.25
149,1.1428571428571428
150,0.7857142857142857
151,1.6428571428571428
152,1.3928571428571428
153,0.2857142857142857
154,1.8928571428571428
155,3.107142857142857
156,2.607142857142857
157,0.7857142857142857
158,0.6071428571428571
159,1.5
160,1.8214285714285714
161,0.10714285714285714
162,1.0357142857142858
163,0.8571428571428571
164,0.8571428571428571
165,0.35714285714285715
166,1.1785714285714286
167,0.75
168,2.5714285714285716
169,0.42857142857142855
170,1.2857142857142858
171,1.1785714285714286
172,2.5357142857142856
173,0.7857142857142857
174,8.178571428571429
175,4.107142857142857
176,2.6785714285714284
177,1.3571428571428572
178,1.3571428571428572
179,0.8571428571428571
180,1.4285714285714286
181,1.9642857142857142
182,3.0714285714285716
183,1.8571428571428572
184,1.1428571428571428
185,2.5714285714285716
186,0.5357142857142857
187,1.6428571428571428
188,1.1071428571428572
189,1.0
190,0.32142857142857145
191,9.642857142857142
192,2.8214285714285716
193,0.0
194,5.321428571428571
195,8.178571428571429
196,1.8571428571428572
197,1.6785714285714286
198,2.2142857142857144
199,0.7857142857142857
200,0.8928571428571429
201,1.2142857142857142
202,1.4285714285714286
203,2.25
204,1.2857142857142858
205,0.35714285714285715
206,0.6428571428571429
207,0.75
208,0.5
209,2.5714285714285716
210,1.5714285714285714
211,0.5
212,2.7142857142857144
213,2.3214285714285716
214,2.3214285714285716
215,1.1785714285714286
216,1.1785714285714286
217,0.6428571428571429
218,1.3214285714285714
219,0.0
220,1.8928571428571428
221,1.6785714285714286
222,0.7142857142857143
223,0.35714285714285715
224,0.5357142857142857
225,0.8571428571428571
226,2.9285714285714284
227,0.2857142857142857
228,0.6071428571428571
229,0.5
230,1.7142857142857142
231,1.3928571428571428
232,4.214285714285714
233,4.642857142857143
234,5.0
235,1.3571428571428572
236,1.3571428571428572
237,0.32142857142857145
238,0.8214285714285714
239,10.25
240,3.4642857142857144
241,2.7857142857142856
242,0.32142857142857145
243,2.3214285714285716
244,0.5714285714285714
245,5.071428571428571
246,1.25
247,1.4285714285714286
248,1.0714285714285714
249,16.035714285714285
250,3.8214285714285716
251,0.0
252,4.0
253,4.392857142857143
254,1.8571428571428572
255,2.9642857142857144
256,4.678571428571429
257,1.3214285714285714
258,0.0
259,1.5714285714285714
260,0.25
261,3.1785714285714284
262,2.0
263,0.0
264,2.2857142857142856
265,0.6071428571428571
266,3.7857142857142856
267,2.642857142857143
268,0.35714285714285715
269,0.8214285714285714
270,5.821428571428571
271,1.9285714285714286
272,3.0357142857142856
273,3.25
274,2.2142857142857144
275,1.8571428571428572
276,2.5
277,0.21428571428571427
278,1.5714285714285714
279,1.0357142857142858
280,1.1071428571428572
281,0.42857142857142855
282,0.7142857142857143
283,1.2142857142857142
284,4.678571428571429
285,0.25
286,0.8571428571428571
287,1.75
288,2.7857142857142856
289,0.0
290,8.821428571428571
291,2.25
292,1.3928571428571428
293,1.5
294,2.0
295,0.8571428571428571
296,1.0
297,3.142857142857143
298,2.892857142857143
299,2.2142857142857144
300,2.8214285714285716
301,2.75
302,0.5
303,0.8571428571428571
304,2.142857142857143
305,0.9642857142857143
306,0.21428571428571427
307,21.142857142857142
308,6.857142857142857
309,0.0
310,5.464285714285714
311,2.5714285714285716
312,2.0714285714285716
313,1.9642857142857142
314,2.5714285714285716
315,1.1071428571428572
316,0.8571428571428571
317,1.3928571428571428
318,0.7857142857142857
319,2.107142857142857
320,2.0
321,0.32142857142857145
322,1.0714285714285714
323,0.10714285714285714
324,0.8928571428571429
325,0.6785714285714286
326,0.10714285714285714
327,0.6428571428571429
328,1.6785714285714286
329,0.8571428571428571
330,1.3214285714285714
331,2.142857142857143
332,0.5714285714285714
333,0.17857142857142858
334,0.7142857142857143
335,0.07142857142857142
336,1.5714285714285714
337,0.6785714285714286
338,0.42857142857142855
339,0.6428571428571429
340,1.75
341,0.39285714285714285
342,4.892857142857143
343,3.9642857142857144
344,0.42857142857142855
345,0.7142857142857143
346,3.0714285714285716
347,0.21428571428571427
348,10.321428571428571
349,2.7142857142857144
350,1.25
351,1.0714285714285714
352,0.8571428571428571
353,0.4642857142857143
354,0.9285714285714286
355,2.642857142857143
356,2.2142857142857144
357,2.7142857142857144
358,1.8214285714285714
359,0.6785714285714286
360,2.3214285714285716
361,0.39285714285714285
362,0.39285714285714285
363,0.8928571428571429
364,0.7857142857142857
365,8.5
366,4.392857142857143
367,0.0
368,2.357142857142857
369,1.4285714285714286
370,3.0714285714285716
371,1.6785714285714286
372,0.0
373,0.7142857142857143
374,2.142857142857143
375,0.6071428571428571
376,1.2142857142857142
377,1.1785714285714286
378,2.0357142857142856
379,1.1785714285714286
380,0.6785714285714286
381,0.5714285714285714
382,1.0714285714285714
383,2.5714285714285716
384,1.2142857142857142
385,1.9642857142857142
386,1.8571428571428572
387,1.8928571428571428
388,2.4642857142857144
389,1.1071428571428572
390,0.21428571428571427
391,0.7857142857142857
392,1.4642857142857142
393,0.03571428571428571
394,0.7142857142857143
395,0.25
396,0.8928571428571429
397,0.8214285714285714
398,0.8214285714285714
399,1.9642857142857142
400,2.3214285714285716
401,0.8571428571428571
402,2.2142857142857144
403,0.6071428571428571
404,2.6785714285714284
405,2.0357142857142856
406,1.9642857142857142
407,1.3928571428571428
408,1.8928571428571428
409,0.39285714285714285
410,0.2857142857142857
411,0.2857142857142857
412,0.35714285714285715
413,0.8214285714285714
414,1.3214285714285714
415,0.8571428571428571
416,1.2857142857142858
417,0.6785714285714286
418,0.8928571428571429
419,0.21428571428571427
420,0.6071428571428571
421,0.10714285714285714
422,0.2857142857142857
423,4.071428571428571
424,1.5357142857142858
425,0.0
426,1.0714285714285714
427,1.3214285714285714
428,1.6071428571428572
429,1.5714285714285714
430,0.0
431,0.42857142857142855
432,1.4642857142857142
433,0.39285714285714285
434,0.35714285714285715
435,4.5
436,0.75
437,0.7142857142857143
438,0.8571428571428571
439,0.2857142857142857
440,0.0
441,1.6071428571428572
442,0.6071428571428571
443,0.10714285714285714
444,2.2142857142857144
445,1.3928571428571428
446,2.892857142857143
447,0.6428571428571429
448,0.4642857142857143
449,0.6785714285714286
450,0.9642857142857143
451,0.14285714285714285
452,0.75
453,0.42857142857142855
454,0.6785714285714286
455,0.5714285714285714
456,0.17857142857142858
457,1.1785714285714286
458,2.75
459,0.32142857142857145
460,0.75
461,0.42857142857142855
462,1.1071428571428572
463,0.35714285714285715
464,3.6785714285714284
465,3.5357142857142856
466,2.392857142857143
467,0.4642857142857143
468,1.9642857142857142
469,2.142857142857143
470,0.75
471,5.928571428571429
472,2.4285714285714284
473,2.0357142857142856
474,1.1071428571428572
475,1.2142857142857142
476,3.0
477,0.25
478,0.7857142857142857
479,0.2857142857142857
480,2.25
481,18.928571428571427
482,2.9285714285714284
483,0.0
484,3.9642857142857144
485,1.3928571428571428
486,4.785714285714286
487,1.0
488,0.8214285714285714
489,1.25
490,1.4642857142857142
491,0.25
492,0.4642857142857143
493,2.2142857142857144
494,4.142857142857143
495,0.17857142857142858
496,0.35714285714285715
497,0.25
498,1.75
499,0.9285714285714286
500,1.5714285714285714
501,0.2857142857142857
502,3.5714285714285716
503,1.9642857142857142
504,1.9642857142857142
505,1.9642857142857142
506,1.3928571428571428
507,0.42857142857142855
508,0.6071428571428571
509,0.0
510,0.35714285714285715
511,0.4642857142857143
512,0.7142857142857143
513,1.2857142857142858
514,0.35714285714285715
515,0.2857142857142857
516,2.892857142857143
517,2.4642857142857144
518,0.32142857142857145
519,0.42857142857142855
520,3.107142857142857
521,0.25
522,2.2857142857142856
523,1.75
524,0.9285714285714286
525,0.7142857142857143
526,1.2142857142857142
527,0.9642857142857143
528,0.6428571428571429
529,4.714285714285714
530,2.0
531,2.107142857142857
532,1.1785714285714286
533,1.75
534,0.35714285714285715
535,0.32142857142857145
536,0.75
537,0.14285714285714285
538,0.25
539,14.607142857142858
540,3.0357142857142856
541,0.0
542,3.2857142857142856
543,3.4285714285714284
544,1.4285714285714286
545,1.4285714285714286
546,2.0
547,0.75
548,1.25
549,0.8571428571428571
550,0.2857142857142857
551,2.2857142857142856
552,2.107142857142857
553,0.4642857142857143
554,0.32142857142857145
555,0.14285714285714285
556,0.6428571428571429
557,1.5357142857142858
558,0.39285714285714285
559,1.25
560,5.25
561,1.6071428571428572
562,1.8928571428571428
563,1.2142857142857142
564,0.03571428571428571
565,0.4642857142857143
566,0.75
567,2.107142857142857
568,0.6428571428571429
569,0.25
570,0.42857142857142855
571,0.2857142857142857
572,0.17857142857142858
573,0.10714285714285714
574,2.4285714285714284
575,2.7857142857142856
576,0.7142857142857143
577,0.42857142857142855
578,0.8571428571428571
579,0.75
580,7.035714285714286
581,2.4285714285714284
582,1.1785714285714286
583,0.32142857142857145
584,0.8214285714285714
585,0.03571428571428571
586,0.5357142857142857
587,2.2857142857142856
588,1.8928571428571428
589,0.75
590,1.3571428571428572
591,1.3214285714285714
592,1.4642857142857142
593,0.4642857142857143
594,0.4642857142857143
595,0.03571428571428571
596,0.39285714285714285
597,2.857142857142857
598,2.607142857142857
599,0.0
600,3.1785714285714284
601,1.1428571428571428
602,1.6785714285714286
603,1.9285714285714286
604,0.6785714285714286
605,0.6071428571428571
606,1.25
607,0.5357142857142857
608,0.7142857142857143
609,1.0
610,2.607142857142857
611,1.8571428571428572
612,0.6071428571428571
613,0.5714285714285714
614,0.8214285714285714
615,1.6785714285714286
616,1.1785714285714286
617,0.4642857142857143
618,1.1785714285714286
619,2.357142857142857
620,2.142857142857143
621,1.0714285714285714
622,0.5357142857142857
623,0.9285714285714286
624,1.6071428571428572
625,0.07142857142857142
626,0.8214285714285714
627,0.75
628,0.7142857142857143
629,1.2142857142857142
630,0.25
631,0.9285714285714286
632,1.0
633,0.5714285714285714
634,1.1428571428571428
635,0.6785714285714286
636,1.75
637,1.6071428571428572
638,6.142857142857143
639,1.6785714285714286
640,1.2142857142857142
641,0.6071428571428571
642,0.6071428571428571
643,0.5714285714285714
644,1.3928571428571428
645,2.357142857142857
646,2.4285714285714284
647,1.0714285714285714
648,1.0
649,1.9642857142857142
650,0.42857142857142855
651,1.0
652,0.42857142857142855
653,0.39285714285714285
654,0.21428571428571427
655,6.571428571428571
656,3.607142857142857
657,0.0
658,2.8214285714285716
659,2.392857142857143
660,1.2142857142857142
661,2.642857142857143
662,1.4285714285714286
663,0.4642857142857143
664,0.10714285714285714
665,0.6428571428571429
666,1.2142857142857142
667,5.071428571428571
668,0.6071428571428571
669,1.25
670,1.0
671,1.1071428571428572
672,0.21428571428571427
673,0.39285714285714285
674,0.0
675,0.42857142857142855
676,1.2142857142857142
677,1.8928571428571428
678,0.6071428571428571
679,0.32142857142857145
680,0.5
681,0.75
682,0.75
683,0.0
684,1.3928571428571428
685,0.35714285714285715
686,0.75
687,0.21428571428571427
688,0.0
689,0.75
690,2.5714285714285716
691,0.21428571428571427
692,0.39285714285714285
693,1.0714285714285714
694,0.9642857142857143
695,0.39285714285714285
696,7.142857142857143
697,1.6071428571428572
698,2.25
699,2.1785714285714284
700,1.7857142857142858
701,0.4642857142857143
702,0.8214285714285714
703,2.642857142857143
704,1.6428571428571428
705,2.1785714285714284
706,1.0
707,1.9285714285714286
708,0.39285714285714285
709,0.4642857142857143
710,0.8571428571428571
711,0.7142857142857143
712,0.4642857142857143
713,13.928571428571429
714,3.642857142857143
715,0.0
716,4.571428571428571
717,6.142857142857143
718,1.8214285714285714
719,1.2857142857142858
720,2.75
721,1.4285714285714286
722,0.5357142857142857
723,1.1785714285714286
724,1.25
725,1.3928571428571428
726,0.8571428571428571
727,1.4285714285714286
728,1.25
729,1.1428571428571428
730,0.7857142857142857
731,1.6428571428571428
732,1.3928571428571428
733,0.2857142857142857
734,1.8928571428571428
735,3.107142857142857
736,2.607142857142857
737,0.7857142857142857
738,0.6071428571428571
739,1.5
740,1.8214285714285714
741,0.10714285714285714
742,1.0357142857142858
743,0.8571428571428571
744,0.8571428571428571
745,0.35714285714285715
746,1.1785714285714286
747,0.75
748,2.5714285714285716
749,0.42857142857142855
750,1.2857142857142858
751,1.1785714285714286
752,2.5357142857142856
753,0.7857142857142857
754,8.178571428571429
755,4.107142857142857
756,2.6785714285714284
757,1.3571428571428572
758,1.3571428571428572
759,0.8571428571428571
760,1.4285714285714286
761,1.9642857142857142
762,3.0714285714285716
763,1.8571428571428572
764,1.1428571428571428
765,2.5714285714285716
766,0.5357142857142857
767,1.6428571428571428
768,1.1071428571428572
769,1.0
770,0.32142857142857145
771,9.642857142857142
772,2.8214285714285716
773,0.0
774,5.321428571428571
775,8.178571428571429
776,1.8571428571428572
777,1.6785714285714286
778,2.2142857142857144
779,0.7857142857142857
780,0.8928571428571429
781,1.2142857142857142
782,1.4285714285714286
783,2.25
784,1.2857142857142858
785,0.35714285714285715
786,0.6428571428571429
787,0.75
788,0.5
789,2.5714285714285716
790,1.5714285714285714
791,0.5
792,2.7142857142857144
793,2.3214285714285716
794,2.3214285714285716
795,1.1785714285714286
796,1.1785714285714286
797,0.6428571428571429
798,1.3214285714285714
799,0.0
800,1.8928571428571428
801,1.6785714285714286
802,0.7142857142857143
803,0.35714285714285715
804,0.5357142857142857
805,0.8571428571428571
806,2.9285714285714284
807,0.2857142857142857
808,0.6071428571428571
809,0.5
810,1.7142857142857142
811,1.3928571428571428
812,4.214285714285714
813,4.642857142857143
814,5.0
815,1.3571428571428572
816,1.3571428571428572
817,0.32142857142857145
818,0.8214285714285714
819,10.25
820,3.4642857142857144
821,2.7857142857142856
822,0.32142857142857145
823,2.3214285714285716
824,0.5714285714285714
825,5.071428571428571
826,1.25
827,1.4285714285714286
828,1.0714285714285714
829,16.035714285714285
830,3.8214285714285716
831,0.0
832,4.0
833,4.392857142857143
834,1.8571428571428572
835,2.9642857142857144
836,4.678571428571429
837,1.3214285714285714
838,0.0
839,1.5714285714285714
840,0.25
841,3.1785714285714284
842,2.0
843,0.0
844,2.2857142857142856
845,0.6071428571428571
846,3.7857142857142856
847,2.642857142857143
848,0.35714285714285715
849,0.8214285714285714
850,5.821428571428571
851,1.9285714285714286
852,3.0357142857142856
853,3.25
854,2.2142857142857144
855,1.8571428571428572
856,2.5
857,0.21428571428571427
858,1.5714285714285714
859,1.0357142857142858
860,1.1071428571428572
861,0.42857142857142855
862,0.7142857142857143
863,1.2142857142857142
864,4.678571428571429
865,0.25
866,0.8571428571428571
867,1.75
868,2.7857142857142856
869,0.0
870,8.821428571428571
871,2.25
872,1.3928571428571428
873,1.5
874,2.0
875,0.8571428571428571
876,1.0
877,3.142857142857143
878,2.892857142857143
879,2.2142857142857144
880,2.8214285714285716
881,2.75
882,0.5
883,0.8571428571428571
884,2.142857142857143
885,0.9642857142857143
886,0.21428571428571427
887,21.142857142857142
888,6.857142857142857
889,0.0
890,5.464285714285714
891,2.5714285714285716
892,2.0714285714285716
893,1.9642857142857142
894,2.5714285714285716
895,1.1071428571428572
896,0.8571428571428571
897,1.3928571428571428
898,0.7857142857142857
899,2.107142857142857
900,2.0
901,0.32142857142857145
902,1.0714285714285714
903,0.10714285714285714
904,0.8928571428571429
905,0.6785714285714286
906,0.10714285714285714
907,0.6428571428571429
908,1.6785714285714286
909,0.8571428571428571
910,1.3214285714285714
911,2.142857142857143
912,0.5714285714285714
913,0.17857142857142858
914,0.7142857142857143
915,0.07142857142857142
916,1.5714285714285714
917,0.6785714285714286
918,0.42857142857142855
919,0.6428571428571429
920,1.75
921,0.39285714285714285
922,4.892857142857143
923,3.9642857142857144
924,0.42857142857142855
925,0.7142857142857143
926,3.0714285714285716
927,0.21428571428571427
928,10.321428571428571
929,2.7142857142857144
930,1.25
931,1.0714285714285714
932,0.8571428571428571
933,0.4642857142857143
934,0.9285714285714286
935,2.642857142857143
936,2.2142857142857144
937,2.7142857142857144
938,1.8214285714285714
939,0.6785714285714286
940,2.3214285714285716
941,0.39285714285714285
942,0.39285714285714285
943,0.8928571428571429
944,0.7857142857142857
945,8.5
946,4.392857142857143
947,0.0
948,2.357142857142857
949,1.4285714285714286
950,3.0714285714285716
951,1.6785714285714286
952,0.0
953,0.7142857142857143
954,2.142857142857143
955,0.6071428571428571
956,1.2142857142857142
957,1.1785714285714286
958,2.0357142857142856
959,1.1785714285714286
960,0.6785714285714286
961,0.5714285714285714
962,1.0714285714285714
963,2.5714285714285716
964,1.2142857142857142
965,1.9642857142857142
966,1.8571428571428572
967,1.8928571428571428
968,2.4642857142857144
969,1.1071428571428572
970,0.21428571428571427
971,0.7857142857142857
972,1.4642857142857142
973,0.03571428571428571
974,0.7142857142857143
975,0.25
976,0.8928571428571429
977,0.8214285714285714
978,0.8214285714285714
979,1.9642857142857142
980,2.3214285714285716
981,0.8571428571428571
982,2.2142857142857144
983,0.6071428571428571
984,2.6785714285714284
985,2.0357142857142856
986,1.9642857142857142
987,1.3928571428571428
988,1.8928571428571428
989,0.39285714285714285
990,0.2857142857142857
991,0.2857142857142857
992,0.35714285714285715
993,0.8214285714285714
994,1.3214285714285714
995,0.8571428571428571
996,1.2857142857142858
997,0.6785714285714286
998,0.8928571428571429
999,0.21428571428571427
1000,0.6071428571428571
1001,0.10714285714285714
1002,0.2857142857142857
1003,4.071428571428571
1004,1.5357142857142858
1005,0.0
1006,1.0714285714285714
1007,1.3214285714285714
1008,1.6071428571428572
1009,1.5714285714285714
1010,0.0
1011,0.42857142857142855
1012,1.4642857142857142
1013,0.39285714285714285
1014,0.35714285714285715
1015,4.5
1016,0.75
1017,0.7142857142857143
1018,0.8571428571428571
1019,0.2857142857142857
1020,0.0
1021,1.6071428571428572
1022,0.6071428571428571
1023,0.10714285714285714
1024,2.2142857142857144
1025,1.3928571428571428
1026,2.892857142857143
1027,0.6428571428571429
1028,0.4642857142857143
1029,0.6785714285714286
1030,0.9642857142857143
1031,0.14285714285714285
1032,0.75
1033,0.42857142857142855
1034,0.6785714285714286
1035,0.5714285714285714
1036,0.17857142857142858
1037,1.1785714285714286
1038,2.75
1039,0.32142857142857145
1040,0.75
1041,0.42857142857142855
1042,1.1071428571428572
1043,0.35714285714285715
1044,3.6785714285714284
1045,3.5357142857142856
1046,2.392857142857143
1047,0.4642857142857143
1048,1.9642857142857142
1049,2.142857142857143
1050,0.75
1051,5.928571428571429
1052,2.4285714285714284
1053,2.0357142857142856
1054,1.1071428571428572
1055,1.2142857142857142
1056,3.0
1057,0.25
1058,0.7857142857142857
1059,0.2857142857142857
1060,2.25
1061,18.928571428571427
1062,2.9285714285714284
1063,0.0
1064,3.9642857142857144
1065,1.3928571428571428
1066,4.785714285714286
1067,1.0
1068,0.8214285714285714
1069,1.25
1070,1.4642857142857142
1071,0.25
1072,0.4642857142857143
1073,2.2142857142857144
1074,4.142857142857143
1075,0.17857142857142858
1076,0.35714285714285715
1077,0.25
1078,1.75
1079,0.9285714285714286
1080,1.5714285714285714
1081,0.2857142857142857
1082,3.5714285714285716
1083,1.9642857142857142
1084,1.9642857142857142
1085,1.9642857142857142
1086,1.3928571428571428
1087,0.42857142857142855
1088,0.6071428571428571
1089,0.0
1090,0.35714285714285715
1091,0.4642857142857143
1092,0.7142857142857143
1093,1.2857142857142858
1094,0.35714285714285715
1095,0.2857142857142857
1096,2.892857142857143
1097,2.4642857142857144
1098,0.32142857142857145
1099,0.42857142857142855
1100,3.107142857142857
1101,0.25
1102,2.2857142857142856
1103,1.75
1104,0.9285714285714286
1105,0.7142857142857143
1106,1.2142857142857142
1107,0.9642857142857143
1108,0.6428571428571429
1109,4.714285714285714
1110,2.0
1111,2.107142857142857
1112,1.1785714285714286
1113,1.75
1114,0.35714285714285715
1115,0.32142857142857145
1116,0.75
1117,0.14285714285714285
1118,0.25
1119,14.607142857142858
1120,3.0357142857142856
1121,0.0
1122,3.2857142857142856
1123,3.4285714285714284
1124,1.4285714285714286
1125,1.4285714285714286
1126,2.0
1127,0.75
1128,1.25
1129,0.8571428571428571
1130,0.2857142857142857
1131,2.2857142857142856
1132,2.107142857142857
1133,0.4642857142857143
1134,0.32142857142857145
1135,0.14285714285714285
1136,0.6428571428571429
1137,1.5357142857142858
1138,0.39285714285714285
1139,1.25
1140,5.25
1141,1.6071428571428572
1142,1.8928571428571428
1143,1.2142857142857142
1144,0.03571428571428571
1145,0.4642857142857143
1146,0.75
1147,2.107142857142857
1148,0.6428571428571429
1149,0.25
1150,0.42857142857142855
1151,0.2857142857142857
1152,0.17857142857142858
1153,0.10714285714285714
1154,2.4285714285714284
1155,2.7857142857142856
1156,0.7142857142857143
1157,0.42857142857142855
1158,0.8571428571428571
1159,0.75
1160,7.035714285714286
1161,2.4285714285714284
1162,1.1785714285714286
1163,0.32142857142857145
1164,0.8214285714285714
1165,0.03571428571428571
1166,0.5357142857142857
1167,2.2857142857142856
1168,1.8928571428571428
1169,0.75
1170,1.3571428571428572
1171,1.3214285714285714
1172,1.4642857142857142
1173,0.4642857142857143
1174,0.4642857142857143
1175,0.03571428571428571
1176,0.39285714285714285
1177,2.857142857142857
1178,2.607142857142857
1179,0.0
1180,3.1785714285714284
1181,1.1428571428571428
1182,1.6785714285714286
1183,1.9285714285714286
1184,0.6785714285714286
1185,0.6071428571428571
1186,1.25
1187,0.5357142857142857
1188,0.7142857142857143
1189,1.0
1190,2.607142857142857
1191,1.8571428571428572
1192,0.6071428571428571
1193,0.5714285714285714
1194,0.8214285714285714
1195,1.6785714285714286
1196,1.1785714285714286
1197,0.4642857142857143
1198,1.1785714285714286
1199,2.357142857142857
1200,2.142857142857143
1201,1.0714285714285714
1202,0.5357142857142857
1203,0.9285714285714286
1204,1.6071428571428572
1205,0.07142857142857142
1206,0.8214285714285714
1207,0.75
1208,0.7142857142857143
1209,1.2142857142857142
1210,0.25
1211,0.9285714285714286
1212,1.0
1213,0.5714285714285714
1214,1.1428571428571428
1215,0.6785714285714286
1216,1.75
1217,1.6071428571428572
1218,6.142857142857143
1219,1.6785714285714286
1220,1.2142857142857142
1221,0.6071428571428571
1222,0.6071428571428571
1223,0.5714285714285714
1224,1.3928571428571428
1225,2.357142857142857
1226,2.4285714285714284
1227,1.0714285714285714
1228,1.0
1229,1.9642857142857142
1230,0.42857142857142855
1231,1.0
1232,0.42857142857142855
1233,0.39285714285714285
1234,0.21428571428571427
1235,6.571428571428571
1236,3.607142857142857
1237,0.0
1238,2.8214285714285716
1239,2.392857142857143
1240,1.2142857142857142
1241,2.642857142857143
1242,1.4285714285714286
1243,0.4642857142857143
1244,0.10714285714285714
1245,0.6428571428571429
1246,1.2142857142857142
1247,5.071428571428571
1248,0.6071428571428571
1249,1.25
1250,1.0
1251,1.1071428571428572
1252,0.21428571428571427
1253,0.39285714285714285
1254,0.0
1255,0.42857142857142855
1256,1.2142857142857142
1257,1.8928571428571428
1258,0.6071428571428571
1259,0.32142857142857145
1260,0.5
1261,0.75
1262,0.75
1263,0.0
1264,1.3928571428571428
1265,0.35714285714285715
1266,0.75
1267,0.21428571428571427
1268,0.0
1269,0.75
1270,2.5714285714285716
1271,0.21428571428571427
1272,0.39285714285714285
1273,1.0714285714285714
1274,0.9642857142857143
1275,0.39285714285714285
1276,7.142857142857143
1277,1.6071428571428572
1278,2.25
1279,2.1785714285714284
1280,1.7857142857142858
1281,0.4642857142857143
1282,0.8214285714285714
1283,2.642857142857143
1284,1.6428571428571428
1285,2.1785714285714284
1286,1.0
1287,1.9285714285714286
1288,0.39285714285714285
1289,0.4642857142857143
1290,0.8571428571428571
1291,0.7142857142857143
1292,0.4642857142857143
1293,13.928571428571429
1294,3.642857142857143
1295,0.0
1296,4.571428571428571
1297,6.142857142857143
1298,1.8214285714285714
1299,1.2857142857142858
1300,2.75
1301,1.4285714285714286
1302,0.5357142857142857
1303,1.1785714285714286
1304,1.25
1305,1.3928571428571428
1306,0.8571428571428571
1307,1.4285714285714286
1308,1.25
1309,1.1428571428571428
1310,0.7857142857142857
1311,1.6428571428571428
1312,1.3928571428571428
1313,0.2857142857142857
1314,1.8928571428571428
1315,3.107142857142857
1316,2.607142857142857
1317,0.7857142857142857
1318,0.6071428571428571
1319,1.5
1320,1.8214285714285714
1321,0.10714285714285714
1322,1.0357142857142858
1323,0.8571428571428571
1324,0.8571428571428571
1325,0.35714285714285715
1326,1.1785714285714286
1327,0.75
1328,2.5714285714285716
1329,0.42857142857142855
1330,1.2857142857142858
1331,1.1785714285714286
1332,2.5357142857142856
1333,0.7857142857142857
1334,8.178571428571429
1335,4.107142857142857
1336,2.6785714285714284
1337,1.3571428571428572
1338,1.3571428571428572
1339,0.8571428571428571
1340,1.4285714285714286
1341,1.9642857142857142
1342,3.0714285714285716
1343,1.8571428571428572
1344,1.1428571428571428
1345,2.5714285714285716
1346,0.5357142857142857
1347,1.6428571428571428
1348,1.1071428571428572
1349,1.0
1350,0.32142857142857145
1351,9.642857142857142
1352,2.8214285714285716
1353,0.0
1354,5.321428571428571
1355,8.178571428571429
1356,1.8571428571428572
1357,1.6785714285714286
1358,2.2142857142857144
1359,0.7857142857142857
1360,0.8928571428571429
1361,1.2142857142857142
1362,1.4285714285714286
1363,2.25
1364,1.2857142857142858
1365,0.35714285714285715
1366,0.6428571428571429
1367,0.75
1368,0.5
1369,2.5714285714285716
1370,1.5714285714285714
1371,0.5
1372,2.7142857142857144
1373,2.3214285714285716
1374,2.3214285714285716
1375,1.1785714285714286
1376,1.1785714285714286
1377,0.6428571428571429
1378,1.3214285714285714
1379,0.0
1380,1.8928571428571428
1381,1.6785714285714286
1382,0.7142857142857143
1383,0.35714285714285715
1384,0.5357142857142857
1385,0.8571428571428571
1386,2.9285714285714284
1387,0.2857142857142857
1388,0.6071428571428571
1389,0.5
1390,1.7142857142857142
1391,1.3928571428571428
1392,4.214285714285714
1393,4.642857142857143
1394,5.0
1395,1.3571428571428572
1396,1.3571428571428572
1397,0.32142857142857145
1398,0.8214285714285714
1399,10.25
1400,3.4642857142857144
1401,2.7857142857142856
1402,0.32142857142857145
1403,2.3214285714285716
1404,0.5714285714285714
1405,5.071428571428571
1406,1.25
1407,1.4285714285714286
1408,1.0714285714285714
1409,16.035714285714285
1410,3.8214285714285716
1411,0.0
1412,4.0
1413,4.392857142857143
1414,1.8571428571428572
1415,2.9642857142857144
1416,4.678571428571429
1417,1.3214285714285714
1418,0.0
1419,1.5714285714285714
1420,0.25
1421,3.1785714285714284
1422,2.0
1423,0.0
1424,2.2857142857142856
1425,0.6071428571428571
1426,3.7857142857142856
1427,2.642857142857143
1428,0.35714285714285715
1429,0.8214285714285714
1430,5.821428571428571
1431,1.9285714285714286
1432,3.0357142857142856
1433,3.25
1434,2.2142857142857144
1435,1.8571428571428572
1436,2.5
1437,0.21428571428571427
1438,1.5714285714285714
1439,1.0357142857142858
1440,1.1071428571428572
1441,0.42857142857142855
1442,0.7142857142857143
1443,1.2142857142857142
1444,4.678571428571429
1445,0.25
1446,0.8571428571428571
1447,1.75
1448,2.7857142857142856
1449,0.0
1450,8.821428571428571
1451,2.25
1452,1.3928571428571428
1453,1.5
1454,2.0
1455,0.8571428571428571
1456,1.0
1457,3.142857142857143
1458,2.892857142857143
1459,2.2142857142857144
1460,2.8214285714285716
1461,2.75
1462,0.5
1463,0.8571428571428571
1464,2.142857142857143
1465,0.9642857142857143
1466,0.21428571428571427
1467,21.142857142857142
1468,6.857142857142857
1469,0.0
1470,5.464285714285714
1471,2.5714285714285716
1472,2.0714285714285716
1473,1.9642857142857142
1474,2.5714285714285716
1475,1.1071428571428572
1476,0.8571428571428571
1477,1.3928571428571428
1478,0.7857142857142857
1479,2.107142857142857
1480,2.0
1481,0.32142857142857145
1482,1.0714285714285714
1483,0.10714285714285714
1484,0.8928571428571429
1485,0.6785714285714286
1486,0.10714285714285714
1487,0.6428571428571429
1488,1.6785714285714286
1489,0.8571428571428571
1490,1.3214285714285714
1491,2.142857142857143
1492,0.5714285714285714
1493,0.17857142857142858
1494,0.7142857142857143
1495,0.07142857142857142
1496,1.5714285714285714
1497,0.6785714285714286
1498,0.42857142857142855
1499,0.6428571428571429
1500,1.75
1501,0.39285714285714285
1502,4.892857142857143
1503,3.9642857142857144
1504,0.42857142857142855
1505,0.7142857142857143
1506,3.0714285714285716
1507,0.21428571428571427
1508,10.321428571428571
1509,2.7142857142857144
1510,1.25
1511,1.0714285714285714
1512,0.8571428571428571
1513,0.4642857142857143
1514,0.9285714285714286
1515,2.642857142857143
1516,2.2142857142857144
1517,2.7142857142857144
1518,1.8214285714285714
1519,0.6785714285714286
1520,2.3214285714285716
1521,0.39285714285714285
1522,0.39285714285714285
1523,0.8928571428571429
1524,0.7857142857142857
1525,8.5
1526,4.392857142857143
1527,0.0
1528,2.357142857142857
1529,1.4285714285714286
1530,3.0714285714285716
1531,1.6785714285714286
1532,0.0
1533,0.7142857142857143
1534,2.142857142857143
1535,0.6071428571428571
1536,1.2142857142857142
1537,1.1785714285714286
1538,2.0357142857142856
1539,1.1785714285714286
1540,0.6785714285714286
1541,0.5714285714285714
1542,1.0714285714285714
1543,2.5714285714285716
1544,1.2142857142857142
1545,1.9642857142857142
1546,1.8571428571428572
1547,1.8928571428571428
1548,2.4642857142857144
1549,1.1071428571428572
1550,0.21428571428571427
1551,0.7857142857142857
1552,1.4642857142857142
1553,0.03571428571428571
1554,0.7142857142857143
1555,0.25
1556,0.8928571428571429
1557,0.8214285714285714
1558,0.8214285714285714
1559,1.9642857142857142
1560,2.3214285714285716
1561,0.8571428571428571
1562,2.2142857142857144
1563,0.6071428571428571
1564,2.6785714285714284
1565,2.0357142857142856
1566,1.9642857142857142
1567,1.3928571428571428
1568,1.8928571428571428
1569,0.39285714285714285
1570,0.2857142857142857
1571,0.2857142857142857
1572,0.35714285714285715
1573,0.8214285714285714
1574,1.3214285714285714
1575,0.8571428571428571
1576,1.2857142857142858
1577,0.6785714285714286
1578,0.8928571428571429
1579,0.21428571428571427
1580,0.6071428571428571
1581,0.10714285714285714
1582,0.2857142857142857
1583,4.071428571428571
1584,1.5357142857142858
1585,0.0
1586,1.0714285714285714
1587,1.3214285714285714
1588,1.6071428571428572
1589,1.5714285714285714
1590,0.0
1591,0.42857142857142855
1592,1.4642857142857142
1593,0.39285714285714285
1594,0.35714285714285715
1595,4.5
1596,0.75
1597,0.7142857142857143
1598,0.8571428571428571
1599,0.2857142857142857
1600,0.0
1601,1.6071428571428572
1602,0.6071428571428571
1603,0.10714285714285714
1604,2.2142857142857144
1605,1.3928571428571428
1606,2.892857142857143
1607,0.6428571428571429
1608,0.4642857142857143
1609,0.6785714285714286
1610,0.9642857142857143
1611,0.14285714285714285
1612,0.75
1613,0.42857142857142855
1614,0.6785714285714286
1615,0.5714285714285714
1616,0.17857142857142858
1617,1.1785714285714286
1618,2.75
1619,0.32142857142857145
1620,0.75
1621,0.42857142857142855
1622,1.1071428571428572
1623,0.35714285714285715
1624,3.6785714285714284
1625,3.5357142857142856
1626,2.392857142857143
1627,0.4642857142857143
1628,1.9642857142857142
1629,2.142857142857143
1630,0.75
1631,5.928571428571429
1632,2.4285714285714284
1633,2.0357142857142856
1634,1.1071428571428572
1635,1.2142857142857142
1636,3.0
1637,0.25
1638,0.7857142857142857
1639,0.2857142857142857
1640,2.25
1641,18.928571428571427
1642,2.9285714285714284
1643,0.0
1644,3.9642857142857144
1645,1.3928571428571428
1646,4.785714285714286
1647,1.0
1648,0.8214285714285714
1649,1.25
1650,1.4642857142857142
1651,0.25
1652,0.4642857142857143
1653,2.2142857142857144
1654,4.142857142857143
1655,0.17857142857142858
1656,0.35714285714285715
1657,0.25
1658,1.75
1659,0.9285714285714286
1660,1.5714285714285714
1661,0.2857142857142857
1662,3.5714285714285716
1663,1.9642857142857142
1664,1.9642857142857142
1665,1.9642857142857142
1666,1.3928571428571428
1667,0.42857142857142855
1668,0.6071428571428571
1669,0.0
1670,0.35714285714285715
1671,0.4642857142857143
1672,0.7142857142857143
1673,1.2857142857142858
1674,0.35714285714285715
1675,0.2857142857142857
1676,2.892857142857143
1677,2.4642857142857144
1678,0.32142857142857145
1679,0.42857142857142855
1680,3.107142857142857
1681,0.25
1682,2.2857142857142856
1683,1.75
1684,0.9285714285714286
1685,0.7142857142857143
1686,1.2142857142857142
1687,0.9642857142857143
1688,0.6428571428571429
1689,4.714285714285714
1690,2.0
1691,2.107142857142857
1692,1.1785714285714286
1693,1.75
1694,0.35714285714285715
1695,0.32142857142857145
1696,0.75
1697,0.14285714285714285
1698,0.25
1699,14.607142857142858
1700,3.0357142857142856
1701,0.0
1702,3.2857142857142856
1703,3.4285714285714284
1704,1.4285714285714286
1705,1.4285714285714286
1706,2.0
1707,0.75
1708,1.25
1709,0.8571428571428571
1710,0.2857142857142857
1711,2.2857142857142856
1712,2.107142857142857
1713,0.4642857142857143
1714,0.32142857142857145
1715,0.14285714285714285
1716,0.6428571428571429
1717,1.5357142857142858
1718,0.39285714285714285
1719,1.25
1720,5.25
1721,1.6071428571428572
1722,1.8928571428571428
1723,1.2142857142857142
1724,0.03571428571428571
1725,0.4642857142857143
1726,0.75
1727,2.107142857142857
1728,0.6428571428571429
1729,0.25
1730,0.42857142857142855
1731,0.2857142857142857
1732,0.17857142857142858
1733,0.10714285714285714
1734,2.4285714285714284
1735,2.7857142857142856
1736,0.7142857142857143
1737,0.42857142857142855
1738,0.8571428571428571
1739,0.75
1740,7.035714285714286
1741,2.4285714285714284
1742,1.1785714285714286
1743,0.32142857142857145
1744,0.8214285714285714
1745,0.03571428571428571
1746,0.5357142857142857
1747,2.2857142857142856
1748,1.8928571428571428
1749,0.75
1750,1.3571428571428572
1751,1.3214285714285714
1752,1.4642857142857142
1753,0.4642857142857143
1754,0.4642857142857143
1755,0.03571428571428571
1756,0.39285714285714285
1757,2.857142857142857
1758,2.607142857142857
1759,0.0
1760,3.1785714285714284
1761,1.1428571428571428
1762,1.6785714285714286
1763,1.9285714285714286
1764,0.6785714285714286
1765,0.6071428571428571
1766,1.25
1767,0.5357142857142857
1768,0.7142857142857143
1769,1.0
1770,2.607142857142857
1771,1.8571428571428572
1772,0.6071428571428571
1773,0.5714285714285714
1774,0.8214285714285714
1775,1.6785714285714286
1776,1.1785714285714286
1777,0.4642857142857143
1778,1.1785714285714286
1779,2.357142857142857
1780,2.142857142857143
1781,1.0714285714285714
1782,0.5357142857142857
1783,0.9285714285714286
1784,1.6071428571428572
1785,0.07142857142857142
1786,0.8214285714285714
1787,0.75
1788,0.7142857142857143
1789,1.2142857142857142
1790,0.25
1791,0.9285714285714286
1792,1.0
1793,0.5714285714285714
1794,1.1428571428571428
1795,0.6785714285714286
1796,1.75
1797,1.6071428571428572
1798,6.142857142857143
1799,1.6785714285714286
1800,1.2142857142857142
1801,0.6071428571428571
1802,0.6071428571428571
1803,0.5714285714285714
1804,1.3928571428571428
1805,2.357142857142857
1806,2.4285714285714284
1807,1.0714285714285714
1808,1.0
1809,1.9642857142857142
1810,0.42857142857142855
1811,1.0
1812,0.42857142857142855
1813,0.39285714285714285
1814,0.21428571428571427
1815,6.571428571428571
1816,3.607142857142857
1817,0.0
1818,2.8214285714285716
1819,2.392857142857143
1820,1.2142857142857142
1821,2.642857142857143
1822,1.4285714285714286
1823,0.4642857142857143
1824,0.10714285714285714
1825,0.6428571428571429
1826,1.2142857142857142
1827,5.071428571428571
1828,0.6071428571428571
1829,1.25
1830,1.0
1831,1.1071428571428572
1832,0.21428571428571427
1833,0.39285714285714285
1834,0.0
1835,0.42857142857142855
1836,1.2142857142857142
1837,1.8928571428571428
1838,0.6071428571428571
1839,0.32142857142857145
1840,0.5
1841,0.75
1842,0.75
1843,0.0
1844,1.3928571428571428
1845,0.35714285714285715
1846,0.75
1847,0.21428571428571427
1848,0.0
1849,0.75
1850,2.5714285714285716
1851,0.21428571428571427
1852,0.39285714285714285
1853,1.0714285714285714
1854,0.9642857142857143
1855,0.39285714285714285
1856,7.142857142857143
1857,1.6071428571428572
1858,2.25
1859,2.1785714285714284
1860,1.7857142857142858
1861,0.4642857142857143
1862,0.8214285714285714
1863,2.642857142857143
1864,1.6428571428571428
1865,2.1785714285714284
1866,1.0
1867,1.9285714285714286
1868,0.39285714285714285
1869,0.4642857142857143
1870,0.8571428571428571
1871,0.7142857142857143
1872,0.4642857142857143
1873,13.928571428571429
1874,3.642857142857143
1875,0.0
1876,4.571428571428571
1877,6.142857142857143
1878,1.8214285714285714
1879,1.2857142857142858
1880,2.75
1881,1.4285714285714286
1882,0.5357142857142857
1883,1.1785714285714286
1884,1.25
1885,1.3928571428571428
1886,0.8571428571428571
1887,1.4285714285714286
1888,1.25
1889,1.1428571428571428
1890,0.7857142857142857
1891,1.6428571428571428
1892,1.3928571428571428
1893,0.2857142857142857
1894,1.8928571428571428
1895,3.107142857142857
1896,2.607142857142857
1897,0.7857142857142857
1898,0.6071428571428571
1899,1.5
1900,1.8214285714285714
1901,0.10714285714285714
1902,1.0357142857142858
1903,0.8571428571428571
1904,0.8571428571428571
1905,0.35714285714285715
1906,1.1785714285714286
1907,0.75
1908,2.5714285714285716
1909,0.42857142857142855
1910,1.2857142857142858
1911,1.1785714285714286
1912,2.5357142857142856
1913,0.7857142857142857
1914,8.178571428571429
1915,4.107142857142857
1916,2.6785714285714284
1917,1.3571428571428572
1918,1.3571428571428572
1919,0.8571428571428571
1920,1.4285714285714286
1921,1.9642857142857142
1922,3.0714285714285716
1923,1.8571428571428572
1924,1.1428571428571428
1925,2.5714285714285716
1926,0.5357142857142857
1927,1.6428571428571428
1928,1.1071428571428572
1929,1.0
1930,0.32142857142857145
1931,9.642857142857142
1932,2.8214285714285716
1933,0.0
1934,5.321428571428571
1935,8.178571428571429
1936,1.8571428571428572
1937,1.6785714285714286
1938,2.2142857142857144
1939,0.7857142857142857
1940,0.8928571428571429
1941,1.2142857142857142
1942,1.4285714285714286
1943,2.25
1944,1.2857142857142858
1945,0.35714285714285715
1946,0.6428571428571429
1947,0.75
1948,0.5
1949,2.5714285714285716
1950,1.5714285714285714
1951,0.5
1952,2.7142857142857144
1953,2.3214285714285716
1954,2.3214285714285716
1955,1.1785714285714286
1956,1.1785714285714286
1957,0.6428571428571429
1958,1.3214285714285714
1959,0.0
1960,1.8928571428571428
1961,1.6785714285714286
1962,0.7142857142857143
1963,0.35714285714285715
1964,0.5357142857142857
1965,0.8571428571428571
1966,2.9285714285714284
1967,0.2857142857142857
1968,0.6071428571428571
1969,0.5
1970,1.7142857142857142
1971,1.3928571428571428
1972,4.214285714285714
1973,4.642857142857143
1974,5.0
1975,1.3571428571428572
1976,1.3571428571428572
1977,0.32142857142857145
1978,0.8214285714285714
1979,10.25
1980,3.4642857142857144
1981,2.7857142857142856
1982,0.32142857142857145
1983,2.3214285714285716
1984,0.5714285714285714
1985,5.071428571428571
1986,1.25
1987,1.4285714285714286
1988,1.0714285714285714
1989,16.035714285714285
1990,3.8214285714285716
1991,0.0
1992,4.0
1993,4.392857142857143
1994,1.8571428571428572
1995,2.9642857142857144
1996,4.678571428571429
1997,1.3214285714285714
1998,0.0
1999,1.5714285714285714
2000,0.25
2001,3.1785714285714284
2002,2.0
2003,0.0
2004,2.2857142857142856
2005,0.6071428571428571
2006,3.7857142857142856
2007,2.642857142857143
2008,0.35714285714285715
2009,0.8214285714285714
2010,5.821428571428571
2011,1.9285714285714286
2012,3.0357142857142856
2013,3.25
2014,2.2142857142857144
2015,1.8571428571428572
2016,2.5
2017,0.21428571428571427
2018,1.5714285714285714
2019,1.0357142857142858
2020,1.1071428571428572
2021,0.42857142857142855
2022,0.7142857142857143
2023,1.2142857142857142
2024,4.678571428571429
2025,0.25
2026,0.8571428571428571
2027,1.75
2028,2.7857142857142856
2029,0.0
2030,8.821428571428571
2031,2.25
2032,1.3928571428571428
2033,1.5
2034,2.0
2035,0.8571428571428571
2036,1.0
2037,3.142857142857143
2038,2.892857142857143
2039,2.2142857142857144
2040,2.8214285714285716
2041,2.75
2042,0.5
2043,0.8571428571428571
2044,2.142857142857143
2045,0.9642857142857143
2046,0.21428571428571427
2047,21.142857142857142
2048,6.857142857142857
2049,0.0
2050,5.464285714285714
2051,2.5714285714285716
2052,2.0714285714285716
2053,1.9642857142857142
2054,2.5714285714285716
2055,1.1071428571428572
2056,0.8571428571428571
2057,1.3928571428571428
2058,0.7857142857142857
2059,2.107142857142857
2060,2.0
2061,0.32142857142857145
2062,1.0714285714285714
2063,0.10714285714285714
2064,0.8928571428571429
2065,0.6785714285714286
2066,0.10714285714285714
2067,0.6428571428571429
2068,1.6785714285714286
2069,0.8571428571428571
2070,1.3214285714285714
2071,2.142857142857143
2072,0.5714285714285714
2073,0.17857142857142858
2074,0.7142857142857143
2075,0.07142857142857142
2076,1.5714285714285714
2077,0.6785714285714286
2078,0.42857142857142855
2079,0.6428571428571429
2080,1.75
2081,0.39285714285714285
2082,4.892857142857143
2083,3.9642857142857144
2084,0.42857142857142855
2085,0.7142857142857143
2086,3.0714285714285716
2087,0.21428571428571427
2088,10.321428571428571
2089,2.7142857142857144
2090,1.25
2091,1.0714285714285714
2092,0.8571428571428571
2093,0.4642857142857143
2094,0.9285714285714286
2095,2.642857142857143
2096,2.2142857142857144
2097,2.7142857142857144
2098,1.8214285714285714
2099,0.6785714285714286
2100,2.3214285714285716
2101,0.39285714285714285
2102,0.39285714285714285
2103,0.8928571428571429
2104,0.7857142857142857
2105,8.5
2106,4.392857142857143
2107,0.0
2108,2.357142857142857
2109,1.4285714285714286
2110,3.0714285714285716
2111,1.6785714285714286
2112,0.0
2113,0.7142857142857143
2114,2.142857142857143
2115,0.6071428571428571
2116,1.2142857142857142
2117,1.1785714285714286
2118,2.0357142857142856
2119,1.1785714285714286
2120,0.6785714285714286
2121,0.5714285714285714
2122,1.0714285714285714
2123,2.5714285714285716
2124,1.2142857142857142
2125,1.9642857142857142
2126,1.8571428571428572
2127,1.8928571428571428
2128,2.4642857142857144
2129,1.1071428571428572
2130,0.21428571428571427
2131,0.7857142857142857
2132,1.4642857142857142
2133,0.03571428571428571
2134,0.7142857142857143
2135,0.25
2136,0.8928571428571429
2137,0.8214285714285714
2138,0.8214285714285714
2139,1.9642857142857142
2140,2.3214285714285716
2141,0.8571428571428571
2142,2.2142857142857144
2143,0.6071428571428571
2144,2.6785714285714284
2145,2.0357142857142856
2146,1.9642857142857142
2147,1.3928571428571428
2148,1.8928571428571428
2149,0.39285714285714285
2150,0.2857142857142857
2151,0.2857142857142857
2152,0.35714285714285715
2153,0.8214285714285714
2154,1.3214285714285714
2155,0.8571428571428571
2156,1.2857142857142858
2157,0.6785714285714286
2158,0.8928571428571429
2159,0.21428571428571427
2160,0.6071428571428571
2161,0.10714285714285714
2162,0.2857142857142857
2163,4.071428571428571
2164,1.5357142857142858
2165,0.0
2166,1.0714285714285714
2167,1.3214285714285714
2168,1.6071428571428572
2169,1.5714285714285714
2170,0.0
2171,0.42857142857142855
2172,1.4642857142857142
2173,0.39285714285714285
2174,0.35714285714285715
2175,4.5
2176,0.75
2177,0.7142857142857143
2178,0.8571428571428571
2179,0.2857142857142857
2180,0.0
2181,1.6071428571428572
2182,0.6071428571428571
2183,0.10714285714285714
2184,2.2142857142857144
2185,1.3928571428571428
2186,2.892857142857143
2187,0.6428571428571429
2188,0.4642857142857143
2189,0.6785714285714286
2190,0.9642857142857143
2191,0.14285714285714285
2192,0.75
2193,0.42857142857142855
2194,0.6785714285714286
2195,0.5714285714285714
2196,0.17857142857142858
2197,1.1785714285714286
2198,2.75
2199,0.32142857142857145
2200,0.75
2201,0.42857142857142855
2202,1.1071428571428572
2203,0.35714285714285715
2204,3.6785714285714284
2205,3.5357142857142856
2206,2.392857142857143
2207,0.4642857142857143
2208,1.9642857142857142
2209,2.142857142857143
2210,0.75
2211,5.928571428571429
2212,2.4285714285714284
2213,2.0357142857142856
2214,1.1071428571428572
2215,1.2142857142857142
2216,3.0
2217,0.25
2218,0.7857142857142857
2219,0.2857142857142857
2220,2.25
2221,18.928571428571427
2222,2.9285714285714284
2223,0.0
2224,3.9642857142857144
2225,1.3928571428571428
2226,4.785714285714286
2227,1.0
2228,0.8214285714285714
2229,1.25
2230,1.4642857142857142
2231,0.25
2232,0.4642857142857143
2233,2.2142857142857144
2234,4.142857142857143
2235,0.17857142857142858
2236,0.35714285714285715
2237,0.25
2238,1.75
2239,0.9285714285714286
2240,1.5714285714285714
2241,0.2857142857142857
2242,3.5714285714285716
2243,1.9642857142857142
2244,1.9642857142857142
2245,1.9642857142857142
2246,1.3928571428571428
2247,0.42857142857142855
2248,0.6071428571428571
2249,0.0
2250,0.35714285714285715
2251,0.4642857142857143
2252,0.7142857142857143
2253,1.2857142857142858
2254,0.35714285714285715
2255,0.2857142857142857
2256,2.892857142857143
2257,2.4642857142857144
2258,0.32142857142857145
2259,0.42857142857142855
2260,3.107142857142857
2261,0.25
2262,2.2857142857142856
2263,1.75
2264,0.9285714285714286
2265,0.7142857142857143
2266,1.2142857142857142
2267,0.9642857142857143
2268,0.6428571428571429
2269,4.714285714285714
2270,2.0
2271,2.107142857142857
2272,1.1785714285714286
2273,1.75
2274,0.35714285714285715
2275,0.32142857142857145
2276,0.75
2277,0.14285714285714285
2278,0.25
2279,14.607142857142858
2280,3.0357142857142856
2281,0.0
2282,3.2857142857142856
2283,3.4285714285714284
2284,1.4285714285714286
2285,1.4285714285714286
2286,2.0
2287,0.75
2288,1.25
2289,0.8571428571428571
2290,0.2857142857142857
2291,2.2857142857142856
2292,2.107142857142857
2293,0.4642857142857143
2294,0.32142857142857145
2295,0.14285714285714285
2296,0.6428571428571429
2297,1.5357142857142858
2298,0.39285714285714285
2299,1.25
2300,5.25
2301,1.6071428571428572
2302,1.8928571428571428
2303,1.2142857142857142
2304,0.03571428571428571
2305,0.4642857142857143
2306,0.75
2307,2.107142857142857
2308,0.6428571428571429
2309,0.25
2310,0.42857142857142855
2311,0.2857142857142857
2312,0.17857142857142858
2313,0.10714285714285714
2314,2.4285714285714284
2315,2.7857142857142856
2316,0.7142857142857143
2317,0.42857142857142855
2318,0.8571428571428571
2319,0.75
2320,7.035714285714286
2321,2.4285714285714284
2322,1.1785714285714286
2323,0.32142857142857145
2324,0.8214285714285714
2325,0.03571428571428571
2326,0.5357142857142857
2327,2.2857142857142856
2328,1.8928571428571428
2329,0.75
2330,1.3571428571428572
2331,1.3214285714285714
2332,1.4642857142857142
2333,0.4642857142857143
2334,0.4642857142857143
2335,0.03571428571428571
2336,0.39285714285714285
2337,2.857142857142857
2338,2.607142857142857
2339,0.0
2340,3.1785714285714284
2341,1.1428571428571428
2342,1.6785714285714286
2343,1.9285714285714286
2344,0.6785714285714286
2345,0.6071428571428571
2346,1.25
2347,0.5357142857142857
2348,0.7142857142857143
2349,1.0
2350,2.607142857142857
2351,1.8571428571428572
2352,0.6071428571428571
2353,0.5714285714285714
2354,0.8214285714285714
2355,1.6785714285714286
2356,1.1785714285714286
2357,0.4642857142857143
2358,1.1785714285714286
2359,2.357142857142857
2360,2.142857142857143
2361,1.0714285714285714
2362,0.5357142857142857
2363,0.9285714285714286
2364,1.6071428571428572
2365,0.07142857142857142
2366,0.8214285714285714
2367,0.75
2368,0.7142857142857143
2369,1.2142857142857142
2370,0.25
2371,0.9285714285714286
2372,1.0
2373,0.5714285714285714
2374,1.1428571428571428
2375,0.6785714285714286
2376,1.75
2377,1.6071428571428572
2378,6.142857142857143
2379,1.6785714285714286
2380,1.2142857142857142
2381,0.6071428571428571
2382,0.6071428571428571
2383,0.5714285714285714
2384,1.3928571428571428
2385,2.357142857142857
2386,2.4285714285714284
2387,1.0714285714285714
2388,1.0
2389,1.9642857142857142
2390,0.42857142857142855
2391,1.0
2392,0.42857142857142855
2393,0.39285714285714285
2394,0.21428571428571427
2395,6.571428571428571
2396,3.607142857142857
2397,0.0
2398,2.8214285714285716
2399,2.392857142857143
2400,1.2142857142857142
2401,2.642857142857143
2402,1.4285714285714286
2403,0.4642857142857143
2404,0.10714285714285714
2405,0.6428571428571429
2406,1.2142857142857142
2407,5.071428571428571
2408,0.6071428571428571
2409,1.25
2410,1.0
2411,1.1071428571428572
2412,0.21428571428571427
2413,0.39285714285714285
2414,0.0
2415,0.42857142857142855
2416,1.2142857142857142
2417,1.8928571428571428
2418,0.6071428571428571
2419,0.32142857142857145
2420,0.5
2421,0.75
2422,0.75
2423,0.0
2424,1.3928571428571428
2425,0.35714285714285715
2426,0.75
2427,0.21428571428571427
2428,0.0
2429,0.75
2430,2.5714285714285716
2431,0.21428571428571427
2432,0.39285714285714285
2433,1.0714285714285714
2434,0.9642857142857143
2435,0.39285714285714285
2436,7.142857142857143
2437,1.6071428571428572
2438,2.25
2439,2.1785714285714284
2440,1.7857142857142858
2441,0.4642857142857143
2442,0.8214285714285714
2443,2.642857142857143
2444,1.6428571428571428
2445,2.1785714285714284
2446,1.0
2447,1.9285714285714286
2448,0.39285714285714285
2449,0.4642857142857143
2450,0.8571428571428571
2451,0.7142857142857143
2452,0.4642857142857143
2453,13.928571428571429
2454,3.642857142857143
2455,0.0
2456,4.571428571428571
2457,6.142857142857143
2458,1.8214285714285714
2459,1.2857142857142858
2460,2.75
2461,1.4285714285714286
2462,0.5357142857142857
2463,1.1785714285714286
2464,1.25
2465,1.3928571428571428
2466,0.8571428571428571
2467,1.4285714285714286
2468,1.25
2469,1.1428571428571428
2470,0.7857142857142857
2471,1.6428571428571428
2472,1.3928571428571428
2473,0.2857142857142857
2474,1.8928571428571428
2475,3.107142857142857
2476,2.607142857142857
2477,0.7857142857142857
2478,0.6071428571428571
2479,1.5
2480,1.8214285714285714
2481,0.10714285714285714
2482,1.0357142857142858
2483,0.8571428571428571
2484,0.8571428571428571
2485,0.35714285714285715
2486,1.1785714285714286
2487,0.75
2488,2.5714285714285716
2489,0.42857142857142855
2490,1.2857142857142858
2491,1.1785714285714286
2492,2.5357142857142856
2493,0.7857142857142857
2494,8.178571428571429
2495,4.107142857142857
2496,2.6785714285714284
2497,1.3571428571428572
2498,1.3571428571428572
2499,0.8571428571428571
2500,1.4285714285714286
2501,1.9642857142857142
2502,3.0714285714285716
2503,1.8571428571428572
2504,1.1428571428571428
2505,2.5714285714285716
2506,0.5357142857142857
2507,1.6428571428571428
2508,1.1071428571428572
2509,1.0
2510,0.32142857142857145
2511,9.642857142857142
2512,2.8214285714285716
2513,0.0
2514,5.321428571428571
2515,8.178571428571429
2516,1.8571428571428572
2517,1.6785714285714286
2518,2.2142857142857144
2519,0.7857142857142857
2520,0.8928571428571429
2521,1.2142857142857142
2522,1.4285714285714286
2523,2.25
2524,1.2857142857142858
2525,0.35714285714285715
2526,0.6428571428571429
2527,0.75
2528,0.5
2529,2.5714285714285716
2530,1.5714285714285714
2531,0.5
2532,2.7142857142857144
2533,2.3214285714285716
2534,2.3214285714285716
2535,1.1785714285714286
2536,1.1785714285714286
2537,0.6428571428571429
2538,1.3214285714285714
2539,0.0
2540,1.8928571428571428
2541,1.6785714285714286
2542,0.7142857142857143
2543,0.35714285714285715
2544,0.5357142857142857
2545,0.8571428571428571
2546,2.9285714285714284
2547,0.2857142857142857
2548,0.6071428571428571
2549,0.5
2550,1.7142857142857142
2551,1.3928571428571428
2552,4.214285714285714
2553,4.642857142857143
2554,5.0
2555,1.3571428571428572
2556,1.3571428571428572
2557,0.32142857142857145
2558,0.8214285714285714
2559,10.25
2560,3.4642857142857144
2561,2.7857142857142856
2562,0.32142857142857145
2563,2.3214285714285716
2564,0.5714285714285714
2565,5.071428571428571
2566,1.25
2567,1.4285714285714286
2568,1.0714285714285714
2569,16.035714285714285
2570,3.8214285714285716
2571,0.0
2572,4.0
2573,4.392857142857143
2574,1.8571428571428572
2575,2.9642857142857144
2576,4.678571428571429
2577,1.3214285714285714
2578,0.0
2579,1.5714285714285714
2580,0.25
2581,3.1785714285714284
2582,2.0
2583,0.0
2584,2.2857142857142856
2585,0.6071428571428571
2586,3.7857142857142856
2587,2.642857142857143
2588,0.35714285714285715
2589,0.8214285714285714
2590,5.821428571428571
2591,1.9285714285714286
2592,3.0357142857142856
2593,3.25
2594,2.2142857142857144
2595,1.8571428571428572
2596,2.5
2597,0.21428571428571427
2598,1.5714285714285714
2599,1.0357142857142858
2600,1.1071428571428572
2601,0.42857142857142855
2602,0.7142857142857143
2603,1.2142857142857142
2604,4.678571428571429
2605,0.25
2606,0.8571428571428571
2607,1.75
2608,2.7857142857142856
2609,0.0
2610,8.821428571428571
2611,2.25
2612,1.3928571428571428
2613,1.5
2614,2.0
2615,0.8571428571428571
2616,1.0
2617,3.142857142857143
2618,2.892857142857143
2619,2.2142857142857144
2620,2.8214285714285716
2621,2.75
2622,0.5
2623,0.8571428571428571
2624,2.142857142857143
2625,0.9642857142857143
2626,0.21428571428571427
2627,21.142857142857142
2628,6.857142857142857
2629,0.0
2630,5.464285714285714
2631,2.5714285714285716
2632,2.0714285714285716
2633,1.9642857142857142
2634,2.5714285714285716
2635,1.1071428571428572
2636,0.8571428571428571
2637,1.3928571428571428
2638,0.7857142857142857
2639,2.107142857142857
2640,2.0
2641,0.32142857142857145
2642,1.0714285714285714
2643,0.10714285714285714
2644,0.8928571428571429
2645,0.6785714285714286
2646,0.10714285714285714
2647,0.6428571428571429
2648,1.6785714285714286
2649,0.8571428571428571
2650,1.3214285714285714
2651,2.142857142857143
2652,0.5714285714285714
2653,0.17857142857142858
2654,0.7142857142857143
2655,0.07142857142857142
2656,1.5714285714285714
2657,0.6785714285714286
2658,0.42857142857142855
2659,0.6428571428571429
2660,1.75
2661,0.39285714285714285
2662,4.892857142857143
2663,3.9642857142857144
2664,0.42857142857142855
2665,0.7142857142857143
2666,3.0714285714285716
2667,0.21428571428571427
2668,10.321428571428571
2669,2.7142857142857144
2670,1.25
2671,1.0714285714285714
2672,0.8571428571428571
2673,0.4642857142857143
2674,0.9285714285714286
2675,2.642857142857143
2676,2.2142857142857144
2677,2.7142857142857144
2678,1.8214285714285714
2679,0.6785714285714286
2680,2.3214285714285716
2681,0.39285714285714285
2682,0.39285714285714285
2683,0.8928571428571429
2684,0.7857142857142857
2685,8.5
2686,4.392857142857143
2687,0.0
2688,2.357142857142857
2689,1.4285714285714286
2690,3.0714285714285716
2691,1.6785714285714286
2692,0.0
2693,0.7142857142857143
2694,2.142857142857143
2695,0.6071428571428571
2696,1.2142857142857142
2697,1.1785714285714286
2698,2.0357142857142856
2699,1.1785714285714286
2700,0.6785714285714286
2701,0.5714285714285714
2702,1.0714285714285714
2703,2.5714285714285716
2704,1.2142857142857142
2705,1.9642857142857142
2706,1.8571428571428572
2707,1.8928571428571428
2708,2.4642857142857144
2709,1.1071428571428572
2710,0.21428571428571427
2711,0.7857142857142857
2712,1.4642857142857142
2713,0.03571428571428571
2714,0.7142857142857143
2715,0.25
2716,0.8928571428571429
2717,0.8214285714285714
2718,0.8214285714285714
2719,1.9642857142857142
2720,2.3214285714285716
2721,0.8571428571428571
2722,2.2142857142857144
2723,0.6071428571428571
2724,2.6785714285714284
2725,2.0357142857142856
2726,1.9642857142857142
2727,1.3928571428571428
2728,1.8928571428571428
2729,0.39285714285714285
2730,0.2857142857142857
2731,0.2857142857142857
2732,0.35714285714285715
2733,0.8214285714285714
2734,1.3214285714285714
2735,0.8571428571428571
2736,1.2857142857142858
2737,0.6785714285714286
2738,0.8928571428571429
2739,0.21428571428571427
2740,0.6071428571428571
2741,0.10714285714285714
2742,0.2857142857142857
2743,4.071428571428571
2744,1.5357142857142858
2745,0.0
2746,1.0714285714285714
2747,1.3214285714285714
2748,1.6071428571428572
2749,1.5714285714285714
2750,0.0
2751,0.42857142857142855
2752,1.4642857142857142
2753,0.39285714285714285
2754,0.35714285714285715
2755,4.5
2756,0.75
2757,0.7142857142857143
2758,0.8571428571428571
2759,0.2857142857142857
2760,0.0
2761,1.6071428571428572
2762,0.6071428571428571
2763,0.10714285714285714
2764,2.2142857142857144
2765,1.3928571428571428
2766,2.892857142857143
2767,0.6428571428571429
2768,0.4642857142857143
2769,0.6785714285714286
2770,0.9642857142857143
2771,0.14285714285714285
2772,0.75
2773,0.42857142857142855
2774,0.6785714285714286
2775,0.5714285714285714
2776,0.17857142857142858
2777,1.1785714285714286
2778,2.75
2779,0.32142857142857145
2780,0.75
2781,0.42857142857142855
2782,1.1071428571428572
2783,0.35714285714285715
2784,3.6785714285714284
2785,3.5357142857142856
2786,2.392857142857143
2787,0.4642857142857143
2788,1.9642857142857142
2789,2.142857142857143
2790,0.75
2791,5.928571428571429
2792,2.4285714285714284
2793,2.0357142857142856
2794,1.1071428571428572
2795,1.2142857142857142
2796,3.0
2797,0.25
2798,0.7857142857142857
2799,0.2857142857142857
2800,2.25
2801,18.928571428571427
2802,2.9285714285714284
2803,0.0
2804,3.9642857142857144
2805,1.3928571428571428
2806,4.785714285714286
2807,1.0
2808,0.8214285714285714
2809,1.25
2810,1.4642857142857142
2811,0.25
2812,0.4642857142857143
2813,2.2142857142857144
2814,4.142857142857143
2815,0.17857142857142858
2816,0.35714285714285715
2817,0.25
2818,1.75
2819,0.9285714285714286
2820,1.5714285714285714
2821,0.2857142857142857
2822,3.5714285714285716
2823,1.9642857142857142
2824,1.9642857142857142
2825,1.9642857142857142
2826,1.3928571428571428
2827,0.42857142857142855
2828,0.6071428571428571
2829,0.0
2830,0.35714285714285715
2831,0.4642857142857143
2832,0.7142857142857143
2833,1.2857142857142858
2834,0.35714285714285715
2835,0.2857142857142857
2836,2.892857142857143
2837,2.4642857142857144
2838,0.32142857142857145
2839,0.42857142857142855
2840,3.107142857142857
2841,0.25
2842,2.2857142857142856
2843,1.75
2844,0.9285714285714286
2845,0.7142857142857143
2846,1.2142857142857142
2847,0.9642857142857143
2848,0.6428571428571429
2849,4.714285714285714
2850,2.0
2851,2.107142857142857
2852,1.1785714285714286
2853,1.75
2854,0.35714285714285715
2855,0.32142857142857145
2856,0.75
2857,0.14285714285714285
2858,0.25
2859,14.607142857142858
2860,3.0357142857142856
2861,0.0
2862,3.2857142857142856
2863,3.4285714285714284
2864,1.4285714285714286
2865,1.4285714285714286
2866,2.0
2867,0.75
2868,1.25
2869,0.8571428571428571
2870,0.2857142857142857
2871,2.2857142857142856
2872,2.107142857142857
2873,0.4642857142857143
2874,0.32142857142857145
2875,0.14285714285714285
2876,0.6428571428571429
2877,1.5357142857142858
2878,0.39285714285714285
2879,1.25
2880,5.25
2881,1.6071428571428572
2882,1.8928571428571428
2883,1.2142857142857142
2884,0.03571428571428571
2885,0.4642857142857143
2886,0.75
2887,2.107142857142857
2888,0.6428571428571429
2889,0.25
2890,0.42857142857142855
2891,0.2857142857142857
2892,0.17857142857142858
2893,0.10714285714285714
2894,2.4285714285714284
2895,2.7857142857142856
2896,0.7142857142857143
2897,0.42857142857142855
2898,0.8571428571428571
2899,0.75
2900,7.035714285714286
2901,2.4285714285714284
2902,1.1785714285714286
2903,0.32142857142857145
2904,0.8214285714285714
2905,0.03571428571428571
2906,0.5357142857142857
2907,2.2857142857142856
2908,1.8928571428571428
2909,0.75
2910,1.3571428571428572
2911,1.3214285714285714
2912,1.4642857142857142
2913,0.4642857142857143
2914,0.4642857142857143
2915,0.03571428571428571
2916,0.39285714285714285
2917,2.857142857142857
2918,2.607142857142857
2919,0.0
2920,3.1785714285714284
2921,1.1428571428571428
2922,1.6785714285714286
2923,1.9285714285714286
2924,0.6785714285714286
2925,0.6071428571428571
2926,1.25
2927,0.5357142857142857
2928,0.7142857142857143
2929,1.0
2930,2.607142857142857
2931,1.8571428571428572
2932,0.6071428571428571
2933,0.5714285714285714
2934,0.8214285714285714
2935,1.6785714285714286
2936,1.1785714285714286
2937,0.4642857142857143
2938,1.1785714285714286
2939,2.357142857142857
2940,2.142857142857143
2941,1.0714285714285714
2942,0.5357142857142857
2943,0.9285714285714286
2944,1.6071428571428572
2945,0.07142857142857142
2946,0.8214285714285714
2947,0.75
2948,0.7142857142857143
2949,1.2142857142857142
2950,0.25
2951,0.9285714285714286
2952,1.0
2953,0.5714285714285714
2954,1.1428571428571428
2955,0.6785714285714286
2956,1.75
2957,1.6071428571428572
2958,6.142857142857143
2959,1.6785714285714286
2960,1.2142857142857142
2961,0.6071428571428571
2962,0.6071428571428571
2963,0.5714285714285714
2964,1.3928571428571428
2965,2.357142857142857
2966,2.4285714285714284
2967,1.0714285714285714
2968,1.0
2969,1.9642857142857142
2970,0.42857142857142855
2971,1.0
2972,0.42857142857142855
2973,0.39285714285714285
2974,0.21428571428571427
2975,6.571428571428571
2976,3.607142857142857
2977,0.0
2978,2.8214285714285716
2979,2.392857142857143
2980,1.2142857142857142
2981,2.642857142857143
2982,1.4285714285714286
2983,0.4642857142857143
2984,0.10714285714285714
2985,0.6428571428571429
2986,1.2142857142857142
2987,5.071428571428571
2988,0.6071428571428571
2989,1.25
2990,1.0
2991,1.1071428571428572
2992,0.21428571428571427
2993,0.39285714285714285
2994,0.0
2995,0.42857142857142855
2996,1.2142857142857142
2997,1.8928571428571428
2998,0.6071428571428571
2999,0.32142857142857145
3000,0.5
3001,0.75
3002,0.75
3003,0.0
3004,1.3928571428571428
3005,0.35714285714285715
3006,0.75
3007,0.21428571428571427
3008,0.0
3009,0.75
3010,2.5714285714285716
3011,0.21428571428571427
3012,0.39285714285714285
3013,1.0714285714285714
3014,0.9642857142857143
3015,0.39285714285714285
3016,7.142857142857143
3017,1.6071428571428572
3018,2.25
3019,2.1785714285714284
3020,1.7857142857142858
3021,0.4642857142857143
3022,0.8214285714285714
3023,2.642857142857143
3024,1.6428571428571428
3025,2.1785714285714284
3026,1.0
3027,1.9285714285714286
3028,0.39285714285714285
3029,0.4642857142857143
3030,0.8571428571428571
3031,0.7142857142857143
3032,0.4642857142857143
3033,13.928571428571429
3034,3.642857142857143
3035,0.0
3036,4.571428571428571
3037,6.142857142857143
3038,1.8214285714285714
3039,1.2857142857142858
3040,2.75
3041,1.4285714285714286
3042,0.5357142857142857
3043,1.1785714285714286
3044,1.25
3045,1.3928571428571428
3046,0.8571428571428571
3047,1.4285714285714286
3048,1.25
3049,1.1428571428571428
3050,0.7857142857142857
3051,1.6428571428571428
3052,1.3928571428571428
3053,0.2857142857142857
3054,1.8928571428571428
3055,3.107142857142857
3056,2.607142857142857
3057,0.7857142857142857
3058,0.6071428571428571
3059,1.5
3060,1.8214285714285714
3061,0.10714285714285714
3062,1.0357142857142858
3063,0.8571428571428571
3064,0.8571428571428571
3065,0.35714285714285715
3066,1.1785714285714286
3067,0.75
3068,2.5714285714285716
3069,0.42857142857142855
3070,1.2857142857142858
3071,1.1785714285714286
3072,2.5357142857142856
3073,0.7857142857142857
3074,8.178571428571429
3075,4.107142857142857
3076,2.6785714285714284
3077,1.3571428571428572
3078,1.3571428571428572
3079,0.8571428571428571
3080,1.4285714285714286
3081,1.9642857142857142
3082,3.0714285714285716
3083,1.8571428571428572
3084,1.1428571428571428
3085,2.5714285714285716
3086,0.5357142857142857
3087,1.6428571428571428
3088,1.1071428571428572
3089,1.0
3090,0.32142857142857145
3091,9.642857142857142
3092,2.8214285714285716
3093,0.0
3094,5.321428571428571
3095,8.178571428571429
3096,1.8571428571428572
3097,1.6785714285714286
3098,2.2142857142857144
3099,0.7857142857142857
3100,0.8928571428571429
3101,1.2142857142857142
3102,1.4285714285714286
3103,2.25
3104,1.2857142857142858
3105,0.35714285714285715
3106,0.6428571428571429
3107,0.75
3108,0.5
3109,2.5714285714285716
3110,1.5714285714285714
3111,0.5
3112,2.7142857142857144
3113,2.3214285714285716
3114,2.3214285714285716
3115,1.1785714285714286
3116,1.1785714285714286
3117,0.6428571428571429
3118,1.3214285714285714
3119,0.0
3120,1.8928571428571428
3121,1.6785714285714286
3122,0.7142857142857143
3123,0.35714285714285715
3124,0.5357142857142857
3125,0.8571428571428571
3126,2.9285714285714284
3127,0.2857142857142857
3128,0.6071428571428571
3129,0.5
3130,1.7142857142857142
3131,1.3928571428571428
3132,4.214285714285714
3133,4.642857142857143
3134,5.0
3135,1.3571428571428572
3136,1.3571428571428572
3137,0.32142857142857145
3138,0.8214285714285714
3139,10.25
3140,3.4642857142857144
3141,2.7857142857142856
3142,0.32142857142857145
3143,2.3214285714285716
3144,0.5714285714285714
3145,5.071428571428571
3146,1.25
3147,1.4285714285714286
3148,1.0714285714285714
3149,16.035714285714285
3150,3.8214285714285716
3151,0.0
3152,4.0
3153,4.392857142857143
3154,1.8571428571428572
3155,2.9642857142857144
3156,4.678571428571429
3157,1.3214285714285714
3158,0.0
3159,1.5714285714285714
3160,0.25
3161,3.1785714285714284
3162,2.0
3163,0.0
3164,2.2857142857142856
3165,0.6071428571428571
3166,3.7857142857142856
3167,2.642857142857143
3168,0.35714285714285715
3169,0.8214285714285714
3170,5.821428571428571
3171,1.9285714285714286
3172,3.0357142857142856
3173,3.25
3174,2.2142857142857144
3175,1.8571428571428572
3176,2.5
3177,0.21428571428571427
3178,1.5714285714285714
3179,1.0357142857142858
3180,1.1071428571428572
3181,0.42857142857142855
3182,0.7142857142857143
3183,1.2142857142857142
3184,4.678571428571429
3185,0.25
3186,0.8571428571428571
3187,1.75
3188,2.7857142857142856
3189,0.0
3190,8.821428571428571
3191,2.25
3192,1.3928571428571428
3193,1.5
3194,2.0
3195,0.8571428571428571
3196,1.0
3197,3.142857142857143
3198,2.892857142857143
3199,2.2142857142857144
3200,2.8214285714285716
3201,2.75
3202,0.5
3203,0.8571428571428571
3204,2.142857142857143
3205,0.9642857142857143
3206,0.21428571428571427
3207,21.142857142857142
3208,6.857142857142857
3209,0.0
3210,5.464285714285714
3211,2.5714285714285716
3212,2.0714285714285716
3213,1.9642857142857142
3214,2.5714285714285716
3215,1.1071428571428572
3216,0.8571428571428571
3217,1.3928571428571428
3218,0.7857142857142857
3219,2.107142857142857
3220,2.0
3221,0.32142857142857145
3222,1.0714285714285714
3223,0.10714285714285714
3224,0.8928571428571429
3225,0.6785714285714286
3226,0.10714285714285714
3227,0.6428571428571429
3228,1.6785714285714286
3229,0.8571428571428571
3230,1.3214285714285714
3231,2.142857142857143
3232,0.5714285714285714
3233,0.17857142857142858
3234,0.7142857142857143
3235,0.07142857142857142
3236,1.5714285714285714
3237,0.6785714285714286
3238,0.42857142857142855
3239,0.6428571428571429
3240,1.75
3241,0.39285714285714285
3242,4.892857142857143
3243,3.9642857142857144
3244,0.42857142857142855
3245,0.7142857142857143
3246,3.0714285714285716
3247,0.21428571428571427
3248,10.321428571428571
3249,2.7142857142857144
3250,1.25
3251,1.0714285714285714
3252,0.8571428571428571
3253,0.4642857142857143
3254,0.9285714285714286
3255,2.642857142857143
3256,2.2142857142857144
3257,2.7142857142857144
3258,1.8214285714285714
3259,0.6785714285714286
3260,2.3214285714285716
3261,0.39285714285714285
3262,0.39285714285714285
3263,0.8928571428571429
3264,0.7857142857142857
3265,8.5
3266,4.392857142857143
3267,0.0
3268,2.357142857142857
3269,1.4285714285714286
3270,3.0714285714285716
3271,1.6785714285714286
3272,0.0
3273,0.7142857142857143
3274,2.142857142857143
3275,0.6071428571428571
3276,1.2142857142857142
3277,1.1785714285714286
3278,2.0357142857142856
3279,1.1785714285714286
3280,0.6785714285714286
3281,0.5714285714285714
3282,1.0714285714285714
3283,2.5714285714285716
3284,1.2142857142857142
3285,1.9642857142857142
3286,1.8571428571428572
3287,1.8928571428571428
3288,2.4642857142857144
3289,1.1071428571428572
3290,0.21428571428571427
3291,0.7857142857142857
3292,1.4642857142857142
3293,0.03571428571428571
3294,0.7142857142857143
3295,0.25
3296,0.8928571428571429
3297,0.8214285714285714
3298,0.8214285714285714
3299,1.9642857142857142
3300,2.3214285714285716
3301,0.8571428571428571
3302,2.2142857142857144
3303,0.6071428571428571
3304,2.6785714285714284
3305,2.0357142857142856
3306,1.9642857142857142
3307,1.3928571428571428
3308,1.8928571428571428
3309,0.39285714285714285
3310,0.2857142857142857
3311,0.2857142857142857
3312,0.35714285714285715
3313,0.8214285714285714
3314,1.3214285714285714
3315,0.8571428571428571
3316,1.2857142857142858
3317,0.6785714285714286
3318,0.8928571428571429
3319,0.21428571428571427
3320,0.6071428571428571
3321,0.10714285714285714
3322,0.2857142857142857
3323,4.071428571428571
3324,1.5357142857142858
3325,0.0
3326,1.0714285714285714
3327,1.3214285714285714
3328,1.6071428571428572
3329,1.5714285714285714
3330,0.0
3331,0.42857142857142855
3332,1.4642857142857142
3333,0.39285714285714285
3334,0.35714285714285715
3335,4.5
3336,0.75
3337,0.7142857142857143
3338,0.8571428571428571
3339,0.2857142857142857
3340,0.0
3341,1.6071428571428572
3342,0.6071428571428571
3343,0.10714285714285714
3344,2.2142857142857144
3345,1.3928571428571428
3346,2.892857142857143
3347,0.6428571428571429
3348,0.4642857142857143
3349,0.6785714285714286
3350,0.9642857142857143
3351,0.14285714285714285
3352,0.75
3353,0.42857142857142855
3354,0.6785714285714286
3355,0.5714285714285714
3356,0.17857142857142858
3357,1.1785714285714286
3358,2.75
3359,0.32142857142857145
3360,0.75
3361,0.42857142857142855
3362,1.1071428571428572
3363,0.35714285714285715
3364,3.6785714285714284
3365,3.5357142857142856
3366,2.392857142857143
3367,0.4642857142857143
3368,1.9642857142857142
3369,2.142857142857143
3370,0.75
3371,5.928571428571429
3372,2.4285714285714284
3373,2.0357142857142856
3374,1.1071428571428572
3375,1.2142857142857142
3376,3.0
3377,0.25
3378,0.7857142857142857
3379,0.2857142857142857
3380,2.25
3381,18.928571428571427
3382,2.9285714285714284
3383,0.0
3384,3.9642857142857144
3385,1.3928571428571428
3386,4.785714285714286
3387,1.0
3388,0.8214285714285714
3389,1.25
3390,1.4642857142857142
3391,0.25
3392,0.4642857142857143
3393,2.2142857142857144
3394,4.142857142857143
3395,0.17857142857142858
3396,0.35714285714285715
3397,0.25
3398,1.75
3399,0.9285714285714286
3400,1.5714285714285714
3401,0.2857142857142857
3402,3.5714285714285716
3403,1.9642857142857142
3404,1.9642857142857142
3405,1.9642857142857142
3406,1.3928571428571428
3407,0.42857142857142855
3408,0.6071428571428571
3409,0.0
3410,0.35714285714285715
3411,0.4642857142857143
3412,0.7142857142857143
3413,1.2857142857142858
3414,0.35714285714285715
3415,0.2857142857142857
3416,2.892857142857143
3417,2.4642857142857144
3418,0.32142857142857145
3419,0.42857142857142855
3420,3.107142857142857
3421,0.25
3422,2.2857142857142856
3423,1.75
3424,0.9285714285714286
3425,0.7142857142857143
3426,1.2142857142857142
3427,0.9642857142857143
3428,0.6428571428571429
3429,4.714285714285714
3430,2.0
3431,2.107142857142857
3432,1.1785714285714286
3433,1.75
3434,0.35714285714285715
3435,0.32142857142857145
3436,0.75
3437,0.14285714285714285
3438,0.25
3439,14.607142857142858
3440,3.0357142857142856
3441,0.0
3442,3.2857142857142856
3443,3.4285714285714284
3444,1.4285714285714286
3445,1.4285714285714286
3446,2.0
3447,0.75
3448,1.25
3449,0.8571428571428571
3450,0.2857142857142857
3451,2.2857142857142856
3452,2.107142857142857
3453,0.4642857142857143
3454,0.32142857142857145
3455,0.14285714285714285
3456,0.6428571428571429
3457,1.5357142857142858
3458,0.39285714285714285
3459,1.25
3460,5.25
3461,1.6071428571428572
3462,1.8928571428571428
3463,1.2142857142857142
3464,0.03571428571428571
3465,0.4642857142857143
3466,0.75
3467,2.107142857142857
3468,0.6428571428571429
3469,0.25
3470,0.42857142857142855
3471,0.2857142857142857
3472,0.17857142857142858
3473,0.10714285714285714
3474,2.4285714285714284
3475,2.7857142857142856
3476,0.7142857142857143
3477,0.42857142857142855
3478,0.8571428571428571
3479,0.75
3480,7.035714285714286
3481,2.4285714285714284
3482,1.1785714285714286
3483,0.32142857142857145
3484,0.8214285714285714
3485,0.03571428571428571
3486,0.5357142857142857
3487,2.2857142857142856
3488,1.8928571428571428
3489,0.75
3490,1.3571428571428572
3491,1.3214285714285714
3492,1.4642857142857142
3493,0.4642857142857143
3494,0.4642857142857143
3495,0.03571428571428571
3496,0.39285714285714285
3497,2.857142857142857
3498,2.607142857142857
3499,0.0
3500,3.1785714285714284
3501,1.1428571428571428
3502,1.6785714285714286
3503,1.9285714285714286
3504,0.6785714285714286
3505,0.6071428571428571
3506,1.25
3507,0.5357142857142857
3508,0.7142857142857143
3509,1.0
3510,2.607142857142857
3511,1.8571428571428572
3512,0.6071428571428571
3513,0.5714285714285714
3514,0.8214285714285714
3515,1.6785714285714286
3516,1.1785714285714286
3517,0.4642857142857143
3518,1.1785714285714286
3519,2.357142857142857
3520,2.142857142857143
3521,1.0714285714285714
3522,0.5357142857142857
3523,0.9285714285714286
3524,1.6071428571428572
3525,0.07142857142857142
3526,0.8214285714285714
3527,0.75
3528,0.7142857142857143
3529,1.2142857142857142
3530,0.25
3531,0.9285714285714286
3532,1.0
3533,0.5714285714285714
3534,1.1428571428571428
3535,0.6785714285714286
3536,1.75
3537,1.6071428571428572
3538,6.142857142857143
3539,1.6785714285714286
3540,1.2142857142857142
3541,0.6071428571428571
3542,0.6071428571428571
3543,0.5714285714285714
3544,1.3928571428571428
3545,2.357142857142857
3546,2.4285714285714284
3547,1.0714285714285714
3548,1.0
3549,1.9642857142857142
3550,0.42857142857142855
3551,1.0
3552,0.42857142857142855
3553,0.39285714285714285
3554,0.21428571428571427
3555,6.571428571428571
3556,3.607142857142857
3557,0.0
3558,2.8214285714285716
3559,2.392857142857143
3560,1.2142857142857142
3561,2.642857142857143
3562,1.4285714285714286
3563,0.4642857142857143
3564,0.10714285714285714
3565,0.6428571428571429
3566,1.2142857142857142
3567,5.071428571428571
3568,0.6071428571428571
3569,1.25
3570,1.0
3571,1.1071428571428572
3572,0.21428571428571427
3573,0.39285714285714285
3574,0.0
3575,0.42857142857142855
3576,1.2142857142857142
3577,1.8928571428571428
3578,0.6071428571428571
3579,0.32142857142857145
3580,0.5
3581,0.75
3582,0.75
3583,0.0
3584,1.3928571428571428
3585,0.35714285714285715
3586,0.75
3587,0.21428571428571427
3588,0.0
3589,0.75
3590,2.5714285714285716
3591,0.21428571428571427
3592,0.39285714285714285
3593,1.0714285714285714
3594,0.9642857142857143
3595,0.39285714285714285
3596,7.142857142857143
3597,1.6071428571428572
3598,2.25
3599,2.1785714285714284
3600,1.7857142857142858
3601,0.4642857142857143
3602,0.8214285714285714
3603,2.642857142857143
3604,1.6428571428571428
3605,2.1785714285714284
3606,1.0
3607,1.9285714285714286
3608,0.39285714285714285
3609,0.4642857142857143
3610,0.8571428571428571
3611,0.7142857142857143
3612,0.4642857142857143
3613,13.928571428571429
3614,3.642857142857143
3615,0.0
3616,4.571428571428571
3617,6.142857142857143
3618,1.8214285714285714
3619,1.2857142857142858
3620,2.75
3621,1.4285714285714286
3622,0.5357142857142857
3623,1.1785714285714286
3624,1.25
3625,1.3928571428571428
3626,0.8571428571428571
3627,1.4285714285714286
3628,1.25
3629,1.1428571428571428
3630,0.7857142857142857
3631,1.6428571428571428
3632,1.3928571428571428
3633,0.2857142857142857
3634,1.8928571428571428
3635,3.107142857142857
3636,2.607142857142857
3637,0.7857142857142857
3638,0.6071428571428571
3639,1.5
3640,1.8214285714285714
3641,0.10714285714285714
3642,1.0357142857142858
3643,0.8571428571428571
3644,0.8571428571428571
3645,0.35714285714285715
3646,1.1785714285714286
3647,0.75
3648,2.5714285714285716
3649,0.42857142857142855
3650,1.2857142857142858
3651,1.1785714285714286
3652,2.5357142857142856
3653,0.7857142857142857
3654,8.178571428571429
3655,4.107142857142857
3656,2.6785714285714284
3657,1.3571428571428572
3658,1.3571428571428572
3659,0.8571428571428571
3660,1.4285714285714286
3661,1.9642857142857142
3662,3.0714285714285716
3663,1.8571428571428572
3664,1.1428571428571428
3665,2.5714285714285716
3666,0.5357142857142857
3667,1.6428571428571428
3668,1.1071428571428572
3669,1.0
3670,0.32142857142857145
3671,9.642857142857142
3672,2.8214285714285716
3673,0.0
3674,5.321428571428571
3675,8.178571428571429
3676,1.8571428571428572
3677,1.6785714285714286
3678,2.2142857142857144
3679,0.7857142857142857
3680,0.8928571428571429
3681,1.2142857142857142
3682,1.4285714285714286
3683,2.25
3684,1.2857142857142858
3685,0.35714285714285715
3686,0.6428571428571429
3687,0.75
3688,0.5
3689,2.5714285714285716
3690,1.5714285714285714
3691,0.5
3692,2.7142857142857144
3693,2.3214285714285716
3694,2.3214285714285716
3695,1.1785714285714286
3696,1.1785714285714286
3697,0.6428571428571429
3698,1.3214285714285714
3699,0.0
3700,1.8928571428571428
3701,1.6785714285714286
3702,0.7142857142857143
3703,0.35714285714285715
3704,0.5357142857142857
3705,0.8571428571428571
3706,2.9285714285714284
3707,0.2857142857142857
3708,0.6071428571428571
3709,0.5
3710,1.7142857142857142
3711,1.3928571428571428
3712,4.214285714285714
3713,4.642857142857143
3714,5.0
3715,1.3571428571428572
3716,1.3571428571428572
3717,0.32142857142857145
3718,0.8214285714285714
3719,10.25
3720,3.4642857142857144
3721,2.7857142857142856
3722,0.32142857142857145
3723,2.3214285714285716
3724,0.5714285714285714
3725,5.071428571428571
3726,1.25
3727,1.4285714285714286
3728,1.0714285714285714
3729,16.035714285714285
3730,3.8214285714285716
3731,0.0
3732,4.0
3733,4.392857142857143
3734,1.8571428571428572
3735,2.9642857142857144
3736,4.678571428571429
3737,1.3214285714285714
3738,0.0
3739,1.5714285714285714
3740,0.25
3741,3.1785714285714284
3742,2.0
3743,0.0
3744,2.2857142857142856
3745,0.6071428571428571
3746,3.7857142857142856
3747,2.642857142857143
3748,0.35714285714285715
3749,0.8214285714285714
3750,5.821428571428571
3751,1.9285714285714286
3752,3.0357142857142856
3753,3.25
3754,2.2142857142857144
3755,1.8571428571428572
3756,2.5
3757,0.21428571428571427
3758,1.5714285714285714
3759,1.0357142857142858
3760,1.1071428571428572
3761,0.42857142857142855
3762,0.7142857142857143
3763,1.2142857142857142
3764,4.678571428571429
3765,0.25
3766,0.8571428571428571
3767,1.75
3768,2.7857142857142856
3769,0.0
3770,8.821428571428571
3771,2.25
3772,1.3928571428571428
3773,1.5
3774,2.0
3775,0.8571428571428571
3776,1.0
3777,3.142857142857143
3778,2.892857142857143
3779,2.2142857142857144
3780,2.8214285714285716
3781,2.75
3782,0.5
3783,0.8571428571428571
3784,2.142857142857143
3785,0.9642857142857143
3786,0.21428571428571427
3787,21.142857142857142
3788,6.857142857142857
3789,0.0
3790,5.464285714285714
3791,2.5714285714285716
3792,2.0714285714285716
3793,1.9642857142857142
3794,2.5714285714285716
3795,1.1071428571428572
3796,0.8571428571428571
3797,1.3928571428571428
3798,0.7857142857142857
3799,2.107142857142857
3800,2.0
3801,0.32142857142857145
3802,1.0714285714285714
3803,0.10714285714285714
3804,0.8928571428571429
3805,0.6785714285714286
3806,0.10714285714285714
3807,0.6428571428571429
3808,1.6785714285714286
3809,0.8571428571428571
3810,1.3214285714285714
3811,2.142857142857143
3812,0.5714285714285714
3813,0.17857142857142858
3814,0.7142857142857143
3815,0.07142857142857142
3816,1.5714285714285714
3817,0.6785714285714286
3818,0.42857142857142855
3819,0.6428571428571429
3820,1.75
3821,0.39285714285714285
3822,4.892857142857143
3823,3.9642857142857144
3824,0.42857142857142855
3825,0.7142857142857143
3826,3.0714285714285716
3827,0.21428571428571427
3828,10.321428571428571
3829,2.7142857142857144
3830,1.25
3831,1.0714285714285714
3832,0.8571428571428571
3833,0.4642857142857143
3834,0.9285714285714286
3835,2.642857142857143
3836,2.2142857142857144
3837,2.7142857142857144
3838,1.8214285714285714
3839,0.6785714285714286
3840,2.3214285714285716
3841,0.39285714285714285
3842,0.39285714285714285
3843,0.8928571428571429
3844,0.7857142857142857
3845,8.5
3846,4.392857142857143
3847,0.0
3848,2.357142857142857
3849,1.4285714285714286
3850,3.0714285714285716
3851,1.6785714285714286
3852,0.0
3853,0.7142857142857143
3854,2.142857142857143
3855,0.6071428571428571
3856,1.2142857142857142
3857,1.1785714285714286
3858,2.0357142857142856
3859,1.1785714285714286
3860,0.6785714285714286
3861,0.5714285714285714
3862,1.0714285714285714
3863,2.5714285714285716
3864,1.2142857142857142
3865,1.9642857142857142
3866,1.8571428571428572
3867,1.8928571428571428
3868,2.4642857142857144
3869,1.1071428571428572
3870,0.21428571428571427
3871,0.7857142857142857
3872,1.4642857142857142
3873,0.03571428571428571
3874,0.7142857142857143
3875,0.25
3876,0.8928571428571429
3877,0.8214285714285714
3878,0.8214285714285714
3879,1.9642857142857142
3880,2.3214285714285716
3881,0.8571428571428571
3882,2.2142857142857144
3883,0.6071428571428571
3884,2.6785714285714284
3885,2.0357142857142856
3886,1.9642857142857142
3887,1.3928571428571428
3888,1.8928571428571428
3889,0.39285714285714285
3890,0.2857142857142857
3891,0.2857142857142857
3892,0.35714285714285715
3893,0.8214285714285714
3894,1.3214285714285714
3895,0.8571428571428571
3896,1.2857142857142858
3897,0.6785714285714286
3898,0.8928571428571429
3899,0.21428571428571427
3900,0.6071428571428571
3901,0.10714285714285714
3902,0.2857142857142857
3903,4.071428571428571
3904,1.5357142857142858
3905,0.0
3906,1.0714285714285714
3907,1.3214285714285714
3908,1.6071428571428572
3909,1.5714285714285714
3910,0.0
3911,0.42857142857142855
3912,1.4642857142857142
3913,0.39285714285714285
3914,0.35714285714285715
3915,4.5
3916,0.75
3917,0.7142857142857143
3918,0.8571428571428571
3919,0.2857142857142857
3920,0.0
3921,1.6071428571428572
3922,0.6071428571428571
3923,0.10714285714285714
3924,2.2142857142857144
3925,1.3928571428571428
3926,2.892857142857143
3927,0.6428571428571429
3928,0.4642857142857143
3929,0.6785714285714286
3930,0.9642857142857143
3931,0.14285714285714285
3932,0.75
3933,0.42857142857142855
3934,0.6785714285714286
3935,0.5714285714285714
3936,0.17857142857142858
3937,1.1785714285714286
3938,2.75
3939,0.32142857142857145
3940,0.75
3941,0.42857142857142855
3942,1.1071428571428572
3943,0.35714285714285715
3944,3.6785714285714284
3945,3.5357142857142856
3946,2.392857142857143
3947,0.4642857142857143
3948,1.9642857142857142
3949,2.142857142857143
3950,0.75
3951,5.928571428571429
3952,2.4285714285714284
3953,2.0357142857142856
3954,1.1071428571428572
3955,1.2142857142857142
3956,3.0
3957,0.25
3958,0.7857142857142857
3959,0.2857142857142857
3960,2.25
3961,18.928571428571427
3962,2.9285714285714284
3963,0.0
3964,3.9642857142857144
3965,1.3928571428571428
3966,4.785714285714286
3967,1.0
3968,0.8214285714285714
3969,1.25
3970,1.4642857142857142
3971,0.25
3972,0.4642857142857143
3973,2.2142857142857144
3974,4.142857142857143
3975,0.17857142857142858
3976,0.35714285714285715
3977,0.25
3978,1.75
3979,0.9285714285714286
3980,1.5714285714285714
3981,0.2857142857142857
3982,3.5714285714285716
3983,1.9642857142857142
3984,1.9642857142857142
3985,1.9642857142857142
3986,1.3928571428571428
3987,0.42857142857142855
3988,0.6071428571428571
3989,0.0
3990,0.35714285714285715
3991,0.4642857142857143
3992,0.7142857142857143
3993,1.2857142857142858
3994,0.35714285714285715
3995,0.2857142857142857
3996,2.892857142857143
3997,2.4642857142857144
3998,0.32142857142857145
3999,0.42857142857142855
4000,3.107142857142857
4001,0.25
4002,2.2857142857142856
4003,1.75
4004,0.9285714285714286
4005,0.7142857142857143
4006,1.2142857142857142
4007,0.9642857142857143
4008,0.6428571428571429
4009,4.714285714285714
4010,2.0
4011,2.107142857142857
4012,1.1785714285714286
4013,1.75
4014,0.35714285714285715
4015,0.32142857142857145
4016,0.75
4017,0.14285714285714285
4018,0.25
4019,14.607142857142858
4020,3.0357142857142856
4021,0.0
4022,3.2857142857142856
4023,3.4285714285714284
4024,1.4285714285714286
4025,1.4285714285714286
4026,2.0
4027,0.75
4028,1.25
4029,0.8571428571428571
4030,0.2857142857142857
4031,2.2857142857142856
4032,2.107142857142857
4033,0.4642857142857143
4034,0.32142857142857145
4035,0.14285714285714285
4036,0.6428571428571429
4037,1.5357142857142858
4038,0.39285714285714285
4039,1.25
4040,5.25
4041,1.6071428571428572
4042,1.8928571428571428
4043,1.2142857142857142
4044,0.03571428571428571
4045,0.4642857142857143
4046,0.75
4047,2.107142857142857
4048,0.6428571428571429
4049,0.25
4050,0.42857142857142855
4051,0.2857142857142857
4052,0.17857142857142858
4053,0.10714285714285714
4054,2.4285714285714284
4055,2.7857142857142856
4056,0.7142857142857143
4057,0.42857142857142855
4058,0.8571428571428571
4059,0.75
4060,7.035714285714286
4061,2.4285714285714284
4062,1.1785714285714286
4063,0.32142857142857145
4064,0.8214285714285714
4065,0.03571428571428571
4066,0.5357142857142857
4067,2.2857142857142856
4068,1.8928571428571428
4069,0.75
4070,1.3571428571428572
4071,1.3214285714285714
4072,1.4642857142857142
4073,0.4642857142857143
4074,0.4642857142857143
4075,0.03571428571428571
4076,0.39285714285714285
4077,2.857142857142857
4078,2.607142857142857
4079,0.0
4080,3.1785714285714284
4081,1.1428571428571428
4082,1.6785714285714286
4083,1.9285714285714286
4084,0.6785714285714286
4085,0.6071428571428571
4086,1.25
4087,0.5357142857142857
4088,0.7142857142857143
4089,1.0
4090,2.607142857142857
4091,1.8571428571428572
4092,0.6071428571428571
4093,0.5714285714285714
4094,0.8214285714285714
4095,1.6785714285714286
4096,1.1785714285714286
4097,0.4642857142857143
4098,1.1785714285714286
4099,2.357142857142857
4100,2.142857142857143
4101,1.0714285714285714
4102,0.5357142857142857
4103,0.9285714285714286
4104,1.6071428571428572
4105,0.07142857142857142
4106,0.8214285714285714
4107,0.75
4108,0.7142857142857143
4109,1.2142857142857142
4110,0.25
4111,0.9285714285714286
4112,1.0
4113,0.5714285714285714
4114,1.1428571428571428
4115,0.6785714285714286
4116,1.75
4117,1.6071428571428572
4118,6.142857142857143
4119,1.6785714285714286
4120,1.2142857142857142
4121,0.6071428571428571
4122,0.6071428571428571
4123,0.5714285714285714
4124,1.3928571428571428
4125,2.357142857142857
4126,2.4285714285714284
4127,1.0714285714285714
4128,1.0
4129,1.9642857142857142
4130,0.42857142857142855
4131,1.0
4132,0.42857142857142855
4133,0.39285714285714285
4134,0.21428571428571427
4135,6.571428571428571
4136,3.607142857142857
4137,0.0
4138,2.8214285714285716
4139,2.392857142857143
4140,1.2142857142857142
4141,2.642857142857143
4142,1.4285714285714286
4143,0.4642857142857143
4144,0.10714285714285714
4145,0.6428571428571429
4146,1.2142857142857142
4147,5.071428571428571
4148,0.6071428571428571
4149,1.25
4150,1.0
4151,1.1071428571428572
4152,0.21428571428571427
4153,0.39285714285714285
4154,0.0
4155,0.42857142857142855
4156,1.2142857142857142
4157,1.8928571428571428
4158,0.6071428571428571
4159,0.32142857142857145
4160,0.5
4161,0.75
4162,0.75
4163,0.0
4164,1.3928571428571428
4165,0.35714285714285715
4166,0.75
4167,0.21428571428571427
4168,0.0
4169,0.75
4170,2.5714285714285716
4171,0.21428571428571427
4172,0.39285714285714285
4173,1.0714285714285714
4174,0.9642857142857143
4175,0.39285714285714285
4176,7.142857142857143
4177,1.6071428571428572
4178,2.25
4179,2.1785714285714284
4180,1.7857142857142858
4181,0.4642857142857143
4182,0.8214285714285714
4183,2.642857142857143
4184,1.6428571428571428
4185,2.1785714285714284
4186,1.0
4187,1.9285714285714286
4188,0.39285714285714285
4189,0.4642857142857143
4190,0.8571428571428571
4191,0.7142857142857143
4192,0.4642857142857143
4193,13.928571428571429
4194,3.642857142857143
4195,0.0
4196,4.571428571428571
4197,6.142857142857143
4198,1.8214285714285714
4199,1.2857142857142858
4200,2.75
4201,1.4285714285714286
4202,0.5357142857142857
4203,1.1785714285714286
4204,1.25
4205,1.3928571428571428
4206,0.8571428571428571
4207,1.4285714285714286
4208,1.25
4209,1.1428571428571428
4210,0.7857142857142857
4211,1.6428571428571428
4212,1.3928571428571428
4213,0.2857142857142857
4214,1.8928571428571428
4215,3.107142857142857
4216,2.607142857142857
4217,0.7857142857142857
4218,0.6071428571428571
4219,1.5
4220,1.8214285714285714
4221,0.10714285714285714
4222,1.0357142857142858
4223,0.8571428571428571
4224,0.8571428571428571
4225,0.35714285714285715
4226,1.1785714285714286
4227,0.75
4228,2.5714285714285716
4229,0.42857142857142855
4230,1.2857142857142858
4231,1.1785714285714286
4232,2.5357142857142856
4233,0.7857142857142857
4234,8.178571428571429
4235,4.107142857142857
4236,2.6785714285714284
4237,1.3571428571428572
4238,1.3571428571428572
4239,0.8571428571428571
4240,1.4285714285714286
4241,1.9642857142857142
4242,3.0714285714285716
4243,1.8571428571428572
4244,1.1428571428571428
4245,2.5714285714285716
4246,0.5357142857142857
4247,1.6428571428571428
4248,1.1071428571428572
4249,1.0
4250,0.32142857142857145
4251,9.642857142857142
4252,2.8214285714285716
4253,0.0
4254,5.321428571428571
4255,8.178571428571429
4256,1.8571428571428572
4257,1.6785714285714286
4258,2.2142857142857144
4259,0.7857142857142857
4260,0.8928571428571429
4261,1.2142857142857142
4262,1.4285714285714286
4263,2.25
4264,1.2857142857142858
4265,0.35714285714285715
4266,0.6428571428571429
4267,0.75
4268,0.5
4269,2.5714285714285716
4270,1.5714285714285714
4271,0.5
4272,2.7142857142857144
4273,2.3214285714285716
4274,2.3214285714285716
4275,1.1785714285714286
4276,1.1785714285714286
4277,0.6428571428571429
4278,1.3214285714285714
4279,0.0
4280,1.8928571428571428
4281,1.6785714285714286
4282,0.7142857142857143
4283,0.35714285714285715
4284,0.5357142857142857
4285,0.8571428571428571
4286,2.9285714285714284
4287,0.2857142857142857
4288,0.6071428571428571
4289,0.5
4290,1.7142857142857142
4291,1.3928571428571428
4292,4.214285714285714
4293,4.642857142857143
4294,5.0
4295,1.3571428571428572
4296,1.3571428571428572
4297,0.32142857142857145
4298,0.8214285714285714
4299,10.25
4300,3.4642857142857144
4301,2.7857142857142856
4302,0.32142857142857145
4303,2.3214285714285716
4304,0.5714285714285714
4305,5.071428571428571
4306,1.25
4307,1.4285714285714286
4308,1.0714285714285714
4309,16.035714285714285
4310,3.8214285714285716
4311,0.0
4312,4.0
4313,4.392857142857143
4314,1.8571428571428572
4315,2.9642857142857144
4316,4.678571428571429
4317,1.3214285714285714
4318,0.0
4319,1.5714285714285714
4320,0.25
4321,3.1785714285714284
4322,2.0
4323,0.0
4324,2.2857142857142856
4325,0.6071428571428571
4326,3.7857142857142856
4327,2.642857142857143
4328,0.35714285714285715
4329,0.8214285714285714
4330,5.821428571428571
4331,1.9285714285714286
4332,3.0357142857142856
4333,3.25
4334,2.2142857142857144
4335,1.8571428571428572
4336,2.5
4337,0.21428571428571427
4338,1.5714285714285714
4339,1.0357142857142858
4340,1.1071428571428572
4341,0.42857142857142855
4342,0.7142857142857143
4343,1.2142857142857142
4344,4.678571428571429
4345,0.25
4346,0.8571428571428571
4347,1.75
4348,2.7857142857142856
4349,0.0
4350,8.821428571428571
4351,2.25
4352,1.3928571428571428
4353,1.5
4354,2.0
4355,0.8571428571428571
4356,1.0
4357,3.142857142857143
4358,2.892857142857143
4359,2.2142857142857144
4360,2.8214285714285716
4361,2.75
4362,0.5
4363,0.8571428571428571
4364,2.142857142857143
4365,0.9642857142857143
4366,0.21428571428571427
4367,21.142857142857142
4368,6.857142857142857
4369,0.0
4370,5.464285714285714
4371,2.5714285714285716
4372,2.0714285714285716
4373,1.9642857142857142
4374,2.5714285714285716
4375,1.1071428571428572
4376,0.8571428571428571
4377,1.3928571428571428
4378,0.7857142857142857
4379,2.107142857142857
4380,2.0
4381,0.32142857142857145
4382,1.0714285714285714
4383,0.10714285714285714
4384,0.8928571428571429
4385,0.6785714285714286
4386,0.10714285714285714
4387,0.6428571428571429
4388,1.6785714285714286
4389,0.8571428571428571
4390,1.3214285714285714
4391,2.142857142857143
4392,0.5714285714285714
4393,0.17857142857142858
4394,0.7142857142857143
4395,0.07142857142857142
4396,1.5714285714285714
4397,0.6785714285714286
4398,0.42857142857142855
4399,0.6428571428571429
4400,1.75
4401,0.39285714285714285
4402,4.892857142857143
4403,3.9642857142857144
4404,0.42857142857142855
4405,0.7142857142857143
4406,3.0714285714285716
4407,0.21428571428571427
4408,10.321428571428571
4409,2.7142857142857144
4410,1.25
4411,1.0714285714285714
4412,0.8571428571428571
4413,0.4642857142857143
4414,0.9285714285714286
4415,2.642857142857143
4416,2.2142857142857144
4417,2.7142857142857144
4418,1.8214285714285714
4419,0.6785714285714286
4420,2.3214285714285716
4421,0.39285714285714285
4422,0.39285714285714285
4423,0.8928571428571429
4424,0.7857142857142857
4425,8.5
4426,4.392857142857143
4427,0.0
4428,2.357142857142857
4429,1.4285714285714286
4430,3.0714285714285716
4431,1.6785714285714286
4432,0.0
4433,0.7142857142857143
4434,2.142857142857143
4435,0.6071428571428571
4436,1.2142857142857142
4437,1.1785714285714286
4438,2.0357142857142856
4439,1.1785714285714286
4440,0.6785714285714286
4441,0.5714285714285714
4442,1.0714285714285714
4443,2.5714285714285716
4444,1.2142857142857142
4445,1.9642857142857142
4446,1.8571428571428572
4447,1.8928571428571428
4448,2.4642857142857144
4449,1.1071428571428572
4450,0.21428571428571427
4451,0.7857142857142857
4452,1.4642857142857142
4453,0.03571428571428571
4454,0.7142857142857143
4455,0.25
4456,0.8928571428571429
4457,0.8214285714285714
4458,0.8214285714285714
4459,1.9642857142857142
4460,2.3214285714285716
4461,0.8571428571428571
4462,2.2142857142857144
4463,0.6071428571428571
4464,2.6785714285714284
4465,2.0357142857142856
4466,1.9642857142857142
4467,1.3928571428571428
4468,1.8928571428571428
4469,0.39285714285714285
4470,0.2857142857142857
4471,0.2857142857142857
4472,0.35714285714285715
4473,0.8214285714285714
4474,1.3214285714285714
4475,0.8571428571428571
4476,1.2857142857142858
4477,0.6785714285714286
4478,0.8928571428571429
4479,0.21428571428571427
4480,0.6071428571428571
4481,0.10714285714285714
4482,0.2857142857142857
4483,4.071428571428571
4484,1.5357142857142858
4485,0.0
4486,1.0714285714285714
4487,1.3214285714285714
4488,1.6071428571428572
4489,1.5714285714285714
4490,0.0
4491,0.42857142857142855
4492,1.4642857142857142
4493,0.39285714285714285
4494,0.35714285714285715
4495,4.5
4496,0.75
4497,0.7142857142857143
4498,0.8571428571428571
4499,0.2857142857142857
4500,0.0
4501,1.6071428571428572
4502,0.6071428571428571
4503,0.10714285714285714
4504,2.2142857142857144
4505,1.3928571428571428
4506,2.892857142857143
4507,0.6428571428571429
4508,0.4642857142857143
4509,0.6785714285714286
4510,0.9642857142857143
4511,0.14285714285714285
4512,0.75
4513,0.42857142857142855
4514,0.6785714285714286
4515,0.5714285714285714
4516,0.17857142857142858
4517,1.1785714285714286
4518,2.75
4519,0.32142857142857145
4520,0.75
4521,0.42857142857142855
4522,1.1071428571428572
4523,0.35714285714285715
4524,3.6785714285714284
4525,3.5357142857142856
4526,2.392857142857143
4527,0.4642857142857143
4528,1.9642857142857142
4529,2.142857142857143
4530,0.75
4531,5.928571428571429
4532,2.4285714285714284
4533,2.0357142857142856
4534,1.1071428571428572
4535,1.2142857142857142
4536,3.0
4537,0.25
4538,0.7857142857142857
4539,0.2857142857142857
4540,2.25
4541,18.928571428571427
4542,2.9285714285714284
4543,0.0
4544,3.9642857142857144
4545,1.3928571428571428
4546,4.785714285714286
4547,1.0
4548,0.8214285714285714
4549,1.25
4550,1.4642857142857142
4551,0.25
4552,0.4642857142857143
4553,2.2142857142857144
4554,4.142857142857143
4555,0.17857142857142858
4556,0.35714285714285715
4557,0.25
4558,1.75
4559,0.9285714285714286
4560,1.5714285714285714
4561,0.2857142857142857
4562,3.5714285714285716
4563,1.9642857142857142
4564,1.9642857142857142
4565,1.9642857142857142
4566,1.3928571428571428
4567,0.42857142857142855
4568,0.6071428571428571
4569,0.0
4570,0.35714285714285715
4571,0.4642857142857143
4572,0.7142857142857143
4573,1.2857142857142858
4574,0.35714285714285715
4575,0.2857142857142857
4576,2.892857142857143
4577,2.4642857142857144
4578,0.32142857142857145
4579,0.42857142857142855
4580,3.107142857142857
4581,0.25
4582,2.2857142857142856
4583,1.75
4584,0.9285714285714286
4585,0.7142857142857143
4586,1.2142857142857142
4587,0.9642857142857143
4588,0.6428571428571429
4589,4.714285714285714
4590,2.0
4591,2.107142857142857
4592,1.1785714285714286
4593,1.75
4594,0.35714285714285715
4595,0.32142857142857145
4596,0.75
4597,0.14285714285714285
4598,0.25
4599,14.607142857142858
4600,3.0357142857142856
4601,0.0
4602,3.2857142857142856
4603,3.4285714285714284
4604,1.4285714285714286
4605,1.4285714285714286
4606,2.0
4607,0.75
4608,1.25
4609,0.8571428571428571
4610,0.2857142857142857
4611,2.2857142857142856
4612,2.107142857142857
4613,0.4642857142857143
4614,0.32142857142857145
4615,0.14285714285714285
4616,0.6428571428571429
4617,1.5357142857142858
4618,0.39285714285714285
4619,1.25
4620,5.25
4621,1.6071428571428572
4622,1.8928571428571428
4623,1.2142857142857142
4624,0.03571428571428571
4625,0.4642857142857143
4626,0.75
4627,2.107142857142857
4628,0.6428571428571429
4629,0.25
4630,0.42857142857142855
4631,0.2857142857142857
4632,0.17857142857142858
4633,0.10714285714285714
4634,2.4285714285714284
4635,2.7857142857142856
4636,0.7142857142857143
4637,0.42857142857142855
4638,0.8571428571428571
4639,0.75
4640,7.035714285714286
4641,2.4285714285714284
4642,1.1785714285714286
4643,0.32142857142857145
4644,0.8214285714285714
4645,0.03571428571428571
4646,0.5357142857142857
4647,2.2857142857142856
4648,1.8928571428571428
4649,0.75
4650,1.3571428571428572
4651,1.3214285714285714
4652,1.4642857142857142
4653,0.4642857142857143
4654,0.4642857142857143
4655,0.03571428571428571
4656,0.39285714285714285
4657,2.857142857142857
4658,2.607142857142857
4659,0.0
4660,3.1785714285714284
4661,1.1428571428571428
4662,1.6785714285714286
4663,1.9285714285714286
4664,0.6785714285714286
4665,0.6071428571428571
4666,1.25
4667,0.5357142857142857
4668,0.7142857142857143
4669,1.0
4670,2.607142857142857
4671,1.8571428571428572
4672,0.6071428571428571
4673,0.5714285714285714
4674,0.8214285714285714
4675,1.6785714285714286
4676,1.1785714285714286
4677,0.4642857142857143
4678,1.1785714285714286
4679,2.357142857142857
4680,2.142857142857143
4681,1.0714285714285714
4682,0.5357142857142857
4683,0.9285714285714286
4684,1.6071428571428572
4685,0.07142857142857142
4686,0.8214285714285714
4687,0.75
4688,0.7142857142857143
4689,1.2142857142857142
4690,0.25
4691,0.9285714285714286
4692,1.0
4693,0.5714285714285714
4694,1.1428571428571428
4695,0.6785714285714286
4696,1.75
4697,1.6071428571428572
4698,6.142857142857143
4699,1.6785714285714286
4700,1.2142857142857142
4701,0.6071428571428571
4702,0.6071428571428571
4703,0.5714285714285714
4704,1.3928571428571428
4705,2.357142857142857
4706,2.4285714285714284
4707,1.0714285714285714
4708,1.0
4709,1.9642857142857142
4710,0.42857142857142855
4711,1.0
4712,0.42857142857142855
4713,0.39285714285714285
4714,0.21428571428571427
4715,6.571428571428571
4716,3.607142857142857
4717,0.0
4718,2.8214285714285716
4719,2.392857142857143
4720,1.2142857142857142
4721,2.642857142857143
4722,1.4285714285714286
4723,0.4642857142857143
4724,0.10714285714285714
4725,0.6428571428571429
4726,1.2142857142857142
4727,5.071428571428571
4728,0.6071428571428571
4729,1.25
4730,1.0
4731,1.1071428571428572
4732,0.21428571428571427
4733,0.39285714285714285
4734,0.0
4735,0.42857142857142855
4736,1.2142857142857142
4737,1.8928571428571428
4738,0.6071428571428571
4739,0.32142857142857145
4740,0.5
4741,0.75
4742,0.75
4743,0.0
4744,1.3928571428571428
4745,0.35714285714285715
4746,0.75
4747,0.21428571428571427
4748,0.0
4749,0.75
4750,2.5714285714285716
4751,0.21428571428571427
4752,0.39285714285714285
4753,1.0714285714285714
4754,0.9642857142857143
4755,0.39285714285714285
4756,7.142857142857143
4757,1.6071428571428572
4758,2.25
4759,2.1785714285714284
4760,1.7857142857142858
4761,0.4642857142857143
4762,0.8214285714285714
4763,2.642857142857143
4764,1.6428571428571428
4765,2.1785714285714284
4766,1.0
4767,1.9285714285714286
4768,0.39285714285714285
4769,0.4642857142857143
4770,0.8571428571428571
4771,0.7142857142857143
4772,0.4642857142857143
4773,13.928571428571429
4774,3.642857142857143
4775,0.0
4776,4.571428571428571
4777,6.142857142857143
4778,1.8214285714285714
4779,1.2857142857142858
4780,2.75
4781,1.4285714285714286
4782,0.5357142857142857
4783,1.1785714285714286
4784,1.25
4785,1.3928571428571428
4786,0.8571428571428571
4787,1.4285714285714286
4788,1.25
4789,1.1428571428571428
4790,0.7857142857142857
4791,1.6428571428571428
4792,1.3928571428571428
4793,0.2857142857142857
4794,1.8928571428571428
4795,3.107142857142857
4796,2.607142857142857
4797,0.7857142857142857
4798,0.6071428571428571
4799,1.5
4800,1.8214285714285714
4801,0.10714285714285714
4802,1.0357142857142858
4803,0.8571428571428571
4804,0.8571428571428571
4805,0.35714285714285715
4806,1.1785714285714286
4807,0.75
4808,2.5714285714285716
4809,0.42857142857142855
4810,1.2857142857142858
4811,1.1785714285714286
4812,2.5357142857142856
4813,0.7857142857142857
4814,8.178571428571429
4815,4.107142857142857
4816,2.6785714285714284
4817,1.3571428571428572
4818,1.3571428571428572
4819,0.8571428571428571
4820,1.4285714285714286
4821,1.9642857142857142
4822,3.0714285714285716
4823,1.8571428571428572
4824,1.1428571428571428
4825,2.5714285714285716
4826,0.5357142857142857
4827,1.6428571428571428
4828,1.1071428571428572
4829,1.0
4830,0.32142857142857145
4831,9.642857142857142
4832,2.8214285714285716
4833,0.0
4834,5.321428571428571
4835,8.178571428571429
4836,1.8571428571428572
4837,1.6785714285714286
4838,2.2142857142857144
4839,0.7857142857142857
4840,0.8928571428571429
4841,1.2142857142857142
4842,1.4285714285714286
4843,2.25
4844,1.2857142857142858
4845,0.35714285714285715
4846,0.6428571428571429
4847,0.75
4848,0.5
4849,2.5714285714285716
4850,1.5714285714285714
4851,0.5
4852,2.7142857142857144
4853,2.3214285714285716
4854,2.3214285714285716
4855,1.1785714285714286
4856,1.1785714285714286
4857,0.6428571428571429
4858,1.3214285714285714
4859,0.0
4860,1.8928571428571428
4861,1.6785714285714286
4862,0.7142857142857143
4863,0.35714285714285715
4864,0.5357142857142857
4865,0.8571428571428571
4866,2.9285714285714284
4867,0.2857142857142857
4868,0.6071428571428571
4869,0.5
4870,1.7142857142857142
4871,1.3928571428571428
4872,4.214285714285714
4873,4.642857142857143
4874,5.0
4875,1.3571428571428572
4876,1.3571428571428572
4877,0.32142857142857145
4878,0.8214285714285714
4879,10.25
4880,3.4642857142857144
4881,2.7857142857142856
4882,0.32142857142857145
4883,2.3214285714285716
4884,0.5714285714285714
4885,5.071428571428571
4886,1.25
4887,1.4285714285714286
4888,1.0714285714285714
4889,16.035714285714285
4890,3.8214285714285716
4891,0.0
4892,4.0
4893,4.392857142857143
4894,1.8571428571428572
4895,2.9642857142857144
4896,4.678571428571429
4897,1.3214285714285714
4898,0.0
4899,1.5714285714285714
4900,0.25
4901,3.1785714285714284
4902,2.0
4903,0.0
4904,2.2857142857142856
4905,0.6071428571428571
4906,3.7857142857142856
4907,2.642857142857143
4908,0.35714285714285715
4909,0.8214285714285714
4910,5.821428571428571
4911,1.9285714285714286
4912,3.0357142857142856
4913,3.25
4914,2.2142857142857144
4915,1.8571428571428572
4916,2.5
4917,0.21428571428571427
4918,1.5714285714285714
4919,1.0357142857142858
4920,1.1071428571428572
4921,0.42857142857142855
4922,0.7142857142857143
4923,1.2142857142857142
4924,4.678571428571429
4925,0.25
4926,0.8571428571428571
4927,1.75
4928,2.7857142857142856
4929,0.0
4930,8.821428571428571
4931,2.25
4932,1.3928571428571428
4933,1.5
4934,2.0
4935,0.8571428571428571
4936,1.0
4937,3.142857142857143
4938,2.892857142857143
4939,2.2142857142857144
4940,2.8214285714285716
4941,2.75
4942,0.5
4943,0.8571428571428571
4944,2.142857142857143
4945,0.9642857142857143
4946,0.21428571428571427
4947,21.142857142857142
4948,6.857142857142857
4949,0.0
4950,5.464285714285714
4951,2.5714285714285716
4952,2.0714285714285716
4953,1.9642857142857142
4954,2.5714285714285716
4955,1.1071428571428572
4956,0.8571428571428571
4957,1.3928571428571428
4958,0.7857142857142857
4959,2.107142857142857
4960,2.0
4961,0.32142857142857145
4962,1.0714285714285714
4963,0.10714285714285714
4964,0.8928571428571429
4965,0.6785714285714286
4966,0.10714285714285714
4967,0.6428571428571429
4968,1.6785714285714286
4969,0.8571428571428571
4970,1.3214285714285714
4971,2.142857142857143
4972,0.5714285714285714
4973,0.17857142857142858
4974,0.7142857142857143
4975,0.07142857142857142
4976,1.5714285714285714
4977,0.6785714285714286
4978,0.42857142857142855
4979,0.6428571428571429
4980,1.75
4981,0.39285714285714285
4982,4.892857142857143
4983,3.9642857142857144
4984,0.42857142857142855
4985,0.7142857142857143
4986,3.0714285714285716
4987,0.21428571428571427
4988,10.321428571428571
4989,2.7142857142857144
4990,1.25
4991,1.0714285714285714
4992,0.8571428571428571
4993,0.4642857142857143
4994,0.9285714285714286
4995,2.642857142857143
4996,2.2142857142857144
4997,2.7142857142857144
4998,1.8214285714285714
4999,0.6785714285714286
5000,2.3214285714285716
5001,0.39285714285714285
5002,0.39285714285714285
5003,0.8928571428571429
5004,0.7857142857142857
5005,8.5
5006,4.392857142857143
5007,0.0
5008,2.357142857142857
5009,1.4285714285714286
5010,3.0714285714285716
5011,1.6785714285714286
5012,0.0
5013,0.7142857142857143
5014,2.142857142857143
5015,0.6071428571428571
5016,1.2142857142857142
5017,1.1785714285714286
5018,2.0357142857142856
5019,1.1785714285714286
5020,0.6785714285714286
5021,0.5714285714285714
5022,1.0714285714285714
5023,2.5714285714285716
5024,1.2142857142857142
5025,1.9642857142857142
5026,1.8571428571428572
5027,1.8928571428571428
5028,2.4642857142857144
5029,1.1071428571428572
5030,0.21428571428571427
5031,0.7857142857142857
5032,1.4642857142857142
5033,0.03571428571428571
5034,0.7142857142857143
5035,0.25
5036,0.8928571428571429
5037,0.8214285714285714
5038,0.8214285714285714
5039,1.9642857142857142
5040,2.3214285714285716
5041,0.8571428571428571
5042,2.2142857142857144
5043,0.6071428571428571
5044,2.6785714285714284
5045,2.0357142857142856
5046,1.9642857142857142
5047,1.3928571428571428
5048,1.8928571428571428
5049,0.39285714285714285
5050,0.2857142857142857
5051,0.2857142857142857
5052,0.35714285714285715
5053,0.8214285714285714
5054,1.3214285714285714
5055,0.8571428571428571
5056,1.2857142857142858
5057,0.6785714285714286
5058,0.8928571428571429
5059,0.21428571428571427
5060,0.6071428571428571
5061,0.10714285714285714
5062,0.2857142857142857
5063,4.071428571428571
5064,1.5357142857142858
5065,0.0
5066,1.0714285714285714
5067,1.3214285714285714
5068,1.6071428571428572
5069,1.5714285714285714
5070,0.0
5071,0.42857142857142855
5072,1.4642857142857142
5073,0.39285714285714285
5074,0.35714285714285715
5075,4.5
5076,0.75
5077,0.7142857142857143
5078,0.8571428571428571
5079,0.2857142857142857
5080,0.0
5081,1.6071428571428572
5082,0.6071428571428571
5083,0.10714285714285714
5084,2.2142857142857144
5085,1.3928571428571428
5086,2.892857142857143
5087,0.6428571428571429
5088,0.4642857142857143
5089,0.6785714285714286
5090,0.9642857142857143
5091,0.14285714285714285
5092,0.75
5093,0.42857142857142855
5094,0.6785714285714286
5095,0.5714285714285714
5096,0.17857142857142858
5097,1.1785714285714286
5098,2.75
5099,0.32142857142857145
5100,0.75
5101,0.42857142857142855
5102,1.1071428571428572
5103,0.35714285714285715
5104,3.6785714285714284
5105,3.5357142857142856
5106,2.392857142857143
5107,0.4642857142857143
5108,1.9642857142857142
5109,2.142857142857143
5110,0.75
5111,5.928571428571429
5112,2.4285714285714284
5113,2.0357142857142856
5114,1.1071428571428572
5115,1.2142857142857142
5116,3.0
5117,0.25
5118,0.7857142857142857
5119,0.2857142857142857
5120,2.25
5121,18.928571428571427
5122,2.9285714285714284
5123,0.0
5124,3.9642857142857144
5125,1.3928571428571428
5126,4.785714285714286
5127,1.0
5128,0.8214285714285714
5129,1.25
5130,1.4642857142857142
5131,0.25
5132,0.4642857142857143
5133,2.2142857142857144
5134,4.142857142857143
5135,0.17857142857142858
5136,0.35714285714285715
5137,0.25
5138,1.75
5139,0.9285714285714286
5140,1.5714285714285714
5141,0.2857142857142857
5142,3.5714285714285716
5143,1.9642857142857142
5144,1.9642857142857142
5145,1.9642857142857142
5146,1.3928571428571428
5147,0.42857142857142855
5148,0.6071428571428571
5149,0.0
5150,0.35714285714285715
5151,0.4642857142857143
5152,0.7142857142857143
5153,1.2857142857142858
5154,0.35714285714285715
5155,0.2857142857142857
5156,2.892857142857143
5157,2.4642857142857144
5158,0.32142857142857145
5159,0.42857142857142855
5160,3.107142857142857
5161,0.25
5162,2.2857142857142856
5163,1.75
5164,0.9285714285714286
5165,0.7142857142857143
5166,1.2142857142857142
5167,0.9642857142857143
5168,0.6428571428571429
5169,4.714285714285714
5170,2.0
5171,2.107142857142857
5172,1.1785714285714286
5173,1.75
5174,0.35714285714285715
5175,0.32142857142857145
5176,0.75
5177,0.14285714285714285
5178,0.25
5179,14.607142857142858
5180,3.0357142857142856
5181,0.0
5182,3.2857142857142856
5183,3.4285714285714284
5184,1.4285714285714286
5185,1.4285714285714286
5186,2.0
5187,0.75
5188,1.25
5189,0.8571428571428571
5190,0.2857142857142857
5191,2.2857142857142856
5192,2.107142857142857
5193,0.4642857142857143
5194,0.32142857142857145
5195,0.14285714285714285
5196,0.6428571428571429
5197,1.5357142857142858
5198,0.39285714285714285
5199,1.25
5200,5.25
5201,1.6071428571428572
5202,1.8928571428571428
5203,1.2142857142857142
5204,0.03571428571428571
5205,0.4642857142857143
5206,0.75
5207,2.107142857142857
5208,0.6428571428571429
5209,0.25
5210,0.42857142857142855
5211,0.2857142857142857
5212,0.17857142857142858
5213,0.10714285714285714
5214,2.4285714285714284
5215,2.7857142857142856
5216,0.7142857142857143
5217,0.42857142857142855
5218,0.8571428571428571
5219,0.75
5220,7.035714285714286
5221,2.4285714285714284
5222,1.1785714285714286
5223,0.32142857142857145
5224,0.8214285714285714
5225,0.03571428571428571
5226,0.5357142857142857
5227,2.2857142857142856
5228,1.8928571428571428
5229,0.75
5230,1.3571428571428572
5231,1.3214285714285714
5232,1.4642857142857142
5233,0.4642857142857143
5234,0.4642857142857143
5235,0.03571428571428571
5236,0.39285714285714285
5237,2.857142857142857
5238,2.607142857142857
5239,0.0
5240,3.1785714285714284
5241,1.1428571428571428
5242,1.6785714285714286
5243,1.9285714285714286
5244,0.6785714285714286
5245,0.6071428571428571
5246,1.25
5247,0.5357142857142857
5248,0.7142857142857143
5249,1.0
5250,2.607142857142857
5251,1.8571428571428572
5252,0.6071428571428571
5253,0.5714285714285714
5254,0.8214285714285714
5255,1.6785714285714286
5256,1.1785714285714286
5257,0.4642857142857143
5258,1.1785714285714286
5259,2.357142857142857
5260,2.142857142857143
5261,1.0714285714285714
5262,0.5357142857142857
5263,0.9285714285714286
5264,1.6071428571428572
5265,0.07142857142857142
5266,0.8214285714285714
5267,0.75
5268,0.7142857142857143
5269,1.2142857142857142
5270,0.25
5271,0.9285714285714286
5272,1.0
5273,0.5714285714285714
5274,1.1428571428571428
5275,0.6785714285714286
5276,1.75
5277,1.6071428571428572
5278,6.142857142857143
5279,1.6785714285714286
5280,1.2142857142857142
5281,0.6071428571428571
5282,0.6071428571428571
5283,0.5714285714285714
5284,1.3928571428571428
5285,2.357142857142857
5286,2.4285714285714284
5287,1.0714285714285714
5288,1.0
5289,1.9642857142857142
5290,0.42857142857142855
5291,1.0
5292,0.42857142857142855
5293,0.39285714285714285
5294,0.21428571428571427
5295,6.571428571428571
5296,3.607142857142857
5297,0.0
5298,2.8214285714285716
5299,2.392857142857143
5300,1.2142857142857142
5301,2.642857142857143
5302,1.4285714285714286
5303,0.4642857142857143
5304,0.10714285714285714
5305,0.6428571428571429
5306,1.2142857142857142
5307,5.071428571428571
5308,0.6071428571428571
5309,1.25
5310,1.0
5311,1.1071428571428572
5312,0.21428571428571427
5313,0.39285714285714285
5314,0.0
5315,0.42857142857142855
5316,1.2142857142857142
5317,1.8928571428571428
5318,0.6071428571428571
5319,0.32142857142857145
5320,0.5
5321,0.75
5322,0.75
5323,0.0
5324,1.3928571428571428
5325,0.35714285714285715
5326,0.75
5327,0.21428571428571427
5328,0.0
5329,0.75
5330,2.5714285714285716
5331,0.21428571428571427
5332,0.39285714285714285
5333,1.0714285714285714
5334,0.9642857142857143
5335,0.39285714285714285
5336,7.142857142857143
5337,1.6071428571428572
5338,2.25
5339,2.1785714285714284
5340,1.7857142857142858
5341,0.4642857142857143
5342,0.8214285714285714
5343,2.642857142857143
5344,1.6428571428571428
5345,2.1785714285714284
5346,1.0
5347,1.9285714285714286
5348,0.39285714285714285
5349,0.4642857142857143
5350,0.8571428571428571
5351,0.7142857142857143
5352,0.4642857142857143
5353,13.928571428571429
5354,3.642857142857143
5355,0.0
5356,4.571428571428571
5357,6.142857142857143
5358,1.8214285714285714
5359,1.2857142857142858
5360,2.75
5361,1.4285714285714286
5362,0.5357142857142857
5363,1.1785714285714286
5364,1.25
5365,1.3928571428571428
5366,0.8571428571428571
5367,1.4285714285714286
5368,1.25
5369,1.1428571428571428
5370,0.7857142857142857
5371,1.6428571428571428
5372,1.3928571428571428
5373,0.2857142857142857
5374,1.8928571428571428
5375,3.107142857142857
5376,2.607142857142857
5377,0.7857142857142857
5378,0.6071428571428571
5379,1.5
5380,1.8214285714285714
5381,0.10714285714285714
5382,1.0357142857142858
5383,0.8571428571428571
5384,0.8571428571428571
5385,0.35714285714285715
5386,1.1785714285714286
5387,0.75
5388,2.5714285714285716
5389,0.42857142857142855
5390,1.2857142857142858
5391,1.1785714285714286
5392,2.5357142857142856
5393,0.7857142857142857
5394,8.178571428571429
5395,4.107142857142857
5396,2.6785714285714284
5397,1.3571428571428572
5398,1.3571428571428572
5399,0.8571428571428571
5400,1.4285714285714286
5401,1.9642857142857142
5402,3.0714285714285716
5403,1.8571428571428572
5404,1.1428571428571428
5405,2.5714285714285716
5406,0.5357142857142857
5407,1.6428571428571428
5408,1.1071428571428572
5409,1.0
5410,0.32142857142857145
5411,9.642857142857142
5412,2.8214285714285716
5413,0.0
5414,5.321428571428571
5415,8.178571428571429
5416,1.8571428571428572
5417,1.6785714285714286
5418,2.2142857142857144
5419,0.7857142857142857
5420,0.8928571428571429
5421,1.2142857142857142
5422,1.4285714285714286
5423,2.25
5424,1.2857142857142858
5425,0.35714285714285715
5426,0.6428571428571429
5427,0.75
5428,0.5
5429,2.5714285714285716
5430,1.5714285714285714
5431,0.5
5432,2.7142857142857144
5433,2.3214285714285716
5434,2.3214285714285716
5435,1.1785714285714286
5436,1.1785714285714286
5437,0.6428571428571429
5438,1.3214285714285714
5439,0.0
5440,1.8928571428571428
5441,1.6785714285714286
5442,0.7142857142857143
5443,0.35714285714285715
5444,0.5357142857142857
5445,0.8571428571428571
5446,2.9285714285714284
5447,0.2857142857142857
5448,0.6071428571428571
5449,0.5
5450,1.7142857142857142
5451,1.3928571428571428
5452,4.214285714285714
5453,4.642857142857143
5454,5.0
5455,1.3571428571428572
5456,1.3571428571428572
5457,0.32142857142857145
5458,0.8214285714285714
5459,10.25
5460,3.4642857142857144
5461,2.7857142857142856
5462,0.32142857142857145
5463,2.3214285714285716
5464,0.5714285714285714
5465,5.071428571428571
5466,1.25
5467,1.4285714285714286
5468,1.0714285714285714
5469,16.035714285714285
5470,3.8214285714285716
5471,0.0
5472,4.0
5473,4.392857142857143
5474,1.8571428571428572
5475,2.9642857142857144
5476,4.678571428571429
5477,1.3214285714285714
5478,0.0
5479,1.5714285714285714
5480,0.25
5481,3.1785714285714284
5482,2.0
5483,0.0
5484,2.2857142857142856
5485,0.6071428571428571
5486,3.7857142857142856
5487,2.642857142857143
5488,0.35714285714285715
5489,0.8214285714285714
5490,5.821428571428571
5491,1.9285714285714286
5492,3.0357142857142856
5493,3.25
5494,2.2142857142857144
5495,1.8571428571428572
5496,2.5
5497,0.21428571428571427
5498,1.5714285714285714
5499,1.0357142857142858
5500,1.1071428571428572
5501,0.42857142857142855
5502,0.7142857142857143
5503,1.2142857142857142
5504,4.678571428571429
5505,0.25
5506,0.8571428571428571
5507,1.75
5508,2.7857142857142856
5509,0.0
5510,8.821428571428571
5511,2.25
5512,1.3928571428571428
5513,1.5
5514,2.0
5515,0.8571428571428571
5516,1.0
5517,3.142857142857143
5518,2.892857142857143
5519,2.2142857142857144
5520,2.8214285714285716
5521,2.75
5522,0.5
5523,0.8571428571428571
5524,2.142857142857143
5525,0.9642857142857143
5526,0.21428571428571427
5527,21.142857142857142
5528,6.857142857142857
5529,0.0
5530,5.464285714285714
5531,2.5714285714285716
5532,2.0714285714285716
5533,1.9642857142857142
5534,2.5714285714285716
5535,1.1071428571428572
5536,0.8571428571428571
5537,1.3928571428571428
5538,0.7857142857142857
5539,2.107142857142857
5540,2.0
5541,0.32142857142857145
5542,1.0714285714285714
5543,0.10714285714285714
5544,0.8928571428571429
5545,0.6785714285714286
5546,0.10714285714285714
5547,0.6428571428571429
5548,1.6785714285714286
5549,0.8571428571428571
5550,1.3214285714285714
5551,2.142857142857143
5552,0.5714285714285714
5553,0.17857142857142858
5554,0.7142857142857143
5555,0.07142857142857142
5556,1.5714285714285714
5557,0.6785714285714286
5558,0.42857142857142855
5559,0.6428571428571429
5560,1.75
5561,0.39285714285714285
5562,4.892857142857143
5563,3.9642857142857144
5564,0.42857142857142855
5565,0.7142857142857143
5566,3.0714285714285716
5567,0.21428571428571427
5568,10.321428571428571
5569,2.7142857142857144
5570,1.25
5571,1.0714285714285714
5572,0.8571428571428571
5573,0.4642857142857143
5574,0.9285714285714286
5575,2.642857142857143
5576,2.2142857142857144
5577,2.7142857142857144
5578,1.8214285714285714
5579,0.6785714285714286
5580,2.3214285714285716
5581,0.39285714285714285
5582,0.39285714285714285
5583,0.8928571428571429
5584,0.7857142857142857
5585,8.5
5586,4.392857142857143
5587,0.0
5588,2.357142857142857
5589,1.4285714285714286
5590,3.0714285714285716
5591,1.6785714285714286
5592,0.0
5593,0.7142857142857143
5594,2.142857142857143
5595,0.6071428571428571
5596,1.2142857142857142
5597,1.1785714285714286
5598,2.0357142857142856
5599,1.1785714285714286
5600,0.6785714285714286
5601,0.5714285714285714
5602,1.0714285714285714
5603,2.5714285714285716
5604,1.2142857142857142
5605,1.9642857142857142
5606,1.8571428571428572
5607,1.8928571428571428
5608,2.4642857142857144
5609,1.1071428571428572
5610,0.21428571428571427
5611,0.7857142857142857
5612,1.4642857142857142
5613,0.03571428571428571
5614,0.7142857142857143
5615,0.25
5616,0.8928571428571429
5617,0.8214285714285714
5618,0.8214285714285714
5619,1.9642857142857142
5620,2.3214285714285716
5621,0.8571428571428571
5622,2.2142857142857144
5623,0.6071428571428571
5624,2.6785714285714284
5625,2.0357142857142856
5626,1.9642857142857142
5627,1.3928571428571428
5628,1.8928571428571428
5629,0.39285714285714285
5630,0.2857142857142857
5631,0.2857142857142857
5632,0.35714285714285715
5633,0.8214285714285714
5634,1.3214285714285714
5635,0.8571428571428571
5636,1.2857142857142858
5637,0.6785714285714286
5638,0.8928571428571429
5639,0.21428571428571427
5640,0.6071428571428571
5641,0.10714285714285714
5642,0.2857142857142857
5643,4.071428571428571
5644,1.5357142857142858
5645,0.0
5646,1.0714285714285714
5647,1.3214285714285714
5648,1.6071428571428572
5649,1.5714285714285714
5650,0.0
5651,0.42857142857142855
5652,1.4642857142857142
5653,0.39285714285714285
5654,0.35714285714285715
5655,4.5
5656,0.75
5657,0.7142857142857143
5658,0.8571428571428571
5659,0.2857142857142857
5660,0.0
5661,1.6071428571428572
5662,0.6071428571428571
5663,0.10714285714285714
5664,2.2142857142857144
5665,1.3928571428571428
5666,2.892857142857143
5667,0.6428571428571429
5668,0.4642857142857143
5669,0.6785714285714286
5670,0.9642857142857143
5671,0.14285714285714285
5672,0.75
5673,0.42857142857142855
5674,0.6785714285714286
5675,0.5714285714285714
5676,0.17857142857142858
5677,1.1785714285714286
5678,2.75
5679,0.32142857142857145
5680,0.75
5681,0.42857142857142855
5682,1.1071428571428572
5683,0.35714285714285715
5684,3.6785714285714284
5685,3.5357142857142856
5686,2.392857142857143
5687,0.4642857142857143
5688,1.9642857142857142
5689,2.142857142857143
5690,0.75
5691,5.928571428571429
5692,2.4285714285714284
5693,2.0357142857142856
5694,1.1071428571428572
5695,1.2142857142857142
5696,3.0
5697,0.25
5698,0.7857142857142857
5699,0.2857142857142857
5700,2.25
5701,18.928571428571427
5702,2.9285714285714284
5703,0.0
5704,3.9642857142857144
5705,1.3928571428571428
5706,4.785714285714286
5707,1.0
5708,0.8214285714285714
5709,1.25
5710,1.4642857142857142
5711,0.25
5712,0.4642857142857143
5713,2.2142857142857144
5714,4.142857142857143
5715,0.17857142857142858
5716,0.35714285714285715
5717,0.25
5718,1.75
5719,0.9285714285714286
5720,1.5714285714285714
5721,0.2857142857142857
5722,3.5714285714285716
5723,1.9642857142857142
5724,1.9642857142857142
5725,1.9642857142857142
5726,1.3928571428571428
5727,0.42857142857142855
5728,0.6071428571428571
5729,0.0
5730,0.35714285714285715
5731,0.4642857142857143
5732,0.7142857142857143
5733,1.2857142857142858
5734,0.35714285714285715
5735,0.2857142857142857
5736,2.892857142857143
5737,2.4642857142857144
5738,0.32142857142857145
5739,0.42857142857142855
5740,3.107142857142857
5741,0.25
5742,2.2857142857142856
5743,1.75
5744,0.9285714285714286
5745,0.7142857142857143
5746,1.2142857142857142
5747,0.9642857142857143
5748,0.6428571428571429
5749,4.714285714285714
5750,2.0
5751,2.107142857142857
5752,1.1785714285714286
5753,1.75
5754,0.35714285714285715
5755,0.32142857142857145
5756,0.75
5757,0.14285714285714285
5758,0.25
5759,14.607142857142858
5760,3.0357142857142856
5761,0.0
5762,3.2857142857142856
5763,3.4285714285714284
5764,1.4285714285714286
5765,1.4285714285714286
5766,2.0
5767,0.75
5768,1.25
5769,0.8571428571428571
5770,0.2857142857142857
5771,2.2857142857142856
5772,2.107142857142857
5773,0.4642857142857143
5774,0.32142857142857145
5775,0.14285714285714285
5776,0.6428571428571429
5777,1.5357142857142858
5778,0.39285714285714285
5779,1.25
5780,5.25
5781,1.6071428571428572
5782,1.8928571428571428
5783,1.2142857142857142
5784,0.03571428571428571
5785,0.4642857142857143
5786,0.75
5787,2.107142857142857
5788,0.6428571428571429
5789,0.25
5790,0.42857142857142855
5791,0.2857142857142857
5792,0.17857142857142858
5793,0.10714285714285714
5794,2.4285714285714284
5795,2.7857142857142856
5796,0.7142857142857143
5797,0.42857142857142855
5798,0.8571428571428571
5799,0.75
5800,7.035714285714286
5801,2.4285714285714284
5802,1.1785714285714286
5803,0.32142857142857145
5804,0.8214285714285714
5805,0.03571428571428571
5806,0.5357142857142857
5807,2.2857142857142856
5808,1.8928571428571428
5809,0.75
5810,1.3571428571428572
5811,1.3214285714285714
5812,1.4642857142857142
5813,0.4642857142857143
5814,0.4642857142857143
5815,0.03571428571428571
5816,0.39285714285714285
5817,2.857142857142857
5818,2.607142857142857
5819,0.0
5820,3.1785714285714284
5821,1.1428571428571428
5822,1.6785714285714286
5823,1.9285714285714286
5824,0.6785714285714286
5825,0.6071428571428571
5826,1.25
5827,0.5357142857142857
5828,0.7142857142857143
5829,1.0
5830,2.607142857142857
5831,1.8571428571428572
5832,0.6071428571428571
5833,0.5714285714285714
5834,0.8214285714285714
5835,1.6785714285714286
5836,1.1785714285714286
5837,0.4642857142857143
5838,1.1785714285714286
5839,2.357142857142857
5840,2.142857142857143
5841,1.0714285714285714
5842,0.5357142857142857
5843,0.9285714285714286
5844,1.6071428571428572
5845,0.07142857142857142
5846,0.8214285714285714
5847,0.75
5848,0.7142857142857143
5849,1.2142857142857142
5850,0.25
5851,0.9285714285714286
5852,1.0
5853,0.5714285714285714
5854,1.1428571428571428
5855,0.6785714285714286
5856,1.75
5857,1.6071428571428572
5858,6.142857142857143
5859,1.6785714285714286
5860,1.2142857142857142
5861,0.6071428571428571
5862,0.6071428571428571
5863,0.5714285714285714
5864,1.3928571428571428
5865,2.357142857142857
5866,2.4285714285714284
5867,1.0714285714285714
5868,1.0
5869,1.9642857142857142
5870,0.42857142857142855
5871,1.0
5872,0.42857142857142855
5873,0.39285714285714285
5874,0.21428571428571427
5875,6.571428571428571
5876,3.607142857142857
5877,0.0
5878,2.8214285714285716
5879,2.392857142857143
5880,1.2142857142857142
5881,2.642857142857143
5882,1.4285714285714286
5883,0.4642857142857143
5884,0.10714285714285714
5885,0.6428571428571429
5886,1.2142857142857142
5887,5.071428571428571
5888,0.6071428571428571
5889,1.25
5890,1.0
5891,1.1071428571428572
5892,0.21428571428571427
5893,0.39285714285714285
5894,0.0
5895,0.42857142857142855
5896,1.2142857142857142
5897,1.8928571428571428
5898,0.6071428571428571
5899,0.32142857142857145
5900,0.5
5901,0.75
5902,0.75
5903,0.0
5904,1.3928571428571428
5905,0.35714285714285715
5906,0.75
5907,0.21428571428571427
5908,0.0
5909,0.75
5910,2.5714285714285716
5911,0.21428571428571427
5912,0.39285714285714285
5913,1.0714285714285714
5914,0.9642857142857143
5915,0.39285714285714285
5916,7.142857142857143
5917,1.6071428571428572
5918,2.25
5919,2.1785714285714284
5920,1.7857142857142858
5921,0.4642857142857143
5922,0.8214285714285714
5923,2.642857142857143
5924,1.6428571428571428
5925,2.1785714285714284
5926,1.0
5927,1.9285714285714286
5928,0.39285714285714285
5929,0.4642857142857143
5930,0.8571428571428571
5931,0.7142857142857143
5932,0.4642857142857143
5933,13.928571428571429
5934,3.642857142857143
5935,0.0
5936,4.571428571428571
5937,6.142857142857143
5938,1.8214285714285714
5939,1.2857142857142858
5940,2.75
5941,1.4285714285714286
5942,0.5357142857142857
5943,1.1785714285714286
5944,1.25
5945,1.3928571428571428
5946,0.8571428571428571
5947,1.4285714285714286
5948,1.25
5949,1.1428571428571428
5950,0.7857142857142857
5951,1.6428571428571428
5952,1.3928571428571428
5953,0.2857142857142857
5954,1.8928571428571428
5955,3.107142857142857
5956,2.607142857142857
5957,0.7857142857142857
5958,0.6071428571428571
5959,1.5
5960,1.8214285714285714
5961,0.10714285714285714
5962,1.0357142857142858
5963,0.8571428571428571
5964,0.8571428571428571
5965,0.35714285714285715
5966,1.1785714285714286
5967,0.75
5968,2.5714285714285716
5969,0.42857142857142855
5970,1.2857142857142858
5971,1.1785714285714286
5972,2.5357142857142856
5973,0.7857142857142857
5974,8.178571428571429
5975,4.107142857142857
5976,2.6785714285714284
5977,1.3571428571428572
5978,1.3571428571428572
5979,0.8571428571428571
5980,1.4285714285714286
5981,1.9642857142857142
5982,3.0714285714285716
5983,1.8571428571428572
5984,1.1428571428571428
5985,2.5714285714285716
5986,0.5357142857142857
5987,1.6428571428571428
5988,1.1071428571428572
5989,1.0
5990,0.32142857142857145
5991,9.642857142857142
5992,2.8214285714285716
5993,0.0
5994,5.321428571428571
5995,8.178571428571429
5996,1.8571428571428572
5997,1.6785714285714286
5998,2.2142857142857144
5999,0.7857142857142857
6000,0.8928571428571429
6001,1.2142857142857142
6002,1.4285714285714286
6003,2.25
6004,1.2857142857142858
6005,0.35714285714285715
6006,0.6428571428571429
6007,0.75
6008,0.5
6009,2.5714285714285716
6010,1.5714285714285714
6011,0.5
6012,2.7142857142857144
6013,2.3214285714285716
6014,2.3214285714285716
6015,1.1785714285714286
6016,1.1785714285714286
6017,0.6428571428571429
6018,1.3214285714285714
6019,0.0
6020,1.8928571428571428
6021,1.6785714285714286
6022,0.7142857142857143
6023,0.35714285714285715
6024,0.5357142857142857
6025,0.8571428571428571
6026,2.9285714285714284
6027,0.2857142857142857
6028,0.6071428571428571
6029,0.5
6030,1.7142857142857142
6031,1.3928571428571428
6032,4.214285714285714
6033,4.642857142857143
6034,5.0
6035,1.3571428571428572
6036,1.3571428571428572
6037,0.32142857142857145
6038,0.8214285714285714
6039,10.25
6040,3.4642857142857144
6041,2.7857142857142856
6042,0.32142857142857145
6043,2.3214285714285716
6044,0.5714285714285714
6045,5.071428571428571
6046,1.25
6047,1.4285714285714286
6048,1.0714285714285714
6049,16.035714285714285
6050,3.8214285714285716
6051,0.0
6052,4.0
6053,4.392857142857143
6054,1.8571428571428572
6055,2.9642857142857144
6056,4.678571428571429
6057,1.3214285714285714
6058,0.0
6059,1.5714285714285714
6060,0.25
6061,3.1785714285714284
6062,2.0
6063,0.0
6064,2.2857142857142856
6065,0.6071428571428571
6066,3.7857142857142856
6067,2.642857142857143
6068,0.35714285714285715
6069,0.8214285714285714
6070,5.821428571428571
6071,1.9285714285714286
6072,3.0357142857142856
6073,3.25
6074,2.2142857142857144
6075,1.8571428571428572
6076,2.5
6077,0.21428571428571427
6078,1.5714285714285714
6079,1.0357142857142858
6080,1.1071428571428572
6081,0.42857142857142855
6082,0.7142857142857143
6083,1.2142857142857142
6084,4.678571428571429
6085,0.25
6086,0.8571428571428571
6087,1.75
6088,2.7857142857142856
6089,0.0
6090,8.821428571428571
6091,2.25
6092,1.3928571428571428
6093,1.5
6094,2.0
6095,0.8571428571428571
6096,1.0
6097,3.142857142857143
6098,2.892857142857143
6099,2.2142857142857144
6100,2.8214285714285716
6101,2.75
6102,0.5
6103,0.8571428571428571
6104,2.142857142857143
6105,0.9642857142857143
6106,0.21428571428571427
6107,21.142857142857142
6108,6.857142857142857
6109,0.0
6110,5.464285714285714
6111,2.5714285714285716
6112,2.0714285714285716
6113,1.9642857142857142
6114,2.5714285714285716
6115,1.1071428571428572
6116,0.8571428571428571
6117,1.3928571428571428
6118,0.7857142857142857
6119,2.107142857142857
6120,2.0
6121,0.32142857142857145
6122,1.0714285714285714
6123,0.10714285714285714
6124,0.8928571428571429
6125,0.6785714285714286
6126,0.10714285714285714
6127,0.6428571428571429
6128,1.6785714285714286
6129,0.8571428571428571
6130,1.3214285714285714
6131,2.142857142857143
6132,0.5714285714285714
6133,0.17857142857142858
6134,0.7142857142857143
6135,0.07142857142857142
6136,1.5714285714285714
6137,0.6785714285714286
6138,0.42857142857142855
6139,0.6428571428571429
6140,1.75
6141,0.39285714285714285
6142,4.892857142857143
6143,3.9642857142857144
6144,0.42857142857142855
6145,0.7142857142857143
6146,3.0714285714285716
6147,0.21428571428571427
6148,10.321428571428571
6149,2.7142857142857144
6150,1.25
6151,1.0714285714285714
6152,0.8571428571428571
6153,0.4642857142857143
6154,0.9285714285714286
6155,2.642857142857143
6156,2.2142857142857144
6157,2.7142857142857144
6158,1.8214285714285714
6159,0.6785714285714286
6160,2.3214285714285716
6161,0.39285714285714285
6162,0.39285714285714285
6163,0.8928571428571429
6164,0.7857142857142857
6165,8.5
6166,4.392857142857143
6167,0.0
6168,2.357142857142857
6169,1.4285714285714286
6170,3.0714285714285716
6171,1.6785714285714286
6172,0.0
6173,0.7142857142857143
6174,2.142857142857143
6175,0.6071428571428571
6176,1.2142857142857142
6177,1.1785714285714286
6178,2.0357142857142856
6179,1.1785714285714286
6180,0.6785714285714286
6181,0.5714285714285714
6182,1.0714285714285714
6183,2.5714285714285716
6184,1.2142857142857142
6185,1.9642857142857142
6186,1.8571428571428572
6187,1.8928571428571428
6188,2.4642857142857144
6189,1.1071428571428572
6190,0.21428571428571427
6191,0.7857142857142857
6192,1.4642857142857142
6193,0.03571428571428571
6194,0.7142857142857143
6195,0.25
6196,0.8928571428571429
6197,0.8214285714285714
6198,0.8214285714285714
6199,1.9642857142857142
6200,2.3214285714285716
6201,0.8571428571428571
6202,2.2142857142857144
6203,0.6071428571428571
6204,2.6785714285714284
6205,2.0357142857142856
6206,1.9642857142857142
6207,1.3928571428571428
6208,1.8928571428571428
6209,0.39285714285714285
6210,0.2857142857142857
6211,0.2857142857142857
6212,0.35714285714285715
6213,0.8214285714285714
6214,1.3214285714285714
6215,0.8571428571428571
6216,1.2857142857142858
6217,0.6785714285714286
6218,0.8928571428571429
6219,0.21428571428571427
6220,0.6071428571428571
6221,0.10714285714285714
6222,0.2857142857142857
6223,4.071428571428571
6224,1.5357142857142858
6225,0.0
6226,1.0714285714285714
6227,1.3214285714285714
6228,1.6071428571428572
6229,1.5714285714285714
6230,0.0
6231,0.42857142857142855
6232,1.4642857142857142
6233,0.39285714285714285
6234,0.35714285714285715
6235,4.5
6236,0.75
6237,0.7142857142857143
6238,0.8571428571428571
6239,0.2857142857142857
6240,0.0
6241,1.6071428571428572
6242,0.6071428571428571
6243,0.10714285714285714
6244,2.2142857142857144
6245,1.3928571428571428
6246,2.892857142857143
6247,0.6428571428571429
6248,0.4642857142857143
6249,0.6785714285714286
6250,0.9642857142857143
6251,0.14285714285714285
6252,0.75
6253,0.42857142857142855
6254,0.6785714285714286
6255,0.5714285714285714
6256,0.17857142857142858
6257,1.1785714285714286
6258,2.75
6259,0.32142857142857145
6260,0.75
6261,0.42857142857142855
6262,1.1071428571428572
6263,0.35714285714285715
6264,3.6785714285714284
6265,3.5357142857142856
6266,2.392857142857143
6267,0.4642857142857143
6268,1.9642857142857142
6269,2.142857142857143
6270,0.75
6271,5.928571428571429
6272,2.4285714285714284
6273,2.0357142857142856
6274,1.1071428571428572
6275,1.2142857142857142
6276,3.0
6277,0.25
6278,0.7857142857142857
6279,0.2857142857142857
6280,2.25
6281,18.928571428571427
6282,2.9285714285714284
6283,0.0
6284,3.9642857142857144
6285,1.3928571428571428
6286,4.785714285714286
6287,1.0
6288,0.8214285714285714
6289,1.25
6290,1.4642857142857142
6291,0.25
6292,0.4642857142857143
6293,2.2142857142857144
6294,4.142857142857143
6295,0.17857142857142858
6296,0.35714285714285715
6297,0.25
6298,1.75
6299,0.9285714285714286
6300,1.5714285714285714
6301,0.2857142857142857
6302,3.5714285714285716
6303,1.9642857142857142
6304,1.9642857142857142
6305,1.9642857142857142
6306,1.3928571428571428
6307,0.42857142857142855
6308,0.6071428571428571
6309,0.0
6310,0.35714285714285715
6311,0.4642857142857143
6312,0.7142857142857143
6313,1.2857142857142858
6314,0.35714285714285715
6315,0.2857142857142857
6316,2.892857142857143
6317,2.4642857142857144
6318,0.32142857142857145
6319,0.42857142857142855
6320,3.107142857142857
6321,0.25
6322,2.2857142857142856
6323,1.75
6324,0.9285714285714286
6325,0.7142857142857143
6326,1.2142857142857142
6327,0.9642857142857143
6328,0.6428571428571429
6329,4.714285714285714
6330,2.0
6331,2.107142857142857
6332,1.1785714285714286
6333,1.75
6334,0.35714285714285715
6335,0.32142857142857145
6336,0.75
6337,0.14285714285714285
6338,0.25
6339,14.607142857142858
6340,3.0357142857142856
6341,0.0
6342,3.2857142857142856
6343,3.4285714285714284
6344,1.4285714285714286
6345,1.4285714285714286
6346,2.0
6347,0.75
6348,1.25
6349,0.8571428571428571
6350,0.2857142857142857
6351,2.2857142857142856
6352,2.107142857142857
6353,0.4642857142857143
6354,0.32142857142857145
6355,0.14285714285714285
6356,0.6428571428571429
6357,1.5357142857142858
6358,0.39285714285714285
6359,1.25
6360,5.25
6361,1.6071428571428572
6362,1.8928571428571428
6363,1.2142857142857142
6364,0.03571428571428571
6365,0.4642857142857143
6366,0.75
6367,2.107142857142857
6368,0.6428571428571429
6369,0.25
6370,0.42857142857142855
6371,0.2857142857142857
6372,0.17857142857142858
6373,0.10714285714285714
6374,2.4285714285714284
6375,2.7857142857142856
6376,0.7142857142857143
6377,0.42857142857142855
6378,0.8571428571428571
6379,0.75
6380,7.035714285714286
6381,2.4285714285714284
6382,1.1785714285714286
6383,0.32142857142857145
6384,0.8214285714285714
6385,0.03571428571428571
6386,0.5357142857142857
6387,2.2857142857142856
6388,1.8928571428571428
6389,0.75
6390,1.3571428571428572
6391,1.3214285714285714
6392,1.4642857142857142
6393,0.4642857142857143
6394,0.4642857142857143
6395,0.03571428571428571
6396,0.39285714285714285
6397,2.857142857142857
6398,2.607142857142857
6399,0.0
6400,3.1785714285714284
6401,1.1428571428571428
6402,1.6785714285714286
6403,1.9285714285714286
6404,0.6785714285714286
6405,0.6071428571428571
6406,1.25
6407,0.5357142857142857
6408,0.7142857142857143
6409,1.0
6410,2.607142857142857
6411,1.8571428571428572
6412,0.6071428571428571
6413,0.5714285714285714
6414,0.8214285714285714
6415,1.6785714285714286
6416,1.1785714285714286
6417,0.4642857142857143
6418,1.1785714285714286
6419,2.357142857142857
6420,2.142857142857143
6421,1.0714285714285714
6422,0.5357142857142857
6423,0.9285714285714286
6424,1.6071428571428572
6425,0.07142857142857142
6426,0.8214285714285714
6427,0.75
6428,0.7142857142857143
6429,1.2142857142857142
6430,0.25
6431,0.9285714285714286
6432,1.0
6433,0.5714285714285714
6434,1.1428571428571428
6435,0.6785714285714286
6436,1.75
6437,1.6071428571428572
6438,6.142857142857143
6439,1.6785714285714286
6440,1.2142857142857142
6441,0.6071428571428571
6442,0.6071428571428571
6443,0.5714285714285714
6444,1.3928571428571428
6445,2.357142857142857
6446,2.4285714285714284
6447,1.0714285714285714
6448,1.0
6449,1.9642857142857142
6450,0.42857142857142855
6451,1.0
6452,0.42857142857142855
6453,0.39285714285714285
6454,0.21428571428571427
6455,6.571428571428571
6456,3.607142857142857
6457,0.0
6458,2.8214285714285716
6459,2.392857142857143
6460,1.2142857142857142
6461,2.642857142857143
6462,1.4285714285714286
6463,0.4642857142857143
6464,0.10714285714285714
6465,0.6428571428571429
6466,1.2142857142857142
6467,5.071428571428571
6468,0.6071428571428571
6469,1.25
6470,1.0
6471,1.1071428571428572
6472,0.21428571428571427
6473,0.39285714285714285
6474,0.0
6475,0.42857142857142855
6476,1.2142857142857142
6477,1.8928571428571428
6478,0.6071428571428571
6479,0.32142857142857145
6480,0.5
6481,0.75
6482,0.75
6483,0.0
6484,1.3928571428571428
6485,0.35714285714285715
6486,0.75
6487,0.21428571428571427
6488,0.0
6489,0.75
6490,2.5714285714285716
6491,0.21428571428571427
6492,0.39285714285714285
6493,1.0714285714285714
6494,0.9642857142857143
6495,0.39285714285714285
6496,7.142857142857143
6497,1.6071428571428572
6498,2.25
6499,2.1785714285714284
6500,1.7857142857142858
6501,0.4642857142857143
6502,0.8214285714285714
6503,2.642857142857143
6504,1.6428571428571428
6505,2.1785714285714284
6506,1.0
6507,1.9285714285714286
6508,0.39285714285714285
6509,0.4642857142857143
6510,0.8571428571428571
6511,0.7142857142857143
6512,0.4642857142857143
6513,13.928571428571429
6514,3.642857142857143
6515,0.0
6516,4.571428571428571
6517,6.142857142857143
6518,1.8214285714285714
6519,1.2857142857142858
6520,2.75
6521,1.4285714285714286
6522,0.5357142857142857
6523,1.1785714285714286
6524,1.25
6525,1.3928571428571428
6526,0.8571428571428571
6527,1.4285714285714286
6528,1.25
6529,1.1428571428571428
6530,0.7857142857142857
6531,1.6428571428571428
6532,1.3928571428571428
6533,0.2857142857142857
6534,1.8928571428571428
6535,3.107142857142857
6536,2.607142857142857
6537,0.7857142857142857
6538,0.6071428571428571
6539,1.5
6540,1.8214285714285714
6541,0.10714285714285714
6542,1.0357142857142858
6543,0.8571428571428571
6544,0.8571428571428571
6545,0.35714285714285715
6546,1.1785714285714286
6547,0.75
6548,2.5714285714285716
6549,0.42857142857142855
6550,1.2857142857142858
6551,1.1785714285714286
6552,2.5357142857142856
6553,0.7857142857142857
6554,8.178571428571429
6555,4.107142857142857
6556,2.6785714285714284
6557,1.3571428571428572
6558,1.3571428571428572
6559,0.8571428571428571
6560,1.4285714285714286
6561,1.9642857142857142
6562,3.0714285714285716
6563,1.8571428571428572
6564,1.1428571428571428
6565,2.5714285714285716
6566,0.5357142857142857
6567,1.6428571428571428
6568,1.1071428571428572
6569,1.0
6570,0.32142857142857145
6571,9.642857142857142
6572,2.8214285714285716
6573,0.0
6574,5.321428571428571
6575,8.178571428571429
6576,1.8571428571428572
6577,1.6785714285714286
6578,2.2142857142857144
6579,0.7857142857142857
6580,0.8928571428571429
6581,1.2142857142857142
6582,1.4285714285714286
6583,2.25
6584,1.2857142857142858
6585,0.35714285714285715
6586,0.6428571428571429
6587,0.75
6588,0.5
6589,2.5714285714285716
6590,1.5714285714285714
6591,0.5
6592,2.7142857142857144
6593,2.3214285714285716
6594,2.3214285714285716
6595,1.1785714285714286
6596,1.1785714285714286
6597,0.6428571428571429
6598,1.3214285714285714
6599,0.0
6600,1.8928571428571428
6601,1.6785714285714286
6602,0.7142857142857143
6603,0.35714285714285715
6604,0.5357142857142857
6605,0.8571428571428571
6606,2.9285714285714284
6607,0.2857142857142857
6608,0.6071428571428571
6609,0.5
6610,1.7142857142857142
6611,1.3928571428571428
6612,4.214285714285714
6613,4.642857142857143
6614,5.0
6615,1.3571428571428572
6616,1.3571428571428572
6617,0.32142857142857145
6618,0.8214285714285714
6619,10.25
6620,3.4642857142857144
6621,2.7857142857142856
6622,0.32142857142857145
6623,2.3214285714285716
6624,0.5714285714285714
6625,5.071428571428571
6626,1.25
6627,1.4285714285714286
6628,1.0714285714285714
6629,16.035714285714285
6630,3.8214285714285716
6631,0.0
6632,4.0
6633,4.392857142857143
6634,1.8571428571428572
6635,2.9642857142857144
6636,4.678571428571429
6637,1.3214285714285714
6638,0.0
6639,1.5714285714285714
6640,0.25
6641,3.1785714285714284
6642,2.0
6643,0.0
6644,2.2857142857142856
6645,0.6071428571428571
6646,3.7857142857142856
6647,2.642857142857143
6648,0.35714285714285715
6649,0.8214285714285714
6650,5.821428571428571
6651,1.9285714285714286
6652,3.0357142857142856
6653,3.25
6654,2.2142857142857144
6655,1.8571428571428572
6656,2.5
6657,0.21428571428571427
6658,1.5714285714285714
6659,1.0357142857142858
6660,1.1071428571428572
6661,0.42857142857142855
6662,0.7142857142857143
6663,1.2142857142857142
6664,4.678571428571429
6665,0.25
6666,0.8571428571428571
6667,1.75
6668,2.7857142857142856
6669,0.0
6670,8.821428571428571
6671,2.25
6672,1.3928571428571428
6673,1.5
6674,2.0
6675,0.8571428571428571
6676,1.0
6677,3.142857142857143
6678,2.892857142857143
6679,2.2142857142857144
6680,2.8214285714285716
6681,2.75
6682,0.5
6683,0.8571428571428571
6684,2.142857142857143
6685,0.9642857142857143
6686,0.21428571428571427
6687,21.142857142857142
6688,6.857142857142857
6689,0.0
6690,5.464285714285714
6691,2.5714285714285716
6692,2.0714285714285716
6693,1.9642857142857142
6694,2.5714285714285716
6695,1.1071428571428572
6696,0.8571428571428571
6697,1.3928571428571428
6698,0.7857142857142857
6699,2.107142857142857
6700,2.0
6701,0.32142857142857145
6702,1.0714285714285714
6703,0.10714285714285714
6704,0.8928571428571429
6705,0.6785714285714286
6706,0.10714285714285714
6707,0.6428571428571429
6708,1.6785714285714286
6709,0.8571428571428571
6710,1.3214285714285714
6711,2.142857142857143
6712,0.5714285714285714
6713,0.17857142857142858
6714,0.7142857142857143
6715,0.07142857142857142
6716,1.5714285714285714
6717,0.6785714285714286
6718,0.42857142857142855
6719,0.6428571428571429
6720,1.75
6721,0.39285714285714285
6722,4.892857142857143
6723,3.9642857142857144
6724,0.42857142857142855
6725,0.7142857142857143
6726,3.0714285714285716
6727,0.21428571428571427
6728,10.321428571428571
6729,2.7142857142857144
6730,1.25
6731,1.0714285714285714
6732,0.8571428571428571
6733,0.4642857142857143
6734,0.9285714285714286
6735,2.642857142857143
6736,2.2142857142857144
6737,2.7142857142857144
6738,1.8214285714285714
6739,0.6785714285714286
6740,2.3214285714285716
6741,0.39285714285714285
6742,0.39285714285714285
6743,0.8928571428571429
6744,0.7857142857142857
6745,8.5
6746,4.392857142857143
6747,0.0
6748,2.357142857142857
6749,1.4285714285714286
6750,3.0714285714285716
6751,1.6785714285714286
6752,0.0
6753,0.7142857142857143
6754,2.142857142857143
6755,0.6071428571428571
6756,1.2142857142857142
6757,1.1785714285714286
6758,2.0357142857142856
6759,1.1785714285714286
6760,0.6785714285714286
6761,0.5714285714285714
6762,1.0714285714285714
6763,2.5714285714285716
6764,1.2142857142857142
6765,1.9642857142857142
6766,1.8571428571428572
6767,1.8928571428571428
6768,2.4642857142857144
6769,1.1071428571428572
6770,0.21428571428571427
6771,0.7857142857142857
6772,1.4642857142857142
6773,0.03571428571428571
6774,0.7142857142857143
6775,0.25
6776,0.8928571428571429
6777,0.8214285714285714
6778,0.8214285714285714
6779,1.9642857142857142
6780,2.3214285714285716
6781,0.8571428571428571
6782,2.2142857142857144
6783,0.6071428571428571
6784,2.6785714285714284
6785,2.0357142857142856
6786,1.9642857142857142
6787,1.3928571428571428
6788,1.8928571428571428
6789,0.39285714285714285
6790,0.2857142857142857
6791,0.2857142857142857
6792,0.35714285714285715
6793,0.8214285714285714
6794,1.3214285714285714
6795,0.8571428571428571
6796,1.2857142857142858
6797,0.6785714285714286
6798,0.8928571428571429
6799,0.21428571428571427
6800,0.6071428571428571
6801,0.10714285714285714
6802,0.2857142857142857
6803,4.071428571428571
6804,1.5357142857142858
6805,0.0
6806,1.0714285714285714
6807,1.3214285714285714
6808,1.6071428571428572
6809,1.5714285714285714
6810,0.0
6811,0.42857142857142855
6812,1.4642857142857142
6813,0.39285714285714285
6814,0.35714285714285715
6815,4.5
6816,0.75
6817,0.7142857142857143
6818,0.8571428571428571
6819,0.2857142857142857
6820,0.0
6821,1.6071428571428572
6822,0.6071428571428571
6823,0.10714285714285714
6824,2.2142857142857144
6825,1.3928571428571428
6826,2.892857142857143
6827,0.6428571428571429
6828,0.4642857142857143
6829,0.6785714285714286
6830,0.9642857142857143
6831,0.14285714285714285
6832,0.75
6833,0.42857142857142855
6834,0.6785714285714286
6835,0.5714285714285714
6836,0.17857142857142858
6837,1.1785714285714286
6838,2.75
6839,0.32142857142857145
6840,0.75
6841,0.42857142857142855
6842,1.1071428571428572
6843,0.35714285714285715
6844,3.6785714285714284
6845,3.5357142857142856
6846,2.392857142857143
6847,0.4642857142857143
6848,1.9642857142857142
6849,2.142857142857143
6850,0.75
6851,5.928571428571429
6852,2.4285714285714284
6853,2.0357142857142856
6854,1.1071428571428572
6855,1.2142857142857142
6856,3.0
6857,0.25
6858,0.7857142857142857
6859,0.2857142857142857
6860,2.25
6861,18.928571428571427
6862,2.9285714285714284
6863,0.0
6864,3.9642857142857144
6865,1.3928571428571428
6866,4.785714285714286
6867,1.0
6868,0.8214285714285714
6869,1.25
6870,1.4642857142857142
6871,0.25
6872,0.4642857142857143
6873,2.2142857142857144
6874,4.142857142857143
6875,0.17857142857142858
6876,0.35714285714285715
6877,0.25
6878,1.75
6879,0.9285714285714286
6880,1.5714285714285714
6881,0.2857142857142857
6882,3.5714285714285716
6883,1.9642857142857142
6884,1.9642857142857142
6885,1.9642857142857142
6886,1.3928571428571428
6887,0.42857142857142855
6888,0.6071428571428571
6889,0.0
6890,0.35714285714285715
6891,0.4642857142857143
6892,0.7142857142857143
6893,1.2857142857142858
6894,0.35714285714285715
6895,0.2857142857142857
6896,2.892857142857143
6897,2.4642857142857144
6898,0.32142857142857145
6899,0.42857142857142855
6900,3.107142857142857
6901,0.25
6902,2.2857142857142856
6903,1.75
6904,0.9285714285714286
6905,0.7142857142857143
6906,1.2142857142857142
6907,0.9642857142857143
6908,0.6428571428571429
6909,4.714285714285714
6910,2.0
6911,2.107142857142857
6912,1.1785714285714286
6913,1.75
6914,0.35714285714285715
6915,0.32142857142857145
6916,0.75
6917,0.14285714285714285
6918,0.25
6919,14.607142857142858
6920,3.0357142857142856
6921,0.0
6922,3.2857142857142856
6923,3.4285714285714284
6924,1.4285714285714286
6925,1.4285714285714286
6926,2.0
6927,0.75
6928,1.25
6929,0.8571428571428571
6930,0.2857142857142857
6931,2.2857142857142856
6932,2.107142857142857
6933,0.4642857142857143
6934,0.32142857142857145
6935,0.14285714285714285
6936,0.6428571428571429
6937,1.5357142857142858
6938,0.39285714285714285
6939,1.25
6940,5.25
6941,1.6071428571428572
6942,1.8928571428571428
6943,1.2142857142857142
6944,0.03571428571428571
6945,0.4642857142857143
6946,0.75
6947,2.107142857142857
6948,0.6428571428571429
6949,0.25
6950,0.42857142857142855
6951,0.2857142857142857
6952,0.17857142857142858
6953,0.10714285714285714
6954,2.4285714285714284
6955,2.7857142857142856
6956,0.7142857142857143
6957,0.42857142857142855
6958,0.8571428571428571
6959,0.75
6960,7.035714285714286
6961,2.4285714285714284
6962,1.1785714285714286
6963,0.32142857142857145
6964,0.8214285714285714
6965,0.03571428571428571
6966,0.5357142857142857
6967,2.2857142857142856
6968,1.8928571428571428
6969,0.75
6970,1.3571428571428572
6971,1.3214285714285714
6972,1.4642857142857142
6973,0.4642857142857143
6974,0.4642857142857143
6975,0.03571428571428571
6976,0.39285714285714285
6977,2.857142857142857
6978,2.607142857142857
6979,0.0
6980,3.1785714285714284
6981,1.1428571428571428
6982,1.6785714285714286
6983,1.9285714285714286
6984,0.6785714285714286
6985,0.6071428571428571
6986,1.25
6987,0.5357142857142857
6988,0.7142857142857143
6989,1.0
6990,2.607142857142857
6991,1.8571428571428572
6992,0.6071428571428571
6993,0.5714285714285714
6994,0.8214285714285714
6995,1.6785714285714286
6996,1.1785714285714286
6997,0.4642857142857143
6998,1.1785714285714286
6999,2.357142857142857
7000,2.142857142857143
7001,1.0714285714285714
7002,0.5357142857142857
7003,0.9285714285714286
7004,1.6071428571428572
7005,0.07142857142857142
7006,0.8214285714285714
7007,0.75
7008,0.7142857142857143
7009,1.2142857142857142
7010,0.25
7011,0.9285714285714286
7012,1.0
7013,0.5714285714285714
7014,1.1428571428571428
7015,0.6785714285714286
7016,1.75
7017,1.6071428571428572
7018,6.142857142857143
7019,1.6785714285714286
7020,1.2142857142857142
7021,0.6071428571428571
7022,0.6071428571428571
7023,0.5714285714285714
7024,1.3928571428571428
7025,2.357142857142857
7026,2.4285714285714284
7027,1.0714285714285714
7028,1.0
7029,1.9642857142857142
7030,0.42857142857142855
7031,1.0
7032,0.42857142857142855
7033,0.39285714285714285
7034,0.21428571428571427
7035,6.571428571428571
7036,3.607142857142857
7037,0.0
7038,2.8214285714285716
7039,2.392857142857143
7040,1.2142857142857142
7041,2.642857142857143
7042,1.4285714285714286
7043,0.4642857142857143
7044,0.10714285714285714
7045,0.6428571428571429
7046,1.2142857142857142
7047,5.071428571428571
7048,0.6071428571428571
7049,1.25
7050,1.0
7051,1.1071428571428572
7052,0.21428571428571427
7053,0.39285714285714285
7054,0.0
7055,0.42857142857142855
7056,1.2142857142857142
7057,1.8928571428571428
7058,0.6071428571428571
7059,0.32142857142857145
7060,0.5
7061,0.75
7062,0.75
7063,0.0
7064,1.3928571428571428
7065,0.35714285714285715
7066,0.75
7067,0.21428571428571427
7068,0.0
7069,0.75
7070,2.5714285714285716
7071,0.21428571428571427
7072,0.39285714285714285
7073,1.0714285714285714
7074,0.9642857142857143
7075,0.39285714285714285
7076,7.142857142857143
7077,1.6071428571428572
7078,2.25
7079,2.1785714285714284
7080,1.7857142857142858
7081,0.4642857142857143
7082,0.8214285714285714
7083,2.642857142857143
7084,1.6428571428571428
7085,2.1785714285714284
7086,1.0
7087,1.9285714285714286
7088,0.39285714285714285
7089,0.4642857142857143
7090,0.8571428571428571
7091,0.7142857142857143
7092,0.4642857142857143
7093,13.928571428571429
7094,3.642857142857143
7095,0.0
7096,4.571428571428571
7097,6.142857142857143
7098,1.8214285714285714
7099,1.2857142857142858
7100,2.75
7101,1.4285714285714286
7102,0.5357142857142857
7103,1.1785714285714286
7104,1.25
7105,1.3928571428571428
7106,0.8571428571428571
7107,1.4285714285714286
7108,1.25
7109,1.1428571428571428
7110,0.7857142857142857
7111,1.6428571428571428
7112,1.3928571428571428
7113,0.2857142857142857
7114,1.8928571428571428
7115,3.107142857142857
7116,2.607142857142857
7117,0.7857142857142857
7118,0.6071428571428571
7119,1.5
7120,1.8214285714285714
7121,0.10714285714285714
7122,1.0357142857142858
7123,0.8571428571428571
7124,0.8571428571428571
7125,0.35714285714285715
7126,1.1785714285714286
7127,0.75
7128,2.5714285714285716
7129,0.42857142857142855
7130,1.2857142857142858
7131,1.1785714285714286
7132,2.5357142857142856
7133,0.7857142857142857
7134,8.178571428571429
7135,4.107142857142857
7136,2.6785714285714284
7137,1.3571428571428572
7138,1.3571428571428572
7139,0.8571428571428571
7140,1.4285714285714286
7141,1.9642857142857142
7142,3.0714285714285716
7143,1.8571428571428572
7144,1.1428571428571428
7145,2.5714285714285716
7146,0.5357142857142857
7147,1.6428571428571428
7148,1.1071428571428572
7149,1.0
7150,0.32142857142857145
7151,9.642857142857142
7152,2.8214285714285716
7153,0.0
7154,5.321428571428571
7155,8.178571428571429
7156,1.8571428571428572
7157,1.6785714285714286
7158,2.2142857142857144
7159,0.7857142857142857
7160,0.8928571428571429
7161,1.2142857142857142
7162,1.4285714285714286
7163,2.25
7164,1.2857142857142858
7165,0.35714285714285715
7166,0.6428571428571429
7167,0.75
7168,0.5
7169,2.5714285714285716
7170,1.5714285714285714
7171,0.5
7172,2.7142857142857144
7173,2.3214285714285716
7174,2.3214285714285716
7175,1.1785714285714286
7176,1.1785714285714286
7177,0.6428571428571429
7178,1.3214285714285714
7179,0.0
7180,1.8928571428571428
7181,1.6785714285714286
7182,0.7142857142857143
7183,0.35714285714285715
7184,0.5357142857142857
7185,0.8571428571428571
7186,2.9285714285714284
7187,0.2857142857142857
7188,0.6071428571428571
7189,0.5
7190,1.7142857142857142
7191,1.3928571428571428
7192,4.214285714285714
7193,4.642857142857143
7194,5.0
7195,1.3571428571428572
7196,1.3571428571428572
7197,0.32142857142857145
7198,0.8214285714285714
7199,10.25
7200,3.4642857142857144
7201,2.7857142857142856
7202,0.32142857142857145
7203,2.3214285714285716
7204,0.5714285714285714
7205,5.071428571428571
7206,1.25
7207,1.4285714285714286
7208,1.0714285714285714
7209,16.035714285714285
7210,3.8214285714285716
7211,0.0
7212,4.0
7213,4.392857142857143
7214,1.8571428571428572
7215,2.9642857142857144
7216,4.678571428571429
7217,1.3214285714285714
7218,0.0
7219,1.5714285714285714
7220,0.25
7221,3.1785714285714284
7222,2.0
7223,0.0
7224,2.2857142857142856
7225,0.6071428571428571
7226,3.7857142857142856
7227,2.642857142857143
7228,0.35714285714285715
7229,0.8214285714285714
7230,5.821428571428571
7231,1.9285714285714286
7232,3.0357142857142856
7233,3.25
7234,2.2142857142857144
7235,1.8571428571428572
7236,2.5
7237,0.21428571428571427
7238,1.5714285714285714
7239,1.0357142857142858
7240,1.1071428571428572
7241,0.42857142857142855
7242,0.7142857142857143
7243,1.2142857142857142
7244,4.678571428571429
7245,0.25
7246,0.8571428571428571
7247,1.75
7248,2.7857142857142856
7249,0.0
7250,8.821428571428571
7251,2.25
7252,1.3928571428571428
7253,1.5
7254,2.0
7255,0.8571428571428571
7256,1.0
7257,3.142857142857143
7258,2.892857142857143
7259,2.2142857142857144
7260,2.8214285714285716
7261,2.75
7262,0.5
7263,0.8571428571428571
7264,2.142857142857143
7265,0.9642857142857143
7266,0.21428571428571427
7267,21.142857142857142
7268,6.857142857142857
7269,0.0
7270,5.464285714285714
7271,2.5714285714285716
7272,2.0714285714285716
7273,1.9642857142857142
7274,2.5714285714285716
7275,1.1071428571428572
7276,0.8571428571428571
7277,1.3928571428571428
7278,0.7857142857142857
7279,2.107142857142857
7280,2.0
7281,0.32142857142857145
7282,1.0714285714285714
7283,0.10714285714285714
7284,0.8928571428571429
7285,0.6785714285714286
7286,0.10714285714285714
7287,0.6428571428571429
7288,1.6785714285714286
7289,0.8571428571428571
7290,1.3214285714285714
7291,2.142857142857143
7292,0.5714285714285714
7293,0.17857142857142858
7294,0.7142857142857143
7295,0.07142857142857142
7296,1.5714285714285714
7297,0.6785714285714286
7298,0.42857142857142855
7299,0.6428571428571429
7300,1.75
7301,0.39285714285714285
7302,4.892857142857143
7303,3.9642857142857144
7304,0.42857142857142855
7305,0.7142857142857143
7306,3.0714285714285716
7307,0.21428571428571427
7308,10.321428571428571
7309,2.7142857142857144
7310,1.25
7311,1.0714285714285714
7312,0.8571428571428571
7313,0.4642857142857143
7314,0.9285714285714286
7315,2.642857142857143
7316,2.2142857142857144
7317,2.7142857142857144
7318,1.8214285714285714
7319,0.6785714285714286
7320,2.3214285714285716
7321,0.39285714285714285
7322,0.39285714285714285
7323,0.8928571428571429
7324,0.7857142857142857
7325,8.5
7326,4.392857142857143
7327,0.0
7328,2.357142857142857
7329,1.4285714285714286
7330,3.0714285714285716
7331,1.6785714285714286
7332,0.0
7333,0.7142857142857143
7334,2.142857142857143
7335,0.6071428571428571
7336,1.2142857142857142
7337,1.1785714285714286
7338,2.0357142857142856
7339,1.1785714285714286
7340,0.6785714285714286
7341,0.5714285714285714
7342,1.0714285714285714
7343,2.5714285714285716
7344,1.2142857142857142
7345,1.9642857142857142
7346,1.8571428571428572
7347,1.8928571428571428
7348,2.4642857142857144
7349,1.1071428571428572
7350,0.21428571428571427
7351,0.7857142857142857
7352,1.4642857142857142
7353,0.03571428571428571
7354,0.7142857142857143
7355,0.25
7356,0.8928571428571429
7357,0.8214285714285714
7358,0.8214285714285714
7359,1.9642857142857142
7360,2.3214285714285716
7361,0.8571428571428571
7362,2.2142857142857144
7363,0.6071428571428571
7364,2.6785714285714284
7365,2.0357142857142856
7366,1.9642857142857142
7367,1.3928571428571428
7368,1.8928571428571428
7369,0.39285714285714285
7370,0.2857142857142857
7371,0.2857142857142857
7372,0.35714285714285715
7373,0.8214285714285714
7374,1.3214285714285714
7375,0.8571428571428571
7376,1.2857142857142858
7377,0.6785714285714286
7378,0.8928571428571429
7379,0.21428571428571427
7380,0.6071428571428571
7381,0.10714285714285714
7382,0.2857142857142857
7383,4.071428571428571
7384,1.5357142857142858
7385,0.0
7386,1.0714285714285714
7387,1.3214285714285714
7388,1.6071428571428572
7389,1.5714285714285714
7390,0.0
7391,0.42857142857142855
7392,1.4642857142857142
7393,0.39285714285714285
7394,0.35714285714285715
7395,4.5
7396,0.75
7397,0.7142857142857143
7398,0.8571428571428571
7399,0.2857142857142857
7400,0.0
7401,1.6071428571428572
7402,0.6071428571428571
7403,0.10714285714285714
7404,2.2142857142857144
7405,1.3928571428571428
7406,2.892857142857143
7407,0.6428571428571429
7408,0.4642857142857143
7409,0.6785714285714286
7410,0.9642857142857143
7411,0.14285714285714285
7412,0.75
7413,0.42857142857142855
7414,0.6785714285714286
7415,0.5714285714285714
7416,0.17857142857142858
7417,1.1785714285714286
7418,2.75
7419,0.32142857142857145
7420,0.75
7421,0.42857142857142855
7422,1.1071428571428572
7423,0.35714285714285715
7424,3.6785714285714284
7425,3.5357142857142856
7426,2.392857142857143
7427,0.4642857142857143
7428,1.9642857142857142
7429,2.142857142857143
7430,0.75
7431,5.928571428571429
7432,2.4285714285714284
7433,2.0357142857142856
7434,1.1071428571428572
7435,1.2142857142857142
7436,3.0
7437,0.25
7438,0.7857142857142857
7439,0.2857142857142857
7440,2.25
7441,18.928571428571427
7442,2.9285714285714284
7443,0.0
7444,3.9642857142857144
7445,1.3928571428571428
7446,4.785714285714286
7447,1.0
7448,0.8214285714285714
7449,1.25
7450,1.4642857142857142
7451,0.25
7452,0.4642857142857143
7453,2.2142857142857144
7454,4.142857142857143
7455,0.17857142857142858
7456,0.35714285714285715
7457,0.25
7458,1.75
7459,0.9285714285714286
7460,1.5714285714285714
7461,0.2857142857142857
7462,3.5714285714285716
7463,1.9642857142857142
7464,1.9642857142857142
7465,1.9642857142857142
7466,1.3928571428571428
7467,0.42857142857142855
7468,0.6071428571428571
7469,0.0
7470,0.35714285714285715
7471,0.4642857142857143
7472,0.7142857142857143
7473,1.2857142857142858
7474,0.35714285714285715
7475,0.2857142857142857
7476,2.892857142857143
7477,2.4642857142857144
7478,0.32142857142857145
7479,0.42857142857142855
7480,3.107142857142857
7481,0.25
7482,2.2857142857142856
7483,1.75
7484,0.9285714285714286
7485,0.7142857142857143
7486,1.2142857142857142
7487,0.9642857142857143
7488,0.6428571428571429
7489,4.714285714285714
7490,2.0
7491,2.107142857142857
7492,1.1785714285714286
7493,1.75
7494,0.35714285714285715
7495,0.32142857142857145
7496,0.75
7497,0.14285714285714285
7498,0.25
7499,14.607142857142858
7500,3.0357142857142856
7501,0.0
7502,3.2857142857142856
7503,3.4285714285714284
7504,1.4285714285714286
7505,1.4285714285714286
7506,2.0
7507,0.75
7508,1.25
7509,0.8571428571428571
7510,0.2857142857142857
7511,2.2857142857142856
7512,2.107142857142857
7513,0.4642857142857143
7514,0.32142857142857145
7515,0.14285714285714285
7516,0.6428571428571429
7517,1.5357142857142858
7518,0.39285714285714285
7519,1.25
7520,5.25
7521,1.6071428571428572
7522,1.8928571428571428
7523,1.2142857142857142
7524,0.03571428571428571
7525,0.4642857142857143
7526,0.75
7527,2.107142857142857
7528,0.6428571428571429
7529,0.25
7530,0.42857142857142855
7531,0.2857142857142857
7532,0.17857142857142858
7533,0.10714285714285714
7534,2.4285714285714284
7535,2.7857142857142856
7536,0.7142857142857143
7537,0.42857142857142855
7538,0.8571428571428571
7539,0.75
7540,7.035714285714286
7541,2.4285714285714284
7542,1.1785714285714286
7543,0.32142857142857145
7544,0.8214285714285714
7545,0.03571428571428571
7546,0.5357142857142857
7547,2.2857142857142856
7548,1.8928571428571428
7549,0.75
7550,1.3571428571428572
7551,1.3214285714285714
7552,1.4642857142857142
7553,0.4642857142857143
7554,0.4642857142857143
7555,0.03571428571428571
7556,0.39285714285714285
7557,2.857142857142857
7558,2.607142857142857
7559,0.0
7560,3.1785714285714284
7561,1.1428571428571428
7562,1.6785714285714286
7563,1.9285714285714286
7564,0.6785714285714286
7565,0.6071428571428571
7566,1.25
7567,0.5357142857142857
7568,0.7142857142857143
7569,1.0
7570,2.607142857142857
7571,1.8571428571428572
7572,0.6071428571428571
7573,0.5714285714285714
7574,0.8214285714285714
7575,1.6785714285714286
7576,1.1785714285714286
7577,0.4642857142857143
7578,1.1785714285714286
7579,2.357142857142857
7580,2.142857142857143
7581,1.0714285714285714
7582,0.5357142857142857
7583,0.9285714285714286
7584,1.6071428571428572
7585,0.07142857142857142
7586,0.8214285714285714
7587,0.75
7588,0.7142857142857143
7589,1.2142857142857142
7590,0.25
7591,0.9285714285714286
7592,1.0
7593,0.5714285714285714
7594,1.1428571428571428
7595,0.6785714285714286
7596,1.75
7597,1.6071428571428572
7598,6.142857142857143
7599,1.6785714285714286
7600,1.2142857142857142
7601,0.6071428571428571
7602,0.6071428571428571
7603,0.5714285714285714
7604,1.3928571428571428
7605,2.357142857142857
7606,2.4285714285714284
7607,1.0714285714285714
7608,1.0
7609,1.9642857142857142
7610,0.42857142857142855
7611,1.0
7612,0.42857142857142855
7613,0.39285714285714285
7614,0.21428571428571427
7615,6.571428571428571
7616,3.607142857142857
7617,0.0
7618,2.8214285714285716
7619,2.392857142857143
7620,1.2142857142857142
7621,2.642857142857143
7622,1.4285714285714286
7623,0.4642857142857143
7624,0.10714285714285714
7625,0.6428571428571429
7626,1.2142857142857142
7627,5.071428571428571
7628,0.6071428571428571
7629,1.25
7630,1.0
7631,1.1071428571428572
7632,0.21428571428571427
7633,0.39285714285714285
7634,0.0
7635,0.42857142857142855
7636,1.2142857142857142
7637,1.8928571428571428
7638,0.6071428571428571
7639,0.32142857142857145
7640,0.5
7641,0.75
7642,0.75
7643,0.0
7644,1.3928571428571428
7645,0.35714285714285715
7646,0.75
7647,0.21428571428571427
7648,0.0
7649,0.75
7650,2.5714285714285716
7651,0.21428571428571427
7652,0.39285714285714285
7653,1.0714285714285714
7654,0.9642857142857143
7655,0.39285714285714285
7656,7.142857142857143
7657,1.6071428571428572
7658,2.25
7659,2.1785714285714284
7660,1.7857142857142858
7661,0.4642857142857143
7662,0.8214285714285714
7663,2.642857142857143
7664,1.6428571428571428
7665,2.1785714285714284
7666,1.0
7667,1.9285714285714286
7668,0.39285714285714285
7669,0.4642857142857143
7670,0.8571428571428571
7671,0.7142857142857143
7672,0.4642857142857143
7673,13.928571428571429
7674,3.642857142857143
7675,0.0
7676,4.571428571428571
7677,6.142857142857143
7678,1.8214285714285714
7679,1.2857142857142858
7680,2.75
7681,1.4285714285714286
7682,0.5357142857142857
7683,1.1785714285714286
7684,1.25
7685,1.3928571428571428
7686,0.8571428571428571
7687,1.4285714285714286
7688,1.25
7689,1.1428571428571428
7690,0.7857142857142857
7691,1.6428571428571428
7692,1.3928571428571428
7693,0.2857142857142857
7694,1.8928571428571428
7695,3.107142857142857
7696,2.607142857142857
7697,0.7857142857142857
7698,0.6071428571428571
7699,1.5
7700,1.8214285714285714
7701,0.10714285714285714
7702,1.0357142857142858
7703,0.8571428571428571
7704,0.8571428571428571
7705,0.35714285714285715
7706,1.1785714285714286
7707,0.75
7708,2.5714285714285716
7709,0.42857142857142855
7710,1.2857142857142858
7711,1.1785714285714286
7712,2.5357142857142856
7713,0.7857142857142857
7714,8.178571428571429
7715,4.107142857142857
7716,2.6785714285714284
7717,1.3571428571428572
7718,1.3571428571428572
7719,0.8571428571428571
7720,1.4285714285714286
7721,1.9642857142857142
7722,3.0714285714285716
7723,1.8571428571428572
7724,1.1428571428571428
7725,2.5714285714285716
7726,0.5357142857142857
7727,1.6428571428571428
7728,1.1071428571428572
7729,1.0
7730,0.32142857142857145
7731,9.642857142857142
7732,2.8214285714285716
7733,0.0
7734,5.321428571428571
7735,8.178571428571429
7736,1.8571428571428572
7737,1.6785714285714286
7738,2.2142857142857144
7739,0.7857142857142857
7740,0.8928571428571429
7741,1.2142857142857142
7742,1.4285714285714286
7743,2.25
7744,1.2857142857142858
7745,0.35714285714285715
7746,0.6428571428571429
7747,0.75
7748,0.5
7749,2.5714285714285716
7750,1.5714285714285714
7751,0.5
7752,2.7142857142857144
7753,2.3214285714285716
7754,2.3214285714285716
7755,1.1785714285714286
7756,1.1785714285714286
7757,0.6428571428571429
7758,1.3214285714285714
7759,0.0
7760,1.8928571428571428
7761,1.6785714285714286
7762,0.7142857142857143
7763,0.35714285714285715
7764,0.5357142857142857
7765,0.8571428571428571
7766,2.9285714285714284
7767,0.2857142857142857
7768,0.6071428571428571
7769,0.5
7770,1.7142857142857142
7771,1.3928571428571428
7772,4.214285714285714
7773,4.642857142857143
7774,5.0
7775,1.3571428571428572
7776,1.3571428571428572
7777,0.32142857142857145
7778,0.8214285714285714
7779,10.25
7780,3.4642857142857144
7781,2.7857142857142856
7782,0.32142857142857145
7783,2.3214285714285716
7784,0.5714285714285714
7785,5.071428571428571
7786,1.25
7787,1.4285714285714286
7788,1.0714285714285714
7789,16.035714285714285
7790,3.8214285714285716
7791,0.0
7792,4.0
7793,4.392857142857143
7794,1.8571428571428572
7795,2.9642857142857144
7796,4.678571428571429
7797,1.3214285714285714
7798,0.0
7799,1.5714285714285714
7800,0.25
7801,3.1785714285714284
7802,2.0
7803,0.0
7804,2.2857142857142856
7805,0.6071428571428571
7806,3.7857142857142856
7807,2.642857142857143
7808,0.35714285714285715
7809,0.8214285714285714
7810,5.821428571428571
7811,1.9285714285714286
7812,3.0357142857142856
7813,3.25
7814,2.2142857142857144
7815,1.8571428571428572
7816,2.5
7817,0.21428571428571427
7818,1.5714285714285714
7819,1.0357142857142858
7820,1.1071428571428572
7821,0.42857142857142855
7822,0.7142857142857143
7823,1.2142857142857142
7824,4.678571428571429
7825,0.25
7826,0.8571428571428571
7827,1.75
7828,2.7857142857142856
7829,0.0
7830,8.821428571428571
7831,2.25
7832,1.3928571428571428
7833,1.5
7834,2.0
7835,0.8571428571428571
7836,1.0
7837,3.142857142857143
7838,2.892857142857143
7839,2.2142857142857144
7840,2.8214285714285716
7841,2.75
7842,0.5
7843,0.8571428571428571
7844,2.142857142857143
7845,0.9642857142857143
7846,0.21428571428571427
7847,21.142857142857142
7848,6.857142857142857
7849,0.0
7850,5.464285714285714
7851,2.5714285714285716
7852,2.0714285714285716
7853,1.9642857142857142
7854,2.5714285714285716
7855,1.1071428571428572
7856,0.8571428571428571
7857,1.3928571428571428
7858,0.7857142857142857
7859,2.107142857142857
7860,2.0
7861,0.32142857142857145
7862,1.0714285714285714
7863,0.10714285714285714
7864,0.8928571428571429
7865,0.6785714285714286
7866,0.10714285714285714
7867,0.6428571428571429
7868,1.6785714285714286
7869,0.8571428571428571
7870,1.3214285714285714
7871,2.142857142857143
7872,0.5714285714285714
7873,0.17857142857142858
7874,0.7142857142857143
7875,0.07142857142857142
7876,1.5714285714285714
7877,0.6785714285714286
7878,0.42857142857142855
7879,0.6428571428571429
7880,1.75
7881,0.39285714285714285
7882,4.892857142857143
7883,3.9642857142857144
7884,0.42857142857142855
7885,0.7142857142857143
7886,3.0714285714285716
7887,0.21428571428571427
7888,10.321428571428571
7889,2.7142857142857144
7890,1.25
7891,1.0714285714285714
7892,0.8571428571428571
7893,0.4642857142857143
7894,0.9285714285714286
7895,2.642857142857143
7896,2.2142857142857144
7897,2.7142857142857144
7898,1.8214285714285714
7899,0.6785714285714286
7900,2.3214285714285716
7901,0.39285714285714285
7902,0.39285714285714285
7903,0.8928571428571429
7904,0.7857142857142857
7905,8.5
7906,4.392857142857143
7907,0.0
7908,2.357142857142857
7909,1.4285714285714286
7910,3.0714285714285716
7911,1.6785714285714286
7912,0.0
7913,0.7142857142857143
7914,2.142857142857143
7915,0.6071428571428571
7916,1.2142857142857142
7917,1.1785714285714286
7918,2.0357142857142856
7919,1.1785714285714286
7920,0.6785714285714286
7921,0.5714285714285714
7922,1.0714285714285714
7923,2.5714285714285716
7924,1.2142857142857142
7925,1.9642857142857142
7926,1.8571428571428572
7927,1.8928571428571428
7928,2.4642857142857144
7929,1.1071428571428572
7930,0.21428571428571427
7931,0.7857142857142857
7932,1.4642857142857142
7933,0.03571428571428571
7934,0.7142857142857143
7935,0.25
7936,0.8928571428571429
7937,0.8214285714285714
7938,0.8214285714285714
7939,1.9642857142857142
7940,2.3214285714285716
7941,0.8571428571428571
7942,2.2142857142857144
7943,0.6071428571428571
7944,2.6785714285714284
7945,2.0357142857142856
7946,1.9642857142857142
7947,1.3928571428571428
7948,1.8928571428571428
7949,0.39285714285714285
7950,0.2857142857142857
7951,0.2857142857142857
7952,0.35714285714285715
7953,0.8214285714285714
7954,1.3214285714285714
7955,0.8571428571428571
7956,1.2857142857142858
7957,0.6785714285714286
7958,0.8928571428571429
7959,0.21428571428571427
7960,0.6071428571428571
7961,0.10714285714285714
7962,0.2857142857142857
7963,4.071428571428571
7964,1.5357142857142858
7965,0.0
7966,1.0714285714285714
7967,1.3214285714285714
7968,1.6071428571428572
7969,1.5714285714285714
7970,0.0
7971,0.42857142857142855
7972,1.4642857142857142
7973,0.39285714285714285
7974,0.35714285714285715
7975,4.5
7976,0.75
7977,0.7142857142857143
7978,0.8571428571428571
7979,0.2857142857142857
7980,0.0
7981,1.6071428571428572
7982,0.6071428571428571
7983,0.10714285714285714
7984,2.2142857142857144
7985,1.3928571428571428
7986,2.892857142857143
7987,0.6428571428571429
7988,0.4642857142857143
7989,0.6785714285714286
7990,0.9642857142857143
7991,0.14285714285714285
7992,0.75
7993,0.42857142857142855
7994,0.6785714285714286
7995,0.5714285714285714
7996,0.17857142857142858
7997,1.1785714285714286
7998,2.75
7999,0.32142857142857145
8000,0.75
8001,0.42857142857142855
8002,1.1071428571428572
8003,0.35714285714285715
8004,3.6785714285714284
8005,3.5357142857142856
8006,2.392857142857143
8007,0.4642857142857143
8008,1.9642857142857142
8009,2.142857142857143
8010,0.75
8011,5.928571428571429
8012,2.4285714285714284
8013,2.0357142857142856
8014,1.1071428571428572
8015,1.2142857142857142
8016,3.0
8017,0.25
8018,0.7857142857142857
8019,0.2857142857142857
8020,2.25
8021,18.928571428571427
8022,2.9285714285714284
8023,0.0
8024,3.9642857142857144
8025,1.3928571428571428
8026,4.785714285714286
8027,1.0
8028,0.8214285714285714
8029,1.25
8030,1.4642857142857142
8031,0.25
8032,0.4642857142857143
8033,2.2142857142857144
8034,4.142857142857143
8035,0.17857142857142858
8036,0.35714285714285715
8037,0.25
8038,1.75
8039,0.9285714285714286
8040,1.5714285714285714
8041,0.2857142857142857
8042,3.5714285714285716
8043,1.9642857142857142
8044,1.9642857142857142
8045,1.9642857142857142
8046,1.3928571428571428
8047,0.42857142857142855
8048,0.6071428571428571
8049,0.0
8050,0.35714285714285715
8051,0.4642857142857143
8052,0.7142857142857143
8053,1.2857142857142858
8054,0.35714285714285715
8055,0.2857142857142857
8056,2.892857142857143
8057,2.4642857142857144
8058,0.32142857142857145
8059,0.42857142857142855
8060,3.107142857142857
8061,0.25
8062,2.2857142857142856
8063,1.75
8064,0.9285714285714286
8065,0.7142857142857143
8066,1.2142857142857142
8067,0.9642857142857143
8068,0.6428571428571429
8069,4.714285714285714
8070,2.0
8071,2.107142857142857
8072,1.1785714285714286
8073,1.75
8074,0.35714285714285715
8075,0.32142857142857145
8076,0.75
8077,0.14285714285714285
8078,0.25
8079,14.607142857142858
8080,3.0357142857142856
8081,0.0
8082,3.2857142857142856
8083,3.4285714285714284
8084,1.4285714285714286
8085,1.4285714285714286
8086,2.0
8087,0.75
8088,1.25
8089,0.8571428571428571
8090,0.2857142857142857
8091,2.2857142857142856
8092,2.107142857142857
8093,0.4642857142857143
8094,0.32142857142857145
8095,0.14285714285714285
8096,0.6428571428571429
8097,1.5357142857142858
8098,0.39285714285714285
8099,1.25
8100,5.25
8101,1.6071428571428572
8102,1.8928571428571428
8103,1.2142857142857142
8104,0.03571428571428571
8105,0.4642857142857143
8106,0.75
8107,2.107142857142857
8108,0.6428571428571429
8109,0.25
8110,0.42857142857142855
8111,0.2857142857142857
8112,0.17857142857142858
8113,0.10714285714285714
8114,2.4285714285714284
8115,2.7857142857142856
8116,0.7142857142857143
8117,0.42857142857142855
8118,0.8571428571428571
8119,0.75
