row_id,demand
0,1.6699029126213591
1,1.6699029126213591
2,1.6699029126213591
3,1.6699029126213591
4,1.6699029126213591
5,1.6699029126213591
6,1.6699029126213591
7,1.0255957634598412
8,1.0255957634598412
9,1.0255957634598412
10,1.0255957634598412
11,1.0255957634598412
12,1.0255957634598412
13,1.0255957634598412
14,1.0255957634598412
15,1.0255957634598412
16,1.0255957634598412
17,2.0
18,2.0
19,2.0
20,2.0
21,2.0
22,2.0
23,2.0
24,0.7605177993527508
25,0.7605177993527508
26,0.7605177993527508
27,0.7605177993527508
28,0.7605177993527508
29,0.8527508090614887
30,0.8527508090614887
31,0.8527508090614887
32,0.8527508090614887
33,0.8527508090614887
34,0.7359223300970874
35,0.7359223300970874
36,0.7359223300970874
37,0.7359223300970874
38,1.1484049930651872
39,1.1484049930651872
40,1.1484049930651872
41,1.1484049930651872
42,1.1484049930651872
43,1.1484049930651872
44,0.6130374479889042
45,0.6130374479889042
46,0.6130374479889042
47,0.6130374479889042
48,0.6130374479889042
49,0.6130374479889042
50,0.7605177993527508
51,1.6699029126213591
52,2.0
53,1.0255957634598412
54,0.7359223300970874
55,0.8527508090614887
56,1.1484049930651872
57,0.6130374479889042
58,1.0813106796116505
59,1.0813106796116505
60,1.0813106796116505
61,1.0813106796116505
62,1.0813106796116505
63,1.0813106796116505
64,1.0813106796116505
65,0.8702559576345984
66,0.8702559576345984
67,0.8702559576345984
68,0.8702559576345984
69,0.8702559576345984
70,0.8702559576345984
71,0.8702559576345984
72,0.8702559576345984
73,0.8702559576345984
74,0.8702559576345984
75,2.003640776699029
76,2.003640776699029
77,2.003640776699029
78,2.003640776699029
79,2.003640776699029
80,2.003640776699029
81,2.003640776699029
82,0.5032362459546925
83,0.5032362459546925
84,0.5032362459546925
85,0.5032362459546925
86,0.5032362459546925
87,1.2750809061488673
88,1.2750809061488673
89,1.2750809061488673
90,1.2750809061488673
91,1.2750809061488673
92,0.19611650485436893
93,0.19611650485436893
94,0.19611650485436893
95,0.19611650485436893
96,0.7281553398058253
97,0.7281553398058253
98,0.7281553398058253
99,0.7281553398058253
100,0.7281553398058253
101,0.7281553398058253
102,0.46879334257975036
103,0.46879334257975036
104,0.46879334257975036
105,0.46879334257975036
106,0.46879334257975036
107,0.46879334257975036
108,0.5032362459546925
109,1.0813106796116505
110,2.003640776699029
111,0.8702559576345984
112,0.19611650485436893
113,1.2750809061488673
114,0.7281553398058253
115,0.46879334257975036
116,1.9138349514563107
117,1.9138349514563107
118,1.9138349514563107
119,1.9138349514563107
120,1.9138349514563107
121,1.9138349514563107
122,1.9138349514563107
123,1.026478375992939
124,1.026478375992939
125,1.026478375992939
126,1.026478375992939
127,1.026478375992939
128,1.026478375992939
129,1.026478375992939
130,1.026478375992939
131,1.026478375992939
132,1.026478375992939
133,3.5521844660194173
134,3.5521844660194173
135,3.5521844660194173
136,3.5521844660194173
137,3.5521844660194173
138,3.5521844660194173
139,3.5521844660194173
140,1.0113268608414239
141,1.0113268608414239
142,1.0113268608414239
143,1.0113268608414239
144,1.0113268608414239
145,1.1213592233009708
146,1.1213592233009708
147,1.1213592233009708
148,1.1213592233009708
149,1.1213592233009708
150,0.5689320388349515
151,0.5689320388349515
152,0.5689320388349515
153,0.5689320388349515
154,1.4244105409153953
155,1.4244105409153953
156,1.4244105409153953
157,1.4244105409153953
158,1.4244105409153953
159,1.4244105409153953
160,0.7766990291262136
161,0.7766990291262136
162,0.7766990291262136
163,0.7766990291262136
164,0.7766990291262136
165,0.7766990291262136
166,1.0113268608414239
167,1.9138349514563107
168,3.5521844660194173
169,1.026478375992939
170,0.5689320388349515
171,1.1213592233009708
172,1.4244105409153953
173,0.7766990291262136
174,1.5861650485436893
175,1.5861650485436893
176,1.5861650485436893
177,1.5861650485436893
178,1.5861650485436893
179,1.5861650485436893
180,1.5861650485436893
181,0.7537511032656664
182,0.7537511032656664
183,0.7537511032656664
184,0.7537511032656664
185,0.7537511032656664
186,0.7537511032656664
187,0.7537511032656664
188,0.7537511032656664
189,0.7537511032656664
190,0.7537511032656664
191,1.8276699029126213
192,1.8276699029126213
193,1.8276699029126213
194,1.8276699029126213
195,1.8276699029126213
196,1.8276699029126213
197,1.8276699029126213
198,0.656957928802589
199,0.656957928802589
200,0.656957928802589
201,0.656957928802589
202,0.656957928802589
203,0.9336569579288025
204,0.9336569579288025
205,0.9336569579288025
206,0.9336569579288025
207,0.9336569579288025
208,0.5475728155339806
209,0.5475728155339806
210,0.5475728155339806
211,0.5475728155339806
212,1.2718446601941749
213,1.2718446601941749
214,1.2718446601941749
215,1.2718446601941749
216,1.2718446601941749
217,1.2718446601941749
218,0.9972260748959778
219,0.9972260748959778
220,0.9972260748959778
221,0.9972260748959778
222,0.9972260748959778
223,0.9972260748959778
224,0.656957928802589
225,1.5861650485436893
226,1.8276699029126213
227,0.7537511032656664
228,0.5475728155339806
229,0.9336569579288025
230,1.2718446601941749
231,0.9972260748959778
232,1.9344660194174756
233,1.9344660194174756
234,1.9344660194174756
235,1.9344660194174756
236,1.9344660194174756
237,1.9344660194174756
238,1.9344660194174756
239,2.063548102383054
240,2.063548102383054
241,2.063548102383054
242,2.063548102383054
243,2.063548102383054
244,2.063548102383054
245,2.063548102383054
246,2.063548102383054
247,2.063548102383054
248,2.063548102383054
249,4.313106796116505
250,4.313106796116505
251,4.313106796116505
252,4.313106796116505
253,4.313106796116505
254,4.313106796116505
255,4.313106796116505
256,1.2993527508090614
257,1.2993527508090614
258,1.2993527508090614
259,1.2993527508090614
260,1.2993527508090614
261,2.0388349514563107
262,2.0388349514563107
263,2.0388349514563107
264,2.0388349514563107
265,2.0388349514563107
266,1.2621359223300972
267,1.2621359223300972
268,1.2621359223300972
269,1.2621359223300972
270,2.396671289875173
271,2.396671289875173
272,2.396671289875173
273,2.396671289875173
274,2.396671289875173
275,2.396671289875173
276,1.1872399445214978
277,1.1872399445214978
278,1.1872399445214978
279,1.1872399445214978
280,1.1872399445214978
281,1.1872399445214978
282,1.2993527508090614
283,1.9344660194174756
284,4.313106796116505
285,2.063548102383054
286,1.2621359223300972
287,2.0388349514563107
288,2.396671289875173
289,1.1872399445214978
290,1.5327669902912622
291,1.5327669902912622
292,1.5327669902912622
293,1.5327669902912622
294,1.5327669902912622
295,1.5327669902912622
296,1.5327669902912622
297,1.3433362753751104
298,1.3433362753751104
299,1.3433362753751104
300,1.3433362753751104
301,1.3433362753751104
302,1.3433362753751104
303,1.3433362753751104
304,1.3433362753751104
305,1.3433362753751104
306,1.3433362753751104
307,3.120145631067961
308,3.120145631067961
309,3.120145631067961
310,3.120145631067961
311,3.120145631067961
312,3.120145631067961
313,3.120145631067961
314,0.8203883495145631
315,0.8203883495145631
316,0.8203883495145631
317,0.8203883495145631
318,0.8203883495145631
319,0.8754045307443366
320,0.8754045307443366
321,0.8754045307443366
322,0.8754045307443366
323,0.8754045307443366
324,0.45436893203883494
325,0.45436893203883494
326,0.45436893203883494
327,0.45436893203883494
328,0.9195561719833565
329,0.9195561719833565
330,0.9195561719833565
331,0.9195561719833565
332,0.9195561719833565
333,0.9195561719833565
334,0.5839112343966713
335,0.5839112343966713
336,0.5839112343966713
337,0.5839112343966713
338,0.5839112343966713
339,0.5839112343966713
340,0.8203883495145631
341,1.5327669902912622
342,3.120145631067961
343,1.3433362753751104
344,0.45436893203883494
345,0.8754045307443366
346,0.9195561719833565
347,0.5839112343966713
348,1.104368932038835
349,1.104368932038835
350,1.104368932038835
351,1.104368932038835
352,1.104368932038835
353,1.104368932038835
354,1.104368932038835
355,1.1924095322153574
356,1.1924095322153574
357,1.1924095322153574
358,1.1924095322153574
359,1.1924095322153574
360,1.1924095322153574
361,1.1924095322153574
362,1.1924095322153574
363,1.1924095322153574
364,1.1924095322153574
365,2.0509708737864076
366,2.0509708737864076
367,2.0509708737864076
368,2.0509708737864076
369,2.0509708737864076
370,2.0509708737864076
371,2.0509708737864076
372,0.470873786407767
373,0.470873786407767
374,0.470873786407767
375,0.470873786407767
376,0.470873786407767
377,0.9449838187702265
378,0.9449838187702265
379,0.9449838187702265
380,0.9449838187702265
381,0.9449838187702265
382,1.1475728155339806
383,1.1475728155339806
384,1.1475728155339806
385,1.1475728155339806
386,1.1525658807212205
387,1.1525658807212205
388,1.1525658807212205
389,1.1525658807212205
390,1.1525658807212205
391,1.1525658807212205
392,0.6976421636615812
393,0.6976421636615812
394,0.6976421636615812
395,0.6976421636615812
396,0.6976421636615812
397,0.6976421636615812
398,0.470873786407767
399,1.104368932038835
400,2.0509708737864076
401,1.1924095322153574
402,1.1475728155339806
403,0.9449838187702265
404,1.1525658807212205
405,0.6976421636615812
406,1.0351941747572815
407,1.0351941747572815
408,1.0351941747572815
409,1.0351941747572815
410,1.0351941747572815
411,1.0351941747572815
412,1.0351941747572815
413,0.7431597528684908
414,0.7431597528684908
415,0.7431597528684908
416,0.7431597528684908
417,0.7431597528684908
418,0.7431597528684908
419,0.7431597528684908
420,0.7431597528684908
421,0.7431597528684908
422,0.7431597528684908
423,1.6189320388349515
424,1.6189320388349515
425,1.6189320388349515
426,1.6189320388349515
427,1.6189320388349515
428,1.6189320388349515
429,1.6189320388349515
430,0.5048543689320388
431,0.5048543689320388
432,0.5048543689320388
433,0.5048543689320388
434,0.5048543689320388
435,0.6488673139158576
436,0.6488673139158576
437,0.6488673139158576
438,0.6488673139158576
439,0.6488673139158576
440,0.658252427184466
441,0.658252427184466
442,0.658252427184466
443,0.658252427184466
444,1.0221914008321775
445,1.0221914008321775
446,1.0221914008321775
447,1.0221914008321775
448,1.0221914008321775
449,1.0221914008321775
450,0.5769764216366158
451,0.5769764216366158
452,0.5769764216366158
453,0.5769764216366158
454,0.5769764216366158
455,0.5769764216366158
456,0.5048543689320388
457,1.0351941747572815
458,1.6189320388349515
459,0.7431597528684908
460,0.658252427184466
461,0.6488673139158576
462,1.0221914008321775
463,0.5769764216366158
464,1.9611650485436893
465,1.9611650485436893
466,1.9611650485436893
467,1.9611650485436893
468,1.9611650485436893
469,1.9611650485436893
470,1.9611650485436893
471,1.3618711385701676
472,1.3618711385701676
473,1.3618711385701676
474,1.3618711385701676
475,1.3618711385701676
476,1.3618711385701676
477,1.3618711385701676
478,1.3618711385701676
479,1.3618711385701676
480,1.3618711385701676
481,3.3228155339805827
482,3.3228155339805827
483,3.3228155339805827
484,3.3228155339805827
485,3.3228155339805827
486,3.3228155339805827
487,3.3228155339805827
488,0.656957928802589
489,0.656957928802589
490,0.656957928802589
491,0.656957928802589
492,0.656957928802589
493,0.8915857605177994
494,0.8915857605177994
495,0.8915857605177994
496,0.8915857605177994
497,0.8915857605177994
498,0.5922330097087378
499,0.5922330097087378
500,0.5922330097087378
501,0.5922330097087378
502,1.622746185852982
503,1.622746185852982
504,1.622746185852982
505,1.622746185852982
506,1.622746185852982
507,1.622746185852982
508,0.5145631067961165
509,0.5145631067961165
510,0.5145631067961165
511,0.5145631067961165
512,0.5145631067961165
513,0.5145631067961165
514,0.656957928802589
515,1.9611650485436893
516,3.3228155339805827
517,1.3618711385701676
518,0.5922330097087378
519,0.8915857605177994
520,1.622746185852982
521,0.5145631067961165
522,1.0703883495145632
523,1.0703883495145632
524,1.0703883495145632
525,1.0703883495145632
526,1.0703883495145632
527,1.0703883495145632
528,1.0703883495145632
529,0.76522506619594
530,0.76522506619594
531,0.76522506619594
532,0.76522506619594
533,0.76522506619594
534,0.76522506619594
535,0.76522506619594
536,0.76522506619594
537,0.76522506619594
538,0.76522506619594
539,2.0970873786407767
540,2.0970873786407767
541,2.0970873786407767
542,2.0970873786407767
543,2.0970873786407767
544,2.0970873786407767
545,2.0970873786407767
546,0.7313915857605178
547,0.7313915857605178
548,0.7313915857605178
549,0.7313915857605178
550,0.7313915857605178
551,0.9368932038834952
552,0.9368932038834952
553,0.9368932038834952
554,0.9368932038834952
555,0.9368932038834952
556,0.6058252427184466
557,0.6058252427184466
558,0.6058252427184466
559,0.6058252427184466
560,1.1192787794729542
561,1.1192787794729542
562,1.1192787794729542
563,1.1192787794729542
564,1.1192787794729542
565,1.1192787794729542
566,0.4563106796116505
567,0.4563106796116505
568,0.4563106796116505
569,0.4563106796116505
570,0.4563106796116505
571,0.4563106796116505
572,0.7313915857605178
573,1.0703883495145632
574,2.0970873786407767
575,0.76522506619594
576,0.6058252427184466
577,0.9368932038834952
578,1.1192787794729542
579,0.4563106796116505
580,1.7704326923076923
581,1.7704326923076923
582,1.7704326923076923
583,1.7704326923076923
584,1.7704326923076923
585,1.7704326923076923
586,1.7704326923076923
587,0.9082167832167832
588,0.9082167832167832
589,0.9082167832167832
590,0.9082167832167832
591,0.9082167832167832
592,0.9082167832167832
593,0.9082167832167832
594,0.9082167832167832
595,0.9082167832167832
596,0.9082167832167832
597,2.0360576923076925
598,2.0360576923076925
599,2.0360576923076925
600,2.0360576923076925
601,2.0360576923076925
602,2.0360576923076925
603,2.0360576923076925
604,0.6330128205128205
605,0.6330128205128205
606,0.6330128205128205
607,0.6330128205128205
608,0.6330128205128205
609,0.7532051282051282
610,0.7532051282051282
611,0.7532051282051282
612,0.7532051282051282
613,0.7532051282051282
614,0.7980769230769231
615,0.7980769230769231
616,0.7980769230769231
617,0.7980769230769231
618,1.0769230769230769
619,1.0769230769230769
620,1.0769230769230769
621,1.0769230769230769
622,1.0769230769230769
623,1.0769230769230769
624,0.6071428571428571
625,0.6071428571428571
626,0.6071428571428571
627,0.6071428571428571
628,0.6071428571428571
629,0.6071428571428571
630,0.6330128205128205
631,1.7704326923076923
632,2.0360576923076925
633,0.9082167832167832
634,0.7980769230769231
635,0.7532051282051282
636,1.0769230769230769
637,0.6071428571428571
638,1.0793269230769231
639,1.0793269230769231
640,1.0793269230769231
641,1.0793269230769231
642,1.0793269230769231
643,1.0793269230769231
644,1.0793269230769231
645,0.756993006993007
646,0.756993006993007
647,0.756993006993007
648,0.756993006993007
649,0.756993006993007
650,0.756993006993007
651,0.756993006993007
652,0.756993006993007
653,0.756993006993007
654,0.756993006993007
655,1.9651442307692308
656,1.9651442307692308
657,1.9651442307692308
658,1.9651442307692308
659,1.9651442307692308
660,1.9651442307692308
661,1.9651442307692308
662,0.483974358974359
663,0.483974358974359
664,0.483974358974359
665,0.483974358974359
666,0.483974358974359
667,1.044871794871795
668,1.044871794871795
669,1.044871794871795
670,1.044871794871795
671,1.044871794871795
672,0.2673076923076923
673,0.2673076923076923
674,0.2673076923076923
675,0.2673076923076923
676,0.7293956043956044
677,0.7293956043956044
678,0.7293956043956044
679,0.7293956043956044
680,0.7293956043956044
681,0.7293956043956044
682,0.43131868131868134
683,0.43131868131868134
684,0.43131868131868134
685,0.43131868131868134
686,0.43131868131868134
687,0.43131868131868134
688,0.483974358974359
689,1.0793269230769231
690,1.9651442307692308
691,0.756993006993007
692,0.2673076923076923
693,1.044871794871795
694,0.7293956043956044
695,0.43131868131868134
696,1.7427884615384615
697,1.7427884615384615
698,1.7427884615384615
699,1.7427884615384615
700,1.7427884615384615
701,1.7427884615384615
702,1.7427884615384615
703,0.958041958041958
704,0.958041958041958
705,0.958041958041958
706,0.958041958041958
707,0.958041958041958
708,0.958041958041958
709,0.958041958041958
710,0.958041958041958
711,0.958041958041958
712,0.958041958041958
713,3.4194711538461537
714,3.4194711538461537
715,3.4194711538461537
716,3.4194711538461537
717,3.4194711538461537
718,3.4194711538461537
719,3.4194711538461537
720,0.8846153846153846
721,0.8846153846153846
722,0.8846153846153846
723,0.8846153846153846
724,0.8846153846153846
725,1.1538461538461537
726,1.1538461538461537
727,1.1538461538461537
728,1.1538461538461537
729,1.1538461538461537
730,0.6096153846153847
731,0.6096153846153847
732,0.6096153846153847
733,0.6096153846153847
734,1.1936813186813187
735,1.1936813186813187
736,1.1936813186813187
737,1.1936813186813187
738,1.1936813186813187
739,1.1936813186813187
740,0.7005494505494505
741,0.7005494505494505
742,0.7005494505494505
743,0.7005494505494505
744,0.7005494505494505
745,0.7005494505494505
746,0.8846153846153846
747,1.7427884615384615
748,3.4194711538461537
749,0.958041958041958
750,0.6096153846153847
751,1.1538461538461537
752,1.1936813186813187
753,0.7005494505494505
754,1.7307692307692308
755,1.7307692307692308
756,1.7307692307692308
757,1.7307692307692308
758,1.7307692307692308
759,1.7307692307692308
760,1.7307692307692308
761,0.6687062937062938
762,0.6687062937062938
763,0.6687062937062938
764,0.6687062937062938
765,0.6687062937062938
766,0.6687062937062938
767,0.6687062937062938
768,0.6687062937062938
769,0.6687062937062938
770,0.6687062937062938
771,1.8978365384615385
772,1.8978365384615385
773,1.8978365384615385
774,1.8978365384615385
775,1.8978365384615385
776,1.8978365384615385
777,1.8978365384615385
778,0.7387820512820513
779,0.7387820512820513
780,0.7387820512820513
781,0.7387820512820513
782,0.7387820512820513
783,0.7291666666666666
784,0.7291666666666666
785,0.7291666666666666
786,0.7291666666666666
787,0.7291666666666666
788,0.5192307692307693
789,0.5192307692307693
790,0.5192307692307693
791,0.5192307692307693
792,1.1456043956043955
793,1.1456043956043955
794,1.1456043956043955
795,1.1456043956043955
796,1.1456043956043955
797,1.1456043956043955
798,0.9134615384615384
799,0.9134615384615384
800,0.9134615384615384
801,0.9134615384615384
802,0.9134615384615384
803,0.9134615384615384
804,0.7387820512820513
805,1.7307692307692308
806,1.8978365384615385
807,0.6687062937062938
808,0.5192307692307693
809,0.7291666666666666
810,1.1456043956043955
811,0.9134615384615384
812,2.0360576923076925
813,2.0360576923076925
814,2.0360576923076925
815,2.0360576923076925
816,2.0360576923076925
817,2.0360576923076925
818,2.0360576923076925
819,1.8802447552447552
820,1.8802447552447552
821,1.8802447552447552
822,1.8802447552447552
823,1.8802447552447552
824,1.8802447552447552
825,1.8802447552447552
826,1.8802447552447552
827,1.8802447552447552
828,1.8802447552447552
829,4.100961538461538
830,4.100961538461538
831,4.100961538461538
832,4.100961538461538
833,4.100961538461538
834,4.100961538461538
835,4.100961538461538
836,1.1442307692307692
837,1.1442307692307692
838,1.1442307692307692
839,1.1442307692307692
840,1.1442307692307692
841,1.9407051282051282
842,1.9407051282051282
843,1.9407051282051282
844,1.9407051282051282
845,1.9407051282051282
846,1.376923076923077
847,1.376923076923077
848,1.376923076923077
849,1.376923076923077
850,2.037087912087912
851,2.037087912087912
852,2.037087912087912
853,2.037087912087912
854,2.037087912087912
855,2.037087912087912
856,1.217032967032967
857,1.217032967032967
858,1.217032967032967
859,1.217032967032967
860,1.217032967032967
861,1.217032967032967
862,1.1442307692307692
863,2.0360576923076925
864,4.100961538461538
865,1.8802447552447552
866,1.376923076923077
867,1.9407051282051282
868,2.037087912087912
869,1.217032967032967
870,1.6418269230769231
871,1.6418269230769231
872,1.6418269230769231
873,1.6418269230769231
874,1.6418269230769231
875,1.6418269230769231
876,1.6418269230769231
877,1.2683566433566433
878,1.2683566433566433
879,1.2683566433566433
880,1.2683566433566433
881,1.2683566433566433
882,1.2683566433566433
883,1.2683566433566433
884,1.2683566433566433
885,1.2683566433566433
886,1.2683566433566433
887,3.2367788461538463
888,3.2367788461538463
889,3.2367788461538463
890,3.2367788461538463
891,3.2367788461538463
892,3.2367788461538463
893,3.2367788461538463
894,0.8092948717948718
895,0.8092948717948718
896,0.8092948717948718
897,0.8092948717948718
898,0.8092948717948718
899,1.0432692307692308
900,1.0432692307692308
901,1.0432692307692308
902,1.0432692307692308
903,1.0432692307692308
904,0.5076923076923077
905,0.5076923076923077
906,0.5076923076923077
907,0.5076923076923077
908,0.864010989010989
909,0.864010989010989
910,0.864010989010989
911,0.864010989010989
912,0.864010989010989
913,0.864010989010989
914,0.5508241758241759
915,0.5508241758241759
916,0.5508241758241759
917,0.5508241758241759
918,0.5508241758241759
919,0.5508241758241759
920,0.8092948717948718
921,1.6418269230769231
922,3.2367788461538463
923,1.2683566433566433
924,0.5076923076923077
925,1.0432692307692308
926,0.864010989010989
927,0.5508241758241759
928,1.1298076923076923
929,1.1298076923076923
930,1.1298076923076923
931,1.1298076923076923
932,1.1298076923076923
933,1.1298076923076923
934,1.1298076923076923
935,1.1083916083916083
936,1.1083916083916083
937,1.1083916083916083
938,1.1083916083916083
939,1.1083916083916083
940,1.1083916083916083
941,1.1083916083916083
942,1.1083916083916083
943,1.1083916083916083
944,1.1083916083916083
945,2.076923076923077
946,2.076923076923077
947,2.076923076923077
948,2.076923076923077
949,2.076923076923077
950,2.076923076923077
951,2.076923076923077
952,0.4775641025641026
953,0.4775641025641026
954,0.4775641025641026
955,0.4775641025641026
956,0.4775641025641026
957,1.0288461538461537
958,1.0288461538461537
959,1.0288461538461537
960,1.0288461538461537
961,1.0288461538461537
962,0.9557692307692308
963,0.9557692307692308
964,0.9557692307692308
965,0.9557692307692308
966,1.0906593406593406
967,1.0906593406593406
968,1.0906593406593406
969,1.0906593406593406
970,1.0906593406593406
971,1.0906593406593406
972,0.5989010989010989
973,0.5989010989010989
974,0.5989010989010989
975,0.5989010989010989
976,0.5989010989010989
977,0.5989010989010989
978,0.4775641025641026
979,1.1298076923076923
980,2.076923076923077
981,1.1083916083916083
982,0.9557692307692308
983,1.0288461538461537
984,1.0906593406593406
985,0.5989010989010989
986,0.9747596153846154
987,0.9747596153846154
988,0.9747596153846154
989,0.9747596153846154
990,0.9747596153846154
991,0.9747596153846154
992,0.9747596153846154
993,0.7036713286713286
994,0.7036713286713286
995,0.7036713286713286
996,0.7036713286713286
997,0.7036713286713286
998,0.7036713286713286
999,0.7036713286713286
1000,0.7036713286713286
1001,0.7036713286713286
1002,0.7036713286713286
1003,1.640625
1004,1.640625
1005,1.640625
1006,1.640625
1007,1.640625
1008,1.640625
1009,1.640625
1010,0.47115384615384615
1011,0.47115384615384615
1012,0.47115384615384615
1013,0.47115384615384615
1014,0.47115384615384615
1015,0.75
1016,0.75
1017,0.75
1018,0.75
1019,0.75
1020,0.6788461538461539
1021,0.6788461538461539
1022,0.6788461538461539
1023,0.6788461538461539
1024,0.9725274725274725
1025,0.9725274725274725
1026,0.9725274725274725
1027,0.9725274725274725
1028,0.9725274725274725
1029,0.9725274725274725
1030,0.5604395604395604
1031,0.5604395604395604
1032,0.5604395604395604
1033,0.5604395604395604
1034,0.5604395604395604
1035,0.5604395604395604
1036,0.47115384615384615
1037,0.9747596153846154
1038,1.640625
1039,0.7036713286713286
1040,0.6788461538461539
1041,0.75
1042,0.9725274725274725
1043,0.5604395604395604
1044,2.0552884615384617
1045,2.0552884615384617
1046,2.0552884615384617
1047,2.0552884615384617
1048,2.0552884615384617
1049,2.0552884615384617
1050,2.0552884615384617
1051,1.284965034965035
1052,1.284965034965035
1053,1.284965034965035
1054,1.284965034965035
1055,1.284965034965035
1056,1.284965034965035
1057,1.284965034965035
1058,1.284965034965035
1059,1.284965034965035
1060,1.284965034965035
1061,3.3882211538461537
1062,3.3882211538461537
1063,3.3882211538461537
1064,3.3882211538461537
1065,3.3882211538461537
1066,3.3882211538461537
1067,3.3882211538461537
1068,0.7019230769230769
1069,0.7019230769230769
1070,0.7019230769230769
1071,0.7019230769230769
1072,0.7019230769230769
1073,0.8894230769230769
1074,0.8894230769230769
1075,0.8894230769230769
1076,0.8894230769230769
1077,0.8894230769230769
1078,0.6846153846153846
1079,0.6846153846153846
1080,0.6846153846153846
1081,0.6846153846153846
1082,1.5178571428571428
1083,1.5178571428571428
1084,1.5178571428571428
1085,1.5178571428571428
1086,1.5178571428571428
1087,1.5178571428571428
1088,0.5123626373626373
1089,0.5123626373626373
1090,0.5123626373626373
1091,0.5123626373626373
1092,0.5123626373626373
1093,0.5123626373626373
1094,0.7019230769230769
1095,2.0552884615384617
1096,3.3882211538461537
1097,1.284965034965035
1098,0.6846153846153846
1099,0.8894230769230769
1100,1.5178571428571428
1101,0.5123626373626373
1102,1.0769230769230769
1103,1.0769230769230769
1104,1.0769230769230769
1105,1.0769230769230769
1106,1.0769230769230769
1107,1.0769230769230769
1108,1.0769230769230769
1109,0.715034965034965
1110,0.715034965034965
1111,0.715034965034965
1112,0.715034965034965
1113,0.715034965034965
1114,0.715034965034965
1115,0.715034965034965
1116,0.715034965034965
1117,0.715034965034965
1118,0.715034965034965
1119,2.1466346153846154
1120,2.1466346153846154
1121,2.1466346153846154
1122,2.1466346153846154
1123,2.1466346153846154
1124,2.1466346153846154
1125,2.1466346153846154
1126,0.6506410256410257
1127,0.6506410256410257
1128,0.6506410256410257
1129,0.6506410256410257
1130,0.6506410256410257
1131,0.9214743589743589
1132,0.9214743589743589
1133,0.9214743589743589
1134,0.9214743589743589
1135,0.9214743589743589
1136,0.7057692307692308
1137,0.7057692307692308
1138,0.7057692307692308
1139,0.7057692307692308
1140,1.0082417582417582
1141,1.0082417582417582
1142,1.0082417582417582
1143,1.0082417582417582
1144,1.0082417582417582
1145,1.0082417582417582
1146,0.41346153846153844
1147,0.41346153846153844
1148,0.41346153846153844
1149,0.41346153846153844
1150,0.41346153846153844
1151,0.41346153846153844
1152,0.6506410256410257
1153,1.0769230769230769
1154,2.1466346153846154
1155,0.715034965034965
1156,0.7057692307692308
1157,0.9214743589743589
1158,1.0082417582417582
1159,0.41346153846153844
1160,1.7331730769230769
1161,1.7331730769230769
1162,1.7331730769230769
1163,1.7331730769230769
1164,1.7331730769230769
1165,1.7331730769230769
1166,1.7331730769230769
1167,0.8487762237762237
1168,0.8487762237762237
1169,0.8487762237762237
1170,0.8487762237762237
1171,0.8487762237762237
1172,0.8487762237762237
1173,0.8487762237762237
1174,0.8487762237762237
1175,0.8487762237762237
1176,0.8487762237762237
1177,2.0240384615384617
1178,2.0240384615384617
1179,2.0240384615384617
1180,2.0240384615384617
1181,2.0240384615384617
1182,2.0240384615384617
1183,2.0240384615384617
1184,0.5881410256410257
1185,0.5881410256410257
1186,0.5881410256410257
1187,0.5881410256410257
1188,0.5881410256410257
1189,0.8509615384615384
1190,0.8509615384615384
1191,0.8509615384615384
1192,0.8509615384615384
1193,0.8509615384615384
1194,0.8038461538461539
1195,0.8038461538461539
1196,0.8038461538461539
1197,0.8038461538461539
1198,0.9793956043956044
1199,0.9793956043956044
1200,0.9793956043956044
1201,0.9793956043956044
1202,0.9793956043956044
1203,0.9793956043956044
1204,0.5769230769230769
1205,0.5769230769230769
1206,0.5769230769230769
1207,0.5769230769230769
1208,0.5769230769230769
1209,0.5769230769230769
1210,0.5881410256410257
1211,1.7331730769230769
1212,2.0240384615384617
1213,0.8487762237762237
1214,0.8038461538461539
1215,0.8509615384615384
1216,0.9793956043956044
1217,0.5769230769230769
1218,1.1682692307692308
1219,1.1682692307692308
1220,1.1682692307692308
1221,1.1682692307692308
1222,1.1682692307692308
1223,1.1682692307692308
1224,1.1682692307692308
1225,0.6608391608391608
1226,0.6608391608391608
1227,0.6608391608391608
1228,0.6608391608391608
1229,0.6608391608391608
1230,0.6608391608391608
1231,0.6608391608391608
1232,0.6608391608391608
1233,0.6608391608391608
1234,0.6608391608391608
1235,1.9555288461538463
1236,1.9555288461538463
1237,1.9555288461538463
1238,1.9555288461538463
1239,1.9555288461538463
1240,1.9555288461538463
1241,1.9555288461538463
1242,0.49198717948717946
1243,0.49198717948717946
1244,0.49198717948717946
1245,0.49198717948717946
1246,0.49198717948717946
1247,1.0945512820512822
1248,1.0945512820512822
1249,1.0945512820512822
1250,1.0945512820512822
1251,1.0945512820512822
1252,0.23653846153846153
1253,0.23653846153846153
1254,0.23653846153846153
1255,0.23653846153846153
1256,0.6978021978021978
1257,0.6978021978021978
1258,0.6978021978021978
1259,0.6978021978021978
1260,0.6978021978021978
1261,0.6978021978021978
1262,0.3983516483516483
1263,0.3983516483516483
1264,0.3983516483516483
1265,0.3983516483516483
1266,0.3983516483516483
1267,0.3983516483516483
1268,0.49198717948717946
1269,1.1682692307692308
1270,1.9555288461538463
1271,0.6608391608391608
1272,0.23653846153846153
1273,1.0945512820512822
1274,0.6978021978021978
1275,0.3983516483516483
1276,1.6971153846153846
1277,1.6971153846153846
1278,1.6971153846153846
1279,1.6971153846153846
1280,1.6971153846153846
1281,1.6971153846153846
1282,1.6971153846153846
1283,0.8190559440559441
1284,0.8190559440559441
1285,0.8190559440559441
1286,0.8190559440559441
1287,0.8190559440559441
1288,0.8190559440559441
1289,0.8190559440559441
1290,0.8190559440559441
1291,0.8190559440559441
1292,0.8190559440559441
1293,3.592548076923077
1294,3.592548076923077
1295,3.592548076923077
1296,3.592548076923077
1297,3.592548076923077
1298,3.592548076923077
1299,3.592548076923077
1300,0.8814102564102564
1301,0.8814102564102564
1302,0.8814102564102564
1303,0.8814102564102564
1304,0.8814102564102564
1305,1.1634615384615385
1306,1.1634615384615385
1307,1.1634615384615385
1308,1.1634615384615385
1309,1.1634615384615385
1310,0.7461538461538462
1311,0.7461538461538462
1312,0.7461538461538462
1313,0.7461538461538462
1314,1.1497252747252746
1315,1.1497252747252746
1316,1.1497252747252746
1317,1.1497252747252746
1318,1.1497252747252746
1319,1.1497252747252746
1320,0.7678571428571429
1321,0.7678571428571429
1322,0.7678571428571429
1323,0.7678571428571429
1324,0.7678571428571429
1325,0.7678571428571429
1326,0.8814102564102564
1327,1.6971153846153846
1328,3.592548076923077
1329,0.8190559440559441
1330,0.7461538461538462
1331,1.1634615384615385
1332,1.1497252747252746
1333,0.7678571428571429
1334,1.7415865384615385
1335,1.7415865384615385
1336,1.7415865384615385
1337,1.7415865384615385
1338,1.7415865384615385
1339,1.7415865384615385
1340,1.7415865384615385
1341,0.6328671328671329
1342,0.6328671328671329
1343,0.6328671328671329
1344,0.6328671328671329
1345,0.6328671328671329
1346,0.6328671328671329
1347,0.6328671328671329
1348,0.6328671328671329
1349,0.6328671328671329
1350,0.6328671328671329
1351,1.90625
1352,1.90625
1353,1.90625
1354,1.90625
1355,1.90625
1356,1.90625
1357,1.90625
1358,0.657051282051282
1359,0.657051282051282
1360,0.657051282051282
1361,0.657051282051282
1362,0.657051282051282
1363,0.842948717948718
1364,0.842948717948718
1365,0.842948717948718
1366,0.842948717948718
1367,0.842948717948718
1368,0.5923076923076923
1369,0.5923076923076923
1370,0.5923076923076923
1371,0.5923076923076923
1372,1.1730769230769231
1373,1.1730769230769231
1374,1.1730769230769231
1375,1.1730769230769231
1376,1.1730769230769231
1377,1.1730769230769231
1378,0.9505494505494505
1379,0.9505494505494505
1380,0.9505494505494505
1381,0.9505494505494505
1382,0.9505494505494505
1383,0.9505494505494505
1384,0.657051282051282
1385,1.7415865384615385
1386,1.90625
1387,0.6328671328671329
1388,0.5923076923076923
1389,0.842948717948718
1390,1.1730769230769231
1391,0.9505494505494505
1392,2.0721153846153846
1393,2.0721153846153846
1394,2.0721153846153846
1395,2.0721153846153846
1396,2.0721153846153846
1397,2.0721153846153846
1398,2.0721153846153846
1399,1.8181818181818181
1400,1.8181818181818181
1401,1.8181818181818181
1402,1.8181818181818181
1403,1.8181818181818181
1404,1.8181818181818181
1405,1.8181818181818181
1406,1.8181818181818181
1407,1.8181818181818181
1408,1.8181818181818181
1409,4.012019230769231
1410,4.012019230769231
1411,4.012019230769231
1412,4.012019230769231
1413,4.012019230769231
1414,4.012019230769231
1415,4.012019230769231
1416,1.2884615384615385
1417,1.2884615384615385
1418,1.2884615384615385
1419,1.2884615384615385
1420,1.2884615384615385
1421,1.9471153846153846
1422,1.9471153846153846
1423,1.9471153846153846
1424,1.9471153846153846
1425,1.9471153846153846
1426,1.3942307692307692
1427,1.3942307692307692
1428,1.3942307692307692
1429,1.3942307692307692
1430,1.9175824175824177
1431,1.9175824175824177
1432,1.9175824175824177
1433,1.9175824175824177
1434,1.9175824175824177
1435,1.9175824175824177
1436,1.190934065934066
1437,1.190934065934066
1438,1.190934065934066
1439,1.190934065934066
1440,1.190934065934066
1441,1.190934065934066
1442,1.2884615384615385
1443,2.0721153846153846
1444,4.012019230769231
1445,1.8181818181818181
1446,1.3942307692307692
1447,1.9471153846153846
1448,1.9175824175824177
1449,1.190934065934066
1450,1.5637019230769231
1451,1.5637019230769231
1452,1.5637019230769231
1453,1.5637019230769231
1454,1.5637019230769231
1455,1.5637019230769231
1456,1.5637019230769231
1457,1.125
1458,1.125
1459,1.125
1460,1.125
1461,1.125
1462,1.125
1463,1.125
1464,1.125
1465,1.125
1466,1.125
1467,3.3822115384615383
1468,3.3822115384615383
1469,3.3822115384615383
1470,3.3822115384615383
1471,3.3822115384615383
1472,3.3822115384615383
1473,3.3822115384615383
1474,0.7996794871794872
1475,0.7996794871794872
1476,0.7996794871794872
1477,0.7996794871794872
1478,0.7996794871794872
1479,1.1282051282051282
1480,1.1282051282051282
1481,1.1282051282051282
1482,1.1282051282051282
1483,1.1282051282051282
1484,0.5076923076923077
1485,0.5076923076923077
1486,0.5076923076923077
1487,0.5076923076923077
1488,0.9024725274725275
1489,0.9024725274725275
1490,0.9024725274725275
1491,0.9024725274725275
1492,0.9024725274725275
1493,0.9024725274725275
1494,0.5521978021978022
1495,0.5521978021978022
1496,0.5521978021978022
1497,0.5521978021978022
1498,0.5521978021978022
1499,0.5521978021978022
1500,0.7996794871794872
1501,1.5637019230769231
1502,3.3822115384615383
1503,1.125
1504,0.5076923076923077
1505,1.1282051282051282
1506,0.9024725274725275
1507,0.5521978021978022
1508,1.0697115384615385
1509,1.0697115384615385
1510,1.0697115384615385
1511,1.0697115384615385
1512,1.0697115384615385
1513,1.0697115384615385
1514,1.0697115384615385
1515,1.0043706293706294
1516,1.0043706293706294
1517,1.0043706293706294
1518,1.0043706293706294
1519,1.0043706293706294
1520,1.0043706293706294
1521,1.0043706293706294
1522,1.0043706293706294
1523,1.0043706293706294
1524,1.0043706293706294
1525,2.0372596153846154
1526,2.0372596153846154
1527,2.0372596153846154
1528,2.0372596153846154
1529,2.0372596153846154
1530,2.0372596153846154
1531,2.0372596153846154
1532,0.4150641025641026
1533,0.4150641025641026
1534,0.4150641025641026
1535,0.4150641025641026
1536,0.4150641025641026
1537,1.0208333333333333
1538,1.0208333333333333
1539,1.0208333333333333
1540,1.0208333333333333
1541,1.0208333333333333
1542,1.1538461538461537
1543,1.1538461538461537
1544,1.1538461538461537
1545,1.1538461538461537
1546,1.0425824175824177
1547,1.0425824175824177
1548,1.0425824175824177
1549,1.0425824175824177
1550,1.0425824175824177
1551,1.0425824175824177
1552,0.6620879120879121
1553,0.6620879120879121
1554,0.6620879120879121
1555,0.6620879120879121
1556,0.6620879120879121
1557,0.6620879120879121
1558,0.4150641025641026
1559,1.0697115384615385
1560,2.0372596153846154
1561,1.0043706293706294
1562,1.1538461538461537
1563,1.0208333333333333
1564,1.0425824175824177
1565,0.6620879120879121
1566,1.0372596153846154
1567,1.0372596153846154
1568,1.0372596153846154
1569,1.0372596153846154
1570,1.0372596153846154
1571,1.0372596153846154
1572,1.0372596153846154
1573,0.6276223776223776
1574,0.6276223776223776
1575,0.6276223776223776
1576,0.6276223776223776
1577,0.6276223776223776
1578,0.6276223776223776
1579,0.6276223776223776
1580,0.6276223776223776
1581,0.6276223776223776
1582,0.6276223776223776
1583,1.5877403846153846
1584,1.5877403846153846
1585,1.5877403846153846
1586,1.5877403846153846
1587,1.5877403846153846
1588,1.5877403846153846
1589,1.5877403846153846
1590,0.49038461538461536
1591,0.49038461538461536
1592,0.49038461538461536
1593,0.49038461538461536
1594,0.49038461538461536
1595,0.6810897435897436
1596,0.6810897435897436
1597,0.6810897435897436
1598,0.6810897435897436
1599,0.6810897435897436
1600,0.7692307692307693
1601,0.7692307692307693
1602,0.7692307692307693
1603,0.7692307692307693
1604,1.0233516483516483
1605,1.0233516483516483
1606,1.0233516483516483
1607,1.0233516483516483
1608,1.0233516483516483
1609,1.0233516483516483
1610,0.5260989010989011
1611,0.5260989010989011
1612,0.5260989010989011
1613,0.5260989010989011
1614,0.5260989010989011
1615,0.5260989010989011
1616,0.49038461538461536
1617,1.0372596153846154
1618,1.5877403846153846
1619,0.6276223776223776
1620,0.7692307692307693
1621,0.6810897435897436
1622,1.0233516483516483
1623,0.5260989010989011
1624,1.8461538461538463
1625,1.8461538461538463
1626,1.8461538461538463
1627,1.8461538461538463
1628,1.8461538461538463
1629,1.8461538461538463
1630,1.8461538461538463
1631,1.2491258741258742
1632,1.2491258741258742
1633,1.2491258741258742
1634,1.2491258741258742
1635,1.2491258741258742
1636,1.2491258741258742
1637,1.2491258741258742
1638,1.2491258741258742
1639,1.2491258741258742
1640,1.2491258741258742
1641,3.5072115384615383
1642,3.5072115384615383
1643,3.5072115384615383
1644,3.5072115384615383
1645,3.5072115384615383
1646,3.5072115384615383
1647,3.5072115384615383
1648,0.6442307692307693
1649,0.6442307692307693
1650,0.6442307692307693
1651,0.6442307692307693
1652,0.6442307692307693
1653,0.8717948717948718
1654,0.8717948717948718
1655,0.8717948717948718
1656,0.8717948717948718
1657,0.8717948717948718
1658,0.7653846153846153
1659,0.7653846153846153
1660,0.7653846153846153
1661,0.7653846153846153
1662,1.5384615384615385
1663,1.5384615384615385
1664,1.5384615384615385
1665,1.5384615384615385
1666,1.5384615384615385
1667,1.5384615384615385
1668,0.521978021978022
1669,0.521978021978022
1670,0.521978021978022
1671,0.521978021978022
1672,0.521978021978022
1673,0.521978021978022
1674,0.6442307692307693
1675,1.8461538461538463
1676,3.5072115384615383
1677,1.2491258741258742
1678,0.7653846153846153
1679,0.8717948717948718
1680,1.5384615384615385
1681,0.521978021978022
1682,0.9375
1683,0.9375
1684,0.9375
1685,0.9375
1686,0.9375
1687,0.9375
1688,0.9375
1689,0.6861888111888111
1690,0.6861888111888111
1691,0.6861888111888111
1692,0.6861888111888111
1693,0.6861888111888111
1694,0.6861888111888111
1695,0.6861888111888111
1696,0.6861888111888111
1697,0.6861888111888111
1698,0.6861888111888111
1699,2.3353365384615383
1700,2.3353365384615383
1701,2.3353365384615383
1702,2.3353365384615383
1703,2.3353365384615383
1704,2.3353365384615383
1705,2.3353365384615383
1706,0.6009615384615384
1707,0.6009615384615384
1708,0.6009615384615384
1709,0.6009615384615384
1710,0.6009615384615384
1711,0.8076923076923077
1712,0.8076923076923077
1713,0.8076923076923077
1714,0.8076923076923077
1715,0.8076923076923077
1716,0.7038461538461539
1717,0.7038461538461539
1718,0.7038461538461539
1719,0.7038461538461539
1720,1.0521978021978022
1721,1.0521978021978022
1722,1.0521978021978022
1723,1.0521978021978022
1724,1.0521978021978022
1725,1.0521978021978022
1726,0.40384615384615385
1727,0.40384615384615385
1728,0.40384615384615385
1729,0.40384615384615385
1730,0.40384615384615385
1731,0.40384615384615385
1732,0.6009615384615384
1733,0.9375
1734,2.3353365384615383
1735,0.6861888111888111
1736,0.7038461538461539
1737,0.8076923076923077
1738,1.0521978021978022
1739,0.40384615384615385
1740,1.7860576923076923
1741,1.7860576923076923
1742,1.7860576923076923
1743,1.7860576923076923
1744,1.7860576923076923
1745,1.7860576923076923
1746,1.7860576923076923
1747,0.847027972027972
1748,0.847027972027972
1749,0.847027972027972
1750,0.847027972027972
1751,0.847027972027972
1752,0.847027972027972
1753,0.847027972027972
1754,0.847027972027972
1755,0.847027972027972
1756,0.847027972027972
1757,2.032451923076923
1758,2.032451923076923
1759,2.032451923076923
1760,2.032451923076923
1761,2.032451923076923
1762,2.032451923076923
1763,2.032451923076923
1764,0.5208333333333334
1765,0.5208333333333334
1766,0.5208333333333334
1767,0.5208333333333334
1768,0.5208333333333334
1769,0.8108974358974359
1770,0.8108974358974359
1771,0.8108974358974359
1772,0.8108974358974359
1773,0.8108974358974359
1774,0.948076923076923
1775,0.948076923076923
1776,0.948076923076923
1777,0.948076923076923
1778,1.1758241758241759
1779,1.1758241758241759
1780,1.1758241758241759
1781,1.1758241758241759
1782,1.1758241758241759
1783,1.1758241758241759
1784,0.6785714285714286
1785,0.6785714285714286
1786,0.6785714285714286
1787,0.6785714285714286
1788,0.6785714285714286
1789,0.6785714285714286
1790,0.5208333333333334
1791,1.7860576923076923
1792,2.032451923076923
1793,0.847027972027972
1794,0.948076923076923
1795,0.8108974358974359
1796,1.1758241758241759
1797,0.6785714285714286
1798,1.3161057692307692
1799,1.3161057692307692
1800,1.3161057692307692
1801,1.3161057692307692
1802,1.3161057692307692
1803,1.3161057692307692
1804,1.3161057692307692
1805,0.6372377622377622
1806,0.6372377622377622
1807,0.6372377622377622
1808,0.6372377622377622
1809,0.6372377622377622
1810,0.6372377622377622
1811,0.6372377622377622
1812,0.6372377622377622
1813,0.6372377622377622
1814,0.6372377622377622
1815,2.183894230769231
1816,2.183894230769231
1817,2.183894230769231
1818,2.183894230769231
1819,2.183894230769231
1820,2.183894230769231
1821,2.183894230769231
1822,0.421474358974359
1823,0.421474358974359
1824,0.421474358974359
1825,0.421474358974359
1826,0.421474358974359
1827,1.3413461538461537
1828,1.3413461538461537
1829,1.3413461538461537
1830,1.3413461538461537
1831,1.3413461538461537
1832,0.26346153846153847
1833,0.26346153846153847
1834,0.26346153846153847
1835,0.26346153846153847
1836,0.6497252747252747
1837,0.6497252747252747
1838,0.6497252747252747
1839,0.6497252747252747
1840,0.6497252747252747
1841,0.6497252747252747
1842,0.510989010989011
1843,0.510989010989011
1844,0.510989010989011
1845,0.510989010989011
1846,0.510989010989011
1847,0.510989010989011
1848,0.421474358974359
1849,1.3161057692307692
1850,2.183894230769231
1851,0.6372377622377622
1852,0.26346153846153847
1853,1.3413461538461537
1854,0.6497252747252747
1855,0.510989010989011
1856,1.9915865384615385
1857,1.9915865384615385
1858,1.9915865384615385
1859,1.9915865384615385
1860,1.9915865384615385
1861,1.9915865384615385
1862,1.9915865384615385
1863,0.8444055944055944
1864,0.8444055944055944
1865,0.8444055944055944
1866,0.8444055944055944
1867,0.8444055944055944
1868,0.8444055944055944
1869,0.8444055944055944
1870,0.8444055944055944
1871,0.8444055944055944
1872,0.8444055944055944
1873,3.9399038461538463
1874,3.9399038461538463
1875,3.9399038461538463
1876,3.9399038461538463
1877,3.9399038461538463
1878,3.9399038461538463
1879,3.9399038461538463
1880,0.8541666666666666
1881,0.8541666666666666
1882,0.8541666666666666
1883,0.8541666666666666
1884,0.8541666666666666
1885,1.1314102564102564
1886,1.1314102564102564
1887,1.1314102564102564
1888,1.1314102564102564
1889,1.1314102564102564
1890,0.6461538461538462
1891,0.6461538461538462
1892,0.6461538461538462
1893,0.6461538461538462
1894,1.1524725274725274
1895,1.1524725274725274
1896,1.1524725274725274
1897,1.1524725274725274
1898,1.1524725274725274
1899,1.1524725274725274
1900,0.7760989010989011
1901,0.7760989010989011
1902,0.7760989010989011
1903,0.7760989010989011
1904,0.7760989010989011
1905,0.7760989010989011
1906,0.8541666666666666
1907,1.9915865384615385
1908,3.9399038461538463
1909,0.8444055944055944
1910,0.6461538461538462
1911,1.1314102564102564
1912,1.1524725274725274
1913,0.7760989010989011
1914,1.7980769230769231
1915,1.7980769230769231
1916,1.7980769230769231
1917,1.7980769230769231
1918,1.7980769230769231
1919,1.7980769230769231
1920,1.7980769230769231
1921,0.5445804195804196
1922,0.5445804195804196
1923,0.5445804195804196
1924,0.5445804195804196
1925,0.5445804195804196
1926,0.5445804195804196
1927,0.5445804195804196
1928,0.5445804195804196
1929,0.5445804195804196
1930,0.5445804195804196
1931,2.2247596153846154
1932,2.2247596153846154
1933,2.2247596153846154
1934,2.2247596153846154
1935,2.2247596153846154
1936,2.2247596153846154
1937,2.2247596153846154
1938,0.7387820512820513
1939,0.7387820512820513
1940,0.7387820512820513
1941,0.7387820512820513
1942,0.7387820512820513
1943,0.9647435897435898
1944,0.9647435897435898
1945,0.9647435897435898
1946,0.9647435897435898
1947,0.9647435897435898
1948,0.5403846153846154
1949,0.5403846153846154
1950,0.5403846153846154
1951,0.5403846153846154
1952,1.206043956043956
1953,1.206043956043956
1954,1.206043956043956
1955,1.206043956043956
1956,1.206043956043956
1957,1.206043956043956
1958,0.9931318681318682
1959,0.9931318681318682
1960,0.9931318681318682
1961,0.9931318681318682
1962,0.9931318681318682
1963,0.9931318681318682
1964,0.7387820512820513
1965,1.7980769230769231
1966,2.2247596153846154
1967,0.5445804195804196
1968,0.5403846153846154
1969,0.9647435897435898
1970,1.206043956043956
1971,0.9931318681318682
1972,2.4735576923076925
1973,2.4735576923076925
1974,2.4735576923076925
1975,2.4735576923076925
1976,2.4735576923076925
1977,2.4735576923076925
1978,2.4735576923076925
1979,1.6993006993006994
1980,1.6993006993006994
1981,1.6993006993006994
1982,1.6993006993006994
1983,1.6993006993006994
1984,1.6993006993006994
1985,1.6993006993006994
1986,1.6993006993006994
1987,1.6993006993006994
1988,1.6993006993006994
1989,4.550480769230769
1990,4.550480769230769
1991,4.550480769230769
1992,4.550480769230769
1993,4.550480769230769
1994,4.550480769230769
1995,4.550480769230769
1996,1.1875
1997,1.1875
1998,1.1875
1999,1.1875
2000,1.1875
2001,2.0673076923076925
2002,2.0673076923076925
2003,2.0673076923076925
2004,2.0673076923076925
2005,2.0673076923076925
2006,1.396153846153846
2007,1.396153846153846
2008,1.396153846153846
2009,1.396153846153846
2010,2.2005494505494507
2011,2.2005494505494507
2012,2.2005494505494507
2013,2.2005494505494507
2014,2.2005494505494507
2015,2.2005494505494507
2016,1.2912087912087913
2017,1.2912087912087913
2018,1.2912087912087913
2019,1.2912087912087913
2020,1.2912087912087913
2021,1.2912087912087913
2022,1.1875
2023,2.4735576923076925
2024,4.550480769230769
2025,1.6993006993006994
2026,1.396153846153846
2027,2.0673076923076925
2028,2.2005494505494507
2029,1.2912087912087913
2030,1.9435096153846154
2031,1.9435096153846154
2032,1.9435096153846154
2033,1.9435096153846154
2034,1.9435096153846154
2035,1.9435096153846154
2036,1.9435096153846154
2037,1.208916083916084
2038,1.208916083916084
2039,1.208916083916084
2040,1.208916083916084
2041,1.208916083916084
2042,1.208916083916084
2043,1.208916083916084
2044,1.208916083916084
2045,1.208916083916084
2046,1.208916083916084
2047,3.9471153846153846
2048,3.9471153846153846
2049,3.9471153846153846
2050,3.9471153846153846
2051,3.9471153846153846
2052,3.9471153846153846
2053,3.9471153846153846
2054,0.8717948717948718
2055,0.8717948717948718
2056,0.8717948717948718
2057,0.8717948717948718
2058,0.8717948717948718
2059,1.2451923076923077
2060,1.2451923076923077
2061,1.2451923076923077
2062,1.2451923076923077
2063,1.2451923076923077
2064,0.6423076923076924
2065,0.6423076923076924
2066,0.6423076923076924
2067,0.6423076923076924
2068,1.0164835164835164
2069,1.0164835164835164
2070,1.0164835164835164
2071,1.0164835164835164
2072,1.0164835164835164
2073,1.0164835164835164
2074,0.5755494505494505
2075,0.5755494505494505
2076,0.5755494505494505
2077,0.5755494505494505
2078,0.5755494505494505
2079,0.5755494505494505
2080,0.8717948717948718
2081,1.9435096153846154
2082,3.9471153846153846
2083,1.208916083916084
2084,0.6423076923076924
2085,1.2451923076923077
2086,1.0164835164835164
2087,0.5755494505494505
2088,1.2415865384615385
2089,1.2415865384615385
2090,1.2415865384615385
2091,1.2415865384615385
2092,1.2415865384615385
2093,1.2415865384615385
2094,1.2415865384615385
2095,1.007867132867133
2096,1.007867132867133
2097,1.007867132867133
2098,1.007867132867133
2099,1.007867132867133
2100,1.007867132867133
2101,1.007867132867133
2102,1.007867132867133
2103,1.007867132867133
2104,1.007867132867133
2105,2.2211538461538463
2106,2.2211538461538463
2107,2.2211538461538463
2108,2.2211538461538463
2109,2.2211538461538463
2110,2.2211538461538463
2111,2.2211538461538463
2112,0.47596153846153844
2113,0.47596153846153844
2114,0.47596153846153844
2115,0.47596153846153844
2116,0.47596153846153844
2117,0.9775641025641025
2118,0.9775641025641025
2119,0.9775641025641025
2120,0.9775641025641025
2121,0.9775641025641025
2122,1.1576923076923078
2123,1.1576923076923078
2124,1.1576923076923078
2125,1.1576923076923078
2126,1.1414835164835164
2127,1.1414835164835164
2128,1.1414835164835164
2129,1.1414835164835164
2130,1.1414835164835164
2131,1.1414835164835164
2132,0.614010989010989
2133,0.614010989010989
2134,0.614010989010989
2135,0.614010989010989
2136,0.614010989010989
2137,0.614010989010989
2138,0.47596153846153844
2139,1.2415865384615385
2140,2.2211538461538463
2141,1.007867132867133
2142,1.1576923076923078
2143,0.9775641025641025
2144,1.1414835164835164
2145,0.614010989010989
2146,1.0913461538461537
2147,1.0913461538461537
2148,1.0913461538461537
2149,1.0913461538461537
2150,1.0913461538461537
2151,1.0913461538461537
2152,1.0913461538461537
2153,0.5506993006993007
2154,0.5506993006993007
2155,0.5506993006993007
2156,0.5506993006993007
2157,0.5506993006993007
2158,0.5506993006993007
2159,0.5506993006993007
2160,0.5506993006993007
2161,0.5506993006993007
2162,0.5506993006993007
2163,1.765625
2164,1.765625
2165,1.765625
2166,1.765625
2167,1.765625
2168,1.765625
2169,1.765625
2170,0.49038461538461536
2171,0.49038461538461536
2172,0.49038461538461536
2173,0.49038461538461536
2174,0.49038461538461536
2175,1.0753205128205128
2176,1.0753205128205128
2177,1.0753205128205128
2178,1.0753205128205128
2179,1.0753205128205128
2180,0.7403846153846154
2181,0.7403846153846154
2182,0.7403846153846154
2183,0.7403846153846154
2184,1.0494505494505495
2185,1.0494505494505495
2186,1.0494505494505495
2187,1.0494505494505495
2188,1.0494505494505495
2189,1.0494505494505495
2190,0.5508241758241759
2191,0.5508241758241759
2192,0.5508241758241759
2193,0.5508241758241759
2194,0.5508241758241759
2195,0.5508241758241759
2196,0.49038461538461536
2197,1.0913461538461537
2198,1.765625
2199,0.5506993006993007
2200,0.7403846153846154
2201,1.0753205128205128
2202,1.0494505494505495
2203,0.5508241758241759
2204,2.034855769230769
2205,2.034855769230769
2206,2.034855769230769
2207,2.034855769230769
2208,2.034855769230769
2209,2.034855769230769
2210,2.034855769230769
2211,1.194055944055944
2212,1.194055944055944
2213,1.194055944055944
2214,1.194055944055944
2215,1.194055944055944
2216,1.194055944055944
2217,1.194055944055944
2218,1.194055944055944
2219,1.194055944055944
2220,1.194055944055944
2221,3.7079326923076925
2222,3.7079326923076925
2223,3.7079326923076925
2224,3.7079326923076925
2225,3.7079326923076925
2226,3.7079326923076925
2227,3.7079326923076925
2228,0.7355769230769231
2229,0.7355769230769231
2230,0.7355769230769231
2231,0.7355769230769231
2232,0.7355769230769231
2233,0.9823717948717948
2234,0.9823717948717948
2235,0.9823717948717948
2236,0.9823717948717948
2237,0.9823717948717948
2238,0.6461538461538462
2239,0.6461538461538462
2240,0.6461538461538462
2241,0.6461538461538462
2242,1.879120879120879
2243,1.879120879120879
2244,1.879120879120879
2245,1.879120879120879
2246,1.879120879120879
2247,1.879120879120879
2248,0.6098901098901099
2249,0.6098901098901099
2250,0.6098901098901099
2251,0.6098901098901099
2252,0.6098901098901099
2253,0.6098901098901099
2254,0.7355769230769231
2255,2.034855769230769
2256,3.7079326923076925
2257,1.194055944055944
2258,0.6461538461538462
2259,0.9823717948717948
2260,1.879120879120879
2261,0.6098901098901099
2262,0.984375
2263,0.984375
2264,0.984375
2265,0.984375
2266,0.984375
2267,0.984375
2268,0.984375
2269,0.6783216783216783
2270,0.6783216783216783
2271,0.6783216783216783
2272,0.6783216783216783
2273,0.6783216783216783
2274,0.6783216783216783
2275,0.6783216783216783
2276,0.6783216783216783
2277,0.6783216783216783
2278,0.6783216783216783
2279,2.594951923076923
2280,2.594951923076923
2281,2.594951923076923
2282,2.594951923076923
2283,2.594951923076923
2284,2.594951923076923
2285,2.594951923076923
2286,0.5849358974358975
2287,0.5849358974358975
2288,0.5849358974358975
2289,0.5849358974358975
2290,0.5849358974358975
2291,1.0400641025641026
2292,1.0400641025641026
2293,1.0400641025641026
2294,1.0400641025641026
2295,1.0400641025641026
2296,0.7230769230769231
2297,0.7230769230769231
2298,0.7230769230769231
2299,0.7230769230769231
2300,1.2293956043956045
2301,1.2293956043956045
2302,1.2293956043956045
2303,1.2293956043956045
2304,1.2293956043956045
2305,1.2293956043956045
2306,0.4725274725274725
2307,0.4725274725274725
2308,0.4725274725274725
2309,0.4725274725274725
2310,0.4725274725274725
2311,0.4725274725274725
2312,0.5849358974358975
2313,0.984375
2314,2.594951923076923
2315,0.6783216783216783
2316,0.7230769230769231
2317,1.0400641025641026
2318,1.2293956043956045
2319,0.4725274725274725
2320,2.1432038834951457
2321,2.1432038834951457
2322,2.1432038834951457
2323,2.1432038834951457
2324,2.1432038834951457
2325,2.1432038834951457
2326,2.1432038834951457
2327,0.942630185348632
2328,0.942630185348632
2329,0.942630185348632
2330,0.942630185348632
2331,0.942630185348632
2332,0.942630185348632
2333,0.942630185348632
2334,0.942630185348632
2335,0.942630185348632
2336,0.942630185348632
2337,2.496359223300971
2338,2.496359223300971
2339,2.496359223300971
2340,2.496359223300971
2341,2.496359223300971
2342,2.496359223300971
2343,2.496359223300971
2344,0.6521035598705501
2345,0.6521035598705501
2346,0.6521035598705501
2347,0.6521035598705501
2348,0.6521035598705501
2349,1.0129449838187703
2350,1.0129449838187703
2351,1.0129449838187703
2352,1.0129449838187703
2353,1.0129449838187703
2354,0.8407766990291262
2355,0.8407766990291262
2356,0.8407766990291262
2357,0.8407766990291262
2358,1.2565880721220528
2359,1.2565880721220528
2360,1.2565880721220528
2361,1.2565880721220528
2362,1.2565880721220528
2363,1.2565880721220528
2364,0.7337031900138696
2365,0.7337031900138696
2366,0.7337031900138696
2367,0.7337031900138696
2368,0.7337031900138696
2369,0.7337031900138696
2370,0.6521035598705501
2371,2.1432038834951457
2372,2.496359223300971
2373,0.942630185348632
2374,0.8407766990291262
2375,1.0129449838187703
2376,1.2565880721220528
2377,0.7337031900138696
2378,1.441747572815534
2379,1.441747572815534
2380,1.441747572815534
2381,1.441747572815534
2382,1.441747572815534
2383,1.441747572815534
2384,1.441747572815534
2385,0.76522506619594
2386,0.76522506619594
2387,0.76522506619594
2388,0.76522506619594
2389,0.76522506619594
2390,0.76522506619594
2391,0.76522506619594
2392,0.76522506619594
2393,0.76522506619594
2394,0.76522506619594
2395,2.3228155339805827
2396,2.3228155339805827
2397,2.3228155339805827
2398,2.3228155339805827
2399,2.3228155339805827
2400,2.3228155339805827
2401,2.3228155339805827
2402,0.4174757281553398
2403,0.4174757281553398
2404,0.4174757281553398
2405,0.4174757281553398
2406,0.4174757281553398
2407,1.1796116504854368
2408,1.1796116504854368
2409,1.1796116504854368
2410,1.1796116504854368
2411,1.1796116504854368
2412,0.29902912621359223
2413,0.29902912621359223
2414,0.29902912621359223
2415,0.29902912621359223
2416,0.7170596393897365
2417,0.7170596393897365
2418,0.7170596393897365
2419,0.7170596393897365
2420,0.7170596393897365
2421,0.7170596393897365
2422,0.5228848821081831
2423,0.5228848821081831
2424,0.5228848821081831
2425,0.5228848821081831
2426,0.5228848821081831
2427,0.5228848821081831
2428,0.4174757281553398
2429,1.441747572815534
2430,2.3228155339805827
2431,0.76522506619594
2432,0.29902912621359223
2433,1.1796116504854368
2434,0.7170596393897365
2435,0.5228848821081831
2436,2.3398058252427183
2437,2.3398058252427183
2438,2.3398058252427183
2439,2.3398058252427183
2440,2.3398058252427183
2441,2.3398058252427183
2442,2.3398058252427183
2443,1.085613415710503
2444,1.085613415710503
2445,1.085613415710503
2446,1.085613415710503
2447,1.085613415710503
2448,1.085613415710503
2449,1.085613415710503
2450,1.085613415710503
2451,1.085613415710503
2452,1.085613415710503
2453,4.530339805825243
2454,4.530339805825243
2455,4.530339805825243
2456,4.530339805825243
2457,4.530339805825243
2458,4.530339805825243
2459,4.530339805825243
2460,1.1019417475728155
2461,1.1019417475728155
2462,1.1019417475728155
2463,1.1019417475728155
2464,1.1019417475728155
2465,1.27831715210356
2466,1.27831715210356
2467,1.27831715210356
2468,1.27831715210356
2469,1.27831715210356
2470,0.9067961165048544
2471,0.9067961165048544
2472,0.9067961165048544
2473,0.9067961165048544
2474,1.4285714285714286
2475,1.4285714285714286
2476,1.4285714285714286
2477,1.4285714285714286
2478,1.4285714285714286
2479,1.4285714285714286
2480,0.984743411927878
2481,0.984743411927878
2482,0.984743411927878
2483,0.984743411927878
2484,0.984743411927878
2485,0.984743411927878
2486,1.1019417475728155
2487,2.3398058252427183
2488,4.530339805825243
2489,1.085613415710503
2490,0.9067961165048544
2491,1.27831715210356
2492,1.4285714285714286
2493,0.984743411927878
2494,2.224514563106796
2495,2.224514563106796
2496,2.224514563106796
2497,2.224514563106796
2498,2.224514563106796
2499,2.224514563106796
2500,2.224514563106796
2501,0.7625772285966461
2502,0.7625772285966461
2503,0.7625772285966461
2504,0.7625772285966461
2505,0.7625772285966461
2506,0.7625772285966461
2507,0.7625772285966461
2508,0.7625772285966461
2509,0.7625772285966461
2510,0.7625772285966461
2511,2.6432038834951457
2512,2.6432038834951457
2513,2.6432038834951457
2514,2.6432038834951457
2515,2.6432038834951457
2516,2.6432038834951457
2517,2.6432038834951457
2518,0.8818770226537217
2519,0.8818770226537217
2520,0.8818770226537217
2521,0.8818770226537217
2522,0.8818770226537217
2523,1.0825242718446602
2524,1.0825242718446602
2525,1.0825242718446602
2526,1.0825242718446602
2527,1.0825242718446602
2528,0.6601941747572816
2529,0.6601941747572816
2530,0.6601941747572816
2531,0.6601941747572816
2532,1.8016643550624134
2533,1.8016643550624134
2534,1.8016643550624134
2535,1.8016643550624134
2536,1.8016643550624134
2537,1.8016643550624134
2538,1.3120665742024966
2539,1.3120665742024966
2540,1.3120665742024966
2541,1.3120665742024966
2542,1.3120665742024966
2543,1.3120665742024966
2544,0.8818770226537217
2545,2.224514563106796
2546,2.6432038834951457
2547,0.7625772285966461
2548,0.6601941747572816
2549,1.0825242718446602
2550,1.8016643550624134
2551,1.3120665742024966
2552,2.7354368932038833
2553,2.7354368932038833
2554,2.7354368932038833
2555,2.7354368932038833
2556,2.7354368932038833
2557,2.7354368932038833
2558,2.7354368932038833
2559,1.7546337157987644
2560,1.7546337157987644
2561,1.7546337157987644
2562,1.7546337157987644
2563,1.7546337157987644
2564,1.7546337157987644
2565,1.7546337157987644
2566,1.7546337157987644
2567,1.7546337157987644
2568,1.7546337157987644
2569,4.660194174757281
2570,4.660194174757281
2571,4.660194174757281
2572,4.660194174757281
2573,4.660194174757281
2574,4.660194174757281
2575,4.660194174757281
2576,1.2249190938511327
2577,1.2249190938511327
2578,1.2249190938511327
2579,1.2249190938511327
2580,1.2249190938511327
2581,2.158576051779935
2582,2.158576051779935
2583,2.158576051779935
2584,2.158576051779935
2585,2.158576051779935
2586,1.3844660194174758
2587,1.3844660194174758
2588,1.3844660194174758
2589,1.3844660194174758
2590,2.334257975034674
2591,2.334257975034674
2592,2.334257975034674
2593,2.334257975034674
2594,2.334257975034674
2595,2.334257975034674
2596,1.418862690707351
2597,1.418862690707351
2598,1.418862690707351
2599,1.418862690707351
2600,1.418862690707351
2601,1.418862690707351
2602,1.2249190938511327
2603,2.7354368932038833
2604,4.660194174757281
2605,1.7546337157987644
2606,1.3844660194174758
2607,2.158576051779935
2608,2.334257975034674
2609,1.418862690707351
2610,2.4478155339805827
2611,2.4478155339805827
2612,2.4478155339805827
2613,2.4478155339805827
2614,2.4478155339805827
2615,2.4478155339805827
2616,2.4478155339805827
2617,1.440423654015887
2618,1.440423654015887
2619,1.440423654015887
2620,1.440423654015887
2621,1.440423654015887
2622,1.440423654015887
2623,1.440423654015887
2624,1.440423654015887
2625,1.440423654015887
2626,1.440423654015887
2627,4.87378640776699
2628,4.87378640776699
2629,4.87378640776699
2630,4.87378640776699
2631,4.87378640776699
2632,4.87378640776699
2633,4.87378640776699
2634,0.9805825242718447
2635,0.9805825242718447
2636,0.9805825242718447
2637,0.9805825242718447
2638,0.9805825242718447
2639,1.825242718446602
2640,1.825242718446602
2641,1.825242718446602
2642,1.825242718446602
2643,1.825242718446602
2644,0.7126213592233009
2645,0.7126213592233009
2646,0.7126213592233009
2647,0.7126213592233009
2648,1.375866851595007
2649,1.375866851595007
2650,1.375866851595007
2651,1.375866851595007
2652,1.375866851595007
2653,1.375866851595007
2654,0.7309292649098474
2655,0.7309292649098474
2656,0.7309292649098474
2657,0.7309292649098474
2658,0.7309292649098474
2659,0.7309292649098474
2660,0.9805825242718447
2661,2.4478155339805827
2662,4.87378640776699
2663,1.440423654015887
2664,0.7126213592233009
2665,1.825242718446602
2666,1.375866851595007
2667,0.7309292649098474
2668,1.3774271844660195
2669,1.3774271844660195
2670,1.3774271844660195
2671,1.3774271844660195
2672,1.3774271844660195
2673,1.3774271844660195
2674,1.3774271844660195
2675,1.031774051191527
2676,1.031774051191527
2677,1.031774051191527
2678,1.031774051191527
2679,1.031774051191527
2680,1.031774051191527
2681,1.031774051191527
2682,1.031774051191527
2683,1.031774051191527
2684,1.031774051191527
2685,2.229368932038835
2686,2.229368932038835
2687,2.229368932038835
2688,2.229368932038835
2689,2.229368932038835
2690,2.229368932038835
2691,2.229368932038835
2692,0.42071197411003236
2693,0.42071197411003236
2694,0.42071197411003236
2695,0.42071197411003236
2696,0.42071197411003236
2697,0.9530744336569579
2698,0.9530744336569579
2699,0.9530744336569579
2700,0.9530744336569579
2701,0.9530744336569579
2702,0.9902912621359223
2703,0.9902912621359223
2704,0.9902912621359223
2705,0.9902912621359223
2706,1.31622746185853
2707,1.31622746185853
2708,1.31622746185853
2709,1.31622746185853
2710,1.31622746185853
2711,1.31622746185853
2712,0.7794729542302358
2713,0.7794729542302358
2714,0.7794729542302358
2715,0.7794729542302358
2716,0.7794729542302358
2717,0.7794729542302358
2718,0.42071197411003236
2719,1.3774271844660195
2720,2.229368932038835
2721,1.031774051191527
2722,0.9902912621359223
2723,0.9530744336569579
2724,1.31622746185853
2725,0.7794729542302358
2726,1.366504854368932
2727,1.366504854368932
2728,1.366504854368932
2729,1.366504854368932
2730,1.366504854368932
2731,1.366504854368932
2732,1.366504854368932
2733,0.6981465136804943
2734,0.6981465136804943
2735,0.6981465136804943
2736,0.6981465136804943
2737,0.6981465136804943
2738,0.6981465136804943
2739,0.6981465136804943
2740,0.6981465136804943
2741,0.6981465136804943
2742,0.6981465136804943
2743,1.8058252427184467
2744,1.8058252427184467
2745,1.8058252427184467
2746,1.8058252427184467
2747,1.8058252427184467
2748,1.8058252427184467
2749,1.8058252427184467
2750,0.4919093851132686
2751,0.4919093851132686
2752,0.4919093851132686
2753,0.4919093851132686
2754,0.4919093851132686
2755,0.8478964401294499
2756,0.8478964401294499
2757,0.8478964401294499
2758,0.8478964401294499
2759,0.8478964401294499
2760,0.8388349514563107
2761,0.8388349514563107
2762,0.8388349514563107
2763,0.8388349514563107
2764,1.248266296809986
2765,1.248266296809986
2766,1.248266296809986
2767,1.248266296809986
2768,1.248266296809986
2769,1.248266296809986
2770,0.6504854368932039
2771,0.6504854368932039
2772,0.6504854368932039
2773,0.6504854368932039
2774,0.6504854368932039
2775,0.6504854368932039
2776,0.4919093851132686
2777,1.366504854368932
2778,1.8058252427184467
2779,0.6981465136804943
2780,0.8388349514563107
2781,0.8478964401294499
2782,1.248266296809986
2783,0.6504854368932039
2784,2.3216019417475726
2785,2.3216019417475726
2786,2.3216019417475726
2787,2.3216019417475726
2788,2.3216019417475726
2789,2.3216019417475726
2790,2.3216019417475726
2791,1.3742277140335393
2792,1.3742277140335393
2793,1.3742277140335393
2794,1.3742277140335393
2795,1.3742277140335393
2796,1.3742277140335393
2797,1.3742277140335393
2798,1.3742277140335393
2799,1.3742277140335393
2800,1.3742277140335393
2801,3.996359223300971
2802,3.996359223300971
2803,3.996359223300971
2804,3.996359223300971
2805,3.996359223300971
2806,3.996359223300971
2807,3.996359223300971
2808,0.7168284789644013
2809,0.7168284789644013
2810,0.7168284789644013
2811,0.7168284789644013
2812,0.7168284789644013
2813,0.9368932038834952
2814,0.9368932038834952
2815,0.9368932038834952
2816,0.9368932038834952
2817,0.9368932038834952
2818,0.7844660194174757
2819,0.7844660194174757
2820,0.7844660194174757
2821,0.7844660194174757
2822,2.090152565880721
2823,2.090152565880721
2824,2.090152565880721
2825,2.090152565880721
2826,2.090152565880721
2827,2.090152565880721
2828,0.6199722607489597
2829,0.6199722607489597
2830,0.6199722607489597
2831,0.6199722607489597
2832,0.6199722607489597
2833,0.6199722607489597
2834,0.7168284789644013
2835,2.3216019417475726
2836,3.996359223300971
2837,1.3742277140335393
2838,0.7844660194174757
2839,0.9368932038834952
2840,2.090152565880721
2841,0.6199722607489597
2842,1.2851941747572815
2843,1.2851941747572815
2844,1.2851941747572815
2845,1.2851941747572815
2846,1.2851941747572815
2847,1.2851941747572815
2848,1.2851941747572815
2849,0.855251544571933
2850,0.855251544571933
2851,0.855251544571933
2852,0.855251544571933
2853,0.855251544571933
2854,0.855251544571933
2855,0.855251544571933
2856,0.855251544571933
2857,0.855251544571933
2858,0.855251544571933
2859,2.7524271844660193
2860,2.7524271844660193
2861,2.7524271844660193
2862,2.7524271844660193
2863,2.7524271844660193
2864,2.7524271844660193
2865,2.7524271844660193
2866,0.656957928802589
2867,0.656957928802589
2868,0.656957928802589
2869,0.656957928802589
2870,0.656957928802589
2871,1.2475728155339805
2872,1.2475728155339805
2873,1.2475728155339805
2874,1.2475728155339805
2875,1.2475728155339805
2876,0.7495145631067961
2877,0.7495145631067961
2878,0.7495145631067961
2879,0.7495145631067961
2880,1.5270457697642164
2881,1.5270457697642164
2882,1.5270457697642164
2883,1.5270457697642164
2884,1.5270457697642164
2885,1.5270457697642164
2886,0.49930651872399445
2887,0.49930651872399445
2888,0.49930651872399445
2889,0.49930651872399445
2890,0.49930651872399445
2891,0.49930651872399445
2892,0.656957928802589
2893,1.2851941747572815
2894,2.7524271844660193
2895,0.855251544571933
2896,0.7495145631067961
2897,1.2475728155339805
2898,1.5270457697642164
2899,0.49930651872399445
2900,2.1622596153846154
2901,2.1622596153846154
2902,2.1622596153846154
2903,2.1622596153846154
2904,2.1622596153846154
2905,2.1622596153846154
2906,2.1622596153846154
2907,1.0926573426573427
2908,1.0926573426573427
2909,1.0926573426573427
2910,1.0926573426573427
2911,1.0926573426573427
2912,1.0926573426573427
2913,1.0926573426573427
2914,1.0926573426573427
2915,1.0926573426573427
2916,1.0926573426573427
2917,2.668269230769231
2918,2.668269230769231
2919,2.668269230769231
2920,2.668269230769231
2921,2.668269230769231
2922,2.668269230769231
2923,2.668269230769231
2924,0.719551282051282
2925,0.719551282051282
2926,0.719551282051282
2927,0.719551282051282
2928,0.719551282051282
2929,1.0384615384615385
2930,1.0384615384615385
2931,1.0384615384615385
2932,1.0384615384615385
2933,1.0384615384615385
2934,0.8115384615384615
2935,0.8115384615384615
2936,0.8115384615384615
2937,0.8115384615384615
2938,1.4931318681318682
2939,1.4931318681318682
2940,1.4931318681318682
2941,1.4931318681318682
2942,1.4931318681318682
2943,1.4931318681318682
2944,0.8475274725274725
2945,0.8475274725274725
2946,0.8475274725274725
2947,0.8475274725274725
2948,0.8475274725274725
2949,0.8475274725274725
2950,0.719551282051282
2951,2.1622596153846154
2952,2.668269230769231
2953,1.0926573426573427
2954,0.8115384615384615
2955,1.0384615384615385
2956,1.4931318681318682
2957,0.8475274725274725
2958,1.3293269230769231
2959,1.3293269230769231
2960,1.3293269230769231
2961,1.3293269230769231
2962,1.3293269230769231
2963,1.3293269230769231
2964,1.3293269230769231
2965,0.916083916083916
2966,0.916083916083916
2967,0.916083916083916
2968,0.916083916083916
2969,0.916083916083916
2970,0.916083916083916
2971,0.916083916083916
2972,0.916083916083916
2973,0.916083916083916
2974,0.916083916083916
2975,2.592548076923077
2976,2.592548076923077
2977,2.592548076923077
2978,2.592548076923077
2979,2.592548076923077
2980,2.592548076923077
2981,2.592548076923077
2982,0.5625
2983,0.5625
2984,0.5625
2985,0.5625
2986,0.5625
2987,1.205128205128205
2988,1.205128205128205
2989,1.205128205128205
2990,1.205128205128205
2991,1.205128205128205
2992,0.25
2993,0.25
2994,0.25
2995,0.25
2996,0.8337912087912088
2997,0.8337912087912088
2998,0.8337912087912088
2999,0.8337912087912088
3000,0.8337912087912088
3001,0.8337912087912088
3002,0.4945054945054945
3003,0.4945054945054945
3004,0.4945054945054945
3005,0.4945054945054945
3006,0.4945054945054945
3007,0.4945054945054945
3008,0.5625
3009,1.3293269230769231
3010,2.592548076923077
3011,0.916083916083916
3012,0.25
3013,1.205128205128205
3014,0.8337912087912088
3015,0.4945054945054945
3016,2.532451923076923
3017,2.532451923076923
3018,2.532451923076923
3019,2.532451923076923
3020,2.532451923076923
3021,2.532451923076923
3022,2.532451923076923
3023,1.2194055944055944
3024,1.2194055944055944
3025,1.2194055944055944
3026,1.2194055944055944
3027,1.2194055944055944
3028,1.2194055944055944
3029,1.2194055944055944
3030,1.2194055944055944
3031,1.2194055944055944
3032,1.2194055944055944
3033,5.092548076923077
3034,5.092548076923077
3035,5.092548076923077
3036,5.092548076923077
3037,5.092548076923077
3038,5.092548076923077
3039,5.092548076923077
3040,1.3317307692307692
3041,1.3317307692307692
3042,1.3317307692307692
3043,1.3317307692307692
3044,1.3317307692307692
3045,1.6875
3046,1.6875
3047,1.6875
3048,1.6875
3049,1.6875
3050,1.1115384615384616
3051,1.1115384615384616
3052,1.1115384615384616
3053,1.1115384615384616
3054,1.9313186813186813
3055,1.9313186813186813
3056,1.9313186813186813
3057,1.9313186813186813
3058,1.9313186813186813
3059,1.9313186813186813
3060,1.1085164835164836
3061,1.1085164835164836
3062,1.1085164835164836
3063,1.1085164835164836
3064,1.1085164835164836
3065,1.1085164835164836
3066,1.3317307692307692
3067,2.532451923076923
3068,5.092548076923077
3069,1.2194055944055944
3070,1.1115384615384616
3071,1.6875
3072,1.9313186813186813
3073,1.1085164835164836
3074,2.3353365384615383
3075,2.3353365384615383
3076,2.3353365384615383
3077,2.3353365384615383
3078,2.3353365384615383
3079,2.3353365384615383
3080,2.3353365384615383
3081,0.8863636363636364
3082,0.8863636363636364
3083,0.8863636363636364
3084,0.8863636363636364
3085,0.8863636363636364
3086,0.8863636363636364
3087,0.8863636363636364
3088,0.8863636363636364
3089,0.8863636363636364
3090,0.8863636363636364
3091,2.9459134615384617
3092,2.9459134615384617
3093,2.9459134615384617
3094,2.9459134615384617
3095,2.9459134615384617
3096,2.9459134615384617
3097,2.9459134615384617
3098,1.0833333333333333
3099,1.0833333333333333
3100,1.0833333333333333
3101,1.0833333333333333
3102,1.0833333333333333
3103,1.4695512820512822
3104,1.4695512820512822
3105,1.4695512820512822
3106,1.4695512820512822
3107,1.4695512820512822
3108,0.7942307692307692
3109,0.7942307692307692
3110,0.7942307692307692
3111,0.7942307692307692
3112,2.2252747252747254
3113,2.2252747252747254
3114,2.2252747252747254
3115,2.2252747252747254
3116,2.2252747252747254
3117,2.2252747252747254
3118,1.6662087912087913
3119,1.6662087912087913
3120,1.6662087912087913
3121,1.6662087912087913
3122,1.6662087912087913
3123,1.6662087912087913
3124,1.0833333333333333
3125,2.3353365384615383
3126,2.9459134615384617
3127,0.8863636363636364
3128,0.7942307692307692
3129,1.4695512820512822
3130,2.2252747252747254
3131,1.6662087912087913
3132,2.9903846153846154
3133,2.9903846153846154
3134,2.9903846153846154
3135,2.9903846153846154
3136,2.9903846153846154
3137,2.9903846153846154
3138,2.9903846153846154
3139,2.102272727272727
3140,2.102272727272727
3141,2.102272727272727
3142,2.102272727272727
3143,2.102272727272727
3144,2.102272727272727
3145,2.102272727272727
3146,2.102272727272727
3147,2.102272727272727
3148,2.102272727272727
3149,4.896634615384615
3150,4.896634615384615
3151,4.896634615384615
3152,4.896634615384615
3153,4.896634615384615
3154,4.896634615384615
3155,4.896634615384615
3156,1.4246794871794872
3157,1.4246794871794872
3158,1.4246794871794872
3159,1.4246794871794872
3160,1.4246794871794872
3161,2.046474358974359
3162,2.046474358974359
3163,2.046474358974359
3164,2.046474358974359
3165,2.046474358974359
3166,1.4365384615384615
3167,1.4365384615384615
3168,1.4365384615384615
3169,1.4365384615384615
3170,2.8887362637362637
3171,2.8887362637362637
3172,2.8887362637362637
3173,2.8887362637362637
3174,2.8887362637362637
3175,2.8887362637362637
3176,1.6538461538461537
3177,1.6538461538461537
3178,1.6538461538461537
3179,1.6538461538461537
3180,1.6538461538461537
3181,1.6538461538461537
3182,1.4246794871794872
3183,2.9903846153846154
3184,4.896634615384615
3185,2.102272727272727
3186,1.4365384615384615
3187,2.046474358974359
3188,2.8887362637362637
3189,1.6538461538461537
3190,2.394230769230769
3191,2.394230769230769
3192,2.394230769230769
3193,2.394230769230769
3194,2.394230769230769
3195,2.394230769230769
3196,2.394230769230769
3197,1.6538461538461537
3198,1.6538461538461537
3199,1.6538461538461537
3200,1.6538461538461537
3201,1.6538461538461537
3202,1.6538461538461537
3203,1.6538461538461537
3204,1.6538461538461537
3205,1.6538461538461537
3206,1.6538461538461537
3207,5.138221153846154
3208,5.138221153846154
3209,5.138221153846154
3210,5.138221153846154
3211,5.138221153846154
3212,5.138221153846154
3213,5.138221153846154
3214,1.1217948717948718
3215,1.1217948717948718
3216,1.1217948717948718
3217,1.1217948717948718
3218,1.1217948717948718
3219,1.7804487179487178
3220,1.7804487179487178
3221,1.7804487179487178
3222,1.7804487179487178
3223,1.7804487179487178
3224,0.698076923076923
3225,0.698076923076923
3226,0.698076923076923
3227,0.698076923076923
3228,1.5206043956043955
3229,1.5206043956043955
3230,1.5206043956043955
3231,1.5206043956043955
3232,1.5206043956043955
3233,1.5206043956043955
3234,0.8351648351648352
3235,0.8351648351648352
3236,0.8351648351648352
3237,0.8351648351648352
3238,0.8351648351648352
3239,0.8351648351648352
3240,1.1217948717948718
3241,2.394230769230769
3242,5.138221153846154
3243,1.6538461538461537
3244,0.698076923076923
3245,1.7804487179487178
3246,1.5206043956043955
3247,0.8351648351648352
3248,1.2956730769230769
3249,1.2956730769230769
3250,1.2956730769230769
3251,1.2956730769230769
3252,1.2956730769230769
3253,1.2956730769230769
3254,1.2956730769230769
3255,1.319055944055944
3256,1.319055944055944
3257,1.319055944055944
3258,1.319055944055944
3259,1.319055944055944
3260,1.319055944055944
3261,1.319055944055944
3262,1.319055944055944
3263,1.319055944055944
3264,1.319055944055944
3265,2.4771634615384617
3266,2.4771634615384617
3267,2.4771634615384617
3268,2.4771634615384617
3269,2.4771634615384617
3270,2.4771634615384617
3271,2.4771634615384617
3272,0.5016025641025641
3273,0.5016025641025641
3274,0.5016025641025641
3275,0.5016025641025641
3276,0.5016025641025641
3277,1.108974358974359
3278,1.108974358974359
3279,1.108974358974359
3280,1.108974358974359
3281,1.108974358974359
3282,1.0903846153846153
3283,1.0903846153846153
3284,1.0903846153846153
3285,1.0903846153846153
3286,1.478021978021978
3287,1.478021978021978
3288,1.478021978021978
3289,1.478021978021978
3290,1.478021978021978
3291,1.478021978021978
3292,0.8076923076923077
3293,0.8076923076923077
3294,0.8076923076923077
3295,0.8076923076923077
3296,0.8076923076923077
3297,0.8076923076923077
3298,0.5016025641025641
3299,1.2956730769230769
3300,2.4771634615384617
3301,1.319055944055944
3302,1.0903846153846153
3303,1.108974358974359
3304,1.478021978021978
3305,0.8076923076923077
3306,1.3605769230769231
3307,1.3605769230769231
3308,1.3605769230769231
3309,1.3605769230769231
3310,1.3605769230769231
3311,1.3605769230769231
3312,1.3605769230769231
3313,0.9020979020979021
3314,0.9020979020979021
3315,0.9020979020979021
3316,0.9020979020979021
3317,0.9020979020979021
3318,0.9020979020979021
3319,0.9020979020979021
3320,0.9020979020979021
3321,0.9020979020979021
3322,0.9020979020979021
3323,1.7944711538461537
3324,1.7944711538461537
3325,1.7944711538461537
3326,1.7944711538461537
3327,1.7944711538461537
3328,1.7944711538461537
3329,1.7944711538461537
3330,0.5448717948717948
3331,0.5448717948717948
3332,0.5448717948717948
3333,0.5448717948717948
3334,0.5448717948717948
3335,0.9358974358974359
3336,0.9358974358974359
3337,0.9358974358974359
3338,0.9358974358974359
3339,0.9358974358974359
3340,0.85
3341,0.85
3342,0.85
3343,0.85
3344,1.4107142857142858
3345,1.4107142857142858
3346,1.4107142857142858
3347,1.4107142857142858
3348,1.4107142857142858
3349,1.4107142857142858
3350,0.7239010989010989
3351,0.7239010989010989
3352,0.7239010989010989
3353,0.7239010989010989
3354,0.7239010989010989
3355,0.7239010989010989
3356,0.5448717948717948
3357,1.3605769230769231
3358,1.7944711538461537
3359,0.9020979020979021
3360,0.85
3361,0.9358974358974359
3362,1.4107142857142858
3363,0.7239010989010989
3364,2.2560096153846154
3365,2.2560096153846154
3366,2.2560096153846154
3367,2.2560096153846154
3368,2.2560096153846154
3369,2.2560096153846154
3370,2.2560096153846154
3371,1.3994755244755244
3372,1.3994755244755244
3373,1.3994755244755244
3374,1.3994755244755244
3375,1.3994755244755244
3376,1.3994755244755244
3377,1.3994755244755244
3378,1.3994755244755244
3379,1.3994755244755244
3380,1.3994755244755244
3381,4.193509615384615
3382,4.193509615384615
3383,4.193509615384615
3384,4.193509615384615
3385,4.193509615384615
3386,4.193509615384615
3387,4.193509615384615
3388,0.6923076923076923
3389,0.6923076923076923
3390,0.6923076923076923
3391,0.6923076923076923
3392,0.6923076923076923
3393,0.8557692307692307
3394,0.8557692307692307
3395,0.8557692307692307
3396,0.8557692307692307
3397,0.8557692307692307
3398,0.5673076923076923
3399,0.5673076923076923
3400,0.5673076923076923
3401,0.5673076923076923
3402,1.9505494505494505
3403,1.9505494505494505
3404,1.9505494505494505
3405,1.9505494505494505
3406,1.9505494505494505
3407,1.9505494505494505
3408,0.6909340659340659
3409,0.6909340659340659
3410,0.6909340659340659
3411,0.6909340659340659
3412,0.6909340659340659
3413,0.6909340659340659
3414,0.6923076923076923
3415,2.2560096153846154
3416,4.193509615384615
3417,1.3994755244755244
3418,0.5673076923076923
3419,0.8557692307692307
3420,1.9505494505494505
3421,0.6909340659340659
3422,1.4362980769230769
3423,1.4362980769230769
3424,1.4362980769230769
3425,1.4362980769230769
3426,1.4362980769230769
3427,1.4362980769230769
3428,1.4362980769230769
3429,0.9309440559440559
3430,0.9309440559440559
3431,0.9309440559440559
3432,0.9309440559440559
3433,0.9309440559440559
3434,0.9309440559440559
3435,0.9309440559440559
3436,0.9309440559440559
3437,0.9309440559440559
3438,0.9309440559440559
3439,3.0649038461538463
3440,3.0649038461538463
3441,3.0649038461538463
3442,3.0649038461538463
3443,3.0649038461538463
3444,3.0649038461538463
3445,3.0649038461538463
3446,0.7692307692307693
3447,0.7692307692307693
3448,0.7692307692307693
3449,0.7692307692307693
3450,0.7692307692307693
3451,1.2083333333333333
3452,1.2083333333333333
3453,1.2083333333333333
3454,1.2083333333333333
3455,1.2083333333333333
3456,0.8096153846153846
3457,0.8096153846153846
3458,0.8096153846153846
3459,0.8096153846153846
3460,1.64010989010989
3461,1.64010989010989
3462,1.64010989010989
3463,1.64010989010989
3464,1.64010989010989
3465,1.64010989010989
3466,0.554945054945055
3467,0.554945054945055
3468,0.554945054945055
3469,0.554945054945055
3470,0.554945054945055
3471,0.554945054945055
3472,0.7692307692307693
3473,1.4362980769230769
3474,3.0649038461538463
3475,0.9309440559440559
3476,0.8096153846153846
3477,1.2083333333333333
3478,1.64010989010989
3479,0.554945054945055
3480,1.7956730769230769
3481,1.7956730769230769
3482,1.7956730769230769
3483,1.7956730769230769
3484,1.7956730769230769
3485,1.7956730769230769
3486,1.7956730769230769
3487,1.1713286713286712
3488,1.1713286713286712
3489,1.1713286713286712
3490,1.1713286713286712
3491,1.1713286713286712
3492,1.1713286713286712
3493,1.1713286713286712
3494,1.1713286713286712
3495,1.1713286713286712
3496,1.1713286713286712
3497,2.483173076923077
3498,2.483173076923077
3499,2.483173076923077
3500,2.483173076923077
3501,2.483173076923077
3502,2.483173076923077
3503,2.483173076923077
3504,0.7564102564102564
3505,0.7564102564102564
3506,0.7564102564102564
3507,0.7564102564102564
3508,0.7564102564102564
3509,0.9487179487179487
3510,0.9487179487179487
3511,0.9487179487179487
3512,0.9487179487179487
3513,0.9487179487179487
3514,0.85
3515,0.85
3516,0.85
3517,0.85
3518,1.3516483516483517
3519,1.3516483516483517
3520,1.3516483516483517
3521,1.3516483516483517
3522,1.3516483516483517
3523,1.3516483516483517
3524,0.739010989010989
3525,0.739010989010989
3526,0.739010989010989
3527,0.739010989010989
3528,0.739010989010989
3529,0.739010989010989
3530,0.7564102564102564
3531,1.7956730769230769
3532,2.483173076923077
3533,1.1713286713286712
3534,0.85
3535,0.9487179487179487
3536,1.3516483516483517
3537,0.739010989010989
3538,1.2716346153846154
3539,1.2716346153846154
3540,1.2716346153846154
3541,1.2716346153846154
3542,1.2716346153846154
3543,1.2716346153846154
3544,1.2716346153846154
3545,1.0131118881118881
3546,1.0131118881118881
3547,1.0131118881118881
3548,1.0131118881118881
3549,1.0131118881118881
3550,1.0131118881118881
3551,1.0131118881118881
3552,1.0131118881118881
3553,1.0131118881118881
3554,1.0131118881118881
3555,2.3774038461538463
3556,2.3774038461538463
3557,2.3774038461538463
3558,2.3774038461538463
3559,2.3774038461538463
3560,2.3774038461538463
3561,2.3774038461538463
3562,0.5961538461538461
3563,0.5961538461538461
3564,0.5961538461538461
3565,0.5961538461538461
3566,0.5961538461538461
3567,1.203525641025641
3568,1.203525641025641
3569,1.203525641025641
3570,1.203525641025641
3571,1.203525641025641
3572,0.3
3573,0.3
3574,0.3
3575,0.3
3576,0.8310439560439561
3577,0.8310439560439561
3578,0.8310439560439561
3579,0.8310439560439561
3580,0.8310439560439561
3581,0.8310439560439561
3582,0.46703296703296704
3583,0.46703296703296704
3584,0.46703296703296704
3585,0.46703296703296704
3586,0.46703296703296704
3587,0.46703296703296704
3588,0.5961538461538461
3589,1.2716346153846154
3590,2.3774038461538463
3591,1.0131118881118881
3592,0.3
3593,1.203525641025641
3594,0.8310439560439561
3595,0.46703296703296704
3596,2.144230769230769
3597,2.144230769230769
3598,2.144230769230769
3599,2.144230769230769
3600,2.144230769230769
3601,2.144230769230769
3602,2.144230769230769
3603,1.2692307692307692
3604,1.2692307692307692
3605,1.2692307692307692
3606,1.2692307692307692
3607,1.2692307692307692
3608,1.2692307692307692
3609,1.2692307692307692
3610,1.2692307692307692
3611,1.2692307692307692
3612,1.2692307692307692
3613,4.766826923076923
3614,4.766826923076923
3615,4.766826923076923
3616,4.766826923076923
3617,4.766826923076923
3618,4.766826923076923
3619,4.766826923076923
3620,1.296474358974359
3621,1.296474358974359
3622,1.296474358974359
3623,1.296474358974359
3624,1.296474358974359
3625,1.4070512820512822
3626,1.4070512820512822
3627,1.4070512820512822
3628,1.4070512820512822
3629,1.4070512820512822
3630,0.7307692307692307
3631,0.7307692307692307
3632,0.7307692307692307
3633,0.7307692307692307
3634,1.8021978021978022
3635,1.8021978021978022
3636,1.8021978021978022
3637,1.8021978021978022
3638,1.8021978021978022
3639,1.8021978021978022
3640,1.10989010989011
3641,1.10989010989011
3642,1.10989010989011
3643,1.10989010989011
3644,1.10989010989011
3645,1.10989010989011
3646,1.296474358974359
3647,2.144230769230769
3648,4.766826923076923
3649,1.2692307692307692
3650,0.7307692307692307
3651,1.4070512820512822
3652,1.8021978021978022
3653,1.10989010989011
3654,1.8341346153846154
3655,1.8341346153846154
3656,1.8341346153846154
3657,1.8341346153846154
3658,1.8341346153846154
3659,1.8341346153846154
3660,1.8341346153846154
3661,1.0122377622377623
3662,1.0122377622377623
3663,1.0122377622377623
3664,1.0122377622377623
3665,1.0122377622377623
3666,1.0122377622377623
3667,1.0122377622377623
3668,1.0122377622377623
3669,1.0122377622377623
3670,1.0122377622377623
3671,2.5444711538461537
3672,2.5444711538461537
3673,2.5444711538461537
3674,2.5444711538461537
3675,2.5444711538461537
3676,2.5444711538461537
3677,2.5444711538461537
3678,0.8878205128205128
3679,0.8878205128205128
3680,0.8878205128205128
3681,0.8878205128205128
3682,0.8878205128205128
3683,1.2788461538461537
3684,1.2788461538461537
3685,1.2788461538461537
3686,1.2788461538461537
3687,1.2788461538461537
3688,0.7211538461538461
3689,0.7211538461538461
3690,0.7211538461538461
3691,0.7211538461538461
3692,1.8653846153846154
3693,1.8653846153846154
3694,1.8653846153846154
3695,1.8653846153846154
3696,1.8653846153846154
3697,1.8653846153846154
3698,1.3324175824175823
3699,1.3324175824175823
3700,1.3324175824175823
3701,1.3324175824175823
3702,1.3324175824175823
3703,1.3324175824175823
3704,0.8878205128205128
3705,1.8341346153846154
3706,2.5444711538461537
3707,1.0122377622377623
3708,0.7211538461538461
3709,1.2788461538461537
3710,1.8653846153846154
3711,1.3324175824175823
3712,2.5733173076923075
3713,2.5733173076923075
3714,2.5733173076923075
3715,2.5733173076923075
3716,2.5733173076923075
3717,2.5733173076923075
3718,2.5733173076923075
3719,2.269230769230769
3720,2.269230769230769
3721,2.269230769230769
3722,2.269230769230769
3723,2.269230769230769
3724,2.269230769230769
3725,2.269230769230769
3726,2.269230769230769
3727,2.269230769230769
3728,2.269230769230769
3729,4.9483173076923075
3730,4.9483173076923075
3731,4.9483173076923075
3732,4.9483173076923075
3733,4.9483173076923075
3734,4.9483173076923075
3735,4.9483173076923075
3736,1.483974358974359
3737,1.483974358974359
3738,1.483974358974359
3739,1.483974358974359
3740,1.483974358974359
3741,2.1650641025641026
3742,2.1650641025641026
3743,2.1650641025641026
3744,2.1650641025641026
3745,2.1650641025641026
3746,1.2884615384615385
3747,1.2884615384615385
3748,1.2884615384615385
3749,1.2884615384615385
3750,2.6785714285714284
3751,2.6785714285714284
3752,2.6785714285714284
3753,2.6785714285714284
3754,2.6785714285714284
3755,2.6785714285714284
3756,1.651098901098901
3757,1.651098901098901
3758,1.651098901098901
3759,1.651098901098901
3760,1.651098901098901
3761,1.651098901098901
3762,1.483974358974359
3763,2.5733173076923075
3764,4.9483173076923075
3765,2.269230769230769
3766,1.2884615384615385
3767,2.1650641025641026
3768,2.6785714285714284
3769,1.651098901098901
3770,1.7668269230769231
3771,1.7668269230769231
3772,1.7668269230769231
3773,1.7668269230769231
3774,1.7668269230769231
3775,1.7668269230769231
3776,1.7668269230769231
3777,1.722027972027972
3778,1.722027972027972
3779,1.722027972027972
3780,1.722027972027972
3781,1.722027972027972
3782,1.722027972027972
3783,1.722027972027972
3784,1.722027972027972
3785,1.722027972027972
3786,1.722027972027972
3787,3.949519230769231
3788,3.949519230769231
3789,3.949519230769231
3790,3.949519230769231
3791,3.949519230769231
3792,3.949519230769231
3793,3.949519230769231
3794,1.1282051282051282
3795,1.1282051282051282
3796,1.1282051282051282
3797,1.1282051282051282
3798,1.1282051282051282
3799,1.2163461538461537
3800,1.2163461538461537
3801,1.2163461538461537
3802,1.2163461538461537
3803,1.2163461538461537
3804,0.6480769230769231
3805,0.6480769230769231
3806,0.6480769230769231
3807,0.6480769230769231
3808,1.26510989010989
3809,1.26510989010989
3810,1.26510989010989
3811,1.26510989010989
3812,1.26510989010989
3813,1.26510989010989
3814,0.7032967032967034
3815,0.7032967032967034
3816,0.7032967032967034
3817,0.7032967032967034
3818,0.7032967032967034
3819,0.7032967032967034
3820,1.1282051282051282
3821,1.7668269230769231
3822,3.949519230769231
3823,1.722027972027972
3824,0.6480769230769231
3825,1.2163461538461537
3826,1.26510989010989
3827,0.7032967032967034
3828,1.2788461538461537
3829,1.2788461538461537
3830,1.2788461538461537
3831,1.2788461538461537
3832,1.2788461538461537
3833,1.2788461538461537
3834,1.2788461538461537
3835,1.3487762237762237
3836,1.3487762237762237
3837,1.3487762237762237
3838,1.3487762237762237
3839,1.3487762237762237
3840,1.3487762237762237
3841,1.3487762237762237
3842,1.3487762237762237
3843,1.3487762237762237
3844,1.3487762237762237
3845,2.407451923076923
3846,2.407451923076923
3847,2.407451923076923
3848,2.407451923076923
3849,2.407451923076923
3850,2.407451923076923
3851,2.407451923076923
3852,0.5705128205128205
3853,0.5705128205128205
3854,0.5705128205128205
3855,0.5705128205128205
3856,0.5705128205128205
3857,1.1346153846153846
3858,1.1346153846153846
3859,1.1346153846153846
3860,1.1346153846153846
3861,1.1346153846153846
3862,0.9884615384615385
3863,0.9884615384615385
3864,0.9884615384615385
3865,0.9884615384615385
3866,1.3763736263736264
3867,1.3763736263736264
3868,1.3763736263736264
3869,1.3763736263736264
3870,1.3763736263736264
3871,1.3763736263736264
3872,0.7898351648351648
3873,0.7898351648351648
3874,0.7898351648351648
3875,0.7898351648351648
3876,0.7898351648351648
3877,0.7898351648351648
3878,0.5705128205128205
3879,1.2788461538461537
3880,2.407451923076923
3881,1.3487762237762237
3882,0.9884615384615385
3883,1.1346153846153846
3884,1.3763736263736264
3885,0.7898351648351648
3886,1.0973557692307692
3887,1.0973557692307692
3888,1.0973557692307692
3889,1.0973557692307692
3890,1.0973557692307692
3891,1.0973557692307692
3892,1.0973557692307692
3893,0.8540209790209791
3894,0.8540209790209791
3895,0.8540209790209791
3896,0.8540209790209791
3897,0.8540209790209791
3898,0.8540209790209791
3899,0.8540209790209791
3900,0.8540209790209791
3901,0.8540209790209791
3902,0.8540209790209791
3903,1.8677884615384615
3904,1.8677884615384615
3905,1.8677884615384615
3906,1.8677884615384615
3907,1.8677884615384615
3908,1.8677884615384615
3909,1.8677884615384615
3910,0.5673076923076923
3911,0.5673076923076923
3912,0.5673076923076923
3913,0.5673076923076923
3914,0.5673076923076923
3915,1.0480769230769231
3916,1.0480769230769231
3917,1.0480769230769231
3918,1.0480769230769231
3919,1.0480769230769231
3920,0.8961538461538462
3921,0.8961538461538462
3922,0.8961538461538462
3923,0.8961538461538462
3924,1.3557692307692308
3925,1.3557692307692308
3926,1.3557692307692308
3927,1.3557692307692308
3928,1.3557692307692308
3929,1.3557692307692308
3930,0.6868131868131868
3931,0.6868131868131868
3932,0.6868131868131868
3933,0.6868131868131868
3934,0.6868131868131868
3935,0.6868131868131868
3936,0.5673076923076923
3937,1.0973557692307692
3938,1.8677884615384615
3939,0.8540209790209791
3940,0.8961538461538462
3941,1.0480769230769231
3942,1.3557692307692308
3943,0.6868131868131868
3944,2.0600961538461537
3945,2.0600961538461537
3946,2.0600961538461537
3947,2.0600961538461537
3948,2.0600961538461537
3949,2.0600961538461537
3950,2.0600961538461537
3951,1.5008741258741258
3952,1.5008741258741258
3953,1.5008741258741258
3954,1.5008741258741258
3955,1.5008741258741258
3956,1.5008741258741258
3957,1.5008741258741258
3958,1.5008741258741258
3959,1.5008741258741258
3960,1.5008741258741258
3961,3.878605769230769
3962,3.878605769230769
3963,3.878605769230769
3964,3.878605769230769
3965,3.878605769230769
3966,3.878605769230769
3967,3.878605769230769
3968,0.7612179487179487
3969,0.7612179487179487
3970,0.7612179487179487
3971,0.7612179487179487
3972,0.7612179487179487
3973,0.7756410256410257
3974,0.7756410256410257
3975,0.7756410256410257
3976,0.7756410256410257
3977,0.7756410256410257
3978,0.5980769230769231
3979,0.5980769230769231
3980,0.5980769230769231
3981,0.5980769230769231
3982,1.8228021978021978
3983,1.8228021978021978
3984,1.8228021978021978
3985,1.8228021978021978
3986,1.8228021978021978
3987,1.8228021978021978
3988,0.6854395604395604
3989,0.6854395604395604
3990,0.6854395604395604
3991,0.6854395604395604
3992,0.6854395604395604
3993,0.6854395604395604
3994,0.7612179487179487
3995,2.0600961538461537
3996,3.878605769230769
3997,1.5008741258741258
3998,0.5980769230769231
3999,0.7756410256410257
4000,1.8228021978021978
4001,0.6854395604395604
4002,1.0372596153846154
4003,1.0372596153846154
4004,1.0372596153846154
4005,1.0372596153846154
4006,1.0372596153846154
4007,1.0372596153846154
4008,1.0372596153846154
4009,0.9090909090909091
4010,0.9090909090909091
4011,0.9090909090909091
4012,0.9090909090909091
4013,0.9090909090909091
4014,0.9090909090909091
4015,0.9090909090909091
4016,0.9090909090909091
4017,0.9090909090909091
4018,0.9090909090909091
4019,2.7475961538461537
4020,2.7475961538461537
4021,2.7475961538461537
4022,2.7475961538461537
4023,2.7475961538461537
4024,2.7475961538461537
4025,2.7475961538461537
4026,0.8173076923076923
4027,0.8173076923076923
4028,0.8173076923076923
4029,0.8173076923076923
4030,0.8173076923076923
4031,0.9919871794871795
4032,0.9919871794871795
4033,0.9919871794871795
4034,0.9919871794871795
4035,0.9919871794871795
4036,0.6173076923076923
4037,0.6173076923076923
4038,0.6173076923076923
4039,0.6173076923076923
4040,1.565934065934066
4041,1.565934065934066
4042,1.565934065934066
4043,1.565934065934066
4044,1.565934065934066
4045,1.565934065934066
4046,0.6387362637362637
4047,0.6387362637362637
4048,0.6387362637362637
4049,0.6387362637362637
4050,0.6387362637362637
4051,0.6387362637362637
4052,0.8173076923076923
4053,1.0372596153846154
4054,2.7475961538461537
4055,0.9090909090909091
4056,0.6173076923076923
4057,0.9919871794871795
4058,1.565934065934066
4059,0.6387362637362637
4060,1.6699029126213591
4061,1.6699029126213591
4062,1.6699029126213591
4063,1.6699029126213591
4064,1.6699029126213591
4065,1.6699029126213591
4066,1.6699029126213591
4067,1.0255957634598412
4068,1.0255957634598412
4069,1.0255957634598412
4070,1.0255957634598412
4071,1.0255957634598412
4072,1.0255957634598412
4073,1.0255957634598412
4074,1.0255957634598412
4075,1.0255957634598412
4076,1.0255957634598412
4077,2.0
4078,2.0
4079,2.0
4080,2.0
4081,2.0
4082,2.0
4083,2.0
4084,0.7605177993527508
4085,0.7605177993527508
4086,0.7605177993527508
4087,0.7605177993527508
4088,0.7605177993527508
4089,0.8527508090614887
4090,0.8527508090614887
4091,0.8527508090614887
4092,0.8527508090614887
4093,0.8527508090614887
4094,0.7359223300970874
4095,0.7359223300970874
4096,0.7359223300970874
4097,0.7359223300970874
4098,1.1484049930651872
4099,1.1484049930651872
4100,1.1484049930651872
4101,1.1484049930651872
4102,1.1484049930651872
4103,1.1484049930651872
4104,0.6130374479889042
4105,0.6130374479889042
4106,0.6130374479889042
4107,0.6130374479889042
4108,0.6130374479889042
4109,0.6130374479889042
4110,0.7605177993527508
4111,1.6699029126213591
4112,2.0
4113,1.0255957634598412
4114,0.7359223300970874
4115,0.8527508090614887
4116,1.1484049930651872
4117,0.6130374479889042
4118,1.0813106796116505
4119,1.0813106796116505
4120,1.0813106796116505
4121,1.0813106796116505
4122,1.0813106796116505
4123,1.0813106796116505
4124,1.0813106796116505
4125,0.8702559576345984
4126,0.8702559576345984
4127,0.8702559576345984
4128,0.8702559576345984
4129,0.8702559576345984
4130,0.8702559576345984
4131,0.8702559576345984
4132,0.8702559576345984
4133,0.8702559576345984
4134,0.8702559576345984
4135,2.003640776699029
4136,2.003640776699029
4137,2.003640776699029
4138,2.003640776699029
4139,2.003640776699029
4140,2.003640776699029
4141,2.003640776699029
4142,0.5032362459546925
4143,0.5032362459546925
4144,0.5032362459546925
4145,0.5032362459546925
4146,0.5032362459546925
4147,1.2750809061488673
4148,1.2750809061488673
4149,1.2750809061488673
4150,1.2750809061488673
4151,1.2750809061488673
4152,0.19611650485436893
4153,0.19611650485436893
4154,0.19611650485436893
4155,0.19611650485436893
4156,0.7281553398058253
4157,0.7281553398058253
4158,0.7281553398058253
4159,0.7281553398058253
4160,0.7281553398058253
4161,0.7281553398058253
4162,0.46879334257975036
4163,0.46879334257975036
4164,0.46879334257975036
4165,0.46879334257975036
4166,0.46879334257975036
4167,0.46879334257975036
4168,0.5032362459546925
4169,1.0813106796116505
4170,2.003640776699029
4171,0.8702559576345984
4172,0.19611650485436893
4173,1.2750809061488673
4174,0.7281553398058253
4175,0.46879334257975036
4176,1.9138349514563107
4177,1.9138349514563107
4178,1.9138349514563107
4179,1.9138349514563107
4180,1.9138349514563107
4181,1.9138349514563107
4182,1.9138349514563107
4183,1.026478375992939
4184,1.026478375992939
4185,1.026478375992939
4186,1.026478375992939
4187,1.026478375992939
4188,1.026478375992939
4189,1.026478375992939
4190,1.026478375992939
4191,1.026478375992939
4192,1.026478375992939
4193,3.5521844660194173
4194,3.5521844660194173
4195,3.5521844660194173
4196,3.5521844660194173
4197,3.5521844660194173
4198,3.5521844660194173
4199,3.5521844660194173
4200,1.0113268608414239
4201,1.0113268608414239
4202,1.0113268608414239
4203,1.0113268608414239
4204,1.0113268608414239
4205,1.1213592233009708
4206,1.1213592233009708
4207,1.1213592233009708
4208,1.1213592233009708
4209,1.1213592233009708
4210,0.5689320388349515
4211,0.5689320388349515
4212,0.5689320388349515
4213,0.5689320388349515
4214,1.4244105409153953
4215,1.4244105409153953
4216,1.4244105409153953
4217,1.4244105409153953
4218,1.4244105409153953
4219,1.4244105409153953
4220,0.7766990291262136
4221,0.7766990291262136
4222,0.7766990291262136
4223,0.7766990291262136
4224,0.7766990291262136
4225,0.7766990291262136
4226,1.0113268608414239
4227,1.9138349514563107
4228,3.5521844660194173
4229,1.026478375992939
4230,0.5689320388349515
4231,1.1213592233009708
4232,1.4244105409153953
4233,0.7766990291262136
4234,1.5861650485436893
4235,1.5861650485436893
4236,1.5861650485436893
4237,1.5861650485436893
4238,1.5861650485436893
4239,1.5861650485436893
4240,1.5861650485436893
4241,0.7537511032656664
4242,0.7537511032656664
4243,0.7537511032656664
4244,0.7537511032656664
4245,0.7537511032656664
4246,0.7537511032656664
4247,0.7537511032656664
4248,0.7537511032656664
4249,0.7537511032656664
4250,0.7537511032656664
4251,1.8276699029126213
4252,1.8276699029126213
4253,1.8276699029126213
4254,1.8276699029126213
4255,1.8276699029126213
4256,1.8276699029126213
4257,1.8276699029126213
4258,0.656957928802589
4259,0.656957928802589
4260,0.656957928802589
4261,0.656957928802589
4262,0.656957928802589
4263,0.9336569579288025
4264,0.9336569579288025
4265,0.9336569579288025
4266,0.9336569579288025
4267,0.9336569579288025
4268,0.5475728155339806
4269,0.5475728155339806
4270,0.5475728155339806
4271,0.5475728155339806
4272,1.2718446601941749
4273,1.2718446601941749
4274,1.2718446601941749
4275,1.2718446601941749
4276,1.2718446601941749
4277,1.2718446601941749
4278,0.9972260748959778
4279,0.9972260748959778
4280,0.9972260748959778
4281,0.9972260748959778
4282,0.9972260748959778
4283,0.9972260748959778
4284,0.656957928802589
4285,1.5861650485436893
4286,1.8276699029126213
4287,0.7537511032656664
4288,0.5475728155339806
4289,0.9336569579288025
4290,1.2718446601941749
4291,0.9972260748959778
4292,1.9344660194174756
4293,1.9344660194174756
4294,1.9344660194174756
4295,1.9344660194174756
4296,1.9344660194174756
4297,1.9344660194174756
4298,1.9344660194174756
4299,2.063548102383054
4300,2.063548102383054
4301,2.063548102383054
4302,2.063548102383054
4303,2.063548102383054
4304,2.063548102383054
4305,2.063548102383054
4306,2.063548102383054
4307,2.063548102383054
4308,2.063548102383054
4309,4.313106796116505
4310,4.313106796116505
4311,4.313106796116505
4312,4.313106796116505
4313,4.313106796116505
4314,4.313106796116505
4315,4.313106796116505
4316,1.2993527508090614
4317,1.2993527508090614
4318,1.2993527508090614
4319,1.2993527508090614
4320,1.2993527508090614
4321,2.0388349514563107
4322,2.0388349514563107
4323,2.0388349514563107
4324,2.0388349514563107
4325,2.0388349514563107
4326,1.2621359223300972
4327,1.2621359223300972
4328,1.2621359223300972
4329,1.2621359223300972
4330,2.396671289875173
4331,2.396671289875173
4332,2.396671289875173
4333,2.396671289875173
4334,2.396671289875173
4335,2.396671289875173
4336,1.1872399445214978
4337,1.1872399445214978
4338,1.1872399445214978
4339,1.1872399445214978
4340,1.1872399445214978
4341,1.1872399445214978
4342,1.2993527508090614
4343,1.9344660194174756
4344,4.313106796116505
4345,2.063548102383054
4346,1.2621359223300972
4347,2.0388349514563107
4348,2.396671289875173
4349,1.1872399445214978
4350,1.5327669902912622
4351,1.5327669902912622
4352,1.5327669902912622
4353,1.5327669902912622
4354,1.5327669902912622
4355,1.5327669902912622
4356,1.5327669902912622
4357,1.3433362753751104
4358,1.3433362753751104
4359,1.3433362753751104
4360,1.3433362753751104
4361,1.3433362753751104
4362,1.3433362753751104
4363,1.3433362753751104
4364,1.3433362753751104
4365,1.3433362753751104
4366,1.3433362753751104
4367,3.120145631067961
4368,3.120145631067961
4369,3.120145631067961
4370,3.120145631067961
4371,3.120145631067961
4372,3.120145631067961
4373,3.120145631067961
4374,0.8203883495145631
4375,0.8203883495145631
4376,0.8203883495145631
4377,0.8203883495145631
4378,0.8203883495145631
4379,0.8754045307443366
4380,0.8754045307443366
4381,0.8754045307443366
4382,0.8754045307443366
4383,0.8754045307443366
4384,0.45436893203883494
4385,0.45436893203883494
4386,0.45436893203883494
4387,0.45436893203883494
4388,0.9195561719833565
4389,0.9195561719833565
4390,0.9195561719833565
4391,0.9195561719833565
4392,0.9195561719833565
4393,0.9195561719833565
4394,0.5839112343966713
4395,0.5839112343966713
4396,0.5839112343966713
4397,0.5839112343966713
4398,0.5839112343966713
4399,0.5839112343966713
4400,0.8203883495145631
4401,1.5327669902912622
4402,3.120145631067961
4403,1.3433362753751104
4404,0.45436893203883494
4405,0.8754045307443366
4406,0.9195561719833565
4407,0.5839112343966713
4408,1.104368932038835
4409,1.104368932038835
4410,1.104368932038835
4411,1.104368932038835
4412,1.104368932038835
4413,1.104368932038835
4414,1.104368932038835
4415,1.1924095322153574
4416,1.1924095322153574
4417,1.1924095322153574
4418,1.1924095322153574
4419,1.1924095322153574
4420,1.1924095322153574
4421,1.1924095322153574
4422,1.1924095322153574
4423,1.1924095322153574
4424,1.1924095322153574
4425,2.0509708737864076
4426,2.0509708737864076
4427,2.0509708737864076
4428,2.0509708737864076
4429,2.0509708737864076
4430,2.0509708737864076
4431,2.0509708737864076
4432,0.470873786407767
4433,0.470873786407767
4434,0.470873786407767
4435,0.470873786407767
4436,0.470873786407767
4437,0.9449838187702265
4438,0.9449838187702265
4439,0.9449838187702265
4440,0.9449838187702265
4441,0.9449838187702265
4442,1.1475728155339806
4443,1.1475728155339806
4444,1.1475728155339806
4445,1.1475728155339806
4446,1.1525658807212205
4447,1.1525658807212205
4448,1.1525658807212205
4449,1.1525658807212205
4450,1.1525658807212205
4451,1.1525658807212205
4452,0.6976421636615812
4453,0.6976421636615812
4454,0.6976421636615812
4455,0.6976421636615812
4456,0.6976421636615812
4457,0.6976421636615812
4458,0.470873786407767
4459,1.104368932038835
4460,2.0509708737864076
4461,1.1924095322153574
4462,1.1475728155339806
4463,0.9449838187702265
4464,1.1525658807212205
4465,0.6976421636615812
4466,1.0351941747572815
4467,1.0351941747572815
4468,1.0351941747572815
4469,1.0351941747572815
4470,1.0351941747572815
4471,1.0351941747572815
4472,1.0351941747572815
4473,0.7431597528684908
4474,0.7431597528684908
4475,0.7431597528684908
4476,0.7431597528684908
4477,0.7431597528684908
4478,0.7431597528684908
4479,0.7431597528684908
4480,0.7431597528684908
4481,0.7431597528684908
4482,0.7431597528684908
4483,1.6189320388349515
4484,1.6189320388349515
4485,1.6189320388349515
4486,1.6189320388349515
4487,1.6189320388349515
4488,1.6189320388349515
4489,1.6189320388349515
4490,0.5048543689320388
4491,0.5048543689320388
4492,0.5048543689320388
4493,0.5048543689320388
4494,0.5048543689320388
4495,0.6488673139158576
4496,0.6488673139158576
4497,0.6488673139158576
4498,0.6488673139158576
4499,0.6488673139158576
4500,0.658252427184466
4501,0.658252427184466
4502,0.658252427184466
4503,0.658252427184466
4504,1.0221914008321775
4505,1.0221914008321775
4506,1.0221914008321775
4507,1.0221914008321775
4508,1.0221914008321775
4509,1.0221914008321775
4510,0.5769764216366158
4511,0.5769764216366158
4512,0.5769764216366158
4513,0.5769764216366158
4514,0.5769764216366158
4515,0.5769764216366158
4516,0.5048543689320388
4517,1.0351941747572815
4518,1.6189320388349515
4519,0.7431597528684908
4520,0.658252427184466
4521,0.6488673139158576
4522,1.0221914008321775
4523,0.5769764216366158
4524,1.9611650485436893
4525,1.9611650485436893
4526,1.9611650485436893
4527,1.9611650485436893
4528,1.9611650485436893
4529,1.9611650485436893
4530,1.9611650485436893
4531,1.3618711385701676
4532,1.3618711385701676
4533,1.3618711385701676
4534,1.3618711385701676
4535,1.3618711385701676
4536,1.3618711385701676
4537,1.3618711385701676
4538,1.3618711385701676
4539,1.3618711385701676
4540,1.3618711385701676
4541,3.3228155339805827
4542,3.3228155339805827
4543,3.3228155339805827
4544,3.3228155339805827
4545,3.3228155339805827
4546,3.3228155339805827
4547,3.3228155339805827
4548,0.656957928802589
4549,0.656957928802589
4550,0.656957928802589
4551,0.656957928802589
4552,0.656957928802589
4553,0.8915857605177994
4554,0.8915857605177994
4555,0.8915857605177994
4556,0.8915857605177994
4557,0.8915857605177994
4558,0.5922330097087378
4559,0.5922330097087378
4560,0.5922330097087378
4561,0.5922330097087378
4562,1.622746185852982
4563,1.622746185852982
4564,1.622746185852982
4565,1.622746185852982
4566,1.622746185852982
4567,1.622746185852982
4568,0.5145631067961165
4569,0.5145631067961165
4570,0.5145631067961165
4571,0.5145631067961165
4572,0.5145631067961165
4573,0.5145631067961165
4574,0.656957928802589
4575,1.9611650485436893
4576,3.3228155339805827
4577,1.3618711385701676
4578,0.5922330097087378
4579,0.8915857605177994
4580,1.622746185852982
4581,0.5145631067961165
4582,1.0703883495145632
4583,1.0703883495145632
4584,1.0703883495145632
4585,1.0703883495145632
4586,1.0703883495145632
4587,1.0703883495145632
4588,1.0703883495145632
4589,0.76522506619594
4590,0.76522506619594
4591,0.76522506619594
4592,0.76522506619594
4593,0.76522506619594
4594,0.76522506619594
4595,0.76522506619594
4596,0.76522506619594
4597,0.76522506619594
4598,0.76522506619594
4599,2.0970873786407767
4600,2.0970873786407767
4601,2.0970873786407767
4602,2.0970873786407767
4603,2.0970873786407767
4604,2.0970873786407767
4605,2.0970873786407767
4606,0.7313915857605178
4607,0.7313915857605178
4608,0.7313915857605178
4609,0.7313915857605178
4610,0.7313915857605178
4611,0.9368932038834952
4612,0.9368932038834952
4613,0.9368932038834952
4614,0.9368932038834952
4615,0.9368932038834952
4616,0.6058252427184466
4617,0.6058252427184466
4618,0.6058252427184466
4619,0.6058252427184466
4620,1.1192787794729542
4621,1.1192787794729542
4622,1.1192787794729542
4623,1.1192787794729542
4624,1.1192787794729542
4625,1.1192787794729542
4626,0.4563106796116505
4627,0.4563106796116505
4628,0.4563106796116505
4629,0.4563106796116505
4630,0.4563106796116505
4631,0.4563106796116505
4632,0.7313915857605178
4633,1.0703883495145632
4634,2.0970873786407767
4635,0.76522506619594
4636,0.6058252427184466
4637,0.9368932038834952
4638,1.1192787794729542
4639,0.4563106796116505
4640,1.7704326923076923
4641,1.7704326923076923
4642,1.7704326923076923
4643,1.7704326923076923
4644,1.7704326923076923
4645,1.7704326923076923
4646,1.7704326923076923
4647,0.9082167832167832
4648,0.9082167832167832
4649,0.9082167832167832
4650,0.9082167832167832
4651,0.9082167832167832
4652,0.9082167832167832
4653,0.9082167832167832
4654,0.9082167832167832
4655,0.9082167832167832
4656,0.9082167832167832
4657,2.0360576923076925
4658,2.0360576923076925
4659,2.0360576923076925
4660,2.0360576923076925
4661,2.0360576923076925
4662,2.0360576923076925
4663,2.0360576923076925
4664,0.6330128205128205
4665,0.6330128205128205
4666,0.6330128205128205
4667,0.6330128205128205
4668,0.6330128205128205
4669,0.7532051282051282
4670,0.7532051282051282
4671,0.7532051282051282
4672,0.7532051282051282
4673,0.7532051282051282
4674,0.7980769230769231
4675,0.7980769230769231
4676,0.7980769230769231
4677,0.7980769230769231
4678,1.0769230769230769
4679,1.0769230769230769
4680,1.0769230769230769
4681,1.0769230769230769
4682,1.0769230769230769
4683,1.0769230769230769
4684,0.6071428571428571
4685,0.6071428571428571
4686,0.6071428571428571
4687,0.6071428571428571
4688,0.6071428571428571
4689,0.6071428571428571
4690,0.6330128205128205
4691,1.7704326923076923
4692,2.0360576923076925
4693,0.9082167832167832
4694,0.7980769230769231
4695,0.7532051282051282
4696,1.0769230769230769
4697,0.6071428571428571
4698,1.0793269230769231
4699,1.0793269230769231
4700,1.0793269230769231
4701,1.0793269230769231
4702,1.0793269230769231
4703,1.0793269230769231
4704,1.0793269230769231
4705,0.756993006993007
4706,0.756993006993007
4707,0.756993006993007
4708,0.756993006993007
4709,0.756993006993007
4710,0.756993006993007
4711,0.756993006993007
4712,0.756993006993007
4713,0.756993006993007
4714,0.756993006993007
4715,1.9651442307692308
4716,1.9651442307692308
4717,1.9651442307692308
4718,1.9651442307692308
4719,1.9651442307692308
4720,1.9651442307692308
4721,1.9651442307692308
4722,0.483974358974359
4723,0.483974358974359
4724,0.483974358974359
4725,0.483974358974359
4726,0.483974358974359
4727,1.044871794871795
4728,1.044871794871795
4729,1.044871794871795
4730,1.044871794871795
4731,1.044871794871795
4732,0.2673076923076923
4733,0.2673076923076923
4734,0.2673076923076923
4735,0.2673076923076923
4736,0.7293956043956044
4737,0.7293956043956044
4738,0.7293956043956044
4739,0.7293956043956044
4740,0.7293956043956044
4741,0.7293956043956044
4742,0.43131868131868134
4743,0.43131868131868134
4744,0.43131868131868134
4745,0.43131868131868134
4746,0.43131868131868134
4747,0.43131868131868134
4748,0.483974358974359
4749,1.0793269230769231
4750,1.9651442307692308
4751,0.756993006993007
4752,0.2673076923076923
4753,1.044871794871795
4754,0.7293956043956044
4755,0.43131868131868134
4756,1.7427884615384615
4757,1.7427884615384615
4758,1.7427884615384615
4759,1.7427884615384615
4760,1.7427884615384615
4761,1.7427884615384615
4762,1.7427884615384615
4763,0.958041958041958
4764,0.958041958041958
4765,0.958041958041958
4766,0.958041958041958
4767,0.958041958041958
4768,0.958041958041958
4769,0.958041958041958
4770,0.958041958041958
4771,0.958041958041958
4772,0.958041958041958
4773,3.4194711538461537
4774,3.4194711538461537
4775,3.4194711538461537
4776,3.4194711538461537
4777,3.4194711538461537
4778,3.4194711538461537
4779,3.4194711538461537
4780,0.8846153846153846
4781,0.8846153846153846
4782,0.8846153846153846
4783,0.8846153846153846
4784,0.8846153846153846
4785,1.1538461538461537
4786,1.1538461538461537
4787,1.1538461538461537
4788,1.1538461538461537
4789,1.1538461538461537
4790,0.6096153846153847
4791,0.6096153846153847
4792,0.6096153846153847
4793,0.6096153846153847
4794,1.1936813186813187
4795,1.1936813186813187
4796,1.1936813186813187
4797,1.1936813186813187
4798,1.1936813186813187
4799,1.1936813186813187
4800,0.7005494505494505
4801,0.7005494505494505
4802,0.7005494505494505
4803,0.7005494505494505
4804,0.7005494505494505
4805,0.7005494505494505
4806,0.8846153846153846
4807,1.7427884615384615
4808,3.4194711538461537
4809,0.958041958041958
4810,0.6096153846153847
4811,1.1538461538461537
4812,1.1936813186813187
4813,0.7005494505494505
4814,1.7307692307692308
4815,1.7307692307692308
4816,1.7307692307692308
4817,1.7307692307692308
4818,1.7307692307692308
4819,1.7307692307692308
4820,1.7307692307692308
4821,0.6687062937062938
4822,0.6687062937062938
4823,0.6687062937062938
4824,0.6687062937062938
4825,0.6687062937062938
4826,0.6687062937062938
4827,0.6687062937062938
4828,0.6687062937062938
4829,0.6687062937062938
4830,0.6687062937062938
4831,1.8978365384615385
4832,1.8978365384615385
4833,1.8978365384615385
4834,1.8978365384615385
4835,1.8978365384615385
4836,1.8978365384615385
4837,1.8978365384615385
4838,0.7387820512820513
4839,0.7387820512820513
4840,0.7387820512820513
4841,0.7387820512820513
4842,0.7387820512820513
4843,0.7291666666666666
4844,0.7291666666666666
4845,0.7291666666666666
4846,0.7291666666666666
4847,0.7291666666666666
4848,0.5192307692307693
4849,0.5192307692307693
4850,0.5192307692307693
4851,0.5192307692307693
4852,1.1456043956043955
4853,1.1456043956043955
4854,1.1456043956043955
4855,1.1456043956043955
4856,1.1456043956043955
4857,1.1456043956043955
4858,0.9134615384615384
4859,0.9134615384615384
4860,0.9134615384615384
4861,0.9134615384615384
4862,0.9134615384615384
4863,0.9134615384615384
4864,0.7387820512820513
4865,1.7307692307692308
4866,1.8978365384615385
4867,0.6687062937062938
4868,0.5192307692307693
4869,0.7291666666666666
4870,1.1456043956043955
4871,0.9134615384615384
4872,2.0360576923076925
4873,2.0360576923076925
4874,2.0360576923076925
4875,2.0360576923076925
4876,2.0360576923076925
4877,2.0360576923076925
4878,2.0360576923076925
4879,1.8802447552447552
4880,1.8802447552447552
4881,1.8802447552447552
4882,1.8802447552447552
4883,1.8802447552447552
4884,1.8802447552447552
4885,1.8802447552447552
4886,1.8802447552447552
4887,1.8802447552447552
4888,1.8802447552447552
4889,4.100961538461538
4890,4.100961538461538
4891,4.100961538461538
4892,4.100961538461538
4893,4.100961538461538
4894,4.100961538461538
4895,4.100961538461538
4896,1.1442307692307692
4897,1.1442307692307692
4898,1.1442307692307692
4899,1.1442307692307692
4900,1.1442307692307692
4901,1.9407051282051282
4902,1.9407051282051282
4903,1.9407051282051282
4904,1.9407051282051282
4905,1.9407051282051282
4906,1.376923076923077
4907,1.376923076923077
4908,1.376923076923077
4909,1.376923076923077
4910,2.037087912087912
4911,2.037087912087912
4912,2.037087912087912
4913,2.037087912087912
4914,2.037087912087912
4915,2.037087912087912
4916,1.217032967032967
4917,1.217032967032967
4918,1.217032967032967
4919,1.217032967032967
4920,1.217032967032967
4921,1.217032967032967
4922,1.1442307692307692
4923,2.0360576923076925
4924,4.100961538461538
4925,1.8802447552447552
4926,1.376923076923077
4927,1.9407051282051282
4928,2.037087912087912
4929,1.217032967032967
4930,1.6418269230769231
4931,1.6418269230769231
4932,1.6418269230769231
4933,1.6418269230769231
4934,1.6418269230769231
4935,1.6418269230769231
4936,1.6418269230769231
4937,1.2683566433566433
4938,1.2683566433566433
4939,1.2683566433566433
4940,1.2683566433566433
4941,1.2683566433566433
4942,1.2683566433566433
4943,1.2683566433566433
4944,1.2683566433566433
4945,1.2683566433566433
4946,1.2683566433566433
4947,3.2367788461538463
4948,3.2367788461538463
4949,3.2367788461538463
4950,3.2367788461538463
4951,3.2367788461538463
4952,3.2367788461538463
4953,3.2367788461538463
4954,0.8092948717948718
4955,0.8092948717948718
4956,0.8092948717948718
4957,0.8092948717948718
4958,0.8092948717948718
4959,1.0432692307692308
4960,1.0432692307692308
4961,1.0432692307692308
4962,1.0432692307692308
4963,1.0432692307692308
4964,0.5076923076923077
4965,0.5076923076923077
4966,0.5076923076923077
4967,0.5076923076923077
4968,0.864010989010989
4969,0.864010989010989
4970,0.864010989010989
4971,0.864010989010989
4972,0.864010989010989
4973,0.864010989010989
4974,0.5508241758241759
4975,0.5508241758241759
4976,0.5508241758241759
4977,0.5508241758241759
4978,0.5508241758241759
4979,0.5508241758241759
4980,0.8092948717948718
4981,1.6418269230769231
4982,3.2367788461538463
4983,1.2683566433566433
4984,0.5076923076923077
4985,1.0432692307692308
4986,0.864010989010989
4987,0.5508241758241759
4988,1.1298076923076923
4989,1.1298076923076923
4990,1.1298076923076923
4991,1.1298076923076923
4992,1.1298076923076923
4993,1.1298076923076923
4994,1.1298076923076923
4995,1.1083916083916083
4996,1.1083916083916083
4997,1.1083916083916083
4998,1.1083916083916083
4999,1.1083916083916083
5000,1.1083916083916083
5001,1.1083916083916083
5002,1.1083916083916083
5003,1.1083916083916083
5004,1.1083916083916083
5005,2.076923076923077
5006,2.076923076923077
5007,2.076923076923077
5008,2.076923076923077
5009,2.076923076923077
5010,2.076923076923077
5011,2.076923076923077
5012,0.4775641025641026
5013,0.4775641025641026
5014,0.4775641025641026
5015,0.4775641025641026
5016,0.4775641025641026
5017,1.0288461538461537
5018,1.0288461538461537
5019,1.0288461538461537
5020,1.0288461538461537
5021,1.0288461538461537
5022,0.9557692307692308
5023,0.9557692307692308
5024,0.9557692307692308
5025,0.9557692307692308
5026,1.0906593406593406
5027,1.0906593406593406
5028,1.0906593406593406
5029,1.0906593406593406
5030,1.0906593406593406
5031,1.0906593406593406
5032,0.5989010989010989
5033,0.5989010989010989
5034,0.5989010989010989
5035,0.5989010989010989
5036,0.5989010989010989
5037,0.5989010989010989
5038,0.4775641025641026
5039,1.1298076923076923
5040,2.076923076923077
5041,1.1083916083916083
5042,0.9557692307692308
5043,1.0288461538461537
5044,1.0906593406593406
5045,0.5989010989010989
5046,0.9747596153846154
5047,0.9747596153846154
5048,0.9747596153846154
5049,0.9747596153846154
5050,0.9747596153846154
5051,0.9747596153846154
5052,0.9747596153846154
5053,0.7036713286713286
5054,0.7036713286713286
5055,0.7036713286713286
5056,0.7036713286713286
5057,0.7036713286713286
5058,0.7036713286713286
5059,0.7036713286713286
5060,0.7036713286713286
5061,0.7036713286713286
5062,0.7036713286713286
5063,1.640625
5064,1.640625
5065,1.640625
5066,1.640625
5067,1.640625
5068,1.640625
5069,1.640625
5070,0.47115384615384615
5071,0.47115384615384615
5072,0.47115384615384615
5073,0.47115384615384615
5074,0.47115384615384615
5075,0.75
5076,0.75
5077,0.75
5078,0.75
5079,0.75
5080,0.6788461538461539
5081,0.6788461538461539
5082,0.6788461538461539
5083,0.6788461538461539
5084,0.9725274725274725
5085,0.9725274725274725
5086,0.9725274725274725
5087,0.9725274725274725
5088,0.9725274725274725
5089,0.9725274725274725
5090,0.5604395604395604
5091,0.5604395604395604
5092,0.5604395604395604
5093,0.5604395604395604
5094,0.5604395604395604
5095,0.5604395604395604
5096,0.47115384615384615
5097,0.9747596153846154
5098,1.640625
5099,0.7036713286713286
5100,0.6788461538461539
5101,0.75
5102,0.9725274725274725
5103,0.5604395604395604
5104,2.0552884615384617
5105,2.0552884615384617
5106,2.0552884615384617
5107,2.0552884615384617
5108,2.0552884615384617
5109,2.0552884615384617
5110,2.0552884615384617
5111,1.284965034965035
5112,1.284965034965035
5113,1.284965034965035
5114,1.284965034965035
5115,1.284965034965035
5116,1.284965034965035
5117,1.284965034965035
5118,1.284965034965035
5119,1.284965034965035
5120,1.284965034965035
5121,3.3882211538461537
5122,3.3882211538461537
5123,3.3882211538461537
5124,3.3882211538461537
5125,3.3882211538461537
5126,3.3882211538461537
5127,3.3882211538461537
5128,0.7019230769230769
5129,0.7019230769230769
5130,0.7019230769230769
5131,0.7019230769230769
5132,0.7019230769230769
5133,0.8894230769230769
5134,0.8894230769230769
5135,0.8894230769230769
5136,0.8894230769230769
5137,0.8894230769230769
5138,0.6846153846153846
5139,0.6846153846153846
5140,0.6846153846153846
5141,0.6846153846153846
5142,1.5178571428571428
5143,1.5178571428571428
5144,1.5178571428571428
5145,1.5178571428571428
5146,1.5178571428571428
5147,1.5178571428571428
5148,0.5123626373626373
5149,0.5123626373626373
5150,0.5123626373626373
5151,0.5123626373626373
5152,0.5123626373626373
5153,0.5123626373626373
5154,0.7019230769230769
5155,2.0552884615384617
5156,3.3882211538461537
5157,1.284965034965035
5158,0.6846153846153846
5159,0.8894230769230769
5160,1.5178571428571428
5161,0.5123626373626373
5162,1.0769230769230769
5163,1.0769230769230769
5164,1.0769230769230769
5165,1.0769230769230769
5166,1.0769230769230769
5167,1.0769230769230769
5168,1.0769230769230769
5169,0.715034965034965
5170,0.715034965034965
5171,0.715034965034965
5172,0.715034965034965
5173,0.715034965034965
5174,0.715034965034965
5175,0.715034965034965
5176,0.715034965034965
5177,0.715034965034965
5178,0.715034965034965
5179,2.1466346153846154
5180,2.1466346153846154
5181,2.1466346153846154
5182,2.1466346153846154
5183,2.1466346153846154
5184,2.1466346153846154
5185,2.1466346153846154
5186,0.6506410256410257
5187,0.6506410256410257
5188,0.6506410256410257
5189,0.6506410256410257
5190,0.6506410256410257
5191,0.9214743589743589
5192,0.9214743589743589
5193,0.9214743589743589
5194,0.9214743589743589
5195,0.9214743589743589
5196,0.7057692307692308
5197,0.7057692307692308
5198,0.7057692307692308
5199,0.7057692307692308
5200,1.0082417582417582
5201,1.0082417582417582
5202,1.0082417582417582
5203,1.0082417582417582
5204,1.0082417582417582
5205,1.0082417582417582
5206,0.41346153846153844
5207,0.41346153846153844
5208,0.41346153846153844
5209,0.41346153846153844
5210,0.41346153846153844
5211,0.41346153846153844
5212,0.6506410256410257
5213,1.0769230769230769
5214,2.1466346153846154
5215,0.715034965034965
5216,0.7057692307692308
5217,0.9214743589743589
5218,1.0082417582417582
5219,0.41346153846153844
5220,1.7331730769230769
5221,1.7331730769230769
5222,1.7331730769230769
5223,1.7331730769230769
5224,1.7331730769230769
5225,1.7331730769230769
5226,1.7331730769230769
5227,0.8487762237762237
5228,0.8487762237762237
5229,0.8487762237762237
5230,0.8487762237762237
5231,0.8487762237762237
5232,0.8487762237762237
5233,0.8487762237762237
5234,0.8487762237762237
5235,0.8487762237762237
5236,0.8487762237762237
5237,2.0240384615384617
5238,2.0240384615384617
5239,2.0240384615384617
5240,2.0240384615384617
5241,2.0240384615384617
5242,2.0240384615384617
5243,2.0240384615384617
5244,0.5881410256410257
5245,0.5881410256410257
5246,0.5881410256410257
5247,0.5881410256410257
5248,0.5881410256410257
5249,0.8509615384615384
5250,0.8509615384615384
5251,0.8509615384615384
5252,0.8509615384615384
5253,0.8509615384615384
5254,0.8038461538461539
5255,0.8038461538461539
5256,0.8038461538461539
5257,0.8038461538461539
5258,0.9793956043956044
5259,0.9793956043956044
5260,0.9793956043956044
5261,0.9793956043956044
5262,0.9793956043956044
5263,0.9793956043956044
5264,0.5769230769230769
5265,0.5769230769230769
5266,0.5769230769230769
5267,0.5769230769230769
5268,0.5769230769230769
5269,0.5769230769230769
5270,0.5881410256410257
5271,1.7331730769230769
5272,2.0240384615384617
5273,0.8487762237762237
5274,0.8038461538461539
5275,0.8509615384615384
5276,0.9793956043956044
5277,0.5769230769230769
5278,1.1682692307692308
5279,1.1682692307692308
5280,1.1682692307692308
5281,1.1682692307692308
5282,1.1682692307692308
5283,1.1682692307692308
5284,1.1682692307692308
5285,0.6608391608391608
5286,0.6608391608391608
5287,0.6608391608391608
5288,0.6608391608391608
5289,0.6608391608391608
5290,0.6608391608391608
5291,0.6608391608391608
5292,0.6608391608391608
5293,0.6608391608391608
5294,0.6608391608391608
5295,1.9555288461538463
5296,1.9555288461538463
5297,1.9555288461538463
5298,1.9555288461538463
5299,1.9555288461538463
5300,1.9555288461538463
5301,1.9555288461538463
5302,0.49198717948717946
5303,0.49198717948717946
5304,0.49198717948717946
5305,0.49198717948717946
5306,0.49198717948717946
5307,1.0945512820512822
5308,1.0945512820512822
5309,1.0945512820512822
5310,1.0945512820512822
5311,1.0945512820512822
5312,0.23653846153846153
5313,0.23653846153846153
5314,0.23653846153846153
5315,0.23653846153846153
5316,0.6978021978021978
5317,0.6978021978021978
5318,0.6978021978021978
5319,0.6978021978021978
5320,0.6978021978021978
5321,0.6978021978021978
5322,0.3983516483516483
5323,0.3983516483516483
5324,0.3983516483516483
5325,0.3983516483516483
5326,0.3983516483516483
5327,0.3983516483516483
5328,0.49198717948717946
5329,1.1682692307692308
5330,1.9555288461538463
5331,0.6608391608391608
5332,0.23653846153846153
5333,1.0945512820512822
5334,0.6978021978021978
5335,0.3983516483516483
5336,1.6971153846153846
5337,1.6971153846153846
5338,1.6971153846153846
5339,1.6971153846153846
5340,1.6971153846153846
5341,1.6971153846153846
5342,1.6971153846153846
5343,0.8190559440559441
5344,0.8190559440559441
5345,0.8190559440559441
5346,0.8190559440559441
5347,0.8190559440559441
5348,0.8190559440559441
5349,0.8190559440559441
5350,0.8190559440559441
5351,0.8190559440559441
5352,0.8190559440559441
5353,3.592548076923077
5354,3.592548076923077
5355,3.592548076923077
5356,3.592548076923077
5357,3.592548076923077
5358,3.592548076923077
5359,3.592548076923077
5360,0.8814102564102564
5361,0.8814102564102564
5362,0.8814102564102564
5363,0.8814102564102564
5364,0.8814102564102564
5365,1.1634615384615385
5366,1.1634615384615385
5367,1.1634615384615385
5368,1.1634615384615385
5369,1.1634615384615385
5370,0.7461538461538462
5371,0.7461538461538462
5372,0.7461538461538462
5373,0.7461538461538462
5374,1.1497252747252746
5375,1.1497252747252746
5376,1.1497252747252746
5377,1.1497252747252746
5378,1.1497252747252746
5379,1.1497252747252746
5380,0.7678571428571429
5381,0.7678571428571429
5382,0.7678571428571429
5383,0.7678571428571429
5384,0.7678571428571429
5385,0.7678571428571429
5386,0.8814102564102564
5387,1.6971153846153846
5388,3.592548076923077
5389,0.8190559440559441
5390,0.7461538461538462
5391,1.1634615384615385
5392,1.1497252747252746
5393,0.7678571428571429
5394,1.7415865384615385
5395,1.7415865384615385
5396,1.7415865384615385
5397,1.7415865384615385
5398,1.7415865384615385
5399,1.7415865384615385
5400,1.7415865384615385
5401,0.6328671328671329
5402,0.6328671328671329
5403,0.6328671328671329
5404,0.6328671328671329
5405,0.6328671328671329
5406,0.6328671328671329
5407,0.6328671328671329
5408,0.6328671328671329
5409,0.6328671328671329
5410,0.6328671328671329
5411,1.90625
5412,1.90625
5413,1.90625
5414,1.90625
5415,1.90625
5416,1.90625
5417,1.90625
5418,0.657051282051282
5419,0.657051282051282
5420,0.657051282051282
5421,0.657051282051282
5422,0.657051282051282
5423,0.842948717948718
5424,0.842948717948718
5425,0.842948717948718
5426,0.842948717948718
5427,0.842948717948718
5428,0.5923076923076923
5429,0.5923076923076923
5430,0.5923076923076923
5431,0.5923076923076923
5432,1.1730769230769231
5433,1.1730769230769231
5434,1.1730769230769231
5435,1.1730769230769231
5436,1.1730769230769231
5437,1.1730769230769231
5438,0.9505494505494505
5439,0.9505494505494505
5440,0.9505494505494505
5441,0.9505494505494505
5442,0.9505494505494505
5443,0.9505494505494505
5444,0.657051282051282
5445,1.7415865384615385
5446,1.90625
5447,0.6328671328671329
5448,0.5923076923076923
5449,0.842948717948718
5450,1.1730769230769231
5451,0.9505494505494505
5452,2.0721153846153846
5453,2.0721153846153846
5454,2.0721153846153846
5455,2.0721153846153846
5456,2.0721153846153846
5457,2.0721153846153846
5458,2.0721153846153846
5459,1.8181818181818181
5460,1.8181818181818181
5461,1.8181818181818181
5462,1.8181818181818181
5463,1.8181818181818181
5464,1.8181818181818181
5465,1.8181818181818181
5466,1.8181818181818181
5467,1.8181818181818181
5468,1.8181818181818181
5469,4.012019230769231
5470,4.012019230769231
5471,4.012019230769231
5472,4.012019230769231
5473,4.012019230769231
5474,4.012019230769231
5475,4.012019230769231
5476,1.2884615384615385
5477,1.2884615384615385
5478,1.2884615384615385
5479,1.2884615384615385
5480,1.2884615384615385
5481,1.9471153846153846
5482,1.9471153846153846
5483,1.9471153846153846
5484,1.9471153846153846
5485,1.9471153846153846
5486,1.3942307692307692
5487,1.3942307692307692
5488,1.3942307692307692
5489,1.3942307692307692
5490,1.9175824175824177
5491,1.9175824175824177
5492,1.9175824175824177
5493,1.9175824175824177
5494,1.9175824175824177
5495,1.9175824175824177
5496,1.190934065934066
5497,1.190934065934066
5498,1.190934065934066
5499,1.190934065934066
5500,1.190934065934066
5501,1.190934065934066
5502,1.2884615384615385
5503,2.0721153846153846
5504,4.012019230769231
5505,1.8181818181818181
5506,1.3942307692307692
5507,1.9471153846153846
5508,1.9175824175824177
5509,1.190934065934066
5510,1.5637019230769231
5511,1.5637019230769231
5512,1.5637019230769231
5513,1.5637019230769231
5514,1.5637019230769231
5515,1.5637019230769231
5516,1.5637019230769231
5517,1.125
5518,1.125
5519,1.125
5520,1.125
5521,1.125
5522,1.125
5523,1.125
5524,1.125
5525,1.125
5526,1.125
5527,3.3822115384615383
5528,3.3822115384615383
5529,3.3822115384615383
5530,3.3822115384615383
5531,3.3822115384615383
5532,3.3822115384615383
5533,3.3822115384615383
5534,0.7996794871794872
5535,0.7996794871794872
5536,0.7996794871794872
5537,0.7996794871794872
5538,0.7996794871794872
5539,1.1282051282051282
5540,1.1282051282051282
5541,1.1282051282051282
5542,1.1282051282051282
5543,1.1282051282051282
5544,0.5076923076923077
5545,0.5076923076923077
5546,0.5076923076923077
5547,0.5076923076923077
5548,0.9024725274725275
5549,0.9024725274725275
5550,0.9024725274725275
5551,0.9024725274725275
5552,0.9024725274725275
5553,0.9024725274725275
5554,0.5521978021978022
5555,0.5521978021978022
5556,0.5521978021978022
5557,0.5521978021978022
5558,0.5521978021978022
5559,0.5521978021978022
5560,0.7996794871794872
5561,1.5637019230769231
5562,3.3822115384615383
5563,1.125
5564,0.5076923076923077
5565,1.1282051282051282
5566,0.9024725274725275
5567,0.5521978021978022
5568,1.0697115384615385
5569,1.0697115384615385
5570,1.0697115384615385
5571,1.0697115384615385
5572,1.0697115384615385
5573,1.0697115384615385
5574,1.0697115384615385
5575,1.0043706293706294
5576,1.0043706293706294
5577,1.0043706293706294
5578,1.0043706293706294
5579,1.0043706293706294
5580,1.0043706293706294
5581,1.0043706293706294
5582,1.0043706293706294
5583,1.0043706293706294
5584,1.0043706293706294
5585,2.0372596153846154
5586,2.0372596153846154
5587,2.0372596153846154
5588,2.0372596153846154
5589,2.0372596153846154
5590,2.0372596153846154
5591,2.0372596153846154
5592,0.4150641025641026
5593,0.4150641025641026
5594,0.4150641025641026
5595,0.4150641025641026
5596,0.4150641025641026
5597,1.0208333333333333
5598,1.0208333333333333
5599,1.0208333333333333
5600,1.0208333333333333
5601,1.0208333333333333
5602,1.1538461538461537
5603,1.1538461538461537
5604,1.1538461538461537
5605,1.1538461538461537
5606,1.0425824175824177
5607,1.0425824175824177
5608,1.0425824175824177
5609,1.0425824175824177
5610,1.0425824175824177
5611,1.0425824175824177
5612,0.6620879120879121
5613,0.6620879120879121
5614,0.6620879120879121
5615,0.6620879120879121
5616,0.6620879120879121
5617,0.6620879120879121
5618,0.4150641025641026
5619,1.0697115384615385
5620,2.0372596153846154
5621,1.0043706293706294
5622,1.1538461538461537
5623,1.0208333333333333
5624,1.0425824175824177
5625,0.6620879120879121
5626,1.0372596153846154
5627,1.0372596153846154
5628,1.0372596153846154
5629,1.0372596153846154
5630,1.0372596153846154
5631,1.0372596153846154
5632,1.0372596153846154
5633,0.6276223776223776
5634,0.6276223776223776
5635,0.6276223776223776
5636,0.6276223776223776
5637,0.6276223776223776
5638,0.6276223776223776
5639,0.6276223776223776
5640,0.6276223776223776
5641,0.6276223776223776
5642,0.6276223776223776
5643,1.5877403846153846
5644,1.5877403846153846
5645,1.5877403846153846
5646,1.5877403846153846
5647,1.5877403846153846
5648,1.5877403846153846
5649,1.5877403846153846
5650,0.49038461538461536
5651,0.49038461538461536
5652,0.49038461538461536
5653,0.49038461538461536
5654,0.49038461538461536
5655,0.6810897435897436
5656,0.6810897435897436
5657,0.6810897435897436
5658,0.6810897435897436
5659,0.6810897435897436
5660,0.7692307692307693
5661,0.7692307692307693
5662,0.7692307692307693
5663,0.7692307692307693
5664,1.0233516483516483
5665,1.0233516483516483
5666,1.0233516483516483
5667,1.0233516483516483
5668,1.0233516483516483
5669,1.0233516483516483
5670,0.5260989010989011
5671,0.5260989010989011
5672,0.5260989010989011
5673,0.5260989010989011
5674,0.5260989010989011
5675,0.5260989010989011
5676,0.49038461538461536
5677,1.0372596153846154
5678,1.5877403846153846
5679,0.6276223776223776
5680,0.7692307692307693
5681,0.6810897435897436
5682,1.0233516483516483
5683,0.5260989010989011
5684,1.8461538461538463
5685,1.8461538461538463
5686,1.8461538461538463
5687,1.8461538461538463
5688,1.8461538461538463
5689,1.8461538461538463
5690,1.8461538461538463
5691,1.2491258741258742
5692,1.2491258741258742
5693,1.2491258741258742
5694,1.2491258741258742
5695,1.2491258741258742
5696,1.2491258741258742
5697,1.2491258741258742
5698,1.2491258741258742
5699,1.2491258741258742
5700,1.2491258741258742
5701,3.5072115384615383
5702,3.5072115384615383
5703,3.5072115384615383
5704,3.5072115384615383
5705,3.5072115384615383
5706,3.5072115384615383
5707,3.5072115384615383
5708,0.6442307692307693
5709,0.6442307692307693
5710,0.6442307692307693
5711,0.6442307692307693
5712,0.6442307692307693
5713,0.8717948717948718
5714,0.8717948717948718
5715,0.8717948717948718
5716,0.8717948717948718
5717,0.8717948717948718
5718,0.7653846153846153
5719,0.7653846153846153
5720,0.7653846153846153
5721,0.7653846153846153
5722,1.5384615384615385
5723,1.5384615384615385
5724,1.5384615384615385
5725,1.5384615384615385
5726,1.5384615384615385
5727,1.5384615384615385
5728,0.521978021978022
5729,0.521978021978022
5730,0.521978021978022
5731,0.521978021978022
5732,0.521978021978022
5733,0.521978021978022
5734,0.6442307692307693
5735,1.8461538461538463
5736,3.5072115384615383
5737,1.2491258741258742
5738,0.7653846153846153
5739,0.8717948717948718
5740,1.5384615384615385
5741,0.521978021978022
5742,0.9375
5743,0.9375
5744,0.9375
5745,0.9375
5746,0.9375
5747,0.9375
5748,0.9375
5749,0.6861888111888111
5750,0.6861888111888111
5751,0.6861888111888111
5752,0.6861888111888111
5753,0.6861888111888111
5754,0.6861888111888111
5755,0.6861888111888111
5756,0.6861888111888111
5757,0.6861888111888111
5758,0.6861888111888111
5759,2.3353365384615383
5760,2.3353365384615383
5761,2.3353365384615383
5762,2.3353365384615383
5763,2.3353365384615383
5764,2.3353365384615383
5765,2.3353365384615383
5766,0.6009615384615384
5767,0.6009615384615384
5768,0.6009615384615384
5769,0.6009615384615384
5770,0.6009615384615384
5771,0.8076923076923077
5772,0.8076923076923077
5773,0.8076923076923077
5774,0.8076923076923077
5775,0.8076923076923077
5776,0.7038461538461539
5777,0.7038461538461539
5778,0.7038461538461539
5779,0.7038461538461539
5780,1.0521978021978022
5781,1.0521978021978022
5782,1.0521978021978022
5783,1.0521978021978022
5784,1.0521978021978022
5785,1.0521978021978022
5786,0.40384615384615385
5787,0.40384615384615385
5788,0.40384615384615385
5789,0.40384615384615385
5790,0.40384615384615385
5791,0.40384615384615385
5792,0.6009615384615384
5793,0.9375
5794,2.3353365384615383
5795,0.6861888111888111
5796,0.7038461538461539
5797,0.8076923076923077
5798,1.0521978021978022
5799,0.40384615384615385
5800,1.7860576923076923
5801,1.7860576923076923
5802,1.7860576923076923
5803,1.7860576923076923
5804,1.7860576923076923
5805,1.7860576923076923
5806,1.7860576923076923
5807,0.847027972027972
5808,0.847027972027972
5809,0.847027972027972
5810,0.847027972027972
5811,0.847027972027972
5812,0.847027972027972
5813,0.847027972027972
5814,0.847027972027972
5815,0.847027972027972
5816,0.847027972027972
5817,2.032451923076923
5818,2.032451923076923
5819,2.032451923076923
5820,2.032451923076923
5821,2.032451923076923
5822,2.032451923076923
5823,2.032451923076923
5824,0.5208333333333334
5825,0.5208333333333334
5826,0.5208333333333334
5827,0.5208333333333334
5828,0.5208333333333334
5829,0.8108974358974359
5830,0.8108974358974359
5831,0.8108974358974359
5832,0.8108974358974359
5833,0.8108974358974359
5834,0.948076923076923
5835,0.948076923076923
5836,0.948076923076923
5837,0.948076923076923
5838,1.1758241758241759
5839,1.1758241758241759
5840,1.1758241758241759
5841,1.1758241758241759
5842,1.1758241758241759
5843,1.1758241758241759
5844,0.6785714285714286
5845,0.6785714285714286
5846,0.6785714285714286
5847,0.6785714285714286
5848,0.6785714285714286
5849,0.6785714285714286
5850,0.5208333333333334
5851,1.7860576923076923
5852,2.032451923076923
5853,0.847027972027972
5854,0.948076923076923
5855,0.8108974358974359
5856,1.1758241758241759
5857,0.6785714285714286
5858,1.3161057692307692
5859,1.3161057692307692
5860,1.3161057692307692
5861,1.3161057692307692
5862,1.3161057692307692
5863,1.3161057692307692
5864,1.3161057692307692
5865,0.6372377622377622
5866,0.6372377622377622
5867,0.6372377622377622
5868,0.6372377622377622
5869,0.6372377622377622
5870,0.6372377622377622
5871,0.6372377622377622
5872,0.6372377622377622
5873,0.6372377622377622
5874,0.6372377622377622
5875,2.183894230769231
5876,2.183894230769231
5877,2.183894230769231
5878,2.183894230769231
5879,2.183894230769231
5880,2.183894230769231
5881,2.183894230769231
5882,0.421474358974359
5883,0.421474358974359
5884,0.421474358974359
5885,0.421474358974359
5886,0.421474358974359
5887,1.3413461538461537
5888,1.3413461538461537
5889,1.3413461538461537
5890,1.3413461538461537
5891,1.3413461538461537
5892,0.26346153846153847
5893,0.26346153846153847
5894,0.26346153846153847
5895,0.26346153846153847
5896,0.6497252747252747
5897,0.6497252747252747
5898,0.6497252747252747
5899,0.6497252747252747
5900,0.6497252747252747
5901,0.6497252747252747
5902,0.510989010989011
5903,0.510989010989011
5904,0.510989010989011
5905,0.510989010989011
5906,0.510989010989011
5907,0.510989010989011
5908,0.421474358974359
5909,1.3161057692307692
5910,2.183894230769231
5911,0.6372377622377622
5912,0.26346153846153847
5913,1.3413461538461537
5914,0.6497252747252747
5915,0.510989010989011
5916,1.9915865384615385
5917,1.9915865384615385
5918,1.9915865384615385
5919,1.9915865384615385
5920,1.9915865384615385
5921,1.9915865384615385
5922,1.9915865384615385
5923,0.8444055944055944
5924,0.8444055944055944
5925,0.8444055944055944
5926,0.8444055944055944
5927,0.8444055944055944
5928,0.8444055944055944
5929,0.8444055944055944
5930,0.8444055944055944
5931,0.8444055944055944
5932,0.8444055944055944
5933,3.9399038461538463
5934,3.9399038461538463
5935,3.9399038461538463
5936,3.9399038461538463
5937,3.9399038461538463
5938,3.9399038461538463
5939,3.9399038461538463
5940,0.8541666666666666
5941,0.8541666666666666
5942,0.8541666666666666
5943,0.8541666666666666
5944,0.8541666666666666
5945,1.1314102564102564
5946,1.1314102564102564
5947,1.1314102564102564
5948,1.1314102564102564
5949,1.1314102564102564
5950,0.6461538461538462
5951,0.6461538461538462
5952,0.6461538461538462
5953,0.6461538461538462
5954,1.1524725274725274
5955,1.1524725274725274
5956,1.1524725274725274
5957,1.1524725274725274
5958,1.1524725274725274
5959,1.1524725274725274
5960,0.7760989010989011
5961,0.7760989010989011
5962,0.7760989010989011
5963,0.7760989010989011
5964,0.7760989010989011
5965,0.7760989010989011
5966,0.8541666666666666
5967,1.9915865384615385
5968,3.9399038461538463
5969,0.8444055944055944
5970,0.6461538461538462
5971,1.1314102564102564
5972,1.1524725274725274
5973,0.7760989010989011
5974,1.7980769230769231
5975,1.7980769230769231
5976,1.7980769230769231
5977,1.7980769230769231
5978,1.7980769230769231
5979,1.7980769230769231
5980,1.7980769230769231
5981,0.5445804195804196
5982,0.5445804195804196
5983,0.5445804195804196
5984,0.5445804195804196
5985,0.5445804195804196
5986,0.5445804195804196
5987,0.5445804195804196
5988,0.5445804195804196
5989,0.5445804195804196
5990,0.5445804195804196
5991,2.2247596153846154
5992,2.2247596153846154
5993,2.2247596153846154
5994,2.2247596153846154
5995,2.2247596153846154
5996,2.2247596153846154
5997,2.2247596153846154
5998,0.7387820512820513
5999,0.7387820512820513
6000,0.7387820512820513
6001,0.7387820512820513
6002,0.7387820512820513
6003,0.9647435897435898
6004,0.9647435897435898
6005,0.9647435897435898
6006,0.9647435897435898
6007,0.9647435897435898
6008,0.5403846153846154
6009,0.5403846153846154
6010,0.5403846153846154
6011,0.5403846153846154
6012,1.206043956043956
6013,1.206043956043956
6014,1.206043956043956
6015,1.206043956043956
6016,1.206043956043956
6017,1.206043956043956
6018,0.9931318681318682
6019,0.9931318681318682
6020,0.9931318681318682
6021,0.9931318681318682
6022,0.9931318681318682
6023,0.9931318681318682
6024,0.7387820512820513
6025,1.7980769230769231
6026,2.2247596153846154
6027,0.5445804195804196
6028,0.5403846153846154
6029,0.9647435897435898
6030,1.206043956043956
6031,0.9931318681318682
6032,2.4735576923076925
6033,2.4735576923076925
6034,2.4735576923076925
6035,2.4735576923076925
6036,2.4735576923076925
6037,2.4735576923076925
6038,2.4735576923076925
6039,1.6993006993006994
6040,1.6993006993006994
6041,1.6993006993006994
6042,1.6993006993006994
6043,1.6993006993006994
6044,1.6993006993006994
6045,1.6993006993006994
6046,1.6993006993006994
6047,1.6993006993006994
6048,1.6993006993006994
6049,4.550480769230769
6050,4.550480769230769
6051,4.550480769230769
6052,4.550480769230769
6053,4.550480769230769
6054,4.550480769230769
6055,4.550480769230769
6056,1.1875
6057,1.1875
6058,1.1875
6059,1.1875
6060,1.1875
6061,2.0673076923076925
6062,2.0673076923076925
6063,2.0673076923076925
6064,2.0673076923076925
6065,2.0673076923076925
6066,1.396153846153846
6067,1.396153846153846
6068,1.396153846153846
6069,1.396153846153846
6070,2.2005494505494507
6071,2.2005494505494507
6072,2.2005494505494507
6073,2.2005494505494507
6074,2.2005494505494507
6075,2.2005494505494507
6076,1.2912087912087913
6077,1.2912087912087913
6078,1.2912087912087913
6079,1.2912087912087913
6080,1.2912087912087913
6081,1.2912087912087913
6082,1.1875
6083,2.4735576923076925
6084,4.550480769230769
6085,1.6993006993006994
6086,1.396153846153846
6087,2.0673076923076925
6088,2.2005494505494507
6089,1.2912087912087913
6090,1.9435096153846154
6091,1.9435096153846154
6092,1.9435096153846154
6093,1.9435096153846154
6094,1.9435096153846154
6095,1.9435096153846154
6096,1.9435096153846154
6097,1.208916083916084
6098,1.208916083916084
6099,1.208916083916084
6100,1.208916083916084
6101,1.208916083916084
6102,1.208916083916084
6103,1.208916083916084
6104,1.208916083916084
6105,1.208916083916084
6106,1.208916083916084
6107,3.9471153846153846
6108,3.9471153846153846
6109,3.9471153846153846
6110,3.9471153846153846
6111,3.9471153846153846
6112,3.9471153846153846
6113,3.9471153846153846
6114,0.8717948717948718
6115,0.8717948717948718
6116,0.8717948717948718
6117,0.8717948717948718
6118,0.8717948717948718
6119,1.2451923076923077
6120,1.2451923076923077
6121,1.2451923076923077
6122,1.2451923076923077
6123,1.2451923076923077
6124,0.6423076923076924
6125,0.6423076923076924
6126,0.6423076923076924
6127,0.6423076923076924
6128,1.0164835164835164
6129,1.0164835164835164
6130,1.0164835164835164
6131,1.0164835164835164
6132,1.0164835164835164
6133,1.0164835164835164
6134,0.5755494505494505
6135,0.5755494505494505
6136,0.5755494505494505
6137,0.5755494505494505
6138,0.5755494505494505
6139,0.5755494505494505
6140,0.8717948717948718
6141,1.9435096153846154
6142,3.9471153846153846
6143,1.208916083916084
6144,0.6423076923076924
6145,1.2451923076923077
6146,1.0164835164835164
6147,0.5755494505494505
6148,1.2415865384615385
6149,1.2415865384615385
6150,1.2415865384615385
6151,1.2415865384615385
6152,1.2415865384615385
6153,1.2415865384615385
6154,1.2415865384615385
6155,1.007867132867133
6156,1.007867132867133
6157,1.007867132867133
6158,1.007867132867133
6159,1.007867132867133
6160,1.007867132867133
6161,1.007867132867133
6162,1.007867132867133
6163,1.007867132867133
6164,1.007867132867133
6165,2.2211538461538463
6166,2.2211538461538463
6167,2.2211538461538463
6168,2.2211538461538463
6169,2.2211538461538463
6170,2.2211538461538463
6171,2.2211538461538463
6172,0.47596153846153844
6173,0.47596153846153844
6174,0.47596153846153844
6175,0.47596153846153844
6176,0.47596153846153844
6177,0.9775641025641025
6178,0.9775641025641025
6179,0.9775641025641025
6180,0.9775641025641025
6181,0.9775641025641025
6182,1.1576923076923078
6183,1.1576923076923078
6184,1.1576923076923078
6185,1.1576923076923078
6186,1.1414835164835164
6187,1.1414835164835164
6188,1.1414835164835164
6189,1.1414835164835164
6190,1.1414835164835164
6191,1.1414835164835164
6192,0.614010989010989
6193,0.614010989010989
6194,0.614010989010989
6195,0.614010989010989
6196,0.614010989010989
6197,0.614010989010989
6198,0.47596153846153844
6199,1.2415865384615385
6200,2.2211538461538463
6201,1.007867132867133
6202,1.1576923076923078
6203,0.9775641025641025
6204,1.1414835164835164
6205,0.614010989010989
6206,1.0913461538461537
6207,1.0913461538461537
6208,1.0913461538461537
6209,1.0913461538461537
6210,1.0913461538461537
6211,1.0913461538461537
6212,1.0913461538461537
6213,0.5506993006993007
6214,0.5506993006993007
6215,0.5506993006993007
6216,0.5506993006993007
6217,0.5506993006993007
6218,0.5506993006993007
6219,0.5506993006993007
6220,0.5506993006993007
6221,0.5506993006993007
6222,0.5506993006993007
6223,1.765625
6224,1.765625
6225,1.765625
6226,1.765625
6227,1.765625
6228,1.765625
6229,1.765625
6230,0.49038461538461536
6231,0.49038461538461536
6232,0.49038461538461536
6233,0.49038461538461536
6234,0.49038461538461536
6235,1.0753205128205128
6236,1.0753205128205128
6237,1.0753205128205128
6238,1.0753205128205128
6239,1.0753205128205128
6240,0.7403846153846154
6241,0.7403846153846154
6242,0.7403846153846154
6243,0.7403846153846154
6244,1.0494505494505495
6245,1.0494505494505495
6246,1.0494505494505495
6247,1.0494505494505495
6248,1.0494505494505495
6249,1.0494505494505495
6250,0.5508241758241759
6251,0.5508241758241759
6252,0.5508241758241759
6253,0.5508241758241759
6254,0.5508241758241759
6255,0.5508241758241759
6256,0.49038461538461536
6257,1.0913461538461537
6258,1.765625
6259,0.5506993006993007
6260,0.7403846153846154
6261,1.0753205128205128
6262,1.0494505494505495
6263,0.5508241758241759
6264,2.034855769230769
6265,2.034855769230769
6266,2.034855769230769
6267,2.034855769230769
6268,2.034855769230769
6269,2.034855769230769
6270,2.034855769230769
6271,1.194055944055944
6272,1.194055944055944
6273,1.194055944055944
6274,1.194055944055944
6275,1.194055944055944
6276,1.194055944055944
6277,1.194055944055944
6278,1.194055944055944
6279,1.194055944055944
6280,1.194055944055944
6281,3.7079326923076925
6282,3.7079326923076925
6283,3.7079326923076925
6284,3.7079326923076925
6285,3.7079326923076925
6286,3.7079326923076925
6287,3.7079326923076925
6288,0.7355769230769231
6289,0.7355769230769231
6290,0.7355769230769231
6291,0.7355769230769231
6292,0.7355769230769231
6293,0.9823717948717948
6294,0.9823717948717948
6295,0.9823717948717948
6296,0.9823717948717948
6297,0.9823717948717948
6298,0.6461538461538462
6299,0.6461538461538462
6300,0.6461538461538462
6301,0.6461538461538462
6302,1.879120879120879
6303,1.879120879120879
6304,1.879120879120879
6305,1.879120879120879
6306,1.879120879120879
6307,1.879120879120879
6308,0.6098901098901099
6309,0.6098901098901099
6310,0.6098901098901099
6311,0.6098901098901099
6312,0.6098901098901099
6313,0.6098901098901099
6314,0.7355769230769231
6315,2.034855769230769
6316,3.7079326923076925
6317,1.194055944055944
6318,0.6461538461538462
6319,0.9823717948717948
6320,1.879120879120879
6321,0.6098901098901099
6322,0.984375
6323,0.984375
6324,0.984375
6325,0.984375
6326,0.984375
6327,0.984375
6328,0.984375
6329,0.6783216783216783
6330,0.6783216783216783
6331,0.6783216783216783
6332,0.6783216783216783
6333,0.6783216783216783
6334,0.6783216783216783
6335,0.6783216783216783
6336,0.6783216783216783
6337,0.6783216783216783
6338,0.6783216783216783
6339,2.594951923076923
6340,2.594951923076923
6341,2.594951923076923
6342,2.594951923076923
6343,2.594951923076923
6344,2.594951923076923
6345,2.594951923076923
6346,0.5849358974358975
6347,0.5849358974358975
6348,0.5849358974358975
6349,0.5849358974358975
6350,0.5849358974358975
6351,1.0400641025641026
6352,1.0400641025641026
6353,1.0400641025641026
6354,1.0400641025641026
6355,1.0400641025641026
6356,0.7230769230769231
6357,0.7230769230769231
6358,0.7230769230769231
6359,0.7230769230769231
6360,1.2293956043956045
6361,1.2293956043956045
6362,1.2293956043956045
6363,1.2293956043956045
6364,1.2293956043956045
6365,1.2293956043956045
6366,0.4725274725274725
6367,0.4725274725274725
6368,0.4725274725274725
6369,0.4725274725274725
6370,0.4725274725274725
6371,0.4725274725274725
6372,0.5849358974358975
6373,0.984375
6374,2.594951923076923
6375,0.6783216783216783
6376,0.7230769230769231
6377,1.0400641025641026
6378,1.2293956043956045
6379,0.4725274725274725
6380,2.1432038834951457
6381,2.1432038834951457
6382,2.1432038834951457
6383,2.1432038834951457
6384,2.1432038834951457
6385,2.1432038834951457
6386,2.1432038834951457
6387,0.942630185348632
6388,0.942630185348632
6389,0.942630185348632
6390,0.942630185348632
6391,0.942630185348632
6392,0.942630185348632
6393,0.942630185348632
6394,0.942630185348632
6395,0.942630185348632
6396,0.942630185348632
6397,2.496359223300971
6398,2.496359223300971
6399,2.496359223300971
6400,2.496359223300971
6401,2.496359223300971
6402,2.496359223300971
6403,2.496359223300971
6404,0.6521035598705501
6405,0.6521035598705501
6406,0.6521035598705501
6407,0.6521035598705501
6408,0.6521035598705501
6409,1.0129449838187703
6410,1.0129449838187703
6411,1.0129449838187703
6412,1.0129449838187703
6413,1.0129449838187703
6414,0.8407766990291262
6415,0.8407766990291262
6416,0.8407766990291262
6417,0.8407766990291262
6418,1.2565880721220528
6419,1.2565880721220528
6420,1.2565880721220528
6421,1.2565880721220528
6422,1.2565880721220528
6423,1.2565880721220528
6424,0.7337031900138696
6425,0.7337031900138696
6426,0.7337031900138696
6427,0.7337031900138696
6428,0.7337031900138696
6429,0.7337031900138696
6430,0.6521035598705501
6431,2.1432038834951457
6432,2.496359223300971
6433,0.942630185348632
6434,0.8407766990291262
6435,1.0129449838187703
6436,1.2565880721220528
6437,0.7337031900138696
6438,1.441747572815534
6439,1.441747572815534
6440,1.441747572815534
6441,1.441747572815534
6442,1.441747572815534
6443,1.441747572815534
6444,1.441747572815534
6445,0.76522506619594
6446,0.76522506619594
6447,0.76522506619594
6448,0.76522506619594
6449,0.76522506619594
6450,0.76522506619594
6451,0.76522506619594
6452,0.76522506619594
6453,0.76522506619594
6454,0.76522506619594
6455,2.3228155339805827
6456,2.3228155339805827
6457,2.3228155339805827
6458,2.3228155339805827
6459,2.3228155339805827
6460,2.3228155339805827
6461,2.3228155339805827
6462,0.4174757281553398
6463,0.4174757281553398
6464,0.4174757281553398
6465,0.4174757281553398
6466,0.4174757281553398
6467,1.1796116504854368
6468,1.1796116504854368
6469,1.1796116504854368
6470,1.1796116504854368
6471,1.1796116504854368
6472,0.29902912621359223
6473,0.29902912621359223
6474,0.29902912621359223
6475,0.29902912621359223
6476,0.7170596393897365
6477,0.7170596393897365
6478,0.7170596393897365
6479,0.7170596393897365
6480,0.7170596393897365
6481,0.7170596393897365
6482,0.5228848821081831
6483,0.5228848821081831
6484,0.5228848821081831
6485,0.5228848821081831
6486,0.5228848821081831
6487,0.5228848821081831
6488,0.4174757281553398
6489,1.441747572815534
6490,2.3228155339805827
6491,0.76522506619594
6492,0.29902912621359223
6493,1.1796116504854368
6494,0.7170596393897365
6495,0.5228848821081831
6496,2.3398058252427183
6497,2.3398058252427183
6498,2.3398058252427183
6499,2.3398058252427183
6500,2.3398058252427183
6501,2.3398058252427183
6502,2.3398058252427183
6503,1.085613415710503
6504,1.085613415710503
6505,1.085613415710503
6506,1.085613415710503
6507,1.085613415710503
6508,1.085613415710503
6509,1.085613415710503
6510,1.085613415710503
6511,1.085613415710503
6512,1.085613415710503
6513,4.530339805825243
6514,4.530339805825243
6515,4.530339805825243
6516,4.530339805825243
6517,4.530339805825243
6518,4.530339805825243
6519,4.530339805825243
6520,1.1019417475728155
6521,1.1019417475728155
6522,1.1019417475728155
6523,1.1019417475728155
6524,1.1019417475728155
6525,1.27831715210356
6526,1.27831715210356
6527,1.27831715210356
6528,1.27831715210356
6529,1.27831715210356
6530,0.9067961165048544
6531,0.9067961165048544
6532,0.9067961165048544
6533,0.9067961165048544
6534,1.4285714285714286
6535,1.4285714285714286
6536,1.4285714285714286
6537,1.4285714285714286
6538,1.4285714285714286
6539,1.4285714285714286
6540,0.984743411927878
6541,0.984743411927878
6542,0.984743411927878
6543,0.984743411927878
6544,0.984743411927878
6545,0.984743411927878
6546,1.1019417475728155
6547,2.3398058252427183
6548,4.530339805825243
6549,1.085613415710503
6550,0.9067961165048544
6551,1.27831715210356
6552,1.4285714285714286
6553,0.984743411927878
6554,2.224514563106796
6555,2.224514563106796
6556,2.224514563106796
6557,2.224514563106796
6558,2.224514563106796
6559,2.224514563106796
6560,2.224514563106796
6561,0.7625772285966461
6562,0.7625772285966461
6563,0.7625772285966461
6564,0.7625772285966461
6565,0.7625772285966461
6566,0.7625772285966461
6567,0.7625772285966461
6568,0.7625772285966461
6569,0.7625772285966461
6570,0.7625772285966461
6571,2.6432038834951457
6572,2.6432038834951457
6573,2.6432038834951457
6574,2.6432038834951457
6575,2.6432038834951457
6576,2.6432038834951457
6577,2.6432038834951457
6578,0.8818770226537217
6579,0.8818770226537217
6580,0.8818770226537217
6581,0.8818770226537217
6582,0.8818770226537217
6583,1.0825242718446602
6584,1.0825242718446602
6585,1.0825242718446602
6586,1.0825242718446602
6587,1.0825242718446602
6588,0.6601941747572816
6589,0.6601941747572816
6590,0.6601941747572816
6591,0.6601941747572816
6592,1.8016643550624134
6593,1.8016643550624134
6594,1.8016643550624134
6595,1.8016643550624134
6596,1.8016643550624134
6597,1.8016643550624134
6598,1.3120665742024966
6599,1.3120665742024966
6600,1.3120665742024966
6601,1.3120665742024966
6602,1.3120665742024966
6603,1.3120665742024966
6604,0.8818770226537217
6605,2.224514563106796
6606,2.6432038834951457
6607,0.7625772285966461
6608,0.6601941747572816
6609,1.0825242718446602
6610,1.8016643550624134
6611,1.3120665742024966
6612,2.7354368932038833
6613,2.7354368932038833
6614,2.7354368932038833
6615,2.7354368932038833
6616,2.7354368932038833
6617,2.7354368932038833
6618,2.7354368932038833
6619,1.7546337157987644
6620,1.7546337157987644
6621,1.7546337157987644
6622,1.7546337157987644
6623,1.7546337157987644
6624,1.7546337157987644
6625,1.7546337157987644
6626,1.7546337157987644
6627,1.7546337157987644
6628,1.7546337157987644
6629,4.660194174757281
6630,4.660194174757281
6631,4.660194174757281
6632,4.660194174757281
6633,4.660194174757281
6634,4.660194174757281
6635,4.660194174757281
6636,1.2249190938511327
6637,1.2249190938511327
6638,1.2249190938511327
6639,1.2249190938511327
6640,1.2249190938511327
6641,2.158576051779935
6642,2.158576051779935
6643,2.158576051779935
6644,2.158576051779935
6645,2.158576051779935
6646,1.3844660194174758
6647,1.3844660194174758
6648,1.3844660194174758
6649,1.3844660194174758
6650,2.334257975034674
6651,2.334257975034674
6652,2.334257975034674
6653,2.334257975034674
6654,2.334257975034674
6655,2.334257975034674
6656,1.418862690707351
6657,1.418862690707351
6658,1.418862690707351
6659,1.418862690707351
6660,1.418862690707351
6661,1.418862690707351
6662,1.2249190938511327
6663,2.7354368932038833
6664,4.660194174757281
6665,1.7546337157987644
6666,1.3844660194174758
6667,2.158576051779935
6668,2.334257975034674
6669,1.418862690707351
6670,2.4478155339805827
6671,2.4478155339805827
6672,2.4478155339805827
6673,2.4478155339805827
6674,2.4478155339805827
6675,2.4478155339805827
6676,2.4478155339805827
6677,1.440423654015887
6678,1.440423654015887
6679,1.440423654015887
6680,1.440423654015887
6681,1.440423654015887
6682,1.440423654015887
6683,1.440423654015887
6684,1.440423654015887
6685,1.440423654015887
6686,1.440423654015887
6687,4.87378640776699
6688,4.87378640776699
6689,4.87378640776699
6690,4.87378640776699
6691,4.87378640776699
6692,4.87378640776699
6693,4.87378640776699
6694,0.9805825242718447
6695,0.9805825242718447
6696,0.9805825242718447
6697,0.9805825242718447
6698,0.9805825242718447
6699,1.825242718446602
6700,1.825242718446602
6701,1.825242718446602
6702,1.825242718446602
6703,1.825242718446602
6704,0.7126213592233009
6705,0.7126213592233009
6706,0.7126213592233009
6707,0.7126213592233009
6708,1.375866851595007
6709,1.375866851595007
6710,1.375866851595007
6711,1.375866851595007
6712,1.375866851595007
6713,1.375866851595007
6714,0.7309292649098474
6715,0.7309292649098474
6716,0.7309292649098474
6717,0.7309292649098474
6718,0.7309292649098474
6719,0.7309292649098474
6720,0.9805825242718447
6721,2.4478155339805827
6722,4.87378640776699
6723,1.440423654015887
6724,0.7126213592233009
6725,1.825242718446602
6726,1.375866851595007
6727,0.7309292649098474
6728,1.3774271844660195
6729,1.3774271844660195
6730,1.3774271844660195
6731,1.3774271844660195
6732,1.3774271844660195
6733,1.3774271844660195
6734,1.3774271844660195
6735,1.031774051191527
6736,1.031774051191527
6737,1.031774051191527
6738,1.031774051191527
6739,1.031774051191527
6740,1.031774051191527
6741,1.031774051191527
6742,1.031774051191527
6743,1.031774051191527
6744,1.031774051191527
6745,2.229368932038835
6746,2.229368932038835
6747,2.229368932038835
6748,2.229368932038835
6749,2.229368932038835
6750,2.229368932038835
6751,2.229368932038835
6752,0.42071197411003236
6753,0.42071197411003236
6754,0.42071197411003236
6755,0.42071197411003236
6756,0.42071197411003236
6757,0.9530744336569579
6758,0.9530744336569579
6759,0.9530744336569579
6760,0.9530744336569579
6761,0.9530744336569579
6762,0.9902912621359223
6763,0.9902912621359223
6764,0.9902912621359223
6765,0.9902912621359223
6766,1.31622746185853
6767,1.31622746185853
6768,1.31622746185853
6769,1.31622746185853
6770,1.31622746185853
6771,1.31622746185853
6772,0.7794729542302358
6773,0.7794729542302358
6774,0.7794729542302358
6775,0.7794729542302358
6776,0.7794729542302358
6777,0.7794729542302358
6778,0.42071197411003236
6779,1.3774271844660195
6780,2.229368932038835
6781,1.031774051191527
6782,0.9902912621359223
6783,0.9530744336569579
6784,1.31622746185853
6785,0.7794729542302358
6786,1.366504854368932
6787,1.366504854368932
6788,1.366504854368932
6789,1.366504854368932
6790,1.366504854368932
6791,1.366504854368932
6792,1.366504854368932
6793,0.6981465136804943
6794,0.6981465136804943
6795,0.6981465136804943
6796,0.6981465136804943
6797,0.6981465136804943
6798,0.6981465136804943
6799,0.6981465136804943
6800,0.6981465136804943
6801,0.6981465136804943
6802,0.6981465136804943
6803,1.8058252427184467
6804,1.8058252427184467
6805,1.8058252427184467
6806,1.8058252427184467
6807,1.8058252427184467
6808,1.8058252427184467
6809,1.8058252427184467
6810,0.4919093851132686
6811,0.4919093851132686
6812,0.4919093851132686
6813,0.4919093851132686
6814,0.4919093851132686
6815,0.8478964401294499
6816,0.8478964401294499
6817,0.8478964401294499
6818,0.8478964401294499
6819,0.8478964401294499
6820,0.8388349514563107
6821,0.8388349514563107
6822,0.8388349514563107
6823,0.8388349514563107
6824,1.248266296809986
6825,1.248266296809986
6826,1.248266296809986
6827,1.248266296809986
6828,1.248266296809986
6829,1.248266296809986
6830,0.6504854368932039
6831,0.6504854368932039
6832,0.6504854368932039
6833,0.6504854368932039
6834,0.6504854368932039
6835,0.6504854368932039
6836,0.4919093851132686
6837,1.366504854368932
6838,1.8058252427184467
6839,0.6981465136804943
6840,0.8388349514563107
6841,0.8478964401294499
6842,1.248266296809986
6843,0.6504854368932039
6844,2.3216019417475726
6845,2.3216019417475726
6846,2.3216019417475726
6847,2.3216019417475726
6848,2.3216019417475726
6849,2.3216019417475726
6850,2.3216019417475726
6851,1.3742277140335393
6852,1.3742277140335393
6853,1.3742277140335393
6854,1.3742277140335393
6855,1.3742277140335393
6856,1.3742277140335393
6857,1.3742277140335393
6858,1.3742277140335393
6859,1.3742277140335393
6860,1.3742277140335393
6861,3.996359223300971
6862,3.996359223300971
6863,3.996359223300971
6864,3.996359223300971
6865,3.996359223300971
6866,3.996359223300971
6867,3.996359223300971
6868,0.7168284789644013
6869,0.7168284789644013
6870,0.7168284789644013
6871,0.7168284789644013
6872,0.7168284789644013
6873,0.9368932038834952
6874,0.9368932038834952
6875,0.9368932038834952
6876,0.9368932038834952
6877,0.9368932038834952
6878,0.7844660194174757
6879,0.7844660194174757
6880,0.7844660194174757
6881,0.7844660194174757
6882,2.090152565880721
6883,2.090152565880721
6884,2.090152565880721
6885,2.090152565880721
6886,2.090152565880721
6887,2.090152565880721
6888,0.6199722607489597
6889,0.6199722607489597
6890,0.6199722607489597
6891,0.6199722607489597
6892,0.6199722607489597
6893,0.6199722607489597
6894,0.7168284789644013
6895,2.3216019417475726
6896,3.996359223300971
6897,1.3742277140335393
6898,0.7844660194174757
6899,0.9368932038834952
6900,2.090152565880721
6901,0.6199722607489597
6902,1.2851941747572815
6903,1.2851941747572815
6904,1.2851941747572815
6905,1.2851941747572815
6906,1.2851941747572815
6907,1.2851941747572815
6908,1.2851941747572815
6909,0.855251544571933
6910,0.855251544571933
6911,0.855251544571933
6912,0.855251544571933
6913,0.855251544571933
6914,0.855251544571933
6915,0.855251544571933
6916,0.855251544571933
6917,0.855251544571933
6918,0.855251544571933
6919,2.7524271844660193
6920,2.7524271844660193
6921,2.7524271844660193
6922,2.7524271844660193
6923,2.7524271844660193
6924,2.7524271844660193
6925,2.7524271844660193
6926,0.656957928802589
6927,0.656957928802589
6928,0.656957928802589
6929,0.656957928802589
6930,0.656957928802589
6931,1.2475728155339805
6932,1.2475728155339805
6933,1.2475728155339805
6934,1.2475728155339805
6935,1.2475728155339805
6936,0.7495145631067961
6937,0.7495145631067961
6938,0.7495145631067961
6939,0.7495145631067961
6940,1.5270457697642164
6941,1.5270457697642164
6942,1.5270457697642164
6943,1.5270457697642164
6944,1.5270457697642164
6945,1.5270457697642164
6946,0.49930651872399445
6947,0.49930651872399445
6948,0.49930651872399445
6949,0.49930651872399445
6950,0.49930651872399445
6951,0.49930651872399445
6952,0.656957928802589
6953,1.2851941747572815
6954,2.7524271844660193
6955,0.855251544571933
6956,0.7495145631067961
6957,1.2475728155339805
6958,1.5270457697642164
6959,0.49930651872399445
6960,2.1622596153846154
6961,2.1622596153846154
6962,2.1622596153846154
6963,2.1622596153846154
6964,2.1622596153846154
6965,2.1622596153846154
6966,2.1622596153846154
6967,1.0926573426573427
6968,1.0926573426573427
6969,1.0926573426573427
6970,1.0926573426573427
6971,1.0926573426573427
6972,1.0926573426573427
6973,1.0926573426573427
6974,1.0926573426573427
6975,1.0926573426573427
6976,1.0926573426573427
6977,2.668269230769231
6978,2.668269230769231
6979,2.668269230769231
6980,2.668269230769231
6981,2.668269230769231
6982,2.668269230769231
6983,2.668269230769231
6984,0.719551282051282
6985,0.719551282051282
6986,0.719551282051282
6987,0.719551282051282
6988,0.719551282051282
6989,1.0384615384615385
6990,1.0384615384615385
6991,1.0384615384615385
6992,1.0384615384615385
6993,1.0384615384615385
6994,0.8115384615384615
6995,0.8115384615384615
6996,0.8115384615384615
6997,0.8115384615384615
6998,1.4931318681318682
6999,1.4931318681318682
7000,1.4931318681318682
7001,1.4931318681318682
7002,1.4931318681318682
7003,1.4931318681318682
7004,0.8475274725274725
7005,0.8475274725274725
7006,0.8475274725274725
7007,0.8475274725274725
7008,0.8475274725274725
7009,0.8475274725274725
7010,0.719551282051282
7011,2.1622596153846154
7012,2.668269230769231
7013,1.0926573426573427
7014,0.8115384615384615
7015,1.0384615384615385
7016,1.4931318681318682
7017,0.8475274725274725
7018,1.3293269230769231
7019,1.3293269230769231
7020,1.3293269230769231
7021,1.3293269230769231
7022,1.3293269230769231
7023,1.3293269230769231
7024,1.3293269230769231
7025,0.916083916083916
7026,0.916083916083916
7027,0.916083916083916
7028,0.916083916083916
7029,0.916083916083916
7030,0.916083916083916
7031,0.916083916083916
7032,0.916083916083916
7033,0.916083916083916
7034,0.916083916083916
7035,2.592548076923077
7036,2.592548076923077
7037,2.592548076923077
7038,2.592548076923077
7039,2.592548076923077
7040,2.592548076923077
7041,2.592548076923077
7042,0.5625
7043,0.5625
7044,0.5625
7045,0.5625
7046,0.5625
7047,1.205128205128205
7048,1.205128205128205
7049,1.205128205128205
7050,1.205128205128205
7051,1.205128205128205
7052,0.25
7053,0.25
7054,0.25
7055,0.25
7056,0.8337912087912088
7057,0.8337912087912088
7058,0.8337912087912088
7059,0.8337912087912088
7060,0.8337912087912088
7061,0.8337912087912088
7062,0.4945054945054945
7063,0.4945054945054945
7064,0.4945054945054945
7065,0.4945054945054945
7066,0.4945054945054945
7067,0.4945054945054945
7068,0.5625
7069,1.3293269230769231
7070,2.592548076923077
7071,0.916083916083916
7072,0.25
7073,1.205128205128205
7074,0.8337912087912088
7075,0.4945054945054945
7076,2.532451923076923
7077,2.532451923076923
7078,2.532451923076923
7079,2.532451923076923
7080,2.532451923076923
7081,2.532451923076923
7082,2.532451923076923
7083,1.2194055944055944
7084,1.2194055944055944
7085,1.2194055944055944
7086,1.2194055944055944
7087,1.2194055944055944
7088,1.2194055944055944
7089,1.2194055944055944
7090,1.2194055944055944
7091,1.2194055944055944
7092,1.2194055944055944
7093,5.092548076923077
7094,5.092548076923077
7095,5.092548076923077
7096,5.092548076923077
7097,5.092548076923077
7098,5.092548076923077
7099,5.092548076923077
7100,1.3317307692307692
7101,1.3317307692307692
7102,1.3317307692307692
7103,1.3317307692307692
7104,1.3317307692307692
7105,1.6875
7106,1.6875
7107,1.6875
7108,1.6875
7109,1.6875
7110,1.1115384615384616
7111,1.1115384615384616
7112,1.1115384615384616
7113,1.1115384615384616
7114,1.9313186813186813
7115,1.9313186813186813
7116,1.9313186813186813
7117,1.9313186813186813
7118,1.9313186813186813
7119,1.9313186813186813
7120,1.1085164835164836
7121,1.1085164835164836
7122,1.1085164835164836
7123,1.1085164835164836
7124,1.1085164835164836
7125,1.1085164835164836
7126,1.3317307692307692
7127,2.532451923076923
7128,5.092548076923077
7129,1.2194055944055944
7130,1.1115384615384616
7131,1.6875
7132,1.9313186813186813
7133,1.1085164835164836
7134,2.3353365384615383
7135,2.3353365384615383
7136,2.3353365384615383
7137,2.3353365384615383
7138,2.3353365384615383
7139,2.3353365384615383
7140,2.3353365384615383
7141,0.8863636363636364
7142,0.8863636363636364
7143,0.8863636363636364
7144,0.8863636363636364
7145,0.8863636363636364
7146,0.8863636363636364
7147,0.8863636363636364
7148,0.8863636363636364
7149,0.8863636363636364
7150,0.8863636363636364
7151,2.9459134615384617
7152,2.9459134615384617
7153,2.9459134615384617
7154,2.9459134615384617
7155,2.9459134615384617
7156,2.9459134615384617
7157,2.9459134615384617
7158,1.0833333333333333
7159,1.0833333333333333
7160,1.0833333333333333
7161,1.0833333333333333
7162,1.0833333333333333
7163,1.4695512820512822
7164,1.4695512820512822
7165,1.4695512820512822
7166,1.4695512820512822
7167,1.4695512820512822
7168,0.7942307692307692
7169,0.7942307692307692
7170,0.7942307692307692
7171,0.7942307692307692
7172,2.2252747252747254
7173,2.2252747252747254
7174,2.2252747252747254
7175,2.2252747252747254
7176,2.2252747252747254
7177,2.2252747252747254
7178,1.6662087912087913
7179,1.6662087912087913
7180,1.6662087912087913
7181,1.6662087912087913
7182,1.6662087912087913
7183,1.6662087912087913
7184,1.0833333333333333
7185,2.3353365384615383
7186,2.9459134615384617
7187,0.8863636363636364
7188,0.7942307692307692
7189,1.4695512820512822
7190,2.2252747252747254
7191,1.6662087912087913
7192,2.9903846153846154
7193,2.9903846153846154
7194,2.9903846153846154
7195,2.9903846153846154
7196,2.9903846153846154
7197,2.9903846153846154
7198,2.9903846153846154
7199,2.102272727272727
7200,2.102272727272727
7201,2.102272727272727
7202,2.102272727272727
7203,2.102272727272727
7204,2.102272727272727
7205,2.102272727272727
7206,2.102272727272727
7207,2.102272727272727
7208,2.102272727272727
7209,4.896634615384615
7210,4.896634615384615
7211,4.896634615384615
7212,4.896634615384615
7213,4.896634615384615
7214,4.896634615384615
7215,4.896634615384615
7216,1.4246794871794872
7217,1.4246794871794872
7218,1.4246794871794872
7219,1.4246794871794872
7220,1.4246794871794872
7221,2.046474358974359
7222,2.046474358974359
7223,2.046474358974359
7224,2.046474358974359
7225,2.046474358974359
7226,1.4365384615384615
7227,1.4365384615384615
7228,1.4365384615384615
7229,1.4365384615384615
7230,2.8887362637362637
7231,2.8887362637362637
7232,2.8887362637362637
7233,2.8887362637362637
7234,2.8887362637362637
7235,2.8887362637362637
7236,1.6538461538461537
7237,1.6538461538461537
7238,1.6538461538461537
7239,1.6538461538461537
7240,1.6538461538461537
7241,1.6538461538461537
7242,1.4246794871794872
7243,2.9903846153846154
7244,4.896634615384615
7245,2.102272727272727
7246,1.4365384615384615
7247,2.046474358974359
7248,2.8887362637362637
7249,1.6538461538461537
7250,2.394230769230769
7251,2.394230769230769
7252,2.394230769230769
7253,2.394230769230769
7254,2.394230769230769
7255,2.394230769230769
7256,2.394230769230769
7257,1.6538461538461537
7258,1.6538461538461537
7259,1.6538461538461537
7260,1.6538461538461537
7261,1.6538461538461537
7262,1.6538461538461537
7263,1.6538461538461537
7264,1.6538461538461537
7265,1.6538461538461537
7266,1.6538461538461537
7267,5.138221153846154
7268,5.138221153846154
7269,5.138221153846154
7270,5.138221153846154
7271,5.138221153846154
7272,5.138221153846154
7273,5.138221153846154
7274,1.1217948717948718
7275,1.1217948717948718
7276,1.1217948717948718
7277,1.1217948717948718
7278,1.1217948717948718
7279,1.7804487179487178
7280,1.7804487179487178
7281,1.7804487179487178
7282,1.7804487179487178
7283,1.7804487179487178
7284,0.698076923076923
7285,0.698076923076923
7286,0.698076923076923
7287,0.698076923076923
7288,1.5206043956043955
7289,1.5206043956043955
7290,1.5206043956043955
7291,1.5206043956043955
7292,1.5206043956043955
7293,1.5206043956043955
7294,0.8351648351648352
7295,0.8351648351648352
7296,0.8351648351648352
7297,0.8351648351648352
7298,0.8351648351648352
7299,0.8351648351648352
7300,1.1217948717948718
7301,2.394230769230769
7302,5.138221153846154
7303,1.6538461538461537
7304,0.698076923076923
7305,1.7804487179487178
7306,1.5206043956043955
7307,0.8351648351648352
7308,1.2956730769230769
7309,1.2956730769230769
7310,1.2956730769230769
7311,1.2956730769230769
7312,1.2956730769230769
7313,1.2956730769230769
7314,1.2956730769230769
7315,1.319055944055944
7316,1.319055944055944
7317,1.319055944055944
7318,1.319055944055944
7319,1.319055944055944
7320,1.319055944055944
7321,1.319055944055944
7322,1.319055944055944
7323,1.319055944055944
7324,1.319055944055944
7325,2.4771634615384617
7326,2.4771634615384617
7327,2.4771634615384617
7328,2.4771634615384617
7329,2.4771634615384617
7330,2.4771634615384617
7331,2.4771634615384617
7332,0.5016025641025641
7333,0.5016025641025641
7334,0.5016025641025641
7335,0.5016025641025641
7336,0.5016025641025641
7337,1.108974358974359
7338,1.108974358974359
7339,1.108974358974359
7340,1.108974358974359
7341,1.108974358974359
7342,1.0903846153846153
7343,1.0903846153846153
7344,1.0903846153846153
7345,1.0903846153846153
7346,1.478021978021978
7347,1.478021978021978
7348,1.478021978021978
7349,1.478021978021978
7350,1.478021978021978
7351,1.478021978021978
7352,0.8076923076923077
7353,0.8076923076923077
7354,0.8076923076923077
7355,0.8076923076923077
7356,0.8076923076923077
7357,0.8076923076923077
7358,0.5016025641025641
7359,1.2956730769230769
7360,2.4771634615384617
7361,1.319055944055944
7362,1.0903846153846153
7363,1.108974358974359
7364,1.478021978021978
7365,0.8076923076923077
7366,1.3605769230769231
7367,1.3605769230769231
7368,1.3605769230769231
7369,1.3605769230769231
7370,1.3605769230769231
7371,1.3605769230769231
7372,1.3605769230769231
7373,0.9020979020979021
7374,0.9020979020979021
7375,0.9020979020979021
7376,0.9020979020979021
7377,0.9020979020979021
7378,0.9020979020979021
7379,0.9020979020979021
7380,0.9020979020979021
7381,0.9020979020979021
7382,0.9020979020979021
7383,1.7944711538461537
7384,1.7944711538461537
7385,1.7944711538461537
7386,1.7944711538461537
7387,1.7944711538461537
7388,1.7944711538461537
7389,1.7944711538461537
7390,0.5448717948717948
7391,0.5448717948717948
7392,0.5448717948717948
7393,0.5448717948717948
7394,0.5448717948717948
7395,0.9358974358974359
7396,0.9358974358974359
7397,0.9358974358974359
7398,0.9358974358974359
7399,0.9358974358974359
7400,0.85
7401,0.85
7402,0.85
7403,0.85
7404,1.4107142857142858
7405,1.4107142857142858
7406,1.4107142857142858
7407,1.4107142857142858
7408,1.4107142857142858
7409,1.4107142857142858
7410,0.7239010989010989
7411,0.7239010989010989
7412,0.7239010989010989
7413,0.7239010989010989
7414,0.7239010989010989
7415,0.7239010989010989
7416,0.5448717948717948
7417,1.3605769230769231
7418,1.7944711538461537
7419,0.9020979020979021
7420,0.85
7421,0.9358974358974359
7422,1.4107142857142858
7423,0.7239010989010989
7424,2.2560096153846154
7425,2.2560096153846154
7426,2.2560096153846154
7427,2.2560096153846154
7428,2.2560096153846154
7429,2.2560096153846154
7430,2.2560096153846154
7431,1.3994755244755244
7432,1.3994755244755244
7433,1.3994755244755244
7434,1.3994755244755244
7435,1.3994755244755244
7436,1.3994755244755244
7437,1.3994755244755244
7438,1.3994755244755244
7439,1.3994755244755244
7440,1.3994755244755244
7441,4.193509615384615
7442,4.193509615384615
7443,4.193509615384615
7444,4.193509615384615
7445,4.193509615384615
7446,4.193509615384615
7447,4.193509615384615
7448,0.6923076923076923
7449,0.6923076923076923
7450,0.6923076923076923
7451,0.6923076923076923
7452,0.6923076923076923
7453,0.8557692307692307
7454,0.8557692307692307
7455,0.8557692307692307
7456,0.8557692307692307
7457,0.8557692307692307
7458,0.5673076923076923
7459,0.5673076923076923
7460,0.5673076923076923
7461,0.5673076923076923
7462,1.9505494505494505
7463,1.9505494505494505
7464,1.9505494505494505
7465,1.9505494505494505
7466,1.9505494505494505
7467,1.9505494505494505
7468,0.6909340659340659
7469,0.6909340659340659
7470,0.6909340659340659
7471,0.6909340659340659
7472,0.6909340659340659
7473,0.6909340659340659
7474,0.6923076923076923
7475,2.2560096153846154
7476,4.193509615384615
7477,1.3994755244755244
7478,0.5673076923076923
7479,0.8557692307692307
7480,1.9505494505494505
7481,0.6909340659340659
7482,1.4362980769230769
7483,1.4362980769230769
7484,1.4362980769230769
7485,1.4362980769230769
7486,1.4362980769230769
7487,1.4362980769230769
7488,1.4362980769230769
7489,0.9309440559440559
7490,0.9309440559440559
7491,0.9309440559440559
7492,0.9309440559440559
7493,0.9309440559440559
7494,0.9309440559440559
7495,0.9309440559440559
7496,0.9309440559440559
7497,0.9309440559440559
7498,0.9309440559440559
7499,3.0649038461538463
7500,3.0649038461538463
7501,3.0649038461538463
7502,3.0649038461538463
7503,3.0649038461538463
7504,3.0649038461538463
7505,3.0649038461538463
7506,0.7692307692307693
7507,0.7692307692307693
7508,0.7692307692307693
7509,0.7692307692307693
7510,0.7692307692307693
7511,1.2083333333333333
7512,1.2083333333333333
7513,1.2083333333333333
7514,1.2083333333333333
7515,1.2083333333333333
7516,0.8096153846153846
7517,0.8096153846153846
7518,0.8096153846153846
7519,0.8096153846153846
7520,1.64010989010989
7521,1.64010989010989
7522,1.64010989010989
7523,1.64010989010989
7524,1.64010989010989
7525,1.64010989010989
7526,0.554945054945055
7527,0.554945054945055
7528,0.554945054945055
7529,0.554945054945055
7530,0.554945054945055
7531,0.554945054945055
7532,0.7692307692307693
7533,1.4362980769230769
7534,3.0649038461538463
7535,0.9309440559440559
7536,0.8096153846153846
7537,1.2083333333333333
7538,1.64010989010989
7539,0.554945054945055
7540,1.7956730769230769
7541,1.7956730769230769
7542,1.7956730769230769
7543,1.7956730769230769
7544,1.7956730769230769
7545,1.7956730769230769
7546,1.7956730769230769
7547,1.1713286713286712
7548,1.1713286713286712
7549,1.1713286713286712
7550,1.1713286713286712
7551,1.1713286713286712
7552,1.1713286713286712
7553,1.1713286713286712
7554,1.1713286713286712
7555,1.1713286713286712
7556,1.1713286713286712
7557,2.483173076923077
7558,2.483173076923077
7559,2.483173076923077
7560,2.483173076923077
7561,2.483173076923077
7562,2.483173076923077
7563,2.483173076923077
7564,0.7564102564102564
7565,0.7564102564102564
7566,0.7564102564102564
7567,0.7564102564102564
7568,0.7564102564102564
7569,0.9487179487179487
7570,0.9487179487179487
7571,0.9487179487179487
7572,0.9487179487179487
7573,0.9487179487179487
7574,0.85
7575,0.85
7576,0.85
7577,0.85
7578,1.3516483516483517
7579,1.3516483516483517
7580,1.3516483516483517
7581,1.3516483516483517
7582,1.3516483516483517
7583,1.3516483516483517
7584,0.739010989010989
7585,0.739010989010989
7586,0.739010989010989
7587,0.739010989010989
7588,0.739010989010989
7589,0.739010989010989
7590,0.7564102564102564
7591,1.7956730769230769
7592,2.483173076923077
7593,1.1713286713286712
7594,0.85
7595,0.9487179487179487
7596,1.3516483516483517
7597,0.739010989010989
7598,1.2716346153846154
7599,1.2716346153846154
7600,1.2716346153846154
7601,1.2716346153846154
7602,1.2716346153846154
7603,1.2716346153846154
7604,1.2716346153846154
7605,1.0131118881118881
7606,1.0131118881118881
7607,1.0131118881118881
7608,1.0131118881118881
7609,1.0131118881118881
7610,1.0131118881118881
7611,1.0131118881118881
7612,1.0131118881118881
7613,1.0131118881118881
7614,1.0131118881118881
7615,2.3774038461538463
7616,2.3774038461538463
7617,2.3774038461538463
7618,2.3774038461538463
7619,2.3774038461538463
7620,2.3774038461538463
7621,2.3774038461538463
7622,0.5961538461538461
7623,0.5961538461538461
7624,0.5961538461538461
7625,0.5961538461538461
7626,0.5961538461538461
7627,1.203525641025641
7628,1.203525641025641
7629,1.203525641025641
7630,1.203525641025641
7631,1.203525641025641
7632,0.3
7633,0.3
7634,0.3
7635,0.3
7636,0.8310439560439561
7637,0.8310439560439561
7638,0.8310439560439561
7639,0.8310439560439561
7640,0.8310439560439561
7641,0.8310439560439561
7642,0.46703296703296704
7643,0.46703296703296704
7644,0.46703296703296704
7645,0.46703296703296704
7646,0.46703296703296704
7647,0.46703296703296704
7648,0.5961538461538461
7649,1.2716346153846154
7650,2.3774038461538463
7651,1.0131118881118881
7652,0.3
7653,1.203525641025641
7654,0.8310439560439561
7655,0.46703296703296704
7656,2.144230769230769
7657,2.144230769230769
7658,2.144230769230769
7659,2.144230769230769
7660,2.144230769230769
7661,2.144230769230769
7662,2.144230769230769
7663,1.2692307692307692
7664,1.2692307692307692
7665,1.2692307692307692
7666,1.2692307692307692
7667,1.2692307692307692
7668,1.2692307692307692
7669,1.2692307692307692
7670,1.2692307692307692
7671,1.2692307692307692
7672,1.2692307692307692
7673,4.766826923076923
7674,4.766826923076923
7675,4.766826923076923
7676,4.766826923076923
7677,4.766826923076923
7678,4.766826923076923
7679,4.766826923076923
7680,1.296474358974359
7681,1.296474358974359
7682,1.296474358974359
7683,1.296474358974359
7684,1.296474358974359
7685,1.4070512820512822
7686,1.4070512820512822
7687,1.4070512820512822
7688,1.4070512820512822
7689,1.4070512820512822
7690,0.7307692307692307
7691,0.7307692307692307
7692,0.7307692307692307
7693,0.7307692307692307
7694,1.8021978021978022
7695,1.8021978021978022
7696,1.8021978021978022
7697,1.8021978021978022
7698,1.8021978021978022
7699,1.8021978021978022
7700,1.10989010989011
7701,1.10989010989011
7702,1.10989010989011
7703,1.10989010989011
7704,1.10989010989011
7705,1.10989010989011
7706,1.296474358974359
7707,2.144230769230769
7708,4.766826923076923
7709,1.2692307692307692
7710,0.7307692307692307
7711,1.4070512820512822
7712,1.8021978021978022
7713,1.10989010989011
7714,1.8341346153846154
7715,1.8341346153846154
7716,1.8341346153846154
7717,1.8341346153846154
7718,1.8341346153846154
7719,1.8341346153846154
7720,1.8341346153846154
7721,1.0122377622377623
7722,1.0122377622377623
7723,1.0122377622377623
7724,1.0122377622377623
7725,1.0122377622377623
7726,1.0122377622377623
7727,1.0122377622377623
7728,1.0122377622377623
7729,1.0122377622377623
7730,1.0122377622377623
7731,2.5444711538461537
7732,2.5444711538461537
7733,2.5444711538461537
7734,2.5444711538461537
7735,2.5444711538461537
7736,2.5444711538461537
7737,2.5444711538461537
7738,0.8878205128205128
7739,0.8878205128205128
7740,0.8878205128205128
7741,0.8878205128205128
7742,0.8878205128205128
7743,1.2788461538461537
7744,1.2788461538461537
7745,1.2788461538461537
7746,1.2788461538461537
7747,1.2788461538461537
7748,0.7211538461538461
7749,0.7211538461538461
7750,0.7211538461538461
7751,0.7211538461538461
7752,1.8653846153846154
7753,1.8653846153846154
7754,1.8653846153846154
7755,1.8653846153846154
7756,1.8653846153846154
7757,1.8653846153846154
7758,1.3324175824175823
7759,1.3324175824175823
7760,1.3324175824175823
7761,1.3324175824175823
7762,1.3324175824175823
7763,1.3324175824175823
7764,0.8878205128205128
7765,1.8341346153846154
7766,2.5444711538461537
7767,1.0122377622377623
7768,0.7211538461538461
7769,1.2788461538461537
7770,1.8653846153846154
7771,1.3324175824175823
7772,2.5733173076923075
7773,2.5733173076923075
7774,2.5733173076923075
7775,2.5733173076923075
7776,2.5733173076923075
7777,2.5733173076923075
7778,2.5733173076923075
7779,2.269230769230769
7780,2.269230769230769
7781,2.269230769230769
7782,2.269230769230769
7783,2.269230769230769
7784,2.269230769230769
7785,2.269230769230769
7786,2.269230769230769
7787,2.269230769230769
7788,2.269230769230769
7789,4.9483173076923075
7790,4.9483173076923075
7791,4.9483173076923075
7792,4.9483173076923075
7793,4.9483173076923075
7794,4.9483173076923075
7795,4.9483173076923075
7796,1.483974358974359
7797,1.483974358974359
7798,1.483974358974359
7799,1.483974358974359
7800,1.483974358974359
7801,2.1650641025641026
7802,2.1650641025641026
7803,2.1650641025641026
7804,2.1650641025641026
7805,2.1650641025641026
7806,1.2884615384615385
7807,1.2884615384615385
7808,1.2884615384615385
7809,1.2884615384615385
7810,2.6785714285714284
7811,2.6785714285714284
7812,2.6785714285714284
7813,2.6785714285714284
7814,2.6785714285714284
7815,2.6785714285714284
7816,1.651098901098901
7817,1.651098901098901
7818,1.651098901098901
7819,1.651098901098901
7820,1.651098901098901
7821,1.651098901098901
7822,1.483974358974359
7823,2.5733173076923075
7824,4.9483173076923075
7825,2.269230769230769
7826,1.2884615384615385
7827,2.1650641025641026
7828,2.6785714285714284
7829,1.651098901098901
7830,1.7668269230769231
7831,1.7668269230769231
7832,1.7668269230769231
7833,1.7668269230769231
7834,1.7668269230769231
7835,1.7668269230769231
7836,1.7668269230769231
7837,1.722027972027972
7838,1.722027972027972
7839,1.722027972027972
7840,1.722027972027972
7841,1.722027972027972
7842,1.722027972027972
7843,1.722027972027972
7844,1.722027972027972
7845,1.722027972027972
7846,1.722027972027972
7847,3.949519230769231
7848,3.949519230769231
7849,3.949519230769231
7850,3.949519230769231
7851,3.949519230769231
7852,3.949519230769231
7853,3.949519230769231
7854,1.1282051282051282
7855,1.1282051282051282
7856,1.1282051282051282
7857,1.1282051282051282
7858,1.1282051282051282
7859,1.2163461538461537
7860,1.2163461538461537
7861,1.2163461538461537
7862,1.2163461538461537
7863,1.2163461538461537
7864,0.6480769230769231
7865,0.6480769230769231
7866,0.6480769230769231
7867,0.6480769230769231
7868,1.26510989010989
7869,1.26510989010989
7870,1.26510989010989
7871,1.26510989010989
7872,1.26510989010989
7873,1.26510989010989
7874,0.7032967032967034
7875,0.7032967032967034
7876,0.7032967032967034
7877,0.7032967032967034
7878,0.7032967032967034
7879,0.7032967032967034
7880,1.1282051282051282
7881,1.7668269230769231
7882,3.949519230769231
7883,1.722027972027972
7884,0.6480769230769231
7885,1.2163461538461537
7886,1.26510989010989
7887,0.7032967032967034
7888,1.2788461538461537
7889,1.2788461538461537
7890,1.2788461538461537
7891,1.2788461538461537
7892,1.2788461538461537
7893,1.2788461538461537
7894,1.2788461538461537
7895,1.3487762237762237
7896,1.3487762237762237
7897,1.3487762237762237
7898,1.3487762237762237
7899,1.3487762237762237
7900,1.3487762237762237
7901,1.3487762237762237
7902,1.3487762237762237
7903,1.3487762237762237
7904,1.3487762237762237
7905,2.407451923076923
7906,2.407451923076923
7907,2.407451923076923
7908,2.407451923076923
7909,2.407451923076923
7910,2.407451923076923
7911,2.407451923076923
7912,0.5705128205128205
7913,0.5705128205128205
7914,0.5705128205128205
7915,0.5705128205128205
7916,0.5705128205128205
7917,1.1346153846153846
7918,1.1346153846153846
7919,1.1346153846153846
7920,1.1346153846153846
7921,1.1346153846153846
7922,0.9884615384615385
7923,0.9884615384615385
7924,0.9884615384615385
7925,0.9884615384615385
7926,1.3763736263736264
7927,1.3763736263736264
7928,1.3763736263736264
7929,1.3763736263736264
7930,1.3763736263736264
7931,1.3763736263736264
7932,0.7898351648351648
7933,0.7898351648351648
7934,0.7898351648351648
7935,0.7898351648351648
7936,0.7898351648351648
7937,0.7898351648351648
7938,0.5705128205128205
7939,1.2788461538461537
7940,2.407451923076923
7941,1.3487762237762237
7942,0.9884615384615385
7943,1.1346153846153846
7944,1.3763736263736264
7945,0.7898351648351648
7946,1.0973557692307692
7947,1.0973557692307692
7948,1.0973557692307692
7949,1.0973557692307692
7950,1.0973557692307692
7951,1.0973557692307692
7952,1.0973557692307692
7953,0.8540209790209791
7954,0.8540209790209791
7955,0.8540209790209791
7956,0.8540209790209791
7957,0.8540209790209791
7958,0.8540209790209791
7959,0.8540209790209791
7960,0.8540209790209791
7961,0.8540209790209791
7962,0.8540209790209791
7963,1.8677884615384615
7964,1.8677884615384615
7965,1.8677884615384615
7966,1.8677884615384615
7967,1.8677884615384615
7968,1.8677884615384615
7969,1.8677884615384615
7970,0.5673076923076923
7971,0.5673076923076923
7972,0.5673076923076923
7973,0.5673076923076923
7974,0.5673076923076923
7975,1.0480769230769231
7976,1.0480769230769231
7977,1.0480769230769231
7978,1.0480769230769231
7979,1.0480769230769231
7980,0.8961538461538462
7981,0.8961538461538462
7982,0.8961538461538462
7983,0.8961538461538462
7984,1.3557692307692308
7985,1.3557692307692308
7986,1.3557692307692308
7987,1.3557692307692308
7988,1.3557692307692308
7989,1.3557692307692308
7990,0.6868131868131868
7991,0.6868131868131868
7992,0.6868131868131868
7993,0.6868131868131868
7994,0.6868131868131868
7995,0.6868131868131868
7996,0.5673076923076923
7997,1.0973557692307692
7998,1.8677884615384615
7999,0.8540209790209791
8000,0.8961538461538462
8001,1.0480769230769231
8002,1.3557692307692308
8003,0.6868131868131868
8004,2.0600961538461537
8005,2.0600961538461537
8006,2.0600961538461537
8007,2.0600961538461537
8008,2.0600961538461537
8009,2.0600961538461537
8010,2.0600961538461537
8011,1.5008741258741258
8012,1.5008741258741258
8013,1.5008741258741258
8014,1.5008741258741258
8015,1.5008741258741258
8016,1.5008741258741258
8017,1.5008741258741258
8018,1.5008741258741258
8019,1.5008741258741258
8020,1.5008741258741258
8021,3.878605769230769
8022,3.878605769230769
8023,3.878605769230769
8024,3.878605769230769
8025,3.878605769230769
8026,3.878605769230769
8027,3.878605769230769
8028,0.7612179487179487
8029,0.7612179487179487
8030,0.7612179487179487
8031,0.7612179487179487
8032,0.7612179487179487
8033,0.7756410256410257
8034,0.7756410256410257
8035,0.7756410256410257
8036,0.7756410256410257
8037,0.7756410256410257
8038,0.5980769230769231
8039,0.5980769230769231
8040,0.5980769230769231
8041,0.5980769230769231
8042,1.8228021978021978
8043,1.8228021978021978
8044,1.8228021978021978
8045,1.8228021978021978
8046,1.8228021978021978
8047,1.8228021978021978
8048,0.6854395604395604
8049,0.6854395604395604
8050,0.6854395604395604
8051,0.6854395604395604
8052,0.6854395604395604
8053,0.6854395604395604
8054,0.7612179487179487
8055,2.0600961538461537
8056,3.878605769230769
8057,1.5008741258741258
8058,0.5980769230769231
8059,0.7756410256410257
8060,1.8228021978021978
8061,0.6854395604395604
8062,1.0372596153846154
8063,1.0372596153846154
8064,1.0372596153846154
8065,1.0372596153846154
8066,1.0372596153846154
8067,1.0372596153846154
8068,1.0372596153846154
8069,0.9090909090909091
8070,0.9090909090909091
8071,0.9090909090909091
8072,0.9090909090909091
8073,0.9090909090909091
8074,0.9090909090909091
8075,0.9090909090909091
8076,0.9090909090909091
8077,0.9090909090909091
8078,0.9090909090909091
8079,2.7475961538461537
8080,2.7475961538461537
8081,2.7475961538461537
8082,2.7475961538461537
8083,2.7475961538461537
8084,2.7475961538461537
8085,2.7475961538461537
8086,0.8173076923076923
8087,0.8173076923076923
8088,0.8173076923076923
8089,0.8173076923076923
8090,0.8173076923076923
8091,0.9919871794871795
8092,0.9919871794871795
8093,0.9919871794871795
8094,0.9919871794871795
8095,0.9919871794871795
8096,0.6173076923076923
8097,0.6173076923076923
8098,0.6173076923076923
8099,0.6173076923076923
8100,1.565934065934066
8101,1.565934065934066
8102,1.565934065934066
8103,1.565934065934066
8104,1.565934065934066
8105,1.565934065934066
8106,0.6387362637362637
8107,0.6387362637362637
8108,0.6387362637362637
8109,0.6387362637362637
8110,0.6387362637362637
8111,0.6387362637362637
8112,0.8173076923076923
8113,1.0372596153846154
8114,2.7475961538461537
8115,0.9090909090909091
8116,0.6173076923076923
8117,0.9919871794871795
8118,1.565934065934066
8119,0.6387362637362637
