row_id,demand
0,7.789441747572816
1,1.7572815533980584
2,1.4108009708737863
3,0.7202669902912622
4,0.3580097087378641
5,0.3191747572815534
6,0.5024271844660194
7,2.3513349514563107
8,1.4550970873786406
9,1.3149271844660193
10,1.5
11,0.8889563106796117
12,1.578883495145631
13,0.3058252427184466
14,0.7141990291262136
15,0.20813106796116504
16,0.554004854368932
17,3.979368932038835
18,3.2906553398058254
19,1.4611650485436893
20,1.854368932038835
21,0.7305825242718447
22,1.3634708737864076
23,1.29126213592233
24,1.0491504854368932
25,0.6425970873786409
26,1.2688106796116505
27,0.6862864077669903
28,0.8125
29,1.0370145631067962
30,1.9781553398058254
31,1.6929611650485437
32,0.3622572815533981
33,0.7324029126213593
34,1.1723300970873787
35,1.3616504854368932
36,1.0151699029126213
37,0.2858009708737864
38,1.7154126213592233
39,2.6608009708737863
40,1.6510922330097086
41,0.45995145631067963
42,0.5952669902912622
43,0.8537621359223301
44,0.787621359223301
45,0.6086165048543689
46,0.700242718446602
47,0.6037621359223301
48,0.6953883495145632
49,1.0612864077669903
50,0.13470873786407767
51,0.13470873786407767
52,0.404126213592233
53,0.26941747572815533
54,0.06735436893203883
55,0.31796116504854366
56,1.270631067961165
57,0.8137135922330097
58,3.488470873786408
59,1.0467233009708736
60,1.0861650485436893
61,0.4878640776699029
62,0.6061893203883495
63,0.2087378640776699
64,1.3240291262135924
65,2.424757281553398
66,2.757888349514563
67,1.1741504854368932
68,0.6098300970873787
69,1.4199029126213594
70,0.5066747572815534
71,0.5600728155339806
72,0.6037621359223301
73,0.30097087378640774
74,0.043689320388349516
75,4.327063106796117
76,3.7694174757281553
77,0.7087378640776699
78,1.4927184466019416
79,2.0351941747572817
80,1.208131067961165
81,2.1887135922330097
82,0.7675970873786409
83,0.8349514563106797
84,0.11165048543689321
85,0.854368932038835
86,1.3786407766990292
87,3.5072815533980584
88,0.06735436893203883
89,1.7178398058252426
90,1.0928398058252426
91,1.2851941747572817
92,0.1450242718446602
93,0.30946601941747576
94,0.1262135922330097
95,0.21723300970873788
96,1.1007281553398058
97,2.1656553398058254
98,0.6516990291262136
99,0.6808252427184466
100,0.6862864077669903
101,1.0078883495145632
102,0.3483009708737864
103,0.46480582524271846
104,0.8883495145631068
105,0.4065533980582524
106,0.8009708737864077
107,0.4720873786407767
108,0.0
109,0.2020631067961165
110,1.3470873786407767
111,0.13470873786407767
112,0.06735436893203883
113,0.7797330097087378
114,0.5679611650485437
115,0.009708737864077669
116,6.836771844660195
117,1.6134708737864079
118,1.941747572815534
119,2.4866504854368934
120,0.908373786407767
121,0.44599514563106796
122,1.0424757281553398
123,2.975728155339806
124,1.8531553398058254
125,1.4550970873786406
126,1.4405339805825244
127,1.6947815533980584
128,0.38652912621359226
129,0.7057038834951457
130,0.9065533980582524
131,0.6243932038834952
132,0.5212378640776699
133,11.120145631067961
134,3.475728155339806
135,1.6796116504854368
136,2.52002427184466
137,4.309466019417476
138,1.820995145631068
139,0.45995145631067963
140,2.3774271844660193
141,1.4684466019417477
142,0.45024271844660196
143,1.087378640776699
144,1.4387135922330097
145,2.20873786407767
146,1.3276699029126213
147,1.5200242718446602
148,1.4192961165048543
149,0.5169902912621359
150,0.3883495145631068
151,0.3586165048543689
152,1.1401699029126213
153,0.13106796116504854
154,1.8658980582524272
155,2.829490291262136
156,1.5685679611650487
157,1.2851941747572817
158,0.7645631067961165
159,1.2281553398058254
160,1.7099514563106797
161,0.8173543689320388
162,1.279126213592233
163,0.5030339805825244
164,0.43021844660194175
165,0.41565533980582525
166,0.33677184466019416
167,0.06735436893203883
168,1.0103155339805825
169,0.26941747572815533
170,0.404126213592233
171,0.7463592233009708
172,1.0685679611650485
173,0.5006067961165048
174,4.616504854368932
175,3.4101941747572813
176,2.6225728155339807
177,1.4866504854368932
178,1.066747572815534
179,0.42597087378640774
180,2.061893203883495
181,1.3118932038834952
182,3.1074029126213594
183,1.382888349514563
184,0.49271844660194175
185,1.9089805825242718
186,0.3137135922330097
187,0.9205097087378641
188,0.41140776699029125
189,0.43021844660194175
190,0.29854368932038833
191,4.905339805825243
192,2.0618932038834954
193,0.3106796116504854
194,2.6092233009708736
195,3.9508495145631066
196,1.5303398058252426
197,1.320995145631068
198,1.1049757281553398
199,0.6328883495145632
200,1.0910194174757282
201,0.7821601941747574
202,0.912621359223301
203,1.3774271844660193
204,1.4908980582524272
205,2.820995145631068
206,0.8549757281553398
207,0.7129854368932038
208,0.5382281553398058
209,0.5266990291262136
210,0.566747572815534
211,0.2900485436893204
212,3.096480582524272
213,1.425364077669903
214,1.8118932038834952
215,0.5758495145631068
216,1.2014563106796117
217,0.5121359223300971
218,1.1911407766990292
219,1.0843446601941746
220,1.6359223300970873
221,1.3519417475728155
222,0.7342233009708738
223,0.4921116504854369
224,0.13470873786407767
225,0.404126213592233
226,1.6838592233009708
227,0.06735436893203883
228,0.13470873786407767
229,0.4811893203883495
230,1.1407766990291262
231,0.3756067961165048
232,4.29004854368932
233,2.8228155339805827
234,3.5030339805825244
235,1.1468446601941746
236,0.6201456310679612
237,0.6243932038834952
238,1.316747572815534
239,9.307645631067961
240,3.2930825242718447
241,2.988470873786408
242,0.9490291262135923
243,2.8774271844660193
244,0.5030339805825244
245,6.134708737864077
246,0.9314320388349515
247,1.2888349514563107
248,0.854368932038835
249,14.336771844660195
250,3.1741504854368934
251,2.3689320388349513
252,3.171116504854369
253,3.6067961165048543
254,2.0631067961165046
255,3.1019417475728153
256,3.225728155339806
257,1.054611650485437
258,0.4253640776699029
259,1.7281553398058254
260,1.204490291262136
261,5.64623786407767
262,2.716019417475728
263,0.7427184466019418
264,1.6262135922330097
265,0.8452669902912622
266,2.641383495145631
267,1.7190533980582523
268,1.2827669902912622
269,1.074635922330097
270,6.4211165048543695
271,1.2172330097087378
272,4.058859223300971
273,2.8319174757281553
274,2.4405339805825244
275,1.4265776699029127
276,1.9053398058252426
277,1.3616504854368932
278,1.2566747572815533
279,0.5898058252427185
280,0.7827669902912622
281,0.6341019417475728
282,0.13470873786407767
283,0.5388349514563107
284,2.492111650485437
285,0.47148058252427183
286,0.0
287,1.1025485436893203
288,2.054611650485437
289,0.0
290,5.905946601941748
291,1.7785194174757282
292,1.0527912621359223
293,0.7196601941747574
294,1.2427184466019416
295,0.9387135922330098
296,0.49271844660194175
297,3.2148058252427187
298,1.9587378640776698
299,2.211771844660194
300,1.9387135922330097
301,2.5194174757281553
302,0.4253640776699029
303,0.6953883495145632
304,1.2645631067961165
305,0.820995145631068
306,0.21237864077669905
307,9.408980582524272
308,5.279126213592233
309,1.0
310,4.066140776699029
311,1.3513349514563107
312,1.8191747572815533
313,1.7032766990291264
314,1.8143203883495147
315,1.0157766990291264
316,0.5260922330097088
317,1.1881067961165048
318,0.8780339805825244
319,1.6316747572815533
320,1.6680825242718447
321,0.4799757281553398
322,0.9993932038834952
323,0.1450242718446602
324,0.5473300970873787
325,0.7281553398058253
326,0.32402912621359226
327,0.5121359223300971
328,1.7402912621359223
329,1.1067961165048543
330,1.0036407766990292
331,1.3137135922330097
332,0.49271844660194175
333,0.5309466019417476
334,0.820995145631068
335,0.37196601941747576
336,1.2603155339805825
337,0.5758495145631068
338,0.4538834951456311
339,0.6711165048543689
340,0.5388349514563107
341,0.0
342,2.2900485436893203
343,1.7512135922330097
344,0.33677184466019416
345,0.1395631067961165
346,1.2803398058252426
347,0.2020631067961165
348,5.293689320388349
349,2.10376213592233
350,1.2020631067961165
351,0.7044902912621359
352,0.5224514563106797
353,0.4538834951456311
354,0.49271844660194175
355,3.1844660194174756
356,2.2057038834951457
357,1.3658980582524272
358,1.546116504854369
359,0.8495145631067962
360,1.8567961165048543
361,0.5497572815533981
362,0.850121359223301
363,1.2299757281553398
364,0.22269417475728157
365,5.484830097087379
366,2.6225728155339807
367,1.7815533980582525
368,1.4726941747572817
369,0.5570388349514563
370,1.9842233009708736
371,1.5983009708737863
372,0.4563106796116505
373,0.4411407766990291
374,0.7821601941747574
375,0.15473300970873788
376,0.3282766990291262
377,1.1723300970873787
378,1.7475728155339805
379,1.1219660194174756
380,0.45934466019417475
381,0.5594660194174758
382,1.537621359223301
383,1.6862864077669903
384,0.7493932038834952
385,1.2991504854368932
386,1.5807038834951457
387,1.4987864077669903
388,2.2639563106796117
389,0.8276699029126213
390,0.3537621359223301
391,0.4544902912621359
392,1.7360436893203883
393,0.8228155339805825
394,0.5163834951456311
395,0.3774271844660194
396,0.6031553398058253
397,1.3033980582524272
398,0.0
399,0.26941747572815533
400,1.0776699029126213
401,0.13470873786407767
402,0.47148058252427183
403,0.27427184466019416
404,1.1171116504854368
405,1.0200242718446602
406,1.4817961165048543
407,1.3033980582524272
408,1.7821601941747574
409,0.3628640776699029
410,0.44538834951456313
411,0.3149271844660194
412,0.4933252427184466
413,0.9635922330097088
414,1.0770631067961165
415,0.8021844660194175
416,1.2518203883495147
417,0.9035194174757282
418,0.825242718446602
419,0.5030339805825244
420,0.6462378640776699
421,0.25728155339805825
422,0.3282766990291262
423,4.378033980582524
424,1.1219660194174756
425,1.0048543689320388
426,0.8944174757281553
427,1.64623786407767
428,1.1699029126213594
429,1.8695388349514563
430,0.28640776699029125
431,0.38774271844660196
432,1.1158980582524272
433,0.37196601941747576
434,0.2803398058252427
435,1.5018203883495147
436,0.933252427184466
437,0.3300970873786408
438,0.3762135922330097
439,0.24696601941747573
440,1.0940533980582523
441,0.7973300970873787
442,0.45024271844660196
443,0.16929611650485438
444,1.6571601941747574
445,1.266383495145631
446,2.4805825242718447
447,0.5182038834951457
448,0.541868932038835
449,0.40109223300970875
450,0.8361650485436893
451,0.9987864077669903
452,0.4059466019417476
453,0.5600728155339806
454,0.5703883495145632
455,0.6717233009708738
456,0.13470873786407767
457,0.26941747572815533
458,1.9532766990291262
459,0.404126213592233
460,0.13470873786407767
461,0.24575242718446602
462,0.587378640776699
463,0.41383495145631066
464,5.450242718446602
465,2.4350728155339807
466,2.0764563106796117
467,0.3671116504854369
468,1.9824029126213594
469,1.408373786407767
470,0.9326456310679612
471,3.9696601941747574
472,1.9896844660194175
473,1.7178398058252426
474,1.2760922330097086
475,1.2742718446601942
476,2.4186893203883493
477,0.3143203883495146
478,0.9132281553398058
479,0.7093446601941747
480,1.5266990291262137
481,12.41504854368932
482,2.7821601941747574
483,1.6116504854368932
484,2.9781553398058254
485,1.604368932038835
486,4.120145631067961
487,1.1104368932038835
488,1.617111650485437
489,0.9902912621359223
490,1.3507281553398058
491,0.2955097087378641
492,0.524878640776699
493,2.2317961165048543
494,3.153519417475728
495,0.3143203883495146
496,0.3907766990291262
497,0.2955097087378641
498,0.9199029126213593
499,0.5121359223300971
500,2.8222087378640777
501,0.14927184466019416
502,4.202063106796117
503,3.078276699029126
504,0.970873786407767
505,1.5989077669902914
506,0.9605582524271845
507,0.4393203883495146
508,0.40230582524271846
509,0.4975728155339806
510,0.5266990291262136
511,0.3962378640776699
512,0.4247572815533981
513,1.0533980582524272
514,0.06735436893203883
515,0.06735436893203883
516,1.4817961165048543
517,0.9429611650485437
518,0.2020631067961165
519,0.28883495145631066
520,1.6796116504854368
521,0.0
522,2.5006067961165046
523,1.7141990291262137
524,1.0485436893203883
525,0.5891990291262136
526,0.6286407766990292
527,0.7299757281553398
528,0.4405339805825243
529,3.1383495145631066
530,1.4047330097087378
531,1.1559466019417477
532,1.1741504854368932
533,0.9702669902912622
534,0.33434466019417475
535,0.27548543689320387
536,0.3859223300970874
537,0.1262135922330097
538,0.2663834951456311
539,5.151092233009709
540,2.4320388349514563
541,1.8203883495145632
542,1.6577669902912622
543,2.0782766990291264
544,1.52123786407767
545,1.2991504854368932
546,2.304611650485437
547,0.7008495145631068
548,1.1116504854368932
549,1.008495145631068
550,0.3137135922330097
551,3.1134708737864076
552,1.4180825242718447
553,0.8379854368932039
554,0.38106796116504854
555,0.6031553398058253
556,1.3228155339805825
557,1.383495145631068
558,0.21359223300970873
559,0.700242718446602
560,3.4890776699029127
561,1.0631067961165048
562,0.6638349514563107
563,0.8125
564,0.27609223300970875
565,0.3622572815533981
566,0.2955097087378641
567,1.2105582524271845
568,0.5018203883495146
569,0.3483009708737864
570,0.4016990291262136
571,0.36771844660194175
572,0.06735436893203883
573,0.06735436893203883
574,0.7408980582524272
575,1.4144417475728155
576,0.26941747572815533
577,0.019417475728155338
578,0.5006067961165048
579,0.34648058252427183
580,8.432692307692307
581,1.9086538461538463
582,0.9326923076923077
583,0.5817307692307692
584,0.49038461538461536
585,0.2548076923076923
586,0.39903846153846156
587,1.8125
588,2.2163461538461537
589,1.1875
590,1.0288461538461537
591,1.3942307692307692
592,1.1490384615384617
593,0.7115384615384616
594,0.7019230769230769
595,0.1971153846153846
596,0.21153846153846154
597,3.8173076923076925
598,2.0528846153846154
599,1.2019230769230769
600,1.9903846153846154
601,0.7596153846153846
602,1.5192307692307692
603,2.0048076923076925
604,0.6153846153846154
605,1.0384615384615383
606,1.1153846153846154
607,0.7211538461538461
608,0.6586538461538461
609,0.9375
610,2.4519230769230766
611,0.7403846153846154
612,0.34134615384615385
613,0.375
614,0.5432692307692308
615,1.0
616,2.105769230769231
617,0.4278846153846154
618,1.5721153846153846
619,2.8990384615384617
620,1.6346153846153846
621,0.8413461538461539
622,0.5192307692307692
623,0.9134615384615384
624,0.9519230769230769
625,0.5384615384615384
626,0.9278846153846154
627,0.46634615384615385
628,0.8269230769230769
629,1.1057692307692308
630,0.0
631,0.2692307692307692
632,0.6730769230769231
633,0.1346153846153846
634,0.6057692307692307
635,0.35096153846153844
636,0.7019230769230769
637,0.9326923076923077
638,3.5625
639,1.5240384615384617
640,1.0144230769230769
641,0.4230769230769231
642,0.1346153846153846
643,0.3798076923076923
644,0.8221153846153846
645,1.4567307692307692
646,1.7740384615384617
647,1.1490384615384617
648,0.4519230769230769
649,1.2980769230769231
650,0.47115384615384615
651,0.7836538461538461
652,1.3028846153846154
653,0.5432692307692308
654,0.038461538461538464
655,4.658653846153847
656,2.4519230769230766
657,0.6730769230769231
658,1.3846153846153846
659,2.168269230769231
660,1.1730769230769231
661,1.8894230769230769
662,1.3125
663,0.6153846153846154
664,0.15384615384615385
665,0.375
666,0.7451923076923077
667,3.331730769230769
668,0.2692307692307692
669,1.2884615384615383
670,1.4759615384615383
671,0.9807692307692308
672,0.052884615384615384
673,0.4567307692307692
674,0.1778846153846154
675,0.28365384615384615
676,0.8846153846153846
677,2.0240384615384617
678,0.6346153846153846
679,0.3125
680,0.6923076923076923
681,0.5288461538461539
682,0.4182692307692308
683,0.27403846153846156
684,0.7548076923076923
685,0.39903846153846156
686,0.7163461538461539
687,0.125
688,0.0
689,0.2692307692307692
690,1.2115384615384615
691,0.2692307692307692
692,0.1346153846153846
693,0.7884615384615384
694,0.35096153846153844
695,0.1346153846153846
696,6.038461538461538
697,1.1153846153846154
698,2.0865384615384617
699,3.0
700,1.1682692307692308
701,0.6009615384615384
702,0.9471153846153846
703,1.9182692307692308
704,1.75
705,2.0384615384615383
706,1.1586538461538463
707,1.3173076923076923
708,0.5
709,0.9567307692307693
710,0.9375
711,0.6778846153846154
712,0.27884615384615385
713,11.884615384615385
714,2.0336538461538463
715,1.4951923076923077
716,2.5336538461538463
717,3.8701923076923075
718,1.875
719,0.4471153846153846
720,1.3269230769230769
721,1.0048076923076923
722,0.35096153846153844
723,0.9134615384615384
724,0.8557692307692307
725,1.5961538461538463
726,1.1730769230769231
727,0.9567307692307693
728,1.1923076923076923
729,0.75
730,0.47596153846153844
731,0.9903846153846154
732,0.8269230769230769
733,0.16346153846153846
734,1.4519230769230769
735,2.206730769230769
736,1.8269230769230769
737,1.3653846153846154
738,0.5384615384615384
739,0.9086538461538461
740,1.3365384615384617
741,0.5865384615384616
742,0.7740384615384616
743,0.7019230769230769
744,0.5384615384615384
745,0.5288461538461539
746,0.20192307692307693
747,0.20192307692307693
748,1.4134615384615385
749,0.6730769230769231
750,0.9423076923076923
751,1.0432692307692308
752,0.5673076923076923
753,0.4855769230769231
754,7.485576923076923
755,3.1634615384615383
756,1.8605769230769231
757,1.6634615384615383
758,0.5528846153846154
759,0.9951923076923077
760,0.5048076923076923
761,1.0432692307692308
762,1.9903846153846154
763,2.6153846153846154
764,0.5625
765,1.0048076923076923
766,0.3894230769230769
767,0.3942307692307692
768,0.6153846153846154
769,1.1875
770,0.125
771,5.4951923076923075
772,1.7211538461538463
773,0.3701923076923077
774,2.2644230769230766
775,3.0576923076923075
776,1.2596153846153846
777,2.9903846153846154
778,1.375
779,0.8701923076923077
780,0.75
781,1.0625
782,0.8365384615384616
783,2.0240384615384617
784,1.0769230769230769
785,0.2644230769230769
786,0.7932692307692308
787,0.6298076923076923
788,0.3942307692307692
789,0.6826923076923077
790,1.4759615384615383
791,0.1875
792,1.6490384615384615
793,1.6442307692307692
794,2.8653846153846154
795,1.2259615384615383
796,1.2019230769230769
797,0.34615384615384615
798,1.3509615384615383
799,0.9230769230769231
800,1.75
801,1.0673076923076923
802,0.5528846153846154
803,0.21634615384615385
804,0.1346153846153846
805,0.1346153846153846
806,1.6826923076923077
807,0.0
808,0.8076923076923077
809,0.27403846153846156
810,1.3269230769230769
811,0.7115384615384616
812,4.514423076923077
813,3.0961538461538463
814,2.7403846153846154
815,1.4711538461538463
816,1.3798076923076923
817,0.7259615384615384
818,0.6394230769230769
819,7.509615384615385
820,2.9471153846153846
821,2.8125
822,0.8365384615384616
823,1.8125
824,0.6875
825,3.3509615384615383
826,1.1923076923076923
827,1.1394230769230769
828,0.6105769230769231
829,10.5
830,3.2884615384615383
831,2.418269230769231
832,2.894230769230769
833,4.096153846153847
834,1.8701923076923077
835,2.956730769230769
836,1.9519230769230769
837,1.5048076923076923
838,0.2692307692307692
839,1.25
840,1.5673076923076923
841,4.923076923076923
842,1.7884615384615385
843,0.8557692307692307
844,1.4663461538461537
845,1.1394230769230769
846,2.605769230769231
847,2.5
848,0.6346153846153846
849,1.0096153846153846
850,7.091346153846153
851,1.6826923076923077
852,2.7788461538461537
853,2.1586538461538463
854,1.4903846153846154
855,1.3990384615384617
856,1.3894230769230769
857,1.5336538461538463
858,1.7451923076923077
859,0.9182692307692308
860,0.8125
861,0.5480769230769231
862,0.20192307692307693
863,0.20192307692307693
864,2.6923076923076925
865,0.0673076923076923
866,0.0673076923076923
867,0.9615384615384616
868,1.0913461538461537
869,0.0
870,7.298076923076923
871,2.0576923076923075
872,0.5625
873,0.9086538461538461
874,1.0576923076923077
875,0.8557692307692307
876,1.1971153846153846
877,2.480769230769231
878,2.1778846153846154
879,2.668269230769231
880,2.0625
881,2.125
882,0.7067307692307692
883,0.4855769230769231
884,1.3798076923076923
885,0.6634615384615384
886,0.21634615384615385
887,8.798076923076923
888,5.413461538461538
889,0.9519230769230769
890,3.730769230769231
891,1.4663461538461537
892,2.0480769230769234
893,0.9375
894,2.105769230769231
895,1.2932692307692308
896,0.6153846153846154
897,0.9230769230769231
898,0.8894230769230769
899,2.4951923076923075
900,2.5384615384615383
901,1.0961538461538463
902,0.7211538461538461
903,0.375
904,0.7355769230769231
905,0.7355769230769231
906,0.40384615384615385
907,0.375
908,1.5721153846153846
909,0.8605769230769231
910,0.9134615384615384
911,1.0865384615384617
912,0.7307692307692308
913,0.11057692307692307
914,0.7019230769230769
915,0.34134615384615385
916,0.9567307692307693
917,0.9615384615384616
918,0.18269230769230768
919,0.46634615384615385
920,0.5384615384615384
921,0.0673076923076923
922,1.4134615384615385
923,1.8846153846153846
924,0.2692307692307692
925,0.27884615384615385
926,1.3125
927,0.004807692307692308
928,6.759615384615385
929,2.0961538461538463
930,1.6009615384615383
931,0.8317307692307692
932,0.3701923076923077
933,0.3076923076923077
934,0.47115384615384615
935,3.7451923076923075
936,1.8701923076923077
937,1.5240384615384617
938,1.6298076923076923
939,0.3605769230769231
940,2.1586538461538463
941,0.12980769230769232
942,0.25
943,0.6057692307692308
944,0.5192307692307692
945,5.423076923076923
946,3.3076923076923075
947,1.6875
948,1.8173076923076923
949,1.1346153846153846
950,1.5384615384615383
951,1.6009615384615383
952,0.5384615384615384
953,0.7596153846153846
954,1.0144230769230769
955,0.4807692307692308
956,1.0144230769230769
957,1.5913461538461537
958,2.6538461538461537
959,1.8317307692307692
960,0.6826923076923077
961,0.6826923076923077
962,1.3605769230769231
963,1.6057692307692308
964,0.46634615384615385
965,0.8076923076923077
966,1.6682692307692308
967,1.6682692307692308
968,2.1490384615384617
969,1.0336538461538463
970,0.7355769230769231
971,0.3701923076923077
972,1.0576923076923077
973,0.41346153846153844
974,0.39903846153846156
975,0.3605769230769231
976,0.7211538461538461
977,0.75
978,0.0
979,0.2692307692307692
980,1.5480769230769231
981,0.7403846153846154
982,0.33653846153846156
983,0.019230769230769232
984,1.6298076923076923
985,0.6442307692307693
986,1.9663461538461537
987,1.2115384615384615
988,1.3269230769230769
989,0.5144230769230769
990,0.7019230769230769
991,0.14423076923076922
992,0.19230769230769232
993,1.1778846153846154
994,1.3317307692307692
995,0.7548076923076923
996,1.8125
997,0.875
998,0.6971153846153846
999,0.47596153846153844
1000,0.5769230769230769
1001,0.14903846153846154
1002,0.3076923076923077
1003,4.115384615384615
1004,1.5817307692307692
1005,1.125
1006,1.0817307692307692
1007,1.5817307692307692
1008,1.6201923076923077
1009,1.5096153846153846
1010,0.375
1011,0.5288461538461539
1012,1.2788461538461537
1013,0.7019230769230769
1014,0.21634615384615385
1015,1.5192307692307692
1016,0.8461538461538461
1017,1.6586538461538463
1018,0.4903846153846154
1019,0.1875
1020,0.8557692307692307
1021,1.1009615384615383
1022,0.4326923076923077
1023,0.10096153846153846
1024,1.6346153846153846
1025,1.625
1026,1.9423076923076923
1027,0.9230769230769231
1028,0.5528846153846154
1029,0.8942307692307692
1030,0.5961538461538461
1031,0.9038461538461539
1032,0.6009615384615384
1033,0.5288461538461539
1034,0.5144230769230769
1035,0.5913461538461539
1036,0.0
1037,0.40384615384615385
1038,1.0096153846153846
1039,0.33653846153846156
1040,0.2692307692307692
1041,0.23557692307692307
1042,0.7692307692307693
1043,0.41346153846153844
1044,7.326923076923077
1045,2.418269230769231
1046,2.644230769230769
1047,0.7019230769230769
1048,1.3942307692307692
1049,1.9807692307692308
1050,0.625
1051,3.7259615384615383
1052,1.8557692307692308
1053,2.5048076923076925
1054,1.1923076923076923
1055,0.6298076923076923
1056,3.3894230769230766
1057,0.21634615384615385
1058,1.2307692307692308
1059,0.34134615384615385
1060,1.7451923076923077
1061,11.721153846153847
1062,2.4134615384615383
1063,1.8076923076923077
1064,3.6538461538461537
1065,1.3509615384615383
1066,4.264423076923077
1067,0.7067307692307692
1068,1.1201923076923077
1069,0.8221153846153846
1070,1.3894230769230769
1071,0.5240384615384616
1072,0.125
1073,1.8653846153846154
1074,2.5673076923076925
1075,0.5576923076923077
1076,0.3076923076923077
1077,0.02403846153846154
1078,1.5336538461538463
1079,0.5
1080,0.7836538461538461
1081,0.019230769230769232
1082,4.278846153846153
1083,1.4855769230769231
1084,1.1009615384615383
1085,1.9951923076923077
1086,1.0769230769230769
1087,0.23557692307692307
1088,0.6586538461538461
1089,0.6057692307692308
1090,0.34134615384615385
1091,0.3125
1092,0.5336538461538461
1093,1.2788461538461537
1094,0.0
1095,0.0673076923076923
1096,1.8846153846153846
1097,1.5480769230769231
1098,0.0
1099,0.22115384615384615
1100,1.2019230769230769
1101,0.0
1102,3.9951923076923075
1103,1.3798076923076923
1104,1.4711538461538463
1105,0.3125
1106,0.40384615384615385
1107,0.75
1108,0.6105769230769231
1109,2.4855769230769234
1110,1.5432692307692308
1111,2.519230769230769
1112,1.5817307692307692
1113,0.6346153846153846
1114,0.375
1115,0.3894230769230769
1116,0.3605769230769231
1117,0.23076923076923078
1118,0.3605769230769231
1119,6.769230769230769
1120,2.1538461538461537
1121,1.7403846153846154
1122,2.3653846153846154
1123,2.0288461538461537
1124,1.5144230769230769
1125,1.1009615384615383
1126,1.7307692307692308
1127,1.2980769230769231
1128,1.5913461538461537
1129,0.875
1130,0.13942307692307693
1131,1.8173076923076923
1132,1.8461538461538463
1133,1.0721153846153846
1134,0.23076923076923078
1135,0.25961538461538464
1136,1.2932692307692308
1137,0.7211538461538461
1138,0.4230769230769231
1139,0.6875
1140,3.8365384615384617
1141,0.9230769230769231
1142,1.1201923076923077
1143,1.1730769230769231
1144,0.1778846153846154
1145,0.4375
1146,0.22115384615384615
1147,1.6586538461538463
1148,0.3028846153846154
1149,0.3173076923076923
1150,0.5961538461538461
1151,0.34134615384615385
1152,0.0673076923076923
1153,0.1346153846153846
1154,1.4134615384615385
1155,1.0769230769230769
1156,0.20192307692307693
1157,0.41346153846153844
1158,0.17307692307692307
1159,0.2596153846153846
1160,8.66826923076923
1161,1.8605769230769231
1162,1.1971153846153846
1163,0.5769230769230769
1164,0.9038461538461539
1165,0.3317307692307692
1166,0.6346153846153846
1167,2.3894230769230766
1168,1.4807692307692308
1169,0.5961538461538461
1170,1.2596153846153846
1171,0.7548076923076923
1172,1.2451923076923077
1173,0.4567307692307692
1174,0.4951923076923077
1175,0.1778846153846154
1176,0.17307692307692307
1177,3.9471153846153846
1178,1.7788461538461537
1179,1.6586538461538463
1180,2.3028846153846154
1181,0.9134615384615384
1182,1.7836538461538463
1183,1.6538461538461537
1184,0.7884615384615384
1185,0.7548076923076923
1186,1.0240384615384617
1187,0.47115384615384615
1188,0.5865384615384616
1189,1.1346153846153846
1190,2.3125
1191,2.355769230769231
1192,0.5480769230769231
1193,0.34134615384615385
1194,0.7884615384615384
1195,1.5384615384615383
1196,0.9423076923076923
1197,0.2692307692307692
1198,1.0048076923076923
1199,1.9182692307692308
1200,1.2596153846153846
1201,0.7355769230769231
1202,0.5192307692307692
1203,0.5480769230769231
1204,0.8269230769230769
1205,0.5096153846153846
1206,0.5048076923076923
1207,0.6057692307692308
1208,0.9086538461538461
1209,0.9519230769230769
1210,0.20192307692307693
1211,0.1346153846153846
1212,0.8076923076923077
1213,0.20192307692307693
1214,0.47115384615384615
1215,0.3605769230769231
1216,0.7548076923076923
1217,0.8365384615384616
1218,5.206730769230769
1219,0.9519230769230769
1220,0.9230769230769231
1221,0.7259615384615384
1222,0.47115384615384615
1223,0.5480769230769231
1224,2.4663461538461537
1225,1.3942307692307692
1226,1.6778846153846154
1227,1.5192307692307692
1228,1.0240384615384617
1229,0.9134615384615384
1230,0.2980769230769231
1231,0.6682692307692308
1232,0.34134615384615385
1233,0.5480769230769231
1234,0.1201923076923077
1235,4.966346153846153
1236,2.6875
1237,0.6875
1238,1.4615384615384617
1239,1.8173076923076923
1240,1.1586538461538463
1241,2.6298076923076925
1242,0.7692307692307692
1243,0.5192307692307692
1244,0.10576923076923077
1245,0.5913461538461539
1246,0.7403846153846154
1247,4.206730769230769
1248,0.20192307692307693
1249,0.8798076923076923
1250,0.9711538461538461
1251,1.6009615384615383
1252,0.27403846153846156
1253,0.4951923076923077
1254,0.07211538461538461
1255,0.17307692307692307
1256,0.8653846153846154
1257,2.0625
1258,0.47115384615384615
1259,0.6442307692307692
1260,0.7067307692307692
1261,1.0384615384615383
1262,0.8798076923076923
1263,0.23076923076923078
1264,1.0144230769230769
1265,0.28846153846153844
1266,0.47596153846153844
1267,0.14423076923076922
1268,0.0
1269,0.0673076923076923
1270,1.4134615384615385
1271,0.0673076923076923
1272,0.20192307692307693
1273,0.23557692307692307
1274,0.27884615384615385
1275,0.6105769230769231
1276,5.533653846153847
1277,1.4326923076923077
1278,1.9615384615384617
1279,2.0096153846153846
1280,1.9711538461538463
1281,0.3125
1282,0.6875
1283,1.6730769230769231
1284,1.1057692307692308
1285,1.4759615384615383
1286,0.5961538461538461
1287,1.5673076923076923
1288,0.23557692307692307
1289,0.7115384615384616
1290,0.6153846153846154
1291,0.625
1292,0.6923076923076923
1293,12.466346153846153
1294,2.7788461538461537
1295,1.4567307692307692
1296,2.4326923076923075
1297,4.0048076923076925
1298,1.8846153846153846
1299,0.3173076923076923
1300,1.7644230769230769
1301,1.2067307692307692
1302,0.28365384615384615
1303,0.7932692307692308
1304,1.3942307692307692
1305,2.3173076923076925
1306,1.5144230769230769
1307,0.7163461538461539
1308,0.8317307692307692
1309,0.8413461538461539
1310,0.5432692307692308
1311,1.7980769230769231
1312,0.9423076923076923
1313,0.3028846153846154
1314,1.3076923076923077
1315,2.3653846153846154
1316,1.5913461538461537
1317,1.0432692307692308
1318,0.4567307692307692
1319,1.3509615384615383
1320,1.5
1321,0.625
1322,0.7740384615384616
1323,0.5865384615384616
1324,0.3173076923076923
1325,0.42788461538461536
1326,0.20192307692307693
1327,0.0673076923076923
1328,1.2788461538461537
1329,0.2692307692307692
1330,0.40384615384615385
1331,1.0192307692307692
1332,1.5961538461538463
1333,0.20673076923076922
1334,6.403846153846153
1335,3.2259615384615383
1336,2.5721153846153846
1337,1.3173076923076923
1338,1.0336538461538463
1339,0.5865384615384616
1340,0.5625
1341,0.7740384615384616
1342,3.331730769230769
1343,1.2115384615384617
1344,0.8557692307692308
1345,1.6682692307692308
1346,0.1923076923076923
1347,1.0432692307692308
1348,0.4951923076923077
1349,0.34134615384615385
1350,0.125
1351,5.927884615384615
1352,2.2740384615384617
1353,0.4519230769230769
1354,2.293269230769231
1355,3.1634615384615383
1356,0.6057692307692308
1357,0.9807692307692307
1358,0.8221153846153846
1359,0.6057692307692308
1360,0.7596153846153846
1361,0.8221153846153846
1362,0.7115384615384616
1363,2.4038461538461537
1364,0.9807692307692307
1365,0.5673076923076923
1366,0.7259615384615384
1367,0.4375
1368,0.39903846153846156
1369,0.8461538461538461
1370,2.5528846153846154
1371,0.4182692307692308
1372,2.7163461538461537
1373,1.4471153846153846
1374,2.1153846153846154
1375,0.9471153846153846
1376,1.1923076923076923
1377,0.5865384615384616
1378,1.5432692307692308
1379,1.1634615384615383
1380,1.3269230769230769
1381,1.0288461538461537
1382,0.8798076923076923
1383,0.2548076923076923
1384,0.0
1385,0.20192307692307693
1386,1.6153846153846154
1387,0.0673076923076923
1388,0.20192307692307693
1389,0.35096153846153844
1390,1.1009615384615385
1391,0.5673076923076923
1392,4.346153846153847
1393,2.355769230769231
1394,3.5
1395,1.6875
1396,1.3605769230769231
1397,0.7163461538461539
1398,1.375
1399,7.384615384615385
1400,3.0480769230769234
1401,2.6730769230769234
1402,0.7259615384615384
1403,1.7980769230769231
1404,0.7211538461538461
1405,3.581730769230769
1406,0.8125
1407,1.1009615384615383
1408,0.7067307692307692
1409,11.788461538461538
1410,3.1586538461538463
1411,2.423076923076923
1412,2.956730769230769
1413,3.7115384615384617
1414,1.2548076923076923
1415,1.4182692307692308
1416,3.9759615384615383
1417,1.4471153846153846
1418,0.3076923076923077
1419,1.0
1420,0.9855769230769231
1421,4.774038461538462
1422,1.7355769230769231
1423,0.8701923076923077
1424,1.2596153846153846
1425,0.46153846153846156
1426,2.9663461538461537
1427,1.3125
1428,0.8557692307692307
1429,1.5144230769230769
1430,5.6298076923076925
1431,0.47115384615384615
1432,2.9855769230769234
1433,2.3798076923076925
1434,1.5625
1435,1.6153846153846154
1436,1.8557692307692308
1437,1.0721153846153846
1438,1.6346153846153846
1439,0.7596153846153846
1440,1.5673076923076923
1441,0.5288461538461539
1442,0.33653846153846156
1443,0.1346153846153846
1444,2.0865384615384617
1445,0.1346153846153846
1446,0.33653846153846156
1447,0.6153846153846154
1448,0.8173076923076923
1449,0.0
1450,6.644230769230769
1451,1.3653846153846154
1452,1.5
1453,1.2355769230769231
1454,1.3125
1455,1.1971153846153846
1456,0.5
1457,2.7740384615384617
1458,2.375
1459,2.2451923076923075
1460,1.5817307692307692
1461,1.3894230769230769
1462,0.47596153846153844
1463,0.875
1464,1.2644230769230769
1465,0.8028846153846154
1466,0.11057692307692307
1467,10.0
1468,5.697115384615385
1469,0.8990384615384616
1470,4.600961538461538
1471,1.9423076923076923
1472,2.456730769230769
1473,0.8509615384615384
1474,1.6490384615384617
1475,1.0769230769230769
1476,0.7163461538461539
1477,1.1923076923076923
1478,0.8461538461538461
1479,1.3413461538461537
1480,2.081730769230769
1481,0.5432692307692307
1482,1.1826923076923077
1483,0.08173076923076923
1484,0.6730769230769231
1485,0.41346153846153844
1486,0.40865384615384615
1487,0.3894230769230769
1488,1.8846153846153846
1489,1.0384615384615383
1490,0.4375
1491,1.4663461538461537
1492,0.3076923076923077
1493,0.27403846153846156
1494,0.5288461538461539
1495,0.27884615384615385
1496,1.5240384615384617
1497,0.6538461538461539
1498,0.4855769230769231
1499,0.3894230769230769
1500,0.6057692307692307
1501,0.0
1502,2.019230769230769
1503,1.4807692307692308
1504,0.1346153846153846
1505,0.40384615384615385
1506,0.9375
1507,0.1346153846153846
1508,5.009615384615385
1509,1.1346153846153846
1510,1.8461538461538463
1511,0.6394230769230769
1512,1.0336538461538463
1513,0.1971153846153846
1514,0.8269230769230769
1515,3.0721153846153846
1516,1.3028846153846154
1517,1.6394230769230769
1518,1.5961538461538463
1519,0.7403846153846154
1520,2.043269230769231
1521,0.10096153846153846
1522,0.3942307692307692
1523,0.5576923076923077
1524,0.6105769230769231
1525,4.168269230769231
1526,3.0576923076923075
1527,2.0048076923076925
1528,1.8413461538461537
1529,1.7548076923076923
1530,1.3365384615384617
1531,1.8413461538461537
1532,0.5192307692307693
1533,0.8846153846153846
1534,0.5817307692307692
1535,0.1971153846153846
1536,0.2403846153846154
1537,1.3942307692307692
1538,1.9567307692307692
1539,1.9519230769230769
1540,0.4230769230769231
1541,0.1826923076923077
1542,1.5
1543,1.5384615384615383
1544,1.9807692307692308
1545,1.7451923076923077
1546,1.9423076923076923
1547,1.7019230769230769
1548,1.8605769230769231
1549,0.9326923076923077
1550,0.7836538461538461
1551,0.4423076923076923
1552,0.6730769230769231
1553,0.6682692307692308
1554,0.3798076923076923
1555,0.27884615384615385
1556,0.875
1557,1.25
1558,0.1346153846153846
1559,0.40384615384615385
1560,1.1442307692307692
1561,0.40384615384615385
1562,0.8076923076923077
1563,0.15384615384615385
1564,0.9855769230769231
1565,0.6298076923076923
1566,3.0625
1567,1.5673076923076923
1568,1.9567307692307692
1569,0.4326923076923077
1570,0.5
1571,0.4423076923076923
1572,0.3028846153846154
1573,1.1057692307692308
1574,1.0769230769230769
1575,0.6538461538461539
1576,1.2548076923076923
1577,0.6826923076923077
1578,0.5961538461538461
1579,0.2596153846153846
1580,0.4855769230769231
1581,0.28846153846153844
1582,0.28846153846153844
1583,4.033653846153847
1584,2.1105769230769234
1585,1.0865384615384615
1586,1.6298076923076923
1587,1.2740384615384617
1588,1.4182692307692308
1589,1.7403846153846154
1590,0.6394230769230769
1591,0.25961538461538464
1592,1.0144230769230769
1593,0.3798076923076923
1594,0.3028846153846154
1595,2.394230769230769
1596,1.0144230769230769
1597,0.44711538461538464
1598,0.6105769230769231
1599,0.11057692307692307
1600,0.8942307692307693
1601,0.8653846153846154
1602,1.3461538461538463
1603,0.22596153846153846
1604,1.7932692307692308
1605,1.3894230769230769
1606,2.0096153846153846
1607,0.6826923076923077
1608,0.6394230769230769
1609,0.5432692307692308
1610,0.9278846153846154
1611,0.6682692307692308
1612,0.8028846153846154
1613,0.2932692307692308
1614,0.3557692307692308
1615,0.5240384615384616
1616,0.0
1617,0.1346153846153846
1618,1.6826923076923077
1619,0.1346153846153846
1620,0.40384615384615385
1621,0.27884615384615385
1622,0.39903846153846156
1623,0.08173076923076923
1624,5.139423076923077
1625,2.5
1626,2.9326923076923075
1627,0.25
1628,1.5528846153846154
1629,0.8990384615384616
1630,0.3557692307692308
1631,3.2211538461538463
1632,2.5625
1633,2.125
1634,0.9182692307692307
1635,0.8894230769230769
1636,1.9711538461538463
1637,0.21153846153846154
1638,1.1730769230769231
1639,0.4182692307692308
1640,1.6201923076923077
1641,12.846153846153847
1642,2.3365384615384617
1643,1.8125
1644,3.7740384615384617
1645,1.5336538461538463
1646,4.298076923076923
1647,1.0673076923076923
1648,1.6634615384615383
1649,1.4903846153846154
1650,0.7596153846153846
1651,0.34134615384615385
1652,0.34615384615384615
1653,2.293269230769231
1654,3.9134615384615383
1655,0.4807692307692308
1656,0.19230769230769232
1657,0.09615384615384616
1658,1.7355769230769231
1659,1.0961538461538463
1660,2.1730769230769234
1661,0.1346153846153846
1662,4.591346153846153
1663,1.7548076923076923
1664,1.3173076923076923
1665,0.8365384615384616
1666,0.6346153846153846
1667,0.1826923076923077
1668,0.39903846153846156
1669,0.4567307692307692
1670,0.6298076923076923
1671,0.3798076923076923
1672,0.5817307692307692
1673,1.3653846153846154
1674,0.2692307692307692
1675,0.0673076923076923
1676,1.5480769230769231
1677,1.0096153846153846
1678,0.33653846153846156
1679,0.5144230769230769
1680,1.3173076923076923
1681,0.07692307692307693
1682,2.2596153846153846
1683,2.9759615384615383
1684,1.4903846153846154
1685,0.5192307692307692
1686,1.0384615384615383
1687,0.5048076923076923
1688,0.46153846153846156
1689,2.1490384615384617
1690,1.2644230769230769
1691,1.6394230769230769
1692,1.2067307692307692
1693,1.3173076923076923
1694,0.4423076923076923
1695,0.1778846153846154
1696,0.3125
1697,0.27403846153846156
1698,0.41346153846153844
1699,6.711538461538462
1700,2.2788461538461537
1701,1.8798076923076923
1702,1.8605769230769231
1703,2.3028846153846154
1704,1.7019230769230769
1705,1.2932692307692308
1706,1.6201923076923077
1707,0.5576923076923077
1708,0.8413461538461539
1709,0.6057692307692308
1710,0.2403846153846154
1711,0.6730769230769231
1712,1.8701923076923077
1713,0.8317307692307693
1714,0.2403846153846154
1715,0.39903846153846156
1716,0.8365384615384616
1717,1.4134615384615383
1718,0.7019230769230769
1719,0.7884615384615384
1720,4.0576923076923075
1721,0.9855769230769231
1722,1.2932692307692308
1723,0.5721153846153846
1724,0.2548076923076923
1725,0.2980769230769231
1726,0.4807692307692308
1727,0.9230769230769231
1728,0.5576923076923077
1729,0.19230769230769232
1730,0.3798076923076923
1731,0.3269230769230769
1732,0.0
1733,0.0
1734,0.875
1735,1.0769230769230769
1736,0.2692307692307692
1737,0.28365384615384615
1738,0.28365384615384615
1739,0.36538461538461536
1740,7.125
1741,2.2259615384615383
1742,1.2019230769230769
1743,0.9711538461538461
1744,1.0432692307692308
1745,0.28846153846153844
1746,0.7548076923076923
1747,1.6490384615384617
1748,1.2019230769230769
1749,0.6057692307692308
1750,1.2644230769230769
1751,0.6153846153846154
1752,1.1057692307692308
1753,0.5096153846153846
1754,0.14423076923076922
1755,0.1971153846153846
1756,0.2932692307692308
1757,4.009615384615385
1758,2.331730769230769
1759,1.3990384615384615
1760,1.6009615384615385
1761,0.8942307692307692
1762,1.5144230769230769
1763,1.9711538461538463
1764,0.5288461538461539
1765,0.8317307692307692
1766,0.9519230769230769
1767,0.2403846153846154
1768,0.44711538461538464
1769,0.5384615384615384
1770,2.2836538461538463
1771,0.6490384615384616
1772,0.28365384615384615
1773,0.2403846153846154
1774,1.0961538461538463
1775,3.2644230769230766
1776,0.6971153846153846
1777,0.4807692307692308
1778,1.2740384615384617
1779,2.4375
1780,2.168269230769231
1781,0.7932692307692308
1782,1.0384615384615383
1783,0.22596153846153846
1784,1.1009615384615383
1785,0.40865384615384615
1786,0.6057692307692308
1787,0.9471153846153846
1788,0.9759615384615384
1789,0.5192307692307692
1790,0.0
1791,0.47115384615384615
1792,0.47115384615384615
1793,0.1346153846153846
1794,0.2692307692307692
1795,0.4375
1796,0.49038461538461536
1797,0.8173076923076923
1798,5.3173076923076925
1799,1.9567307692307692
1800,1.5769230769230769
1801,1.0576923076923077
1802,0.20192307692307693
1803,0.49038461538461536
1804,1.0769230769230769
1805,1.6442307692307692
1806,1.0625
1807,1.0096153846153846
1808,0.5576923076923077
1809,1.4086538461538463
1810,0.3076923076923077
1811,0.6442307692307692
1812,0.34134615384615385
1813,0.4519230769230769
1814,0.1971153846153846
1815,5.168269230769231
1816,3.8413461538461537
1817,0.5961538461538461
1818,2.2836538461538463
1819,1.1826923076923077
1820,1.0
1821,1.9086538461538463
1822,0.7259615384615384
1823,0.34615384615384615
1824,0.08173076923076923
1825,0.6201923076923077
1826,0.9278846153846154
1827,4.399038461538462
1828,0.6057692307692307
1829,1.3509615384615383
1830,1.1730769230769231
1831,1.9375
1832,0.07692307692307693
1833,0.5961538461538461
1834,0.1346153846153846
1835,0.20192307692307693
1836,0.9471153846153846
1837,2.0096153846153846
1838,0.5673076923076923
1839,0.28365384615384615
1840,0.7548076923076923
1841,0.7211538461538461
1842,0.9134615384615384
1843,0.4230769230769231
1844,0.6923076923076923
1845,0.3942307692307692
1846,0.5961538461538461
1847,0.16826923076923078
1848,0.0
1849,0.33653846153846156
1850,0.9423076923076923
1851,0.0673076923076923
1852,0.33653846153846156
1853,0.7451923076923077
1854,0.49038461538461536
1855,0.41346153846153844
1856,7.774038461538462
1857,1.1778846153846154
1858,2.0240384615384617
1859,2.9471153846153846
1860,1.8076923076923077
1861,0.40865384615384615
1862,1.0048076923076923
1863,1.4134615384615383
1864,2.0865384615384617
1865,2.0625
1866,0.9134615384615384
1867,1.1586538461538463
1868,0.3894230769230769
1869,1.3990384615384617
1870,0.9567307692307692
1871,0.4903846153846154
1872,0.4519230769230769
1873,13.870192307692307
1874,3.1923076923076925
1875,1.5
1876,3.4615384615384617
1877,4.283653846153847
1878,1.6826923076923077
1879,0.40865384615384615
1880,1.4807692307692308
1881,1.0817307692307692
1882,0.44711538461538464
1883,0.8028846153846154
1884,1.2355769230769231
1885,1.2836538461538463
1886,0.9711538461538461
1887,0.9134615384615384
1888,1.4423076923076923
1889,1.1971153846153846
1890,0.47115384615384615
1891,1.2307692307692308
1892,1.0096153846153846
1893,0.20673076923076922
1894,1.4471153846153846
1895,2.2451923076923075
1896,1.5961538461538463
1897,0.6442307692307693
1898,0.5384615384615384
1899,1.0096153846153846
1900,1.6586538461538463
1901,0.6490384615384616
1902,0.8894230769230769
1903,0.5721153846153846
1904,0.5817307692307692
1905,0.5
1906,0.20192307692307693
1907,0.1346153846153846
1908,0.6730769230769231
1909,0.1346153846153846
1910,0.1346153846153846
1911,0.5240384615384616
1912,1.0528846153846154
1913,0.42788461538461536
1914,5.576923076923077
1915,4.019230769230769
1916,2.2548076923076925
1917,1.5480769230769231
1918,0.6298076923076923
1919,1.3365384615384617
1920,0.8173076923076923
1921,1.4519230769230769
1922,1.8557692307692308
1923,1.8125
1924,0.4230769230769231
1925,0.5480769230769231
1926,0.40384615384615385
1927,1.0336538461538463
1928,0.8317307692307692
1929,0.15384615384615385
1930,0.23076923076923078
1931,6.740384615384615
1932,2.7115384615384617
1933,0.42788461538461536
1934,3.3221153846153846
1935,5.375
1936,1.0961538461538463
1937,1.8509615384615383
1938,1.3461538461538463
1939,0.6586538461538461
1940,0.8028846153846154
1941,1.4759615384615383
1942,1.2355769230769231
1943,1.9230769230769231
1944,0.7836538461538461
1945,1.2932692307692308
1946,0.5480769230769231
1947,0.3798076923076923
1948,0.5625
1949,1.5913461538461537
1950,1.7932692307692308
1951,0.4471153846153846
1952,2.2548076923076925
1953,1.7019230769230769
1954,2.019230769230769
1955,0.8269230769230769
1956,0.8846153846153846
1957,0.4807692307692308
1958,1.3894230769230769
1959,0.9663461538461539
1960,1.6634615384615383
1961,1.5673076923076923
1962,0.6201923076923077
1963,0.3173076923076923
1964,0.1346153846153846
1965,0.1346153846153846
1966,1.75
1967,0.0
1968,0.2692307692307692
1969,0.15384615384615385
1970,0.6778846153846154
1971,0.5144230769230769
1972,4.076923076923077
1973,10.653846153846153
1974,3.4663461538461537
1975,1.8076923076923077
1976,1.625
1977,0.8221153846153846
1978,0.6634615384615384
1979,6.1875
1980,2.9423076923076925
1981,2.9951923076923075
1982,0.8798076923076923
1983,2.2548076923076925
1984,0.8028846153846154
1985,2.2884615384615383
1986,0.5384615384615384
1987,0.9038461538461539
1988,0.7307692307692308
1989,13.004807692307692
1990,3.735576923076923
1991,2.4903846153846154
1992,2.8173076923076925
1993,4.990384615384615
1994,1.6875
1995,2.125
1996,3.355769230769231
1997,1.0432692307692308
1998,0.27403846153846156
1999,1.1538461538461537
2000,0.9230769230769231
2001,4.259615384615385
2002,2.2163461538461537
2003,1.1586538461538463
2004,1.5913461538461537
2005,0.28846153846153844
2006,3.6490384615384617
2007,2.7980769230769234
2008,1.1057692307692308
2009,0.9134615384615384
2010,7.0673076923076925
2011,0.33653846153846156
2012,3.8846153846153846
2013,1.9326923076923077
2014,1.5913461538461537
2015,1.5240384615384617
2016,2.2788461538461537
2017,1.5913461538461537
2018,1.3942307692307692
2019,0.6682692307692308
2020,1.0528846153846154
2021,0.5336538461538461
2022,0.0
2023,0.40384615384615385
2024,2.2884615384615383
2025,0.1346153846153846
2026,0.33653846153846156
2027,1.1875
2028,1.0528846153846154
2029,0.0
2030,5.894230769230769
2031,1.6538461538461537
2032,0.8701923076923077
2033,1.5961538461538463
2034,1.7211538461538463
2035,0.7067307692307693
2036,1.3173076923076923
2037,2.1394230769230766
2038,3.3365384615384617
2039,1.3221153846153846
2040,1.8653846153846154
2041,2.0913461538461537
2042,0.5
2043,0.9182692307692308
2044,1.2163461538461537
2045,0.34615384615384615
2046,0.22115384615384615
2047,11.586538461538462
2048,5.706730769230769
2049,1.1875
2050,5.764423076923077
2051,1.7692307692307692
2052,2.043269230769231
2053,1.6875
2054,1.4182692307692308
2055,1.75
2056,0.3173076923076923
2057,1.0817307692307692
2058,0.6057692307692308
2059,1.1923076923076923
2060,2.4951923076923075
2061,0.8557692307692307
2062,1.0673076923076923
2063,0.23557692307692307
2064,1.2836538461538463
2065,0.6298076923076923
2066,0.46153846153846156
2067,0.3173076923076923
2068,1.9423076923076923
2069,0.9855769230769231
2070,0.5817307692307692
2071,1.7163461538461537
2072,0.7259615384615384
2073,0.2980769230769231
2074,1.1394230769230769
2075,0.3028846153846154
2076,1.4807692307692308
2077,0.4375
2078,0.5528846153846154
2079,0.39903846153846156
2080,0.0673076923076923
2081,0.20192307692307693
2082,3.230769230769231
2083,1.8173076923076923
2084,0.5384615384615384
2085,0.07692307692307693
2086,1.2451923076923077
2087,0.014423076923076924
2088,5.149038461538462
2089,1.4711538461538463
2090,1.1298076923076923
2091,1.2403846153846154
2092,0.34615384615384615
2093,0.5384615384615384
2094,0.7355769230769231
2095,2.0240384615384617
2096,1.9086538461538463
2097,1.7596153846153846
2098,1.6971153846153846
2099,0.7307692307692308
2100,1.9278846153846154
2101,0.16346153846153846
2102,0.3798076923076923
2103,0.5528846153846154
2104,0.5192307692307692
2105,6.009615384615385
2106,2.918269230769231
2107,1.8557692307692308
2108,2.4471153846153846
2109,1.7307692307692308
2110,1.6201923076923077
2111,1.0625
2112,0.4519230769230769
2113,1.3269230769230769
2114,0.8173076923076923
2115,0.7163461538461539
2116,0.5384615384615384
2117,1.3894230769230769
2118,2.581730769230769
2119,1.7259615384615383
2120,0.1778846153846154
2121,0.47115384615384615
2122,1.9759615384615385
2123,1.9423076923076923
2124,0.7836538461538461
2125,1.125
2126,1.6634615384615383
2127,1.5769230769230769
2128,1.7692307692307692
2129,1.1442307692307692
2130,0.6538461538461539
2131,0.7211538461538461
2132,0.7355769230769231
2133,0.38461538461538464
2134,0.3894230769230769
2135,0.25
2136,1.0673076923076923
2137,0.7548076923076923
2138,0.20192307692307693
2139,0.6057692307692307
2140,0.7403846153846154
2141,0.0673076923076923
2142,1.8173076923076923
2143,0.14903846153846154
2144,1.4038461538461537
2145,0.6298076923076923
2146,2.4663461538461537
2147,1.2740384615384615
2148,2.7211538461538463
2149,0.4182692307692308
2150,0.7788461538461539
2151,0.2692307692307692
2152,0.3125
2153,0.9951923076923077
2154,1.0528846153846154
2155,0.9903846153846154
2156,0.9663461538461539
2157,0.7596153846153846
2158,0.40384615384615385
2159,0.5336538461538461
2160,0.35096153846153844
2161,0.4903846153846154
2162,0.4182692307692308
2163,3.480769230769231
2164,1.3701923076923077
2165,1.0913461538461537
2166,1.2692307692307692
2167,2.2115384615384617
2168,1.4230769230769231
2169,1.3798076923076923
2170,0.6971153846153846
2171,0.22596153846153846
2172,1.3413461538461537
2173,0.20192307692307693
2174,0.5048076923076923
2175,6.798076923076923
2176,0.9375
2177,0.5240384615384616
2178,0.46634615384615385
2179,0.27403846153846156
2180,1.0576923076923077
2181,0.7307692307692308
2182,0.5432692307692308
2183,0.2403846153846154
2184,1.8173076923076923
2185,1.6730769230769231
2186,2.519230769230769
2187,0.7067307692307692
2188,0.40865384615384615
2189,0.46634615384615385
2190,0.9230769230769231
2191,0.4951923076923077
2192,0.7211538461538461
2193,0.4326923076923077
2194,0.6875
2195,0.5192307692307692
2196,0.0
2197,0.0
2198,1.2115384615384615
2199,0.0673076923076923
2200,0.40384615384615385
2201,0.41346153846153844
2202,0.20673076923076922
2203,0.14903846153846154
2204,6.288461538461538
2205,2.2211538461538463
2206,1.375
2207,0.34134615384615385
2208,2.1826923076923075
2209,1.0480769230769231
2210,0.8028846153846154
2211,3.543269230769231
2212,1.7403846153846154
2213,1.9903846153846154
2214,0.9182692307692307
2215,0.9326923076923077
2216,2.2836538461538463
2217,0.21153846153846154
2218,0.6490384615384616
2219,0.33653846153846156
2220,1.7115384615384617
2221,11.990384615384615
2222,3.168269230769231
2223,1.6634615384615385
2224,5.456730769230769
2225,1.9471153846153846
2226,4.1875
2227,0.9663461538461539
2228,1.4759615384615383
2229,0.8317307692307693
2230,1.3846153846153846
2231,0.27884615384615385
2232,0.28365384615384615
2233,2.7163461538461537
2234,3.2355769230769234
2235,0.9615384615384616
2236,0.35096153846153844
2237,0.08653846153846154
2238,1.0096153846153846
2239,0.9423076923076923
2240,0.5528846153846154
2241,0.3605769230769231
2242,5.408653846153847
2243,2.2019230769230766
2244,1.3509615384615383
2245,1.1923076923076923
2246,1.0961538461538463
2247,0.2692307692307692
2248,0.7596153846153846
2249,0.3894230769230769
2250,0.6538461538461539
2251,0.3125
2252,0.8076923076923077
2253,1.0625
2254,0.20192307692307693
2255,0.0673076923076923
2256,1.9519230769230769
2257,0.875
2258,0.0
2259,0.22115384615384615
2260,1.0576923076923077
2261,0.21153846153846154
2262,1.9663461538461537
2263,1.7163461538461537
2264,0.8846153846153846
2265,0.27403846153846156
2266,0.7836538461538461
2267,0.6009615384615384
2268,0.8990384615384616
2269,2.1009615384615383
2270,1.7692307692307692
2271,1.3317307692307692
2272,1.2692307692307692
2273,1.6442307692307692
2274,0.3269230769230769
2275,0.2403846153846154
2276,0.1875
2277,0.15865384615384615
2278,0.3605769230769231
2279,8.067307692307693
2280,2.8846153846153846
2281,1.875
2282,3.0721153846153846
2283,1.8028846153846154
2284,1.7067307692307692
2285,1.7932692307692308
2286,1.75
2287,0.7355769230769231
2288,1.0384615384615383
2289,0.7211538461538461
2290,0.1971153846153846
2291,1.6009615384615383
2292,2.1923076923076925
2293,1.1875
2294,0.3942307692307692
2295,0.23557692307692307
2296,1.1730769230769231
2297,0.8605769230769231
2298,0.24519230769230768
2299,0.8846153846153846
2300,4.336538461538462
2301,0.9230769230769231
2302,1.1586538461538463
2303,1.2596153846153846
2304,0.36538461538461536
2305,0.23557692307692307
2306,0.8125
2307,1.1923076923076923
2308,0.5576923076923077
2309,0.20673076923076922
2310,0.4855769230769231
2311,0.3269230769230769
2312,0.0
2313,0.0
2314,1.6153846153846154
2315,1.2788461538461537
2316,0.2692307692307692
2317,0.1346153846153846
2318,0.21153846153846154
2319,0.5721153846153846
2320,9.007281553398059
2321,1.9180825242718447
2322,1.7402912621359223
2323,0.6674757281553398
2324,0.5412621359223301
2325,0.3294902912621359
2326,0.4842233009708738
2327,1.9557038834951457
2328,1.5643203883495147
2329,0.8756067961165048
2330,2.25
2331,0.975121359223301
2332,1.2463592233009708
2333,0.791868932038835
2334,0.2178398058252427
2335,0.19902912621359223
2336,0.5794902912621359
2337,4.485436893203883
2338,2.7639563106796117
2339,1.6359223300970873
2340,3.1723300970873787
2341,1.4059466019417477
2342,1.7342233009708736
2343,2.2724514563106797
2344,0.8033980582524272
2345,0.6808252427184466
2346,0.5564320388349515
2347,0.44478155339805825
2348,0.7160194174757282
2349,0.7117718446601942
2350,2.6729368932038833
2351,1.2366504854368932
2352,0.44902912621359226
2353,0.6844660194174758
2354,0.7882281553398058
2355,1.7299757281553398
2356,0.8592233009708738
2357,0.3106796116504854
2358,1.470873786407767
2359,3.008495145631068
2360,1.2530339805825244
2361,0.5564320388349515
2362,0.7597087378640777
2363,0.5649271844660194
2364,1.2888349514563107
2365,0.3537621359223301
2366,0.916868932038835
2367,0.8404126213592233
2368,0.8507281553398058
2369,1.1868932038834952
2370,0.06735436893203883
2371,0.13470873786407767
2372,1.0776699029126213
2373,0.404126213592233
2374,0.5388349514563107
2375,0.22148058252427183
2376,0.7845873786407767
2377,0.6304611650485437
2378,6.520631067961165
2379,2.4441747572815533
2380,0.9271844660194175
2381,0.4399271844660194
2382,0.47148058252427183
2383,0.604368932038835
2384,1.537014563106796
2385,1.6104368932038835
2386,2.296116504854369
2387,1.3762135922330097
2388,0.5898058252427185
2389,1.2451456310679612
2390,0.3622572815533981
2391,0.6425970873786409
2392,0.35740291262135926
2393,0.44902912621359226
2394,0.3950242718446602
2395,6.579490291262136
2396,3.0358009708737863
2397,0.49514563106796117
2398,2.8343446601941746
2399,1.5218446601941746
2400,1.3907766990291264
2401,3.0006067961165046
2402,0.7724514563106797
2403,0.6711165048543689
2404,0.18385922330097088
2405,0.5121359223300971
2406,0.6128640776699029
2407,2.7858009708737863
2408,0.47148058252427183
2409,1.4259708737864076
2410,1.5600728155339807
2411,0.9629854368932039
2412,0.25606796116504854
2413,0.8537621359223301
2414,0.10194174757281553
2415,0.4296116504854369
2416,1.3361650485436893
2417,2.266383495145631
2418,0.6947815533980582
2419,0.45934466019417475
2420,0.5327669902912622
2421,0.5273058252427185
2422,0.5849514563106797
2423,0.25728155339805825
2424,0.9605582524271845
2425,0.7390776699029127
2426,0.5175970873786409
2427,0.11650485436893204
2428,0.0
2429,0.13470873786407767
2430,0.808252427184466
2431,0.13470873786407767
2432,0.6061893203883495
2433,0.5825242718446602
2434,0.44296116504854366
2435,0.279126213592233
2436,8.14745145631068
2437,2.2402912621359223
2438,2.154126213592233
2439,2.4969660194174756
2440,2.0364077669902914
2441,0.5819174757281553
2442,1.1055825242718447
2443,1.8398058252427183
2444,1.195388349514563
2445,2.8307038834951457
2446,1.0388349514563107
2447,2.0843446601941746
2448,0.38652912621359226
2449,0.8762135922330098
2450,0.3628640776699029
2451,0.7730582524271845
2452,0.5588592233009708
2453,13.774271844660195
2454,3.9908980582524274
2455,1.9077669902912622
2456,5.100728155339806
2457,4.79126213592233
2458,1.908373786407767
2459,0.5321601941747574
2460,2.0819174757281553
2461,1.7433252427184467
2462,0.5703883495145632
2463,0.7160194174757282
2464,1.2803398058252426
2465,2.2263349514563107
2466,1.4842233009708736
2467,0.5655339805825244
2468,1.6802184466019416
2469,1.4108009708737863
2470,0.7324029126213593
2471,1.3567961165048543
2472,1.6025485436893203
2473,0.3149271844660194
2474,1.9065533980582525
2475,2.279733009708738
2476,1.9235436893203883
2477,1.1553398058252426
2478,0.9963592233009708
2479,1.5066747572815533
2480,1.4314320388349513
2481,0.7997572815533981
2482,1.0928398058252426
2483,0.6492718446601942
2484,0.7008495145631068
2485,0.35315533980582525
2486,0.5388349514563107
2487,0.47148058252427183
2488,0.7408980582524272
2489,0.33677184466019416
2490,1.0103155339805825
2491,1.0928398058252426
2492,1.0442961165048543
2493,0.7942961165048543
2494,7.177184466019417
2495,5.572815533980583
2496,2.8234223300970873
2497,1.758495145631068
2498,1.2354368932038835
2499,0.7354368932038835
2500,0.8307038834951457
2501,1.729368932038835
2502,2.004247572815534
2503,1.416868932038835
2504,0.5643203883495146
2505,1.4702669902912622
2506,0.2220873786407767
2507,1.016990291262136
2508,0.4684466019417476
2509,0.6856796116504854
2510,0.42839805825242716
2511,7.559466019417476
2512,1.6893203883495145
2513,0.4029126213592233
2514,5.426577669902913
2515,4.920509708737864
2516,2.0072815533980584
2517,1.8592233009708736
2518,2.2220873786407767
2519,0.8658980582524272
2520,1.1741504854368932
2521,1.2245145631067962
2522,1.341626213592233
2523,2.8300970873786406
2524,1.358009708737864
2525,0.8446601941747574
2526,1.195995145631068
2527,0.5279126213592233
2528,0.5285194174757282
2529,2.8240291262135924
2530,0.30097087378640774
2531,0.4921116504854369
2532,3.654126213592233
2533,2.6844660194174756
2534,2.6444174757281553
2535,1.283373786407767
2536,1.337985436893204
2537,0.9071601941747574
2538,1.7178398058252426
2539,1.2651699029126213
2540,1.4690533980582523
2541,1.2481796116504853
2542,0.783373786407767
2543,0.3434466019417476
2544,0.06735436893203883
2545,0.2020631067961165
2546,1.1450242718446602
2547,0.0
2548,0.06735436893203883
2549,0.30339805825242716
2550,1.0442961165048543
2551,0.5151699029126213
2552,4.430825242718447
2553,7.637135922330097
2554,3.8428398058252426
2555,1.4842233009708736
2556,1.454490291262136
2557,1.329490291262136
2558,0.42597087378640774
2559,7.145631067961165
2560,2.8349514563106797
2561,2.6074029126213594
2562,0.8428398058252428
2563,2.0928398058252426
2564,0.7433252427184466
2565,2.637742718446602
2566,0.9217233009708738
2567,0.6656553398058253
2568,1.3361650485436893
2569,12.577669902912621
2570,3.8021844660194173
2571,2.470873786407767
2572,4.828276699029127
2573,2.95752427184466
2574,2.3052184466019416
2575,3.0625
2576,3.203276699029126
2577,1.2184466019417477
2578,0.2669902912621359
2579,1.5509708737864076
2580,1.170509708737864
2581,5.388956310679612
2582,3.64502427184466
2583,0.9271844660194175
2584,1.39623786407767
2585,0.4059466019417476
2586,3.0989077669902914
2587,1.074635922330097
2588,0.7129854368932039
2589,1.3149271844660193
2590,6.316140776699029
2591,0.7408980582524272
2592,2.5813106796116507
2593,1.8398058252427183
2594,1.9569174757281553
2595,1.492111650485437
2596,3.1468446601941746
2597,1.5952669902912622
2598,1.325242718446602
2599,0.8938106796116505
2600,0.9720873786407767
2601,0.6577669902912622
2602,0.2020631067961165
2603,0.33677184466019416
2604,2.7615291262135924
2605,0.13470873786407767
2606,0.13470873786407767
2607,0.712378640776699
2608,2.5552184466019416
2609,0.0
2610,12.099514563106796
2611,2.0661407766990294
2612,1.171116504854369
2613,1.395631067961165
2614,2.1158980582524274
2615,1.266383495145631
2616,0.7342233009708738
2617,3.0151699029126213
2618,2.612257281553398
2619,2.8938106796116507
2620,2.525485436893204
2621,1.575242718446602
2622,0.6577669902912622
2623,0.8319174757281553
2624,2.087985436893204
2625,0.9514563106796117
2626,0.1887135922330097
2627,16.077063106796118
2628,8.627427184466018
2629,1.266990291262136
2630,7.043082524271845
2631,2.4368932038834954
2632,2.7311893203883493
2633,2.257888349514563
2634,1.9490291262135924
2635,1.2967233009708736
2636,0.26152912621359226
2637,0.9726941747572816
2638,0.8222087378640777
2639,2.9320388349514563
2640,3.5442961165048543
2641,0.8155339805825242
2642,1.3058252427184467
2643,0.3440533980582524
2644,0.9769417475728155
2645,0.45024271844660196
2646,0.39805825242718446
2647,0.7591019417475728
2648,3.1699029126213594
2649,1.6231796116504853
2650,1.933252427184466
2651,1.9641990291262137
2652,1.0060679611650487
2653,0.5260922330097088
2654,1.2220873786407767
2655,0.45995145631067963
2656,1.775485436893204
2657,0.4557038834951456
2658,0.46359223300970875
2659,0.6092233009708738
2660,0.2020631067961165
2661,0.06735436893203883
2662,2.492111650485437
2663,1.1450242718446602
2664,0.13470873786407767
2665,0.40898058252427183
2666,1.3428398058252426
2667,0.009708737864077669
2668,6.128640776699029
2669,2.1838592233009706
2670,1.5782766990291264
2671,0.7148058252427185
2672,0.5364077669902912
2673,0.4550970873786408
2674,0.7390776699029127
2675,2.162014563106796
2676,1.8161407766990292
2677,1.9010922330097086
2678,1.4478155339805825
2679,0.5843446601941747
2680,2.0904126213592233
2681,0.19842233009708737
2682,0.1650485436893204
2683,0.3725728155339806
2684,1.3021844660194175
2685,7.170509708737864
2686,4.057038834951456
2687,1.7184466019417475
2688,1.8137135922330097
2689,1.9132281553398058
2690,1.766383495145631
2691,0.9532766990291263
2692,0.4320388349514563
2693,0.5224514563106797
2694,0.6953883495145632
2695,0.3713592233009709
2696,0.16868932038834952
2697,0.9411407766990292
2698,1.8719660194174756
2699,1.0612864077669903
2700,0.40109223300970875
2701,0.33798543689320387
2702,1.2396844660194175
2703,1.1881067961165048
2704,0.9265776699029127
2705,1.4769417475728155
2706,1.7936893203883495
2707,2.304004854368932
2708,2.3319174757281553
2709,1.2506067961165048
2710,0.6729368932038835
2711,0.4684466019417476
2712,1.2172330097087378
2713,0.6735436893203883
2714,0.30946601941747576
2715,0.5072815533980582
2716,1.0807038834951457
2717,1.1699029126213594
2718,0.13470873786407767
2719,0.6735436893203883
2720,1.212378640776699
2721,0.13470873786407767
2722,0.26941747572815533
2723,0.620752427184466
2724,1.3476941747572815
2725,0.6450242718446602
2726,2.1480582524271847
2727,3.0703883495145634
2728,2.612257281553398
2729,0.45995145631067963
2730,0.38774271844660196
2731,0.6650485436893204
2732,0.21844660194174756
2733,1.0309466019417477
2734,1.5928398058252426
2735,0.8938106796116505
2736,1.2609223300970873
2737,0.7724514563106797
2738,0.7093446601941747
2739,0.3774271844660194
2740,0.520631067961165
2741,0.2178398058252427
2742,0.3288834951456311
2743,4.466019417475728
2744,1.9696601941747574
2745,1.0631067961165048
2746,1.070995145631068
2747,2.0558252427184467
2748,1.8737864077669903
2749,0.8185679611650486
2750,0.3300970873786408
2751,0.4787621359223301
2752,1.220873786407767
2753,0.4684466019417476
2754,0.2803398058252427
2755,3.2900485436893203
2756,0.9672330097087378
2757,0.43143203883495146
2758,0.6171116504854369
2759,0.4684466019417476
2760,1.4563106796116505
2761,0.575242718446602
2762,0.3768203883495146
2763,0.24635922330097088
2764,1.9866504854368932
2765,2.163228155339806
2766,2.345873786407767
2767,0.6680825242718447
2768,0.9229368932038835
2769,0.4975728155339806
2770,0.9029126213592233
2771,0.6110436893203883
2772,0.41140776699029125
2773,0.6516990291262136
2774,0.9550970873786409
2775,0.9271844660194175
2776,0.13470873786407767
2777,0.404126213592233
2778,2.1553398058252426
2779,0.13470873786407767
2780,0.06735436893203883
2781,0.20691747572815533
2782,0.8470873786407767
2783,0.06735436893203883
2784,6.858009708737864
2785,2.391990291262136
2786,1.9951456310679612
2787,0.43446601941747576
2788,1.6274271844660193
2789,2.2475728155339807
2790,1.2269417475728155
2791,4.346480582524272
2792,1.7827669902912622
2793,2.0594660194174756
2794,1.3137135922330097
2795,0.8938106796116505
2796,2.7936893203883493
2797,0.27609223300970875
2798,0.729368932038835
2799,0.11165048543689321
2800,2.4423543689320386
2801,13.509708737864077
2802,3.158980582524272
2803,1.8300970873786409
2804,4.944781553398059
2805,2.6771844660194173
2806,4.763349514563107
2807,0.8313106796116505
2808,1.5800970873786406
2809,1.674757281553398
2810,1.225121359223301
2811,0.2803398058252427
2812,0.14016990291262135
2813,2.6304611650485437
2814,3.2463592233009706
2815,0.3871359223300971
2816,0.3434466019417476
2817,0.6067961165048543
2818,2.3258495145631066
2819,0.7530339805825244
2820,0.6990291262135923
2821,0.11104368932038836
2822,6.808859223300971
2823,2.6802184466019416
2824,2.483009708737864
2825,1.7924757281553398
2826,0.966626213592233
2827,0.2657766990291262
2828,0.7487864077669903
2829,0.31978155339805825
2830,0.7239077669902912
2831,0.38652912621359226
2832,0.7821601941747574
2833,1.3143203883495147
2834,0.0
2835,0.06735436893203883
2836,1.1450242718446602
2837,1.6838592233009708
2838,0.13470873786407767
2839,0.03398058252427184
2840,1.0060679611650485
2841,0.14441747572815533
2842,2.641990291262136
2843,1.9702669902912622
2844,1.117111650485437
2845,0.762742718446602
2846,0.9186893203883495
2847,0.6535194174757282
2848,0.8889563106796117
2849,2.846480582524272
2850,1.837985436893204
2851,2.070388349514563
2852,1.671116504854369
2853,1.1195388349514563
2854,0.6516990291262136
2855,0.6553398058252426
2856,0.3622572815533981
2857,0.06796116504854369
2858,0.27609223300970875
2859,9.31128640776699
2860,2.6474514563106797
2861,1.9320388349514563
2862,3.7566747572815533
2863,2.0661407766990294
2864,2.1972087378640777
2865,1.1219660194174756
2866,1.395631067961165
2867,0.7827669902912622
2868,1.0194174757281553
2869,0.39684466019417475
2870,0.1887135922330097
2871,2.1359223300970873
2872,2.045509708737864
2873,0.9271844660194175
2874,0.1650485436893204
2875,0.6128640776699029
2876,1.3677184466019416
2877,0.9696601941747574
2878,0.33495145631067963
2879,0.9993932038834952
2880,6.265169902912621
2881,1.8155339805825244
2882,2.1601941747572817
2883,1.79126213592233
2884,0.25728155339805825
2885,0.2178398058252427
2886,0.5412621359223301
2887,1.6486650485436893
2888,0.7378640776699029
2889,0.2178398058252427
2890,0.38228155339805825
2891,0.3580097087378641
2892,0.0
2893,0.0
2894,1.4144417475728155
2895,1.1450242718446602
2896,0.2020631067961165
2897,0.3561893203883495
2898,0.524878640776699
2899,0.7991504854368932
2900,9.485576923076923
2901,2.0144230769230766
2902,1.3509615384615383
2903,0.8269230769230769
2904,0.7788461538461539
2905,0.34134615384615385
2906,0.7019230769230769
2907,1.7980769230769231
2908,1.9423076923076923
2909,1.1057692307692308
2910,1.6153846153846154
2911,0.9951923076923077
2912,1.6826923076923077
2913,0.6346153846153846
2914,0.5480769230769231
2915,0.2403846153846154
2916,0.9951923076923077
2917,4.6923076923076925
2918,3.0576923076923075
2919,1.8653846153846154
2920,4.677884615384615
2921,1.0528846153846154
2922,2.831730769230769
2923,2.2163461538461537
2924,1.0480769230769231
2925,0.5192307692307692
2926,1.1346153846153846
2927,0.3942307692307692
2928,0.4375
2929,1.2307692307692308
2930,2.4134615384615383
2931,1.3173076923076923
2932,0.5048076923076923
2933,1.5096153846153846
2934,0.7788461538461539
2935,1.1057692307692308
2936,0.7211538461538461
2937,0.6442307692307692
2938,2.480769230769231
2939,2.8653846153846154
2940,2.6009615384615383
2941,1.3894230769230769
2942,0.8942307692307693
2943,0.7788461538461539
2944,1.1153846153846154
2945,0.5432692307692308
2946,0.46153846153846156
2947,1.0769230769230769
2948,1.0961538461538463
2949,0.7451923076923077
2950,0.0
2951,0.33653846153846156
2952,0.40384615384615385
2953,0.20192307692307693
2954,0.40384615384615385
2955,0.5769230769230769
2956,1.5913461538461537
2957,1.5528846153846154
2958,6.235576923076923
2959,2.0144230769230766
2960,1.3942307692307692
2961,0.46634615384615385
2962,0.1346153846153846
2963,0.6394230769230769
2964,0.6105769230769231
2965,2.0240384615384617
2966,2.105769230769231
2967,0.7644230769230769
2968,1.3028846153846154
2969,1.4663461538461537
2970,0.5769230769230769
2971,1.0817307692307692
2972,0.7163461538461539
2973,0.75
2974,0.1778846153846154
2975,6.375
2976,3.9038461538461537
2977,0.7019230769230769
2978,4.336538461538462
2979,1.9567307692307692
2980,0.8990384615384616
2981,2.706730769230769
2982,1.0769230769230769
2983,0.7163461538461539
2984,0.2596153846153846
2985,1.0
2986,0.5721153846153846
2987,3.5240384615384617
2988,0.40384615384615385
2989,0.75
2990,1.3653846153846154
2991,1.0721153846153846
2992,0.20192307692307693
2993,0.4903846153846154
2994,0.16346153846153846
2995,0.17307692307692307
2996,1.2884615384615383
2997,2.269230769230769
2998,0.7932692307692308
2999,0.34615384615384615
3000,1.1201923076923077
3001,0.6490384615384616
3002,0.6682692307692308
3003,0.49038461538461536
3004,1.2019230769230769
3005,0.5528846153846154
3006,0.6730769230769231
3007,0.1298076923076923
3008,0.0
3009,0.1346153846153846
3010,1.6153846153846154
3011,0.1346153846153846
3012,0.47115384615384615
3013,0.3125
3014,0.6394230769230769
3015,0.014423076923076924
3016,10.567307692307693
3017,2.418269230769231
3018,2.355769230769231
3019,3.4134615384615383
3020,1.9182692307692308
3021,0.9038461538461539
3022,1.1538461538461537
3023,1.9711538461538463
3024,1.9951923076923077
3025,2.1009615384615383
3026,1.4711538461538463
3027,2.0240384615384617
3028,0.5192307692307692
3029,0.8653846153846154
3030,0.6490384615384616
3031,0.8942307692307693
3032,0.6394230769230769
3033,15.221153846153847
3034,5.341346153846153
3035,2.514423076923077
3036,5.4423076923076925
3037,6.591346153846153
3038,1.9663461538461537
3039,0.8509615384615384
3040,2.2980769230769234
3041,2.0240384615384617
3042,1.1730769230769231
3043,2.0673076923076925
3044,1.7355769230769231
3045,2.918269230769231
3046,1.0865384615384617
3047,2.3125
3048,1.9951923076923077
3049,1.0288461538461537
3050,1.3653846153846154
3051,1.4855769230769231
3052,1.8990384615384617
3053,0.6634615384615384
3054,3.3028846153846154
3055,3.8125
3056,2.3461538461538463
3057,1.5384615384615383
3058,0.8605769230769231
3059,1.5528846153846154
3060,2.0480769230769234
3061,0.7980769230769231
3062,1.6442307692307692
3063,1.2980769230769231
3064,1.1153846153846154
3065,0.34134615384615385
3066,0.1346153846153846
3067,0.33653846153846156
3068,0.9423076923076923
3069,0.20192307692307693
3070,0.7403846153846154
3071,0.9711538461538461
3072,1.3461538461538463
3073,0.9471153846153846
3074,6.394230769230769
3075,5.139423076923077
3076,3.5625
3077,1.4759615384615383
3078,1.6394230769230769
3079,1.5336538461538463
3080,1.6538461538461537
3081,1.7163461538461537
3082,3.3076923076923075
3083,2.1826923076923075
3084,0.7836538461538461
3085,1.2644230769230769
3086,0.2980769230769231
3087,1.0721153846153846
3088,1.2788461538461537
3089,0.4951923076923077
3090,0.375
3091,9.64423076923077
3092,3.2548076923076925
3093,0.49038461538461536
3094,5.322115384615385
3095,4.673076923076923
3096,2.5
3097,1.7596153846153846
3098,1.6057692307692308
3099,0.7692307692307692
3100,1.5
3101,1.1634615384615383
3102,2.1875
3103,2.8125
3104,1.7980769230769231
3105,0.8653846153846154
3106,0.6105769230769231
3107,0.5673076923076923
3108,0.8990384615384616
3109,2.1201923076923075
3110,1.1201923076923077
3111,0.3221153846153846
3112,4.855769230769231
3113,2.8990384615384617
3114,3.3605769230769234
3115,2.0384615384615383
3116,1.8846153846153846
3117,0.6105769230769231
3118,1.9711538461538463
3119,2.0576923076923075
3120,2.0913461538461537
3121,1.9567307692307692
3122,1.0144230769230769
3123,0.3557692307692308
3124,0.33653846153846156
3125,0.0673076923076923
3126,1.0769230769230769
3127,0.5384615384615384
3128,0.33653846153846156
3129,0.5673076923076923
3130,1.0144230769230769
3131,1.3221153846153846
3132,5.951923076923077
3133,6.086538461538462
3134,7.6298076923076925
3135,2.1298076923076925
3136,1.6057692307692308
3137,1.2788461538461537
3138,0.9423076923076923
3139,8.788461538461538
3140,3.5240384615384617
3141,3.0865384615384617
3142,1.1201923076923077
3143,2.3846153846153846
3144,0.7740384615384616
3145,2.8798076923076925
3146,1.0
3147,1.375
3148,1.0576923076923077
3149,14.639423076923077
3150,4.375
3151,2.9759615384615383
3152,5.163461538461538
3153,6.139423076923077
3154,2.4038461538461537
3155,2.019230769230769
3156,3.9903846153846154
3157,1.0865384615384617
3158,0.40865384615384615
3159,1.3894230769230769
3160,1.5817307692307692
3161,4.408653846153847
3162,3.2163461538461537
3163,0.7740384615384616
3164,1.3605769230769231
3165,0.9855769230769231
3166,3.2259615384615383
3167,2.0384615384615383
3168,1.0096153846153846
3169,1.1346153846153846
3170,8.64423076923077
3171,1.7548076923076923
3172,3.8173076923076925
3173,2.3605769230769234
3174,2.4278846153846154
3175,1.6778846153846154
3176,3.418269230769231
3177,1.8894230769230769
3178,1.4423076923076923
3179,1.3365384615384617
3180,1.5096153846153846
3181,0.9423076923076923
3182,0.0673076923076923
3183,0.33653846153846156
3184,1.6826923076923077
3185,0.1346153846153846
3186,0.8076923076923077
3187,0.8317307692307693
3188,1.7403846153846154
3189,0.0
3190,14.495192307692307
3191,2.8269230769230766
3192,1.9903846153846154
3193,1.5961538461538463
3194,2.9038461538461537
3195,2.2788461538461537
3196,0.7836538461538461
3197,4.1923076923076925
3198,2.8221153846153846
3199,2.6490384615384617
3200,2.3701923076923075
3201,2.4423076923076925
3202,0.5721153846153846
3203,1.4230769230769231
3204,2.2596153846153846
3205,1.0865384615384617
3206,0.3317307692307692
3207,18.5
3208,8.048076923076923
3209,1.8173076923076923
3210,9.163461538461538
3211,3.0625
3212,3.1298076923076925
3213,1.9086538461538463
3214,2.0913461538461537
3215,1.7451923076923077
3216,0.6442307692307692
3217,1.75
3218,0.42788461538461536
3219,3.0096153846153846
3220,4.052884615384615
3221,0.9903846153846154
3222,1.5
3223,0.3173076923076923
3224,1.0384615384615383
3225,0.9855769230769231
3226,0.27403846153846156
3227,0.8173076923076923
3228,3.6826923076923075
3229,1.4855769230769231
3230,1.125
3231,3.0576923076923075
3232,1.0817307692307692
3233,0.3894230769230769
3234,1.2067307692307692
3235,0.3798076923076923
3236,2.0913461538461537
3237,0.7451923076923077
3238,0.4807692307692308
3239,0.5576923076923077
3240,0.2692307692307692
3241,0.20192307692307693
3242,2.423076923076923
3243,2.7596153846153846
3244,0.0673076923076923
3245,0.28365384615384615
3246,2.3125
3247,0.21153846153846154
3248,7.826923076923077
3249,3.0240384615384617
3250,1.3028846153846154
3251,0.7884615384615384
3252,0.33653846153846156
3253,0.2644230769230769
3254,0.6057692307692308
3255,2.918269230769231
3256,1.5
3257,2.0
3258,1.6346153846153846
3259,0.7451923076923077
3260,2.3413461538461537
3261,0.4855769230769231
3262,0.40384615384615385
3263,0.6009615384615384
3264,1.4711538461538463
3265,5.3125
3266,3.4278846153846154
3267,1.9086538461538463
3268,3.0769230769230766
3269,0.5865384615384616
3270,2.8990384615384617
3271,1.7067307692307692
3272,0.5192307692307693
3273,0.6298076923076923
3274,1.4471153846153846
3275,0.21634615384615385
3276,0.5769230769230769
3277,1.0480769230769231
3278,2.456730769230769
3279,2.0480769230769234
3280,1.1682692307692308
3281,0.625
3282,1.4086538461538463
3283,1.6105769230769231
3284,0.9423076923076923
3285,1.1057692307692308
3286,2.1201923076923075
3287,2.605769230769231
3288,2.0913461538461537
3289,0.9326923076923077
3290,0.6634615384615384
3291,0.6442307692307692
3292,1.1826923076923077
3293,0.7307692307692307
3294,0.4567307692307692
3295,0.46634615384615385
3296,0.6009615384615384
3297,1.0961538461538463
3298,0.7403846153846154
3299,0.47115384615384615
3300,0.7403846153846154
3301,0.40384615384615385
3302,0.47115384615384615
3303,0.3557692307692308
3304,1.5528846153846154
3305,1.3557692307692308
3306,3.1538461538461537
3307,3.0480769230769234
3308,3.206730769230769
3309,0.7788461538461539
3310,0.8509615384615384
3311,0.3221153846153846
3312,0.6394230769230769
3313,1.1971153846153846
3314,1.2259615384615383
3315,0.7451923076923077
3316,1.9567307692307692
3317,0.8028846153846154
3318,0.8365384615384616
3319,0.6009615384615384
3320,0.7211538461538461
3321,0.44711538461538464
3322,0.9903846153846154
3323,4.7451923076923075
3324,1.7596153846153846
3325,1.0192307692307692
3326,1.6778846153846154
3327,1.6201923076923077
3328,1.9134615384615383
3329,1.0336538461538463
3330,0.47596153846153844
3331,0.5144230769230769
3332,1.3173076923076923
3333,0.23076923076923078
3334,0.5288461538461539
3335,3.4903846153846154
3336,1.3798076923076923
3337,2.25
3338,0.35096153846153844
3339,0.4182692307692308
3340,1.2403846153846154
3341,0.7740384615384616
3342,0.5240384615384616
3343,0.2403846153846154
3344,3.081730769230769
3345,2.1105769230769234
3346,2.9230769230769234
3347,0.6105769230769231
3348,0.8365384615384616
3349,0.46153846153846156
3350,0.9903846153846154
3351,0.8461538461538461
3352,1.1153846153846154
3353,0.5480769230769231
3354,0.9471153846153846
3355,0.5673076923076923
3356,0.0673076923076923
3357,0.0673076923076923
3358,1.3461538461538463
3359,0.0
3360,0.47115384615384615
3361,0.16826923076923078
3362,0.5384615384615384
3363,0.2692307692307692
3364,6.721153846153846
3365,3.2788461538461537
3366,1.9567307692307692
3367,0.46634615384615385
3368,1.6346153846153846
3369,1.4038461538461537
3370,1.0625
3371,3.6490384615384617
3372,3.5048076923076925
3373,2.5528846153846154
3374,1.1057692307692308
3375,1.1971153846153846
3376,2.355769230769231
3377,0.34615384615384615
3378,1.3701923076923077
3379,0.2403846153846154
3380,2.3173076923076925
3381,14.908653846153847
3382,2.706730769230769
3383,2.456730769230769
3384,5.197115384615385
3385,1.2355769230769231
3386,5.778846153846153
3387,0.9423076923076923
3388,1.8846153846153846
3389,1.5240384615384617
3390,0.7548076923076923
3391,0.46634615384615385
3392,0.4471153846153846
3393,2.3028846153846154
3394,2.8365384615384617
3395,0.7451923076923077
3396,0.3557692307692308
3397,0.4855769230769231
3398,1.2836538461538463
3399,1.0432692307692308
3400,0.8365384615384616
3401,0.04807692307692308
3402,5.355769230769231
3403,1.5432692307692308
3404,1.9711538461538463
3405,2.1538461538461537
3406,1.625
3407,0.5721153846153846
3408,0.6490384615384616
3409,0.4182692307692308
3410,0.7355769230769231
3411,0.3653846153846154
3412,0.9086538461538461
3413,1.3317307692307692
3414,0.0
3415,0.0
3416,1.5480769230769231
3417,1.6826923076923077
3418,0.2692307692307692
3419,0.27884615384615385
3420,1.5432692307692308
3421,0.009615384615384616
3422,4.399038461538462
3423,2.5480769230769234
3424,1.4182692307692308
3425,0.4567307692307692
3426,1.5913461538461537
3427,1.1490384615384617
3428,1.0576923076923077
3429,2.793269230769231
3430,1.6826923076923077
3431,1.4855769230769231
3432,1.4711538461538463
3433,1.1490384615384617
3434,0.8798076923076923
3435,0.20192307692307693
3436,0.8076923076923077
3437,0.4375
3438,0.8413461538461539
3439,9.865384615384615
3440,3.6826923076923075
3441,2.3461538461538463
3442,4.509615384615385
3443,3.1009615384615383
3444,1.7644230769230769
3445,1.4567307692307692
3446,1.8365384615384617
3447,0.8701923076923077
3448,1.125
3449,0.6057692307692308
3450,0.3653846153846154
3451,3.2596153846153846
3452,1.9855769230769231
3453,1.8269230769230769
3454,0.15384615384615385
3455,0.5673076923076923
3456,1.3461538461538463
3457,1.0192307692307692
3458,1.0288461538461537
3459,0.7355769230769231
3460,5.528846153846153
3461,2.2163461538461537
3462,1.9903846153846154
3463,1.6586538461538463
3464,0.4230769230769231
3465,0.4423076923076923
3466,1.1105769230769231
3467,1.7067307692307692
3468,0.4807692307692308
3469,0.4375
3470,0.6634615384615384
3471,0.4903846153846154
3472,0.0673076923076923
3473,0.0
3474,1.3461538461538463
3475,1.6826923076923077
3476,0.2692307692307692
3477,0.08173076923076923
3478,0.9807692307692308
3479,0.36538461538461536
3480,7.461538461538462
3481,1.7355769230769231
3482,1.5480769230769231
3483,0.3894230769230769
3484,0.5336538461538461
3485,0.25
3486,0.4951923076923077
3487,2.5625
3488,1.9951923076923077
3489,1.0336538461538463
3490,1.9903846153846154
3491,1.8076923076923077
3492,2.1826923076923075
3493,0.8990384615384616
3494,0.39903846153846156
3495,0.23076923076923078
3496,0.3125
3497,3.7596153846153846
3498,2.5673076923076925
3499,1.9182692307692308
3500,3.4326923076923075
3501,0.6875
3502,1.5817307692307692
3503,2.3173076923076925
3504,0.9182692307692307
3505,1.0576923076923077
3506,1.5096153846153846
3507,0.5865384615384616
3508,1.0048076923076923
3509,0.8557692307692308
3510,3.0528846153846154
3511,1.3846153846153846
3512,0.4326923076923077
3513,0.5576923076923077
3514,0.7932692307692308
3515,1.6971153846153846
3516,0.7692307692307693
3517,0.38461538461538464
3518,2.1153846153846154
3519,2.456730769230769
3520,1.9423076923076923
3521,1.4038461538461537
3522,0.9567307692307692
3523,1.1586538461538463
3524,1.0865384615384617
3525,0.42788461538461536
3526,0.75
3527,1.0048076923076923
3528,0.9086538461538461
3529,0.7692307692307692
3530,0.0673076923076923
3531,0.2692307692307692
3532,0.4182692307692308
3533,0.34134615384615385
3534,0.5432692307692307
3535,0.625
3536,1.2596153846153846
3537,1.0769230769230769
3538,5.8701923076923075
3539,1.7644230769230769
3540,1.3221153846153846
3541,0.3942307692307692
3542,0.20192307692307693
3543,0.9086538461538461
3544,0.9807692307692307
3545,3.7788461538461537
3546,2.2548076923076925
3547,0.9759615384615384
3548,1.7115384615384617
3549,2.456730769230769
3550,0.34615384615384615
3551,0.7307692307692308
3552,1.1875
3553,0.8846153846153846
3554,0.11538461538461539
3555,4.235576923076923
3556,4.350961538461538
3557,0.9951923076923077
3558,2.9375
3559,2.6634615384615383
3560,1.5576923076923077
3561,3.855769230769231
3562,1.6634615384615383
3563,0.6875
3564,0.10576923076923077
3565,1.1346153846153846
3566,0.8221153846153846
3567,2.9759615384615383
3568,0.5384615384615384
3569,2.8221153846153846
3570,1.1682692307692308
3571,1.0576923076923077
3572,0.27884615384615385
3573,0.3942307692307692
3574,0.21634615384615385
3575,0.5288461538461539
3576,1.2067307692307692
3577,2.3173076923076925
3578,0.6682692307692308
3579,0.5528846153846154
3580,0.9855769230769231
3581,0.7211538461538461
3582,0.8173076923076923
3583,0.4423076923076923
3584,1.2115384615384617
3585,0.4951923076923077
3586,0.375
3587,0.16346153846153846
3588,0.0
3589,0.2692307692307692
3590,1.2259615384615385
3591,0.0673076923076923
3592,0.2692307692307692
3593,0.9230769230769231
3594,0.7067307692307693
3595,0.004807692307692308
3596,8.057692307692307
3597,1.8701923076923077
3598,2.0144230769230766
3599,2.8365384615384617
3600,1.6298076923076923
3601,0.3894230769230769
3602,0.8942307692307693
3603,2.1105769230769234
3604,2.855769230769231
3605,1.9471153846153846
3606,1.4038461538461537
3607,1.9326923076923077
3608,0.7451923076923077
3609,0.7644230769230769
3610,0.9230769230769231
3611,1.2211538461538463
3612,0.3125
3613,14.177884615384615
3614,3.5673076923076925
3615,2.6538461538461537
3616,4.600961538461538
3617,11.591346153846153
3618,1.9326923076923077
3619,1.5913461538461537
3620,2.7884615384615383
3621,1.7836538461538463
3622,0.7692307692307692
3623,1.4326923076923077
3624,1.3221153846153846
3625,1.6826923076923077
3626,1.3269230769230769
3627,2.4375
3628,1.4663461538461537
3629,1.8942307692307692
3630,1.0432692307692308
3631,1.5288461538461537
3632,1.1538461538461537
3633,0.18269230769230768
3634,2.8413461538461537
3635,3.0913461538461537
3636,2.2788461538461537
3637,1.5432692307692308
3638,0.8461538461538461
3639,1.4759615384615383
3640,2.9951923076923075
3641,1.0769230769230769
3642,1.2884615384615383
3643,1.5144230769230769
3644,0.8894230769230769
3645,0.2548076923076923
3646,0.6057692307692307
3647,0.1346153846153846
3648,1.8269230769230769
3649,0.13942307692307693
3650,0.4182692307692308
3651,0.9759615384615384
3652,1.4807692307692308
3653,0.8653846153846154
3654,4.605769230769231
3655,4.269230769230769
3656,2.6923076923076925
3657,1.3076923076923077
3658,1.0432692307692308
3659,0.7932692307692308
3660,0.5913461538461539
3661,1.8317307692307692
3662,3.9855769230769234
3663,1.8509615384615383
3664,1.6826923076923077
3665,2.5625
3666,0.46634615384615385
3667,1.1009615384615385
3668,1.1923076923076923
3669,1.0721153846153846
3670,0.42788461538461536
3671,8.0625
3672,2.4230769230769234
3673,0.5096153846153846
3674,4.456730769230769
3675,5.336538461538462
3676,1.5769230769230769
3677,1.4903846153846154
3678,1.6153846153846154
3679,0.8221153846153846
3680,1.1778846153846154
3681,0.6634615384615384
3682,1.2451923076923077
3683,3.1201923076923075
3684,1.7884615384615383
3685,0.7692307692307693
3686,0.7884615384615384
3687,0.7644230769230769
3688,0.5192307692307692
3689,1.6682692307692308
3690,0.9567307692307693
3691,0.4903846153846154
3692,3.355769230769231
3693,3.1490384615384617
3694,2.9423076923076925
3695,1.3557692307692308
3696,1.5961538461538463
3697,0.625
3698,1.7836538461538463
3699,1.2163461538461537
3700,2.0961538461538463
3701,1.8701923076923077
3702,0.6442307692307692
3703,0.46634615384615385
3704,0.20192307692307693
3705,0.47115384615384615
3706,1.6346153846153846
3707,0.2692307692307692
3708,0.4807692307692308
3709,0.2932692307692308
3710,1.5048076923076923
3711,0.5865384615384616
3712,4.086538461538462
3713,5.283653846153847
3714,3.8461538461538463
3715,1.2019230769230769
3716,1.2307692307692308
3717,0.7307692307692307
3718,0.7019230769230769
3719,12.466346153846153
3720,4.086538461538462
3721,2.5576923076923075
3722,0.8028846153846154
3723,2.980769230769231
3724,0.9615384615384616
3725,2.1201923076923075
3726,0.9711538461538461
3727,2.0913461538461537
3728,0.8413461538461539
3729,13.216346153846153
3730,5.048076923076923
3731,3.2403846153846154
3732,5.028846153846153
3733,5.980769230769231
3734,2.5384615384615383
3735,2.4903846153846154
3736,3.5480769230769234
3737,1.6875
3738,0.3317307692307692
3739,1.9807692307692308
3740,1.875
3741,6.519230769230769
3742,2.2115384615384617
3743,1.0769230769230769
3744,1.6682692307692308
3745,0.8798076923076923
3746,2.2355769230769234
3747,1.5384615384615383
3748,0.7067307692307693
3749,1.0769230769230769
3750,8.16826923076923
3751,0.5432692307692307
3752,3.7403846153846154
3753,2.9471153846153846
3754,2.2211538461538463
3755,1.8942307692307692
3756,3.0721153846153846
3757,1.9855769230769231
3758,2.0576923076923075
3759,1.6057692307692308
3760,1.3701923076923077
3761,0.375
3762,0.40384615384615385
3763,0.33653846153846156
3764,2.6875
3765,0.47596153846153844
3766,0.35096153846153844
3767,0.7644230769230769
3768,1.6730769230769231
3769,0.0
3770,8.23076923076923
3771,1.8942307692307692
3772,1.1778846153846154
3773,0.7163461538461539
3774,1.6778846153846154
3775,1.4855769230769231
3776,0.8076923076923077
3777,5.0048076923076925
3778,3.6009615384615383
3779,2.831730769230769
3780,2.7596153846153846
3781,3.0096153846153846
3782,0.9903846153846154
3783,0.6298076923076923
3784,2.105769230769231
3785,1.3028846153846154
3786,0.22596153846153846
3787,15.375
3788,7.346153846153847
3789,1.1057692307692308
3790,6.038461538461538
3791,2.2259615384615383
3792,2.2451923076923075
3793,1.9038461538461537
3794,2.2451923076923075
3795,2.1009615384615383
3796,1.1730769230769231
3797,1.8894230769230769
3798,0.8365384615384616
3799,1.4903846153846154
3800,3.0865384615384617
3801,0.8990384615384616
3802,0.8173076923076923
3803,0.10096153846153846
3804,0.9278846153846154
3805,0.6778846153846154
3806,0.3173076923076923
3807,0.9230769230769231
3808,2.7836538461538463
3809,1.6153846153846154
3810,1.4711538461538463
3811,2.5384615384615383
3812,0.7211538461538461
3813,0.18269230769230768
3814,1.1826923076923077
3815,0.5913461538461539
3816,1.5384615384615383
3817,0.6394230769230769
3818,0.2596153846153846
3819,0.5384615384615384
3820,1.0769230769230769
3821,0.20192307692307693
3822,2.4326923076923075
3823,2.5096153846153846
3824,0.21153846153846154
3825,0.6298076923076923
3826,1.3653846153846154
3827,0.27403846153846156
3828,8.923076923076923
3829,2.1971153846153846
3830,0.9903846153846154
3831,1.1682692307692308
3832,1.2980769230769231
3833,0.21634615384615385
3834,0.5
3835,3.5769230769230766
3836,1.6346153846153846
3837,1.8798076923076923
3838,1.8798076923076923
3839,0.7548076923076923
3840,2.5528846153846154
3841,0.34615384615384615
3842,0.34134615384615385
3843,0.7596153846153846
3844,0.9807692307692308
3845,6.0576923076923075
3846,3.0480769230769234
3847,2.3461538461538463
3848,2.043269230769231
3849,0.8221153846153846
3850,2.0625
3851,2.6394230769230766
3852,0.6442307692307693
3853,0.8221153846153846
3854,1.2980769230769231
3855,0.5288461538461539
3856,1.0192307692307692
3857,2.543269230769231
3858,2.7596153846153846
3859,1.0961538461538463
3860,0.3028846153846154
3861,0.7307692307692308
3862,1.3990384615384617
3863,1.2980769230769231
3864,1.6394230769230769
3865,1.9663461538461537
3866,2.6875
3867,1.6346153846153846
3868,3.1298076923076925
3869,1.2692307692307692
3870,0.7259615384615384
3871,1.0769230769230769
3872,1.4423076923076923
3873,0.8076923076923077
3874,0.7932692307692308
3875,0.3798076923076923
3876,0.6586538461538461
3877,0.8076923076923077
3878,0.33653846153846156
3879,1.0096153846153846
3880,0.6105769230769231
3881,0.27403846153846156
3882,0.5432692307692307
3883,0.15865384615384615
3884,1.2932692307692308
3885,1.75
3886,1.8990384615384615
3887,1.6201923076923077
3888,1.9807692307692308
3889,0.6490384615384616
3890,0.5817307692307692
3891,0.13942307692307693
3892,0.5769230769230769
3893,2.0576923076923075
3894,2.0480769230769234
3895,1.75
3896,0.8653846153846154
3897,0.7596153846153846
3898,0.5961538461538461
3899,0.8173076923076923
3900,0.7884615384615384
3901,0.2403846153846154
3902,0.7596153846153846
3903,4.706730769230769
3904,1.5384615384615383
3905,1.4182692307692308
3906,1.2932692307692308
3907,1.4807692307692308
3908,1.8028846153846154
3909,1.5192307692307692
3910,0.41346153846153844
3911,0.6586538461538461
3912,1.3653846153846154
3913,0.2548076923076923
3914,0.6971153846153846
3915,2.5721153846153846
3916,1.0336538461538463
3917,1.6298076923076923
3918,0.5865384615384616
3919,0.47596153846153844
3920,1.0961538461538463
3921,1.4855769230769231
3922,1.0144230769230769
3923,0.14423076923076922
3924,2.4375
3925,1.6105769230769231
3926,2.5
3927,0.8990384615384616
3928,0.75
3929,0.5576923076923077
3930,1.3317307692307692
3931,0.7019230769230769
3932,0.6682692307692308
3933,0.4951923076923077
3934,0.8125
3935,0.7355769230769231
3936,0.0
3937,0.9423076923076923
3938,1.8990384615384615
3939,0.20192307692307693
3940,0.75
3941,0.28365384615384615
3942,0.9903846153846154
3943,0.34615384615384615
3944,5.548076923076923
3945,3.1730769230769234
3946,2.1971153846153846
3947,0.6538461538461539
3948,1.9423076923076923
3949,1.4759615384615383
3950,1.0480769230769231
3951,4.543269230769231
3952,2.331730769230769
3953,1.625
3954,1.3605769230769231
3955,1.3557692307692308
3956,3.1826923076923075
3957,0.35096153846153844
3958,1.1153846153846154
3959,0.5480769230769231
3960,2.6971153846153846
3961,14.038461538461538
3962,4.3701923076923075
3963,2.25
3964,3.826923076923077
3965,0.8798076923076923
3966,4.663461538461538
3967,0.9038461538461539
3968,1.125
3969,1.4038461538461537
3970,1.0432692307692308
3971,0.47596153846153844
3972,0.35096153846153844
3973,1.4326923076923077
3974,4.144230769230769
3975,0.35096153846153844
3976,0.3798076923076923
3977,0.17307692307692307
3978,1.3269230769230769
3979,0.4182692307692308
3980,0.625
3981,0.2403846153846154
3982,4.634615384615385
3983,2.0
3984,1.2932692307692308
3985,2.355769230769231
3986,1.3461538461538463
3987,0.39903846153846156
3988,0.875
3989,0.5
3990,0.5865384615384616
3991,0.5576923076923077
3992,0.5865384615384616
3993,1.3365384615384617
3994,0.1346153846153846
3995,0.20192307692307693
3996,1.8942307692307692
3997,1.0817307692307692
3998,0.1346153846153846
3999,0.22115384615384615
4000,1.7884615384615385
4001,0.14423076923076922
4002,2.668269230769231
4003,2.1153846153846154
4004,1.0096153846153846
4005,1.2596153846153846
4006,0.9471153846153846
4007,0.5961538461538461
4008,0.8028846153846154
4009,4.668269230769231
4010,1.2788461538461537
4011,1.3942307692307692
4012,1.4951923076923077
4013,1.7644230769230769
4014,0.6201923076923077
4015,0.16826923076923078
4016,0.6826923076923077
4017,0.4855769230769231
4018,0.7355769230769231
4019,6.956730769230769
4020,4.509615384615385
4021,2.173076923076923
4022,3.0384615384615383
4023,2.3076923076923075
4024,1.5769230769230769
4025,2.3653846153846154
4026,2.2884615384615383
4027,0.6875
4028,1.3894230769230769
4029,0.8028846153846154
4030,0.21153846153846154
4031,2.2451923076923075
4032,2.3125
4033,0.8125
4034,0.2980769230769231
4035,0.22115384615384615
4036,0.8557692307692307
4037,0.8125
4038,0.6105769230769231
4039,1.0961538461538463
4040,4.634615384615385
4041,2.2403846153846154
4042,1.7355769230769231
4043,1.4759615384615383
4044,0.5048076923076923
4045,0.5961538461538461
4046,0.9807692307692308
4047,2.706730769230769
4048,0.5240384615384616
4049,0.3028846153846154
4050,0.44711538461538464
4051,0.6538461538461539
4052,0.1346153846153846
4053,0.0
4054,0.75
4055,1.8942307692307692
4056,0.6057692307692307
4057,0.27403846153846156
4058,0.7932692307692307
4059,0.4951923076923077
4060,7.789441747572816
4061,1.7572815533980584
4062,1.4108009708737863
4063,0.7202669902912622
4064,0.3580097087378641
4065,0.3191747572815534
4066,0.5024271844660194
4067,2.3513349514563107
4068,1.4550970873786406
4069,1.3149271844660193
4070,1.5
4071,0.8889563106796117
4072,1.578883495145631
4073,0.3058252427184466
4074,0.7141990291262136
4075,0.20813106796116504
4076,0.554004854368932
4077,3.979368932038835
4078,3.2906553398058254
4079,1.4611650485436893
4080,1.854368932038835
4081,0.7305825242718447
4082,1.3634708737864076
4083,1.29126213592233
4084,1.0491504854368932
4085,0.6425970873786409
4086,1.2688106796116505
4087,0.6862864077669903
4088,0.8125
4089,1.0370145631067962
4090,1.9781553398058254
4091,1.6929611650485437
4092,0.3622572815533981
4093,0.7324029126213593
4094,1.1723300970873787
4095,1.3616504854368932
4096,1.0151699029126213
4097,0.2858009708737864
4098,1.7154126213592233
4099,2.6608009708737863
4100,1.6510922330097086
4101,0.45995145631067963
4102,0.5952669902912622
4103,0.8537621359223301
4104,0.787621359223301
4105,0.6086165048543689
4106,0.700242718446602
4107,0.6037621359223301
4108,0.6953883495145632
4109,1.0612864077669903
4110,0.13470873786407767
4111,0.13470873786407767
4112,0.404126213592233
4113,0.26941747572815533
4114,0.06735436893203883
4115,0.31796116504854366
4116,1.270631067961165
4117,0.8137135922330097
4118,3.488470873786408
4119,1.0467233009708736
4120,1.0861650485436893
4121,0.4878640776699029
4122,0.6061893203883495
4123,0.2087378640776699
4124,1.3240291262135924
4125,2.424757281553398
4126,2.757888349514563
4127,1.1741504854368932
4128,0.6098300970873787
4129,1.4199029126213594
4130,0.5066747572815534
4131,0.5600728155339806
4132,0.6037621359223301
4133,0.30097087378640774
4134,0.043689320388349516
4135,4.327063106796117
4136,3.7694174757281553
4137,0.7087378640776699
4138,1.4927184466019416
4139,2.0351941747572817
4140,1.208131067961165
4141,2.1887135922330097
4142,0.7675970873786409
4143,0.8349514563106797
4144,0.11165048543689321
4145,0.854368932038835
4146,1.3786407766990292
4147,3.5072815533980584
4148,0.06735436893203883
4149,1.7178398058252426
4150,1.0928398058252426
4151,1.2851941747572817
4152,0.1450242718446602
4153,0.30946601941747576
4154,0.1262135922330097
4155,0.21723300970873788
4156,1.1007281553398058
4157,2.1656553398058254
4158,0.6516990291262136
4159,0.6808252427184466
4160,0.6862864077669903
4161,1.0078883495145632
4162,0.3483009708737864
4163,0.46480582524271846
4164,0.8883495145631068
4165,0.4065533980582524
4166,0.8009708737864077
4167,0.4720873786407767
4168,0.0
4169,0.2020631067961165
4170,1.3470873786407767
4171,0.13470873786407767
4172,0.06735436893203883
4173,0.7797330097087378
4174,0.5679611650485437
4175,0.009708737864077669
4176,6.836771844660195
4177,1.6134708737864079
4178,1.941747572815534
4179,2.4866504854368934
4180,0.908373786407767
4181,0.44599514563106796
4182,1.0424757281553398
4183,2.975728155339806
4184,1.8531553398058254
4185,1.4550970873786406
4186,1.4405339805825244
4187,1.6947815533980584
4188,0.38652912621359226
4189,0.7057038834951457
4190,0.9065533980582524
4191,0.6243932038834952
4192,0.5212378640776699
4193,11.120145631067961
4194,3.475728155339806
4195,1.6796116504854368
4196,2.52002427184466
4197,4.309466019417476
4198,1.820995145631068
4199,0.45995145631067963
4200,2.3774271844660193
4201,1.4684466019417477
4202,0.45024271844660196
4203,1.087378640776699
4204,1.4387135922330097
4205,2.20873786407767
4206,1.3276699029126213
4207,1.5200242718446602
4208,1.4192961165048543
4209,0.5169902912621359
4210,0.3883495145631068
4211,0.3586165048543689
4212,1.1401699029126213
4213,0.13106796116504854
4214,1.8658980582524272
4215,2.829490291262136
4216,1.5685679611650487
4217,1.2851941747572817
4218,0.7645631067961165
4219,1.2281553398058254
4220,1.7099514563106797
4221,0.8173543689320388
4222,1.279126213592233
4223,0.5030339805825244
4224,0.43021844660194175
4225,0.41565533980582525
4226,0.33677184466019416
4227,0.06735436893203883
4228,1.0103155339805825
4229,0.26941747572815533
4230,0.404126213592233
4231,0.7463592233009708
4232,1.0685679611650485
4233,0.5006067961165048
4234,4.616504854368932
4235,3.4101941747572813
4236,2.6225728155339807
4237,1.4866504854368932
4238,1.066747572815534
4239,0.42597087378640774
4240,2.061893203883495
4241,1.3118932038834952
4242,3.1074029126213594
4243,1.382888349514563
4244,0.49271844660194175
4245,1.9089805825242718
4246,0.3137135922330097
4247,0.9205097087378641
4248,0.41140776699029125
4249,0.43021844660194175
4250,0.29854368932038833
4251,4.905339805825243
4252,2.0618932038834954
4253,0.3106796116504854
4254,2.6092233009708736
4255,3.9508495145631066
4256,1.5303398058252426
4257,1.320995145631068
4258,1.1049757281553398
4259,0.6328883495145632
4260,1.0910194174757282
4261,0.7821601941747574
4262,0.912621359223301
4263,1.3774271844660193
4264,1.4908980582524272
4265,2.820995145631068
4266,0.8549757281553398
4267,0.7129854368932038
4268,0.5382281553398058
4269,0.5266990291262136
4270,0.566747572815534
4271,0.2900485436893204
4272,3.096480582524272
4273,1.425364077669903
4274,1.8118932038834952
4275,0.5758495145631068
4276,1.2014563106796117
4277,0.5121359223300971
4278,1.1911407766990292
4279,1.0843446601941746
4280,1.6359223300970873
4281,1.3519417475728155
4282,0.7342233009708738
4283,0.4921116504854369
4284,0.13470873786407767
4285,0.404126213592233
4286,1.6838592233009708
4287,0.06735436893203883
4288,0.13470873786407767
4289,0.4811893203883495
4290,1.1407766990291262
4291,0.3756067961165048
4292,4.29004854368932
4293,2.8228155339805827
4294,3.5030339805825244
4295,1.1468446601941746
4296,0.6201456310679612
4297,0.6243932038834952
4298,1.316747572815534
4299,9.307645631067961
4300,3.2930825242718447
4301,2.988470873786408
4302,0.9490291262135923
4303,2.8774271844660193
4304,0.5030339805825244
4305,6.134708737864077
4306,0.9314320388349515
4307,1.2888349514563107
4308,0.854368932038835
4309,14.336771844660195
4310,3.1741504854368934
4311,2.3689320388349513
4312,3.171116504854369
4313,3.6067961165048543
4314,2.0631067961165046
4315,3.1019417475728153
4316,3.225728155339806
4317,1.054611650485437
4318,0.4253640776699029
4319,1.7281553398058254
4320,1.204490291262136
4321,5.64623786407767
4322,2.716019417475728
4323,0.7427184466019418
4324,1.6262135922330097
4325,0.8452669902912622
4326,2.641383495145631
4327,1.7190533980582523
4328,1.2827669902912622
4329,1.074635922330097
4330,6.4211165048543695
4331,1.2172330097087378
4332,4.058859223300971
4333,2.8319174757281553
4334,2.4405339805825244
4335,1.4265776699029127
4336,1.9053398058252426
4337,1.3616504854368932
4338,1.2566747572815533
4339,0.5898058252427185
4340,0.7827669902912622
4341,0.6341019417475728
4342,0.13470873786407767
4343,0.5388349514563107
4344,2.492111650485437
4345,0.47148058252427183
4346,0.0
4347,1.1025485436893203
4348,2.054611650485437
4349,0.0
4350,5.905946601941748
4351,1.7785194174757282
4352,1.0527912621359223
4353,0.7196601941747574
4354,1.2427184466019416
4355,0.9387135922330098
4356,0.49271844660194175
4357,3.2148058252427187
4358,1.9587378640776698
4359,2.211771844660194
4360,1.9387135922330097
4361,2.5194174757281553
4362,0.4253640776699029
4363,0.6953883495145632
4364,1.2645631067961165
4365,0.820995145631068
4366,0.21237864077669905
4367,9.408980582524272
4368,5.279126213592233
4369,1.0
4370,4.066140776699029
4371,1.3513349514563107
4372,1.8191747572815533
4373,1.7032766990291264
4374,1.8143203883495147
4375,1.0157766990291264
4376,0.5260922330097088
4377,1.1881067961165048
4378,0.8780339805825244
4379,1.6316747572815533
4380,1.6680825242718447
4381,0.4799757281553398
4382,0.9993932038834952
4383,0.1450242718446602
4384,0.5473300970873787
4385,0.7281553398058253
4386,0.32402912621359226
4387,0.5121359223300971
4388,1.7402912621359223
4389,1.1067961165048543
4390,1.0036407766990292
4391,1.3137135922330097
4392,0.49271844660194175
4393,0.5309466019417476
4394,0.820995145631068
4395,0.37196601941747576
4396,1.2603155339805825
4397,0.5758495145631068
4398,0.4538834951456311
4399,0.6711165048543689
4400,0.5388349514563107
4401,0.0
4402,2.2900485436893203
4403,1.7512135922330097
4404,0.33677184466019416
4405,0.1395631067961165
4406,1.2803398058252426
4407,0.2020631067961165
4408,5.293689320388349
4409,2.10376213592233
4410,1.2020631067961165
4411,0.7044902912621359
4412,0.5224514563106797
4413,0.4538834951456311
4414,0.49271844660194175
4415,3.1844660194174756
4416,2.2057038834951457
4417,1.3658980582524272
4418,1.546116504854369
4419,0.8495145631067962
4420,1.8567961165048543
4421,0.5497572815533981
4422,0.850121359223301
4423,1.2299757281553398
4424,0.22269417475728157
4425,5.484830097087379
4426,2.6225728155339807
4427,1.7815533980582525
4428,1.4726941747572817
4429,0.5570388349514563
4430,1.9842233009708736
4431,1.5983009708737863
4432,0.4563106796116505
4433,0.4411407766990291
4434,0.7821601941747574
4435,0.15473300970873788
4436,0.3282766990291262
4437,1.1723300970873787
4438,1.7475728155339805
4439,1.1219660194174756
4440,0.45934466019417475
4441,0.5594660194174758
4442,1.537621359223301
4443,1.6862864077669903
4444,0.7493932038834952
4445,1.2991504854368932
4446,1.5807038834951457
4447,1.4987864077669903
4448,2.2639563106796117
4449,0.8276699029126213
4450,0.3537621359223301
4451,0.4544902912621359
4452,1.7360436893203883
4453,0.8228155339805825
4454,0.5163834951456311
4455,0.3774271844660194
4456,0.6031553398058253
4457,1.3033980582524272
4458,0.0
4459,0.26941747572815533
4460,1.0776699029126213
4461,0.13470873786407767
4462,0.47148058252427183
4463,0.27427184466019416
4464,1.1171116504854368
4465,1.0200242718446602
4466,1.4817961165048543
4467,1.3033980582524272
4468,1.7821601941747574
4469,0.3628640776699029
4470,0.44538834951456313
4471,0.3149271844660194
4472,0.4933252427184466
4473,0.9635922330097088
4474,1.0770631067961165
4475,0.8021844660194175
4476,1.2518203883495147
4477,0.9035194174757282
4478,0.825242718446602
4479,0.5030339805825244
4480,0.6462378640776699
4481,0.25728155339805825
4482,0.3282766990291262
4483,4.378033980582524
4484,1.1219660194174756
4485,1.0048543689320388
4486,0.8944174757281553
4487,1.64623786407767
4488,1.1699029126213594
4489,1.8695388349514563
4490,0.28640776699029125
4491,0.38774271844660196
4492,1.1158980582524272
4493,0.37196601941747576
4494,0.2803398058252427
4495,1.5018203883495147
4496,0.933252427184466
4497,0.3300970873786408
4498,0.3762135922330097
4499,0.24696601941747573
4500,1.0940533980582523
4501,0.7973300970873787
4502,0.45024271844660196
4503,0.16929611650485438
4504,1.6571601941747574
4505,1.266383495145631
4506,2.4805825242718447
4507,0.5182038834951457
4508,0.541868932038835
4509,0.40109223300970875
4510,0.8361650485436893
4511,0.9987864077669903
4512,0.4059466019417476
4513,0.5600728155339806
4514,0.5703883495145632
4515,0.6717233009708738
4516,0.13470873786407767
4517,0.26941747572815533
4518,1.9532766990291262
4519,0.404126213592233
4520,0.13470873786407767
4521,0.24575242718446602
4522,0.587378640776699
4523,0.41383495145631066
4524,5.450242718446602
4525,2.4350728155339807
4526,2.0764563106796117
4527,0.3671116504854369
4528,1.9824029126213594
4529,1.408373786407767
4530,0.9326456310679612
4531,3.9696601941747574
4532,1.9896844660194175
4533,1.7178398058252426
4534,1.2760922330097086
4535,1.2742718446601942
4536,2.4186893203883493
4537,0.3143203883495146
4538,0.9132281553398058
4539,0.7093446601941747
4540,1.5266990291262137
4541,12.41504854368932
4542,2.7821601941747574
4543,1.6116504854368932
4544,2.9781553398058254
4545,1.604368932038835
4546,4.120145631067961
4547,1.1104368932038835
4548,1.617111650485437
4549,0.9902912621359223
4550,1.3507281553398058
4551,0.2955097087378641
4552,0.524878640776699
4553,2.2317961165048543
4554,3.153519417475728
4555,0.3143203883495146
4556,0.3907766990291262
4557,0.2955097087378641
4558,0.9199029126213593
4559,0.5121359223300971
4560,2.8222087378640777
4561,0.14927184466019416
4562,4.202063106796117
4563,3.078276699029126
4564,0.970873786407767
4565,1.5989077669902914
4566,0.9605582524271845
4567,0.4393203883495146
4568,0.40230582524271846
4569,0.4975728155339806
4570,0.5266990291262136
4571,0.3962378640776699
4572,0.4247572815533981
4573,1.0533980582524272
4574,0.06735436893203883
4575,0.06735436893203883
4576,1.4817961165048543
4577,0.9429611650485437
4578,0.2020631067961165
4579,0.28883495145631066
4580,1.6796116504854368
4581,0.0
4582,2.5006067961165046
4583,1.7141990291262137
4584,1.0485436893203883
4585,0.5891990291262136
4586,0.6286407766990292
4587,0.7299757281553398
4588,0.4405339805825243
4589,3.1383495145631066
4590,1.4047330097087378
4591,1.1559466019417477
4592,1.1741504854368932
4593,0.9702669902912622
4594,0.33434466019417475
4595,0.27548543689320387
4596,0.3859223300970874
4597,0.1262135922330097
4598,0.2663834951456311
4599,5.151092233009709
4600,2.4320388349514563
4601,1.8203883495145632
4602,1.6577669902912622
4603,2.0782766990291264
4604,1.52123786407767
4605,1.2991504854368932
4606,2.304611650485437
4607,0.7008495145631068
4608,1.1116504854368932
4609,1.008495145631068
4610,0.3137135922330097
4611,3.1134708737864076
4612,1.4180825242718447
4613,0.8379854368932039
4614,0.38106796116504854
4615,0.6031553398058253
4616,1.3228155339805825
4617,1.383495145631068
4618,0.21359223300970873
4619,0.700242718446602
4620,3.4890776699029127
4621,1.0631067961165048
4622,0.6638349514563107
4623,0.8125
4624,0.27609223300970875
4625,0.3622572815533981
4626,0.2955097087378641
4627,1.2105582524271845
4628,0.5018203883495146
4629,0.3483009708737864
4630,0.4016990291262136
4631,0.36771844660194175
4632,0.06735436893203883
4633,0.06735436893203883
4634,0.7408980582524272
4635,1.4144417475728155
4636,0.26941747572815533
4637,0.019417475728155338
4638,0.5006067961165048
4639,0.34648058252427183
4640,8.432692307692307
4641,1.9086538461538463
4642,0.9326923076923077
4643,0.5817307692307692
4644,0.49038461538461536
4645,0.2548076923076923
4646,0.39903846153846156
4647,1.8125
4648,2.2163461538461537
4649,1.1875
4650,1.0288461538461537
4651,1.3942307692307692
4652,1.1490384615384617
4653,0.7115384615384616
4654,0.7019230769230769
4655,0.1971153846153846
4656,0.21153846153846154
4657,3.8173076923076925
4658,2.0528846153846154
4659,1.2019230769230769
4660,1.9903846153846154
4661,0.7596153846153846
4662,1.5192307692307692
4663,2.0048076923076925
4664,0.6153846153846154
4665,1.0384615384615383
4666,1.1153846153846154
4667,0.7211538461538461
4668,0.6586538461538461
4669,0.9375
4670,2.4519230769230766
4671,0.7403846153846154
4672,0.34134615384615385
4673,0.375
4674,0.5432692307692308
4675,1.0
4676,2.105769230769231
4677,0.4278846153846154
4678,1.5721153846153846
4679,2.8990384615384617
4680,1.6346153846153846
4681,0.8413461538461539
4682,0.5192307692307692
4683,0.9134615384615384
4684,0.9519230769230769
4685,0.5384615384615384
4686,0.9278846153846154
4687,0.46634615384615385
4688,0.8269230769230769
4689,1.1057692307692308
4690,0.0
4691,0.2692307692307692
4692,0.6730769230769231
4693,0.1346153846153846
4694,0.6057692307692307
4695,0.35096153846153844
4696,0.7019230769230769
4697,0.9326923076923077
4698,3.5625
4699,1.5240384615384617
4700,1.0144230769230769
4701,0.4230769230769231
4702,0.1346153846153846
4703,0.3798076923076923
4704,0.8221153846153846
4705,1.4567307692307692
4706,1.7740384615384617
4707,1.1490384615384617
4708,0.4519230769230769
4709,1.2980769230769231
4710,0.47115384615384615
4711,0.7836538461538461
4712,1.3028846153846154
4713,0.5432692307692308
4714,0.038461538461538464
4715,4.658653846153847
4716,2.4519230769230766
4717,0.6730769230769231
4718,1.3846153846153846
4719,2.168269230769231
4720,1.1730769230769231
4721,1.8894230769230769
4722,1.3125
4723,0.6153846153846154
4724,0.15384615384615385
4725,0.375
4726,0.7451923076923077
4727,3.331730769230769
4728,0.2692307692307692
4729,1.2884615384615383
4730,1.4759615384615383
4731,0.9807692307692308
4732,0.052884615384615384
4733,0.4567307692307692
4734,0.1778846153846154
4735,0.28365384615384615
4736,0.8846153846153846
4737,2.0240384615384617
4738,0.6346153846153846
4739,0.3125
4740,0.6923076923076923
4741,0.5288461538461539
4742,0.4182692307692308
4743,0.27403846153846156
4744,0.7548076923076923
4745,0.39903846153846156
4746,0.7163461538461539
4747,0.125
4748,0.0
4749,0.2692307692307692
4750,1.2115384615384615
4751,0.2692307692307692
4752,0.1346153846153846
4753,0.7884615384615384
4754,0.35096153846153844
4755,0.1346153846153846
4756,6.038461538461538
4757,1.1153846153846154
4758,2.0865384615384617
4759,3.0
4760,1.1682692307692308
4761,0.6009615384615384
4762,0.9471153846153846
4763,1.9182692307692308
4764,1.75
4765,2.0384615384615383
4766,1.1586538461538463
4767,1.3173076923076923
4768,0.5
4769,0.9567307692307693
4770,0.9375
4771,0.6778846153846154
4772,0.27884615384615385
4773,11.884615384615385
4774,2.0336538461538463
4775,1.4951923076923077
4776,2.5336538461538463
4777,3.8701923076923075
4778,1.875
4779,0.4471153846153846
4780,1.3269230769230769
4781,1.0048076923076923
4782,0.35096153846153844
4783,0.9134615384615384
4784,0.8557692307692307
4785,1.5961538461538463
4786,1.1730769230769231
4787,0.9567307692307693
4788,1.1923076923076923
4789,0.75
4790,0.47596153846153844
4791,0.9903846153846154
4792,0.8269230769230769
4793,0.16346153846153846
4794,1.4519230769230769
4795,2.206730769230769
4796,1.8269230769230769
4797,1.3653846153846154
4798,0.5384615384615384
4799,0.9086538461538461
4800,1.3365384615384617
4801,0.5865384615384616
4802,0.7740384615384616
4803,0.7019230769230769
4804,0.5384615384615384
4805,0.5288461538461539
4806,0.20192307692307693
4807,0.20192307692307693
4808,1.4134615384615385
4809,0.6730769230769231
4810,0.9423076923076923
4811,1.0432692307692308
4812,0.5673076923076923
4813,0.4855769230769231
4814,7.485576923076923
4815,3.1634615384615383
4816,1.8605769230769231
4817,1.6634615384615383
4818,0.5528846153846154
4819,0.9951923076923077
4820,0.5048076923076923
4821,1.0432692307692308
4822,1.9903846153846154
4823,2.6153846153846154
4824,0.5625
4825,1.0048076923076923
4826,0.3894230769230769
4827,0.3942307692307692
4828,0.6153846153846154
4829,1.1875
4830,0.125
4831,5.4951923076923075
4832,1.7211538461538463
4833,0.3701923076923077
4834,2.2644230769230766
4835,3.0576923076923075
4836,1.2596153846153846
4837,2.9903846153846154
4838,1.375
4839,0.8701923076923077
4840,0.75
4841,1.0625
4842,0.8365384615384616
4843,2.0240384615384617
4844,1.0769230769230769
4845,0.2644230769230769
4846,0.7932692307692308
4847,0.6298076923076923
4848,0.3942307692307692
4849,0.6826923076923077
4850,1.4759615384615383
4851,0.1875
4852,1.6490384615384615
4853,1.6442307692307692
4854,2.8653846153846154
4855,1.2259615384615383
4856,1.2019230769230769
4857,0.34615384615384615
4858,1.3509615384615383
4859,0.9230769230769231
4860,1.75
4861,1.0673076923076923
4862,0.5528846153846154
4863,0.21634615384615385
4864,0.1346153846153846
4865,0.1346153846153846
4866,1.6826923076923077
4867,0.0
4868,0.8076923076923077
4869,0.27403846153846156
4870,1.3269230769230769
4871,0.7115384615384616
4872,4.514423076923077
4873,3.0961538461538463
4874,2.7403846153846154
4875,1.4711538461538463
4876,1.3798076923076923
4877,0.7259615384615384
4878,0.6394230769230769
4879,7.509615384615385
4880,2.9471153846153846
4881,2.8125
4882,0.8365384615384616
4883,1.8125
4884,0.6875
4885,3.3509615384615383
4886,1.1923076923076923
4887,1.1394230769230769
4888,0.6105769230769231
4889,10.5
4890,3.2884615384615383
4891,2.418269230769231
4892,2.894230769230769
4893,4.096153846153847
4894,1.8701923076923077
4895,2.956730769230769
4896,1.9519230769230769
4897,1.5048076923076923
4898,0.2692307692307692
4899,1.25
4900,1.5673076923076923
4901,4.923076923076923
4902,1.7884615384615385
4903,0.8557692307692307
4904,1.4663461538461537
4905,1.1394230769230769
4906,2.605769230769231
4907,2.5
4908,0.6346153846153846
4909,1.0096153846153846
4910,7.091346153846153
4911,1.6826923076923077
4912,2.7788461538461537
4913,2.1586538461538463
4914,1.4903846153846154
4915,1.3990384615384617
4916,1.3894230769230769
4917,1.5336538461538463
4918,1.7451923076923077
4919,0.9182692307692308
4920,0.8125
4921,0.5480769230769231
4922,0.20192307692307693
4923,0.20192307692307693
4924,2.6923076923076925
4925,0.0673076923076923
4926,0.0673076923076923
4927,0.9615384615384616
4928,1.0913461538461537
4929,0.0
4930,7.298076923076923
4931,2.0576923076923075
4932,0.5625
4933,0.9086538461538461
4934,1.0576923076923077
4935,0.8557692307692307
4936,1.1971153846153846
4937,2.480769230769231
4938,2.1778846153846154
4939,2.668269230769231
4940,2.0625
4941,2.125
4942,0.7067307692307692
4943,0.4855769230769231
4944,1.3798076923076923
4945,0.6634615384615384
4946,0.21634615384615385
4947,8.798076923076923
4948,5.413461538461538
4949,0.9519230769230769
4950,3.730769230769231
4951,1.4663461538461537
4952,2.0480769230769234
4953,0.9375
4954,2.105769230769231
4955,1.2932692307692308
4956,0.6153846153846154
4957,0.9230769230769231
4958,0.8894230769230769
4959,2.4951923076923075
4960,2.5384615384615383
4961,1.0961538461538463
4962,0.7211538461538461
4963,0.375
4964,0.7355769230769231
4965,0.7355769230769231
4966,0.40384615384615385
4967,0.375
4968,1.5721153846153846
4969,0.8605769230769231
4970,0.9134615384615384
4971,1.0865384615384617
4972,0.7307692307692308
4973,0.11057692307692307
4974,0.7019230769230769
4975,0.34134615384615385
4976,0.9567307692307693
4977,0.9615384615384616
4978,0.18269230769230768
4979,0.46634615384615385
4980,0.5384615384615384
4981,0.0673076923076923
4982,1.4134615384615385
4983,1.8846153846153846
4984,0.2692307692307692
4985,0.27884615384615385
4986,1.3125
4987,0.004807692307692308
4988,6.759615384615385
4989,2.0961538461538463
4990,1.6009615384615383
4991,0.8317307692307692
4992,0.3701923076923077
4993,0.3076923076923077
4994,0.47115384615384615
4995,3.7451923076923075
4996,1.8701923076923077
4997,1.5240384615384617
4998,1.6298076923076923
4999,0.3605769230769231
5000,2.1586538461538463
5001,0.12980769230769232
5002,0.25
5003,0.6057692307692308
5004,0.5192307692307692
5005,5.423076923076923
5006,3.3076923076923075
5007,1.6875
5008,1.8173076923076923
5009,1.1346153846153846
5010,1.5384615384615383
5011,1.6009615384615383
5012,0.5384615384615384
5013,0.7596153846153846
5014,1.0144230769230769
5015,0.4807692307692308
5016,1.0144230769230769
5017,1.5913461538461537
5018,2.6538461538461537
5019,1.8317307692307692
5020,0.6826923076923077
5021,0.6826923076923077
5022,1.3605769230769231
5023,1.6057692307692308
5024,0.46634615384615385
5025,0.8076923076923077
5026,1.6682692307692308
5027,1.6682692307692308
5028,2.1490384615384617
5029,1.0336538461538463
5030,0.7355769230769231
5031,0.3701923076923077
5032,1.0576923076923077
5033,0.41346153846153844
5034,0.39903846153846156
5035,0.3605769230769231
5036,0.7211538461538461
5037,0.75
5038,0.0
5039,0.2692307692307692
5040,1.5480769230769231
5041,0.7403846153846154
5042,0.33653846153846156
5043,0.019230769230769232
5044,1.6298076923076923
5045,0.6442307692307693
5046,1.9663461538461537
5047,1.2115384615384615
5048,1.3269230769230769
5049,0.5144230769230769
5050,0.7019230769230769
5051,0.14423076923076922
5052,0.19230769230769232
5053,1.1778846153846154
5054,1.3317307692307692
5055,0.7548076923076923
5056,1.8125
5057,0.875
5058,0.6971153846153846
5059,0.47596153846153844
5060,0.5769230769230769
5061,0.14903846153846154
5062,0.3076923076923077
5063,4.115384615384615
5064,1.5817307692307692
5065,1.125
5066,1.0817307692307692
5067,1.5817307692307692
5068,1.6201923076923077
5069,1.5096153846153846
5070,0.375
5071,0.5288461538461539
5072,1.2788461538461537
5073,0.7019230769230769
5074,0.21634615384615385
5075,1.5192307692307692
5076,0.8461538461538461
5077,1.6586538461538463
5078,0.4903846153846154
5079,0.1875
5080,0.8557692307692307
5081,1.1009615384615383
5082,0.4326923076923077
5083,0.10096153846153846
5084,1.6346153846153846
5085,1.625
5086,1.9423076923076923
5087,0.9230769230769231
5088,0.5528846153846154
5089,0.8942307692307692
5090,0.5961538461538461
5091,0.9038461538461539
5092,0.6009615384615384
5093,0.5288461538461539
5094,0.5144230769230769
5095,0.5913461538461539
5096,0.0
5097,0.40384615384615385
5098,1.0096153846153846
5099,0.33653846153846156
5100,0.2692307692307692
5101,0.23557692307692307
5102,0.7692307692307693
5103,0.41346153846153844
5104,7.326923076923077
5105,2.418269230769231
5106,2.644230769230769
5107,0.7019230769230769
5108,1.3942307692307692
5109,1.9807692307692308
5110,0.625
5111,3.7259615384615383
5112,1.8557692307692308
5113,2.5048076923076925
5114,1.1923076923076923
5115,0.6298076923076923
5116,3.3894230769230766
5117,0.21634615384615385
5118,1.2307692307692308
5119,0.34134615384615385
5120,1.7451923076923077
5121,11.721153846153847
5122,2.4134615384615383
5123,1.8076923076923077
5124,3.6538461538461537
5125,1.3509615384615383
5126,4.264423076923077
5127,0.7067307692307692
5128,1.1201923076923077
5129,0.8221153846153846
5130,1.3894230769230769
5131,0.5240384615384616
5132,0.125
5133,1.8653846153846154
5134,2.5673076923076925
5135,0.5576923076923077
5136,0.3076923076923077
5137,0.02403846153846154
5138,1.5336538461538463
5139,0.5
5140,0.7836538461538461
5141,0.019230769230769232
5142,4.278846153846153
5143,1.4855769230769231
5144,1.1009615384615383
5145,1.9951923076923077
5146,1.0769230769230769
5147,0.23557692307692307
5148,0.6586538461538461
5149,0.6057692307692308
5150,0.34134615384615385
5151,0.3125
5152,0.5336538461538461
5153,1.2788461538461537
5154,0.0
5155,0.0673076923076923
5156,1.8846153846153846
5157,1.5480769230769231
5158,0.0
5159,0.22115384615384615
5160,1.2019230769230769
5161,0.0
5162,3.9951923076923075
5163,1.3798076923076923
5164,1.4711538461538463
5165,0.3125
5166,0.40384615384615385
5167,0.75
5168,0.6105769230769231
5169,2.4855769230769234
5170,1.5432692307692308
5171,2.519230769230769
5172,1.5817307692307692
5173,0.6346153846153846
5174,0.375
5175,0.3894230769230769
5176,0.3605769230769231
5177,0.23076923076923078
5178,0.3605769230769231
5179,6.769230769230769
5180,2.1538461538461537
5181,1.7403846153846154
5182,2.3653846153846154
5183,2.0288461538461537
5184,1.5144230769230769
5185,1.1009615384615383
5186,1.7307692307692308
5187,1.2980769230769231
5188,1.5913461538461537
5189,0.875
5190,0.13942307692307693
5191,1.8173076923076923
5192,1.8461538461538463
5193,1.0721153846153846
5194,0.23076923076923078
5195,0.25961538461538464
5196,1.2932692307692308
5197,0.7211538461538461
5198,0.4230769230769231
5199,0.6875
5200,3.8365384615384617
5201,0.9230769230769231
5202,1.1201923076923077
5203,1.1730769230769231
5204,0.1778846153846154
5205,0.4375
5206,0.22115384615384615
5207,1.6586538461538463
5208,0.3028846153846154
5209,0.3173076923076923
5210,0.5961538461538461
5211,0.34134615384615385
5212,0.0673076923076923
5213,0.1346153846153846
5214,1.4134615384615385
5215,1.0769230769230769
5216,0.20192307692307693
5217,0.41346153846153844
5218,0.17307692307692307
5219,0.2596153846153846
5220,8.66826923076923
5221,1.8605769230769231
5222,1.1971153846153846
5223,0.5769230769230769
5224,0.9038461538461539
5225,0.3317307692307692
5226,0.6346153846153846
5227,2.3894230769230766
5228,1.4807692307692308
5229,0.5961538461538461
5230,1.2596153846153846
5231,0.7548076923076923
5232,1.2451923076923077
5233,0.4567307692307692
5234,0.4951923076923077
5235,0.1778846153846154
5236,0.17307692307692307
5237,3.9471153846153846
5238,1.7788461538461537
5239,1.6586538461538463
5240,2.3028846153846154
5241,0.9134615384615384
5242,1.7836538461538463
5243,1.6538461538461537
5244,0.7884615384615384
5245,0.7548076923076923
5246,1.0240384615384617
5247,0.47115384615384615
5248,0.5865384615384616
5249,1.1346153846153846
5250,2.3125
5251,2.355769230769231
5252,0.5480769230769231
5253,0.34134615384615385
5254,0.7884615384615384
5255,1.5384615384615383
5256,0.9423076923076923
5257,0.2692307692307692
5258,1.0048076923076923
5259,1.9182692307692308
5260,1.2596153846153846
5261,0.7355769230769231
5262,0.5192307692307692
5263,0.5480769230769231
5264,0.8269230769230769
5265,0.5096153846153846
5266,0.5048076923076923
5267,0.6057692307692308
5268,0.9086538461538461
5269,0.9519230769230769
5270,0.20192307692307693
5271,0.1346153846153846
5272,0.8076923076923077
5273,0.20192307692307693
5274,0.47115384615384615
5275,0.3605769230769231
5276,0.7548076923076923
5277,0.8365384615384616
5278,5.206730769230769
5279,0.9519230769230769
5280,0.9230769230769231
5281,0.7259615384615384
5282,0.47115384615384615
5283,0.5480769230769231
5284,2.4663461538461537
5285,1.3942307692307692
5286,1.6778846153846154
5287,1.5192307692307692
5288,1.0240384615384617
5289,0.9134615384615384
5290,0.2980769230769231
5291,0.6682692307692308
5292,0.34134615384615385
5293,0.5480769230769231
5294,0.1201923076923077
5295,4.966346153846153
5296,2.6875
5297,0.6875
5298,1.4615384615384617
5299,1.8173076923076923
5300,1.1586538461538463
5301,2.6298076923076925
5302,0.7692307692307692
5303,0.5192307692307692
5304,0.10576923076923077
5305,0.5913461538461539
5306,0.7403846153846154
5307,4.206730769230769
5308,0.20192307692307693
5309,0.8798076923076923
5310,0.9711538461538461
5311,1.6009615384615383
5312,0.27403846153846156
5313,0.4951923076923077
5314,0.07211538461538461
5315,0.17307692307692307
5316,0.8653846153846154
5317,2.0625
5318,0.47115384615384615
5319,0.6442307692307692
5320,0.7067307692307692
5321,1.0384615384615383
5322,0.8798076923076923
5323,0.23076923076923078
5324,1.0144230769230769
5325,0.28846153846153844
5326,0.47596153846153844
5327,0.14423076923076922
5328,0.0
5329,0.0673076923076923
5330,1.4134615384615385
5331,0.0673076923076923
5332,0.20192307692307693
5333,0.23557692307692307
5334,0.27884615384615385
5335,0.6105769230769231
5336,5.533653846153847
5337,1.4326923076923077
5338,1.9615384615384617
5339,2.0096153846153846
5340,1.9711538461538463
5341,0.3125
5342,0.6875
5343,1.6730769230769231
5344,1.1057692307692308
5345,1.4759615384615383
5346,0.5961538461538461
5347,1.5673076923076923
5348,0.23557692307692307
5349,0.7115384615384616
5350,0.6153846153846154
5351,0.625
5352,0.6923076923076923
5353,12.466346153846153
5354,2.7788461538461537
5355,1.4567307692307692
5356,2.4326923076923075
5357,4.0048076923076925
5358,1.8846153846153846
5359,0.3173076923076923
5360,1.7644230769230769
5361,1.2067307692307692
5362,0.28365384615384615
5363,0.7932692307692308
5364,1.3942307692307692
5365,2.3173076923076925
5366,1.5144230769230769
5367,0.7163461538461539
5368,0.8317307692307692
5369,0.8413461538461539
5370,0.5432692307692308
5371,1.7980769230769231
5372,0.9423076923076923
5373,0.3028846153846154
5374,1.3076923076923077
5375,2.3653846153846154
5376,1.5913461538461537
5377,1.0432692307692308
5378,0.4567307692307692
5379,1.3509615384615383
5380,1.5
5381,0.625
5382,0.7740384615384616
5383,0.5865384615384616
5384,0.3173076923076923
5385,0.42788461538461536
5386,0.20192307692307693
5387,0.0673076923076923
5388,1.2788461538461537
5389,0.2692307692307692
5390,0.40384615384615385
5391,1.0192307692307692
5392,1.5961538461538463
5393,0.20673076923076922
5394,6.403846153846153
5395,3.2259615384615383
5396,2.5721153846153846
5397,1.3173076923076923
5398,1.0336538461538463
5399,0.5865384615384616
5400,0.5625
5401,0.7740384615384616
5402,3.331730769230769
5403,1.2115384615384617
5404,0.8557692307692308
5405,1.6682692307692308
5406,0.1923076923076923
5407,1.0432692307692308
5408,0.4951923076923077
5409,0.34134615384615385
5410,0.125
5411,5.927884615384615
5412,2.2740384615384617
5413,0.4519230769230769
5414,2.293269230769231
5415,3.1634615384615383
5416,0.6057692307692308
5417,0.9807692307692307
5418,0.8221153846153846
5419,0.6057692307692308
5420,0.7596153846153846
5421,0.8221153846153846
5422,0.7115384615384616
5423,2.4038461538461537
5424,0.9807692307692307
5425,0.5673076923076923
5426,0.7259615384615384
5427,0.4375
5428,0.39903846153846156
5429,0.8461538461538461
5430,2.5528846153846154
5431,0.4182692307692308
5432,2.7163461538461537
5433,1.4471153846153846
5434,2.1153846153846154
5435,0.9471153846153846
5436,1.1923076923076923
5437,0.5865384615384616
5438,1.5432692307692308
5439,1.1634615384615383
5440,1.3269230769230769
5441,1.0288461538461537
5442,0.8798076923076923
5443,0.2548076923076923
5444,0.0
5445,0.20192307692307693
5446,1.6153846153846154
5447,0.0673076923076923
5448,0.20192307692307693
5449,0.35096153846153844
5450,1.1009615384615385
5451,0.5673076923076923
5452,4.346153846153847
5453,2.355769230769231
5454,3.5
5455,1.6875
5456,1.3605769230769231
5457,0.7163461538461539
5458,1.375
5459,7.384615384615385
5460,3.0480769230769234
5461,2.6730769230769234
5462,0.7259615384615384
5463,1.7980769230769231
5464,0.7211538461538461
5465,3.581730769230769
5466,0.8125
5467,1.1009615384615383
5468,0.7067307692307692
5469,11.788461538461538
5470,3.1586538461538463
5471,2.423076923076923
5472,2.956730769230769
5473,3.7115384615384617
5474,1.2548076923076923
5475,1.4182692307692308
5476,3.9759615384615383
5477,1.4471153846153846
5478,0.3076923076923077
5479,1.0
5480,0.9855769230769231
5481,4.774038461538462
5482,1.7355769230769231
5483,0.8701923076923077
5484,1.2596153846153846
5485,0.46153846153846156
5486,2.9663461538461537
5487,1.3125
5488,0.8557692307692307
5489,1.5144230769230769
5490,5.6298076923076925
5491,0.47115384615384615
5492,2.9855769230769234
5493,2.3798076923076925
5494,1.5625
5495,1.6153846153846154
5496,1.8557692307692308
5497,1.0721153846153846
5498,1.6346153846153846
5499,0.7596153846153846
5500,1.5673076923076923
5501,0.5288461538461539
5502,0.33653846153846156
5503,0.1346153846153846
5504,2.0865384615384617
5505,0.1346153846153846
5506,0.33653846153846156
5507,0.6153846153846154
5508,0.8173076923076923
5509,0.0
5510,6.644230769230769
5511,1.3653846153846154
5512,1.5
5513,1.2355769230769231
5514,1.3125
5515,1.1971153846153846
5516,0.5
5517,2.7740384615384617
5518,2.375
5519,2.2451923076923075
5520,1.5817307692307692
5521,1.3894230769230769
5522,0.47596153846153844
5523,0.875
5524,1.2644230769230769
5525,0.8028846153846154
5526,0.11057692307692307
5527,10.0
5528,5.697115384615385
5529,0.8990384615384616
5530,4.600961538461538
5531,1.9423076923076923
5532,2.456730769230769
5533,0.8509615384615384
5534,1.6490384615384617
5535,1.0769230769230769
5536,0.7163461538461539
5537,1.1923076923076923
5538,0.8461538461538461
5539,1.3413461538461537
5540,2.081730769230769
5541,0.5432692307692307
5542,1.1826923076923077
5543,0.08173076923076923
5544,0.6730769230769231
5545,0.41346153846153844
5546,0.40865384615384615
5547,0.3894230769230769
5548,1.8846153846153846
5549,1.0384615384615383
5550,0.4375
5551,1.4663461538461537
5552,0.3076923076923077
5553,0.27403846153846156
5554,0.5288461538461539
5555,0.27884615384615385
5556,1.5240384615384617
5557,0.6538461538461539
5558,0.4855769230769231
5559,0.3894230769230769
5560,0.6057692307692307
5561,0.0
5562,2.019230769230769
5563,1.4807692307692308
5564,0.1346153846153846
5565,0.40384615384615385
5566,0.9375
5567,0.1346153846153846
5568,5.009615384615385
5569,1.1346153846153846
5570,1.8461538461538463
5571,0.6394230769230769
5572,1.0336538461538463
5573,0.1971153846153846
5574,0.8269230769230769
5575,3.0721153846153846
5576,1.3028846153846154
5577,1.6394230769230769
5578,1.5961538461538463
5579,0.7403846153846154
5580,2.043269230769231
5581,0.10096153846153846
5582,0.3942307692307692
5583,0.5576923076923077
5584,0.6105769230769231
5585,4.168269230769231
5586,3.0576923076923075
5587,2.0048076923076925
5588,1.8413461538461537
5589,1.7548076923076923
5590,1.3365384615384617
5591,1.8413461538461537
5592,0.5192307692307693
5593,0.8846153846153846
5594,0.5817307692307692
5595,0.1971153846153846
5596,0.2403846153846154
5597,1.3942307692307692
5598,1.9567307692307692
5599,1.9519230769230769
5600,0.4230769230769231
5601,0.1826923076923077
5602,1.5
5603,1.5384615384615383
5604,1.9807692307692308
5605,1.7451923076923077
5606,1.9423076923076923
5607,1.7019230769230769
5608,1.8605769230769231
5609,0.9326923076923077
5610,0.7836538461538461
5611,0.4423076923076923
5612,0.6730769230769231
5613,0.6682692307692308
5614,0.3798076923076923
5615,0.27884615384615385
5616,0.875
5617,1.25
5618,0.1346153846153846
5619,0.40384615384615385
5620,1.1442307692307692
5621,0.40384615384615385
5622,0.8076923076923077
5623,0.15384615384615385
5624,0.9855769230769231
5625,0.6298076923076923
5626,3.0625
5627,1.5673076923076923
5628,1.9567307692307692
5629,0.4326923076923077
5630,0.5
5631,0.4423076923076923
5632,0.3028846153846154
5633,1.1057692307692308
5634,1.0769230769230769
5635,0.6538461538461539
5636,1.2548076923076923
5637,0.6826923076923077
5638,0.5961538461538461
5639,0.2596153846153846
5640,0.4855769230769231
5641,0.28846153846153844
5642,0.28846153846153844
5643,4.033653846153847
5644,2.1105769230769234
5645,1.0865384615384615
5646,1.6298076923076923
5647,1.2740384615384617
5648,1.4182692307692308
5649,1.7403846153846154
5650,0.6394230769230769
5651,0.25961538461538464
5652,1.0144230769230769
5653,0.3798076923076923
5654,0.3028846153846154
5655,2.394230769230769
5656,1.0144230769230769
5657,0.44711538461538464
5658,0.6105769230769231
5659,0.11057692307692307
5660,0.8942307692307693
5661,0.8653846153846154
5662,1.3461538461538463
5663,0.22596153846153846
5664,1.7932692307692308
5665,1.3894230769230769
5666,2.0096153846153846
5667,0.6826923076923077
5668,0.6394230769230769
5669,0.5432692307692308
5670,0.9278846153846154
5671,0.6682692307692308
5672,0.8028846153846154
5673,0.2932692307692308
5674,0.3557692307692308
5675,0.5240384615384616
5676,0.0
5677,0.1346153846153846
5678,1.6826923076923077
5679,0.1346153846153846
5680,0.40384615384615385
5681,0.27884615384615385
5682,0.39903846153846156
5683,0.08173076923076923
5684,5.139423076923077
5685,2.5
5686,2.9326923076923075
5687,0.25
5688,1.5528846153846154
5689,0.8990384615384616
5690,0.3557692307692308
5691,3.2211538461538463
5692,2.5625
5693,2.125
5694,0.9182692307692307
5695,0.8894230769230769
5696,1.9711538461538463
5697,0.21153846153846154
5698,1.1730769230769231
5699,0.4182692307692308
5700,1.6201923076923077
5701,12.846153846153847
5702,2.3365384615384617
5703,1.8125
5704,3.7740384615384617
5705,1.5336538461538463
5706,4.298076923076923
5707,1.0673076923076923
5708,1.6634615384615383
5709,1.4903846153846154
5710,0.7596153846153846
5711,0.34134615384615385
5712,0.34615384615384615
5713,2.293269230769231
5714,3.9134615384615383
5715,0.4807692307692308
5716,0.19230769230769232
5717,0.09615384615384616
5718,1.7355769230769231
5719,1.0961538461538463
5720,2.1730769230769234
5721,0.1346153846153846
5722,4.591346153846153
5723,1.7548076923076923
5724,1.3173076923076923
5725,0.8365384615384616
5726,0.6346153846153846
5727,0.1826923076923077
5728,0.39903846153846156
5729,0.4567307692307692
5730,0.6298076923076923
5731,0.3798076923076923
5732,0.5817307692307692
5733,1.3653846153846154
5734,0.2692307692307692
5735,0.0673076923076923
5736,1.5480769230769231
5737,1.0096153846153846
5738,0.33653846153846156
5739,0.5144230769230769
5740,1.3173076923076923
5741,0.07692307692307693
5742,2.2596153846153846
5743,2.9759615384615383
5744,1.4903846153846154
5745,0.5192307692307692
5746,1.0384615384615383
5747,0.5048076923076923
5748,0.46153846153846156
5749,2.1490384615384617
5750,1.2644230769230769
5751,1.6394230769230769
5752,1.2067307692307692
5753,1.3173076923076923
5754,0.4423076923076923
5755,0.1778846153846154
5756,0.3125
5757,0.27403846153846156
5758,0.41346153846153844
5759,6.711538461538462
5760,2.2788461538461537
5761,1.8798076923076923
5762,1.8605769230769231
5763,2.3028846153846154
5764,1.7019230769230769
5765,1.2932692307692308
5766,1.6201923076923077
5767,0.5576923076923077
5768,0.8413461538461539
5769,0.6057692307692308
5770,0.2403846153846154
5771,0.6730769230769231
5772,1.8701923076923077
5773,0.8317307692307693
5774,0.2403846153846154
5775,0.39903846153846156
5776,0.8365384615384616
5777,1.4134615384615383
5778,0.7019230769230769
5779,0.7884615384615384
5780,4.0576923076923075
5781,0.9855769230769231
5782,1.2932692307692308
5783,0.5721153846153846
5784,0.2548076923076923
5785,0.2980769230769231
5786,0.4807692307692308
5787,0.9230769230769231
5788,0.5576923076923077
5789,0.19230769230769232
5790,0.3798076923076923
5791,0.3269230769230769
5792,0.0
5793,0.0
5794,0.875
5795,1.0769230769230769
5796,0.2692307692307692
5797,0.28365384615384615
5798,0.28365384615384615
5799,0.36538461538461536
5800,7.125
5801,2.2259615384615383
5802,1.2019230769230769
5803,0.9711538461538461
5804,1.0432692307692308
5805,0.28846153846153844
5806,0.7548076923076923
5807,1.6490384615384617
5808,1.2019230769230769
5809,0.6057692307692308
5810,1.2644230769230769
5811,0.6153846153846154
5812,1.1057692307692308
5813,0.5096153846153846
5814,0.14423076923076922
5815,0.1971153846153846
5816,0.2932692307692308
5817,4.009615384615385
5818,2.331730769230769
5819,1.3990384615384615
5820,1.6009615384615385
5821,0.8942307692307692
5822,1.5144230769230769
5823,1.9711538461538463
5824,0.5288461538461539
5825,0.8317307692307692
5826,0.9519230769230769
5827,0.2403846153846154
5828,0.44711538461538464
5829,0.5384615384615384
5830,2.2836538461538463
5831,0.6490384615384616
5832,0.28365384615384615
5833,0.2403846153846154
5834,1.0961538461538463
5835,3.2644230769230766
5836,0.6971153846153846
5837,0.4807692307692308
5838,1.2740384615384617
5839,2.4375
5840,2.168269230769231
5841,0.7932692307692308
5842,1.0384615384615383
5843,0.22596153846153846
5844,1.1009615384615383
5845,0.40865384615384615
5846,0.6057692307692308
5847,0.9471153846153846
5848,0.9759615384615384
5849,0.5192307692307692
5850,0.0
5851,0.47115384615384615
5852,0.47115384615384615
5853,0.1346153846153846
5854,0.2692307692307692
5855,0.4375
5856,0.49038461538461536
5857,0.8173076923076923
5858,5.3173076923076925
5859,1.9567307692307692
5860,1.5769230769230769
5861,1.0576923076923077
5862,0.20192307692307693
5863,0.49038461538461536
5864,1.0769230769230769
5865,1.6442307692307692
5866,1.0625
5867,1.0096153846153846
5868,0.5576923076923077
5869,1.4086538461538463
5870,0.3076923076923077
5871,0.6442307692307692
5872,0.34134615384615385
5873,0.4519230769230769
5874,0.1971153846153846
5875,5.168269230769231
5876,3.8413461538461537
5877,0.5961538461538461
5878,2.2836538461538463
5879,1.1826923076923077
5880,1.0
5881,1.9086538461538463
5882,0.7259615384615384
5883,0.34615384615384615
5884,0.08173076923076923
5885,0.6201923076923077
5886,0.9278846153846154
5887,4.399038461538462
5888,0.6057692307692307
5889,1.3509615384615383
5890,1.1730769230769231
5891,1.9375
5892,0.07692307692307693
5893,0.5961538461538461
5894,0.1346153846153846
5895,0.20192307692307693
5896,0.9471153846153846
5897,2.0096153846153846
5898,0.5673076923076923
5899,0.28365384615384615
5900,0.7548076923076923
5901,0.7211538461538461
5902,0.9134615384615384
5903,0.4230769230769231
5904,0.6923076923076923
5905,0.3942307692307692
5906,0.5961538461538461
5907,0.16826923076923078
5908,0.0
5909,0.33653846153846156
5910,0.9423076923076923
5911,0.0673076923076923
5912,0.33653846153846156
5913,0.7451923076923077
5914,0.49038461538461536
5915,0.41346153846153844
5916,7.774038461538462
5917,1.1778846153846154
5918,2.0240384615384617
5919,2.9471153846153846
5920,1.8076923076923077
5921,0.40865384615384615
5922,1.0048076923076923
5923,1.4134615384615383
5924,2.0865384615384617
5925,2.0625
5926,0.9134615384615384
5927,1.1586538461538463
5928,0.3894230769230769
5929,1.3990384615384617
5930,0.9567307692307692
5931,0.4903846153846154
5932,0.4519230769230769
5933,13.870192307692307
5934,3.1923076923076925
5935,1.5
5936,3.4615384615384617
5937,4.283653846153847
5938,1.6826923076923077
5939,0.40865384615384615
5940,1.4807692307692308
5941,1.0817307692307692
5942,0.44711538461538464
5943,0.8028846153846154
5944,1.2355769230769231
5945,1.2836538461538463
5946,0.9711538461538461
5947,0.9134615384615384
5948,1.4423076923076923
5949,1.1971153846153846
5950,0.47115384615384615
5951,1.2307692307692308
5952,1.0096153846153846
5953,0.20673076923076922
5954,1.4471153846153846
5955,2.2451923076923075
5956,1.5961538461538463
5957,0.6442307692307693
5958,0.5384615384615384
5959,1.0096153846153846
5960,1.6586538461538463
5961,0.6490384615384616
5962,0.8894230769230769
5963,0.5721153846153846
5964,0.5817307692307692
5965,0.5
5966,0.20192307692307693
5967,0.1346153846153846
5968,0.6730769230769231
5969,0.1346153846153846
5970,0.1346153846153846
5971,0.5240384615384616
5972,1.0528846153846154
5973,0.42788461538461536
5974,5.576923076923077
5975,4.019230769230769
5976,2.2548076923076925
5977,1.5480769230769231
5978,0.6298076923076923
5979,1.3365384615384617
5980,0.8173076923076923
5981,1.4519230769230769
5982,1.8557692307692308
5983,1.8125
5984,0.4230769230769231
5985,0.5480769230769231
5986,0.40384615384615385
5987,1.0336538461538463
5988,0.8317307692307692
5989,0.15384615384615385
5990,0.23076923076923078
5991,6.740384615384615
5992,2.7115384615384617
5993,0.42788461538461536
5994,3.3221153846153846
5995,5.375
5996,1.0961538461538463
5997,1.8509615384615383
5998,1.3461538461538463
5999,0.6586538461538461
6000,0.8028846153846154
6001,1.4759615384615383
6002,1.2355769230769231
6003,1.9230769230769231
6004,0.7836538461538461
6005,1.2932692307692308
6006,0.5480769230769231
6007,0.3798076923076923
6008,0.5625
6009,1.5913461538461537
6010,1.7932692307692308
6011,0.4471153846153846
6012,2.2548076923076925
6013,1.7019230769230769
6014,2.019230769230769
6015,0.8269230769230769
6016,0.8846153846153846
6017,0.4807692307692308
6018,1.3894230769230769
6019,0.9663461538461539
6020,1.6634615384615383
6021,1.5673076923076923
6022,0.6201923076923077
6023,0.3173076923076923
6024,0.1346153846153846
6025,0.1346153846153846
6026,1.75
6027,0.0
6028,0.2692307692307692
6029,0.15384615384615385
6030,0.6778846153846154
6031,0.5144230769230769
6032,4.076923076923077
6033,10.653846153846153
6034,3.4663461538461537
6035,1.8076923076923077
6036,1.625
6037,0.8221153846153846
6038,0.6634615384615384
6039,6.1875
6040,2.9423076923076925
6041,2.9951923076923075
6042,0.8798076923076923
6043,2.2548076923076925
6044,0.8028846153846154
6045,2.2884615384615383
6046,0.5384615384615384
6047,0.9038461538461539
6048,0.7307692307692308
6049,13.004807692307692
6050,3.735576923076923
6051,2.4903846153846154
6052,2.8173076923076925
6053,4.990384615384615
6054,1.6875
6055,2.125
6056,3.355769230769231
6057,1.0432692307692308
6058,0.27403846153846156
6059,1.1538461538461537
6060,0.9230769230769231
6061,4.259615384615385
6062,2.2163461538461537
6063,1.1586538461538463
6064,1.5913461538461537
6065,0.28846153846153844
6066,3.6490384615384617
6067,2.7980769230769234
6068,1.1057692307692308
6069,0.9134615384615384
6070,7.0673076923076925
6071,0.33653846153846156
6072,3.8846153846153846
6073,1.9326923076923077
6074,1.5913461538461537
6075,1.5240384615384617
6076,2.2788461538461537
6077,1.5913461538461537
6078,1.3942307692307692
6079,0.6682692307692308
6080,1.0528846153846154
6081,0.5336538461538461
6082,0.0
6083,0.40384615384615385
6084,2.2884615384615383
6085,0.1346153846153846
6086,0.33653846153846156
6087,1.1875
6088,1.0528846153846154
6089,0.0
6090,5.894230769230769
6091,1.6538461538461537
6092,0.8701923076923077
6093,1.5961538461538463
6094,1.7211538461538463
6095,0.7067307692307693
6096,1.3173076923076923
6097,2.1394230769230766
6098,3.3365384615384617
6099,1.3221153846153846
6100,1.8653846153846154
6101,2.0913461538461537
6102,0.5
6103,0.9182692307692308
6104,1.2163461538461537
6105,0.34615384615384615
6106,0.22115384615384615
6107,11.586538461538462
6108,5.706730769230769
6109,1.1875
6110,5.764423076923077
6111,1.7692307692307692
6112,2.043269230769231
6113,1.6875
6114,1.4182692307692308
6115,1.75
6116,0.3173076923076923
6117,1.0817307692307692
6118,0.6057692307692308
6119,1.1923076923076923
6120,2.4951923076923075
6121,0.8557692307692307
6122,1.0673076923076923
6123,0.23557692307692307
6124,1.2836538461538463
6125,0.6298076923076923
6126,0.46153846153846156
6127,0.3173076923076923
6128,1.9423076923076923
6129,0.9855769230769231
6130,0.5817307692307692
6131,1.7163461538461537
6132,0.7259615384615384
6133,0.2980769230769231
6134,1.1394230769230769
6135,0.3028846153846154
6136,1.4807692307692308
6137,0.4375
6138,0.5528846153846154
6139,0.39903846153846156
6140,0.0673076923076923
6141,0.20192307692307693
6142,3.230769230769231
6143,1.8173076923076923
6144,0.5384615384615384
6145,0.07692307692307693
6146,1.2451923076923077
6147,0.014423076923076924
6148,5.149038461538462
6149,1.4711538461538463
6150,1.1298076923076923
6151,1.2403846153846154
6152,0.34615384615384615
6153,0.5384615384615384
6154,0.7355769230769231
6155,2.0240384615384617
6156,1.9086538461538463
6157,1.7596153846153846
6158,1.6971153846153846
6159,0.7307692307692308
6160,1.9278846153846154
6161,0.16346153846153846
6162,0.3798076923076923
6163,0.5528846153846154
6164,0.5192307692307692
6165,6.009615384615385
6166,2.918269230769231
6167,1.8557692307692308
6168,2.4471153846153846
6169,1.7307692307692308
6170,1.6201923076923077
6171,1.0625
6172,0.4519230769230769
6173,1.3269230769230769
6174,0.8173076923076923
6175,0.7163461538461539
6176,0.5384615384615384
6177,1.3894230769230769
6178,2.581730769230769
6179,1.7259615384615383
6180,0.1778846153846154
6181,0.47115384615384615
6182,1.9759615384615385
6183,1.9423076923076923
6184,0.7836538461538461
6185,1.125
6186,1.6634615384615383
6187,1.5769230769230769
6188,1.7692307692307692
6189,1.1442307692307692
6190,0.6538461538461539
6191,0.7211538461538461
6192,0.7355769230769231
6193,0.38461538461538464
6194,0.3894230769230769
6195,0.25
6196,1.0673076923076923
6197,0.7548076923076923
6198,0.20192307692307693
6199,0.6057692307692307
6200,0.7403846153846154
6201,0.0673076923076923
6202,1.8173076923076923
6203,0.14903846153846154
6204,1.4038461538461537
6205,0.6298076923076923
6206,2.4663461538461537
6207,1.2740384615384615
6208,2.7211538461538463
6209,0.4182692307692308
6210,0.7788461538461539
6211,0.2692307692307692
6212,0.3125
6213,0.9951923076923077
6214,1.0528846153846154
6215,0.9903846153846154
6216,0.9663461538461539
6217,0.7596153846153846
6218,0.40384615384615385
6219,0.5336538461538461
6220,0.35096153846153844
6221,0.4903846153846154
6222,0.4182692307692308
6223,3.480769230769231
6224,1.3701923076923077
6225,1.0913461538461537
6226,1.2692307692307692
6227,2.2115384615384617
6228,1.4230769230769231
6229,1.3798076923076923
6230,0.6971153846153846
6231,0.22596153846153846
6232,1.3413461538461537
6233,0.20192307692307693
6234,0.5048076923076923
6235,6.798076923076923
6236,0.9375
6237,0.5240384615384616
6238,0.46634615384615385
6239,0.27403846153846156
6240,1.0576923076923077
6241,0.7307692307692308
6242,0.5432692307692308
6243,0.2403846153846154
6244,1.8173076923076923
6245,1.6730769230769231
6246,2.519230769230769
6247,0.7067307692307692
6248,0.40865384615384615
6249,0.46634615384615385
6250,0.9230769230769231
6251,0.4951923076923077
6252,0.7211538461538461
6253,0.4326923076923077
6254,0.6875
6255,0.5192307692307692
6256,0.0
6257,0.0
6258,1.2115384615384615
6259,0.0673076923076923
6260,0.40384615384615385
6261,0.41346153846153844
6262,0.20673076923076922
6263,0.14903846153846154
6264,6.288461538461538
6265,2.2211538461538463
6266,1.375
6267,0.34134615384615385
6268,2.1826923076923075
6269,1.0480769230769231
6270,0.8028846153846154
6271,3.543269230769231
6272,1.7403846153846154
6273,1.9903846153846154
6274,0.9182692307692307
6275,0.9326923076923077
6276,2.2836538461538463
6277,0.21153846153846154
6278,0.6490384615384616
6279,0.33653846153846156
6280,1.7115384615384617
6281,11.990384615384615
6282,3.168269230769231
6283,1.6634615384615385
6284,5.456730769230769
6285,1.9471153846153846
6286,4.1875
6287,0.9663461538461539
6288,1.4759615384615383
6289,0.8317307692307693
6290,1.3846153846153846
6291,0.27884615384615385
6292,0.28365384615384615
6293,2.7163461538461537
6294,3.2355769230769234
6295,0.9615384615384616
6296,0.35096153846153844
6297,0.08653846153846154
6298,1.0096153846153846
6299,0.9423076923076923
6300,0.5528846153846154
6301,0.3605769230769231
6302,5.408653846153847
6303,2.2019230769230766
6304,1.3509615384615383
6305,1.1923076923076923
6306,1.0961538461538463
6307,0.2692307692307692
6308,0.7596153846153846
6309,0.3894230769230769
6310,0.6538461538461539
6311,0.3125
6312,0.8076923076923077
6313,1.0625
6314,0.20192307692307693
6315,0.0673076923076923
6316,1.9519230769230769
6317,0.875
6318,0.0
6319,0.22115384615384615
6320,1.0576923076923077
6321,0.21153846153846154
6322,1.9663461538461537
6323,1.7163461538461537
6324,0.8846153846153846
6325,0.27403846153846156
6326,0.7836538461538461
6327,0.6009615384615384
6328,0.8990384615384616
6329,2.1009615384615383
6330,1.7692307692307692
6331,1.3317307692307692
6332,1.2692307692307692
6333,1.6442307692307692
6334,0.3269230769230769
6335,0.2403846153846154
6336,0.1875
6337,0.15865384615384615
6338,0.3605769230769231
6339,8.067307692307693
6340,2.8846153846153846
6341,1.875
6342,3.0721153846153846
6343,1.8028846153846154
6344,1.7067307692307692
6345,1.7932692307692308
6346,1.75
6347,0.7355769230769231
6348,1.0384615384615383
6349,0.7211538461538461
6350,0.1971153846153846
6351,1.6009615384615383
6352,2.1923076923076925
6353,1.1875
6354,0.3942307692307692
6355,0.23557692307692307
6356,1.1730769230769231
6357,0.8605769230769231
6358,0.24519230769230768
6359,0.8846153846153846
6360,4.336538461538462
6361,0.9230769230769231
6362,1.1586538461538463
6363,1.2596153846153846
6364,0.36538461538461536
6365,0.23557692307692307
6366,0.8125
6367,1.1923076923076923
6368,0.5576923076923077
6369,0.20673076923076922
6370,0.4855769230769231
6371,0.3269230769230769
6372,0.0
6373,0.0
6374,1.6153846153846154
6375,1.2788461538461537
6376,0.2692307692307692
6377,0.1346153846153846
6378,0.21153846153846154
6379,0.5721153846153846
6380,9.007281553398059
6381,1.9180825242718447
6382,1.7402912621359223
6383,0.6674757281553398
6384,0.5412621359223301
6385,0.3294902912621359
6386,0.4842233009708738
6387,1.9557038834951457
6388,1.5643203883495147
6389,0.8756067961165048
6390,2.25
6391,0.975121359223301
6392,1.2463592233009708
6393,0.791868932038835
6394,0.2178398058252427
6395,0.19902912621359223
6396,0.5794902912621359
6397,4.485436893203883
6398,2.7639563106796117
6399,1.6359223300970873
6400,3.1723300970873787
6401,1.4059466019417477
6402,1.7342233009708736
6403,2.2724514563106797
6404,0.8033980582524272
6405,0.6808252427184466
6406,0.5564320388349515
6407,0.44478155339805825
6408,0.7160194174757282
6409,0.7117718446601942
6410,2.6729368932038833
6411,1.2366504854368932
6412,0.44902912621359226
6413,0.6844660194174758
6414,0.7882281553398058
6415,1.7299757281553398
6416,0.8592233009708738
6417,0.3106796116504854
6418,1.470873786407767
6419,3.008495145631068
6420,1.2530339805825244
6421,0.5564320388349515
6422,0.7597087378640777
6423,0.5649271844660194
6424,1.2888349514563107
6425,0.3537621359223301
6426,0.916868932038835
6427,0.8404126213592233
6428,0.8507281553398058
6429,1.1868932038834952
6430,0.06735436893203883
6431,0.13470873786407767
6432,1.0776699029126213
6433,0.404126213592233
6434,0.5388349514563107
6435,0.22148058252427183
6436,0.7845873786407767
6437,0.6304611650485437
6438,6.520631067961165
6439,2.4441747572815533
6440,0.9271844660194175
6441,0.4399271844660194
6442,0.47148058252427183
6443,0.604368932038835
6444,1.537014563106796
6445,1.6104368932038835
6446,2.296116504854369
6447,1.3762135922330097
6448,0.5898058252427185
6449,1.2451456310679612
6450,0.3622572815533981
6451,0.6425970873786409
6452,0.35740291262135926
6453,0.44902912621359226
6454,0.3950242718446602
6455,6.579490291262136
6456,3.0358009708737863
6457,0.49514563106796117
6458,2.8343446601941746
6459,1.5218446601941746
6460,1.3907766990291264
6461,3.0006067961165046
6462,0.7724514563106797
6463,0.6711165048543689
6464,0.18385922330097088
6465,0.5121359223300971
6466,0.6128640776699029
6467,2.7858009708737863
6468,0.47148058252427183
6469,1.4259708737864076
6470,1.5600728155339807
6471,0.9629854368932039
6472,0.25606796116504854
6473,0.8537621359223301
6474,0.10194174757281553
6475,0.4296116504854369
6476,1.3361650485436893
6477,2.266383495145631
6478,0.6947815533980582
6479,0.45934466019417475
6480,0.5327669902912622
6481,0.5273058252427185
6482,0.5849514563106797
6483,0.25728155339805825
6484,0.9605582524271845
6485,0.7390776699029127
6486,0.5175970873786409
6487,0.11650485436893204
6488,0.0
6489,0.13470873786407767
6490,0.808252427184466
6491,0.13470873786407767
6492,0.6061893203883495
6493,0.5825242718446602
6494,0.44296116504854366
6495,0.279126213592233
6496,8.14745145631068
6497,2.2402912621359223
6498,2.154126213592233
6499,2.4969660194174756
6500,2.0364077669902914
6501,0.5819174757281553
6502,1.1055825242718447
6503,1.8398058252427183
6504,1.195388349514563
6505,2.8307038834951457
6506,1.0388349514563107
6507,2.0843446601941746
6508,0.38652912621359226
6509,0.8762135922330098
6510,0.3628640776699029
6511,0.7730582524271845
6512,0.5588592233009708
6513,13.774271844660195
6514,3.9908980582524274
6515,1.9077669902912622
6516,5.100728155339806
6517,4.79126213592233
6518,1.908373786407767
6519,0.5321601941747574
6520,2.0819174757281553
6521,1.7433252427184467
6522,0.5703883495145632
6523,0.7160194174757282
6524,1.2803398058252426
6525,2.2263349514563107
6526,1.4842233009708736
6527,0.5655339805825244
6528,1.6802184466019416
6529,1.4108009708737863
6530,0.7324029126213593
6531,1.3567961165048543
6532,1.6025485436893203
6533,0.3149271844660194
6534,1.9065533980582525
6535,2.279733009708738
6536,1.9235436893203883
6537,1.1553398058252426
6538,0.9963592233009708
6539,1.5066747572815533
6540,1.4314320388349513
6541,0.7997572815533981
6542,1.0928398058252426
6543,0.6492718446601942
6544,0.7008495145631068
6545,0.35315533980582525
6546,0.5388349514563107
6547,0.47148058252427183
6548,0.7408980582524272
6549,0.33677184466019416
6550,1.0103155339805825
6551,1.0928398058252426
6552,1.0442961165048543
6553,0.7942961165048543
6554,7.177184466019417
6555,5.572815533980583
6556,2.8234223300970873
6557,1.758495145631068
6558,1.2354368932038835
6559,0.7354368932038835
6560,0.8307038834951457
6561,1.729368932038835
6562,2.004247572815534
6563,1.416868932038835
6564,0.5643203883495146
6565,1.4702669902912622
6566,0.2220873786407767
6567,1.016990291262136
6568,0.4684466019417476
6569,0.6856796116504854
6570,0.42839805825242716
6571,7.559466019417476
6572,1.6893203883495145
6573,0.4029126213592233
6574,5.426577669902913
6575,4.920509708737864
6576,2.0072815533980584
6577,1.8592233009708736
6578,2.2220873786407767
6579,0.8658980582524272
6580,1.1741504854368932
6581,1.2245145631067962
6582,1.341626213592233
6583,2.8300970873786406
6584,1.358009708737864
6585,0.8446601941747574
6586,1.195995145631068
6587,0.5279126213592233
6588,0.5285194174757282
6589,2.8240291262135924
6590,0.30097087378640774
6591,0.4921116504854369
6592,3.654126213592233
6593,2.6844660194174756
6594,2.6444174757281553
6595,1.283373786407767
6596,1.337985436893204
6597,0.9071601941747574
6598,1.7178398058252426
6599,1.2651699029126213
6600,1.4690533980582523
6601,1.2481796116504853
6602,0.783373786407767
6603,0.3434466019417476
6604,0.06735436893203883
6605,0.2020631067961165
6606,1.1450242718446602
6607,0.0
6608,0.06735436893203883
6609,0.30339805825242716
6610,1.0442961165048543
6611,0.5151699029126213
6612,4.430825242718447
6613,7.637135922330097
6614,3.8428398058252426
6615,1.4842233009708736
6616,1.454490291262136
6617,1.329490291262136
6618,0.42597087378640774
6619,7.145631067961165
6620,2.8349514563106797
6621,2.6074029126213594
6622,0.8428398058252428
6623,2.0928398058252426
6624,0.7433252427184466
6625,2.637742718446602
6626,0.9217233009708738
6627,0.6656553398058253
6628,1.3361650485436893
6629,12.577669902912621
6630,3.8021844660194173
6631,2.470873786407767
6632,4.828276699029127
6633,2.95752427184466
6634,2.3052184466019416
6635,3.0625
6636,3.203276699029126
6637,1.2184466019417477
6638,0.2669902912621359
6639,1.5509708737864076
6640,1.170509708737864
6641,5.388956310679612
6642,3.64502427184466
6643,0.9271844660194175
6644,1.39623786407767
6645,0.4059466019417476
6646,3.0989077669902914
6647,1.074635922330097
6648,0.7129854368932039
6649,1.3149271844660193
6650,6.316140776699029
6651,0.7408980582524272
6652,2.5813106796116507
6653,1.8398058252427183
6654,1.9569174757281553
6655,1.492111650485437
6656,3.1468446601941746
6657,1.5952669902912622
6658,1.325242718446602
6659,0.8938106796116505
6660,0.9720873786407767
6661,0.6577669902912622
6662,0.2020631067961165
6663,0.33677184466019416
6664,2.7615291262135924
6665,0.13470873786407767
6666,0.13470873786407767
6667,0.712378640776699
6668,2.5552184466019416
6669,0.0
6670,12.099514563106796
6671,2.0661407766990294
6672,1.171116504854369
6673,1.395631067961165
6674,2.1158980582524274
6675,1.266383495145631
6676,0.7342233009708738
6677,3.0151699029126213
6678,2.612257281553398
6679,2.8938106796116507
6680,2.525485436893204
6681,1.575242718446602
6682,0.6577669902912622
6683,0.8319174757281553
6684,2.087985436893204
6685,0.9514563106796117
6686,0.1887135922330097
6687,16.077063106796118
6688,8.627427184466018
6689,1.266990291262136
6690,7.043082524271845
6691,2.4368932038834954
6692,2.7311893203883493
6693,2.257888349514563
6694,1.9490291262135924
6695,1.2967233009708736
6696,0.26152912621359226
6697,0.9726941747572816
6698,0.8222087378640777
6699,2.9320388349514563
6700,3.5442961165048543
6701,0.8155339805825242
6702,1.3058252427184467
6703,0.3440533980582524
6704,0.9769417475728155
6705,0.45024271844660196
6706,0.39805825242718446
6707,0.7591019417475728
6708,3.1699029126213594
6709,1.6231796116504853
6710,1.933252427184466
6711,1.9641990291262137
6712,1.0060679611650487
6713,0.5260922330097088
6714,1.2220873786407767
6715,0.45995145631067963
6716,1.775485436893204
6717,0.4557038834951456
6718,0.46359223300970875
6719,0.6092233009708738
6720,0.2020631067961165
6721,0.06735436893203883
6722,2.492111650485437
6723,1.1450242718446602
6724,0.13470873786407767
6725,0.40898058252427183
6726,1.3428398058252426
6727,0.009708737864077669
6728,6.128640776699029
6729,2.1838592233009706
6730,1.5782766990291264
6731,0.7148058252427185
6732,0.5364077669902912
6733,0.4550970873786408
6734,0.7390776699029127
6735,2.162014563106796
6736,1.8161407766990292
6737,1.9010922330097086
6738,1.4478155339805825
6739,0.5843446601941747
6740,2.0904126213592233
6741,0.19842233009708737
6742,0.1650485436893204
6743,0.3725728155339806
6744,1.3021844660194175
6745,7.170509708737864
6746,4.057038834951456
6747,1.7184466019417475
6748,1.8137135922330097
6749,1.9132281553398058
6750,1.766383495145631
6751,0.9532766990291263
6752,0.4320388349514563
6753,0.5224514563106797
6754,0.6953883495145632
6755,0.3713592233009709
6756,0.16868932038834952
6757,0.9411407766990292
6758,1.8719660194174756
6759,1.0612864077669903
6760,0.40109223300970875
6761,0.33798543689320387
6762,1.2396844660194175
6763,1.1881067961165048
6764,0.9265776699029127
6765,1.4769417475728155
6766,1.7936893203883495
6767,2.304004854368932
6768,2.3319174757281553
6769,1.2506067961165048
6770,0.6729368932038835
6771,0.4684466019417476
6772,1.2172330097087378
6773,0.6735436893203883
6774,0.30946601941747576
6775,0.5072815533980582
6776,1.0807038834951457
6777,1.1699029126213594
6778,0.13470873786407767
6779,0.6735436893203883
6780,1.212378640776699
6781,0.13470873786407767
6782,0.26941747572815533
6783,0.620752427184466
6784,1.3476941747572815
6785,0.6450242718446602
6786,2.1480582524271847
6787,3.0703883495145634
6788,2.612257281553398
6789,0.45995145631067963
6790,0.38774271844660196
6791,0.6650485436893204
6792,0.21844660194174756
6793,1.0309466019417477
6794,1.5928398058252426
6795,0.8938106796116505
6796,1.2609223300970873
6797,0.7724514563106797
6798,0.7093446601941747
6799,0.3774271844660194
6800,0.520631067961165
6801,0.2178398058252427
6802,0.3288834951456311
6803,4.466019417475728
6804,1.9696601941747574
6805,1.0631067961165048
6806,1.070995145631068
6807,2.0558252427184467
6808,1.8737864077669903
6809,0.8185679611650486
6810,0.3300970873786408
6811,0.4787621359223301
6812,1.220873786407767
6813,0.4684466019417476
6814,0.2803398058252427
6815,3.2900485436893203
6816,0.9672330097087378
6817,0.43143203883495146
6818,0.6171116504854369
6819,0.4684466019417476
6820,1.4563106796116505
6821,0.575242718446602
6822,0.3768203883495146
6823,0.24635922330097088
6824,1.9866504854368932
6825,2.163228155339806
6826,2.345873786407767
6827,0.6680825242718447
6828,0.9229368932038835
6829,0.4975728155339806
6830,0.9029126213592233
6831,0.6110436893203883
6832,0.41140776699029125
6833,0.6516990291262136
6834,0.9550970873786409
6835,0.9271844660194175
6836,0.13470873786407767
6837,0.404126213592233
6838,2.1553398058252426
6839,0.13470873786407767
6840,0.06735436893203883
6841,0.20691747572815533
6842,0.8470873786407767
6843,0.06735436893203883
6844,6.858009708737864
6845,2.391990291262136
6846,1.9951456310679612
6847,0.43446601941747576
6848,1.6274271844660193
6849,2.2475728155339807
6850,1.2269417475728155
6851,4.346480582524272
6852,1.7827669902912622
6853,2.0594660194174756
6854,1.3137135922330097
6855,0.8938106796116505
6856,2.7936893203883493
6857,0.27609223300970875
6858,0.729368932038835
6859,0.11165048543689321
6860,2.4423543689320386
6861,13.509708737864077
6862,3.158980582524272
6863,1.8300970873786409
6864,4.944781553398059
6865,2.6771844660194173
6866,4.763349514563107
6867,0.8313106796116505
6868,1.5800970873786406
6869,1.674757281553398
6870,1.225121359223301
6871,0.2803398058252427
6872,0.14016990291262135
6873,2.6304611650485437
6874,3.2463592233009706
6875,0.3871359223300971
6876,0.3434466019417476
6877,0.6067961165048543
6878,2.3258495145631066
6879,0.7530339805825244
6880,0.6990291262135923
6881,0.11104368932038836
6882,6.808859223300971
6883,2.6802184466019416
6884,2.483009708737864
6885,1.7924757281553398
6886,0.966626213592233
6887,0.2657766990291262
6888,0.7487864077669903
6889,0.31978155339805825
6890,0.7239077669902912
6891,0.38652912621359226
6892,0.7821601941747574
6893,1.3143203883495147
6894,0.0
6895,0.06735436893203883
6896,1.1450242718446602
6897,1.6838592233009708
6898,0.13470873786407767
6899,0.03398058252427184
6900,1.0060679611650485
6901,0.14441747572815533
6902,2.641990291262136
6903,1.9702669902912622
6904,1.117111650485437
6905,0.762742718446602
6906,0.9186893203883495
6907,0.6535194174757282
6908,0.8889563106796117
6909,2.846480582524272
6910,1.837985436893204
6911,2.070388349514563
6912,1.671116504854369
6913,1.1195388349514563
6914,0.6516990291262136
6915,0.6553398058252426
6916,0.3622572815533981
6917,0.06796116504854369
6918,0.27609223300970875
6919,9.31128640776699
6920,2.6474514563106797
6921,1.9320388349514563
6922,3.7566747572815533
6923,2.0661407766990294
6924,2.1972087378640777
6925,1.1219660194174756
6926,1.395631067961165
6927,0.7827669902912622
6928,1.0194174757281553
6929,0.39684466019417475
6930,0.1887135922330097
6931,2.1359223300970873
6932,2.045509708737864
6933,0.9271844660194175
6934,0.1650485436893204
6935,0.6128640776699029
6936,1.3677184466019416
6937,0.9696601941747574
6938,0.33495145631067963
6939,0.9993932038834952
6940,6.265169902912621
6941,1.8155339805825244
6942,2.1601941747572817
6943,1.79126213592233
6944,0.25728155339805825
6945,0.2178398058252427
6946,0.5412621359223301
6947,1.6486650485436893
6948,0.7378640776699029
6949,0.2178398058252427
6950,0.38228155339805825
6951,0.3580097087378641
6952,0.0
6953,0.0
6954,1.4144417475728155
6955,1.1450242718446602
6956,0.2020631067961165
6957,0.3561893203883495
6958,0.524878640776699
6959,0.7991504854368932
6960,9.485576923076923
6961,2.0144230769230766
6962,1.3509615384615383
6963,0.8269230769230769
6964,0.7788461538461539
6965,0.34134615384615385
6966,0.7019230769230769
6967,1.7980769230769231
6968,1.9423076923076923
6969,1.1057692307692308
6970,1.6153846153846154
6971,0.9951923076923077
6972,1.6826923076923077
6973,0.6346153846153846
6974,0.5480769230769231
6975,0.2403846153846154
6976,0.9951923076923077
6977,4.6923076923076925
6978,3.0576923076923075
6979,1.8653846153846154
6980,4.677884615384615
6981,1.0528846153846154
6982,2.831730769230769
6983,2.2163461538461537
6984,1.0480769230769231
6985,0.5192307692307692
6986,1.1346153846153846
6987,0.3942307692307692
6988,0.4375
6989,1.2307692307692308
6990,2.4134615384615383
6991,1.3173076923076923
6992,0.5048076923076923
6993,1.5096153846153846
6994,0.7788461538461539
6995,1.1057692307692308
6996,0.7211538461538461
6997,0.6442307692307692
6998,2.480769230769231
6999,2.8653846153846154
7000,2.6009615384615383
7001,1.3894230769230769
7002,0.8942307692307693
7003,0.7788461538461539
7004,1.1153846153846154
7005,0.5432692307692308
7006,0.46153846153846156
7007,1.0769230769230769
7008,1.0961538461538463
7009,0.7451923076923077
7010,0.0
7011,0.33653846153846156
7012,0.40384615384615385
7013,0.20192307692307693
7014,0.40384615384615385
7015,0.5769230769230769
7016,1.5913461538461537
7017,1.5528846153846154
7018,6.235576923076923
7019,2.0144230769230766
7020,1.3942307692307692
7021,0.46634615384615385
7022,0.1346153846153846
7023,0.6394230769230769
7024,0.6105769230769231
7025,2.0240384615384617
7026,2.105769230769231
7027,0.7644230769230769
7028,1.3028846153846154
7029,1.4663461538461537
7030,0.5769230769230769
7031,1.0817307692307692
7032,0.7163461538461539
7033,0.75
7034,0.1778846153846154
7035,6.375
7036,3.9038461538461537
7037,0.7019230769230769
7038,4.336538461538462
7039,1.9567307692307692
7040,0.8990384615384616
7041,2.706730769230769
7042,1.0769230769230769
7043,0.7163461538461539
7044,0.2596153846153846
7045,1.0
7046,0.5721153846153846
7047,3.5240384615384617
7048,0.40384615384615385
7049,0.75
7050,1.3653846153846154
7051,1.0721153846153846
7052,0.20192307692307693
7053,0.4903846153846154
7054,0.16346153846153846
7055,0.17307692307692307
7056,1.2884615384615383
7057,2.269230769230769
7058,0.7932692307692308
7059,0.34615384615384615
7060,1.1201923076923077
7061,0.6490384615384616
7062,0.6682692307692308
7063,0.49038461538461536
7064,1.2019230769230769
7065,0.5528846153846154
7066,0.6730769230769231
7067,0.1298076923076923
7068,0.0
7069,0.1346153846153846
7070,1.6153846153846154
7071,0.1346153846153846
7072,0.47115384615384615
7073,0.3125
7074,0.6394230769230769
7075,0.014423076923076924
7076,10.567307692307693
7077,2.418269230769231
7078,2.355769230769231
7079,3.4134615384615383
7080,1.9182692307692308
7081,0.9038461538461539
7082,1.1538461538461537
7083,1.9711538461538463
7084,1.9951923076923077
7085,2.1009615384615383
7086,1.4711538461538463
7087,2.0240384615384617
7088,0.5192307692307692
7089,0.8653846153846154
7090,0.6490384615384616
7091,0.8942307692307693
7092,0.6394230769230769
7093,15.221153846153847
7094,5.341346153846153
7095,2.514423076923077
7096,5.4423076923076925
7097,6.591346153846153
7098,1.9663461538461537
7099,0.8509615384615384
7100,2.2980769230769234
7101,2.0240384615384617
7102,1.1730769230769231
7103,2.0673076923076925
7104,1.7355769230769231
7105,2.918269230769231
7106,1.0865384615384617
7107,2.3125
7108,1.9951923076923077
7109,1.0288461538461537
7110,1.3653846153846154
7111,1.4855769230769231
7112,1.8990384615384617
7113,0.6634615384615384
7114,3.3028846153846154
7115,3.8125
7116,2.3461538461538463
7117,1.5384615384615383
7118,0.8605769230769231
7119,1.5528846153846154
7120,2.0480769230769234
7121,0.7980769230769231
7122,1.6442307692307692
7123,1.2980769230769231
7124,1.1153846153846154
7125,0.34134615384615385
7126,0.1346153846153846
7127,0.33653846153846156
7128,0.9423076923076923
7129,0.20192307692307693
7130,0.7403846153846154
7131,0.9711538461538461
7132,1.3461538461538463
7133,0.9471153846153846
7134,6.394230769230769
7135,5.139423076923077
7136,3.5625
7137,1.4759615384615383
7138,1.6394230769230769
7139,1.5336538461538463
7140,1.6538461538461537
7141,1.7163461538461537
7142,3.3076923076923075
7143,2.1826923076923075
7144,0.7836538461538461
7145,1.2644230769230769
7146,0.2980769230769231
7147,1.0721153846153846
7148,1.2788461538461537
7149,0.4951923076923077
7150,0.375
7151,9.64423076923077
7152,3.2548076923076925
7153,0.49038461538461536
7154,5.322115384615385
7155,4.673076923076923
7156,2.5
7157,1.7596153846153846
7158,1.6057692307692308
7159,0.7692307692307692
7160,1.5
7161,1.1634615384615383
7162,2.1875
7163,2.8125
7164,1.7980769230769231
7165,0.8653846153846154
7166,0.6105769230769231
7167,0.5673076923076923
7168,0.8990384615384616
7169,2.1201923076923075
7170,1.1201923076923077
7171,0.3221153846153846
7172,4.855769230769231
7173,2.8990384615384617
7174,3.3605769230769234
7175,2.0384615384615383
7176,1.8846153846153846
7177,0.6105769230769231
7178,1.9711538461538463
7179,2.0576923076923075
7180,2.0913461538461537
7181,1.9567307692307692
7182,1.0144230769230769
7183,0.3557692307692308
7184,0.33653846153846156
7185,0.0673076923076923
7186,1.0769230769230769
7187,0.5384615384615384
7188,0.33653846153846156
7189,0.5673076923076923
7190,1.0144230769230769
7191,1.3221153846153846
7192,5.951923076923077
7193,6.086538461538462
7194,7.6298076923076925
7195,2.1298076923076925
7196,1.6057692307692308
7197,1.2788461538461537
7198,0.9423076923076923
7199,8.788461538461538
7200,3.5240384615384617
7201,3.0865384615384617
7202,1.1201923076923077
7203,2.3846153846153846
7204,0.7740384615384616
7205,2.8798076923076925
7206,1.0
7207,1.375
7208,1.0576923076923077
7209,14.639423076923077
7210,4.375
7211,2.9759615384615383
7212,5.163461538461538
7213,6.139423076923077
7214,2.4038461538461537
7215,2.019230769230769
7216,3.9903846153846154
7217,1.0865384615384617
7218,0.40865384615384615
7219,1.3894230769230769
7220,1.5817307692307692
7221,4.408653846153847
7222,3.2163461538461537
7223,0.7740384615384616
7224,1.3605769230769231
7225,0.9855769230769231
7226,3.2259615384615383
7227,2.0384615384615383
7228,1.0096153846153846
7229,1.1346153846153846
7230,8.64423076923077
7231,1.7548076923076923
7232,3.8173076923076925
7233,2.3605769230769234
7234,2.4278846153846154
7235,1.6778846153846154
7236,3.418269230769231
7237,1.8894230769230769
7238,1.4423076923076923
7239,1.3365384615384617
7240,1.5096153846153846
7241,0.9423076923076923
7242,0.0673076923076923
7243,0.33653846153846156
7244,1.6826923076923077
7245,0.1346153846153846
7246,0.8076923076923077
7247,0.8317307692307693
7248,1.7403846153846154
7249,0.0
7250,14.495192307692307
7251,2.8269230769230766
7252,1.9903846153846154
7253,1.5961538461538463
7254,2.9038461538461537
7255,2.2788461538461537
7256,0.7836538461538461
7257,4.1923076923076925
7258,2.8221153846153846
7259,2.6490384615384617
7260,2.3701923076923075
7261,2.4423076923076925
7262,0.5721153846153846
7263,1.4230769230769231
7264,2.2596153846153846
7265,1.0865384615384617
7266,0.3317307692307692
7267,18.5
7268,8.048076923076923
7269,1.8173076923076923
7270,9.163461538461538
7271,3.0625
7272,3.1298076923076925
7273,1.9086538461538463
7274,2.0913461538461537
7275,1.7451923076923077
7276,0.6442307692307692
7277,1.75
7278,0.42788461538461536
7279,3.0096153846153846
7280,4.052884615384615
7281,0.9903846153846154
7282,1.5
7283,0.3173076923076923
7284,1.0384615384615383
7285,0.9855769230769231
7286,0.27403846153846156
7287,0.8173076923076923
7288,3.6826923076923075
7289,1.4855769230769231
7290,1.125
7291,3.0576923076923075
7292,1.0817307692307692
7293,0.3894230769230769
7294,1.2067307692307692
7295,0.3798076923076923
7296,2.0913461538461537
7297,0.7451923076923077
7298,0.4807692307692308
7299,0.5576923076923077
7300,0.2692307692307692
7301,0.20192307692307693
7302,2.423076923076923
7303,2.7596153846153846
7304,0.0673076923076923
7305,0.28365384615384615
7306,2.3125
7307,0.21153846153846154
7308,7.826923076923077
7309,3.0240384615384617
7310,1.3028846153846154
7311,0.7884615384615384
7312,0.33653846153846156
7313,0.2644230769230769
7314,0.6057692307692308
7315,2.918269230769231
7316,1.5
7317,2.0
7318,1.6346153846153846
7319,0.7451923076923077
7320,2.3413461538461537
7321,0.4855769230769231
7322,0.40384615384615385
7323,0.6009615384615384
7324,1.4711538461538463
7325,5.3125
7326,3.4278846153846154
7327,1.9086538461538463
7328,3.0769230769230766
7329,0.5865384615384616
7330,2.8990384615384617
7331,1.7067307692307692
7332,0.5192307692307693
7333,0.6298076923076923
7334,1.4471153846153846
7335,0.21634615384615385
7336,0.5769230769230769
7337,1.0480769230769231
7338,2.456730769230769
7339,2.0480769230769234
7340,1.1682692307692308
7341,0.625
7342,1.4086538461538463
7343,1.6105769230769231
7344,0.9423076923076923
7345,1.1057692307692308
7346,2.1201923076923075
7347,2.605769230769231
7348,2.0913461538461537
7349,0.9326923076923077
7350,0.6634615384615384
7351,0.6442307692307692
7352,1.1826923076923077
7353,0.7307692307692307
7354,0.4567307692307692
7355,0.46634615384615385
7356,0.6009615384615384
7357,1.0961538461538463
7358,0.7403846153846154
7359,0.47115384615384615
7360,0.7403846153846154
7361,0.40384615384615385
7362,0.47115384615384615
7363,0.3557692307692308
7364,1.5528846153846154
7365,1.3557692307692308
7366,3.1538461538461537
7367,3.0480769230769234
7368,3.206730769230769
7369,0.7788461538461539
7370,0.8509615384615384
7371,0.3221153846153846
7372,0.6394230769230769
7373,1.1971153846153846
7374,1.2259615384615383
7375,0.7451923076923077
7376,1.9567307692307692
7377,0.8028846153846154
7378,0.8365384615384616
7379,0.6009615384615384
7380,0.7211538461538461
7381,0.44711538461538464
7382,0.9903846153846154
7383,4.7451923076923075
7384,1.7596153846153846
7385,1.0192307692307692
7386,1.6778846153846154
7387,1.6201923076923077
7388,1.9134615384615383
7389,1.0336538461538463
7390,0.47596153846153844
7391,0.5144230769230769
7392,1.3173076923076923
7393,0.23076923076923078
7394,0.5288461538461539
7395,3.4903846153846154
7396,1.3798076923076923
7397,2.25
7398,0.35096153846153844
7399,0.4182692307692308
7400,1.2403846153846154
7401,0.7740384615384616
7402,0.5240384615384616
7403,0.2403846153846154
7404,3.081730769230769
7405,2.1105769230769234
7406,2.9230769230769234
7407,0.6105769230769231
7408,0.8365384615384616
7409,0.46153846153846156
7410,0.9903846153846154
7411,0.8461538461538461
7412,1.1153846153846154
7413,0.5480769230769231
7414,0.9471153846153846
7415,0.5673076923076923
7416,0.0673076923076923
7417,0.0673076923076923
7418,1.3461538461538463
7419,0.0
7420,0.47115384615384615
7421,0.16826923076923078
7422,0.5384615384615384
7423,0.2692307692307692
7424,6.721153846153846
7425,3.2788461538461537
7426,1.9567307692307692
7427,0.46634615384615385
7428,1.6346153846153846
7429,1.4038461538461537
7430,1.0625
7431,3.6490384615384617
7432,3.5048076923076925
7433,2.5528846153846154
7434,1.1057692307692308
7435,1.1971153846153846
7436,2.355769230769231
7437,0.34615384615384615
7438,1.3701923076923077
7439,0.2403846153846154
7440,2.3173076923076925
7441,14.908653846153847
7442,2.706730769230769
7443,2.456730769230769
7444,5.197115384615385
7445,1.2355769230769231
7446,5.778846153846153
7447,0.9423076923076923
7448,1.8846153846153846
7449,1.5240384615384617
7450,0.7548076923076923
7451,0.46634615384615385
7452,0.4471153846153846
7453,2.3028846153846154
7454,2.8365384615384617
7455,0.7451923076923077
7456,0.3557692307692308
7457,0.4855769230769231
7458,1.2836538461538463
7459,1.0432692307692308
7460,0.8365384615384616
7461,0.04807692307692308
7462,5.355769230769231
7463,1.5432692307692308
7464,1.9711538461538463
7465,2.1538461538461537
7466,1.625
7467,0.5721153846153846
7468,0.6490384615384616
7469,0.4182692307692308
7470,0.7355769230769231
7471,0.3653846153846154
7472,0.9086538461538461
7473,1.3317307692307692
7474,0.0
7475,0.0
7476,1.5480769230769231
7477,1.6826923076923077
7478,0.2692307692307692
7479,0.27884615384615385
7480,1.5432692307692308
7481,0.009615384615384616
7482,4.399038461538462
7483,2.5480769230769234
7484,1.4182692307692308
7485,0.4567307692307692
7486,1.5913461538461537
7487,1.1490384615384617
7488,1.0576923076923077
7489,2.793269230769231
7490,1.6826923076923077
7491,1.4855769230769231
7492,1.4711538461538463
7493,1.1490384615384617
7494,0.8798076923076923
7495,0.20192307692307693
7496,0.8076923076923077
7497,0.4375
7498,0.8413461538461539
7499,9.865384615384615
7500,3.6826923076923075
7501,2.3461538461538463
7502,4.509615384615385
7503,3.1009615384615383
7504,1.7644230769230769
7505,1.4567307692307692
7506,1.8365384615384617
7507,0.8701923076923077
7508,1.125
7509,0.6057692307692308
7510,0.3653846153846154
7511,3.2596153846153846
7512,1.9855769230769231
7513,1.8269230769230769
7514,0.15384615384615385
7515,0.5673076923076923
7516,1.3461538461538463
7517,1.0192307692307692
7518,1.0288461538461537
7519,0.7355769230769231
7520,5.528846153846153
7521,2.2163461538461537
7522,1.9903846153846154
7523,1.6586538461538463
7524,0.4230769230769231
7525,0.4423076923076923
7526,1.1105769230769231
7527,1.7067307692307692
7528,0.4807692307692308
7529,0.4375
7530,0.6634615384615384
7531,0.4903846153846154
7532,0.0673076923076923
7533,0.0
7534,1.3461538461538463
7535,1.6826923076923077
7536,0.2692307692307692
7537,0.08173076923076923
7538,0.9807692307692308
7539,0.36538461538461536
7540,7.461538461538462
7541,1.7355769230769231
7542,1.5480769230769231
7543,0.3894230769230769
7544,0.5336538461538461
7545,0.25
7546,0.4951923076923077
7547,2.5625
7548,1.9951923076923077
7549,1.0336538461538463
7550,1.9903846153846154
7551,1.8076923076923077
7552,2.1826923076923075
7553,0.8990384615384616
7554,0.39903846153846156
7555,0.23076923076923078
7556,0.3125
7557,3.7596153846153846
7558,2.5673076923076925
7559,1.9182692307692308
7560,3.4326923076923075
7561,0.6875
7562,1.5817307692307692
7563,2.3173076923076925
7564,0.9182692307692307
7565,1.0576923076923077
7566,1.5096153846153846
7567,0.5865384615384616
7568,1.0048076923076923
7569,0.8557692307692308
7570,3.0528846153846154
7571,1.3846153846153846
7572,0.4326923076923077
7573,0.5576923076923077
7574,0.7932692307692308
7575,1.6971153846153846
7576,0.7692307692307693
7577,0.38461538461538464
7578,2.1153846153846154
7579,2.456730769230769
7580,1.9423076923076923
7581,1.4038461538461537
7582,0.9567307692307692
7583,1.1586538461538463
7584,1.0865384615384617
7585,0.42788461538461536
7586,0.75
7587,1.0048076923076923
7588,0.9086538461538461
7589,0.7692307692307692
7590,0.0673076923076923
7591,0.2692307692307692
7592,0.4182692307692308
7593,0.34134615384615385
7594,0.5432692307692307
7595,0.625
7596,1.2596153846153846
7597,1.0769230769230769
7598,5.8701923076923075
7599,1.7644230769230769
7600,1.3221153846153846
7601,0.3942307692307692
7602,0.20192307692307693
7603,0.9086538461538461
7604,0.9807692307692307
7605,3.7788461538461537
7606,2.2548076923076925
7607,0.9759615384615384
7608,1.7115384615384617
7609,2.456730769230769
7610,0.34615384615384615
7611,0.7307692307692308
7612,1.1875
7613,0.8846153846153846
7614,0.11538461538461539
7615,4.235576923076923
7616,4.350961538461538
7617,0.9951923076923077
7618,2.9375
7619,2.6634615384615383
7620,1.5576923076923077
7621,3.855769230769231
7622,1.6634615384615383
7623,0.6875
7624,0.10576923076923077
7625,1.1346153846153846
7626,0.8221153846153846
7627,2.9759615384615383
7628,0.5384615384615384
7629,2.8221153846153846
7630,1.1682692307692308
7631,1.0576923076923077
7632,0.27884615384615385
7633,0.3942307692307692
7634,0.21634615384615385
7635,0.5288461538461539
7636,1.2067307692307692
7637,2.3173076923076925
7638,0.6682692307692308
7639,0.5528846153846154
7640,0.9855769230769231
7641,0.7211538461538461
7642,0.8173076923076923
7643,0.4423076923076923
7644,1.2115384615384617
7645,0.4951923076923077
7646,0.375
7647,0.16346153846153846
7648,0.0
7649,0.2692307692307692
7650,1.2259615384615385
7651,0.0673076923076923
7652,0.2692307692307692
7653,0.9230769230769231
7654,0.7067307692307693
7655,0.004807692307692308
7656,8.057692307692307
7657,1.8701923076923077
7658,2.0144230769230766
7659,2.8365384615384617
7660,1.6298076923076923
7661,0.3894230769230769
7662,0.8942307692307693
7663,2.1105769230769234
7664,2.855769230769231
7665,1.9471153846153846
7666,1.4038461538461537
7667,1.9326923076923077
7668,0.7451923076923077
7669,0.7644230769230769
7670,0.9230769230769231
7671,1.2211538461538463
7672,0.3125
7673,14.177884615384615
7674,3.5673076923076925
7675,2.6538461538461537
7676,4.600961538461538
7677,11.591346153846153
7678,1.9326923076923077
7679,1.5913461538461537
7680,2.7884615384615383
7681,1.7836538461538463
7682,0.7692307692307692
7683,1.4326923076923077
7684,1.3221153846153846
7685,1.6826923076923077
7686,1.3269230769230769
7687,2.4375
7688,1.4663461538461537
7689,1.8942307692307692
7690,1.0432692307692308
7691,1.5288461538461537
7692,1.1538461538461537
7693,0.18269230769230768
7694,2.8413461538461537
7695,3.0913461538461537
7696,2.2788461538461537
7697,1.5432692307692308
7698,0.8461538461538461
7699,1.4759615384615383
7700,2.9951923076923075
7701,1.0769230769230769
7702,1.2884615384615383
7703,1.5144230769230769
7704,0.8894230769230769
7705,0.2548076923076923
7706,0.6057692307692307
7707,0.1346153846153846
7708,1.8269230769230769
7709,0.13942307692307693
7710,0.4182692307692308
7711,0.9759615384615384
7712,1.4807692307692308
7713,0.8653846153846154
7714,4.605769230769231
7715,4.269230769230769
7716,2.6923076923076925
7717,1.3076923076923077
7718,1.0432692307692308
7719,0.7932692307692308
7720,0.5913461538461539
7721,1.8317307692307692
7722,3.9855769230769234
7723,1.8509615384615383
7724,1.6826923076923077
7725,2.5625
7726,0.46634615384615385
7727,1.1009615384615385
7728,1.1923076923076923
7729,1.0721153846153846
7730,0.42788461538461536
7731,8.0625
7732,2.4230769230769234
7733,0.5096153846153846
7734,4.456730769230769
7735,5.336538461538462
7736,1.5769230769230769
7737,1.4903846153846154
7738,1.6153846153846154
7739,0.8221153846153846
7740,1.1778846153846154
7741,0.6634615384615384
7742,1.2451923076923077
7743,3.1201923076923075
7744,1.7884615384615383
7745,0.7692307692307693
7746,0.7884615384615384
7747,0.7644230769230769
7748,0.5192307692307692
7749,1.6682692307692308
7750,0.9567307692307693
7751,0.4903846153846154
7752,3.355769230769231
7753,3.1490384615384617
7754,2.9423076923076925
7755,1.3557692307692308
7756,1.5961538461538463
7757,0.625
7758,1.7836538461538463
7759,1.2163461538461537
7760,2.0961538461538463
7761,1.8701923076923077
7762,0.6442307692307692
7763,0.46634615384615385
7764,0.20192307692307693
7765,0.47115384615384615
7766,1.6346153846153846
7767,0.2692307692307692
7768,0.4807692307692308
7769,0.2932692307692308
7770,1.5048076923076923
7771,0.5865384615384616
7772,4.086538461538462
7773,5.283653846153847
7774,3.8461538461538463
7775,1.2019230769230769
7776,1.2307692307692308
7777,0.7307692307692307
7778,0.7019230769230769
7779,12.466346153846153
7780,4.086538461538462
7781,2.5576923076923075
7782,0.8028846153846154
7783,2.980769230769231
7784,0.9615384615384616
7785,2.1201923076923075
7786,0.9711538461538461
7787,2.0913461538461537
7788,0.8413461538461539
7789,13.216346153846153
7790,5.048076923076923
7791,3.2403846153846154
7792,5.028846153846153
7793,5.980769230769231
7794,2.5384615384615383
7795,2.4903846153846154
7796,3.5480769230769234
7797,1.6875
7798,0.3317307692307692
7799,1.9807692307692308
7800,1.875
7801,6.519230769230769
7802,2.2115384615384617
7803,1.0769230769230769
7804,1.6682692307692308
7805,0.8798076923076923
7806,2.2355769230769234
7807,1.5384615384615383
7808,0.7067307692307693
7809,1.0769230769230769
7810,8.16826923076923
7811,0.5432692307692307
7812,3.7403846153846154
7813,2.9471153846153846
7814,2.2211538461538463
7815,1.8942307692307692
7816,3.0721153846153846
7817,1.9855769230769231
7818,2.0576923076923075
7819,1.6057692307692308
7820,1.3701923076923077
7821,0.375
7822,0.40384615384615385
7823,0.33653846153846156
7824,2.6875
7825,0.47596153846153844
7826,0.35096153846153844
7827,0.7644230769230769
7828,1.6730769230769231
7829,0.0
7830,8.23076923076923
7831,1.8942307692307692
7832,1.1778846153846154
7833,0.7163461538461539
7834,1.6778846153846154
7835,1.4855769230769231
7836,0.8076923076923077
7837,5.0048076923076925
7838,3.6009615384615383
7839,2.831730769230769
7840,2.7596153846153846
7841,3.0096153846153846
7842,0.9903846153846154
7843,0.6298076923076923
7844,2.105769230769231
7845,1.3028846153846154
7846,0.22596153846153846
7847,15.375
7848,7.346153846153847
7849,1.1057692307692308
7850,6.038461538461538
7851,2.2259615384615383
7852,2.2451923076923075
7853,1.9038461538461537
7854,2.2451923076923075
7855,2.1009615384615383
7856,1.1730769230769231
7857,1.8894230769230769
7858,0.8365384615384616
7859,1.4903846153846154
7860,3.0865384615384617
7861,0.8990384615384616
7862,0.8173076923076923
7863,0.10096153846153846
7864,0.9278846153846154
7865,0.6778846153846154
7866,0.3173076923076923
7867,0.9230769230769231
7868,2.7836538461538463
7869,1.6153846153846154
7870,1.4711538461538463
7871,2.5384615384615383
7872,0.7211538461538461
7873,0.18269230769230768
7874,1.1826923076923077
7875,0.5913461538461539
7876,1.5384615384615383
7877,0.6394230769230769
7878,0.2596153846153846
7879,0.5384615384615384
7880,1.0769230769230769
7881,0.20192307692307693
7882,2.4326923076923075
7883,2.5096153846153846
7884,0.21153846153846154
7885,0.6298076923076923
7886,1.3653846153846154
7887,0.27403846153846156
7888,8.923076923076923
7889,2.1971153846153846
7890,0.9903846153846154
7891,1.1682692307692308
7892,1.2980769230769231
7893,0.21634615384615385
7894,0.5
7895,3.5769230769230766
7896,1.6346153846153846
7897,1.8798076923076923
7898,1.8798076923076923
7899,0.7548076923076923
7900,2.5528846153846154
7901,0.34615384615384615
7902,0.34134615384615385
7903,0.7596153846153846
7904,0.9807692307692308
7905,6.0576923076923075
7906,3.0480769230769234
7907,2.3461538461538463
7908,2.043269230769231
7909,0.8221153846153846
7910,2.0625
7911,2.6394230769230766
7912,0.6442307692307693
7913,0.8221153846153846
7914,1.2980769230769231
7915,0.5288461538461539
7916,1.0192307692307692
7917,2.543269230769231
7918,2.7596153846153846
7919,1.0961538461538463
7920,0.3028846153846154
7921,0.7307692307692308
7922,1.3990384615384617
7923,1.2980769230769231
7924,1.6394230769230769
7925,1.9663461538461537
7926,2.6875
7927,1.6346153846153846
7928,3.1298076923076925
7929,1.2692307692307692
7930,0.7259615384615384
7931,1.0769230769230769
7932,1.4423076923076923
7933,0.8076923076923077
7934,0.7932692307692308
7935,0.3798076923076923
7936,0.6586538461538461
7937,0.8076923076923077
7938,0.33653846153846156
7939,1.0096153846153846
7940,0.6105769230769231
7941,0.27403846153846156
7942,0.5432692307692307
7943,0.15865384615384615
7944,1.2932692307692308
7945,1.75
7946,1.8990384615384615
7947,1.6201923076923077
7948,1.9807692307692308
7949,0.6490384615384616
7950,0.5817307692307692
7951,0.13942307692307693
7952,0.5769230769230769
7953,2.0576923076923075
7954,2.0480769230769234
7955,1.75
7956,0.8653846153846154
7957,0.7596153846153846
7958,0.5961538461538461
7959,0.8173076923076923
7960,0.7884615384615384
7961,0.2403846153846154
7962,0.7596153846153846
7963,4.706730769230769
7964,1.5384615384615383
7965,1.4182692307692308
7966,1.2932692307692308
7967,1.4807692307692308
7968,1.8028846153846154
7969,1.5192307692307692
7970,0.41346153846153844
7971,0.6586538461538461
7972,1.3653846153846154
7973,0.2548076923076923
7974,0.6971153846153846
7975,2.5721153846153846
7976,1.0336538461538463
7977,1.6298076923076923
7978,0.5865384615384616
7979,0.47596153846153844
7980,1.0961538461538463
7981,1.4855769230769231
7982,1.0144230769230769
7983,0.14423076923076922
7984,2.4375
7985,1.6105769230769231
7986,2.5
7987,0.8990384615384616
7988,0.75
7989,0.5576923076923077
7990,1.3317307692307692
7991,0.7019230769230769
7992,0.6682692307692308
7993,0.4951923076923077
7994,0.8125
7995,0.7355769230769231
7996,0.0
7997,0.9423076923076923
7998,1.8990384615384615
7999,0.20192307692307693
8000,0.75
8001,0.28365384615384615
8002,0.9903846153846154
8003,0.34615384615384615
8004,5.548076923076923
8005,3.1730769230769234
8006,2.1971153846153846
8007,0.6538461538461539
8008,1.9423076923076923
8009,1.4759615384615383
8010,1.0480769230769231
8011,4.543269230769231
8012,2.331730769230769
8013,1.625
8014,1.3605769230769231
8015,1.3557692307692308
8016,3.1826923076923075
8017,0.35096153846153844
8018,1.1153846153846154
8019,0.5480769230769231
8020,2.6971153846153846
8021,14.038461538461538
8022,4.3701923076923075
8023,2.25
8024,3.826923076923077
8025,0.8798076923076923
8026,4.663461538461538
8027,0.9038461538461539
8028,1.125
8029,1.4038461538461537
8030,1.0432692307692308
8031,0.47596153846153844
8032,0.35096153846153844
8033,1.4326923076923077
8034,4.144230769230769
8035,0.35096153846153844
8036,0.3798076923076923
8037,0.17307692307692307
8038,1.3269230769230769
8039,0.4182692307692308
8040,0.625
8041,0.2403846153846154
8042,4.634615384615385
8043,2.0
8044,1.2932692307692308
8045,2.355769230769231
8046,1.3461538461538463
8047,0.39903846153846156
8048,0.875
8049,0.5
8050,0.5865384615384616
8051,0.5576923076923077
8052,0.5865384615384616
8053,1.3365384615384617
8054,0.1346153846153846
8055,0.20192307692307693
8056,1.8942307692307692
8057,1.0817307692307692
8058,0.1346153846153846
8059,0.22115384615384615
8060,1.7884615384615385
8061,0.14423076923076922
8062,2.668269230769231
8063,2.1153846153846154
8064,1.0096153846153846
8065,1.2596153846153846
8066,0.9471153846153846
8067,0.5961538461538461
8068,0.8028846153846154
8069,4.668269230769231
8070,1.2788461538461537
8071,1.3942307692307692
8072,1.4951923076923077
8073,1.7644230769230769
8074,0.6201923076923077
8075,0.16826923076923078
8076,0.6826923076923077
8077,0.4855769230769231
8078,0.7355769230769231
8079,6.956730769230769
8080,4.509615384615385
8081,2.173076923076923
8082,3.0384615384615383
8083,2.3076923076923075
8084,1.5769230769230769
8085,2.3653846153846154
8086,2.2884615384615383
8087,0.6875
8088,1.3894230769230769
8089,0.8028846153846154
8090,0.21153846153846154
8091,2.2451923076923075
8092,2.3125
8093,0.8125
8094,0.2980769230769231
8095,0.22115384615384615
8096,0.8557692307692307
8097,0.8125
8098,0.6105769230769231
8099,1.0961538461538463
8100,4.634615384615385
8101,2.2403846153846154
8102,1.7355769230769231
8103,1.4759615384615383
8104,0.5048076923076923
8105,0.5961538461538461
8106,0.9807692307692308
8107,2.706730769230769
8108,0.5240384615384616
8109,0.3028846153846154
8110,0.44711538461538464
8111,0.6538461538461539
8112,0.1346153846153846
8113,0.0
8114,0.75
8115,1.8942307692307692
8116,0.6057692307692307
8117,0.27403846153846156
8118,0.7932692307692307
8119,0.4951923076923077
