row_id,demand
0,5.8464285714285715
1,3.16
2,1.9900000000000002
3,0.2042857142857143
4,0.6014285714285714
5,0.021428571428571425
6,0.4785714285714286
7,1.7121428571428572
8,2.1885714285714286
9,0.6671428571428571
10,1.0371428571428571
11,1.2235714285714285
12,1.1364285714285716
13,0.21428571428571427
14,0.3114285714285714
15,0.3364285714285714
16,0.2042857142857143
17,1.8542857142857145
18,5.271428571428571
19,0.0
20,2.0878571428571426
21,0.4714285714285714
22,1.2007142857142856
23,1.1014285714285714
24,1.4764285714285716
25,0.5292857142857142
26,1.0371428571428571
27,0.9900000000000002
28,1.3342857142857143
29,0.3
30,2.342142857142857
31,1.925714285714286
32,0.41642857142857137
33,0.38142857142857145
34,0.9164285714285715
35,2.7021428571428574
36,1.6014285714285714
37,0.21428571428571427
38,0.9164285714285715
39,2.5021428571428572
40,1.5585714285714287
41,0.8328571428571427
42,0.5135714285714286
43,0.8150000000000001
44,1.5585714285714287
45,0.07
46,0.7042857142857143
47,0.2357142857142857
48,0.3757142857142857
49,1.7507142857142857
50,0.5192857142857144
51,1.0157142857142858
52,1.5450000000000002
53,0.612857142857143
54,0.36428571428571427
55,0.5428571428571429
56,1.9764285714285714
57,2.075714285714286
58,4.837857142857143
59,1.38
60,0.6714285714285715
61,0.8171428571428571
62,0.6885714285714286
63,0.12857142857142856
64,1.3014285714285714
65,2.6671428571428577
66,2.5621428571428577
67,1.1321428571428571
68,0.8192857142857144
69,2.1364285714285716
70,0.8557142857142859
71,1.1342857142857143
72,0.5192857142857144
73,0.19285714285714287
74,0.0857142857142857
75,7.852857142857143
76,5.078571428571429
77,0.0
78,1.9128571428571428
79,2.190714285714286
80,0.8521428571428572
81,2.542857142857143
82,0.3485714285714286
83,0.325
84,0.06428571428571428
85,0.8871428571428571
86,1.8985714285714288
87,5.9957142857142856
88,0.12857142857142856
89,0.21428571428571427
90,0.5878571428571429
91,2.9521428571428574
92,0.3578571428571429
93,0.11285714285714285
94,0.0
95,0.46499999999999997
96,1.1635714285714287
97,1.8771428571428572
98,0.612857142857143
99,0.7721428571428571
100,0.5835714285714286
101,1.2992857142857144
102,0.7685714285714286
103,0.0
104,1.2550000000000001
105,0.10714285714285714
106,0.7878571428571429
107,0.42785714285714294
108,0.0
109,1.0914285714285716
110,2.902857142857143
111,0.021428571428571425
112,0.15
113,1.0564285714285715
114,1.2449999999999999
115,0.1714285714285714
116,7.101428571428571
117,1.6150000000000002
118,2.4142857142857146
119,3.0985714285714288
120,1.045
121,0.4535714285714286
122,0.8635714285714287
123,4.475714285714286
124,1.6985714285714286
125,1.0550000000000002
126,1.952857142857143
127,1.9785714285714286
128,0.28214285714285714
129,0.22
130,0.5721428571428571
131,0.5235714285714286
132,0.42214285714285715
133,13.814285714285715
134,4.530714285714286
135,0.0
136,3.232857142857143
137,5.531428571428572
138,1.8035714285714286
139,1.3157142857142856
140,3.557857142857143
141,1.2821428571428573
142,0.3892857142857143
143,1.8071428571428574
144,1.3364285714285715
145,3.8842857142857143
146,1.1185714285714288
147,0.8892857142857142
148,1.8614285714285717
149,0.6364285714285713
150,0.2357142857142857
151,0.36428571428571427
152,1.347857142857143
153,0.12857142857142856
154,2.1285714285714286
155,2.8814285714285717
156,2.362142857142857
157,0.7764285714285715
158,1.0542857142857143
159,0.7492857142857143
160,1.43
161,0.06428571428571428
162,0.5857142857142857
163,0.5449999999999999
164,0.3542857142857143
165,0.7935714285714286
166,1.9707142857142856
167,0.3757142857142857
168,2.257142857142857
169,0.2414285714285714
170,1.0978571428571429
171,1.713571428571429
172,2.2478571428571428
173,0.6285714285714286
174,8.097857142857142
175,3.2571428571428576
176,2.1750000000000003
177,1.2978571428571428
178,2.1164285714285715
179,0.2571428571428571
180,3.0728571428571434
181,2.1750000000000007
182,3.3621428571428575
183,1.7042857142857144
184,0.8599999999999999
185,4.166428571428573
186,0.4028571428571429
187,1.6364285714285716
188,0.7471428571428571
189,0.5392857142857143
190,0.6885714285714285
191,7.191428571428571
192,3.145714285714286
193,0.0
194,5.002142857142857
195,9.432142857142857
196,1.5235714285714286
197,1.507857142857143
198,1.552857142857143
199,0.3114285714285714
200,1.4900000000000002
201,0.7957142857142858
202,1.4085714285714286
203,1.5021428571428572
204,0.8307142857142857
205,1.067857142857143
206,1.1807142857142856
207,0.7042857142857143
208,0.15
209,1.6099999999999999
210,0.38571428571428573
211,0.19857142857142857
212,2.71
213,2.0407142857142864
214,1.5335714285714286
215,0.4535714285714286
216,0.9728571428571429
217,0.535
218,0.8778571428571429
219,0.0
220,2.225714285714286
221,1.5971428571428574
222,0.5507142857142857
223,0.4921428571428572
224,0.47285714285714286
225,1.5250000000000001
226,2.607142857142857
227,0.13428571428571429
228,0.24714285714285716
229,0.5621428571428572
230,2.2292857142857145
231,1.0585714285714285
232,5.315000000000001
233,3.0942857142857148
234,7.082857142857144
235,1.4942857142857142
236,0.3914285714285714
237,0.04285714285714285
238,1.3792857142857144
239,10.54642857142857
240,3.1521428571428576
241,3.719285714285715
242,0.26857142857142857
243,2.9200000000000004
244,0.46499999999999997
245,13.675714285714287
246,1.2200000000000002
247,1.5778571428571428
248,0.9942857142857142
249,18.837142857142858
250,3.095714285714286
251,0.0
252,4.441428571428572
253,2.592857142857143
254,2.161428571428572
255,2.012142857142857
256,6.472142857142858
257,1.1771428571428573
258,0.0
259,1.6185714285714285
260,0.14
261,4.992857142857143
262,2.0621428571428573
263,0.0
264,2.997857142857143
265,0.4357142857142857
266,3.587857142857143
267,3.592142857142857
268,0.12857142857142856
269,0.64
270,5.397142857142858
271,1.737857142857143
272,4.545714285714286
273,4.417857142857144
274,2.750714285714286
275,1.270714285714286
276,2.5
277,0.12857142857142856
278,0.8407142857142857
279,0.475
280,1.0507142857142857
281,0.395
282,0.7121428571428572
283,2.2235714285714288
284,5.0757142857142865
285,0.11285714285714285
286,0.44999999999999996
287,1.7157142857142857
288,3.581428571428572
289,0.0
290,7.540000000000001
291,2.4842857142857144
292,0.9592857142857143
293,1.8442857142857143
294,2.3014285714285716
295,1.1242857142857143
296,0.8542857142857143
297,2.2414285714285715
298,2.0664285714285717
299,2.032857142857143
300,2.1035714285714286
301,3.942857142857143
302,0.15
303,1.425714285714286
304,1.7978571428571428
305,1.2235714285714285
306,0.11285714285714285
307,16.027857142857144
308,5.770714285714286
309,0.0
310,4.972857142857143
311,2.1635714285714287
312,1.3642857142857143
313,2.132142857142857
314,2.8657142857142857
315,0.6928571428571428
316,1.2449999999999999
317,1.2550000000000001
318,0.997857142857143
319,2.0292857142857144
320,2.4064285714285716
321,0.15
322,1.0214285714285714
323,0.3578571428571429
324,0.3892857142857143
325,0.8657142857142857
326,0.6942857142857143
327,0.6578571428571428
328,1.5292857142857144
329,0.7121428571428572
330,1.507857142857143
331,1.1464285714285714
332,0.5564285714285715
333,0.3578571428571429
334,0.5078571428571429
335,0.021428571428571425
336,1.2842857142857143
337,0.2785714285714286
338,0.8285714285714285
339,1.250714285714286
340,2.470714285714286
341,0.15
342,5.54857142857143
343,3.2300000000000004
344,0.2628571428571429
345,0.1714285714285714
346,2.117857142857143
347,0.11285714285714285
348,8.60357142857143
349,1.392857142857143
350,0.44
351,1.2335714285714285
352,0.38142857142857145
353,0.8557142857142859
354,0.8542857142857143
355,2.725714285714286
356,3.738571428571429
357,2.562857142857143
358,1.7571428571428571
359,0.8014285714285714
360,1.705
361,1.1592857142857145
362,2.440714285714286
363,2.1221428571428573
364,0.42857142857142855
365,12.897142857142857
366,4.524285714285714
367,0.0
368,2.257142857142857
369,0.6542857142857142
370,3.8114285714285714
371,1.387857142857143
372,0.0
373,0.12857142857142856
374,2.0685714285714285
375,0.4185714285714286
376,0.4928571428571428
377,1.2857142857142858
378,1.487142857142857
379,0.5571428571428572
380,0.3485714285714286
381,0.2785714285714286
382,1.182857142857143
383,3.233571428571429
384,0.3757142857142857
385,2.2821428571428575
386,2.22
387,1.9342857142857142
388,2.5664285714285717
389,1.5350000000000001
390,0.07
391,1.2664285714285715
392,2.9528571428571433
393,0.07
394,1.2157142857142857
395,0.07
396,1.4085714285714286
397,1.3150000000000002
398,0.2571428571428571
399,1.985
400,3.0992857142857146
401,0.38571428571428573
402,3.015714285714286
403,0.9785714285714286
404,2.8171428571428576
405,2.186428571428572
406,1.4714285714285715
407,1.0742857142857143
408,1.8814285714285715
409,0.16142857142857145
410,0.2392857142857143
411,0.14
412,0.42214285714285715
413,0.5078571428571429
414,0.7492857142857143
415,0.4185714285714286
416,1.0757142857142858
417,0.6771428571428572
418,0.8307142857142857
419,0.47071428571428575
420,0.10714285714285714
421,0.021428571428571425
422,0.2042857142857143
423,3.5892857142857144
424,1.4671428571428573
425,0.0
426,1.0992857142857144
427,1.9335714285714287
428,0.9964285714285714
429,1.8092857142857144
430,0.0
431,0.11285714285714285
432,0.9807142857142859
433,0.10714285714285714
434,0.10714285714285714
435,1.472142857142857
436,1.2664285714285715
437,0.3
438,1.0114285714285716
439,0.4007142857142857
440,0.0
441,1.1985714285714286
442,0.4142857142857143
443,0.021428571428571425
444,1.8250000000000002
445,1.1521428571428571
446,2.692857142857143
447,0.5935714285714286
448,0.4007142857142857
449,1.1807142857142858
450,0.7178571428571429
451,0.28
452,0.5721428571428571
453,0.15
454,0.6828571428571428
455,0.6614285714285714
456,0.3578571428571429
457,1.2878571428571428
458,2.4221428571428576
459,0.26857142857142857
460,0.5585714285714286
461,0.5564285714285715
462,1.2585714285714285
463,0.24714285714285716
464,3.742857142857143
465,3.595714285714286
466,3.137857142857143
467,0.5078571428571429
468,1.8485714285714288
469,2.3950000000000005
470,1.1671428571428573
471,7.5164285714285715
472,2.2042857142857146
473,1.8914285714285715
474,1.0350000000000001
475,1.2314285714285713
476,3.4764285714285723
477,0.11285714285714285
478,0.9842857142857144
479,0.06428571428571428
480,1.6228571428571428
481,21.939285714285717
482,2.08
483,0.0
484,2.7478571428571437
485,1.1985714285714286
486,3.253571428571429
487,0.5564285714285715
488,0.6478571428571429
489,1.4628571428571429
490,1.8907142857142858
491,0.04285714285714285
492,0.3871428571428572
493,1.7007142857142856
494,2.715
495,0.3792857142857143
496,0.5621428571428572
497,0.0857142857142857
498,1.3835714285714285
499,0.7764285714285715
500,4.501428571428572
501,0.8014285714285714
502,2.430714285714286
503,3.68
504,1.830714285714286
505,2.4978571428571428
506,1.6107142857142858
507,0.6535714285714286
508,0.5078571428571429
509,0.0
510,0.4357142857142857
511,0.2628571428571429
512,0.5078571428571429
513,0.8485714285714286
514,0.28214285714285714
515,0.3035714285714286
516,2.3814285714285717
517,2.0021428571428572
518,0.10714285714285714
519,0.325
520,4.704285714285715
521,0.06428571428571428
522,2.867857142857143
523,2.4878571428571434
524,1.0192857142857144
525,0.962857142857143
526,0.5528571428571428
527,1.245
528,0.4185714285714286
529,5.921428571428572
530,1.1464285714285714
531,1.4264285714285716
532,0.9650000000000001
533,1.0921428571428573
534,0.2042857142857143
535,0.47071428571428575
536,0.28428571428571425
537,0.06428571428571428
538,0.0857142857142857
539,9.272142857142857
540,1.7207142857142856
541,0.0
542,2.072857142857143
543,3.8285714285714287
544,1.6321428571428571
545,1.1657142857142857
546,2.923571428571429
547,0.7335714285714287
548,0.8364285714285714
549,0.7314285714285714
550,0.5192857142857144
551,2.3771428571428572
552,1.4692857142857143
553,1.2021428571428574
554,0.4007142857142857
555,0.0
556,1.9585714285714286
557,2.2757142857142862
558,0.10714285714285714
559,0.9771428571428573
560,3.1471428571428572
561,1.6342857142857143
562,1.1657142857142857
563,0.44
564,0.0
565,0.29000000000000004
566,0.2571428571428571
567,1.2671428571428573
568,0.38142857142857145
569,0.5542857142857143
570,0.33857142857142863
571,0.07
572,0.2042857142857143
573,0.16142857142857145
574,1.6407142857142856
575,2.2142857142857144
576,0.4107142857142857
577,0.06428571428571428
578,1.0757142857142858
579,0.962857142857143
580,1.3701173173743706
581,1.3701173173743706
582,1.3701173173743706
583,1.3701173173743706
584,1.3701173173743706
585,1.3701173173743706
586,1.3701173173743706
587,1.3701173173743706
588,1.3701173173743706
589,1.3701173173743706
590,1.3701173173743706
591,1.3701173173743706
592,1.3701173173743706
593,1.3701173173743706
594,1.3701173173743706
595,1.3701173173743706
596,1.3701173173743706
597,1.3701173173743706
598,1.3701173173743706
599,1.3701173173743706
600,1.3701173173743706
601,1.3701173173743706
602,1.3701173173743706
603,1.3701173173743706
604,1.3701173173743706
605,1.3701173173743706
606,1.3701173173743706
607,1.3701173173743706
608,1.3701173173743706
609,1.3701173173743706
610,1.3701173173743706
611,1.3701173173743706
612,1.3701173173743706
613,1.3701173173743706
614,1.3701173173743706
615,1.3701173173743706
616,1.3701173173743706
617,1.3701173173743706
618,1.3701173173743706
619,1.3701173173743706
620,1.3701173173743706
621,1.3701173173743706
622,1.3701173173743706
623,1.3701173173743706
624,1.3701173173743706
625,1.3701173173743706
626,1.3701173173743706
627,1.3701173173743706
628,1.3701173173743706
629,1.3701173173743706
630,1.3701173173743706
631,1.3701173173743706
632,1.3701173173743706
633,1.3701173173743706
634,1.3701173173743706
635,1.3701173173743706
636,1.3701173173743706
637,1.3701173173743706
638,1.3701173173743706
639,1.3701173173743706
640,1.3701173173743706
641,1.3701173173743706
642,1.3701173173743706
643,1.3701173173743706
644,1.3701173173743706
645,1.3701173173743706
646,1.3701173173743706
647,1.3701173173743706
648,1.3701173173743706
649,1.3701173173743706
650,1.3701173173743706
651,1.3701173173743706
652,1.3701173173743706
653,1.3701173173743706
654,1.3701173173743706
655,1.3701173173743706
656,1.3701173173743706
657,1.3701173173743706
658,1.3701173173743706
659,1.3701173173743706
660,1.3701173173743706
661,1.3701173173743706
662,1.3701173173743706
663,1.3701173173743706
664,1.3701173173743706
665,1.3701173173743706
666,1.3701173173743706
667,1.3701173173743706
668,1.3701173173743706
669,1.3701173173743706
670,1.3701173173743706
671,1.3701173173743706
672,1.3701173173743706
673,1.3701173173743706
674,1.3701173173743706
675,1.3701173173743706
676,1.3701173173743706
677,1.3701173173743706
678,1.3701173173743706
679,1.3701173173743706
680,1.3701173173743706
681,1.3701173173743706
682,1.3701173173743706
683,1.3701173173743706
684,1.3701173173743706
685,1.3701173173743706
686,1.3701173173743706
687,1.3701173173743706
688,1.3701173173743706
689,1.3701173173743706
690,1.3701173173743706
691,1.3701173173743706
692,1.3701173173743706
693,1.3701173173743706
694,1.3701173173743706
695,1.3701173173743706
696,1.3701173173743706
697,1.3701173173743706
698,1.3701173173743706
699,1.3701173173743706
700,1.3701173173743706
701,1.3701173173743706
702,1.3701173173743706
703,1.3701173173743706
704,1.3701173173743706
705,1.3701173173743706
706,1.3701173173743706
707,1.3701173173743706
708,1.3701173173743706
709,1.3701173173743706
710,1.3701173173743706
711,1.3701173173743706
712,1.3701173173743706
713,1.3701173173743706
714,1.3701173173743706
715,1.3701173173743706
716,1.3701173173743706
717,1.3701173173743706
718,1.3701173173743706
719,1.3701173173743706
720,1.3701173173743706
721,1.3701173173743706
722,1.3701173173743706
723,1.3701173173743706
724,1.3701173173743706
725,1.3701173173743706
726,1.3701173173743706
727,1.3701173173743706
728,1.3701173173743706
729,1.3701173173743706
730,1.3701173173743706
731,1.3701173173743706
732,1.3701173173743706
733,1.3701173173743706
734,1.3701173173743706
735,1.3701173173743706
736,1.3701173173743706
737,1.3701173173743706
738,1.3701173173743706
739,1.3701173173743706
740,1.3701173173743706
741,1.3701173173743706
742,1.3701173173743706
743,1.3701173173743706
744,1.3701173173743706
745,1.3701173173743706
746,1.3701173173743706
747,1.3701173173743706
748,1.3701173173743706
749,1.3701173173743706
750,1.3701173173743706
751,1.3701173173743706
752,1.3701173173743706
753,1.3701173173743706
754,1.3701173173743706
755,1.3701173173743706
756,1.3701173173743706
757,1.3701173173743706
758,1.3701173173743706
759,1.3701173173743706
760,1.3701173173743706
761,1.3701173173743706
762,1.3701173173743706
763,1.3701173173743706
764,1.3701173173743706
765,1.3701173173743706
766,1.3701173173743706
767,1.3701173173743706
768,1.3701173173743706
769,1.3701173173743706
770,1.3701173173743706
771,1.3701173173743706
772,1.3701173173743706
773,1.3701173173743706
774,1.3701173173743706
775,1.3701173173743706
776,1.3701173173743706
777,1.3701173173743706
778,1.3701173173743706
779,1.3701173173743706
780,1.3701173173743706
781,1.3701173173743706
782,1.3701173173743706
783,1.3701173173743706
784,1.3701173173743706
785,1.3701173173743706
786,1.3701173173743706
787,1.3701173173743706
788,1.3701173173743706
789,1.3701173173743706
790,1.3701173173743706
791,1.3701173173743706
792,1.3701173173743706
793,1.3701173173743706
794,1.3701173173743706
795,1.3701173173743706
796,1.3701173173743706
797,1.3701173173743706
798,1.3701173173743706
799,1.3701173173743706
800,1.3701173173743706
801,1.3701173173743706
802,1.3701173173743706
803,1.3701173173743706
804,1.3701173173743706
805,1.3701173173743706
806,1.3701173173743706
807,1.3701173173743706
808,1.3701173173743706
809,1.3701173173743706
810,1.3701173173743706
811,1.3701173173743706
812,1.3701173173743706
813,1.3701173173743706
814,1.3701173173743706
815,1.3701173173743706
816,1.3701173173743706
817,1.3701173173743706
818,1.3701173173743706
819,1.3701173173743706
820,1.3701173173743706
821,1.3701173173743706
822,1.3701173173743706
823,1.3701173173743706
824,1.3701173173743706
825,1.3701173173743706
826,1.3701173173743706
827,1.3701173173743706
828,1.3701173173743706
829,1.3701173173743706
830,1.3701173173743706
831,1.3701173173743706
832,1.3701173173743706
833,1.3701173173743706
834,1.3701173173743706
835,1.3701173173743706
836,1.3701173173743706
837,1.3701173173743706
838,1.3701173173743706
839,1.3701173173743706
840,1.3701173173743706
841,1.3701173173743706
842,1.3701173173743706
843,1.3701173173743706
844,1.3701173173743706
845,1.3701173173743706
846,1.3701173173743706
847,1.3701173173743706
848,1.3701173173743706
849,1.3701173173743706
850,1.3701173173743706
851,1.3701173173743706
852,1.3701173173743706
853,1.3701173173743706
854,1.3701173173743706
855,1.3701173173743706
856,1.3701173173743706
857,1.3701173173743706
858,1.3701173173743706
859,1.3701173173743706
860,1.3701173173743706
861,1.3701173173743706
862,1.3701173173743706
863,1.3701173173743706
864,1.3701173173743706
865,1.3701173173743706
866,1.3701173173743706
867,1.3701173173743706
868,1.3701173173743706
869,1.3701173173743706
870,1.3701173173743706
871,1.3701173173743706
872,1.3701173173743706
873,1.3701173173743706
874,1.3701173173743706
875,1.3701173173743706
876,1.3701173173743706
877,1.3701173173743706
878,1.3701173173743706
879,1.3701173173743706
880,1.3701173173743706
881,1.3701173173743706
882,1.3701173173743706
883,1.3701173173743706
884,1.3701173173743706
885,1.3701173173743706
886,1.3701173173743706
887,1.3701173173743706
888,1.3701173173743706
889,1.3701173173743706
890,1.3701173173743706
891,1.3701173173743706
892,1.3701173173743706
893,1.3701173173743706
894,1.3701173173743706
895,1.3701173173743706
896,1.3701173173743706
897,1.3701173173743706
898,1.3701173173743706
899,1.3701173173743706
900,1.3701173173743706
901,1.3701173173743706
902,1.3701173173743706
903,1.3701173173743706
904,1.3701173173743706
905,1.3701173173743706
906,1.3701173173743706
907,1.3701173173743706
908,1.3701173173743706
909,1.3701173173743706
910,1.3701173173743706
911,1.3701173173743706
912,1.3701173173743706
913,1.3701173173743706
914,1.3701173173743706
915,1.3701173173743706
916,1.3701173173743706
917,1.3701173173743706
918,1.3701173173743706
919,1.3701173173743706
920,1.3701173173743706
921,1.3701173173743706
922,1.3701173173743706
923,1.3701173173743706
924,1.3701173173743706
925,1.3701173173743706
926,1.3701173173743706
927,1.3701173173743706
928,1.3701173173743706
929,1.3701173173743706
930,1.3701173173743706
931,1.3701173173743706
932,1.3701173173743706
933,1.3701173173743706
934,1.3701173173743706
935,1.3701173173743706
936,1.3701173173743706
937,1.3701173173743706
938,1.3701173173743706
939,1.3701173173743706
940,1.3701173173743706
941,1.3701173173743706
942,1.3701173173743706
943,1.3701173173743706
944,1.3701173173743706
945,1.3701173173743706
946,1.3701173173743706
947,1.3701173173743706
948,1.3701173173743706
949,1.3701173173743706
950,1.3701173173743706
951,1.3701173173743706
952,1.3701173173743706
953,1.3701173173743706
954,1.3701173173743706
955,1.3701173173743706
956,1.3701173173743706
957,1.3701173173743706
958,1.3701173173743706
959,1.3701173173743706
960,1.3701173173743706
961,1.3701173173743706
962,1.3701173173743706
963,1.3701173173743706
964,1.3701173173743706
965,1.3701173173743706
966,1.3701173173743706
967,1.3701173173743706
968,1.3701173173743706
969,1.3701173173743706
970,1.3701173173743706
971,1.3701173173743706
972,1.3701173173743706
973,1.3701173173743706
974,1.3701173173743706
975,1.3701173173743706
976,1.3701173173743706
977,1.3701173173743706
978,1.3701173173743706
979,1.3701173173743706
980,1.3701173173743706
981,1.3701173173743706
982,1.3701173173743706
983,1.3701173173743706
984,1.3701173173743706
985,1.3701173173743706
986,1.3701173173743706
987,1.3701173173743706
988,1.3701173173743706
989,1.3701173173743706
990,1.3701173173743706
991,1.3701173173743706
992,1.3701173173743706
993,1.3701173173743706
994,1.3701173173743706
995,1.3701173173743706
996,1.3701173173743706
997,1.3701173173743706
998,1.3701173173743706
999,1.3701173173743706
1000,1.3701173173743706
1001,1.3701173173743706
1002,1.3701173173743706
1003,1.3701173173743706
1004,1.3701173173743706
1005,1.3701173173743706
1006,1.3701173173743706
1007,1.3701173173743706
1008,1.3701173173743706
1009,1.3701173173743706
1010,1.3701173173743706
1011,1.3701173173743706
1012,1.3701173173743706
1013,1.3701173173743706
1014,1.3701173173743706
1015,1.3701173173743706
1016,1.3701173173743706
1017,1.3701173173743706
1018,1.3701173173743706
1019,1.3701173173743706
1020,1.3701173173743706
1021,1.3701173173743706
1022,1.3701173173743706
1023,1.3701173173743706
1024,1.3701173173743706
1025,1.3701173173743706
1026,1.3701173173743706
1027,1.3701173173743706
1028,1.3701173173743706
1029,1.3701173173743706
1030,1.3701173173743706
1031,1.3701173173743706
1032,1.3701173173743706
1033,1.3701173173743706
1034,1.3701173173743706
1035,1.3701173173743706
1036,1.3701173173743706
1037,1.3701173173743706
1038,1.3701173173743706
1039,1.3701173173743706
1040,1.3701173173743706
1041,1.3701173173743706
1042,1.3701173173743706
1043,1.3701173173743706
1044,1.3701173173743706
1045,1.3701173173743706
1046,1.3701173173743706
1047,1.3701173173743706
1048,1.3701173173743706
1049,1.3701173173743706
1050,1.3701173173743706
1051,1.3701173173743706
1052,1.3701173173743706
1053,1.3701173173743706
1054,1.3701173173743706
1055,1.3701173173743706
1056,1.3701173173743706
1057,1.3701173173743706
1058,1.3701173173743706
1059,1.3701173173743706
1060,1.3701173173743706
1061,1.3701173173743706
1062,1.3701173173743706
1063,1.3701173173743706
1064,1.3701173173743706
1065,1.3701173173743706
1066,1.3701173173743706
1067,1.3701173173743706
1068,1.3701173173743706
1069,1.3701173173743706
1070,1.3701173173743706
1071,1.3701173173743706
1072,1.3701173173743706
1073,1.3701173173743706
1074,1.3701173173743706
1075,1.3701173173743706
1076,1.3701173173743706
1077,1.3701173173743706
1078,1.3701173173743706
1079,1.3701173173743706
1080,1.3701173173743706
1081,1.3701173173743706
1082,1.3701173173743706
1083,1.3701173173743706
1084,1.3701173173743706
1085,1.3701173173743706
1086,1.3701173173743706
1087,1.3701173173743706
1088,1.3701173173743706
1089,1.3701173173743706
1090,1.3701173173743706
1091,1.3701173173743706
1092,1.3701173173743706
1093,1.3701173173743706
1094,1.3701173173743706
1095,1.3701173173743706
1096,1.3701173173743706
1097,1.3701173173743706
1098,1.3701173173743706
1099,1.3701173173743706
1100,1.3701173173743706
1101,1.3701173173743706
1102,1.3701173173743706
1103,1.3701173173743706
1104,1.3701173173743706
1105,1.3701173173743706
1106,1.3701173173743706
1107,1.3701173173743706
1108,1.3701173173743706
1109,1.3701173173743706
1110,1.3701173173743706
1111,1.3701173173743706
1112,1.3701173173743706
1113,1.3701173173743706
1114,1.3701173173743706
1115,1.3701173173743706
1116,1.3701173173743706
1117,1.3701173173743706
1118,1.3701173173743706
1119,1.3701173173743706
1120,1.3701173173743706
1121,1.3701173173743706
1122,1.3701173173743706
1123,1.3701173173743706
1124,1.3701173173743706
1125,1.3701173173743706
1126,1.3701173173743706
1127,1.3701173173743706
1128,1.3701173173743706
1129,1.3701173173743706
1130,1.3701173173743706
1131,1.3701173173743706
1132,1.3701173173743706
1133,1.3701173173743706
1134,1.3701173173743706
1135,1.3701173173743706
1136,1.3701173173743706
1137,1.3701173173743706
1138,1.3701173173743706
1139,1.3701173173743706
1140,1.3701173173743706
1141,1.3701173173743706
1142,1.3701173173743706
1143,1.3701173173743706
1144,1.3701173173743706
1145,1.3701173173743706
1146,1.3701173173743706
1147,1.3701173173743706
1148,1.3701173173743706
1149,1.3701173173743706
1150,1.3701173173743706
1151,1.3701173173743706
1152,1.3701173173743706
1153,1.3701173173743706
1154,1.3701173173743706
1155,1.3701173173743706
1156,1.3701173173743706
1157,1.3701173173743706
1158,1.3701173173743706
1159,1.3701173173743706
1160,1.3701173173743706
1161,1.3701173173743706
1162,1.3701173173743706
1163,1.3701173173743706
1164,1.3701173173743706
1165,1.3701173173743706
1166,1.3701173173743706
1167,1.3701173173743706
1168,1.3701173173743706
1169,1.3701173173743706
1170,1.3701173173743706
1171,1.3701173173743706
1172,1.3701173173743706
1173,1.3701173173743706
1174,1.3701173173743706
1175,1.3701173173743706
1176,1.3701173173743706
1177,1.3701173173743706
1178,1.3701173173743706
1179,1.3701173173743706
1180,1.3701173173743706
1181,1.3701173173743706
1182,1.3701173173743706
1183,1.3701173173743706
1184,1.3701173173743706
1185,1.3701173173743706
1186,1.3701173173743706
1187,1.3701173173743706
1188,1.3701173173743706
1189,1.3701173173743706
1190,1.3701173173743706
1191,1.3701173173743706
1192,1.3701173173743706
1193,1.3701173173743706
1194,1.3701173173743706
1195,1.3701173173743706
1196,1.3701173173743706
1197,1.3701173173743706
1198,1.3701173173743706
1199,1.3701173173743706
1200,1.3701173173743706
1201,1.3701173173743706
1202,1.3701173173743706
1203,1.3701173173743706
1204,1.3701173173743706
1205,1.3701173173743706
1206,1.3701173173743706
1207,1.3701173173743706
1208,1.3701173173743706
1209,1.3701173173743706
1210,1.3701173173743706
1211,1.3701173173743706
1212,1.3701173173743706
1213,1.3701173173743706
1214,1.3701173173743706
1215,1.3701173173743706
1216,1.3701173173743706
1217,1.3701173173743706
1218,1.3701173173743706
1219,1.3701173173743706
1220,1.3701173173743706
1221,1.3701173173743706
1222,1.3701173173743706
1223,1.3701173173743706
1224,1.3701173173743706
1225,1.3701173173743706
1226,1.3701173173743706
1227,1.3701173173743706
1228,1.3701173173743706
1229,1.3701173173743706
1230,1.3701173173743706
1231,1.3701173173743706
1232,1.3701173173743706
1233,1.3701173173743706
1234,1.3701173173743706
1235,1.3701173173743706
1236,1.3701173173743706
1237,1.3701173173743706
1238,1.3701173173743706
1239,1.3701173173743706
1240,1.3701173173743706
1241,1.3701173173743706
1242,1.3701173173743706
1243,1.3701173173743706
1244,1.3701173173743706
1245,1.3701173173743706
1246,1.3701173173743706
1247,1.3701173173743706
1248,1.3701173173743706
1249,1.3701173173743706
1250,1.3701173173743706
1251,1.3701173173743706
1252,1.3701173173743706
1253,1.3701173173743706
1254,1.3701173173743706
1255,1.3701173173743706
1256,1.3701173173743706
1257,1.3701173173743706
1258,1.3701173173743706
1259,1.3701173173743706
1260,1.3701173173743706
1261,1.3701173173743706
1262,1.3701173173743706
1263,1.3701173173743706
1264,1.3701173173743706
1265,1.3701173173743706
1266,1.3701173173743706
1267,1.3701173173743706
1268,1.3701173173743706
1269,1.3701173173743706
1270,1.3701173173743706
1271,1.3701173173743706
1272,1.3701173173743706
1273,1.3701173173743706
1274,1.3701173173743706
1275,1.3701173173743706
1276,1.3701173173743706
1277,1.3701173173743706
1278,1.3701173173743706
1279,1.3701173173743706
1280,1.3701173173743706
1281,1.3701173173743706
1282,1.3701173173743706
1283,1.3701173173743706
1284,1.3701173173743706
1285,1.3701173173743706
1286,1.3701173173743706
1287,1.3701173173743706
1288,1.3701173173743706
1289,1.3701173173743706
1290,1.3701173173743706
1291,1.3701173173743706
1292,1.3701173173743706
1293,1.3701173173743706
1294,1.3701173173743706
1295,1.3701173173743706
1296,1.3701173173743706
1297,1.3701173173743706
1298,1.3701173173743706
1299,1.3701173173743706
1300,1.3701173173743706
1301,1.3701173173743706
1302,1.3701173173743706
1303,1.3701173173743706
1304,1.3701173173743706
1305,1.3701173173743706
1306,1.3701173173743706
1307,1.3701173173743706
1308,1.3701173173743706
1309,1.3701173173743706
1310,1.3701173173743706
1311,1.3701173173743706
1312,1.3701173173743706
1313,1.3701173173743706
1314,1.3701173173743706
1315,1.3701173173743706
1316,1.3701173173743706
1317,1.3701173173743706
1318,1.3701173173743706
1319,1.3701173173743706
1320,1.3701173173743706
1321,1.3701173173743706
1322,1.3701173173743706
1323,1.3701173173743706
1324,1.3701173173743706
1325,1.3701173173743706
1326,1.3701173173743706
1327,1.3701173173743706
1328,1.3701173173743706
1329,1.3701173173743706
1330,1.3701173173743706
1331,1.3701173173743706
1332,1.3701173173743706
1333,1.3701173173743706
1334,1.3701173173743706
1335,1.3701173173743706
1336,1.3701173173743706
1337,1.3701173173743706
1338,1.3701173173743706
1339,1.3701173173743706
1340,1.3701173173743706
1341,1.3701173173743706
1342,1.3701173173743706
1343,1.3701173173743706
1344,1.3701173173743706
1345,1.3701173173743706
1346,1.3701173173743706
1347,1.3701173173743706
1348,1.3701173173743706
1349,1.3701173173743706
1350,1.3701173173743706
1351,1.3701173173743706
1352,1.3701173173743706
1353,1.3701173173743706
1354,1.3701173173743706
1355,1.3701173173743706
1356,1.3701173173743706
1357,1.3701173173743706
1358,1.3701173173743706
1359,1.3701173173743706
1360,1.3701173173743706
1361,1.3701173173743706
1362,1.3701173173743706
1363,1.3701173173743706
1364,1.3701173173743706
1365,1.3701173173743706
1366,1.3701173173743706
1367,1.3701173173743706
1368,1.3701173173743706
1369,1.3701173173743706
1370,1.3701173173743706
1371,1.3701173173743706
1372,1.3701173173743706
1373,1.3701173173743706
1374,1.3701173173743706
1375,1.3701173173743706
1376,1.3701173173743706
1377,1.3701173173743706
1378,1.3701173173743706
1379,1.3701173173743706
1380,1.3701173173743706
1381,1.3701173173743706
1382,1.3701173173743706
1383,1.3701173173743706
1384,1.3701173173743706
1385,1.3701173173743706
1386,1.3701173173743706
1387,1.3701173173743706
1388,1.3701173173743706
1389,1.3701173173743706
1390,1.3701173173743706
1391,1.3701173173743706
1392,1.3701173173743706
1393,1.3701173173743706
1394,1.3701173173743706
1395,1.3701173173743706
1396,1.3701173173743706
1397,1.3701173173743706
1398,1.3701173173743706
1399,1.3701173173743706
1400,1.3701173173743706
1401,1.3701173173743706
1402,1.3701173173743706
1403,1.3701173173743706
1404,1.3701173173743706
1405,1.3701173173743706
1406,1.3701173173743706
1407,1.3701173173743706
1408,1.3701173173743706
1409,1.3701173173743706
1410,1.3701173173743706
1411,1.3701173173743706
1412,1.3701173173743706
1413,1.3701173173743706
1414,1.3701173173743706
1415,1.3701173173743706
1416,1.3701173173743706
1417,1.3701173173743706
1418,1.3701173173743706
1419,1.3701173173743706
1420,1.3701173173743706
1421,1.3701173173743706
1422,1.3701173173743706
1423,1.3701173173743706
1424,1.3701173173743706
1425,1.3701173173743706
1426,1.3701173173743706
1427,1.3701173173743706
1428,1.3701173173743706
1429,1.3701173173743706
1430,1.3701173173743706
1431,1.3701173173743706
1432,1.3701173173743706
1433,1.3701173173743706
1434,1.3701173173743706
1435,1.3701173173743706
1436,1.3701173173743706
1437,1.3701173173743706
1438,1.3701173173743706
1439,1.3701173173743706
1440,1.3701173173743706
1441,1.3701173173743706
1442,1.3701173173743706
1443,1.3701173173743706
1444,1.3701173173743706
1445,1.3701173173743706
1446,1.3701173173743706
1447,1.3701173173743706
1448,1.3701173173743706
1449,1.3701173173743706
1450,1.3701173173743706
1451,1.3701173173743706
1452,1.3701173173743706
1453,1.3701173173743706
1454,1.3701173173743706
1455,1.3701173173743706
1456,1.3701173173743706
1457,1.3701173173743706
1458,1.3701173173743706
1459,1.3701173173743706
1460,1.3701173173743706
1461,1.3701173173743706
1462,1.3701173173743706
1463,1.3701173173743706
1464,1.3701173173743706
1465,1.3701173173743706
1466,1.3701173173743706
1467,1.3701173173743706
1468,1.3701173173743706
1469,1.3701173173743706
1470,1.3701173173743706
1471,1.3701173173743706
1472,1.3701173173743706
1473,1.3701173173743706
1474,1.3701173173743706
1475,1.3701173173743706
1476,1.3701173173743706
1477,1.3701173173743706
1478,1.3701173173743706
1479,1.3701173173743706
1480,1.3701173173743706
1481,1.3701173173743706
1482,1.3701173173743706
1483,1.3701173173743706
1484,1.3701173173743706
1485,1.3701173173743706
1486,1.3701173173743706
1487,1.3701173173743706
1488,1.3701173173743706
1489,1.3701173173743706
1490,1.3701173173743706
1491,1.3701173173743706
1492,1.3701173173743706
1493,1.3701173173743706
1494,1.3701173173743706
1495,1.3701173173743706
1496,1.3701173173743706
1497,1.3701173173743706
1498,1.3701173173743706
1499,1.3701173173743706
1500,1.3701173173743706
1501,1.3701173173743706
1502,1.3701173173743706
1503,1.3701173173743706
1504,1.3701173173743706
1505,1.3701173173743706
1506,1.3701173173743706
1507,1.3701173173743706
1508,1.3701173173743706
1509,1.3701173173743706
1510,1.3701173173743706
1511,1.3701173173743706
1512,1.3701173173743706
1513,1.3701173173743706
1514,1.3701173173743706
1515,1.3701173173743706
1516,1.3701173173743706
1517,1.3701173173743706
1518,1.3701173173743706
1519,1.3701173173743706
1520,1.3701173173743706
1521,1.3701173173743706
1522,1.3701173173743706
1523,1.3701173173743706
1524,1.3701173173743706
1525,1.3701173173743706
1526,1.3701173173743706
1527,1.3701173173743706
1528,1.3701173173743706
1529,1.3701173173743706
1530,1.3701173173743706
1531,1.3701173173743706
1532,1.3701173173743706
1533,1.3701173173743706
1534,1.3701173173743706
1535,1.3701173173743706
1536,1.3701173173743706
1537,1.3701173173743706
1538,1.3701173173743706
1539,1.3701173173743706
1540,1.3701173173743706
1541,1.3701173173743706
1542,1.3701173173743706
1543,1.3701173173743706
1544,1.3701173173743706
1545,1.3701173173743706
1546,1.3701173173743706
1547,1.3701173173743706
1548,1.3701173173743706
1549,1.3701173173743706
1550,1.3701173173743706
1551,1.3701173173743706
1552,1.3701173173743706
1553,1.3701173173743706
1554,1.3701173173743706
1555,1.3701173173743706
1556,1.3701173173743706
1557,1.3701173173743706
1558,1.3701173173743706
1559,1.3701173173743706
1560,1.3701173173743706
1561,1.3701173173743706
1562,1.3701173173743706
1563,1.3701173173743706
1564,1.3701173173743706
1565,1.3701173173743706
1566,1.3701173173743706
1567,1.3701173173743706
1568,1.3701173173743706
1569,1.3701173173743706
1570,1.3701173173743706
1571,1.3701173173743706
1572,1.3701173173743706
1573,1.3701173173743706
1574,1.3701173173743706
1575,1.3701173173743706
1576,1.3701173173743706
1577,1.3701173173743706
1578,1.3701173173743706
1579,1.3701173173743706
1580,1.3701173173743706
1581,1.3701173173743706
1582,1.3701173173743706
1583,1.3701173173743706
1584,1.3701173173743706
1585,1.3701173173743706
1586,1.3701173173743706
1587,1.3701173173743706
1588,1.3701173173743706
1589,1.3701173173743706
1590,1.3701173173743706
1591,1.3701173173743706
1592,1.3701173173743706
1593,1.3701173173743706
1594,1.3701173173743706
1595,1.3701173173743706
1596,1.3701173173743706
1597,1.3701173173743706
1598,1.3701173173743706
1599,1.3701173173743706
1600,1.3701173173743706
1601,1.3701173173743706
1602,1.3701173173743706
1603,1.3701173173743706
1604,1.3701173173743706
1605,1.3701173173743706
1606,1.3701173173743706
1607,1.3701173173743706
1608,1.3701173173743706
1609,1.3701173173743706
1610,1.3701173173743706
1611,1.3701173173743706
1612,1.3701173173743706
1613,1.3701173173743706
1614,1.3701173173743706
1615,1.3701173173743706
1616,1.3701173173743706
1617,1.3701173173743706
1618,1.3701173173743706
1619,1.3701173173743706
1620,1.3701173173743706
1621,1.3701173173743706
1622,1.3701173173743706
1623,1.3701173173743706
1624,1.3701173173743706
1625,1.3701173173743706
1626,1.3701173173743706
1627,1.3701173173743706
1628,1.3701173173743706
1629,1.3701173173743706
1630,1.3701173173743706
1631,1.3701173173743706
1632,1.3701173173743706
1633,1.3701173173743706
1634,1.3701173173743706
1635,1.3701173173743706
1636,1.3701173173743706
1637,1.3701173173743706
1638,1.3701173173743706
1639,1.3701173173743706
1640,1.3701173173743706
1641,1.3701173173743706
1642,1.3701173173743706
1643,1.3701173173743706
1644,1.3701173173743706
1645,1.3701173173743706
1646,1.3701173173743706
1647,1.3701173173743706
1648,1.3701173173743706
1649,1.3701173173743706
1650,1.3701173173743706
1651,1.3701173173743706
1652,1.3701173173743706
1653,1.3701173173743706
1654,1.3701173173743706
1655,1.3701173173743706
1656,1.3701173173743706
1657,1.3701173173743706
1658,1.3701173173743706
1659,1.3701173173743706
1660,1.3701173173743706
1661,1.3701173173743706
1662,1.3701173173743706
1663,1.3701173173743706
1664,1.3701173173743706
1665,1.3701173173743706
1666,1.3701173173743706
1667,1.3701173173743706
1668,1.3701173173743706
1669,1.3701173173743706
1670,1.3701173173743706
1671,1.3701173173743706
1672,1.3701173173743706
1673,1.3701173173743706
1674,1.3701173173743706
1675,1.3701173173743706
1676,1.3701173173743706
1677,1.3701173173743706
1678,1.3701173173743706
1679,1.3701173173743706
1680,1.3701173173743706
1681,1.3701173173743706
1682,1.3701173173743706
1683,1.3701173173743706
1684,1.3701173173743706
1685,1.3701173173743706
1686,1.3701173173743706
1687,1.3701173173743706
1688,1.3701173173743706
1689,1.3701173173743706
1690,1.3701173173743706
1691,1.3701173173743706
1692,1.3701173173743706
1693,1.3701173173743706
1694,1.3701173173743706
1695,1.3701173173743706
1696,1.3701173173743706
1697,1.3701173173743706
1698,1.3701173173743706
1699,1.3701173173743706
1700,1.3701173173743706
1701,1.3701173173743706
1702,1.3701173173743706
1703,1.3701173173743706
1704,1.3701173173743706
1705,1.3701173173743706
1706,1.3701173173743706
1707,1.3701173173743706
1708,1.3701173173743706
1709,1.3701173173743706
1710,1.3701173173743706
1711,1.3701173173743706
1712,1.3701173173743706
1713,1.3701173173743706
1714,1.3701173173743706
1715,1.3701173173743706
1716,1.3701173173743706
1717,1.3701173173743706
1718,1.3701173173743706
1719,1.3701173173743706
1720,1.3701173173743706
1721,1.3701173173743706
1722,1.3701173173743706
1723,1.3701173173743706
1724,1.3701173173743706
1725,1.3701173173743706
1726,1.3701173173743706
1727,1.3701173173743706
1728,1.3701173173743706
1729,1.3701173173743706
1730,1.3701173173743706
1731,1.3701173173743706
1732,1.3701173173743706
1733,1.3701173173743706
1734,1.3701173173743706
1735,1.3701173173743706
1736,1.3701173173743706
1737,1.3701173173743706
1738,1.3701173173743706
1739,1.3701173173743706
1740,1.3701173173743706
1741,1.3701173173743706
1742,1.3701173173743706
1743,1.3701173173743706
1744,1.3701173173743706
1745,1.3701173173743706
1746,1.3701173173743706
1747,1.3701173173743706
1748,1.3701173173743706
1749,1.3701173173743706
1750,1.3701173173743706
1751,1.3701173173743706
1752,1.3701173173743706
1753,1.3701173173743706
1754,1.3701173173743706
1755,1.3701173173743706
1756,1.3701173173743706
1757,1.3701173173743706
1758,1.3701173173743706
1759,1.3701173173743706
1760,1.3701173173743706
1761,1.3701173173743706
1762,1.3701173173743706
1763,1.3701173173743706
1764,1.3701173173743706
1765,1.3701173173743706
1766,1.3701173173743706
1767,1.3701173173743706
1768,1.3701173173743706
1769,1.3701173173743706
1770,1.3701173173743706
1771,1.3701173173743706
1772,1.3701173173743706
1773,1.3701173173743706
1774,1.3701173173743706
1775,1.3701173173743706
1776,1.3701173173743706
1777,1.3701173173743706
1778,1.3701173173743706
1779,1.3701173173743706
1780,1.3701173173743706
1781,1.3701173173743706
1782,1.3701173173743706
1783,1.3701173173743706
1784,1.3701173173743706
1785,1.3701173173743706
1786,1.3701173173743706
1787,1.3701173173743706
1788,1.3701173173743706
1789,1.3701173173743706
1790,1.3701173173743706
1791,1.3701173173743706
1792,1.3701173173743706
1793,1.3701173173743706
1794,1.3701173173743706
1795,1.3701173173743706
1796,1.3701173173743706
1797,1.3701173173743706
1798,1.3701173173743706
1799,1.3701173173743706
1800,1.3701173173743706
1801,1.3701173173743706
1802,1.3701173173743706
1803,1.3701173173743706
1804,1.3701173173743706
1805,1.3701173173743706
1806,1.3701173173743706
1807,1.3701173173743706
1808,1.3701173173743706
1809,1.3701173173743706
1810,1.3701173173743706
1811,1.3701173173743706
1812,1.3701173173743706
1813,1.3701173173743706
1814,1.3701173173743706
1815,1.3701173173743706
1816,1.3701173173743706
1817,1.3701173173743706
1818,1.3701173173743706
1819,1.3701173173743706
1820,1.3701173173743706
1821,1.3701173173743706
1822,1.3701173173743706
1823,1.3701173173743706
1824,1.3701173173743706
1825,1.3701173173743706
1826,1.3701173173743706
1827,1.3701173173743706
1828,1.3701173173743706
1829,1.3701173173743706
1830,1.3701173173743706
1831,1.3701173173743706
1832,1.3701173173743706
1833,1.3701173173743706
1834,1.3701173173743706
1835,1.3701173173743706
1836,1.3701173173743706
1837,1.3701173173743706
1838,1.3701173173743706
1839,1.3701173173743706
1840,1.3701173173743706
1841,1.3701173173743706
1842,1.3701173173743706
1843,1.3701173173743706
1844,1.3701173173743706
1845,1.3701173173743706
1846,1.3701173173743706
1847,1.3701173173743706
1848,1.3701173173743706
1849,1.3701173173743706
1850,1.3701173173743706
1851,1.3701173173743706
1852,1.3701173173743706
1853,1.3701173173743706
1854,1.3701173173743706
1855,1.3701173173743706
1856,1.3701173173743706
1857,1.3701173173743706
1858,1.3701173173743706
1859,1.3701173173743706
1860,1.3701173173743706
1861,1.3701173173743706
1862,1.3701173173743706
1863,1.3701173173743706
1864,1.3701173173743706
1865,1.3701173173743706
1866,1.3701173173743706
1867,1.3701173173743706
1868,1.3701173173743706
1869,1.3701173173743706
1870,1.3701173173743706
1871,1.3701173173743706
1872,1.3701173173743706
1873,1.3701173173743706
1874,1.3701173173743706
1875,1.3701173173743706
1876,1.3701173173743706
1877,1.3701173173743706
1878,1.3701173173743706
1879,1.3701173173743706
1880,1.3701173173743706
1881,1.3701173173743706
1882,1.3701173173743706
1883,1.3701173173743706
1884,1.3701173173743706
1885,1.3701173173743706
1886,1.3701173173743706
1887,1.3701173173743706
1888,1.3701173173743706
1889,1.3701173173743706
1890,1.3701173173743706
1891,1.3701173173743706
1892,1.3701173173743706
1893,1.3701173173743706
1894,1.3701173173743706
1895,1.3701173173743706
1896,1.3701173173743706
1897,1.3701173173743706
1898,1.3701173173743706
1899,1.3701173173743706
1900,1.3701173173743706
1901,1.3701173173743706
1902,1.3701173173743706
1903,1.3701173173743706
1904,1.3701173173743706
1905,1.3701173173743706
1906,1.3701173173743706
1907,1.3701173173743706
1908,1.3701173173743706
1909,1.3701173173743706
1910,1.3701173173743706
1911,1.3701173173743706
1912,1.3701173173743706
1913,1.3701173173743706
1914,1.3701173173743706
1915,1.3701173173743706
1916,1.3701173173743706
1917,1.3701173173743706
1918,1.3701173173743706
1919,1.3701173173743706
1920,1.3701173173743706
1921,1.3701173173743706
1922,1.3701173173743706
1923,1.3701173173743706
1924,1.3701173173743706
1925,1.3701173173743706
1926,1.3701173173743706
1927,1.3701173173743706
1928,1.3701173173743706
1929,1.3701173173743706
1930,1.3701173173743706
1931,1.3701173173743706
1932,1.3701173173743706
1933,1.3701173173743706
1934,1.3701173173743706
1935,1.3701173173743706
1936,1.3701173173743706
1937,1.3701173173743706
1938,1.3701173173743706
1939,1.3701173173743706
1940,1.3701173173743706
1941,1.3701173173743706
1942,1.3701173173743706
1943,1.3701173173743706
1944,1.3701173173743706
1945,1.3701173173743706
1946,1.3701173173743706
1947,1.3701173173743706
1948,1.3701173173743706
1949,1.3701173173743706
1950,1.3701173173743706
1951,1.3701173173743706
1952,1.3701173173743706
1953,1.3701173173743706
1954,1.3701173173743706
1955,1.3701173173743706
1956,1.3701173173743706
1957,1.3701173173743706
1958,1.3701173173743706
1959,1.3701173173743706
1960,1.3701173173743706
1961,1.3701173173743706
1962,1.3701173173743706
1963,1.3701173173743706
1964,1.3701173173743706
1965,1.3701173173743706
1966,1.3701173173743706
1967,1.3701173173743706
1968,1.3701173173743706
1969,1.3701173173743706
1970,1.3701173173743706
1971,1.3701173173743706
1972,1.3701173173743706
1973,1.3701173173743706
1974,1.3701173173743706
1975,1.3701173173743706
1976,1.3701173173743706
1977,1.3701173173743706
1978,1.3701173173743706
1979,1.3701173173743706
1980,1.3701173173743706
1981,1.3701173173743706
1982,1.3701173173743706
1983,1.3701173173743706
1984,1.3701173173743706
1985,1.3701173173743706
1986,1.3701173173743706
1987,1.3701173173743706
1988,1.3701173173743706
1989,1.3701173173743706
1990,1.3701173173743706
1991,1.3701173173743706
1992,1.3701173173743706
1993,1.3701173173743706
1994,1.3701173173743706
1995,1.3701173173743706
1996,1.3701173173743706
1997,1.3701173173743706
1998,1.3701173173743706
1999,1.3701173173743706
2000,1.3701173173743706
2001,1.3701173173743706
2002,1.3701173173743706
2003,1.3701173173743706
2004,1.3701173173743706
2005,1.3701173173743706
2006,1.3701173173743706
2007,1.3701173173743706
2008,1.3701173173743706
2009,1.3701173173743706
2010,1.3701173173743706
2011,1.3701173173743706
2012,1.3701173173743706
2013,1.3701173173743706
2014,1.3701173173743706
2015,1.3701173173743706
2016,1.3701173173743706
2017,1.3701173173743706
2018,1.3701173173743706
2019,1.3701173173743706
2020,1.3701173173743706
2021,1.3701173173743706
2022,1.3701173173743706
2023,1.3701173173743706
2024,1.3701173173743706
2025,1.3701173173743706
2026,1.3701173173743706
2027,1.3701173173743706
2028,1.3701173173743706
2029,1.3701173173743706
2030,1.3701173173743706
2031,1.3701173173743706
2032,1.3701173173743706
2033,1.3701173173743706
2034,1.3701173173743706
2035,1.3701173173743706
2036,1.3701173173743706
2037,1.3701173173743706
2038,1.3701173173743706
2039,1.3701173173743706
2040,1.3701173173743706
2041,1.3701173173743706
2042,1.3701173173743706
2043,1.3701173173743706
2044,1.3701173173743706
2045,1.3701173173743706
2046,1.3701173173743706
2047,1.3701173173743706
2048,1.3701173173743706
2049,1.3701173173743706
2050,1.3701173173743706
2051,1.3701173173743706
2052,1.3701173173743706
2053,1.3701173173743706
2054,1.3701173173743706
2055,1.3701173173743706
2056,1.3701173173743706
2057,1.3701173173743706
2058,1.3701173173743706
2059,1.3701173173743706
2060,1.3701173173743706
2061,1.3701173173743706
2062,1.3701173173743706
2063,1.3701173173743706
2064,1.3701173173743706
2065,1.3701173173743706
2066,1.3701173173743706
2067,1.3701173173743706
2068,1.3701173173743706
2069,1.3701173173743706
2070,1.3701173173743706
2071,1.3701173173743706
2072,1.3701173173743706
2073,1.3701173173743706
2074,1.3701173173743706
2075,1.3701173173743706
2076,1.3701173173743706
2077,1.3701173173743706
2078,1.3701173173743706
2079,1.3701173173743706
2080,1.3701173173743706
2081,1.3701173173743706
2082,1.3701173173743706
2083,1.3701173173743706
2084,1.3701173173743706
2085,1.3701173173743706
2086,1.3701173173743706
2087,1.3701173173743706
2088,1.3701173173743706
2089,1.3701173173743706
2090,1.3701173173743706
2091,1.3701173173743706
2092,1.3701173173743706
2093,1.3701173173743706
2094,1.3701173173743706
2095,1.3701173173743706
2096,1.3701173173743706
2097,1.3701173173743706
2098,1.3701173173743706
2099,1.3701173173743706
2100,1.3701173173743706
2101,1.3701173173743706
2102,1.3701173173743706
2103,1.3701173173743706
2104,1.3701173173743706
2105,1.3701173173743706
2106,1.3701173173743706
2107,1.3701173173743706
2108,1.3701173173743706
2109,1.3701173173743706
2110,1.3701173173743706
2111,1.3701173173743706
2112,1.3701173173743706
2113,1.3701173173743706
2114,1.3701173173743706
2115,1.3701173173743706
2116,1.3701173173743706
2117,1.3701173173743706
2118,1.3701173173743706
2119,1.3701173173743706
2120,1.3701173173743706
2121,1.3701173173743706
2122,1.3701173173743706
2123,1.3701173173743706
2124,1.3701173173743706
2125,1.3701173173743706
2126,1.3701173173743706
2127,1.3701173173743706
2128,1.3701173173743706
2129,1.3701173173743706
2130,1.3701173173743706
2131,1.3701173173743706
2132,1.3701173173743706
2133,1.3701173173743706
2134,1.3701173173743706
2135,1.3701173173743706
2136,1.3701173173743706
2137,1.3701173173743706
2138,1.3701173173743706
2139,1.3701173173743706
2140,1.3701173173743706
2141,1.3701173173743706
2142,1.3701173173743706
2143,1.3701173173743706
2144,1.3701173173743706
2145,1.3701173173743706
2146,1.3701173173743706
2147,1.3701173173743706
2148,1.3701173173743706
2149,1.3701173173743706
2150,1.3701173173743706
2151,1.3701173173743706
2152,1.3701173173743706
2153,1.3701173173743706
2154,1.3701173173743706
2155,1.3701173173743706
2156,1.3701173173743706
2157,1.3701173173743706
2158,1.3701173173743706
2159,1.3701173173743706
2160,1.3701173173743706
2161,1.3701173173743706
2162,1.3701173173743706
2163,1.3701173173743706
2164,1.3701173173743706
2165,1.3701173173743706
2166,1.3701173173743706
2167,1.3701173173743706
2168,1.3701173173743706
2169,1.3701173173743706
2170,1.3701173173743706
2171,1.3701173173743706
2172,1.3701173173743706
2173,1.3701173173743706
2174,1.3701173173743706
2175,1.3701173173743706
2176,1.3701173173743706
2177,1.3701173173743706
2178,1.3701173173743706
2179,1.3701173173743706
2180,1.3701173173743706
2181,1.3701173173743706
2182,1.3701173173743706
2183,1.3701173173743706
2184,1.3701173173743706
2185,1.3701173173743706
2186,1.3701173173743706
2187,1.3701173173743706
2188,1.3701173173743706
2189,1.3701173173743706
2190,1.3701173173743706
2191,1.3701173173743706
2192,1.3701173173743706
2193,1.3701173173743706
2194,1.3701173173743706
2195,1.3701173173743706
2196,1.3701173173743706
2197,1.3701173173743706
2198,1.3701173173743706
2199,1.3701173173743706
2200,1.3701173173743706
2201,1.3701173173743706
2202,1.3701173173743706
2203,1.3701173173743706
2204,1.3701173173743706
2205,1.3701173173743706
2206,1.3701173173743706
2207,1.3701173173743706
2208,1.3701173173743706
2209,1.3701173173743706
2210,1.3701173173743706
2211,1.3701173173743706
2212,1.3701173173743706
2213,1.3701173173743706
2214,1.3701173173743706
2215,1.3701173173743706
2216,1.3701173173743706
2217,1.3701173173743706
2218,1.3701173173743706
2219,1.3701173173743706
2220,1.3701173173743706
2221,1.3701173173743706
2222,1.3701173173743706
2223,1.3701173173743706
2224,1.3701173173743706
2225,1.3701173173743706
2226,1.3701173173743706
2227,1.3701173173743706
2228,1.3701173173743706
2229,1.3701173173743706
2230,1.3701173173743706
2231,1.3701173173743706
2232,1.3701173173743706
2233,1.3701173173743706
2234,1.3701173173743706
2235,1.3701173173743706
2236,1.3701173173743706
2237,1.3701173173743706
2238,1.3701173173743706
2239,1.3701173173743706
2240,1.3701173173743706
2241,1.3701173173743706
2242,1.3701173173743706
2243,1.3701173173743706
2244,1.3701173173743706
2245,1.3701173173743706
2246,1.3701173173743706
2247,1.3701173173743706
2248,1.3701173173743706
2249,1.3701173173743706
2250,1.3701173173743706
2251,1.3701173173743706
2252,1.3701173173743706
2253,1.3701173173743706
2254,1.3701173173743706
2255,1.3701173173743706
2256,1.3701173173743706
2257,1.3701173173743706
2258,1.3701173173743706
2259,1.3701173173743706
2260,1.3701173173743706
2261,1.3701173173743706
2262,1.3701173173743706
2263,1.3701173173743706
2264,1.3701173173743706
2265,1.3701173173743706
2266,1.3701173173743706
2267,1.3701173173743706
2268,1.3701173173743706
2269,1.3701173173743706
2270,1.3701173173743706
2271,1.3701173173743706
2272,1.3701173173743706
2273,1.3701173173743706
2274,1.3701173173743706
2275,1.3701173173743706
2276,1.3701173173743706
2277,1.3701173173743706
2278,1.3701173173743706
2279,1.3701173173743706
2280,1.3701173173743706
2281,1.3701173173743706
2282,1.3701173173743706
2283,1.3701173173743706
2284,1.3701173173743706
2285,1.3701173173743706
2286,1.3701173173743706
2287,1.3701173173743706
2288,1.3701173173743706
2289,1.3701173173743706
2290,1.3701173173743706
2291,1.3701173173743706
2292,1.3701173173743706
2293,1.3701173173743706
2294,1.3701173173743706
2295,1.3701173173743706
2296,1.3701173173743706
2297,1.3701173173743706
2298,1.3701173173743706
2299,1.3701173173743706
2300,1.3701173173743706
2301,1.3701173173743706
2302,1.3701173173743706
2303,1.3701173173743706
2304,1.3701173173743706
2305,1.3701173173743706
2306,1.3701173173743706
2307,1.3701173173743706
2308,1.3701173173743706
2309,1.3701173173743706
2310,1.3701173173743706
2311,1.3701173173743706
2312,1.3701173173743706
2313,1.3701173173743706
2314,1.3701173173743706
2315,1.3701173173743706
2316,1.3701173173743706
2317,1.3701173173743706
2318,1.3701173173743706
2319,1.3701173173743706
2320,1.3701173173743706
2321,1.3701173173743706
2322,1.3701173173743706
2323,1.3701173173743706
2324,1.3701173173743706
2325,1.3701173173743706
2326,1.3701173173743706
2327,1.3701173173743706
2328,1.3701173173743706
2329,1.3701173173743706
2330,1.3701173173743706
2331,1.3701173173743706
2332,1.3701173173743706
2333,1.3701173173743706
2334,1.3701173173743706
2335,1.3701173173743706
2336,1.3701173173743706
2337,1.3701173173743706
2338,1.3701173173743706
2339,1.3701173173743706
2340,1.3701173173743706
2341,1.3701173173743706
2342,1.3701173173743706
2343,1.3701173173743706
2344,1.3701173173743706
2345,1.3701173173743706
2346,1.3701173173743706
2347,1.3701173173743706
2348,1.3701173173743706
2349,1.3701173173743706
2350,1.3701173173743706
2351,1.3701173173743706
2352,1.3701173173743706
2353,1.3701173173743706
2354,1.3701173173743706
2355,1.3701173173743706
2356,1.3701173173743706
2357,1.3701173173743706
2358,1.3701173173743706
2359,1.3701173173743706
2360,1.3701173173743706
2361,1.3701173173743706
2362,1.3701173173743706
2363,1.3701173173743706
2364,1.3701173173743706
2365,1.3701173173743706
2366,1.3701173173743706
2367,1.3701173173743706
2368,1.3701173173743706
2369,1.3701173173743706
2370,1.3701173173743706
2371,1.3701173173743706
2372,1.3701173173743706
2373,1.3701173173743706
2374,1.3701173173743706
2375,1.3701173173743706
2376,1.3701173173743706
2377,1.3701173173743706
2378,1.3701173173743706
2379,1.3701173173743706
2380,1.3701173173743706
2381,1.3701173173743706
2382,1.3701173173743706
2383,1.3701173173743706
2384,1.3701173173743706
2385,1.3701173173743706
2386,1.3701173173743706
2387,1.3701173173743706
2388,1.3701173173743706
2389,1.3701173173743706
2390,1.3701173173743706
2391,1.3701173173743706
2392,1.3701173173743706
2393,1.3701173173743706
2394,1.3701173173743706
2395,1.3701173173743706
2396,1.3701173173743706
2397,1.3701173173743706
2398,1.3701173173743706
2399,1.3701173173743706
2400,1.3701173173743706
2401,1.3701173173743706
2402,1.3701173173743706
2403,1.3701173173743706
2404,1.3701173173743706
2405,1.3701173173743706
2406,1.3701173173743706
2407,1.3701173173743706
2408,1.3701173173743706
2409,1.3701173173743706
2410,1.3701173173743706
2411,1.3701173173743706
2412,1.3701173173743706
2413,1.3701173173743706
2414,1.3701173173743706
2415,1.3701173173743706
2416,1.3701173173743706
2417,1.3701173173743706
2418,1.3701173173743706
2419,1.3701173173743706
2420,1.3701173173743706
2421,1.3701173173743706
2422,1.3701173173743706
2423,1.3701173173743706
2424,1.3701173173743706
2425,1.3701173173743706
2426,1.3701173173743706
2427,1.3701173173743706
2428,1.3701173173743706
2429,1.3701173173743706
2430,1.3701173173743706
2431,1.3701173173743706
2432,1.3701173173743706
2433,1.3701173173743706
2434,1.3701173173743706
2435,1.3701173173743706
2436,1.3701173173743706
2437,1.3701173173743706
2438,1.3701173173743706
2439,1.3701173173743706
2440,1.3701173173743706
2441,1.3701173173743706
2442,1.3701173173743706
2443,1.3701173173743706
2444,1.3701173173743706
2445,1.3701173173743706
2446,1.3701173173743706
2447,1.3701173173743706
2448,1.3701173173743706
2449,1.3701173173743706
2450,1.3701173173743706
2451,1.3701173173743706
2452,1.3701173173743706
2453,1.3701173173743706
2454,1.3701173173743706
2455,1.3701173173743706
2456,1.3701173173743706
2457,1.3701173173743706
2458,1.3701173173743706
2459,1.3701173173743706
2460,1.3701173173743706
2461,1.3701173173743706
2462,1.3701173173743706
2463,1.3701173173743706
2464,1.3701173173743706
2465,1.3701173173743706
2466,1.3701173173743706
2467,1.3701173173743706
2468,1.3701173173743706
2469,1.3701173173743706
2470,1.3701173173743706
2471,1.3701173173743706
2472,1.3701173173743706
2473,1.3701173173743706
2474,1.3701173173743706
2475,1.3701173173743706
2476,1.3701173173743706
2477,1.3701173173743706
2478,1.3701173173743706
2479,1.3701173173743706
2480,1.3701173173743706
2481,1.3701173173743706
2482,1.3701173173743706
2483,1.3701173173743706
2484,1.3701173173743706
2485,1.3701173173743706
2486,1.3701173173743706
2487,1.3701173173743706
2488,1.3701173173743706
2489,1.3701173173743706
2490,1.3701173173743706
2491,1.3701173173743706
2492,1.3701173173743706
2493,1.3701173173743706
2494,1.3701173173743706
2495,1.3701173173743706
2496,1.3701173173743706
2497,1.3701173173743706
2498,1.3701173173743706
2499,1.3701173173743706
2500,1.3701173173743706
2501,1.3701173173743706
2502,1.3701173173743706
2503,1.3701173173743706
2504,1.3701173173743706
2505,1.3701173173743706
2506,1.3701173173743706
2507,1.3701173173743706
2508,1.3701173173743706
2509,1.3701173173743706
2510,1.3701173173743706
2511,1.3701173173743706
2512,1.3701173173743706
2513,1.3701173173743706
2514,1.3701173173743706
2515,1.3701173173743706
2516,1.3701173173743706
2517,1.3701173173743706
2518,1.3701173173743706
2519,1.3701173173743706
2520,1.3701173173743706
2521,1.3701173173743706
2522,1.3701173173743706
2523,1.3701173173743706
2524,1.3701173173743706
2525,1.3701173173743706
2526,1.3701173173743706
2527,1.3701173173743706
2528,1.3701173173743706
2529,1.3701173173743706
2530,1.3701173173743706
2531,1.3701173173743706
2532,1.3701173173743706
2533,1.3701173173743706
2534,1.3701173173743706
2535,1.3701173173743706
2536,1.3701173173743706
2537,1.3701173173743706
2538,1.3701173173743706
2539,1.3701173173743706
2540,1.3701173173743706
2541,1.3701173173743706
2542,1.3701173173743706
2543,1.3701173173743706
2544,1.3701173173743706
2545,1.3701173173743706
2546,1.3701173173743706
2547,1.3701173173743706
2548,1.3701173173743706
2549,1.3701173173743706
2550,1.3701173173743706
2551,1.3701173173743706
2552,1.3701173173743706
2553,1.3701173173743706
2554,1.3701173173743706
2555,1.3701173173743706
2556,1.3701173173743706
2557,1.3701173173743706
2558,1.3701173173743706
2559,1.3701173173743706
2560,1.3701173173743706
2561,1.3701173173743706
2562,1.3701173173743706
2563,1.3701173173743706
2564,1.3701173173743706
2565,1.3701173173743706
2566,1.3701173173743706
2567,1.3701173173743706
2568,1.3701173173743706
2569,1.3701173173743706
2570,1.3701173173743706
2571,1.3701173173743706
2572,1.3701173173743706
2573,1.3701173173743706
2574,1.3701173173743706
2575,1.3701173173743706
2576,1.3701173173743706
2577,1.3701173173743706
2578,1.3701173173743706
2579,1.3701173173743706
2580,1.3701173173743706
2581,1.3701173173743706
2582,1.3701173173743706
2583,1.3701173173743706
2584,1.3701173173743706
2585,1.3701173173743706
2586,1.3701173173743706
2587,1.3701173173743706
2588,1.3701173173743706
2589,1.3701173173743706
2590,1.3701173173743706
2591,1.3701173173743706
2592,1.3701173173743706
2593,1.3701173173743706
2594,1.3701173173743706
2595,1.3701173173743706
2596,1.3701173173743706
2597,1.3701173173743706
2598,1.3701173173743706
2599,1.3701173173743706
2600,1.3701173173743706
2601,1.3701173173743706
2602,1.3701173173743706
2603,1.3701173173743706
2604,1.3701173173743706
2605,1.3701173173743706
2606,1.3701173173743706
2607,1.3701173173743706
2608,1.3701173173743706
2609,1.3701173173743706
2610,1.3701173173743706
2611,1.3701173173743706
2612,1.3701173173743706
2613,1.3701173173743706
2614,1.3701173173743706
2615,1.3701173173743706
2616,1.3701173173743706
2617,1.3701173173743706
2618,1.3701173173743706
2619,1.3701173173743706
2620,1.3701173173743706
2621,1.3701173173743706
2622,1.3701173173743706
2623,1.3701173173743706
2624,1.3701173173743706
2625,1.3701173173743706
2626,1.3701173173743706
2627,1.3701173173743706
2628,1.3701173173743706
2629,1.3701173173743706
2630,1.3701173173743706
2631,1.3701173173743706
2632,1.3701173173743706
2633,1.3701173173743706
2634,1.3701173173743706
2635,1.3701173173743706
2636,1.3701173173743706
2637,1.3701173173743706
2638,1.3701173173743706
2639,1.3701173173743706
2640,1.3701173173743706
2641,1.3701173173743706
2642,1.3701173173743706
2643,1.3701173173743706
2644,1.3701173173743706
2645,1.3701173173743706
2646,1.3701173173743706
2647,1.3701173173743706
2648,1.3701173173743706
2649,1.3701173173743706
2650,1.3701173173743706
2651,1.3701173173743706
2652,1.3701173173743706
2653,1.3701173173743706
2654,1.3701173173743706
2655,1.3701173173743706
2656,1.3701173173743706
2657,1.3701173173743706
2658,1.3701173173743706
2659,1.3701173173743706
2660,1.3701173173743706
2661,1.3701173173743706
2662,1.3701173173743706
2663,1.3701173173743706
2664,1.3701173173743706
2665,1.3701173173743706
2666,1.3701173173743706
2667,1.3701173173743706
2668,1.3701173173743706
2669,1.3701173173743706
2670,1.3701173173743706
2671,1.3701173173743706
2672,1.3701173173743706
2673,1.3701173173743706
2674,1.3701173173743706
2675,1.3701173173743706
2676,1.3701173173743706
2677,1.3701173173743706
2678,1.3701173173743706
2679,1.3701173173743706
2680,1.3701173173743706
2681,1.3701173173743706
2682,1.3701173173743706
2683,1.3701173173743706
2684,1.3701173173743706
2685,1.3701173173743706
2686,1.3701173173743706
2687,1.3701173173743706
2688,1.3701173173743706
2689,1.3701173173743706
2690,1.3701173173743706
2691,1.3701173173743706
2692,1.3701173173743706
2693,1.3701173173743706
2694,1.3701173173743706
2695,1.3701173173743706
2696,1.3701173173743706
2697,1.3701173173743706
2698,1.3701173173743706
2699,1.3701173173743706
2700,1.3701173173743706
2701,1.3701173173743706
2702,1.3701173173743706
2703,1.3701173173743706
2704,1.3701173173743706
2705,1.3701173173743706
2706,1.3701173173743706
2707,1.3701173173743706
2708,1.3701173173743706
2709,1.3701173173743706
2710,1.3701173173743706
2711,1.3701173173743706
2712,1.3701173173743706
2713,1.3701173173743706
2714,1.3701173173743706
2715,1.3701173173743706
2716,1.3701173173743706
2717,1.3701173173743706
2718,1.3701173173743706
2719,1.3701173173743706
2720,1.3701173173743706
2721,1.3701173173743706
2722,1.3701173173743706
2723,1.3701173173743706
2724,1.3701173173743706
2725,1.3701173173743706
2726,1.3701173173743706
2727,1.3701173173743706
2728,1.3701173173743706
2729,1.3701173173743706
2730,1.3701173173743706
2731,1.3701173173743706
2732,1.3701173173743706
2733,1.3701173173743706
2734,1.3701173173743706
2735,1.3701173173743706
2736,1.3701173173743706
2737,1.3701173173743706
2738,1.3701173173743706
2739,1.3701173173743706
2740,1.3701173173743706
2741,1.3701173173743706
2742,1.3701173173743706
2743,1.3701173173743706
2744,1.3701173173743706
2745,1.3701173173743706
2746,1.3701173173743706
2747,1.3701173173743706
2748,1.3701173173743706
2749,1.3701173173743706
2750,1.3701173173743706
2751,1.3701173173743706
2752,1.3701173173743706
2753,1.3701173173743706
2754,1.3701173173743706
2755,1.3701173173743706
2756,1.3701173173743706
2757,1.3701173173743706
2758,1.3701173173743706
2759,1.3701173173743706
2760,1.3701173173743706
2761,1.3701173173743706
2762,1.3701173173743706
2763,1.3701173173743706
2764,1.3701173173743706
2765,1.3701173173743706
2766,1.3701173173743706
2767,1.3701173173743706
2768,1.3701173173743706
2769,1.3701173173743706
2770,1.3701173173743706
2771,1.3701173173743706
2772,1.3701173173743706
2773,1.3701173173743706
2774,1.3701173173743706
2775,1.3701173173743706
2776,1.3701173173743706
2777,1.3701173173743706
2778,1.3701173173743706
2779,1.3701173173743706
2780,1.3701173173743706
2781,1.3701173173743706
2782,1.3701173173743706
2783,1.3701173173743706
2784,1.3701173173743706
2785,1.3701173173743706
2786,1.3701173173743706
2787,1.3701173173743706
2788,1.3701173173743706
2789,1.3701173173743706
2790,1.3701173173743706
2791,1.3701173173743706
2792,1.3701173173743706
2793,1.3701173173743706
2794,1.3701173173743706
2795,1.3701173173743706
2796,1.3701173173743706
2797,1.3701173173743706
2798,1.3701173173743706
2799,1.3701173173743706
2800,1.3701173173743706
2801,1.3701173173743706
2802,1.3701173173743706
2803,1.3701173173743706
2804,1.3701173173743706
2805,1.3701173173743706
2806,1.3701173173743706
2807,1.3701173173743706
2808,1.3701173173743706
2809,1.3701173173743706
2810,1.3701173173743706
2811,1.3701173173743706
2812,1.3701173173743706
2813,1.3701173173743706
2814,1.3701173173743706
2815,1.3701173173743706
2816,1.3701173173743706
2817,1.3701173173743706
2818,1.3701173173743706
2819,1.3701173173743706
2820,1.3701173173743706
2821,1.3701173173743706
2822,1.3701173173743706
2823,1.3701173173743706
2824,1.3701173173743706
2825,1.3701173173743706
2826,1.3701173173743706
2827,1.3701173173743706
2828,1.3701173173743706
2829,1.3701173173743706
2830,1.3701173173743706
2831,1.3701173173743706
2832,1.3701173173743706
2833,1.3701173173743706
2834,1.3701173173743706
2835,1.3701173173743706
2836,1.3701173173743706
2837,1.3701173173743706
2838,1.3701173173743706
2839,1.3701173173743706
2840,1.3701173173743706
2841,1.3701173173743706
2842,1.3701173173743706
2843,1.3701173173743706
2844,1.3701173173743706
2845,1.3701173173743706
2846,1.3701173173743706
2847,1.3701173173743706
2848,1.3701173173743706
2849,1.3701173173743706
2850,1.3701173173743706
2851,1.3701173173743706
2852,1.3701173173743706
2853,1.3701173173743706
2854,1.3701173173743706
2855,1.3701173173743706
2856,1.3701173173743706
2857,1.3701173173743706
2858,1.3701173173743706
2859,1.3701173173743706
2860,1.3701173173743706
2861,1.3701173173743706
2862,1.3701173173743706
2863,1.3701173173743706
2864,1.3701173173743706
2865,1.3701173173743706
2866,1.3701173173743706
2867,1.3701173173743706
2868,1.3701173173743706
2869,1.3701173173743706
2870,1.3701173173743706
2871,1.3701173173743706
2872,1.3701173173743706
2873,1.3701173173743706
2874,1.3701173173743706
2875,1.3701173173743706
2876,1.3701173173743706
2877,1.3701173173743706
2878,1.3701173173743706
2879,1.3701173173743706
2880,1.3701173173743706
2881,1.3701173173743706
2882,1.3701173173743706
2883,1.3701173173743706
2884,1.3701173173743706
2885,1.3701173173743706
2886,1.3701173173743706
2887,1.3701173173743706
2888,1.3701173173743706
2889,1.3701173173743706
2890,1.3701173173743706
2891,1.3701173173743706
2892,1.3701173173743706
2893,1.3701173173743706
2894,1.3701173173743706
2895,1.3701173173743706
2896,1.3701173173743706
2897,1.3701173173743706
2898,1.3701173173743706
2899,1.3701173173743706
2900,1.3701173173743706
2901,1.3701173173743706
2902,1.3701173173743706
2903,1.3701173173743706
2904,1.3701173173743706
2905,1.3701173173743706
2906,1.3701173173743706
2907,1.3701173173743706
2908,1.3701173173743706
2909,1.3701173173743706
2910,1.3701173173743706
2911,1.3701173173743706
2912,1.3701173173743706
2913,1.3701173173743706
2914,1.3701173173743706
2915,1.3701173173743706
2916,1.3701173173743706
2917,1.3701173173743706
2918,1.3701173173743706
2919,1.3701173173743706
2920,1.3701173173743706
2921,1.3701173173743706
2922,1.3701173173743706
2923,1.3701173173743706
2924,1.3701173173743706
2925,1.3701173173743706
2926,1.3701173173743706
2927,1.3701173173743706
2928,1.3701173173743706
2929,1.3701173173743706
2930,1.3701173173743706
2931,1.3701173173743706
2932,1.3701173173743706
2933,1.3701173173743706
2934,1.3701173173743706
2935,1.3701173173743706
2936,1.3701173173743706
2937,1.3701173173743706
2938,1.3701173173743706
2939,1.3701173173743706
2940,1.3701173173743706
2941,1.3701173173743706
2942,1.3701173173743706
2943,1.3701173173743706
2944,1.3701173173743706
2945,1.3701173173743706
2946,1.3701173173743706
2947,1.3701173173743706
2948,1.3701173173743706
2949,1.3701173173743706
2950,1.3701173173743706
2951,1.3701173173743706
2952,1.3701173173743706
2953,1.3701173173743706
2954,1.3701173173743706
2955,1.3701173173743706
2956,1.3701173173743706
2957,1.3701173173743706
2958,1.3701173173743706
2959,1.3701173173743706
2960,1.3701173173743706
2961,1.3701173173743706
2962,1.3701173173743706
2963,1.3701173173743706
2964,1.3701173173743706
2965,1.3701173173743706
2966,1.3701173173743706
2967,1.3701173173743706
2968,1.3701173173743706
2969,1.3701173173743706
2970,1.3701173173743706
2971,1.3701173173743706
2972,1.3701173173743706
2973,1.3701173173743706
2974,1.3701173173743706
2975,1.3701173173743706
2976,1.3701173173743706
2977,1.3701173173743706
2978,1.3701173173743706
2979,1.3701173173743706
2980,1.3701173173743706
2981,1.3701173173743706
2982,1.3701173173743706
2983,1.3701173173743706
2984,1.3701173173743706
2985,1.3701173173743706
2986,1.3701173173743706
2987,1.3701173173743706
2988,1.3701173173743706
2989,1.3701173173743706
2990,1.3701173173743706
2991,1.3701173173743706
2992,1.3701173173743706
2993,1.3701173173743706
2994,1.3701173173743706
2995,1.3701173173743706
2996,1.3701173173743706
2997,1.3701173173743706
2998,1.3701173173743706
2999,1.3701173173743706
3000,1.3701173173743706
3001,1.3701173173743706
3002,1.3701173173743706
3003,1.3701173173743706
3004,1.3701173173743706
3005,1.3701173173743706
3006,1.3701173173743706
3007,1.3701173173743706
3008,1.3701173173743706
3009,1.3701173173743706
3010,1.3701173173743706
3011,1.3701173173743706
3012,1.3701173173743706
3013,1.3701173173743706
3014,1.3701173173743706
3015,1.3701173173743706
3016,1.3701173173743706
3017,1.3701173173743706
3018,1.3701173173743706
3019,1.3701173173743706
3020,1.3701173173743706
3021,1.3701173173743706
3022,1.3701173173743706
3023,1.3701173173743706
3024,1.3701173173743706
3025,1.3701173173743706
3026,1.3701173173743706
3027,1.3701173173743706
3028,1.3701173173743706
3029,1.3701173173743706
3030,1.3701173173743706
3031,1.3701173173743706
3032,1.3701173173743706
3033,1.3701173173743706
3034,1.3701173173743706
3035,1.3701173173743706
3036,1.3701173173743706
3037,1.3701173173743706
3038,1.3701173173743706
3039,1.3701173173743706
3040,1.3701173173743706
3041,1.3701173173743706
3042,1.3701173173743706
3043,1.3701173173743706
3044,1.3701173173743706
3045,1.3701173173743706
3046,1.3701173173743706
3047,1.3701173173743706
3048,1.3701173173743706
3049,1.3701173173743706
3050,1.3701173173743706
3051,1.3701173173743706
3052,1.3701173173743706
3053,1.3701173173743706
3054,1.3701173173743706
3055,1.3701173173743706
3056,1.3701173173743706
3057,1.3701173173743706
3058,1.3701173173743706
3059,1.3701173173743706
3060,1.3701173173743706
3061,1.3701173173743706
3062,1.3701173173743706
3063,1.3701173173743706
3064,1.3701173173743706
3065,1.3701173173743706
3066,1.3701173173743706
3067,1.3701173173743706
3068,1.3701173173743706
3069,1.3701173173743706
3070,1.3701173173743706
3071,1.3701173173743706
3072,1.3701173173743706
3073,1.3701173173743706
3074,1.3701173173743706
3075,1.3701173173743706
3076,1.3701173173743706
3077,1.3701173173743706
3078,1.3701173173743706
3079,1.3701173173743706
3080,1.3701173173743706
3081,1.3701173173743706
3082,1.3701173173743706
3083,1.3701173173743706
3084,1.3701173173743706
3085,1.3701173173743706
3086,1.3701173173743706
3087,1.3701173173743706
3088,1.3701173173743706
3089,1.3701173173743706
3090,1.3701173173743706
3091,1.3701173173743706
3092,1.3701173173743706
3093,1.3701173173743706
3094,1.3701173173743706
3095,1.3701173173743706
3096,1.3701173173743706
3097,1.3701173173743706
3098,1.3701173173743706
3099,1.3701173173743706
3100,1.3701173173743706
3101,1.3701173173743706
3102,1.3701173173743706
3103,1.3701173173743706
3104,1.3701173173743706
3105,1.3701173173743706
3106,1.3701173173743706
3107,1.3701173173743706
3108,1.3701173173743706
3109,1.3701173173743706
3110,1.3701173173743706
3111,1.3701173173743706
3112,1.3701173173743706
3113,1.3701173173743706
3114,1.3701173173743706
3115,1.3701173173743706
3116,1.3701173173743706
3117,1.3701173173743706
3118,1.3701173173743706
3119,1.3701173173743706
3120,1.3701173173743706
3121,1.3701173173743706
3122,1.3701173173743706
3123,1.3701173173743706
3124,1.3701173173743706
3125,1.3701173173743706
3126,1.3701173173743706
3127,1.3701173173743706
3128,1.3701173173743706
3129,1.3701173173743706
3130,1.3701173173743706
3131,1.3701173173743706
3132,1.3701173173743706
3133,1.3701173173743706
3134,1.3701173173743706
3135,1.3701173173743706
3136,1.3701173173743706
3137,1.3701173173743706
3138,1.3701173173743706
3139,1.3701173173743706
3140,1.3701173173743706
3141,1.3701173173743706
3142,1.3701173173743706
3143,1.3701173173743706
3144,1.3701173173743706
3145,1.3701173173743706
3146,1.3701173173743706
3147,1.3701173173743706
3148,1.3701173173743706
3149,1.3701173173743706
3150,1.3701173173743706
3151,1.3701173173743706
3152,1.3701173173743706
3153,1.3701173173743706
3154,1.3701173173743706
3155,1.3701173173743706
3156,1.3701173173743706
3157,1.3701173173743706
3158,1.3701173173743706
3159,1.3701173173743706
3160,1.3701173173743706
3161,1.3701173173743706
3162,1.3701173173743706
3163,1.3701173173743706
3164,1.3701173173743706
3165,1.3701173173743706
3166,1.3701173173743706
3167,1.3701173173743706
3168,1.3701173173743706
3169,1.3701173173743706
3170,1.3701173173743706
3171,1.3701173173743706
3172,1.3701173173743706
3173,1.3701173173743706
3174,1.3701173173743706
3175,1.3701173173743706
3176,1.3701173173743706
3177,1.3701173173743706
3178,1.3701173173743706
3179,1.3701173173743706
3180,1.3701173173743706
3181,1.3701173173743706
3182,1.3701173173743706
3183,1.3701173173743706
3184,1.3701173173743706
3185,1.3701173173743706
3186,1.3701173173743706
3187,1.3701173173743706
3188,1.3701173173743706
3189,1.3701173173743706
3190,1.3701173173743706
3191,1.3701173173743706
3192,1.3701173173743706
3193,1.3701173173743706
3194,1.3701173173743706
3195,1.3701173173743706
3196,1.3701173173743706
3197,1.3701173173743706
3198,1.3701173173743706
3199,1.3701173173743706
3200,1.3701173173743706
3201,1.3701173173743706
3202,1.3701173173743706
3203,1.3701173173743706
3204,1.3701173173743706
3205,1.3701173173743706
3206,1.3701173173743706
3207,1.3701173173743706
3208,1.3701173173743706
3209,1.3701173173743706
3210,1.3701173173743706
3211,1.3701173173743706
3212,1.3701173173743706
3213,1.3701173173743706
3214,1.3701173173743706
3215,1.3701173173743706
3216,1.3701173173743706
3217,1.3701173173743706
3218,1.3701173173743706
3219,1.3701173173743706
3220,1.3701173173743706
3221,1.3701173173743706
3222,1.3701173173743706
3223,1.3701173173743706
3224,1.3701173173743706
3225,1.3701173173743706
3226,1.3701173173743706
3227,1.3701173173743706
3228,1.3701173173743706
3229,1.3701173173743706
3230,1.3701173173743706
3231,1.3701173173743706
3232,1.3701173173743706
3233,1.3701173173743706
3234,1.3701173173743706
3235,1.3701173173743706
3236,1.3701173173743706
3237,1.3701173173743706
3238,1.3701173173743706
3239,1.3701173173743706
3240,1.3701173173743706
3241,1.3701173173743706
3242,1.3701173173743706
3243,1.3701173173743706
3244,1.3701173173743706
3245,1.3701173173743706
3246,1.3701173173743706
3247,1.3701173173743706
3248,1.3701173173743706
3249,1.3701173173743706
3250,1.3701173173743706
3251,1.3701173173743706
3252,1.3701173173743706
3253,1.3701173173743706
3254,1.3701173173743706
3255,1.3701173173743706
3256,1.3701173173743706
3257,1.3701173173743706
3258,1.3701173173743706
3259,1.3701173173743706
3260,1.3701173173743706
3261,1.3701173173743706
3262,1.3701173173743706
3263,1.3701173173743706
3264,1.3701173173743706
3265,1.3701173173743706
3266,1.3701173173743706
3267,1.3701173173743706
3268,1.3701173173743706
3269,1.3701173173743706
3270,1.3701173173743706
3271,1.3701173173743706
3272,1.3701173173743706
3273,1.3701173173743706
3274,1.3701173173743706
3275,1.3701173173743706
3276,1.3701173173743706
3277,1.3701173173743706
3278,1.3701173173743706
3279,1.3701173173743706
3280,1.3701173173743706
3281,1.3701173173743706
3282,1.3701173173743706
3283,1.3701173173743706
3284,1.3701173173743706
3285,1.3701173173743706
3286,1.3701173173743706
3287,1.3701173173743706
3288,1.3701173173743706
3289,1.3701173173743706
3290,1.3701173173743706
3291,1.3701173173743706
3292,1.3701173173743706
3293,1.3701173173743706
3294,1.3701173173743706
3295,1.3701173173743706
3296,1.3701173173743706
3297,1.3701173173743706
3298,1.3701173173743706
3299,1.3701173173743706
3300,1.3701173173743706
3301,1.3701173173743706
3302,1.3701173173743706
3303,1.3701173173743706
3304,1.3701173173743706
3305,1.3701173173743706
3306,1.3701173173743706
3307,1.3701173173743706
3308,1.3701173173743706
3309,1.3701173173743706
3310,1.3701173173743706
3311,1.3701173173743706
3312,1.3701173173743706
3313,1.3701173173743706
3314,1.3701173173743706
3315,1.3701173173743706
3316,1.3701173173743706
3317,1.3701173173743706
3318,1.3701173173743706
3319,1.3701173173743706
3320,1.3701173173743706
3321,1.3701173173743706
3322,1.3701173173743706
3323,1.3701173173743706
3324,1.3701173173743706
3325,1.3701173173743706
3326,1.3701173173743706
3327,1.3701173173743706
3328,1.3701173173743706
3329,1.3701173173743706
3330,1.3701173173743706
3331,1.3701173173743706
3332,1.3701173173743706
3333,1.3701173173743706
3334,1.3701173173743706
3335,1.3701173173743706
3336,1.3701173173743706
3337,1.3701173173743706
3338,1.3701173173743706
3339,1.3701173173743706
3340,1.3701173173743706
3341,1.3701173173743706
3342,1.3701173173743706
3343,1.3701173173743706
3344,1.3701173173743706
3345,1.3701173173743706
3346,1.3701173173743706
3347,1.3701173173743706
3348,1.3701173173743706
3349,1.3701173173743706
3350,1.3701173173743706
3351,1.3701173173743706
3352,1.3701173173743706
3353,1.3701173173743706
3354,1.3701173173743706
3355,1.3701173173743706
3356,1.3701173173743706
3357,1.3701173173743706
3358,1.3701173173743706
3359,1.3701173173743706
3360,1.3701173173743706
3361,1.3701173173743706
3362,1.3701173173743706
3363,1.3701173173743706
3364,1.3701173173743706
3365,1.3701173173743706
3366,1.3701173173743706
3367,1.3701173173743706
3368,1.3701173173743706
3369,1.3701173173743706
3370,1.3701173173743706
3371,1.3701173173743706
3372,1.3701173173743706
3373,1.3701173173743706
3374,1.3701173173743706
3375,1.3701173173743706
3376,1.3701173173743706
3377,1.3701173173743706
3378,1.3701173173743706
3379,1.3701173173743706
3380,1.3701173173743706
3381,1.3701173173743706
3382,1.3701173173743706
3383,1.3701173173743706
3384,1.3701173173743706
3385,1.3701173173743706
3386,1.3701173173743706
3387,1.3701173173743706
3388,1.3701173173743706
3389,1.3701173173743706
3390,1.3701173173743706
3391,1.3701173173743706
3392,1.3701173173743706
3393,1.3701173173743706
3394,1.3701173173743706
3395,1.3701173173743706
3396,1.3701173173743706
3397,1.3701173173743706
3398,1.3701173173743706
3399,1.3701173173743706
3400,1.3701173173743706
3401,1.3701173173743706
3402,1.3701173173743706
3403,1.3701173173743706
3404,1.3701173173743706
3405,1.3701173173743706
3406,1.3701173173743706
3407,1.3701173173743706
3408,1.3701173173743706
3409,1.3701173173743706
3410,1.3701173173743706
3411,1.3701173173743706
3412,1.3701173173743706
3413,1.3701173173743706
3414,1.3701173173743706
3415,1.3701173173743706
3416,1.3701173173743706
3417,1.3701173173743706
3418,1.3701173173743706
3419,1.3701173173743706
3420,1.3701173173743706
3421,1.3701173173743706
3422,1.3701173173743706
3423,1.3701173173743706
3424,1.3701173173743706
3425,1.3701173173743706
3426,1.3701173173743706
3427,1.3701173173743706
3428,1.3701173173743706
3429,1.3701173173743706
3430,1.3701173173743706
3431,1.3701173173743706
3432,1.3701173173743706
3433,1.3701173173743706
3434,1.3701173173743706
3435,1.3701173173743706
3436,1.3701173173743706
3437,1.3701173173743706
3438,1.3701173173743706
3439,1.3701173173743706
3440,1.3701173173743706
3441,1.3701173173743706
3442,1.3701173173743706
3443,1.3701173173743706
3444,1.3701173173743706
3445,1.3701173173743706
3446,1.3701173173743706
3447,1.3701173173743706
3448,1.3701173173743706
3449,1.3701173173743706
3450,1.3701173173743706
3451,1.3701173173743706
3452,1.3701173173743706
3453,1.3701173173743706
3454,1.3701173173743706
3455,1.3701173173743706
3456,1.3701173173743706
3457,1.3701173173743706
3458,1.3701173173743706
3459,1.3701173173743706
3460,1.3701173173743706
3461,1.3701173173743706
3462,1.3701173173743706
3463,1.3701173173743706
3464,1.3701173173743706
3465,1.3701173173743706
3466,1.3701173173743706
3467,1.3701173173743706
3468,1.3701173173743706
3469,1.3701173173743706
3470,1.3701173173743706
3471,1.3701173173743706
3472,1.3701173173743706
3473,1.3701173173743706
3474,1.3701173173743706
3475,1.3701173173743706
3476,1.3701173173743706
3477,1.3701173173743706
3478,1.3701173173743706
3479,1.3701173173743706
3480,1.3701173173743706
3481,1.3701173173743706
3482,1.3701173173743706
3483,1.3701173173743706
3484,1.3701173173743706
3485,1.3701173173743706
3486,1.3701173173743706
3487,1.3701173173743706
3488,1.3701173173743706
3489,1.3701173173743706
3490,1.3701173173743706
3491,1.3701173173743706
3492,1.3701173173743706
3493,1.3701173173743706
3494,1.3701173173743706
3495,1.3701173173743706
3496,1.3701173173743706
3497,1.3701173173743706
3498,1.3701173173743706
3499,1.3701173173743706
3500,1.3701173173743706
3501,1.3701173173743706
3502,1.3701173173743706
3503,1.3701173173743706
3504,1.3701173173743706
3505,1.3701173173743706
3506,1.3701173173743706
3507,1.3701173173743706
3508,1.3701173173743706
3509,1.3701173173743706
3510,1.3701173173743706
3511,1.3701173173743706
3512,1.3701173173743706
3513,1.3701173173743706
3514,1.3701173173743706
3515,1.3701173173743706
3516,1.3701173173743706
3517,1.3701173173743706
3518,1.3701173173743706
3519,1.3701173173743706
3520,1.3701173173743706
3521,1.3701173173743706
3522,1.3701173173743706
3523,1.3701173173743706
3524,1.3701173173743706
3525,1.3701173173743706
3526,1.3701173173743706
3527,1.3701173173743706
3528,1.3701173173743706
3529,1.3701173173743706
3530,1.3701173173743706
3531,1.3701173173743706
3532,1.3701173173743706
3533,1.3701173173743706
3534,1.3701173173743706
3535,1.3701173173743706
3536,1.3701173173743706
3537,1.3701173173743706
3538,1.3701173173743706
3539,1.3701173173743706
3540,1.3701173173743706
3541,1.3701173173743706
3542,1.3701173173743706
3543,1.3701173173743706
3544,1.3701173173743706
3545,1.3701173173743706
3546,1.3701173173743706
3547,1.3701173173743706
3548,1.3701173173743706
3549,1.3701173173743706
3550,1.3701173173743706
3551,1.3701173173743706
3552,1.3701173173743706
3553,1.3701173173743706
3554,1.3701173173743706
3555,1.3701173173743706
3556,1.3701173173743706
3557,1.3701173173743706
3558,1.3701173173743706
3559,1.3701173173743706
3560,1.3701173173743706
3561,1.3701173173743706
3562,1.3701173173743706
3563,1.3701173173743706
3564,1.3701173173743706
3565,1.3701173173743706
3566,1.3701173173743706
3567,1.3701173173743706
3568,1.3701173173743706
3569,1.3701173173743706
3570,1.3701173173743706
3571,1.3701173173743706
3572,1.3701173173743706
3573,1.3701173173743706
3574,1.3701173173743706
3575,1.3701173173743706
3576,1.3701173173743706
3577,1.3701173173743706
3578,1.3701173173743706
3579,1.3701173173743706
3580,1.3701173173743706
3581,1.3701173173743706
3582,1.3701173173743706
3583,1.3701173173743706
3584,1.3701173173743706
3585,1.3701173173743706
3586,1.3701173173743706
3587,1.3701173173743706
3588,1.3701173173743706
3589,1.3701173173743706
3590,1.3701173173743706
3591,1.3701173173743706
3592,1.3701173173743706
3593,1.3701173173743706
3594,1.3701173173743706
3595,1.3701173173743706
3596,1.3701173173743706
3597,1.3701173173743706
3598,1.3701173173743706
3599,1.3701173173743706
3600,1.3701173173743706
3601,1.3701173173743706
3602,1.3701173173743706
3603,1.3701173173743706
3604,1.3701173173743706
3605,1.3701173173743706
3606,1.3701173173743706
3607,1.3701173173743706
3608,1.3701173173743706
3609,1.3701173173743706
3610,1.3701173173743706
3611,1.3701173173743706
3612,1.3701173173743706
3613,1.3701173173743706
3614,1.3701173173743706
3615,1.3701173173743706
3616,1.3701173173743706
3617,1.3701173173743706
3618,1.3701173173743706
3619,1.3701173173743706
3620,1.3701173173743706
3621,1.3701173173743706
3622,1.3701173173743706
3623,1.3701173173743706
3624,1.3701173173743706
3625,1.3701173173743706
3626,1.3701173173743706
3627,1.3701173173743706
3628,1.3701173173743706
3629,1.3701173173743706
3630,1.3701173173743706
3631,1.3701173173743706
3632,1.3701173173743706
3633,1.3701173173743706
3634,1.3701173173743706
3635,1.3701173173743706
3636,1.3701173173743706
3637,1.3701173173743706
3638,1.3701173173743706
3639,1.3701173173743706
3640,1.3701173173743706
3641,1.3701173173743706
3642,1.3701173173743706
3643,1.3701173173743706
3644,1.3701173173743706
3645,1.3701173173743706
3646,1.3701173173743706
3647,1.3701173173743706
3648,1.3701173173743706
3649,1.3701173173743706
3650,1.3701173173743706
3651,1.3701173173743706
3652,1.3701173173743706
3653,1.3701173173743706
3654,1.3701173173743706
3655,1.3701173173743706
3656,1.3701173173743706
3657,1.3701173173743706
3658,1.3701173173743706
3659,1.3701173173743706
3660,1.3701173173743706
3661,1.3701173173743706
3662,1.3701173173743706
3663,1.3701173173743706
3664,1.3701173173743706
3665,1.3701173173743706
3666,1.3701173173743706
3667,1.3701173173743706
3668,1.3701173173743706
3669,1.3701173173743706
3670,1.3701173173743706
3671,1.3701173173743706
3672,1.3701173173743706
3673,1.3701173173743706
3674,1.3701173173743706
3675,1.3701173173743706
3676,1.3701173173743706
3677,1.3701173173743706
3678,1.3701173173743706
3679,1.3701173173743706
3680,1.3701173173743706
3681,1.3701173173743706
3682,1.3701173173743706
3683,1.3701173173743706
3684,1.3701173173743706
3685,1.3701173173743706
3686,1.3701173173743706
3687,1.3701173173743706
3688,1.3701173173743706
3689,1.3701173173743706
3690,1.3701173173743706
3691,1.3701173173743706
3692,1.3701173173743706
3693,1.3701173173743706
3694,1.3701173173743706
3695,1.3701173173743706
3696,1.3701173173743706
3697,1.3701173173743706
3698,1.3701173173743706
3699,1.3701173173743706
3700,1.3701173173743706
3701,1.3701173173743706
3702,1.3701173173743706
3703,1.3701173173743706
3704,1.3701173173743706
3705,1.3701173173743706
3706,1.3701173173743706
3707,1.3701173173743706
3708,1.3701173173743706
3709,1.3701173173743706
3710,1.3701173173743706
3711,1.3701173173743706
3712,1.3701173173743706
3713,1.3701173173743706
3714,1.3701173173743706
3715,1.3701173173743706
3716,1.3701173173743706
3717,1.3701173173743706
3718,1.3701173173743706
3719,1.3701173173743706
3720,1.3701173173743706
3721,1.3701173173743706
3722,1.3701173173743706
3723,1.3701173173743706
3724,1.3701173173743706
3725,1.3701173173743706
3726,1.3701173173743706
3727,1.3701173173743706
3728,1.3701173173743706
3729,1.3701173173743706
3730,1.3701173173743706
3731,1.3701173173743706
3732,1.3701173173743706
3733,1.3701173173743706
3734,1.3701173173743706
3735,1.3701173173743706
3736,1.3701173173743706
3737,1.3701173173743706
3738,1.3701173173743706
3739,1.3701173173743706
3740,1.3701173173743706
3741,1.3701173173743706
3742,1.3701173173743706
3743,1.3701173173743706
3744,1.3701173173743706
3745,1.3701173173743706
3746,1.3701173173743706
3747,1.3701173173743706
3748,1.3701173173743706
3749,1.3701173173743706
3750,1.3701173173743706
3751,1.3701173173743706
3752,1.3701173173743706
3753,1.3701173173743706
3754,1.3701173173743706
3755,1.3701173173743706
3756,1.3701173173743706
3757,1.3701173173743706
3758,1.3701173173743706
3759,1.3701173173743706
3760,1.3701173173743706
3761,1.3701173173743706
3762,1.3701173173743706
3763,1.3701173173743706
3764,1.3701173173743706
3765,1.3701173173743706
3766,1.3701173173743706
3767,1.3701173173743706
3768,1.3701173173743706
3769,1.3701173173743706
3770,1.3701173173743706
3771,1.3701173173743706
3772,1.3701173173743706
3773,1.3701173173743706
3774,1.3701173173743706
3775,1.3701173173743706
3776,1.3701173173743706
3777,1.3701173173743706
3778,1.3701173173743706
3779,1.3701173173743706
3780,1.3701173173743706
3781,1.3701173173743706
3782,1.3701173173743706
3783,1.3701173173743706
3784,1.3701173173743706
3785,1.3701173173743706
3786,1.3701173173743706
3787,1.3701173173743706
3788,1.3701173173743706
3789,1.3701173173743706
3790,1.3701173173743706
3791,1.3701173173743706
3792,1.3701173173743706
3793,1.3701173173743706
3794,1.3701173173743706
3795,1.3701173173743706
3796,1.3701173173743706
3797,1.3701173173743706
3798,1.3701173173743706
3799,1.3701173173743706
3800,1.3701173173743706
3801,1.3701173173743706
3802,1.3701173173743706
3803,1.3701173173743706
3804,1.3701173173743706
3805,1.3701173173743706
3806,1.3701173173743706
3807,1.3701173173743706
3808,1.3701173173743706
3809,1.3701173173743706
3810,1.3701173173743706
3811,1.3701173173743706
3812,1.3701173173743706
3813,1.3701173173743706
3814,1.3701173173743706
3815,1.3701173173743706
3816,1.3701173173743706
3817,1.3701173173743706
3818,1.3701173173743706
3819,1.3701173173743706
3820,1.3701173173743706
3821,1.3701173173743706
3822,1.3701173173743706
3823,1.3701173173743706
3824,1.3701173173743706
3825,1.3701173173743706
3826,1.3701173173743706
3827,1.3701173173743706
3828,1.3701173173743706
3829,1.3701173173743706
3830,1.3701173173743706
3831,1.3701173173743706
3832,1.3701173173743706
3833,1.3701173173743706
3834,1.3701173173743706
3835,1.3701173173743706
3836,1.3701173173743706
3837,1.3701173173743706
3838,1.3701173173743706
3839,1.3701173173743706
3840,1.3701173173743706
3841,1.3701173173743706
3842,1.3701173173743706
3843,1.3701173173743706
3844,1.3701173173743706
3845,1.3701173173743706
3846,1.3701173173743706
3847,1.3701173173743706
3848,1.3701173173743706
3849,1.3701173173743706
3850,1.3701173173743706
3851,1.3701173173743706
3852,1.3701173173743706
3853,1.3701173173743706
3854,1.3701173173743706
3855,1.3701173173743706
3856,1.3701173173743706
3857,1.3701173173743706
3858,1.3701173173743706
3859,1.3701173173743706
3860,1.3701173173743706
3861,1.3701173173743706
3862,1.3701173173743706
3863,1.3701173173743706
3864,1.3701173173743706
3865,1.3701173173743706
3866,1.3701173173743706
3867,1.3701173173743706
3868,1.3701173173743706
3869,1.3701173173743706
3870,1.3701173173743706
3871,1.3701173173743706
3872,1.3701173173743706
3873,1.3701173173743706
3874,1.3701173173743706
3875,1.3701173173743706
3876,1.3701173173743706
3877,1.3701173173743706
3878,1.3701173173743706
3879,1.3701173173743706
3880,1.3701173173743706
3881,1.3701173173743706
3882,1.3701173173743706
3883,1.3701173173743706
3884,1.3701173173743706
3885,1.3701173173743706
3886,1.3701173173743706
3887,1.3701173173743706
3888,1.3701173173743706
3889,1.3701173173743706
3890,1.3701173173743706
3891,1.3701173173743706
3892,1.3701173173743706
3893,1.3701173173743706
3894,1.3701173173743706
3895,1.3701173173743706
3896,1.3701173173743706
3897,1.3701173173743706
3898,1.3701173173743706
3899,1.3701173173743706
3900,1.3701173173743706
3901,1.3701173173743706
3902,1.3701173173743706
3903,1.3701173173743706
3904,1.3701173173743706
3905,1.3701173173743706
3906,1.3701173173743706
3907,1.3701173173743706
3908,1.3701173173743706
3909,1.3701173173743706
3910,1.3701173173743706
3911,1.3701173173743706
3912,1.3701173173743706
3913,1.3701173173743706
3914,1.3701173173743706
3915,1.3701173173743706
3916,1.3701173173743706
3917,1.3701173173743706
3918,1.3701173173743706
3919,1.3701173173743706
3920,1.3701173173743706
3921,1.3701173173743706
3922,1.3701173173743706
3923,1.3701173173743706
3924,1.3701173173743706
3925,1.3701173173743706
3926,1.3701173173743706
3927,1.3701173173743706
3928,1.3701173173743706
3929,1.3701173173743706
3930,1.3701173173743706
3931,1.3701173173743706
3932,1.3701173173743706
3933,1.3701173173743706
3934,1.3701173173743706
3935,1.3701173173743706
3936,1.3701173173743706
3937,1.3701173173743706
3938,1.3701173173743706
3939,1.3701173173743706
3940,1.3701173173743706
3941,1.3701173173743706
3942,1.3701173173743706
3943,1.3701173173743706
3944,1.3701173173743706
3945,1.3701173173743706
3946,1.3701173173743706
3947,1.3701173173743706
3948,1.3701173173743706
3949,1.3701173173743706
3950,1.3701173173743706
3951,1.3701173173743706
3952,1.3701173173743706
3953,1.3701173173743706
3954,1.3701173173743706
3955,1.3701173173743706
3956,1.3701173173743706
3957,1.3701173173743706
3958,1.3701173173743706
3959,1.3701173173743706
3960,1.3701173173743706
3961,1.3701173173743706
3962,1.3701173173743706
3963,1.3701173173743706
3964,1.3701173173743706
3965,1.3701173173743706
3966,1.3701173173743706
3967,1.3701173173743706
3968,1.3701173173743706
3969,1.3701173173743706
3970,1.3701173173743706
3971,1.3701173173743706
3972,1.3701173173743706
3973,1.3701173173743706
3974,1.3701173173743706
3975,1.3701173173743706
3976,1.3701173173743706
3977,1.3701173173743706
3978,1.3701173173743706
3979,1.3701173173743706
3980,1.3701173173743706
3981,1.3701173173743706
3982,1.3701173173743706
3983,1.3701173173743706
3984,1.3701173173743706
3985,1.3701173173743706
3986,1.3701173173743706
3987,1.3701173173743706
3988,1.3701173173743706
3989,1.3701173173743706
3990,1.3701173173743706
3991,1.3701173173743706
3992,1.3701173173743706
3993,1.3701173173743706
3994,1.3701173173743706
3995,1.3701173173743706
3996,1.3701173173743706
3997,1.3701173173743706
3998,1.3701173173743706
3999,1.3701173173743706
4000,1.3701173173743706
4001,1.3701173173743706
4002,1.3701173173743706
4003,1.3701173173743706
4004,1.3701173173743706
4005,1.3701173173743706
4006,1.3701173173743706
4007,1.3701173173743706
4008,1.3701173173743706
4009,1.3701173173743706
4010,1.3701173173743706
4011,1.3701173173743706
4012,1.3701173173743706
4013,1.3701173173743706
4014,1.3701173173743706
4015,1.3701173173743706
4016,1.3701173173743706
4017,1.3701173173743706
4018,1.3701173173743706
4019,1.3701173173743706
4020,1.3701173173743706
4021,1.3701173173743706
4022,1.3701173173743706
4023,1.3701173173743706
4024,1.3701173173743706
4025,1.3701173173743706
4026,1.3701173173743706
4027,1.3701173173743706
4028,1.3701173173743706
4029,1.3701173173743706
4030,1.3701173173743706
4031,1.3701173173743706
4032,1.3701173173743706
4033,1.3701173173743706
4034,1.3701173173743706
4035,1.3701173173743706
4036,1.3701173173743706
4037,1.3701173173743706
4038,1.3701173173743706
4039,1.3701173173743706
4040,1.3701173173743706
4041,1.3701173173743706
4042,1.3701173173743706
4043,1.3701173173743706
4044,1.3701173173743706
4045,1.3701173173743706
4046,1.3701173173743706
4047,1.3701173173743706
4048,1.3701173173743706
4049,1.3701173173743706
4050,1.3701173173743706
4051,1.3701173173743706
4052,1.3701173173743706
4053,1.3701173173743706
4054,1.3701173173743706
4055,1.3701173173743706
4056,1.3701173173743706
4057,1.3701173173743706
4058,1.3701173173743706
4059,1.3701173173743706
4060,1.3701173173743706
4061,1.3701173173743706
4062,1.3701173173743706
4063,1.3701173173743706
4064,1.3701173173743706
4065,1.3701173173743706
4066,1.3701173173743706
4067,1.3701173173743706
4068,1.3701173173743706
4069,1.3701173173743706
4070,1.3701173173743706
4071,1.3701173173743706
4072,1.3701173173743706
4073,1.3701173173743706
4074,1.3701173173743706
4075,1.3701173173743706
4076,1.3701173173743706
4077,1.3701173173743706
4078,1.3701173173743706
4079,1.3701173173743706
4080,1.3701173173743706
4081,1.3701173173743706
4082,1.3701173173743706
4083,1.3701173173743706
4084,1.3701173173743706
4085,1.3701173173743706
4086,1.3701173173743706
4087,1.3701173173743706
4088,1.3701173173743706
4089,1.3701173173743706
4090,1.3701173173743706
4091,1.3701173173743706
4092,1.3701173173743706
4093,1.3701173173743706
4094,1.3701173173743706
4095,1.3701173173743706
4096,1.3701173173743706
4097,1.3701173173743706
4098,1.3701173173743706
4099,1.3701173173743706
4100,1.3701173173743706
4101,1.3701173173743706
4102,1.3701173173743706
4103,1.3701173173743706
4104,1.3701173173743706
4105,1.3701173173743706
4106,1.3701173173743706
4107,1.3701173173743706
4108,1.3701173173743706
4109,1.3701173173743706
4110,1.3701173173743706
4111,1.3701173173743706
4112,1.3701173173743706
4113,1.3701173173743706
4114,1.3701173173743706
4115,1.3701173173743706
4116,1.3701173173743706
4117,1.3701173173743706
4118,1.3701173173743706
4119,1.3701173173743706
4120,1.3701173173743706
4121,1.3701173173743706
4122,1.3701173173743706
4123,1.3701173173743706
4124,1.3701173173743706
4125,1.3701173173743706
4126,1.3701173173743706
4127,1.3701173173743706
4128,1.3701173173743706
4129,1.3701173173743706
4130,1.3701173173743706
4131,1.3701173173743706
4132,1.3701173173743706
4133,1.3701173173743706
4134,1.3701173173743706
4135,1.3701173173743706
4136,1.3701173173743706
4137,1.3701173173743706
4138,1.3701173173743706
4139,1.3701173173743706
4140,1.3701173173743706
4141,1.3701173173743706
4142,1.3701173173743706
4143,1.3701173173743706
4144,1.3701173173743706
4145,1.3701173173743706
4146,1.3701173173743706
4147,1.3701173173743706
4148,1.3701173173743706
4149,1.3701173173743706
4150,1.3701173173743706
4151,1.3701173173743706
4152,1.3701173173743706
4153,1.3701173173743706
4154,1.3701173173743706
4155,1.3701173173743706
4156,1.3701173173743706
4157,1.3701173173743706
4158,1.3701173173743706
4159,1.3701173173743706
4160,1.3701173173743706
4161,1.3701173173743706
4162,1.3701173173743706
4163,1.3701173173743706
4164,1.3701173173743706
4165,1.3701173173743706
4166,1.3701173173743706
4167,1.3701173173743706
4168,1.3701173173743706
4169,1.3701173173743706
4170,1.3701173173743706
4171,1.3701173173743706
4172,1.3701173173743706
4173,1.3701173173743706
4174,1.3701173173743706
4175,1.3701173173743706
4176,1.3701173173743706
4177,1.3701173173743706
4178,1.3701173173743706
4179,1.3701173173743706
4180,1.3701173173743706
4181,1.3701173173743706
4182,1.3701173173743706
4183,1.3701173173743706
4184,1.3701173173743706
4185,1.3701173173743706
4186,1.3701173173743706
4187,1.3701173173743706
4188,1.3701173173743706
4189,1.3701173173743706
4190,1.3701173173743706
4191,1.3701173173743706
4192,1.3701173173743706
4193,1.3701173173743706
4194,1.3701173173743706
4195,1.3701173173743706
4196,1.3701173173743706
4197,1.3701173173743706
4198,1.3701173173743706
4199,1.3701173173743706
4200,1.3701173173743706
4201,1.3701173173743706
4202,1.3701173173743706
4203,1.3701173173743706
4204,1.3701173173743706
4205,1.3701173173743706
4206,1.3701173173743706
4207,1.3701173173743706
4208,1.3701173173743706
4209,1.3701173173743706
4210,1.3701173173743706
4211,1.3701173173743706
4212,1.3701173173743706
4213,1.3701173173743706
4214,1.3701173173743706
4215,1.3701173173743706
4216,1.3701173173743706
4217,1.3701173173743706
4218,1.3701173173743706
4219,1.3701173173743706
4220,1.3701173173743706
4221,1.3701173173743706
4222,1.3701173173743706
4223,1.3701173173743706
4224,1.3701173173743706
4225,1.3701173173743706
4226,1.3701173173743706
4227,1.3701173173743706
4228,1.3701173173743706
4229,1.3701173173743706
4230,1.3701173173743706
4231,1.3701173173743706
4232,1.3701173173743706
4233,1.3701173173743706
4234,1.3701173173743706
4235,1.3701173173743706
4236,1.3701173173743706
4237,1.3701173173743706
4238,1.3701173173743706
4239,1.3701173173743706
4240,1.3701173173743706
4241,1.3701173173743706
4242,1.3701173173743706
4243,1.3701173173743706
4244,1.3701173173743706
4245,1.3701173173743706
4246,1.3701173173743706
4247,1.3701173173743706
4248,1.3701173173743706
4249,1.3701173173743706
4250,1.3701173173743706
4251,1.3701173173743706
4252,1.3701173173743706
4253,1.3701173173743706
4254,1.3701173173743706
4255,1.3701173173743706
4256,1.3701173173743706
4257,1.3701173173743706
4258,1.3701173173743706
4259,1.3701173173743706
4260,1.3701173173743706
4261,1.3701173173743706
4262,1.3701173173743706
4263,1.3701173173743706
4264,1.3701173173743706
4265,1.3701173173743706
4266,1.3701173173743706
4267,1.3701173173743706
4268,1.3701173173743706
4269,1.3701173173743706
4270,1.3701173173743706
4271,1.3701173173743706
4272,1.3701173173743706
4273,1.3701173173743706
4274,1.3701173173743706
4275,1.3701173173743706
4276,1.3701173173743706
4277,1.3701173173743706
4278,1.3701173173743706
4279,1.3701173173743706
4280,1.3701173173743706
4281,1.3701173173743706
4282,1.3701173173743706
4283,1.3701173173743706
4284,1.3701173173743706
4285,1.3701173173743706
4286,1.3701173173743706
4287,1.3701173173743706
4288,1.3701173173743706
4289,1.3701173173743706
4290,1.3701173173743706
4291,1.3701173173743706
4292,1.3701173173743706
4293,1.3701173173743706
4294,1.3701173173743706
4295,1.3701173173743706
4296,1.3701173173743706
4297,1.3701173173743706
4298,1.3701173173743706
4299,1.3701173173743706
4300,1.3701173173743706
4301,1.3701173173743706
4302,1.3701173173743706
4303,1.3701173173743706
4304,1.3701173173743706
4305,1.3701173173743706
4306,1.3701173173743706
4307,1.3701173173743706
4308,1.3701173173743706
4309,1.3701173173743706
4310,1.3701173173743706
4311,1.3701173173743706
4312,1.3701173173743706
4313,1.3701173173743706
4314,1.3701173173743706
4315,1.3701173173743706
4316,1.3701173173743706
4317,1.3701173173743706
4318,1.3701173173743706
4319,1.3701173173743706
4320,1.3701173173743706
4321,1.3701173173743706
4322,1.3701173173743706
4323,1.3701173173743706
4324,1.3701173173743706
4325,1.3701173173743706
4326,1.3701173173743706
4327,1.3701173173743706
4328,1.3701173173743706
4329,1.3701173173743706
4330,1.3701173173743706
4331,1.3701173173743706
4332,1.3701173173743706
4333,1.3701173173743706
4334,1.3701173173743706
4335,1.3701173173743706
4336,1.3701173173743706
4337,1.3701173173743706
4338,1.3701173173743706
4339,1.3701173173743706
4340,1.3701173173743706
4341,1.3701173173743706
4342,1.3701173173743706
4343,1.3701173173743706
4344,1.3701173173743706
4345,1.3701173173743706
4346,1.3701173173743706
4347,1.3701173173743706
4348,1.3701173173743706
4349,1.3701173173743706
4350,1.3701173173743706
4351,1.3701173173743706
4352,1.3701173173743706
4353,1.3701173173743706
4354,1.3701173173743706
4355,1.3701173173743706
4356,1.3701173173743706
4357,1.3701173173743706
4358,1.3701173173743706
4359,1.3701173173743706
4360,1.3701173173743706
4361,1.3701173173743706
4362,1.3701173173743706
4363,1.3701173173743706
4364,1.3701173173743706
4365,1.3701173173743706
4366,1.3701173173743706
4367,1.3701173173743706
4368,1.3701173173743706
4369,1.3701173173743706
4370,1.3701173173743706
4371,1.3701173173743706
4372,1.3701173173743706
4373,1.3701173173743706
4374,1.3701173173743706
4375,1.3701173173743706
4376,1.3701173173743706
4377,1.3701173173743706
4378,1.3701173173743706
4379,1.3701173173743706
4380,1.3701173173743706
4381,1.3701173173743706
4382,1.3701173173743706
4383,1.3701173173743706
4384,1.3701173173743706
4385,1.3701173173743706
4386,1.3701173173743706
4387,1.3701173173743706
4388,1.3701173173743706
4389,1.3701173173743706
4390,1.3701173173743706
4391,1.3701173173743706
4392,1.3701173173743706
4393,1.3701173173743706
4394,1.3701173173743706
4395,1.3701173173743706
4396,1.3701173173743706
4397,1.3701173173743706
4398,1.3701173173743706
4399,1.3701173173743706
4400,1.3701173173743706
4401,1.3701173173743706
4402,1.3701173173743706
4403,1.3701173173743706
4404,1.3701173173743706
4405,1.3701173173743706
4406,1.3701173173743706
4407,1.3701173173743706
4408,1.3701173173743706
4409,1.3701173173743706
4410,1.3701173173743706
4411,1.3701173173743706
4412,1.3701173173743706
4413,1.3701173173743706
4414,1.3701173173743706
4415,1.3701173173743706
4416,1.3701173173743706
4417,1.3701173173743706
4418,1.3701173173743706
4419,1.3701173173743706
4420,1.3701173173743706
4421,1.3701173173743706
4422,1.3701173173743706
4423,1.3701173173743706
4424,1.3701173173743706
4425,1.3701173173743706
4426,1.3701173173743706
4427,1.3701173173743706
4428,1.3701173173743706
4429,1.3701173173743706
4430,1.3701173173743706
4431,1.3701173173743706
4432,1.3701173173743706
4433,1.3701173173743706
4434,1.3701173173743706
4435,1.3701173173743706
4436,1.3701173173743706
4437,1.3701173173743706
4438,1.3701173173743706
4439,1.3701173173743706
4440,1.3701173173743706
4441,1.3701173173743706
4442,1.3701173173743706
4443,1.3701173173743706
4444,1.3701173173743706
4445,1.3701173173743706
4446,1.3701173173743706
4447,1.3701173173743706
4448,1.3701173173743706
4449,1.3701173173743706
4450,1.3701173173743706
4451,1.3701173173743706
4452,1.3701173173743706
4453,1.3701173173743706
4454,1.3701173173743706
4455,1.3701173173743706
4456,1.3701173173743706
4457,1.3701173173743706
4458,1.3701173173743706
4459,1.3701173173743706
4460,1.3701173173743706
4461,1.3701173173743706
4462,1.3701173173743706
4463,1.3701173173743706
4464,1.3701173173743706
4465,1.3701173173743706
4466,1.3701173173743706
4467,1.3701173173743706
4468,1.3701173173743706
4469,1.3701173173743706
4470,1.3701173173743706
4471,1.3701173173743706
4472,1.3701173173743706
4473,1.3701173173743706
4474,1.3701173173743706
4475,1.3701173173743706
4476,1.3701173173743706
4477,1.3701173173743706
4478,1.3701173173743706
4479,1.3701173173743706
4480,1.3701173173743706
4481,1.3701173173743706
4482,1.3701173173743706
4483,1.3701173173743706
4484,1.3701173173743706
4485,1.3701173173743706
4486,1.3701173173743706
4487,1.3701173173743706
4488,1.3701173173743706
4489,1.3701173173743706
4490,1.3701173173743706
4491,1.3701173173743706
4492,1.3701173173743706
4493,1.3701173173743706
4494,1.3701173173743706
4495,1.3701173173743706
4496,1.3701173173743706
4497,1.3701173173743706
4498,1.3701173173743706
4499,1.3701173173743706
4500,1.3701173173743706
4501,1.3701173173743706
4502,1.3701173173743706
4503,1.3701173173743706
4504,1.3701173173743706
4505,1.3701173173743706
4506,1.3701173173743706
4507,1.3701173173743706
4508,1.3701173173743706
4509,1.3701173173743706
4510,1.3701173173743706
4511,1.3701173173743706
4512,1.3701173173743706
4513,1.3701173173743706
4514,1.3701173173743706
4515,1.3701173173743706
4516,1.3701173173743706
4517,1.3701173173743706
4518,1.3701173173743706
4519,1.3701173173743706
4520,1.3701173173743706
4521,1.3701173173743706
4522,1.3701173173743706
4523,1.3701173173743706
4524,1.3701173173743706
4525,1.3701173173743706
4526,1.3701173173743706
4527,1.3701173173743706
4528,1.3701173173743706
4529,1.3701173173743706
4530,1.3701173173743706
4531,1.3701173173743706
4532,1.3701173173743706
4533,1.3701173173743706
4534,1.3701173173743706
4535,1.3701173173743706
4536,1.3701173173743706
4537,1.3701173173743706
4538,1.3701173173743706
4539,1.3701173173743706
4540,1.3701173173743706
4541,1.3701173173743706
4542,1.3701173173743706
4543,1.3701173173743706
4544,1.3701173173743706
4545,1.3701173173743706
4546,1.3701173173743706
4547,1.3701173173743706
4548,1.3701173173743706
4549,1.3701173173743706
4550,1.3701173173743706
4551,1.3701173173743706
4552,1.3701173173743706
4553,1.3701173173743706
4554,1.3701173173743706
4555,1.3701173173743706
4556,1.3701173173743706
4557,1.3701173173743706
4558,1.3701173173743706
4559,1.3701173173743706
4560,1.3701173173743706
4561,1.3701173173743706
4562,1.3701173173743706
4563,1.3701173173743706
4564,1.3701173173743706
4565,1.3701173173743706
4566,1.3701173173743706
4567,1.3701173173743706
4568,1.3701173173743706
4569,1.3701173173743706
4570,1.3701173173743706
4571,1.3701173173743706
4572,1.3701173173743706
4573,1.3701173173743706
4574,1.3701173173743706
4575,1.3701173173743706
4576,1.3701173173743706
4577,1.3701173173743706
4578,1.3701173173743706
4579,1.3701173173743706
4580,1.3701173173743706
4581,1.3701173173743706
4582,1.3701173173743706
4583,1.3701173173743706
4584,1.3701173173743706
4585,1.3701173173743706
4586,1.3701173173743706
4587,1.3701173173743706
4588,1.3701173173743706
4589,1.3701173173743706
4590,1.3701173173743706
4591,1.3701173173743706
4592,1.3701173173743706
4593,1.3701173173743706
4594,1.3701173173743706
4595,1.3701173173743706
4596,1.3701173173743706
4597,1.3701173173743706
4598,1.3701173173743706
4599,1.3701173173743706
4600,1.3701173173743706
4601,1.3701173173743706
4602,1.3701173173743706
4603,1.3701173173743706
4604,1.3701173173743706
4605,1.3701173173743706
4606,1.3701173173743706
4607,1.3701173173743706
4608,1.3701173173743706
4609,1.3701173173743706
4610,1.3701173173743706
4611,1.3701173173743706
4612,1.3701173173743706
4613,1.3701173173743706
4614,1.3701173173743706
4615,1.3701173173743706
4616,1.3701173173743706
4617,1.3701173173743706
4618,1.3701173173743706
4619,1.3701173173743706
4620,1.3701173173743706
4621,1.3701173173743706
4622,1.3701173173743706
4623,1.3701173173743706
4624,1.3701173173743706
4625,1.3701173173743706
4626,1.3701173173743706
4627,1.3701173173743706
4628,1.3701173173743706
4629,1.3701173173743706
4630,1.3701173173743706
4631,1.3701173173743706
4632,1.3701173173743706
4633,1.3701173173743706
4634,1.3701173173743706
4635,1.3701173173743706
4636,1.3701173173743706
4637,1.3701173173743706
4638,1.3701173173743706
4639,1.3701173173743706
4640,1.3701173173743706
4641,1.3701173173743706
4642,1.3701173173743706
4643,1.3701173173743706
4644,1.3701173173743706
4645,1.3701173173743706
4646,1.3701173173743706
4647,1.3701173173743706
4648,1.3701173173743706
4649,1.3701173173743706
4650,1.3701173173743706
4651,1.3701173173743706
4652,1.3701173173743706
4653,1.3701173173743706
4654,1.3701173173743706
4655,1.3701173173743706
4656,1.3701173173743706
4657,1.3701173173743706
4658,1.3701173173743706
4659,1.3701173173743706
4660,1.3701173173743706
4661,1.3701173173743706
4662,1.3701173173743706
4663,1.3701173173743706
4664,1.3701173173743706
4665,1.3701173173743706
4666,1.3701173173743706
4667,1.3701173173743706
4668,1.3701173173743706
4669,1.3701173173743706
4670,1.3701173173743706
4671,1.3701173173743706
4672,1.3701173173743706
4673,1.3701173173743706
4674,1.3701173173743706
4675,1.3701173173743706
4676,1.3701173173743706
4677,1.3701173173743706
4678,1.3701173173743706
4679,1.3701173173743706
4680,1.3701173173743706
4681,1.3701173173743706
4682,1.3701173173743706
4683,1.3701173173743706
4684,1.3701173173743706
4685,1.3701173173743706
4686,1.3701173173743706
4687,1.3701173173743706
4688,1.3701173173743706
4689,1.3701173173743706
4690,1.3701173173743706
4691,1.3701173173743706
4692,1.3701173173743706
4693,1.3701173173743706
4694,1.3701173173743706
4695,1.3701173173743706
4696,1.3701173173743706
4697,1.3701173173743706
4698,1.3701173173743706
4699,1.3701173173743706
4700,1.3701173173743706
4701,1.3701173173743706
4702,1.3701173173743706
4703,1.3701173173743706
4704,1.3701173173743706
4705,1.3701173173743706
4706,1.3701173173743706
4707,1.3701173173743706
4708,1.3701173173743706
4709,1.3701173173743706
4710,1.3701173173743706
4711,1.3701173173743706
4712,1.3701173173743706
4713,1.3701173173743706
4714,1.3701173173743706
4715,1.3701173173743706
4716,1.3701173173743706
4717,1.3701173173743706
4718,1.3701173173743706
4719,1.3701173173743706
4720,1.3701173173743706
4721,1.3701173173743706
4722,1.3701173173743706
4723,1.3701173173743706
4724,1.3701173173743706
4725,1.3701173173743706
4726,1.3701173173743706
4727,1.3701173173743706
4728,1.3701173173743706
4729,1.3701173173743706
4730,1.3701173173743706
4731,1.3701173173743706
4732,1.3701173173743706
4733,1.3701173173743706
4734,1.3701173173743706
4735,1.3701173173743706
4736,1.3701173173743706
4737,1.3701173173743706
4738,1.3701173173743706
4739,1.3701173173743706
4740,1.3701173173743706
4741,1.3701173173743706
4742,1.3701173173743706
4743,1.3701173173743706
4744,1.3701173173743706
4745,1.3701173173743706
4746,1.3701173173743706
4747,1.3701173173743706
4748,1.3701173173743706
4749,1.3701173173743706
4750,1.3701173173743706
4751,1.3701173173743706
4752,1.3701173173743706
4753,1.3701173173743706
4754,1.3701173173743706
4755,1.3701173173743706
4756,1.3701173173743706
4757,1.3701173173743706
4758,1.3701173173743706
4759,1.3701173173743706
4760,1.3701173173743706
4761,1.3701173173743706
4762,1.3701173173743706
4763,1.3701173173743706
4764,1.3701173173743706
4765,1.3701173173743706
4766,1.3701173173743706
4767,1.3701173173743706
4768,1.3701173173743706
4769,1.3701173173743706
4770,1.3701173173743706
4771,1.3701173173743706
4772,1.3701173173743706
4773,1.3701173173743706
4774,1.3701173173743706
4775,1.3701173173743706
4776,1.3701173173743706
4777,1.3701173173743706
4778,1.3701173173743706
4779,1.3701173173743706
4780,1.3701173173743706
4781,1.3701173173743706
4782,1.3701173173743706
4783,1.3701173173743706
4784,1.3701173173743706
4785,1.3701173173743706
4786,1.3701173173743706
4787,1.3701173173743706
4788,1.3701173173743706
4789,1.3701173173743706
4790,1.3701173173743706
4791,1.3701173173743706
4792,1.3701173173743706
4793,1.3701173173743706
4794,1.3701173173743706
4795,1.3701173173743706
4796,1.3701173173743706
4797,1.3701173173743706
4798,1.3701173173743706
4799,1.3701173173743706
4800,1.3701173173743706
4801,1.3701173173743706
4802,1.3701173173743706
4803,1.3701173173743706
4804,1.3701173173743706
4805,1.3701173173743706
4806,1.3701173173743706
4807,1.3701173173743706
4808,1.3701173173743706
4809,1.3701173173743706
4810,1.3701173173743706
4811,1.3701173173743706
4812,1.3701173173743706
4813,1.3701173173743706
4814,1.3701173173743706
4815,1.3701173173743706
4816,1.3701173173743706
4817,1.3701173173743706
4818,1.3701173173743706
4819,1.3701173173743706
4820,1.3701173173743706
4821,1.3701173173743706
4822,1.3701173173743706
4823,1.3701173173743706
4824,1.3701173173743706
4825,1.3701173173743706
4826,1.3701173173743706
4827,1.3701173173743706
4828,1.3701173173743706
4829,1.3701173173743706
4830,1.3701173173743706
4831,1.3701173173743706
4832,1.3701173173743706
4833,1.3701173173743706
4834,1.3701173173743706
4835,1.3701173173743706
4836,1.3701173173743706
4837,1.3701173173743706
4838,1.3701173173743706
4839,1.3701173173743706
4840,1.3701173173743706
4841,1.3701173173743706
4842,1.3701173173743706
4843,1.3701173173743706
4844,1.3701173173743706
4845,1.3701173173743706
4846,1.3701173173743706
4847,1.3701173173743706
4848,1.3701173173743706
4849,1.3701173173743706
4850,1.3701173173743706
4851,1.3701173173743706
4852,1.3701173173743706
4853,1.3701173173743706
4854,1.3701173173743706
4855,1.3701173173743706
4856,1.3701173173743706
4857,1.3701173173743706
4858,1.3701173173743706
4859,1.3701173173743706
4860,1.3701173173743706
4861,1.3701173173743706
4862,1.3701173173743706
4863,1.3701173173743706
4864,1.3701173173743706
4865,1.3701173173743706
4866,1.3701173173743706
4867,1.3701173173743706
4868,1.3701173173743706
4869,1.3701173173743706
4870,1.3701173173743706
4871,1.3701173173743706
4872,1.3701173173743706
4873,1.3701173173743706
4874,1.3701173173743706
4875,1.3701173173743706
4876,1.3701173173743706
4877,1.3701173173743706
4878,1.3701173173743706
4879,1.3701173173743706
4880,1.3701173173743706
4881,1.3701173173743706
4882,1.3701173173743706
4883,1.3701173173743706
4884,1.3701173173743706
4885,1.3701173173743706
4886,1.3701173173743706
4887,1.3701173173743706
4888,1.3701173173743706
4889,1.3701173173743706
4890,1.3701173173743706
4891,1.3701173173743706
4892,1.3701173173743706
4893,1.3701173173743706
4894,1.3701173173743706
4895,1.3701173173743706
4896,1.3701173173743706
4897,1.3701173173743706
4898,1.3701173173743706
4899,1.3701173173743706
4900,1.3701173173743706
4901,1.3701173173743706
4902,1.3701173173743706
4903,1.3701173173743706
4904,1.3701173173743706
4905,1.3701173173743706
4906,1.3701173173743706
4907,1.3701173173743706
4908,1.3701173173743706
4909,1.3701173173743706
4910,1.3701173173743706
4911,1.3701173173743706
4912,1.3701173173743706
4913,1.3701173173743706
4914,1.3701173173743706
4915,1.3701173173743706
4916,1.3701173173743706
4917,1.3701173173743706
4918,1.3701173173743706
4919,1.3701173173743706
4920,1.3701173173743706
4921,1.3701173173743706
4922,1.3701173173743706
4923,1.3701173173743706
4924,1.3701173173743706
4925,1.3701173173743706
4926,1.3701173173743706
4927,1.3701173173743706
4928,1.3701173173743706
4929,1.3701173173743706
4930,1.3701173173743706
4931,1.3701173173743706
4932,1.3701173173743706
4933,1.3701173173743706
4934,1.3701173173743706
4935,1.3701173173743706
4936,1.3701173173743706
4937,1.3701173173743706
4938,1.3701173173743706
4939,1.3701173173743706
4940,1.3701173173743706
4941,1.3701173173743706
4942,1.3701173173743706
4943,1.3701173173743706
4944,1.3701173173743706
4945,1.3701173173743706
4946,1.3701173173743706
4947,1.3701173173743706
4948,1.3701173173743706
4949,1.3701173173743706
4950,1.3701173173743706
4951,1.3701173173743706
4952,1.3701173173743706
4953,1.3701173173743706
4954,1.3701173173743706
4955,1.3701173173743706
4956,1.3701173173743706
4957,1.3701173173743706
4958,1.3701173173743706
4959,1.3701173173743706
4960,1.3701173173743706
4961,1.3701173173743706
4962,1.3701173173743706
4963,1.3701173173743706
4964,1.3701173173743706
4965,1.3701173173743706
4966,1.3701173173743706
4967,1.3701173173743706
4968,1.3701173173743706
4969,1.3701173173743706
4970,1.3701173173743706
4971,1.3701173173743706
4972,1.3701173173743706
4973,1.3701173173743706
4974,1.3701173173743706
4975,1.3701173173743706
4976,1.3701173173743706
4977,1.3701173173743706
4978,1.3701173173743706
4979,1.3701173173743706
4980,1.3701173173743706
4981,1.3701173173743706
4982,1.3701173173743706
4983,1.3701173173743706
4984,1.3701173173743706
4985,1.3701173173743706
4986,1.3701173173743706
4987,1.3701173173743706
4988,1.3701173173743706
4989,1.3701173173743706
4990,1.3701173173743706
4991,1.3701173173743706
4992,1.3701173173743706
4993,1.3701173173743706
4994,1.3701173173743706
4995,1.3701173173743706
4996,1.3701173173743706
4997,1.3701173173743706
4998,1.3701173173743706
4999,1.3701173173743706
5000,1.3701173173743706
5001,1.3701173173743706
5002,1.3701173173743706
5003,1.3701173173743706
5004,1.3701173173743706
5005,1.3701173173743706
5006,1.3701173173743706
5007,1.3701173173743706
5008,1.3701173173743706
5009,1.3701173173743706
5010,1.3701173173743706
5011,1.3701173173743706
5012,1.3701173173743706
5013,1.3701173173743706
5014,1.3701173173743706
5015,1.3701173173743706
5016,1.3701173173743706
5017,1.3701173173743706
5018,1.3701173173743706
5019,1.3701173173743706
5020,1.3701173173743706
5021,1.3701173173743706
5022,1.3701173173743706
5023,1.3701173173743706
5024,1.3701173173743706
5025,1.3701173173743706
5026,1.3701173173743706
5027,1.3701173173743706
5028,1.3701173173743706
5029,1.3701173173743706
5030,1.3701173173743706
5031,1.3701173173743706
5032,1.3701173173743706
5033,1.3701173173743706
5034,1.3701173173743706
5035,1.3701173173743706
5036,1.3701173173743706
5037,1.3701173173743706
5038,1.3701173173743706
5039,1.3701173173743706
5040,1.3701173173743706
5041,1.3701173173743706
5042,1.3701173173743706
5043,1.3701173173743706
5044,1.3701173173743706
5045,1.3701173173743706
5046,1.3701173173743706
5047,1.3701173173743706
5048,1.3701173173743706
5049,1.3701173173743706
5050,1.3701173173743706
5051,1.3701173173743706
5052,1.3701173173743706
5053,1.3701173173743706
5054,1.3701173173743706
5055,1.3701173173743706
5056,1.3701173173743706
5057,1.3701173173743706
5058,1.3701173173743706
5059,1.3701173173743706
5060,1.3701173173743706
5061,1.3701173173743706
5062,1.3701173173743706
5063,1.3701173173743706
5064,1.3701173173743706
5065,1.3701173173743706
5066,1.3701173173743706
5067,1.3701173173743706
5068,1.3701173173743706
5069,1.3701173173743706
5070,1.3701173173743706
5071,1.3701173173743706
5072,1.3701173173743706
5073,1.3701173173743706
5074,1.3701173173743706
5075,1.3701173173743706
5076,1.3701173173743706
5077,1.3701173173743706
5078,1.3701173173743706
5079,1.3701173173743706
5080,1.3701173173743706
5081,1.3701173173743706
5082,1.3701173173743706
5083,1.3701173173743706
5084,1.3701173173743706
5085,1.3701173173743706
5086,1.3701173173743706
5087,1.3701173173743706
5088,1.3701173173743706
5089,1.3701173173743706
5090,1.3701173173743706
5091,1.3701173173743706
5092,1.3701173173743706
5093,1.3701173173743706
5094,1.3701173173743706
5095,1.3701173173743706
5096,1.3701173173743706
5097,1.3701173173743706
5098,1.3701173173743706
5099,1.3701173173743706
5100,1.3701173173743706
5101,1.3701173173743706
5102,1.3701173173743706
5103,1.3701173173743706
5104,1.3701173173743706
5105,1.3701173173743706
5106,1.3701173173743706
5107,1.3701173173743706
5108,1.3701173173743706
5109,1.3701173173743706
5110,1.3701173173743706
5111,1.3701173173743706
5112,1.3701173173743706
5113,1.3701173173743706
5114,1.3701173173743706
5115,1.3701173173743706
5116,1.3701173173743706
5117,1.3701173173743706
5118,1.3701173173743706
5119,1.3701173173743706
5120,1.3701173173743706
5121,1.3701173173743706
5122,1.3701173173743706
5123,1.3701173173743706
5124,1.3701173173743706
5125,1.3701173173743706
5126,1.3701173173743706
5127,1.3701173173743706
5128,1.3701173173743706
5129,1.3701173173743706
5130,1.3701173173743706
5131,1.3701173173743706
5132,1.3701173173743706
5133,1.3701173173743706
5134,1.3701173173743706
5135,1.3701173173743706
5136,1.3701173173743706
5137,1.3701173173743706
5138,1.3701173173743706
5139,1.3701173173743706
5140,1.3701173173743706
5141,1.3701173173743706
5142,1.3701173173743706
5143,1.3701173173743706
5144,1.3701173173743706
5145,1.3701173173743706
5146,1.3701173173743706
5147,1.3701173173743706
5148,1.3701173173743706
5149,1.3701173173743706
5150,1.3701173173743706
5151,1.3701173173743706
5152,1.3701173173743706
5153,1.3701173173743706
5154,1.3701173173743706
5155,1.3701173173743706
5156,1.3701173173743706
5157,1.3701173173743706
5158,1.3701173173743706
5159,1.3701173173743706
5160,1.3701173173743706
5161,1.3701173173743706
5162,1.3701173173743706
5163,1.3701173173743706
5164,1.3701173173743706
5165,1.3701173173743706
5166,1.3701173173743706
5167,1.3701173173743706
5168,1.3701173173743706
5169,1.3701173173743706
5170,1.3701173173743706
5171,1.3701173173743706
5172,1.3701173173743706
5173,1.3701173173743706
5174,1.3701173173743706
5175,1.3701173173743706
5176,1.3701173173743706
5177,1.3701173173743706
5178,1.3701173173743706
5179,1.3701173173743706
5180,1.3701173173743706
5181,1.3701173173743706
5182,1.3701173173743706
5183,1.3701173173743706
5184,1.3701173173743706
5185,1.3701173173743706
5186,1.3701173173743706
5187,1.3701173173743706
5188,1.3701173173743706
5189,1.3701173173743706
5190,1.3701173173743706
5191,1.3701173173743706
5192,1.3701173173743706
5193,1.3701173173743706
5194,1.3701173173743706
5195,1.3701173173743706
5196,1.3701173173743706
5197,1.3701173173743706
5198,1.3701173173743706
5199,1.3701173173743706
5200,1.3701173173743706
5201,1.3701173173743706
5202,1.3701173173743706
5203,1.3701173173743706
5204,1.3701173173743706
5205,1.3701173173743706
5206,1.3701173173743706
5207,1.3701173173743706
5208,1.3701173173743706
5209,1.3701173173743706
5210,1.3701173173743706
5211,1.3701173173743706
5212,1.3701173173743706
5213,1.3701173173743706
5214,1.3701173173743706
5215,1.3701173173743706
5216,1.3701173173743706
5217,1.3701173173743706
5218,1.3701173173743706
5219,1.3701173173743706
5220,1.3701173173743706
5221,1.3701173173743706
5222,1.3701173173743706
5223,1.3701173173743706
5224,1.3701173173743706
5225,1.3701173173743706
5226,1.3701173173743706
5227,1.3701173173743706
5228,1.3701173173743706
5229,1.3701173173743706
5230,1.3701173173743706
5231,1.3701173173743706
5232,1.3701173173743706
5233,1.3701173173743706
5234,1.3701173173743706
5235,1.3701173173743706
5236,1.3701173173743706
5237,1.3701173173743706
5238,1.3701173173743706
5239,1.3701173173743706
5240,1.3701173173743706
5241,1.3701173173743706
5242,1.3701173173743706
5243,1.3701173173743706
5244,1.3701173173743706
5245,1.3701173173743706
5246,1.3701173173743706
5247,1.3701173173743706
5248,1.3701173173743706
5249,1.3701173173743706
5250,1.3701173173743706
5251,1.3701173173743706
5252,1.3701173173743706
5253,1.3701173173743706
5254,1.3701173173743706
5255,1.3701173173743706
5256,1.3701173173743706
5257,1.3701173173743706
5258,1.3701173173743706
5259,1.3701173173743706
5260,1.3701173173743706
5261,1.3701173173743706
5262,1.3701173173743706
5263,1.3701173173743706
5264,1.3701173173743706
5265,1.3701173173743706
5266,1.3701173173743706
5267,1.3701173173743706
5268,1.3701173173743706
5269,1.3701173173743706
5270,1.3701173173743706
5271,1.3701173173743706
5272,1.3701173173743706
5273,1.3701173173743706
5274,1.3701173173743706
5275,1.3701173173743706
5276,1.3701173173743706
5277,1.3701173173743706
5278,1.3701173173743706
5279,1.3701173173743706
5280,1.3701173173743706
5281,1.3701173173743706
5282,1.3701173173743706
5283,1.3701173173743706
5284,1.3701173173743706
5285,1.3701173173743706
5286,1.3701173173743706
5287,1.3701173173743706
5288,1.3701173173743706
5289,1.3701173173743706
5290,1.3701173173743706
5291,1.3701173173743706
5292,1.3701173173743706
5293,1.3701173173743706
5294,1.3701173173743706
5295,1.3701173173743706
5296,1.3701173173743706
5297,1.3701173173743706
5298,1.3701173173743706
5299,1.3701173173743706
5300,1.3701173173743706
5301,1.3701173173743706
5302,1.3701173173743706
5303,1.3701173173743706
5304,1.3701173173743706
5305,1.3701173173743706
5306,1.3701173173743706
5307,1.3701173173743706
5308,1.3701173173743706
5309,1.3701173173743706
5310,1.3701173173743706
5311,1.3701173173743706
5312,1.3701173173743706
5313,1.3701173173743706
5314,1.3701173173743706
5315,1.3701173173743706
5316,1.3701173173743706
5317,1.3701173173743706
5318,1.3701173173743706
5319,1.3701173173743706
5320,1.3701173173743706
5321,1.3701173173743706
5322,1.3701173173743706
5323,1.3701173173743706
5324,1.3701173173743706
5325,1.3701173173743706
5326,1.3701173173743706
5327,1.3701173173743706
5328,1.3701173173743706
5329,1.3701173173743706
5330,1.3701173173743706
5331,1.3701173173743706
5332,1.3701173173743706
5333,1.3701173173743706
5334,1.3701173173743706
5335,1.3701173173743706
5336,1.3701173173743706
5337,1.3701173173743706
5338,1.3701173173743706
5339,1.3701173173743706
5340,1.3701173173743706
5341,1.3701173173743706
5342,1.3701173173743706
5343,1.3701173173743706
5344,1.3701173173743706
5345,1.3701173173743706
5346,1.3701173173743706
5347,1.3701173173743706
5348,1.3701173173743706
5349,1.3701173173743706
5350,1.3701173173743706
5351,1.3701173173743706
5352,1.3701173173743706
5353,1.3701173173743706
5354,1.3701173173743706
5355,1.3701173173743706
5356,1.3701173173743706
5357,1.3701173173743706
5358,1.3701173173743706
5359,1.3701173173743706
5360,1.3701173173743706
5361,1.3701173173743706
5362,1.3701173173743706
5363,1.3701173173743706
5364,1.3701173173743706
5365,1.3701173173743706
5366,1.3701173173743706
5367,1.3701173173743706
5368,1.3701173173743706
5369,1.3701173173743706
5370,1.3701173173743706
5371,1.3701173173743706
5372,1.3701173173743706
5373,1.3701173173743706
5374,1.3701173173743706
5375,1.3701173173743706
5376,1.3701173173743706
5377,1.3701173173743706
5378,1.3701173173743706
5379,1.3701173173743706
5380,1.3701173173743706
5381,1.3701173173743706
5382,1.3701173173743706
5383,1.3701173173743706
5384,1.3701173173743706
5385,1.3701173173743706
5386,1.3701173173743706
5387,1.3701173173743706
5388,1.3701173173743706
5389,1.3701173173743706
5390,1.3701173173743706
5391,1.3701173173743706
5392,1.3701173173743706
5393,1.3701173173743706
5394,1.3701173173743706
5395,1.3701173173743706
5396,1.3701173173743706
5397,1.3701173173743706
5398,1.3701173173743706
5399,1.3701173173743706
5400,1.3701173173743706
5401,1.3701173173743706
5402,1.3701173173743706
5403,1.3701173173743706
5404,1.3701173173743706
5405,1.3701173173743706
5406,1.3701173173743706
5407,1.3701173173743706
5408,1.3701173173743706
5409,1.3701173173743706
5410,1.3701173173743706
5411,1.3701173173743706
5412,1.3701173173743706
5413,1.3701173173743706
5414,1.3701173173743706
5415,1.3701173173743706
5416,1.3701173173743706
5417,1.3701173173743706
5418,1.3701173173743706
5419,1.3701173173743706
5420,1.3701173173743706
5421,1.3701173173743706
5422,1.3701173173743706
5423,1.3701173173743706
5424,1.3701173173743706
5425,1.3701173173743706
5426,1.3701173173743706
5427,1.3701173173743706
5428,1.3701173173743706
5429,1.3701173173743706
5430,1.3701173173743706
5431,1.3701173173743706
5432,1.3701173173743706
5433,1.3701173173743706
5434,1.3701173173743706
5435,1.3701173173743706
5436,1.3701173173743706
5437,1.3701173173743706
5438,1.3701173173743706
5439,1.3701173173743706
5440,1.3701173173743706
5441,1.3701173173743706
5442,1.3701173173743706
5443,1.3701173173743706
5444,1.3701173173743706
5445,1.3701173173743706
5446,1.3701173173743706
5447,1.3701173173743706
5448,1.3701173173743706
5449,1.3701173173743706
5450,1.3701173173743706
5451,1.3701173173743706
5452,1.3701173173743706
5453,1.3701173173743706
5454,1.3701173173743706
5455,1.3701173173743706
5456,1.3701173173743706
5457,1.3701173173743706
5458,1.3701173173743706
5459,1.3701173173743706
5460,1.3701173173743706
5461,1.3701173173743706
5462,1.3701173173743706
5463,1.3701173173743706
5464,1.3701173173743706
5465,1.3701173173743706
5466,1.3701173173743706
5467,1.3701173173743706
5468,1.3701173173743706
5469,1.3701173173743706
5470,1.3701173173743706
5471,1.3701173173743706
5472,1.3701173173743706
5473,1.3701173173743706
5474,1.3701173173743706
5475,1.3701173173743706
5476,1.3701173173743706
5477,1.3701173173743706
5478,1.3701173173743706
5479,1.3701173173743706
5480,1.3701173173743706
5481,1.3701173173743706
5482,1.3701173173743706
5483,1.3701173173743706
5484,1.3701173173743706
5485,1.3701173173743706
5486,1.3701173173743706
5487,1.3701173173743706
5488,1.3701173173743706
5489,1.3701173173743706
5490,1.3701173173743706
5491,1.3701173173743706
5492,1.3701173173743706
5493,1.3701173173743706
5494,1.3701173173743706
5495,1.3701173173743706
5496,1.3701173173743706
5497,1.3701173173743706
5498,1.3701173173743706
5499,1.3701173173743706
5500,1.3701173173743706
5501,1.3701173173743706
5502,1.3701173173743706
5503,1.3701173173743706
5504,1.3701173173743706
5505,1.3701173173743706
5506,1.3701173173743706
5507,1.3701173173743706
5508,1.3701173173743706
5509,1.3701173173743706
5510,1.3701173173743706
5511,1.3701173173743706
5512,1.3701173173743706
5513,1.3701173173743706
5514,1.3701173173743706
5515,1.3701173173743706
5516,1.3701173173743706
5517,1.3701173173743706
5518,1.3701173173743706
5519,1.3701173173743706
5520,1.3701173173743706
5521,1.3701173173743706
5522,1.3701173173743706
5523,1.3701173173743706
5524,1.3701173173743706
5525,1.3701173173743706
5526,1.3701173173743706
5527,1.3701173173743706
5528,1.3701173173743706
5529,1.3701173173743706
5530,1.3701173173743706
5531,1.3701173173743706
5532,1.3701173173743706
5533,1.3701173173743706
5534,1.3701173173743706
5535,1.3701173173743706
5536,1.3701173173743706
5537,1.3701173173743706
5538,1.3701173173743706
5539,1.3701173173743706
5540,1.3701173173743706
5541,1.3701173173743706
5542,1.3701173173743706
5543,1.3701173173743706
5544,1.3701173173743706
5545,1.3701173173743706
5546,1.3701173173743706
5547,1.3701173173743706
5548,1.3701173173743706
5549,1.3701173173743706
5550,1.3701173173743706
5551,1.3701173173743706
5552,1.3701173173743706
5553,1.3701173173743706
5554,1.3701173173743706
5555,1.3701173173743706
5556,1.3701173173743706
5557,1.3701173173743706
5558,1.3701173173743706
5559,1.3701173173743706
5560,1.3701173173743706
5561,1.3701173173743706
5562,1.3701173173743706
5563,1.3701173173743706
5564,1.3701173173743706
5565,1.3701173173743706
5566,1.3701173173743706
5567,1.3701173173743706
5568,1.3701173173743706
5569,1.3701173173743706
5570,1.3701173173743706
5571,1.3701173173743706
5572,1.3701173173743706
5573,1.3701173173743706
5574,1.3701173173743706
5575,1.3701173173743706
5576,1.3701173173743706
5577,1.3701173173743706
5578,1.3701173173743706
5579,1.3701173173743706
5580,1.3701173173743706
5581,1.3701173173743706
5582,1.3701173173743706
5583,1.3701173173743706
5584,1.3701173173743706
5585,1.3701173173743706
5586,1.3701173173743706
5587,1.3701173173743706
5588,1.3701173173743706
5589,1.3701173173743706
5590,1.3701173173743706
5591,1.3701173173743706
5592,1.3701173173743706
5593,1.3701173173743706
5594,1.3701173173743706
5595,1.3701173173743706
5596,1.3701173173743706
5597,1.3701173173743706
5598,1.3701173173743706
5599,1.3701173173743706
5600,1.3701173173743706
5601,1.3701173173743706
5602,1.3701173173743706
5603,1.3701173173743706
5604,1.3701173173743706
5605,1.3701173173743706
5606,1.3701173173743706
5607,1.3701173173743706
5608,1.3701173173743706
5609,1.3701173173743706
5610,1.3701173173743706
5611,1.3701173173743706
5612,1.3701173173743706
5613,1.3701173173743706
5614,1.3701173173743706
5615,1.3701173173743706
5616,1.3701173173743706
5617,1.3701173173743706
5618,1.3701173173743706
5619,1.3701173173743706
5620,1.3701173173743706
5621,1.3701173173743706
5622,1.3701173173743706
5623,1.3701173173743706
5624,1.3701173173743706
5625,1.3701173173743706
5626,1.3701173173743706
5627,1.3701173173743706
5628,1.3701173173743706
5629,1.3701173173743706
5630,1.3701173173743706
5631,1.3701173173743706
5632,1.3701173173743706
5633,1.3701173173743706
5634,1.3701173173743706
5635,1.3701173173743706
5636,1.3701173173743706
5637,1.3701173173743706
5638,1.3701173173743706
5639,1.3701173173743706
5640,1.3701173173743706
5641,1.3701173173743706
5642,1.3701173173743706
5643,1.3701173173743706
5644,1.3701173173743706
5645,1.3701173173743706
5646,1.3701173173743706
5647,1.3701173173743706
5648,1.3701173173743706
5649,1.3701173173743706
5650,1.3701173173743706
5651,1.3701173173743706
5652,1.3701173173743706
5653,1.3701173173743706
5654,1.3701173173743706
5655,1.3701173173743706
5656,1.3701173173743706
5657,1.3701173173743706
5658,1.3701173173743706
5659,1.3701173173743706
5660,1.3701173173743706
5661,1.3701173173743706
5662,1.3701173173743706
5663,1.3701173173743706
5664,1.3701173173743706
5665,1.3701173173743706
5666,1.3701173173743706
5667,1.3701173173743706
5668,1.3701173173743706
5669,1.3701173173743706
5670,1.3701173173743706
5671,1.3701173173743706
5672,1.3701173173743706
5673,1.3701173173743706
5674,1.3701173173743706
5675,1.3701173173743706
5676,1.3701173173743706
5677,1.3701173173743706
5678,1.3701173173743706
5679,1.3701173173743706
5680,1.3701173173743706
5681,1.3701173173743706
5682,1.3701173173743706
5683,1.3701173173743706
5684,1.3701173173743706
5685,1.3701173173743706
5686,1.3701173173743706
5687,1.3701173173743706
5688,1.3701173173743706
5689,1.3701173173743706
5690,1.3701173173743706
5691,1.3701173173743706
5692,1.3701173173743706
5693,1.3701173173743706
5694,1.3701173173743706
5695,1.3701173173743706
5696,1.3701173173743706
5697,1.3701173173743706
5698,1.3701173173743706
5699,1.3701173173743706
5700,1.3701173173743706
5701,1.3701173173743706
5702,1.3701173173743706
5703,1.3701173173743706
5704,1.3701173173743706
5705,1.3701173173743706
5706,1.3701173173743706
5707,1.3701173173743706
5708,1.3701173173743706
5709,1.3701173173743706
5710,1.3701173173743706
5711,1.3701173173743706
5712,1.3701173173743706
5713,1.3701173173743706
5714,1.3701173173743706
5715,1.3701173173743706
5716,1.3701173173743706
5717,1.3701173173743706
5718,1.3701173173743706
5719,1.3701173173743706
5720,1.3701173173743706
5721,1.3701173173743706
5722,1.3701173173743706
5723,1.3701173173743706
5724,1.3701173173743706
5725,1.3701173173743706
5726,1.3701173173743706
5727,1.3701173173743706
5728,1.3701173173743706
5729,1.3701173173743706
5730,1.3701173173743706
5731,1.3701173173743706
5732,1.3701173173743706
5733,1.3701173173743706
5734,1.3701173173743706
5735,1.3701173173743706
5736,1.3701173173743706
5737,1.3701173173743706
5738,1.3701173173743706
5739,1.3701173173743706
5740,1.3701173173743706
5741,1.3701173173743706
5742,1.3701173173743706
5743,1.3701173173743706
5744,1.3701173173743706
5745,1.3701173173743706
5746,1.3701173173743706
5747,1.3701173173743706
5748,1.3701173173743706
5749,1.3701173173743706
5750,1.3701173173743706
5751,1.3701173173743706
5752,1.3701173173743706
5753,1.3701173173743706
5754,1.3701173173743706
5755,1.3701173173743706
5756,1.3701173173743706
5757,1.3701173173743706
5758,1.3701173173743706
5759,1.3701173173743706
5760,1.3701173173743706
5761,1.3701173173743706
5762,1.3701173173743706
5763,1.3701173173743706
5764,1.3701173173743706
5765,1.3701173173743706
5766,1.3701173173743706
5767,1.3701173173743706
5768,1.3701173173743706
5769,1.3701173173743706
5770,1.3701173173743706
5771,1.3701173173743706
5772,1.3701173173743706
5773,1.3701173173743706
5774,1.3701173173743706
5775,1.3701173173743706
5776,1.3701173173743706
5777,1.3701173173743706
5778,1.3701173173743706
5779,1.3701173173743706
5780,1.3701173173743706
5781,1.3701173173743706
5782,1.3701173173743706
5783,1.3701173173743706
5784,1.3701173173743706
5785,1.3701173173743706
5786,1.3701173173743706
5787,1.3701173173743706
5788,1.3701173173743706
5789,1.3701173173743706
5790,1.3701173173743706
5791,1.3701173173743706
5792,1.3701173173743706
5793,1.3701173173743706
5794,1.3701173173743706
5795,1.3701173173743706
5796,1.3701173173743706
5797,1.3701173173743706
5798,1.3701173173743706
5799,1.3701173173743706
5800,1.3701173173743706
5801,1.3701173173743706
5802,1.3701173173743706
5803,1.3701173173743706
5804,1.3701173173743706
5805,1.3701173173743706
5806,1.3701173173743706
5807,1.3701173173743706
5808,1.3701173173743706
5809,1.3701173173743706
5810,1.3701173173743706
5811,1.3701173173743706
5812,1.3701173173743706
5813,1.3701173173743706
5814,1.3701173173743706
5815,1.3701173173743706
5816,1.3701173173743706
5817,1.3701173173743706
5818,1.3701173173743706
5819,1.3701173173743706
5820,1.3701173173743706
5821,1.3701173173743706
5822,1.3701173173743706
5823,1.3701173173743706
5824,1.3701173173743706
5825,1.3701173173743706
5826,1.3701173173743706
5827,1.3701173173743706
5828,1.3701173173743706
5829,1.3701173173743706
5830,1.3701173173743706
5831,1.3701173173743706
5832,1.3701173173743706
5833,1.3701173173743706
5834,1.3701173173743706
5835,1.3701173173743706
5836,1.3701173173743706
5837,1.3701173173743706
5838,1.3701173173743706
5839,1.3701173173743706
5840,1.3701173173743706
5841,1.3701173173743706
5842,1.3701173173743706
5843,1.3701173173743706
5844,1.3701173173743706
5845,1.3701173173743706
5846,1.3701173173743706
5847,1.3701173173743706
5848,1.3701173173743706
5849,1.3701173173743706
5850,1.3701173173743706
5851,1.3701173173743706
5852,1.3701173173743706
5853,1.3701173173743706
5854,1.3701173173743706
5855,1.3701173173743706
5856,1.3701173173743706
5857,1.3701173173743706
5858,1.3701173173743706
5859,1.3701173173743706
5860,1.3701173173743706
5861,1.3701173173743706
5862,1.3701173173743706
5863,1.3701173173743706
5864,1.3701173173743706
5865,1.3701173173743706
5866,1.3701173173743706
5867,1.3701173173743706
5868,1.3701173173743706
5869,1.3701173173743706
5870,1.3701173173743706
5871,1.3701173173743706
5872,1.3701173173743706
5873,1.3701173173743706
5874,1.3701173173743706
5875,1.3701173173743706
5876,1.3701173173743706
5877,1.3701173173743706
5878,1.3701173173743706
5879,1.3701173173743706
5880,1.3701173173743706
5881,1.3701173173743706
5882,1.3701173173743706
5883,1.3701173173743706
5884,1.3701173173743706
5885,1.3701173173743706
5886,1.3701173173743706
5887,1.3701173173743706
5888,1.3701173173743706
5889,1.3701173173743706
5890,1.3701173173743706
5891,1.3701173173743706
5892,1.3701173173743706
5893,1.3701173173743706
5894,1.3701173173743706
5895,1.3701173173743706
5896,1.3701173173743706
5897,1.3701173173743706
5898,1.3701173173743706
5899,1.3701173173743706
5900,1.3701173173743706
5901,1.3701173173743706
5902,1.3701173173743706
5903,1.3701173173743706
5904,1.3701173173743706
5905,1.3701173173743706
5906,1.3701173173743706
5907,1.3701173173743706
5908,1.3701173173743706
5909,1.3701173173743706
5910,1.3701173173743706
5911,1.3701173173743706
5912,1.3701173173743706
5913,1.3701173173743706
5914,1.3701173173743706
5915,1.3701173173743706
5916,1.3701173173743706
5917,1.3701173173743706
5918,1.3701173173743706
5919,1.3701173173743706
5920,1.3701173173743706
5921,1.3701173173743706
5922,1.3701173173743706
5923,1.3701173173743706
5924,1.3701173173743706
5925,1.3701173173743706
5926,1.3701173173743706
5927,1.3701173173743706
5928,1.3701173173743706
5929,1.3701173173743706
5930,1.3701173173743706
5931,1.3701173173743706
5932,1.3701173173743706
5933,1.3701173173743706
5934,1.3701173173743706
5935,1.3701173173743706
5936,1.3701173173743706
5937,1.3701173173743706
5938,1.3701173173743706
5939,1.3701173173743706
5940,1.3701173173743706
5941,1.3701173173743706
5942,1.3701173173743706
5943,1.3701173173743706
5944,1.3701173173743706
5945,1.3701173173743706
5946,1.3701173173743706
5947,1.3701173173743706
5948,1.3701173173743706
5949,1.3701173173743706
5950,1.3701173173743706
5951,1.3701173173743706
5952,1.3701173173743706
5953,1.3701173173743706
5954,1.3701173173743706
5955,1.3701173173743706
5956,1.3701173173743706
5957,1.3701173173743706
5958,1.3701173173743706
5959,1.3701173173743706
5960,1.3701173173743706
5961,1.3701173173743706
5962,1.3701173173743706
5963,1.3701173173743706
5964,1.3701173173743706
5965,1.3701173173743706
5966,1.3701173173743706
5967,1.3701173173743706
5968,1.3701173173743706
5969,1.3701173173743706
5970,1.3701173173743706
5971,1.3701173173743706
5972,1.3701173173743706
5973,1.3701173173743706
5974,1.3701173173743706
5975,1.3701173173743706
5976,1.3701173173743706
5977,1.3701173173743706
5978,1.3701173173743706
5979,1.3701173173743706
5980,1.3701173173743706
5981,1.3701173173743706
5982,1.3701173173743706
5983,1.3701173173743706
5984,1.3701173173743706
5985,1.3701173173743706
5986,1.3701173173743706
5987,1.3701173173743706
5988,1.3701173173743706
5989,1.3701173173743706
5990,1.3701173173743706
5991,1.3701173173743706
5992,1.3701173173743706
5993,1.3701173173743706
5994,1.3701173173743706
5995,1.3701173173743706
5996,1.3701173173743706
5997,1.3701173173743706
5998,1.3701173173743706
5999,1.3701173173743706
6000,1.3701173173743706
6001,1.3701173173743706
6002,1.3701173173743706
6003,1.3701173173743706
6004,1.3701173173743706
6005,1.3701173173743706
6006,1.3701173173743706
6007,1.3701173173743706
6008,1.3701173173743706
6009,1.3701173173743706
6010,1.3701173173743706
6011,1.3701173173743706
6012,1.3701173173743706
6013,1.3701173173743706
6014,1.3701173173743706
6015,1.3701173173743706
6016,1.3701173173743706
6017,1.3701173173743706
6018,1.3701173173743706
6019,1.3701173173743706
6020,1.3701173173743706
6021,1.3701173173743706
6022,1.3701173173743706
6023,1.3701173173743706
6024,1.3701173173743706
6025,1.3701173173743706
6026,1.3701173173743706
6027,1.3701173173743706
6028,1.3701173173743706
6029,1.3701173173743706
6030,1.3701173173743706
6031,1.3701173173743706
6032,1.3701173173743706
6033,1.3701173173743706
6034,1.3701173173743706
6035,1.3701173173743706
6036,1.3701173173743706
6037,1.3701173173743706
6038,1.3701173173743706
6039,1.3701173173743706
6040,1.3701173173743706
6041,1.3701173173743706
6042,1.3701173173743706
6043,1.3701173173743706
6044,1.3701173173743706
6045,1.3701173173743706
6046,1.3701173173743706
6047,1.3701173173743706
6048,1.3701173173743706
6049,1.3701173173743706
6050,1.3701173173743706
6051,1.3701173173743706
6052,1.3701173173743706
6053,1.3701173173743706
6054,1.3701173173743706
6055,1.3701173173743706
6056,1.3701173173743706
6057,1.3701173173743706
6058,1.3701173173743706
6059,1.3701173173743706
6060,1.3701173173743706
6061,1.3701173173743706
6062,1.3701173173743706
6063,1.3701173173743706
6064,1.3701173173743706
6065,1.3701173173743706
6066,1.3701173173743706
6067,1.3701173173743706
6068,1.3701173173743706
6069,1.3701173173743706
6070,1.3701173173743706
6071,1.3701173173743706
6072,1.3701173173743706
6073,1.3701173173743706
6074,1.3701173173743706
6075,1.3701173173743706
6076,1.3701173173743706
6077,1.3701173173743706
6078,1.3701173173743706
6079,1.3701173173743706
6080,1.3701173173743706
6081,1.3701173173743706
6082,1.3701173173743706
6083,1.3701173173743706
6084,1.3701173173743706
6085,1.3701173173743706
6086,1.3701173173743706
6087,1.3701173173743706
6088,1.3701173173743706
6089,1.3701173173743706
6090,1.3701173173743706
6091,1.3701173173743706
6092,1.3701173173743706
6093,1.3701173173743706
6094,1.3701173173743706
6095,1.3701173173743706
6096,1.3701173173743706
6097,1.3701173173743706
6098,1.3701173173743706
6099,1.3701173173743706
6100,1.3701173173743706
6101,1.3701173173743706
6102,1.3701173173743706
6103,1.3701173173743706
6104,1.3701173173743706
6105,1.3701173173743706
6106,1.3701173173743706
6107,1.3701173173743706
6108,1.3701173173743706
6109,1.3701173173743706
6110,1.3701173173743706
6111,1.3701173173743706
6112,1.3701173173743706
6113,1.3701173173743706
6114,1.3701173173743706
6115,1.3701173173743706
6116,1.3701173173743706
6117,1.3701173173743706
6118,1.3701173173743706
6119,1.3701173173743706
6120,1.3701173173743706
6121,1.3701173173743706
6122,1.3701173173743706
6123,1.3701173173743706
6124,1.3701173173743706
6125,1.3701173173743706
6126,1.3701173173743706
6127,1.3701173173743706
6128,1.3701173173743706
6129,1.3701173173743706
6130,1.3701173173743706
6131,1.3701173173743706
6132,1.3701173173743706
6133,1.3701173173743706
6134,1.3701173173743706
6135,1.3701173173743706
6136,1.3701173173743706
6137,1.3701173173743706
6138,1.3701173173743706
6139,1.3701173173743706
6140,1.3701173173743706
6141,1.3701173173743706
6142,1.3701173173743706
6143,1.3701173173743706
6144,1.3701173173743706
6145,1.3701173173743706
6146,1.3701173173743706
6147,1.3701173173743706
6148,1.3701173173743706
6149,1.3701173173743706
6150,1.3701173173743706
6151,1.3701173173743706
6152,1.3701173173743706
6153,1.3701173173743706
6154,1.3701173173743706
6155,1.3701173173743706
6156,1.3701173173743706
6157,1.3701173173743706
6158,1.3701173173743706
6159,1.3701173173743706
6160,1.3701173173743706
6161,1.3701173173743706
6162,1.3701173173743706
6163,1.3701173173743706
6164,1.3701173173743706
6165,1.3701173173743706
6166,1.3701173173743706
6167,1.3701173173743706
6168,1.3701173173743706
6169,1.3701173173743706
6170,1.3701173173743706
6171,1.3701173173743706
6172,1.3701173173743706
6173,1.3701173173743706
6174,1.3701173173743706
6175,1.3701173173743706
6176,1.3701173173743706
6177,1.3701173173743706
6178,1.3701173173743706
6179,1.3701173173743706
6180,1.3701173173743706
6181,1.3701173173743706
6182,1.3701173173743706
6183,1.3701173173743706
6184,1.3701173173743706
6185,1.3701173173743706
6186,1.3701173173743706
6187,1.3701173173743706
6188,1.3701173173743706
6189,1.3701173173743706
6190,1.3701173173743706
6191,1.3701173173743706
6192,1.3701173173743706
6193,1.3701173173743706
6194,1.3701173173743706
6195,1.3701173173743706
6196,1.3701173173743706
6197,1.3701173173743706
6198,1.3701173173743706
6199,1.3701173173743706
6200,1.3701173173743706
6201,1.3701173173743706
6202,1.3701173173743706
6203,1.3701173173743706
6204,1.3701173173743706
6205,1.3701173173743706
6206,1.3701173173743706
6207,1.3701173173743706
6208,1.3701173173743706
6209,1.3701173173743706
6210,1.3701173173743706
6211,1.3701173173743706
6212,1.3701173173743706
6213,1.3701173173743706
6214,1.3701173173743706
6215,1.3701173173743706
6216,1.3701173173743706
6217,1.3701173173743706
6218,1.3701173173743706
6219,1.3701173173743706
6220,1.3701173173743706
6221,1.3701173173743706
6222,1.3701173173743706
6223,1.3701173173743706
6224,1.3701173173743706
6225,1.3701173173743706
6226,1.3701173173743706
6227,1.3701173173743706
6228,1.3701173173743706
6229,1.3701173173743706
6230,1.3701173173743706
6231,1.3701173173743706
6232,1.3701173173743706
6233,1.3701173173743706
6234,1.3701173173743706
6235,1.3701173173743706
6236,1.3701173173743706
6237,1.3701173173743706
6238,1.3701173173743706
6239,1.3701173173743706
6240,1.3701173173743706
6241,1.3701173173743706
6242,1.3701173173743706
6243,1.3701173173743706
6244,1.3701173173743706
6245,1.3701173173743706
6246,1.3701173173743706
6247,1.3701173173743706
6248,1.3701173173743706
6249,1.3701173173743706
6250,1.3701173173743706
6251,1.3701173173743706
6252,1.3701173173743706
6253,1.3701173173743706
6254,1.3701173173743706
6255,1.3701173173743706
6256,1.3701173173743706
6257,1.3701173173743706
6258,1.3701173173743706
6259,1.3701173173743706
6260,1.3701173173743706
6261,1.3701173173743706
6262,1.3701173173743706
6263,1.3701173173743706
6264,1.3701173173743706
6265,1.3701173173743706
6266,1.3701173173743706
6267,1.3701173173743706
6268,1.3701173173743706
6269,1.3701173173743706
6270,1.3701173173743706
6271,1.3701173173743706
6272,1.3701173173743706
6273,1.3701173173743706
6274,1.3701173173743706
6275,1.3701173173743706
6276,1.3701173173743706
6277,1.3701173173743706
6278,1.3701173173743706
6279,1.3701173173743706
6280,1.3701173173743706
6281,1.3701173173743706
6282,1.3701173173743706
6283,1.3701173173743706
6284,1.3701173173743706
6285,1.3701173173743706
6286,1.3701173173743706
6287,1.3701173173743706
6288,1.3701173173743706
6289,1.3701173173743706
6290,1.3701173173743706
6291,1.3701173173743706
6292,1.3701173173743706
6293,1.3701173173743706
6294,1.3701173173743706
6295,1.3701173173743706
6296,1.3701173173743706
6297,1.3701173173743706
6298,1.3701173173743706
6299,1.3701173173743706
6300,1.3701173173743706
6301,1.3701173173743706
6302,1.3701173173743706
6303,1.3701173173743706
6304,1.3701173173743706
6305,1.3701173173743706
6306,1.3701173173743706
6307,1.3701173173743706
6308,1.3701173173743706
6309,1.3701173173743706
6310,1.3701173173743706
6311,1.3701173173743706
6312,1.3701173173743706
6313,1.3701173173743706
6314,1.3701173173743706
6315,1.3701173173743706
6316,1.3701173173743706
6317,1.3701173173743706
6318,1.3701173173743706
6319,1.3701173173743706
6320,1.3701173173743706
6321,1.3701173173743706
6322,1.3701173173743706
6323,1.3701173173743706
6324,1.3701173173743706
6325,1.3701173173743706
6326,1.3701173173743706
6327,1.3701173173743706
6328,1.3701173173743706
6329,1.3701173173743706
6330,1.3701173173743706
6331,1.3701173173743706
6332,1.3701173173743706
6333,1.3701173173743706
6334,1.3701173173743706
6335,1.3701173173743706
6336,1.3701173173743706
6337,1.3701173173743706
6338,1.3701173173743706
6339,1.3701173173743706
6340,1.3701173173743706
6341,1.3701173173743706
6342,1.3701173173743706
6343,1.3701173173743706
6344,1.3701173173743706
6345,1.3701173173743706
6346,1.3701173173743706
6347,1.3701173173743706
6348,1.3701173173743706
6349,1.3701173173743706
6350,1.3701173173743706
6351,1.3701173173743706
6352,1.3701173173743706
6353,1.3701173173743706
6354,1.3701173173743706
6355,1.3701173173743706
6356,1.3701173173743706
6357,1.3701173173743706
6358,1.3701173173743706
6359,1.3701173173743706
6360,1.3701173173743706
6361,1.3701173173743706
6362,1.3701173173743706
6363,1.3701173173743706
6364,1.3701173173743706
6365,1.3701173173743706
6366,1.3701173173743706
6367,1.3701173173743706
6368,1.3701173173743706
6369,1.3701173173743706
6370,1.3701173173743706
6371,1.3701173173743706
6372,1.3701173173743706
6373,1.3701173173743706
6374,1.3701173173743706
6375,1.3701173173743706
6376,1.3701173173743706
6377,1.3701173173743706
6378,1.3701173173743706
6379,1.3701173173743706
6380,1.3701173173743706
6381,1.3701173173743706
6382,1.3701173173743706
6383,1.3701173173743706
6384,1.3701173173743706
6385,1.3701173173743706
6386,1.3701173173743706
6387,1.3701173173743706
6388,1.3701173173743706
6389,1.3701173173743706
6390,1.3701173173743706
6391,1.3701173173743706
6392,1.3701173173743706
6393,1.3701173173743706
6394,1.3701173173743706
6395,1.3701173173743706
6396,1.3701173173743706
6397,1.3701173173743706
6398,1.3701173173743706
6399,1.3701173173743706
6400,1.3701173173743706
6401,1.3701173173743706
6402,1.3701173173743706
6403,1.3701173173743706
6404,1.3701173173743706
6405,1.3701173173743706
6406,1.3701173173743706
6407,1.3701173173743706
6408,1.3701173173743706
6409,1.3701173173743706
6410,1.3701173173743706
6411,1.3701173173743706
6412,1.3701173173743706
6413,1.3701173173743706
6414,1.3701173173743706
6415,1.3701173173743706
6416,1.3701173173743706
6417,1.3701173173743706
6418,1.3701173173743706
6419,1.3701173173743706
6420,1.3701173173743706
6421,1.3701173173743706
6422,1.3701173173743706
6423,1.3701173173743706
6424,1.3701173173743706
6425,1.3701173173743706
6426,1.3701173173743706
6427,1.3701173173743706
6428,1.3701173173743706
6429,1.3701173173743706
6430,1.3701173173743706
6431,1.3701173173743706
6432,1.3701173173743706
6433,1.3701173173743706
6434,1.3701173173743706
6435,1.3701173173743706
6436,1.3701173173743706
6437,1.3701173173743706
6438,1.3701173173743706
6439,1.3701173173743706
6440,1.3701173173743706
6441,1.3701173173743706
6442,1.3701173173743706
6443,1.3701173173743706
6444,1.3701173173743706
6445,1.3701173173743706
6446,1.3701173173743706
6447,1.3701173173743706
6448,1.3701173173743706
6449,1.3701173173743706
6450,1.3701173173743706
6451,1.3701173173743706
6452,1.3701173173743706
6453,1.3701173173743706
6454,1.3701173173743706
6455,1.3701173173743706
6456,1.3701173173743706
6457,1.3701173173743706
6458,1.3701173173743706
6459,1.3701173173743706
6460,1.3701173173743706
6461,1.3701173173743706
6462,1.3701173173743706
6463,1.3701173173743706
6464,1.3701173173743706
6465,1.3701173173743706
6466,1.3701173173743706
6467,1.3701173173743706
6468,1.3701173173743706
6469,1.3701173173743706
6470,1.3701173173743706
6471,1.3701173173743706
6472,1.3701173173743706
6473,1.3701173173743706
6474,1.3701173173743706
6475,1.3701173173743706
6476,1.3701173173743706
6477,1.3701173173743706
6478,1.3701173173743706
6479,1.3701173173743706
6480,1.3701173173743706
6481,1.3701173173743706
6482,1.3701173173743706
6483,1.3701173173743706
6484,1.3701173173743706
6485,1.3701173173743706
6486,1.3701173173743706
6487,1.3701173173743706
6488,1.3701173173743706
6489,1.3701173173743706
6490,1.3701173173743706
6491,1.3701173173743706
6492,1.3701173173743706
6493,1.3701173173743706
6494,1.3701173173743706
6495,1.3701173173743706
6496,1.3701173173743706
6497,1.3701173173743706
6498,1.3701173173743706
6499,1.3701173173743706
6500,1.3701173173743706
6501,1.3701173173743706
6502,1.3701173173743706
6503,1.3701173173743706
6504,1.3701173173743706
6505,1.3701173173743706
6506,1.3701173173743706
6507,1.3701173173743706
6508,1.3701173173743706
6509,1.3701173173743706
6510,1.3701173173743706
6511,1.3701173173743706
6512,1.3701173173743706
6513,1.3701173173743706
6514,1.3701173173743706
6515,1.3701173173743706
6516,1.3701173173743706
6517,1.3701173173743706
6518,1.3701173173743706
6519,1.3701173173743706
6520,1.3701173173743706
6521,1.3701173173743706
6522,1.3701173173743706
6523,1.3701173173743706
6524,1.3701173173743706
6525,1.3701173173743706
6526,1.3701173173743706
6527,1.3701173173743706
6528,1.3701173173743706
6529,1.3701173173743706
6530,1.3701173173743706
6531,1.3701173173743706
6532,1.3701173173743706
6533,1.3701173173743706
6534,1.3701173173743706
6535,1.3701173173743706
6536,1.3701173173743706
6537,1.3701173173743706
6538,1.3701173173743706
6539,1.3701173173743706
6540,1.3701173173743706
6541,1.3701173173743706
6542,1.3701173173743706
6543,1.3701173173743706
6544,1.3701173173743706
6545,1.3701173173743706
6546,1.3701173173743706
6547,1.3701173173743706
6548,1.3701173173743706
6549,1.3701173173743706
6550,1.3701173173743706
6551,1.3701173173743706
6552,1.3701173173743706
6553,1.3701173173743706
6554,1.3701173173743706
6555,1.3701173173743706
6556,1.3701173173743706
6557,1.3701173173743706
6558,1.3701173173743706
6559,1.3701173173743706
6560,1.3701173173743706
6561,1.3701173173743706
6562,1.3701173173743706
6563,1.3701173173743706
6564,1.3701173173743706
6565,1.3701173173743706
6566,1.3701173173743706
6567,1.3701173173743706
6568,1.3701173173743706
6569,1.3701173173743706
6570,1.3701173173743706
6571,1.3701173173743706
6572,1.3701173173743706
6573,1.3701173173743706
6574,1.3701173173743706
6575,1.3701173173743706
6576,1.3701173173743706
6577,1.3701173173743706
6578,1.3701173173743706
6579,1.3701173173743706
6580,1.3701173173743706
6581,1.3701173173743706
6582,1.3701173173743706
6583,1.3701173173743706
6584,1.3701173173743706
6585,1.3701173173743706
6586,1.3701173173743706
6587,1.3701173173743706
6588,1.3701173173743706
6589,1.3701173173743706
6590,1.3701173173743706
6591,1.3701173173743706
6592,1.3701173173743706
6593,1.3701173173743706
6594,1.3701173173743706
6595,1.3701173173743706
6596,1.3701173173743706
6597,1.3701173173743706
6598,1.3701173173743706
6599,1.3701173173743706
6600,1.3701173173743706
6601,1.3701173173743706
6602,1.3701173173743706
6603,1.3701173173743706
6604,1.3701173173743706
6605,1.3701173173743706
6606,1.3701173173743706
6607,1.3701173173743706
6608,1.3701173173743706
6609,1.3701173173743706
6610,1.3701173173743706
6611,1.3701173173743706
6612,1.3701173173743706
6613,1.3701173173743706
6614,1.3701173173743706
6615,1.3701173173743706
6616,1.3701173173743706
6617,1.3701173173743706
6618,1.3701173173743706
6619,1.3701173173743706
6620,1.3701173173743706
6621,1.3701173173743706
6622,1.3701173173743706
6623,1.3701173173743706
6624,1.3701173173743706
6625,1.3701173173743706
6626,1.3701173173743706
6627,1.3701173173743706
6628,1.3701173173743706
6629,1.3701173173743706
6630,1.3701173173743706
6631,1.3701173173743706
6632,1.3701173173743706
6633,1.3701173173743706
6634,1.3701173173743706
6635,1.3701173173743706
6636,1.3701173173743706
6637,1.3701173173743706
6638,1.3701173173743706
6639,1.3701173173743706
6640,1.3701173173743706
6641,1.3701173173743706
6642,1.3701173173743706
6643,1.3701173173743706
6644,1.3701173173743706
6645,1.3701173173743706
6646,1.3701173173743706
6647,1.3701173173743706
6648,1.3701173173743706
6649,1.3701173173743706
6650,1.3701173173743706
6651,1.3701173173743706
6652,1.3701173173743706
6653,1.3701173173743706
6654,1.3701173173743706
6655,1.3701173173743706
6656,1.3701173173743706
6657,1.3701173173743706
6658,1.3701173173743706
6659,1.3701173173743706
6660,1.3701173173743706
6661,1.3701173173743706
6662,1.3701173173743706
6663,1.3701173173743706
6664,1.3701173173743706
6665,1.3701173173743706
6666,1.3701173173743706
6667,1.3701173173743706
6668,1.3701173173743706
6669,1.3701173173743706
6670,1.3701173173743706
6671,1.3701173173743706
6672,1.3701173173743706
6673,1.3701173173743706
6674,1.3701173173743706
6675,1.3701173173743706
6676,1.3701173173743706
6677,1.3701173173743706
6678,1.3701173173743706
6679,1.3701173173743706
6680,1.3701173173743706
6681,1.3701173173743706
6682,1.3701173173743706
6683,1.3701173173743706
6684,1.3701173173743706
6685,1.3701173173743706
6686,1.3701173173743706
6687,1.3701173173743706
6688,1.3701173173743706
6689,1.3701173173743706
6690,1.3701173173743706
6691,1.3701173173743706
6692,1.3701173173743706
6693,1.3701173173743706
6694,1.3701173173743706
6695,1.3701173173743706
6696,1.3701173173743706
6697,1.3701173173743706
6698,1.3701173173743706
6699,1.3701173173743706
6700,1.3701173173743706
6701,1.3701173173743706
6702,1.3701173173743706
6703,1.3701173173743706
6704,1.3701173173743706
6705,1.3701173173743706
6706,1.3701173173743706
6707,1.3701173173743706
6708,1.3701173173743706
6709,1.3701173173743706
6710,1.3701173173743706
6711,1.3701173173743706
6712,1.3701173173743706
6713,1.3701173173743706
6714,1.3701173173743706
6715,1.3701173173743706
6716,1.3701173173743706
6717,1.3701173173743706
6718,1.3701173173743706
6719,1.3701173173743706
6720,1.3701173173743706
6721,1.3701173173743706
6722,1.3701173173743706
6723,1.3701173173743706
6724,1.3701173173743706
6725,1.3701173173743706
6726,1.3701173173743706
6727,1.3701173173743706
6728,1.3701173173743706
6729,1.3701173173743706
6730,1.3701173173743706
6731,1.3701173173743706
6732,1.3701173173743706
6733,1.3701173173743706
6734,1.3701173173743706
6735,1.3701173173743706
6736,1.3701173173743706
6737,1.3701173173743706
6738,1.3701173173743706
6739,1.3701173173743706
6740,1.3701173173743706
6741,1.3701173173743706
6742,1.3701173173743706
6743,1.3701173173743706
6744,1.3701173173743706
6745,1.3701173173743706
6746,1.3701173173743706
6747,1.3701173173743706
6748,1.3701173173743706
6749,1.3701173173743706
6750,1.3701173173743706
6751,1.3701173173743706
6752,1.3701173173743706
6753,1.3701173173743706
6754,1.3701173173743706
6755,1.3701173173743706
6756,1.3701173173743706
6757,1.3701173173743706
6758,1.3701173173743706
6759,1.3701173173743706
6760,1.3701173173743706
6761,1.3701173173743706
6762,1.3701173173743706
6763,1.3701173173743706
6764,1.3701173173743706
6765,1.3701173173743706
6766,1.3701173173743706
6767,1.3701173173743706
6768,1.3701173173743706
6769,1.3701173173743706
6770,1.3701173173743706
6771,1.3701173173743706
6772,1.3701173173743706
6773,1.3701173173743706
6774,1.3701173173743706
6775,1.3701173173743706
6776,1.3701173173743706
6777,1.3701173173743706
6778,1.3701173173743706
6779,1.3701173173743706
6780,1.3701173173743706
6781,1.3701173173743706
6782,1.3701173173743706
6783,1.3701173173743706
6784,1.3701173173743706
6785,1.3701173173743706
6786,1.3701173173743706
6787,1.3701173173743706
6788,1.3701173173743706
6789,1.3701173173743706
6790,1.3701173173743706
6791,1.3701173173743706
6792,1.3701173173743706
6793,1.3701173173743706
6794,1.3701173173743706
6795,1.3701173173743706
6796,1.3701173173743706
6797,1.3701173173743706
6798,1.3701173173743706
6799,1.3701173173743706
6800,1.3701173173743706
6801,1.3701173173743706
6802,1.3701173173743706
6803,1.3701173173743706
6804,1.3701173173743706
6805,1.3701173173743706
6806,1.3701173173743706
6807,1.3701173173743706
6808,1.3701173173743706
6809,1.3701173173743706
6810,1.3701173173743706
6811,1.3701173173743706
6812,1.3701173173743706
6813,1.3701173173743706
6814,1.3701173173743706
6815,1.3701173173743706
6816,1.3701173173743706
6817,1.3701173173743706
6818,1.3701173173743706
6819,1.3701173173743706
6820,1.3701173173743706
6821,1.3701173173743706
6822,1.3701173173743706
6823,1.3701173173743706
6824,1.3701173173743706
6825,1.3701173173743706
6826,1.3701173173743706
6827,1.3701173173743706
6828,1.3701173173743706
6829,1.3701173173743706
6830,1.3701173173743706
6831,1.3701173173743706
6832,1.3701173173743706
6833,1.3701173173743706
6834,1.3701173173743706
6835,1.3701173173743706
6836,1.3701173173743706
6837,1.3701173173743706
6838,1.3701173173743706
6839,1.3701173173743706
6840,1.3701173173743706
6841,1.3701173173743706
6842,1.3701173173743706
6843,1.3701173173743706
6844,1.3701173173743706
6845,1.3701173173743706
6846,1.3701173173743706
6847,1.3701173173743706
6848,1.3701173173743706
6849,1.3701173173743706
6850,1.3701173173743706
6851,1.3701173173743706
6852,1.3701173173743706
6853,1.3701173173743706
6854,1.3701173173743706
6855,1.3701173173743706
6856,1.3701173173743706
6857,1.3701173173743706
6858,1.3701173173743706
6859,1.3701173173743706
6860,1.3701173173743706
6861,1.3701173173743706
6862,1.3701173173743706
6863,1.3701173173743706
6864,1.3701173173743706
6865,1.3701173173743706
6866,1.3701173173743706
6867,1.3701173173743706
6868,1.3701173173743706
6869,1.3701173173743706
6870,1.3701173173743706
6871,1.3701173173743706
6872,1.3701173173743706
6873,1.3701173173743706
6874,1.3701173173743706
6875,1.3701173173743706
6876,1.3701173173743706
6877,1.3701173173743706
6878,1.3701173173743706
6879,1.3701173173743706
6880,1.3701173173743706
6881,1.3701173173743706
6882,1.3701173173743706
6883,1.3701173173743706
6884,1.3701173173743706
6885,1.3701173173743706
6886,1.3701173173743706
6887,1.3701173173743706
6888,1.3701173173743706
6889,1.3701173173743706
6890,1.3701173173743706
6891,1.3701173173743706
6892,1.3701173173743706
6893,1.3701173173743706
6894,1.3701173173743706
6895,1.3701173173743706
6896,1.3701173173743706
6897,1.3701173173743706
6898,1.3701173173743706
6899,1.3701173173743706
6900,1.3701173173743706
6901,1.3701173173743706
6902,1.3701173173743706
6903,1.3701173173743706
6904,1.3701173173743706
6905,1.3701173173743706
6906,1.3701173173743706
6907,1.3701173173743706
6908,1.3701173173743706
6909,1.3701173173743706
6910,1.3701173173743706
6911,1.3701173173743706
6912,1.3701173173743706
6913,1.3701173173743706
6914,1.3701173173743706
6915,1.3701173173743706
6916,1.3701173173743706
6917,1.3701173173743706
6918,1.3701173173743706
6919,1.3701173173743706
6920,1.3701173173743706
6921,1.3701173173743706
6922,1.3701173173743706
6923,1.3701173173743706
6924,1.3701173173743706
6925,1.3701173173743706
6926,1.3701173173743706
6927,1.3701173173743706
6928,1.3701173173743706
6929,1.3701173173743706
6930,1.3701173173743706
6931,1.3701173173743706
6932,1.3701173173743706
6933,1.3701173173743706
6934,1.3701173173743706
6935,1.3701173173743706
6936,1.3701173173743706
6937,1.3701173173743706
6938,1.3701173173743706
6939,1.3701173173743706
6940,1.3701173173743706
6941,1.3701173173743706
6942,1.3701173173743706
6943,1.3701173173743706
6944,1.3701173173743706
6945,1.3701173173743706
6946,1.3701173173743706
6947,1.3701173173743706
6948,1.3701173173743706
6949,1.3701173173743706
6950,1.3701173173743706
6951,1.3701173173743706
6952,1.3701173173743706
6953,1.3701173173743706
6954,1.3701173173743706
6955,1.3701173173743706
6956,1.3701173173743706
6957,1.3701173173743706
6958,1.3701173173743706
6959,1.3701173173743706
6960,1.3701173173743706
6961,1.3701173173743706
6962,1.3701173173743706
6963,1.3701173173743706
6964,1.3701173173743706
6965,1.3701173173743706
6966,1.3701173173743706
6967,1.3701173173743706
6968,1.3701173173743706
6969,1.3701173173743706
6970,1.3701173173743706
6971,1.3701173173743706
6972,1.3701173173743706
6973,1.3701173173743706
6974,1.3701173173743706
6975,1.3701173173743706
6976,1.3701173173743706
6977,1.3701173173743706
6978,1.3701173173743706
6979,1.3701173173743706
6980,1.3701173173743706
6981,1.3701173173743706
6982,1.3701173173743706
6983,1.3701173173743706
6984,1.3701173173743706
6985,1.3701173173743706
6986,1.3701173173743706
6987,1.3701173173743706
6988,1.3701173173743706
6989,1.3701173173743706
6990,1.3701173173743706
6991,1.3701173173743706
6992,1.3701173173743706
6993,1.3701173173743706
6994,1.3701173173743706
6995,1.3701173173743706
6996,1.3701173173743706
6997,1.3701173173743706
6998,1.3701173173743706
6999,1.3701173173743706
7000,1.3701173173743706
7001,1.3701173173743706
7002,1.3701173173743706
7003,1.3701173173743706
7004,1.3701173173743706
7005,1.3701173173743706
7006,1.3701173173743706
7007,1.3701173173743706
7008,1.3701173173743706
7009,1.3701173173743706
7010,1.3701173173743706
7011,1.3701173173743706
7012,1.3701173173743706
7013,1.3701173173743706
7014,1.3701173173743706
7015,1.3701173173743706
7016,1.3701173173743706
7017,1.3701173173743706
7018,1.3701173173743706
7019,1.3701173173743706
7020,1.3701173173743706
7021,1.3701173173743706
7022,1.3701173173743706
7023,1.3701173173743706
7024,1.3701173173743706
7025,1.3701173173743706
7026,1.3701173173743706
7027,1.3701173173743706
7028,1.3701173173743706
7029,1.3701173173743706
7030,1.3701173173743706
7031,1.3701173173743706
7032,1.3701173173743706
7033,1.3701173173743706
7034,1.3701173173743706
7035,1.3701173173743706
7036,1.3701173173743706
7037,1.3701173173743706
7038,1.3701173173743706
7039,1.3701173173743706
7040,1.3701173173743706
7041,1.3701173173743706
7042,1.3701173173743706
7043,1.3701173173743706
7044,1.3701173173743706
7045,1.3701173173743706
7046,1.3701173173743706
7047,1.3701173173743706
7048,1.3701173173743706
7049,1.3701173173743706
7050,1.3701173173743706
7051,1.3701173173743706
7052,1.3701173173743706
7053,1.3701173173743706
7054,1.3701173173743706
7055,1.3701173173743706
7056,1.3701173173743706
7057,1.3701173173743706
7058,1.3701173173743706
7059,1.3701173173743706
7060,1.3701173173743706
7061,1.3701173173743706
7062,1.3701173173743706
7063,1.3701173173743706
7064,1.3701173173743706
7065,1.3701173173743706
7066,1.3701173173743706
7067,1.3701173173743706
7068,1.3701173173743706
7069,1.3701173173743706
7070,1.3701173173743706
7071,1.3701173173743706
7072,1.3701173173743706
7073,1.3701173173743706
7074,1.3701173173743706
7075,1.3701173173743706
7076,1.3701173173743706
7077,1.3701173173743706
7078,1.3701173173743706
7079,1.3701173173743706
7080,1.3701173173743706
7081,1.3701173173743706
7082,1.3701173173743706
7083,1.3701173173743706
7084,1.3701173173743706
7085,1.3701173173743706
7086,1.3701173173743706
7087,1.3701173173743706
7088,1.3701173173743706
7089,1.3701173173743706
7090,1.3701173173743706
7091,1.3701173173743706
7092,1.3701173173743706
7093,1.3701173173743706
7094,1.3701173173743706
7095,1.3701173173743706
7096,1.3701173173743706
7097,1.3701173173743706
7098,1.3701173173743706
7099,1.3701173173743706
7100,1.3701173173743706
7101,1.3701173173743706
7102,1.3701173173743706
7103,1.3701173173743706
7104,1.3701173173743706
7105,1.3701173173743706
7106,1.3701173173743706
7107,1.3701173173743706
7108,1.3701173173743706
7109,1.3701173173743706
7110,1.3701173173743706
7111,1.3701173173743706
7112,1.3701173173743706
7113,1.3701173173743706
7114,1.3701173173743706
7115,1.3701173173743706
7116,1.3701173173743706
7117,1.3701173173743706
7118,1.3701173173743706
7119,1.3701173173743706
7120,1.3701173173743706
7121,1.3701173173743706
7122,1.3701173173743706
7123,1.3701173173743706
7124,1.3701173173743706
7125,1.3701173173743706
7126,1.3701173173743706
7127,1.3701173173743706
7128,1.3701173173743706
7129,1.3701173173743706
7130,1.3701173173743706
7131,1.3701173173743706
7132,1.3701173173743706
7133,1.3701173173743706
7134,1.3701173173743706
7135,1.3701173173743706
7136,1.3701173173743706
7137,1.3701173173743706
7138,1.3701173173743706
7139,1.3701173173743706
7140,1.3701173173743706
7141,1.3701173173743706
7142,1.3701173173743706
7143,1.3701173173743706
7144,1.3701173173743706
7145,1.3701173173743706
7146,1.3701173173743706
7147,1.3701173173743706
7148,1.3701173173743706
7149,1.3701173173743706
7150,1.3701173173743706
7151,1.3701173173743706
7152,1.3701173173743706
7153,1.3701173173743706
7154,1.3701173173743706
7155,1.3701173173743706
7156,1.3701173173743706
7157,1.3701173173743706
7158,1.3701173173743706
7159,1.3701173173743706
7160,1.3701173173743706
7161,1.3701173173743706
7162,1.3701173173743706
7163,1.3701173173743706
7164,1.3701173173743706
7165,1.3701173173743706
7166,1.3701173173743706
7167,1.3701173173743706
7168,1.3701173173743706
7169,1.3701173173743706
7170,1.3701173173743706
7171,1.3701173173743706
7172,1.3701173173743706
7173,1.3701173173743706
7174,1.3701173173743706
7175,1.3701173173743706
7176,1.3701173173743706
7177,1.3701173173743706
7178,1.3701173173743706
7179,1.3701173173743706
7180,1.3701173173743706
7181,1.3701173173743706
7182,1.3701173173743706
7183,1.3701173173743706
7184,1.3701173173743706
7185,1.3701173173743706
7186,1.3701173173743706
7187,1.3701173173743706
7188,1.3701173173743706
7189,1.3701173173743706
7190,1.3701173173743706
7191,1.3701173173743706
7192,1.3701173173743706
7193,1.3701173173743706
7194,1.3701173173743706
7195,1.3701173173743706
7196,1.3701173173743706
7197,1.3701173173743706
7198,1.3701173173743706
7199,1.3701173173743706
7200,1.3701173173743706
7201,1.3701173173743706
7202,1.3701173173743706
7203,1.3701173173743706
7204,1.3701173173743706
7205,1.3701173173743706
7206,1.3701173173743706
7207,1.3701173173743706
7208,1.3701173173743706
7209,1.3701173173743706
7210,1.3701173173743706
7211,1.3701173173743706
7212,1.3701173173743706
7213,1.3701173173743706
7214,1.3701173173743706
7215,1.3701173173743706
7216,1.3701173173743706
7217,1.3701173173743706
7218,1.3701173173743706
7219,1.3701173173743706
7220,1.3701173173743706
7221,1.3701173173743706
7222,1.3701173173743706
7223,1.3701173173743706
7224,1.3701173173743706
7225,1.3701173173743706
7226,1.3701173173743706
7227,1.3701173173743706
7228,1.3701173173743706
7229,1.3701173173743706
7230,1.3701173173743706
7231,1.3701173173743706
7232,1.3701173173743706
7233,1.3701173173743706
7234,1.3701173173743706
7235,1.3701173173743706
7236,1.3701173173743706
7237,1.3701173173743706
7238,1.3701173173743706
7239,1.3701173173743706
7240,1.3701173173743706
7241,1.3701173173743706
7242,1.3701173173743706
7243,1.3701173173743706
7244,1.3701173173743706
7245,1.3701173173743706
7246,1.3701173173743706
7247,1.3701173173743706
7248,1.3701173173743706
7249,1.3701173173743706
7250,1.3701173173743706
7251,1.3701173173743706
7252,1.3701173173743706
7253,1.3701173173743706
7254,1.3701173173743706
7255,1.3701173173743706
7256,1.3701173173743706
7257,1.3701173173743706
7258,1.3701173173743706
7259,1.3701173173743706
7260,1.3701173173743706
7261,1.3701173173743706
7262,1.3701173173743706
7263,1.3701173173743706
7264,1.3701173173743706
7265,1.3701173173743706
7266,1.3701173173743706
7267,1.3701173173743706
7268,1.3701173173743706
7269,1.3701173173743706
7270,1.3701173173743706
7271,1.3701173173743706
7272,1.3701173173743706
7273,1.3701173173743706
7274,1.3701173173743706
7275,1.3701173173743706
7276,1.3701173173743706
7277,1.3701173173743706
7278,1.3701173173743706
7279,1.3701173173743706
7280,1.3701173173743706
7281,1.3701173173743706
7282,1.3701173173743706
7283,1.3701173173743706
7284,1.3701173173743706
7285,1.3701173173743706
7286,1.3701173173743706
7287,1.3701173173743706
7288,1.3701173173743706
7289,1.3701173173743706
7290,1.3701173173743706
7291,1.3701173173743706
7292,1.3701173173743706
7293,1.3701173173743706
7294,1.3701173173743706
7295,1.3701173173743706
7296,1.3701173173743706
7297,1.3701173173743706
7298,1.3701173173743706
7299,1.3701173173743706
7300,1.3701173173743706
7301,1.3701173173743706
7302,1.3701173173743706
7303,1.3701173173743706
7304,1.3701173173743706
7305,1.3701173173743706
7306,1.3701173173743706
7307,1.3701173173743706
7308,1.3701173173743706
7309,1.3701173173743706
7310,1.3701173173743706
7311,1.3701173173743706
7312,1.3701173173743706
7313,1.3701173173743706
7314,1.3701173173743706
7315,1.3701173173743706
7316,1.3701173173743706
7317,1.3701173173743706
7318,1.3701173173743706
7319,1.3701173173743706
7320,1.3701173173743706
7321,1.3701173173743706
7322,1.3701173173743706
7323,1.3701173173743706
7324,1.3701173173743706
7325,1.3701173173743706
7326,1.3701173173743706
7327,1.3701173173743706
7328,1.3701173173743706
7329,1.3701173173743706
7330,1.3701173173743706
7331,1.3701173173743706
7332,1.3701173173743706
7333,1.3701173173743706
7334,1.3701173173743706
7335,1.3701173173743706
7336,1.3701173173743706
7337,1.3701173173743706
7338,1.3701173173743706
7339,1.3701173173743706
7340,1.3701173173743706
7341,1.3701173173743706
7342,1.3701173173743706
7343,1.3701173173743706
7344,1.3701173173743706
7345,1.3701173173743706
7346,1.3701173173743706
7347,1.3701173173743706
7348,1.3701173173743706
7349,1.3701173173743706
7350,1.3701173173743706
7351,1.3701173173743706
7352,1.3701173173743706
7353,1.3701173173743706
7354,1.3701173173743706
7355,1.3701173173743706
7356,1.3701173173743706
7357,1.3701173173743706
7358,1.3701173173743706
7359,1.3701173173743706
7360,1.3701173173743706
7361,1.3701173173743706
7362,1.3701173173743706
7363,1.3701173173743706
7364,1.3701173173743706
7365,1.3701173173743706
7366,1.3701173173743706
7367,1.3701173173743706
7368,1.3701173173743706
7369,1.3701173173743706
7370,1.3701173173743706
7371,1.3701173173743706
7372,1.3701173173743706
7373,1.3701173173743706
7374,1.3701173173743706
7375,1.3701173173743706
7376,1.3701173173743706
7377,1.3701173173743706
7378,1.3701173173743706
7379,1.3701173173743706
7380,1.3701173173743706
7381,1.3701173173743706
7382,1.3701173173743706
7383,1.3701173173743706
7384,1.3701173173743706
7385,1.3701173173743706
7386,1.3701173173743706
7387,1.3701173173743706
7388,1.3701173173743706
7389,1.3701173173743706
7390,1.3701173173743706
7391,1.3701173173743706
7392,1.3701173173743706
7393,1.3701173173743706
7394,1.3701173173743706
7395,1.3701173173743706
7396,1.3701173173743706
7397,1.3701173173743706
7398,1.3701173173743706
7399,1.3701173173743706
7400,1.3701173173743706
7401,1.3701173173743706
7402,1.3701173173743706
7403,1.3701173173743706
7404,1.3701173173743706
7405,1.3701173173743706
7406,1.3701173173743706
7407,1.3701173173743706
7408,1.3701173173743706
7409,1.3701173173743706
7410,1.3701173173743706
7411,1.3701173173743706
7412,1.3701173173743706
7413,1.3701173173743706
7414,1.3701173173743706
7415,1.3701173173743706
7416,1.3701173173743706
7417,1.3701173173743706
7418,1.3701173173743706
7419,1.3701173173743706
7420,1.3701173173743706
7421,1.3701173173743706
7422,1.3701173173743706
7423,1.3701173173743706
7424,1.3701173173743706
7425,1.3701173173743706
7426,1.3701173173743706
7427,1.3701173173743706
7428,1.3701173173743706
7429,1.3701173173743706
7430,1.3701173173743706
7431,1.3701173173743706
7432,1.3701173173743706
7433,1.3701173173743706
7434,1.3701173173743706
7435,1.3701173173743706
7436,1.3701173173743706
7437,1.3701173173743706
7438,1.3701173173743706
7439,1.3701173173743706
7440,1.3701173173743706
7441,1.3701173173743706
7442,1.3701173173743706
7443,1.3701173173743706
7444,1.3701173173743706
7445,1.3701173173743706
7446,1.3701173173743706
7447,1.3701173173743706
7448,1.3701173173743706
7449,1.3701173173743706
7450,1.3701173173743706
7451,1.3701173173743706
7452,1.3701173173743706
7453,1.3701173173743706
7454,1.3701173173743706
7455,1.3701173173743706
7456,1.3701173173743706
7457,1.3701173173743706
7458,1.3701173173743706
7459,1.3701173173743706
7460,1.3701173173743706
7461,1.3701173173743706
7462,1.3701173173743706
7463,1.3701173173743706
7464,1.3701173173743706
7465,1.3701173173743706
7466,1.3701173173743706
7467,1.3701173173743706
7468,1.3701173173743706
7469,1.3701173173743706
7470,1.3701173173743706
7471,1.3701173173743706
7472,1.3701173173743706
7473,1.3701173173743706
7474,1.3701173173743706
7475,1.3701173173743706
7476,1.3701173173743706
7477,1.3701173173743706
7478,1.3701173173743706
7479,1.3701173173743706
7480,1.3701173173743706
7481,1.3701173173743706
7482,1.3701173173743706
7483,1.3701173173743706
7484,1.3701173173743706
7485,1.3701173173743706
7486,1.3701173173743706
7487,1.3701173173743706
7488,1.3701173173743706
7489,1.3701173173743706
7490,1.3701173173743706
7491,1.3701173173743706
7492,1.3701173173743706
7493,1.3701173173743706
7494,1.3701173173743706
7495,1.3701173173743706
7496,1.3701173173743706
7497,1.3701173173743706
7498,1.3701173173743706
7499,1.3701173173743706
7500,1.3701173173743706
7501,1.3701173173743706
7502,1.3701173173743706
7503,1.3701173173743706
7504,1.3701173173743706
7505,1.3701173173743706
7506,1.3701173173743706
7507,1.3701173173743706
7508,1.3701173173743706
7509,1.3701173173743706
7510,1.3701173173743706
7511,1.3701173173743706
7512,1.3701173173743706
7513,1.3701173173743706
7514,1.3701173173743706
7515,1.3701173173743706
7516,1.3701173173743706
7517,1.3701173173743706
7518,1.3701173173743706
7519,1.3701173173743706
7520,1.3701173173743706
7521,1.3701173173743706
7522,1.3701173173743706
7523,1.3701173173743706
7524,1.3701173173743706
7525,1.3701173173743706
7526,1.3701173173743706
7527,1.3701173173743706
7528,1.3701173173743706
7529,1.3701173173743706
7530,1.3701173173743706
7531,1.3701173173743706
7532,1.3701173173743706
7533,1.3701173173743706
7534,1.3701173173743706
7535,1.3701173173743706
7536,1.3701173173743706
7537,1.3701173173743706
7538,1.3701173173743706
7539,1.3701173173743706
7540,1.3701173173743706
7541,1.3701173173743706
7542,1.3701173173743706
7543,1.3701173173743706
7544,1.3701173173743706
7545,1.3701173173743706
7546,1.3701173173743706
7547,1.3701173173743706
7548,1.3701173173743706
7549,1.3701173173743706
7550,1.3701173173743706
7551,1.3701173173743706
7552,1.3701173173743706
7553,1.3701173173743706
7554,1.3701173173743706
7555,1.3701173173743706
7556,1.3701173173743706
7557,1.3701173173743706
7558,1.3701173173743706
7559,1.3701173173743706
7560,1.3701173173743706
7561,1.3701173173743706
7562,1.3701173173743706
7563,1.3701173173743706
7564,1.3701173173743706
7565,1.3701173173743706
7566,1.3701173173743706
7567,1.3701173173743706
7568,1.3701173173743706
7569,1.3701173173743706
7570,1.3701173173743706
7571,1.3701173173743706
7572,1.3701173173743706
7573,1.3701173173743706
7574,1.3701173173743706
7575,1.3701173173743706
7576,1.3701173173743706
7577,1.3701173173743706
7578,1.3701173173743706
7579,1.3701173173743706
7580,1.3701173173743706
7581,1.3701173173743706
7582,1.3701173173743706
7583,1.3701173173743706
7584,1.3701173173743706
7585,1.3701173173743706
7586,1.3701173173743706
7587,1.3701173173743706
7588,1.3701173173743706
7589,1.3701173173743706
7590,1.3701173173743706
7591,1.3701173173743706
7592,1.3701173173743706
7593,1.3701173173743706
7594,1.3701173173743706
7595,1.3701173173743706
7596,1.3701173173743706
7597,1.3701173173743706
7598,1.3701173173743706
7599,1.3701173173743706
7600,1.3701173173743706
7601,1.3701173173743706
7602,1.3701173173743706
7603,1.3701173173743706
7604,1.3701173173743706
7605,1.3701173173743706
7606,1.3701173173743706
7607,1.3701173173743706
7608,1.3701173173743706
7609,1.3701173173743706
7610,1.3701173173743706
7611,1.3701173173743706
7612,1.3701173173743706
7613,1.3701173173743706
7614,1.3701173173743706
7615,1.3701173173743706
7616,1.3701173173743706
7617,1.3701173173743706
7618,1.3701173173743706
7619,1.3701173173743706
7620,1.3701173173743706
7621,1.3701173173743706
7622,1.3701173173743706
7623,1.3701173173743706
7624,1.3701173173743706
7625,1.3701173173743706
7626,1.3701173173743706
7627,1.3701173173743706
7628,1.3701173173743706
7629,1.3701173173743706
7630,1.3701173173743706
7631,1.3701173173743706
7632,1.3701173173743706
7633,1.3701173173743706
7634,1.3701173173743706
7635,1.3701173173743706
7636,1.3701173173743706
7637,1.3701173173743706
7638,1.3701173173743706
7639,1.3701173173743706
7640,1.3701173173743706
7641,1.3701173173743706
7642,1.3701173173743706
7643,1.3701173173743706
7644,1.3701173173743706
7645,1.3701173173743706
7646,1.3701173173743706
7647,1.3701173173743706
7648,1.3701173173743706
7649,1.3701173173743706
7650,1.3701173173743706
7651,1.3701173173743706
7652,1.3701173173743706
7653,1.3701173173743706
7654,1.3701173173743706
7655,1.3701173173743706
7656,1.3701173173743706
7657,1.3701173173743706
7658,1.3701173173743706
7659,1.3701173173743706
7660,1.3701173173743706
7661,1.3701173173743706
7662,1.3701173173743706
7663,1.3701173173743706
7664,1.3701173173743706
7665,1.3701173173743706
7666,1.3701173173743706
7667,1.3701173173743706
7668,1.3701173173743706
7669,1.3701173173743706
7670,1.3701173173743706
7671,1.3701173173743706
7672,1.3701173173743706
7673,1.3701173173743706
7674,1.3701173173743706
7675,1.3701173173743706
7676,1.3701173173743706
7677,1.3701173173743706
7678,1.3701173173743706
7679,1.3701173173743706
7680,1.3701173173743706
7681,1.3701173173743706
7682,1.3701173173743706
7683,1.3701173173743706
7684,1.3701173173743706
7685,1.3701173173743706
7686,1.3701173173743706
7687,1.3701173173743706
7688,1.3701173173743706
7689,1.3701173173743706
7690,1.3701173173743706
7691,1.3701173173743706
7692,1.3701173173743706
7693,1.3701173173743706
7694,1.3701173173743706
7695,1.3701173173743706
7696,1.3701173173743706
7697,1.3701173173743706
7698,1.3701173173743706
7699,1.3701173173743706
7700,1.3701173173743706
7701,1.3701173173743706
7702,1.3701173173743706
7703,1.3701173173743706
7704,1.3701173173743706
7705,1.3701173173743706
7706,1.3701173173743706
7707,1.3701173173743706
7708,1.3701173173743706
7709,1.3701173173743706
7710,1.3701173173743706
7711,1.3701173173743706
7712,1.3701173173743706
7713,1.3701173173743706
7714,1.3701173173743706
7715,1.3701173173743706
7716,1.3701173173743706
7717,1.3701173173743706
7718,1.3701173173743706
7719,1.3701173173743706
7720,1.3701173173743706
7721,1.3701173173743706
7722,1.3701173173743706
7723,1.3701173173743706
7724,1.3701173173743706
7725,1.3701173173743706
7726,1.3701173173743706
7727,1.3701173173743706
7728,1.3701173173743706
7729,1.3701173173743706
7730,1.3701173173743706
7731,1.3701173173743706
7732,1.3701173173743706
7733,1.3701173173743706
7734,1.3701173173743706
7735,1.3701173173743706
7736,1.3701173173743706
7737,1.3701173173743706
7738,1.3701173173743706
7739,1.3701173173743706
7740,1.3701173173743706
7741,1.3701173173743706
7742,1.3701173173743706
7743,1.3701173173743706
7744,1.3701173173743706
7745,1.3701173173743706
7746,1.3701173173743706
7747,1.3701173173743706
7748,1.3701173173743706
7749,1.3701173173743706
7750,1.3701173173743706
7751,1.3701173173743706
7752,1.3701173173743706
7753,1.3701173173743706
7754,1.3701173173743706
7755,1.3701173173743706
7756,1.3701173173743706
7757,1.3701173173743706
7758,1.3701173173743706
7759,1.3701173173743706
7760,1.3701173173743706
7761,1.3701173173743706
7762,1.3701173173743706
7763,1.3701173173743706
7764,1.3701173173743706
7765,1.3701173173743706
7766,1.3701173173743706
7767,1.3701173173743706
7768,1.3701173173743706
7769,1.3701173173743706
7770,1.3701173173743706
7771,1.3701173173743706
7772,1.3701173173743706
7773,1.3701173173743706
7774,1.3701173173743706
7775,1.3701173173743706
7776,1.3701173173743706
7777,1.3701173173743706
7778,1.3701173173743706
7779,1.3701173173743706
7780,1.3701173173743706
7781,1.3701173173743706
7782,1.3701173173743706
7783,1.3701173173743706
7784,1.3701173173743706
7785,1.3701173173743706
7786,1.3701173173743706
7787,1.3701173173743706
7788,1.3701173173743706
7789,1.3701173173743706
7790,1.3701173173743706
7791,1.3701173173743706
7792,1.3701173173743706
7793,1.3701173173743706
7794,1.3701173173743706
7795,1.3701173173743706
7796,1.3701173173743706
7797,1.3701173173743706
7798,1.3701173173743706
7799,1.3701173173743706
7800,1.3701173173743706
7801,1.3701173173743706
7802,1.3701173173743706
7803,1.3701173173743706
7804,1.3701173173743706
7805,1.3701173173743706
7806,1.3701173173743706
7807,1.3701173173743706
7808,1.3701173173743706
7809,1.3701173173743706
7810,1.3701173173743706
7811,1.3701173173743706
7812,1.3701173173743706
7813,1.3701173173743706
7814,1.3701173173743706
7815,1.3701173173743706
7816,1.3701173173743706
7817,1.3701173173743706
7818,1.3701173173743706
7819,1.3701173173743706
7820,1.3701173173743706
7821,1.3701173173743706
7822,1.3701173173743706
7823,1.3701173173743706
7824,1.3701173173743706
7825,1.3701173173743706
7826,1.3701173173743706
7827,1.3701173173743706
7828,1.3701173173743706
7829,1.3701173173743706
7830,1.3701173173743706
7831,1.3701173173743706
7832,1.3701173173743706
7833,1.3701173173743706
7834,1.3701173173743706
7835,1.3701173173743706
7836,1.3701173173743706
7837,1.3701173173743706
7838,1.3701173173743706
7839,1.3701173173743706
7840,1.3701173173743706
7841,1.3701173173743706
7842,1.3701173173743706
7843,1.3701173173743706
7844,1.3701173173743706
7845,1.3701173173743706
7846,1.3701173173743706
7847,1.3701173173743706
7848,1.3701173173743706
7849,1.3701173173743706
7850,1.3701173173743706
7851,1.3701173173743706
7852,1.3701173173743706
7853,1.3701173173743706
7854,1.3701173173743706
7855,1.3701173173743706
7856,1.3701173173743706
7857,1.3701173173743706
7858,1.3701173173743706
7859,1.3701173173743706
7860,1.3701173173743706
7861,1.3701173173743706
7862,1.3701173173743706
7863,1.3701173173743706
7864,1.3701173173743706
7865,1.3701173173743706
7866,1.3701173173743706
7867,1.3701173173743706
7868,1.3701173173743706
7869,1.3701173173743706
7870,1.3701173173743706
7871,1.3701173173743706
7872,1.3701173173743706
7873,1.3701173173743706
7874,1.3701173173743706
7875,1.3701173173743706
7876,1.3701173173743706
7877,1.3701173173743706
7878,1.3701173173743706
7879,1.3701173173743706
7880,1.3701173173743706
7881,1.3701173173743706
7882,1.3701173173743706
7883,1.3701173173743706
7884,1.3701173173743706
7885,1.3701173173743706
7886,1.3701173173743706
7887,1.3701173173743706
7888,1.3701173173743706
7889,1.3701173173743706
7890,1.3701173173743706
7891,1.3701173173743706
7892,1.3701173173743706
7893,1.3701173173743706
7894,1.3701173173743706
7895,1.3701173173743706
7896,1.3701173173743706
7897,1.3701173173743706
7898,1.3701173173743706
7899,1.3701173173743706
7900,1.3701173173743706
7901,1.3701173173743706
7902,1.3701173173743706
7903,1.3701173173743706
7904,1.3701173173743706
7905,1.3701173173743706
7906,1.3701173173743706
7907,1.3701173173743706
7908,1.3701173173743706
7909,1.3701173173743706
7910,1.3701173173743706
7911,1.3701173173743706
7912,1.3701173173743706
7913,1.3701173173743706
7914,1.3701173173743706
7915,1.3701173173743706
7916,1.3701173173743706
7917,1.3701173173743706
7918,1.3701173173743706
7919,1.3701173173743706
7920,1.3701173173743706
7921,1.3701173173743706
7922,1.3701173173743706
7923,1.3701173173743706
7924,1.3701173173743706
7925,1.3701173173743706
7926,1.3701173173743706
7927,1.3701173173743706
7928,1.3701173173743706
7929,1.3701173173743706
7930,1.3701173173743706
7931,1.3701173173743706
7932,1.3701173173743706
7933,1.3701173173743706
7934,1.3701173173743706
7935,1.3701173173743706
7936,1.3701173173743706
7937,1.3701173173743706
7938,1.3701173173743706
7939,1.3701173173743706
7940,1.3701173173743706
7941,1.3701173173743706
7942,1.3701173173743706
7943,1.3701173173743706
7944,1.3701173173743706
7945,1.3701173173743706
7946,1.3701173173743706
7947,1.3701173173743706
7948,1.3701173173743706
7949,1.3701173173743706
7950,1.3701173173743706
7951,1.3701173173743706
7952,1.3701173173743706
7953,1.3701173173743706
7954,1.3701173173743706
7955,1.3701173173743706
7956,1.3701173173743706
7957,1.3701173173743706
7958,1.3701173173743706
7959,1.3701173173743706
7960,1.3701173173743706
7961,1.3701173173743706
7962,1.3701173173743706
7963,1.3701173173743706
7964,1.3701173173743706
7965,1.3701173173743706
7966,1.3701173173743706
7967,1.3701173173743706
7968,1.3701173173743706
7969,1.3701173173743706
7970,1.3701173173743706
7971,1.3701173173743706
7972,1.3701173173743706
7973,1.3701173173743706
7974,1.3701173173743706
7975,1.3701173173743706
7976,1.3701173173743706
7977,1.3701173173743706
7978,1.3701173173743706
7979,1.3701173173743706
7980,1.3701173173743706
7981,1.3701173173743706
7982,1.3701173173743706
7983,1.3701173173743706
7984,1.3701173173743706
7985,1.3701173173743706
7986,1.3701173173743706
7987,1.3701173173743706
7988,1.3701173173743706
7989,1.3701173173743706
7990,1.3701173173743706
7991,1.3701173173743706
7992,1.3701173173743706
7993,1.3701173173743706
7994,1.3701173173743706
7995,1.3701173173743706
7996,1.3701173173743706
7997,1.3701173173743706
7998,1.3701173173743706
7999,1.3701173173743706
8000,1.3701173173743706
8001,1.3701173173743706
8002,1.3701173173743706
8003,1.3701173173743706
8004,1.3701173173743706
8005,1.3701173173743706
8006,1.3701173173743706
8007,1.3701173173743706
8008,1.3701173173743706
8009,1.3701173173743706
8010,1.3701173173743706
8011,1.3701173173743706
8012,1.3701173173743706
8013,1.3701173173743706
8014,1.3701173173743706
8015,1.3701173173743706
8016,1.3701173173743706
8017,1.3701173173743706
8018,1.3701173173743706
8019,1.3701173173743706
8020,1.3701173173743706
8021,1.3701173173743706
8022,1.3701173173743706
8023,1.3701173173743706
8024,1.3701173173743706
8025,1.3701173173743706
8026,1.3701173173743706
8027,1.3701173173743706
8028,1.3701173173743706
8029,1.3701173173743706
8030,1.3701173173743706
8031,1.3701173173743706
8032,1.3701173173743706
8033,1.3701173173743706
8034,1.3701173173743706
8035,1.3701173173743706
8036,1.3701173173743706
8037,1.3701173173743706
8038,1.3701173173743706
8039,1.3701173173743706
8040,1.3701173173743706
8041,1.3701173173743706
8042,1.3701173173743706
8043,1.3701173173743706
8044,1.3701173173743706
8045,1.3701173173743706
8046,1.3701173173743706
8047,1.3701173173743706
8048,1.3701173173743706
8049,1.3701173173743706
8050,1.3701173173743706
8051,1.3701173173743706
8052,1.3701173173743706
8053,1.3701173173743706
8054,1.3701173173743706
8055,1.3701173173743706
8056,1.3701173173743706
8057,1.3701173173743706
8058,1.3701173173743706
8059,1.3701173173743706
8060,1.3701173173743706
8061,1.3701173173743706
8062,1.3701173173743706
8063,1.3701173173743706
8064,1.3701173173743706
8065,1.3701173173743706
8066,1.3701173173743706
8067,1.3701173173743706
8068,1.3701173173743706
8069,1.3701173173743706
8070,1.3701173173743706
8071,1.3701173173743706
8072,1.3701173173743706
8073,1.3701173173743706
8074,1.3701173173743706
8075,1.3701173173743706
8076,1.3701173173743706
8077,1.3701173173743706
8078,1.3701173173743706
8079,1.3701173173743706
8080,1.3701173173743706
8081,1.3701173173743706
8082,1.3701173173743706
8083,1.3701173173743706
8084,1.3701173173743706
8085,1.3701173173743706
8086,1.3701173173743706
8087,1.3701173173743706
8088,1.3701173173743706
8089,1.3701173173743706
8090,1.3701173173743706
8091,1.3701173173743706
8092,1.3701173173743706
8093,1.3701173173743706
8094,1.3701173173743706
8095,1.3701173173743706
8096,1.3701173173743706
8097,1.3701173173743706
8098,1.3701173173743706
8099,1.3701173173743706
8100,1.3701173173743706
8101,1.3701173173743706
8102,1.3701173173743706
8103,1.3701173173743706
8104,1.3701173173743706
8105,1.3701173173743706
8106,1.3701173173743706
8107,1.3701173173743706
8108,1.3701173173743706
8109,1.3701173173743706
8110,1.3701173173743706
8111,1.3701173173743706
8112,1.3701173173743706
8113,1.3701173173743706
8114,1.3701173173743706
8115,1.3701173173743706
8116,1.3701173173743706
8117,1.3701173173743706
8118,1.3701173173743706
8119,1.3701173173743706
