row_id,demand
0,8.082220873786408
1,1.3786407766990292
2,1.3929004854368932
3,0.6726334951456311
4,0.30400485436893204
5,0.2845873786407767
6,0.5012135922330097
7,2.4881674757281553
8,1.3525485436893203
9,1.2199635922330097
10,1.25
11,0.8819781553398058
12,1.6644417475728155
13,0.1529126213592233
14,0.7945995145631068
15,0.16656553398058252
16,0.714502427184466
17,3.6146844660194173
18,3.7078276699029127
19,0.7305825242718447
20,1.9271844660194175
21,0.6152912621359223
22,1.2442354368932038
23,1.145631067961165
24,0.9620752427184466
25,0.6337985436893204
26,1.4469053398058254
27,0.6556432038834952
28,0.71875
29,1.206007281553398
30,2.2390776699029127
31,1.4714805825242718
32,0.36862864077669905
33,0.9287014563106796
34,1.3361650485436893
35,1.4308252427184467
36,0.9450849514563107
37,0.2054004854368932
38,1.6702063106796117
39,2.7679004854368934
40,1.7630461165048543
41,0.35497572815533984
42,0.4851334951456311
43,0.989381067961165
44,0.7688106796116505
45,0.6168082524271845
46,0.725121359223301
47,0.614381067961165
48,0.7226941747572816
49,1.2181432038834952
50,0.19235436893203883
51,0.19235436893203883
52,0.5770631067961165
53,0.38470873786407767
54,0.09617718446601942
55,0.40898058252427183
56,1.7603155339805825
57,1.0943567961165048
58,3.431735436893204
59,0.7108616504854368
60,1.1680825242718447
61,0.49393203883495146
62,0.8655946601941747
63,0.10436893203883495
64,1.2870145631067962
65,2.462378640776699
66,3.3164441747572817
67,1.1495752427184467
68,0.49241504854368934
69,1.4599514563106797
70,0.5658373786407767
71,0.5925364077669903
72,0.614381067961165
73,0.15048543689320387
74,0.021844660194174758
75,3.9760315533980584
76,4.134708737864077
77,0.35436893203883496
78,1.4963592233009708
79,2.3925970873786406
80,1.1665655339805825
81,2.1568567961165046
82,0.8212985436893204
83,0.9174757281553398
84,0.055825242718446605
85,0.9271844660194175
86,1.6893203883495145
87,3.5036407766990294
88,0.09617718446601942
89,1.9214199029126213
90,0.9839199029126213
91,1.2675970873786409
92,0.1350121359223301
93,0.2797330097087379
94,0.06310679611650485
95,0.23361650485436894
96,1.175364077669903
97,2.5203276699029127
98,0.7008495145631068
99,0.7154126213592233
100,0.6556432038834952
101,1.1914441747572815
102,0.2991504854368932
103,0.35740291262135926
104,0.9441747572815534
105,0.3282766990291262
106,0.9004854368932038
107,0.6110436893203883
108,0.0
109,0.28853155339805825
110,1.9235436893203883
111,0.19235436893203883
112,0.09617718446601942
113,1.077366504854369
114,0.7839805825242718
115,0.0048543689320388345
116,7.230885922330097
117,1.119235436893204
118,1.970873786407767
119,2.6183252427184467
120,0.8916868932038835
121,0.285497572815534
122,1.1462378640776698
123,3.487864077669903
124,2.0515776699029127
125,1.3525485436893203
126,1.3452669902912622
127,1.7848907766990292
128,0.38076456310679613
129,0.6653519417475728
130,1.0782766990291262
131,0.4996966019417476
132,0.5731189320388349
133,10.185072815533982
134,3.737864077669903
135,0.8398058252427184
136,2.69751213592233
137,4.279733009708738
138,1.847997572815534
139,0.35497572815533984
140,2.8137135922330097
141,1.4842233009708738
142,0.350121359223301
143,1.0436893203883495
144,1.5318567961165048
145,2.104368932038835
146,1.4138349514563107
147,1.69751213592233
148,1.5221480582524272
149,0.508495145631068
150,0.1941747572815534
151,0.24180825242718446
152,1.1325849514563107
153,0.06553398058252427
154,1.7454490291262137
155,2.977245145631068
156,1.7217839805825244
157,1.2675970873786409
158,0.6322815533980582
159,1.1140776699029127
160,1.7299757281553398
161,0.7211771844660194
162,1.3895631067961165
163,0.4390169902912622
164,0.4026092233009709
165,0.3953276699029126
166,0.4808859223300971
167,0.09617718446601942
168,1.4426577669902914
169,0.38470873786407767
170,0.5770631067961165
171,0.9981796116504854
172,1.4717839805825244
173,0.6878033980582524
174,5.308252427184466
175,3.4550970873786406
176,2.6862864077669903
177,1.6183252427184467
178,1.158373786407767
179,0.33798543689320387
180,2.6559466019417477
181,1.5309466019417475
182,3.4912014563106797
183,1.2539441747572815
184,0.4963592233009709
185,2.329490291262136
186,0.3443567961165048
187,1.147754854368932
188,0.3307038834951456
189,0.4026092233009709
190,0.39927184466019416
191,4.702669902912621
192,2.1559466019417477
193,0.1553398058252427
194,3.054611650485437
195,5.037924757281553
196,1.6401699029126213
197,1.097997572815534
198,1.2399878640776698
199,0.6289441747572816
200,1.170509708737864
201,0.8285800970873787
202,0.9563106796116505
203,1.3137135922330097
204,1.6829490291262137
205,3.347997572815534
206,0.8649878640776699
207,0.9189927184466019
208,0.3316140776699029
209,0.5133495145631068
210,0.408373786407767
211,0.2700242718446602
212,3.110740291262136
213,1.4001820388349515
214,1.7809466019417477
215,0.4754247572815534
216,1.3507281553398058
217,0.5060679611650485
218,0.9080703883495146
219,0.8546723300970873
220,1.8179611650485437
221,1.4259708737864076
222,0.7421116504854369
223,0.5585558252427184
224,0.19235436893203883
225,0.5770631067961165
226,2.4044296116504853
227,0.09617718446601942
228,0.19235436893203883
229,0.6780946601941747
230,1.5703883495145632
231,0.5003033980582524
232,4.27002427184466
233,2.1614077669902914
234,3.939016990291262
235,0.9484223300970873
236,0.4350728155339806
237,0.4996966019417476
238,1.533373786407767
239,10.46632281553398
240,3.4590412621359223
241,3.181735436893204
242,0.7245145631067962
243,3.0637135922330097
244,0.4390169902912622
245,7.692354368932039
246,1.0282160194174756
247,1.3944174757281553
248,0.9271844660194175
249,13.980885922330097
250,2.6495752427184467
251,1.1844660194174756
252,3.4605582524271847
253,3.8033980582524274
254,2.0315533980582523
255,3.5509708737864076
256,3.362864077669903
257,0.9023058252427185
258,0.40018203883495146
259,1.8640776699029127
260,1.039745145631068
261,5.760618932038835
262,2.608009708737864
263,0.3713592233009709
264,1.8131067961165048
265,0.8601334951456311
266,2.7581917475728153
267,1.7970266990291262
268,1.516383495145631
269,0.8498179611650485
270,5.835558252427185
271,1.733616504854369
272,4.466929611650485
273,3.2284587378640777
274,2.845266990291262
275,1.2757888349514563
276,1.7026699029126213
277,0.9308252427184466
278,1.1908373786407767
279,0.5449029126213593
280,0.7663834951456311
281,0.5045509708737864
282,0.19235436893203883
283,0.7694174757281553
284,3.5585558252427183
285,0.6732402912621359
286,0.0
287,1.4887742718446602
288,2.9023058252427183
289,0.0
290,6.140473300970874
291,1.701759708737864
292,1.0888956310679612
293,0.7348300970873787
294,1.1213592233009708
295,0.7818567961165048
296,0.4963592233009709
297,3.4824029126213594
298,1.729368932038835
299,2.293385922330097
300,1.7818567961165048
301,2.7597087378640777
302,0.40018203883495146
303,0.7226941747572816
304,1.3822815533980584
305,0.847997572815534
306,0.23118932038834952
307,9.579490291262136
308,5.389563106796117
309,0.5
310,4.220570388349515
311,1.4881674757281553
312,1.5345873786407767
313,1.9141383495145632
314,2.0321601941747574
315,0.8828883495145632
316,0.5755461165048543
317,1.2190533980582523
318,1.0015169902912622
319,1.7533373786407767
320,1.5215412621359223
321,0.3024878640776699
322,1.0621966019417475
323,0.1350121359223301
324,0.39866504854368934
325,0.8640776699029127
326,0.28701456310679613
327,0.5060679611650485
328,1.6201456310679612
329,1.0533980582524272
330,1.1268203883495145
331,1.3443567961165048
332,0.4963592233009709
333,0.5779733009708737
334,0.847997572815534
335,0.3734830097087379
336,1.3176577669902914
337,0.4754247572815534
338,0.47694174757281554
339,0.7105582524271845
340,0.7694174757281553
341,0.0
342,3.2700242718446604
343,2.500606796116505
344,0.4808859223300971
345,0.19478155339805825
346,1.7651699029126213
347,0.28853155339805825
348,5.896844660194175
349,2.364381067961165
350,1.2885315533980584
351,0.789745145631068
352,0.44872572815533984
353,0.47694174757281554
354,0.4963592233009709
355,3.092233009708738
356,2.4153519417475726
357,1.4954490291262137
358,1.5230582524271845
359,0.9247572815533981
360,1.6783980582524272
361,0.649878640776699
362,0.8625606796116505
363,1.4274878640776698
364,0.1738470873786408
365,5.804915048543689
366,2.6862864077669903
367,0.8907766990291263
368,1.5488470873786409
369,0.40351941747572817
370,2.117111650485437
371,1.6741504854368932
372,0.22815533980582525
373,0.2830703883495146
374,0.8285800970873787
375,0.13986650485436894
376,0.3516383495145631
377,1.3361650485436893
378,1.3737864077669903
379,0.9984830097087378
380,0.4171723300970874
381,0.6547330097087378
382,1.3938106796116505
383,1.6556432038834952
384,0.6871966019417476
385,1.3370752427184467
386,1.4778519417475728
387,1.3743932038834952
388,2.444478155339806
389,0.6638349514563107
390,0.23938106796116504
391,0.41474514563106796
392,2.055521844660194
393,0.6614077669902912
394,0.5706917475728155
395,0.3137135922330097
396,0.6765776699029127
397,1.4016990291262137
398,0.0
399,0.38470873786407767
400,1.5388349514563107
401,0.19235436893203883
402,0.6732402912621359
403,0.3871359223300971
404,1.4960558252427185
405,1.4475121359223302
406,1.1158980582524272
407,0.9016990291262136
408,1.8285800970873787
409,0.30643203883495146
410,0.3476941747572816
411,0.2199635922330097
412,0.4341626213592233
413,0.7317961165048543
414,1.1010315533980584
415,0.7760922330097088
416,1.1884101941747574
417,0.8892597087378641
418,0.912621359223301
419,0.4390169902912622
420,0.7606189320388349
421,0.12864077669902912
422,0.3516383495145631
423,4.751516990291262
424,0.9984830097087378
425,0.5024271844660194
426,0.8222087378640777
427,1.760618932038835
428,1.0849514563106797
429,1.8722694174757282
430,0.14320388349514562
431,0.256371359223301
432,1.1204490291262137
433,0.3734830097087379
434,0.2651699029126213
435,1.5634101941747574
436,0.841626213592233
437,0.1650485436893204
438,0.4381067961165048
439,0.18598300970873788
440,0.8595266990291262
441,0.7736650485436893
442,0.350121359223301
443,0.1471480582524272
444,1.6410800970873787
445,1.1956917475728155
446,2.7402912621359223
447,0.38410194174757284
448,0.4584344660194175
449,0.3880461165048544
450,0.7930825242718447
451,1.1243932038834952
452,0.3904733009708738
453,0.5925364077669903
454,0.5351941747572816
455,0.6483616504854369
456,0.19235436893203883
457,0.38470873786407767
458,2.789138349514563
459,0.5770631067961165
460,0.19235436893203883
461,0.310376213592233
462,0.7936893203883495
463,0.5819174757281553
464,4.3501213592233015
465,2.4050364077669903
466,2.163228155339806
467,0.37105582524271846
468,2.3037014563106797
469,1.6416868932038835
470,0.9038228155339806
471,4.609830097087379
472,2.0573422330097086
473,1.4214199029126213
474,1.2005461165048543
475,1.387135922330097
476,2.5843446601941746
477,0.2821601941747573
478,0.8941140776699029
479,0.7921723300970873
480,1.5133495145631068
481,13.45752427184466
482,2.8285800970873787
483,0.8058252427184466
484,2.7390776699029127
485,1.5521844660194175
486,4.185072815533981
487,1.1802184466019416
488,1.7460558252427185
489,0.9951456310679612
490,1.550364077669903
491,0.21025485436893204
492,0.6999393203883495
493,2.2408980582524274
494,3.764259708737864
495,0.2821601941747573
496,0.4453883495145631
497,0.21025485436893204
498,0.7099514563106797
499,0.5060679611650485
500,3.7236043689320386
501,0.19963592233009708
502,3.7885315533980584
503,3.476638349514563
504,0.9854368932038835
505,1.6119538834951457
506,1.0427791262135921
507,0.4696601941747573
508,0.26365291262135926
509,0.4987864077669903
510,0.5133495145631068
511,0.38561893203883496
512,0.46237864077669905
513,1.0266990291262137
514,0.09617718446601942
515,0.09617718446601942
516,2.1158980582524274
517,1.3464805825242718
518,0.28853155339805825
519,0.39441747572815533
520,2.3398058252427183
521,0.0
522,2.1878033980582523
523,1.7945995145631068
524,1.0242718446601942
525,0.6070995145631068
526,0.5643203883495146
527,0.6774878640776699
528,0.3452669902912622
529,3.8191747572815533
530,1.514866504854369
531,1.0154733009708738
532,1.1495752427184467
533,1.047633495145631
534,0.22967233009708737
535,0.2627427184466019
536,0.44296116504854366
537,0.06310679611650485
538,0.19569174757281554
539,5.513046116504855
540,2.216019417475728
541,0.9101941747572816
542,1.578883495145631
543,2.476638349514563
544,1.573118932038835
545,1.3370752427184467
546,2.7773058252427183
547,0.6629247572815534
548,1.0558252427184467
549,1.129247572815534
550,0.3443567961165048
551,3.869235436893204
552,1.1465412621359223
553,0.606492718446602
554,0.44053398058252424
555,0.6765776699029127
556,1.4114077669902914
557,1.691747572815534
558,0.10679611650485436
559,0.725121359223301
560,3.3695388349514563
561,1.0315533980582523
562,0.45691747572815533
563,0.71875
564,0.20054611650485438
565,0.36862864077669905
566,0.21025485436893204
567,1.4177791262135921
568,0.5634101941747572
569,0.2991504854368932
570,0.3258495145631068
571,0.3088592233009709
572,0.09617718446601942
573,0.09617718446601942
574,1.0579490291262137
575,2.0197208737864076
576,0.38470873786407767
577,0.009708737864077669
578,0.6878033980582524
579,0.4857402912621359
580,8.903846153846153
581,1.4543269230769231
582,0.7163461538461539
583,0.4783653846153846
584,0.4326923076923077
585,0.18990384615384615
586,0.2620192307692308
587,1.71875
588,2.483173076923077
589,1.15625
590,0.8894230769230769
591,1.6346153846153846
592,1.1370192307692308
593,0.7307692307692308
594,0.8509615384615384
595,0.0985576923076923
596,0.23076923076923078
597,3.2836538461538463
598,1.7139423076923077
599,0.6009615384615384
600,1.9951923076923077
601,0.6298076923076923
602,1.5096153846153846
603,2.1899038461538463
604,0.3701923076923077
605,1.2067307692307692
606,1.3076923076923077
607,0.7355769230769231
608,0.7043269230769231
609,1.09375
610,2.6634615384615383
611,0.4951923076923077
612,0.3581730769230769
613,0.4375
614,0.3966346153846154
615,0.875
616,2.4903846153846154
617,0.4014423076923077
618,1.6610576923076923
619,3.012019230769231
620,1.8173076923076923
621,0.9206730769230769
622,0.3846153846153846
623,1.0817307692307692
624,0.9759615384615384
625,0.5192307692307692
626,1.0889423076923077
627,0.4206730769230769
628,0.9134615384615384
629,1.3028846153846154
630,0.0
631,0.38461538461538464
632,0.9615384615384616
633,0.19230769230769232
634,0.8653846153846154
635,0.4879807692307692
636,0.9759615384615384
637,1.2788461538461537
638,3.46875
639,1.4495192307692308
640,1.0697115384615385
641,0.39903846153846156
642,0.19230769230769232
643,0.25240384615384615
644,0.6610576923076923
645,1.2283653846153846
646,2.012019230769231
647,1.0120192307692308
648,0.41346153846153844
649,1.4615384615384615
650,0.5480769230769231
651,0.8293269230769231
652,1.6514423076923077
653,0.5841346153846154
654,0.019230769230769232
655,4.579326923076923
656,2.2884615384615383
657,0.33653846153846156
658,1.2548076923076923
659,2.3966346153846154
660,1.1490384615384617
661,1.8197115384615383
662,1.53125
663,0.6201923076923077
664,0.13942307692307693
665,0.3125
666,0.7475961538461539
667,3.6658653846153846
668,0.38461538461538464
669,1.4567307692307692
670,1.4879807692307692
671,0.9903846153846154
672,0.026442307692307692
673,0.4158653846153846
674,0.0889423076923077
675,0.2668269230769231
676,0.8798076923076923
677,2.262019230769231
678,0.6923076923076923
679,0.21875
680,0.6586538461538461
681,0.3894230769230769
682,0.3966346153846154
683,0.13701923076923078
684,0.7524038461538461
685,0.3245192307692308
686,0.7956730769230769
687,0.125
688,0.0
689,0.38461538461538464
690,1.7307692307692308
691,0.38461538461538464
692,0.19230769230769232
693,1.0817307692307692
694,0.4879807692307692
695,0.19230769230769232
696,6.331730769230769
697,0.6826923076923077
698,2.355769230769231
699,3.375
700,1.2716346153846154
701,0.4879807692307692
702,0.9735576923076923
703,2.0841346153846154
704,2.0
705,2.206730769230769
706,1.1418269230769231
707,1.2211538461538463
708,0.5625
709,0.9158653846153846
710,0.96875
711,0.7139423076923077
712,0.2644230769230769
713,11.254807692307693
714,1.7668269230769231
715,0.7475961538461539
716,2.5793269230769234
717,3.9350961538461537
718,1.875
719,0.4735576923076923
720,1.2259615384615383
721,0.9399038461538461
722,0.23798076923076922
723,0.8942307692307692
724,0.7403846153846154
725,1.2355769230769231
726,1.1490384615384617
727,0.7283653846153846
728,1.2211538461538463
729,0.875
730,0.4254807692307692
731,1.0576923076923077
732,0.6634615384615384
733,0.08173076923076923
734,1.2259615384615383
735,2.4158653846153846
736,2.1634615384615383
737,1.4326923076923077
738,0.3317307692307692
739,0.7668269230769231
740,1.4182692307692308
741,0.3557692307692308
742,0.8245192307692308
743,0.7259615384615384
744,0.4567307692307692
745,0.5144230769230769
746,0.28846153846153844
747,0.28846153846153844
748,2.019230769230769
749,0.9615384615384616
750,1.3461538461538463
751,1.3966346153846154
752,0.7836538461538461
753,0.6802884615384616
754,9.305288461538462
755,2.831730769230769
756,1.6802884615384617
757,1.7692307692307692
758,0.4014423076923077
759,1.0600961538461537
760,0.37740384615384615
761,1.2091346153846154
762,1.8076923076923077
763,3.0576923076923075
764,0.65625
765,1.1899038461538463
766,0.44471153846153844
767,0.3846153846153846
768,0.8076923076923077
769,1.53125
770,0.125
771,5.372596153846153
772,1.7980769230769231
773,0.18509615384615385
774,2.5072115384615383
775,3.5913461538461537
776,1.2548076923076923
777,3.5576923076923075
778,1.5
779,0.9975961538461539
780,0.6875
781,1.15625
782,0.7932692307692308
783,2.262019230769231
784,1.0384615384615383
785,0.13221153846153846
786,0.8341346153846154
787,0.7524038461538461
788,0.3221153846153846
789,0.5913461538461539
790,1.8004807692307692
791,0.15625
792,1.3870192307692308
793,1.7596153846153846
794,3.2451923076923075
795,1.3629807692307692
796,1.4759615384615385
797,0.2980769230769231
798,1.2379807692307692
799,0.7115384615384616
800,2.0
801,1.0336538461538463
802,0.5264423076923077
803,0.17067307692307693
804,0.19230769230769232
805,0.19230769230769232
806,2.4038461538461537
807,0.0
808,1.1538461538461537
809,0.3870192307692308
810,1.8509615384615385
811,0.9807692307692307
812,4.632211538461538
813,2.2980769230769234
814,2.6826923076923075
815,1.3605769230769231
816,1.5024038461538463
817,0.6129807692307692
818,0.6322115384615384
819,8.254807692307692
820,3.1610576923076925
821,2.96875
822,0.6682692307692308
823,1.71875
824,0.71875
825,3.237980769230769
826,1.4086538461538463
827,1.2572115384615385
828,0.6177884615384616
829,9.375
830,3.019230769230769
831,1.2091346153846154
832,3.0096153846153846
833,4.360576923076923
834,1.9350961538461537
835,2.9158653846153846
836,1.8509615384615383
837,1.6274038461538463
838,0.1346153846153846
839,1.25
840,1.5336538461538463
841,4.961538461538462
842,1.3942307692307692
843,0.42788461538461536
844,1.6081730769230769
845,1.1322115384615383
846,2.6778846153846154
847,2.8125
848,0.3173076923076923
849,0.8798076923076923
850,7.108173076923077
851,2.4038461538461537
852,2.9519230769230766
853,2.454326923076923
854,1.4951923076923077
855,1.4495192307692308
856,1.1947115384615383
857,1.2043269230769231
858,1.8100961538461537
859,0.8966346153846154
860,0.65625
861,0.39903846153846156
862,0.28846153846153844
863,0.28846153846153844
864,3.8461538461538463
865,0.09615384615384616
866,0.09615384615384616
867,1.3557692307692308
868,1.5456730769230769
869,0.0
870,7.899038461538462
871,2.0288461538461537
872,0.40625
873,0.9543269230769231
874,0.9038461538461539
875,0.7403846153846154
876,1.4110576923076923
877,2.5528846153846154
878,2.0889423076923075
879,2.7716346153846154
880,2.21875
881,2.375
882,0.7908653846153846
883,0.36778846153846156
884,1.5649038461538463
885,0.6442307692307692
886,0.23317307692307693
887,8.399038461538462
888,5.581730769230769
889,0.47596153846153844
890,3.4903846153846154
891,1.5456730769230769
892,1.8365384615384617
893,0.84375
894,2.4278846153846154
895,1.2716346153846154
896,0.7451923076923077
897,0.8990384615384616
898,1.0072115384615385
899,2.9975961538461537
900,2.581730769230769
901,1.1105769230769231
902,0.6730769230769231
903,0.375
904,0.6177884615384616
905,0.8052884615384616
906,0.3894230769230769
907,0.3125
908,1.3485576923076923
909,0.6802884615384616
910,1.0817307692307692
911,1.0432692307692308
912,0.8028846153846154
913,0.055288461538461536
914,0.6009615384615384
915,0.2956730769230769
916,0.9158653846153846
917,1.1057692307692308
918,0.09134615384615384
919,0.4831730769230769
920,0.7692307692307693
921,0.09615384615384616
922,2.019230769230769
923,2.6923076923076925
924,0.38461538461538464
925,0.3894230769230769
926,1.84375
927,0.002403846153846154
928,8.129807692307692
929,2.173076923076923
930,1.8629807692307692
931,0.9158653846153846
932,0.31009615384615385
933,0.27884615384615385
934,0.4855769230769231
935,3.9350961538461537
936,1.9975961538461537
937,1.7620192307692308
938,1.6274038461538463
939,0.24278846153846154
940,2.2043269230769234
941,0.06490384615384616
942,0.125
943,0.6153846153846154
944,0.5721153846153846
945,5.711538461538462
946,3.4663461538461537
947,0.84375
948,1.9711538461538463
949,1.3173076923076923
950,1.4567307692307692
951,1.8004807692307692
952,0.2692307692307692
953,0.8173076923076923
954,1.1947115384615385
955,0.6153846153846154
956,1.3822115384615385
957,1.8581730769230769
958,2.7644230769230766
959,1.9158653846153846
960,0.7788461538461539
961,0.7788461538461539
962,1.1802884615384617
963,1.7403846153846154
964,0.3581730769230769
965,0.7163461538461539
966,1.7091346153846154
967,1.5841346153846154
968,2.449519230769231
969,1.0168269230769231
970,0.7427884615384616
971,0.31009615384615385
972,1.1538461538461537
973,0.20673076923076922
974,0.4495192307692308
975,0.30528846153846156
976,0.7980769230769231
977,0.625
978,0.0
979,0.38461538461538464
980,2.2115384615384617
981,1.0576923076923077
982,0.4807692307692308
983,0.009615384615384616
984,2.2524038461538463
985,0.8846153846153846
986,1.9206730769230769
987,0.6057692307692307
988,1.2884615384615383
989,0.5072115384615384
990,0.7259615384615384
991,0.07211538461538461
992,0.09615384615384616
993,1.0264423076923077
994,1.4158653846153846
995,0.6899038461538461
996,2.15625
997,0.875
998,0.7860576923076923
999,0.4254807692307692
1000,0.6634615384615384
1001,0.13701923076923078
1002,0.21634615384615385
1003,4.3076923076923075
1004,1.5408653846153846
1005,0.5625
1006,1.0408653846153846
1007,1.7283653846153846
1008,1.7475961538461537
1009,1.5048076923076923
1010,0.25
1011,0.5769230769230769
1012,1.3894230769230769
1013,0.8509615384615384
1014,0.17067307692307693
1015,1.5096153846153846
1016,0.6730769230769231
1017,1.9543269230769231
1018,0.5576923076923077
1019,0.15625
1020,0.42788461538461536
1021,1.2379807692307692
1022,0.34134615384615385
1023,0.05048076923076923
1024,1.6298076923076923
1025,1.6875
1026,2.0336538461538463
1027,1.0240384615384615
1028,0.5264423076923077
1029,1.1346153846153846
1030,0.5480769230769231
1031,0.8269230769230769
1032,0.6754807692307693
1033,0.5144230769230769
1034,0.5072115384615384
1035,0.6081730769230769
1036,0.0
1037,0.5769230769230769
1038,1.4423076923076923
1039,0.4807692307692308
1040,0.38461538461538464
1041,0.30528846153846156
1042,1.0721153846153846
1043,0.5817307692307693
1044,6.850961538461538
1045,2.3966346153846154
1046,3.0096153846153846
1047,0.8509615384615384
1048,1.4471153846153846
1049,2.3653846153846154
1050,0.5
1051,4.300480769230769
1052,1.9278846153846154
1053,2.6274038461538463
1054,1.1586538461538463
1055,0.5024038461538461
1056,4.069711538461538
1057,0.17067307692307693
1058,1.3653846153846154
1059,0.3581730769230769
1060,1.8100961538461537
1061,12.110576923076923
1062,2.269230769230769
1063,0.9038461538461539
1064,3.6394230769230766
1065,1.4254807692307692
1066,4.444711538461538
1067,0.6658653846153846
1068,1.0600961538461537
1069,0.5985576923076923
1070,1.5697115384615383
1071,0.5120192307692308
1072,0.125
1073,1.6201923076923077
1074,2.9086538461538463
1075,0.46634615384615385
1076,0.34134615384615385
1077,0.01201923076923077
1078,1.5168269230769231
1079,0.5
1080,0.5168269230769231
1081,0.009615384615384616
1082,3.7019230769230766
1083,1.4302884615384617
1084,1.1754807692307692
1085,2.3100961538461537
1086,1.2259615384615385
1087,0.24278846153846154
1088,0.5793269230769231
1089,0.6778846153846154
1090,0.2956730769230769
1091,0.28125
1092,0.5793269230769231
1093,1.3894230769230769
1094,0.0
1095,0.09615384615384616
1096,2.6923076923076925
1097,2.2115384615384617
1098,0.0
1099,0.2980769230769231
1100,1.6634615384615385
1101,0.0
1102,4.185096153846154
1103,1.4399038461538463
1104,1.6105769230769231
1105,0.21875
1106,0.2644230769230769
1107,0.6875
1108,0.6802884615384616
1109,2.9302884615384617
1110,1.8341346153846154
1111,3.0721153846153846
1112,1.6658653846153846
1113,0.6923076923076923
1114,0.3125
1115,0.44471153846153844
1116,0.43028846153846156
1117,0.1778846153846154
1118,0.30528846153846156
1119,7.697115384615385
1120,2.1394230769230766
1121,0.8701923076923077
1122,2.4326923076923075
1123,2.264423076923077
1124,1.6322115384615383
1125,0.9879807692307692
1126,1.9903846153846154
1127,1.5240384615384615
1128,1.8581730769230769
1129,1.0
1130,0.13221153846153846
1131,1.9711538461538463
1132,1.7980769230769231
1133,0.9735576923076923
1134,0.2403846153846154
1135,0.12980769230769232
1136,1.2716346153846154
1137,0.7355769230769231
1138,0.33653846153846156
1139,0.59375
1140,4.168269230769231
1141,0.8990384615384616
1142,1.1850961538461537
1143,1.2115384615384617
1144,0.0889423076923077
1145,0.46875
1146,0.17307692307692307
1147,2.079326923076923
1148,0.2764423076923077
1149,0.34615384615384615
1150,0.6105769230769231
1151,0.2956730769230769
1152,0.09615384615384616
1153,0.19230769230769232
1154,2.019230769230769
1155,1.5384615384615385
1156,0.28846153846153844
1157,0.5817307692307693
1158,0.21153846153846154
1159,0.3173076923076923
1160,9.271634615384615
1161,1.5552884615384617
1162,1.1610576923076923
1163,0.41346153846153844
1164,1.0144230769230769
1165,0.2283653846153846
1166,0.6923076923076923
1167,2.6322115384615383
1168,1.3653846153846154
1169,0.4855769230769231
1170,1.1923076923076923
1171,0.6899038461538461
1172,1.2475961538461537
1173,0.4158653846153846
1174,0.5600961538461539
1175,0.0889423076923077
1176,0.21153846153846154
1177,3.4110576923076925
1178,1.5144230769230769
1179,0.8293269230769231
1180,2.5264423076923075
1181,1.0192307692307692
1182,1.9543269230769231
1183,1.7644230769230769
1184,0.7067307692307692
1185,0.7524038461538461
1186,1.1370192307692308
1187,0.4855769230769231
1188,0.6057692307692308
1189,1.3798076923076923
1190,2.46875
1191,2.7403846153846154
1192,0.5865384615384616
1193,0.3581730769230769
1194,0.7067307692307692
1195,1.4567307692307692
1196,0.9711538461538461
1197,0.1971153846153846
1198,0.7524038461538461
1199,1.8341346153846154
1200,1.2548076923076923
1201,0.8052884615384616
1202,0.3846153846153846
1203,0.5865384615384616
1204,0.8509615384615384
1205,0.5048076923076923
1206,0.5024038461538461
1207,0.5528846153846154
1208,1.0168269230769231
1209,1.1009615384615385
1210,0.28846153846153844
1211,0.19230769230769232
1212,1.1538461538461537
1213,0.28846153846153844
1214,0.6730769230769231
1215,0.49278846153846156
1216,1.0649038461538463
1217,1.1682692307692308
1218,5.915865384615385
1219,0.5384615384615384
1220,0.9615384615384616
1221,0.8629807692307693
1222,0.6730769230769231
1223,0.5240384615384616
1224,2.795673076923077
1225,1.3846153846153846
1226,1.9639423076923077
1227,1.6346153846153846
1228,1.1370192307692308
1229,0.9567307692307692
1230,0.27403846153846156
1231,0.7716346153846154
1232,0.2956730769230769
1233,0.5865384615384616
1234,0.12259615384615385
1235,4.920673076923077
1236,2.53125
1237,0.34375
1238,1.3557692307692308
1239,1.9086538461538463
1240,1.2043269230769231
1241,3.1274038461538463
1242,0.7596153846153846
1243,0.4471153846153846
1244,0.052884615384615384
1245,0.5456730769230769
1246,0.8076923076923077
1247,4.853365384615385
1248,0.28846153846153844
1249,0.6899038461538461
1250,0.8605769230769231
1251,1.8629807692307692
1252,0.3245192307692308
1253,0.43509615384615385
1254,0.036057692307692304
1255,0.14903846153846154
1256,0.8076923076923077
1257,2.46875
1258,0.4855769230769231
1259,0.6971153846153846
1260,0.6658653846153846
1261,1.1442307692307692
1262,1.0649038461538463
1263,0.11538461538461539
1264,1.1322115384615385
1265,0.2692307692307692
1266,0.4879807692307692
1267,0.1346153846153846
1268,0.0
1269,0.09615384615384616
1270,2.019230769230769
1271,0.09615384615384616
1272,0.28846153846153844
1273,0.30528846153846156
1274,0.3894230769230769
1275,0.8677884615384616
1276,5.641826923076923
1277,0.9663461538461539
1278,2.168269230769231
1279,2.0673076923076925
1280,2.298076923076923
1281,0.21875
1282,0.71875
1283,1.7740384615384617
1284,1.1778846153846154
1285,1.4254807692307692
1286,0.4855769230769231
1287,1.7211538461538463
1288,0.24278846153846154
1289,0.5432692307692308
1290,0.6201923076923077
1291,0.625
1292,0.8461538461538461
1293,11.733173076923077
1294,2.7019230769230766
1295,0.7283653846153846
1296,2.4663461538461537
1297,4.002403846153847
1298,1.8798076923076923
1299,0.22115384615384615
1300,1.9447115384615383
1301,1.1658653846153846
1302,0.20432692307692307
1303,0.7716346153846154
1304,1.4471153846153846
1305,2.3461538461538463
1306,1.6322115384615383
1307,0.3581730769230769
1308,0.7908653846153846
1309,0.8581730769230769
1310,0.4591346153846154
1311,2.1490384615384617
1312,0.6586538461538461
1313,0.2764423076923077
1314,1.0913461538461537
1315,2.6826923076923075
1316,1.8581730769230769
1317,0.9591346153846154
1318,0.2283653846153846
1319,1.4879807692307692
1320,1.5
1321,0.4375
1322,0.7620192307692308
1323,0.5432692307692308
1324,0.15865384615384615
1325,0.3389423076923077
1326,0.28846153846153844
1327,0.09615384615384616
1328,1.8269230769230769
1329,0.38461538461538464
1330,0.5769230769230769
1331,1.3846153846153846
1332,2.235576923076923
1333,0.2283653846153846
1334,7.826923076923077
1335,2.737980769230769
1336,2.5360576923076925
1337,1.2836538461538463
1338,1.2043269230769231
1339,0.5432692307692308
1340,0.46875
1341,0.8245192307692308
1342,3.7908653846153846
1343,1.1682692307692308
1344,1.0528846153846154
1345,2.0841346153846154
1346,0.22115384615384615
1347,1.3341346153846154
1348,0.6225961538461539
1349,0.3581730769230769
1350,0.125
1351,5.6514423076923075
1352,2.387019230769231
1353,0.22596153846153846
1354,2.5841346153846154
1355,3.894230769230769
1356,0.4278846153846154
1357,0.8653846153846154
1358,0.7235576923076923
1359,0.5528846153846154
1360,0.6923076923076923
1361,0.9110576923076923
1362,0.7307692307692308
1363,2.639423076923077
1364,0.8653846153846154
1365,0.40865384615384615
1366,0.7379807692307692
1367,0.53125
1368,0.2620192307692308
1369,0.8605769230769231
1370,3.2764423076923075
1371,0.4591346153846154
1372,2.7331730769230766
1373,1.4110576923076923
1374,2.3076923076923075
1375,1.0360576923076923
1376,1.4086538461538463
1377,0.6057692307692308
1378,1.5216346153846154
1379,1.0192307692307692
1380,1.2884615384615383
1381,1.0144230769230769
1382,0.9399038461538461
1383,0.25240384615384615
1384,0.0
1385,0.28846153846153844
1386,2.3076923076923075
1387,0.09615384615384616
1388,0.28846153846153844
1389,0.4879807692307692
1390,1.5504807692307692
1391,0.7836538461538461
1392,4.048076923076923
1393,1.6153846153846154
1394,3.625
1395,1.71875
1396,1.4927884615384617
1397,0.5456730769230769
1398,1.6875
1399,8.317307692307692
1400,3.4615384615384617
1401,2.7740384615384617
1402,0.6129807692307692
1403,1.8365384615384617
1404,0.7980769230769231
1405,3.1033653846153846
1406,0.84375
1407,1.3004807692307692
1408,0.7908653846153846
1409,10.45673076923077
1410,3.1418269230769234
1411,1.2115384615384615
1412,3.1033653846153846
1413,4.043269230769231
1414,1.0024038461538463
1415,1.2091346153846154
1416,4.362980769230769
1417,1.4735576923076923
1418,0.15384615384615385
1419,0.875
1420,0.8677884615384616
1421,4.262019230769231
1422,1.4302884615384617
1423,0.43509615384615385
1424,1.3173076923076923
1425,0.4182692307692308
1426,2.9831730769230766
1427,1.28125
1428,0.6153846153846154
1429,1.6322115384615383
1430,5.314903846153847
1431,0.6730769230769231
1432,3.2427884615384617
1433,2.7524038461538463
1434,1.59375
1435,1.7451923076923077
1436,1.6153846153846154
1437,0.5985576923076923
1438,1.6923076923076923
1439,0.7548076923076923
1440,1.8461538461538463
1441,0.4519230769230769
1442,0.4807692307692308
1443,0.19230769230769232
1444,2.980769230769231
1445,0.19230769230769232
1446,0.4807692307692308
1447,0.8701923076923077
1448,1.1586538461538463
1449,0.0
1450,7.009615384615385
1451,1.3076923076923077
1452,1.6875
1453,1.3677884615384615
1454,1.34375
1455,1.2235576923076923
1456,0.4375
1457,3.012019230769231
1458,2.5
1459,2.4975961538461537
1460,1.6033653846153846
1461,1.2572115384615383
1462,0.4254807692307692
1463,0.9375
1464,1.4447115384615385
1465,0.9639423076923077
1466,0.11778846153846154
1467,9.9375
1468,5.9110576923076925
1469,0.4495192307692308
1470,4.487980769230769
1471,2.2836538461538463
1472,2.4783653846153846
1473,0.7379807692307692
1474,1.8245192307692308
1475,0.9134615384615384
1476,0.8581730769230769
1477,1.2836538461538463
1478,0.9855769230769231
1479,1.1706730769230769
1480,1.7908653846153846
1481,0.27163461538461536
1482,1.2163461538461537
1483,0.040865384615384616
1484,0.5865384615384616
1485,0.3317307692307692
1486,0.3293269230769231
1487,0.31971153846153844
1488,1.7548076923076923
1489,1.0192307692307692
1490,0.34375
1491,1.5456730769230769
1492,0.15384615384615385
1493,0.2620192307692308
1494,0.4519230769230769
1495,0.20192307692307693
1496,1.6995192307692308
1497,0.7019230769230769
1498,0.43028846153846156
1499,0.38221153846153844
1500,0.8653846153846154
1501,0.0
1502,2.8846153846153846
1503,2.1153846153846154
1504,0.19230769230769232
1505,0.5769230769230769
1506,1.28125
1507,0.19230769230769232
1508,5.5048076923076925
1509,1.0048076923076923
1510,2.173076923076923
1511,0.6947115384615384
1512,1.2668269230769231
1513,0.1610576923076923
1514,0.9759615384615384
1515,3.2860576923076925
1516,1.2139423076923077
1517,1.8197115384615383
1518,1.6730769230769231
1519,0.8076923076923077
1520,2.0841346153846154
1521,0.05048076923076923
1522,0.3846153846153846
1523,0.5913461538461539
1524,0.6802884615384616
1525,4.021634615384615
1526,3.3413461538461537
1527,1.0024038461538463
1528,2.045673076923077
1529,2.1274038461538463
1530,1.2932692307692308
1531,2.108173076923077
1532,0.25961538461538464
1533,0.9423076923076923
1534,0.6658653846153846
1535,0.2235576923076923
1536,0.3076923076923077
1537,1.2596153846153846
1538,1.8533653846153846
1539,2.1634615384615383
1540,0.39903846153846156
1541,0.15384615384615385
1542,1.3125
1543,1.5192307692307692
1544,2.4903846153846154
1545,1.9975961538461537
1546,2.0961538461538463
1547,1.7259615384615383
1548,1.9302884615384617
1549,0.9038461538461539
1550,0.8293269230769231
1551,0.47115384615384615
1552,0.5865384615384616
1553,0.5216346153846154
1554,0.37740384615384615
1555,0.20192307692307693
1556,0.9375
1557,1.3125
1558,0.19230769230769232
1559,0.5769230769230769
1560,1.6346153846153846
1561,0.5769230769230769
1562,1.1538461538461537
1563,0.20192307692307693
1564,1.3677884615384615
1565,0.8774038461538461
1566,3.46875
1567,1.0961538461538463
1568,2.2283653846153846
1569,0.34134615384615385
1570,0.375
1571,0.47115384615384615
1572,0.2764423076923077
1573,0.9903846153846154
1574,1.0384615384615383
1575,0.5769230769230769
1576,1.3774038461538463
1577,0.7163461538461539
1578,0.6105769230769231
1579,0.1923076923076923
1580,0.6177884615384616
1581,0.2692307692307692
1582,0.20673076923076922
1583,4.454326923076923
1584,2.4302884615384617
1585,0.5432692307692307
1586,1.6899038461538463
1587,1.3245192307692308
1588,1.3966346153846154
1589,1.8701923076923077
1590,0.44471153846153844
1591,0.12980769230769232
1592,1.1322115384615385
1593,0.43990384615384615
1594,0.2764423076923077
1595,2.8846153846153846
1596,0.9447115384615384
1597,0.22355769230769232
1598,0.7427884615384616
1599,0.055288461538461536
1600,0.44711538461538464
1601,0.8076923076923077
1602,1.6105769230769231
1603,0.23798076923076922
1604,1.8341346153846154
1605,1.2572115384615383
1606,2.1298076923076925
1607,0.6538461538461539
1608,0.6322115384615384
1609,0.5841346153846154
1610,1.0264423076923077
1611,0.5841346153846154
1612,0.9639423076923077
1613,0.2091346153846154
1614,0.3028846153846154
1615,0.4495192307692308
1616,0.0
1617,0.19230769230769232
1618,2.4038461538461537
1619,0.19230769230769232
1620,0.5769230769230769
1621,0.3894230769230769
1622,0.5120192307692307
1623,0.10336538461538461
1624,4.319711538461538
1625,2.5625
1626,3.3413461538461537
1627,0.1875
1628,1.5889423076923077
1629,0.8870192307692308
1630,0.1778846153846154
1631,3.7355769230769234
1632,2.84375
1633,2.0625
1634,0.6466346153846154
1635,0.8822115384615384
1636,2.110576923076923
1637,0.16826923076923078
1638,1.3365384615384615
1639,0.4591346153846154
1640,1.6225961538461537
1641,13.673076923076923
1642,2.293269230769231
1643,0.90625
1644,3.637019230769231
1645,1.4543269230769231
1646,4.336538461538462
1647,1.2836538461538463
1648,1.8317307692307692
1649,1.6826923076923077
1650,0.7548076923076923
1651,0.2956730769230769
1652,0.4230769230769231
1653,2.4591346153846154
1654,4.894230769230769
1655,0.3653846153846154
1656,0.15865384615384615
1657,0.04807692307692308
1658,1.7427884615384617
1659,1.2355769230769231
1660,2.7115384615384617
1661,0.1298076923076923
1662,4.170673076923077
1663,1.8149038461538463
1664,1.4086538461538463
1665,0.6057692307692308
1666,0.5673076923076923
1667,0.15384615384615385
1668,0.2620192307692308
1669,0.4783653846153846
1670,0.6899038461538461
1671,0.37740384615384615
1672,0.6033653846153846
1673,1.4951923076923077
1674,0.38461538461538464
1675,0.09615384615384616
1676,2.2115384615384617
1677,1.4423076923076923
1678,0.4807692307692308
1679,0.6947115384615384
1680,1.8461538461538463
1681,0.10096153846153846
1682,2.3173076923076925
1683,3.550480769230769
1684,1.7451923076923077
1685,0.5096153846153846
1686,1.2692307692307692
1687,0.37740384615384615
1688,0.3557692307692308
1689,2.387019230769231
1690,1.4447115384615385
1691,1.8822115384615383
1692,1.1658653846153846
1693,1.6586538461538463
1694,0.40865384615384615
1695,0.0889423076923077
1696,0.34375
1697,0.2620192307692308
1698,0.4567307692307692
1699,7.293269230769231
1700,2.1394230769230766
1701,0.9399038461538461
1702,1.6802884615384617
1703,2.6514423076923075
1704,1.7259615384615383
1705,1.3341346153846154
1706,1.8100961538461537
1707,0.46634615384615385
1708,0.7956730769230769
1709,0.6778846153846154
1710,0.2451923076923077
1711,0.6490384615384616
1712,1.8100961538461537
1713,0.6033653846153846
1714,0.2451923076923077
1715,0.3245192307692308
1716,0.6057692307692308
1717,1.7692307692307692
1718,0.7259615384615384
1719,0.7692307692307692
1720,4.403846153846154
1721,0.8677884615384616
1722,1.4591346153846154
1723,0.2860576923076923
1724,0.18990384615384615
1725,0.33653846153846156
1726,0.4903846153846154
1727,1.0240384615384615
1728,0.6538461538461539
1729,0.15865384615384615
1730,0.31490384615384615
1731,0.28846153846153844
1732,0.0
1733,0.0
1734,1.25
1735,1.5384615384615385
1736,0.38461538461538464
1737,0.3918269230769231
1738,0.3918269230769231
1739,0.4951923076923077
1740,6.9375
1741,2.112980769230769
1742,1.1009615384615383
1743,1.0480769230769231
1744,1.1466346153846154
1745,0.14423076923076922
1746,0.8149038461538461
1747,1.5745192307692308
1748,1.1634615384615383
1749,0.4903846153846154
1750,0.9447115384615384
1751,0.6201923076923077
1752,1.1153846153846154
1753,0.4423076923076923
1754,0.07211538461538461
1755,0.0985576923076923
1756,0.2091346153846154
1757,3.5048076923076925
1758,2.4158653846153846
1759,0.6995192307692307
1760,1.2379807692307692
1761,0.9471153846153846
1762,1.5072115384615383
1763,2.173076923076923
1764,0.3894230769230769
1765,0.9158653846153846
1766,1.1009615384615385
1767,0.1201923076923077
1768,0.4110576923076923
1769,0.5192307692307692
1770,2.1418269230769234
1771,0.4495192307692308
1772,0.2668269230769231
1773,0.2451923076923077
1774,1.0480769230769231
1775,3.9447115384615383
1776,0.4735576923076923
1777,0.4903846153846154
1778,1.0745192307692308
1779,2.34375
1780,2.4591346153846154
1781,0.7716346153846154
1782,1.0192307692307692
1783,0.17548076923076922
1784,1.1129807692307692
1785,0.3293269230769231
1786,0.6153846153846154
1787,1.0985576923076923
1788,1.0504807692307692
1789,0.3846153846153846
1790,0.0
1791,0.6730769230769231
1792,0.6730769230769231
1793,0.19230769230769232
1794,0.38461538461538464
1795,0.59375
1796,0.6826923076923077
1797,1.0961538461538463
1798,5.908653846153847
1799,1.7908653846153846
1800,1.9134615384615385
1801,1.2788461538461537
1802,0.28846153846153844
1803,0.4326923076923077
1804,0.6634615384615384
1805,1.6971153846153846
1806,1.09375
1807,0.9423076923076923
1808,0.5288461538461539
1809,1.6418269230769231
1810,0.34134615384615385
1811,0.6971153846153846
1812,0.2956730769230769
1813,0.47596153846153844
1814,0.2235576923076923
1815,4.959134615384615
1816,4.045673076923077
1817,0.2980769230769231
1818,2.3918269230769234
1819,1.0288461538461537
1820,0.875
1821,1.7043269230769231
1822,0.8004807692307692
1823,0.23557692307692307
1824,0.040865384615384616
1825,0.6225961538461539
1826,1.0889423076923077
1827,5.074519230769231
1828,0.8653846153846154
1829,1.1754807692307692
1830,1.0865384615384617
1831,2.09375
1832,0.038461538461538464
1833,0.5480769230769231
1834,0.0673076923076923
1835,0.22596153846153846
1836,1.0360576923076923
1837,2.3173076923076925
1838,0.5961538461538461
1839,0.2668269230769231
1840,0.6899038461538461
1841,0.7980769230769231
1842,1.0817307692307692
1843,0.33653846153846156
1844,0.6586538461538461
1845,0.2596153846153846
1846,0.5480769230769231
1847,0.1466346153846154
1848,0.0
1849,0.4807692307692308
1850,1.3461538461538463
1851,0.09615384615384616
1852,0.4807692307692308
1853,0.9975961538461539
1854,0.6826923076923077
1855,0.5817307692307693
1856,8.38701923076923
1857,0.5889423076923077
1858,2.012019230769231
1859,3.4110576923076925
1860,2.0288461538461537
1861,0.2668269230769231
1862,1.0649038461538463
1863,1.4567307692307692
1864,2.418269230769231
1865,2.15625
1866,0.8942307692307692
1867,1.2668269230769231
1868,0.44471153846153844
1869,1.5120192307692308
1870,1.1658653846153846
1871,0.5576923076923077
1872,0.47596153846153844
1873,13.310096153846153
1874,3.0961538461538463
1875,0.75
1876,3.605769230769231
1877,4.266826923076923
1878,1.5288461538461537
1879,0.3293269230769231
1880,1.5528846153846154
1881,0.9783653846153846
1882,0.4110576923076923
1883,0.8389423076923077
1884,1.2427884615384617
1885,1.0168269230769231
1886,0.7980769230769231
1887,0.5817307692307692
1888,1.5336538461538463
1889,1.4735576923076923
1890,0.3605769230769231
1891,1.4278846153846154
1892,0.8798076923076923
1893,0.10336538461538461
1894,1.0985576923076923
1895,2.5600961538461537
1896,1.9230769230769231
1897,0.44711538461538464
1898,0.2692307692307692
1899,1.0048076923076923
1900,1.7668269230769231
1901,0.3870192307692308
1902,0.8822115384615384
1903,0.5360576923076923
1904,0.5408653846153846
1905,0.5
1906,0.28846153846153844
1907,0.19230769230769232
1908,0.9615384615384616
1909,0.19230769230769232
1910,0.19230769230769232
1911,0.6995192307692307
1912,1.4639423076923077
1913,0.5889423076923077
1914,6.538461538461538
1915,3.8846153846153846
1916,2.1899038461538463
1917,1.5240384615384617
1918,0.5649038461538461
1919,1.5432692307692308
1920,0.8461538461538461
1921,1.8509615384615385
1922,1.7403846153846154
1923,2.03125
1924,0.5240384615384616
1925,0.5865384615384616
1926,0.5144230769230769
1927,1.3293269230769231
1928,1.1033653846153846
1929,0.13942307692307693
1930,0.30288461538461536
1931,6.7451923076923075
1932,2.855769230769231
1933,0.21394230769230768
1934,3.8485576923076925
1935,6.875
1936,1.0480769230769231
1937,1.9254807692307692
1938,1.4855769230769231
1939,0.6418269230769231
1940,0.7139423076923077
1941,1.8629807692307692
1942,1.3677884615384615
1943,2.0240384615384617
1944,0.5168269230769231
1945,1.1466346153846154
1946,0.46153846153846156
1947,0.37740384615384615
1948,0.53125
1949,1.9206730769230769
1950,2.3341346153846154
1951,0.4735576923076923
1952,2.0024038461538463
1953,1.7884615384615383
1954,2.0721153846153846
1955,0.8509615384615384
1956,0.9423076923076923
1957,0.4903846153846154
1958,1.2572115384615383
1959,0.7956730769230769
1960,1.8317307692307692
1961,1.7211538461538463
1962,0.49759615384615385
1963,0.28365384615384615
1964,0.19230769230769232
1965,0.19230769230769232
1966,2.5
1967,0.0
1968,0.38461538461538464
1969,0.20192307692307693
1970,0.9014423076923077
1971,0.6947115384615384
1972,3.6009615384615383
1973,12.701923076923077
1974,3.6081730769230766
1975,1.7788461538461537
1976,1.875
1977,0.5985576923076923
1978,0.6442307692307692
1979,6.71875
1980,3.0336538461538463
1981,3.3725961538461537
1982,0.8149038461538461
1983,2.3774038461538463
1984,0.9014423076923077
1985,1.7692307692307692
1986,0.5817307692307693
1987,1.0769230769230769
1988,0.8028846153846154
1989,11.314903846153847
1990,3.4927884615384617
1991,1.2451923076923077
1992,2.6586538461538463
1993,5.8701923076923075
1994,1.65625
1995,2.0
1996,3.6153846153846154
1997,0.8341346153846154
1998,0.13701923076923078
1999,1.1394230769230769
2000,0.8365384615384616
2001,3.8173076923076925
2002,1.9831730769230769
2003,0.5793269230769231
2004,1.7331730769230769
2005,0.14423076923076922
2006,4.324519230769231
2007,3.2740384615384617
2008,0.8028846153846154
2009,0.8317307692307692
2010,6.908653846153847
2011,0.4807692307692308
2012,4.3173076923076925
2013,2.1538461538461537
2014,1.4831730769230769
2015,1.5745192307692308
2016,2.2019230769230766
2017,1.1081730769230769
2018,1.3221153846153846
2019,0.5841346153846154
2020,1.0889423076923077
2021,0.4543269230769231
2022,0.0
2023,0.5769230769230769
2024,3.269230769230769
2025,0.19230769230769232
2026,0.4807692307692308
2027,1.59375
2028,1.4639423076923077
2029,0.0
2030,5.322115384615385
2031,1.4519230769230769
2032,0.7475961538461539
2033,1.7355769230769231
2034,1.7355769230769231
2035,0.35336538461538464
2036,1.5336538461538463
2037,1.9447115384615383
2038,3.855769230769231
2039,1.0985576923076923
2040,1.8076923076923077
2041,2.420673076923077
2042,0.5
2043,0.8966346153846154
2044,1.4206730769230769
2045,0.23557692307692307
2046,0.23557692307692307
2047,11.79326923076923
2048,5.478365384615385
2049,0.59375
2050,5.632211538461538
2051,1.8846153846153846
2052,1.8341346153846154
2053,1.84375
2054,1.5216346153846154
2055,1.75
2056,0.28365384615384615
2057,0.9783653846153846
2058,0.6153846153846154
2059,0.8461538461538461
2060,2.2475961538461537
2061,0.6153846153846154
2062,1.0961538461538463
2063,0.24278846153846154
2064,1.3918269230769231
2065,0.6274038461538461
2066,0.2932692307692308
2067,0.15865384615384615
2068,1.6586538461538463
2069,0.8677884615384616
2070,0.5408653846153846
2071,1.9206730769230769
2072,0.6754807692307692
2073,0.27403846153846156
2074,1.1947115384615383
2075,0.2139423076923077
2076,1.6778846153846154
2077,0.34375
2078,0.6514423076923077
2079,0.3870192307692308
2080,0.09615384615384616
2081,0.28846153846153844
2082,4.615384615384615
2083,2.5961538461538463
2084,0.7692307692307693
2085,0.10096153846153846
2086,1.7475961538461537
2087,0.007211538461538462
2088,5.574519230769231
2089,1.2355769230769231
2090,1.0649038461538463
2091,1.5576923076923077
2092,0.23557692307692307
2093,0.5192307692307692
2094,0.8052884615384616
2095,1.7620192307692308
2096,2.079326923076923
2097,2.0048076923076925
2098,1.8485576923076923
2099,0.8028846153846154
2100,1.8389423076923077
2101,0.14423076923076922
2102,0.37740384615384615
2103,0.5264423076923077
2104,0.5721153846153846
2105,6.3798076923076925
2106,2.9591346153846154
2107,0.9278846153846154
2108,2.5985576923076925
2109,2.1778846153846154
2110,1.6225961538461537
2111,0.96875
2112,0.22596153846153846
2113,1.6009615384615385
2114,0.9086538461538461
2115,0.9206730769230769
2116,0.7067307692307693
2117,1.5697115384615383
2118,2.5408653846153846
2119,1.9254807692307692
2120,0.0889423076923077
2121,0.4855769230769231
2122,1.8004807692307692
2123,2.2836538461538463
2124,0.7668269230769231
2125,1.125
2126,1.6442307692307692
2127,1.4759615384615383
2128,1.7596153846153846
2129,1.1346153846153846
2130,0.5769230769230769
2131,0.8605769230769231
2132,0.6802884615384616
2133,0.19230769230769232
2134,0.44471153846153844
2135,0.125
2136,1.2211538461538463
2137,0.6274038461538461
2138,0.28846153846153844
2139,0.8653846153846154
2140,1.0576923076923077
2141,0.09615384615384616
2142,2.5961538461538463
2143,0.19951923076923078
2144,1.9519230769230769
2145,0.8774038461538461
2146,2.3581730769230766
2147,0.7620192307692307
2148,3.110576923076923
2149,0.3341346153846154
2150,0.8894230769230769
2151,0.2596153846153846
2152,0.28125
2153,0.9350961538461539
2154,1.1514423076923077
2155,1.1201923076923077
2156,0.9831730769230769
2157,0.8798076923076923
2158,0.3894230769230769
2159,0.5168269230769231
2160,0.4254807692307692
2161,0.6201923076923077
2162,0.3966346153846154
2163,3.4903846153846154
2164,1.1850961538461537
2165,0.5456730769230769
2166,1.0721153846153846
2167,2.293269230769231
2168,1.3990384615384617
2169,1.3774038461538463
2170,0.5985576923076923
2171,0.17548076923076922
2172,1.4831730769230769
2173,0.16346153846153846
2174,0.5649038461538461
2175,8.399038461538462
2176,0.84375
2177,0.2620192307692308
2178,0.5456730769230769
2179,0.2620192307692308
2180,0.5288461538461539
2181,0.7403846153846154
2182,0.5841346153846154
2183,0.1826923076923077
2184,1.8461538461538463
2185,1.6490384615384617
2186,2.7596153846153846
2187,0.7283653846153846
2188,0.3293269230769231
2189,0.4831730769230769
2190,0.9615384615384616
2191,0.31009615384615385
2192,0.8605769230769231
2193,0.46634615384615385
2194,0.71875
2195,0.4471153846153846
2196,0.0
2197,0.0
2198,1.7307692307692308
2199,0.09615384615384616
2200,0.5769230769230769
2201,0.5817307692307693
2202,0.2283653846153846
2203,0.19951923076923078
2204,5.331730769230769
2205,2.1105769230769234
2206,1.1875
2207,0.2956730769230769
2208,2.5288461538461537
2209,1.1490384615384615
2210,0.6514423076923077
2211,4.084134615384615
2212,1.8076923076923077
2213,1.9326923076923077
2214,0.7716346153846154
2215,1.0288461538461537
2216,2.454326923076923
2217,0.16826923076923078
2218,0.6370192307692308
2219,0.3557692307692308
2220,1.7307692307692308
2221,12.682692307692307
2222,3.3341346153846154
2223,0.8317307692307693
2224,5.665865384615385
2225,1.7860576923076923
2226,4.09375
2227,0.9831730769230769
2228,1.5504807692307692
2229,0.6033653846153846
2230,1.5048076923076923
2231,0.20192307692307693
2232,0.3293269230769231
2233,2.7331730769230766
2234,3.8677884615384617
2235,1.1057692307692308
2236,0.3629807692307692
2237,0.04326923076923077
2238,0.6923076923076923
2239,1.0961538461538463
2240,0.4639423076923077
2241,0.43028846153846156
2242,4.766826923076923
2243,2.2884615384615383
2244,1.3629807692307692
2245,1.0336538461538463
2246,1.1105769230769231
2247,0.2596153846153846
2248,0.7548076923076923
2249,0.31971153846153844
2250,0.7019230769230769
2251,0.28125
2252,0.8413461538461539
2253,0.96875
2254,0.28846153846153844
2255,0.09615384615384616
2256,2.7884615384615383
2257,1.25
2258,0.0
2259,0.2980769230769231
2260,1.4663461538461537
2261,0.2932692307692308
2262,1.5456730769230769
2263,1.8581730769230769
2264,0.8173076923076923
2265,0.13701923076923078
2266,0.8293269230769231
2267,0.5504807692307692
2268,1.0120192307692308
2269,2.425480769230769
2270,2.1346153846153846
2271,1.3533653846153846
2272,1.2596153846153846
2273,2.0721153846153846
2274,0.28846153846153844
2275,0.2451923076923077
2276,0.21875
2277,0.14182692307692307
2278,0.30528846153846156
2279,8.971153846153847
2280,2.8798076923076925
2281,0.9375
2282,3.0985576923076925
2283,2.0264423076923075
2284,1.6658653846153846
2285,1.9591346153846154
2286,2.125
2287,0.7427884615384616
2288,1.0192307692307692
2289,0.7980769230769231
2290,0.2235576923076923
2291,1.6754807692307692
2292,2.0961538461538463
2293,0.96875
2294,0.4471153846153846
2295,0.11778846153846154
2296,1.0865384615384617
2297,0.8052884615384616
2298,0.18509615384615385
2299,0.8798076923076923
2300,4.293269230769231
2301,0.8365384615384616
2302,1.2043269230769231
2303,1.3173076923076923
2304,0.24519230769230768
2305,0.24278846153846154
2306,0.96875
2307,1.3461538461538463
2308,0.6538461538461539
2309,0.1658653846153846
2310,0.36778846153846156
2311,0.28846153846153844
2312,0.0
2313,0.0
2314,2.3076923076923075
2315,1.8269230769230769
2316,0.38461538461538464
2317,0.19230769230769232
2318,0.2932692307692308
2319,0.7860576923076923
2320,8.75364077669903
2321,1.3965412621359223
2322,1.6201456310679612
2323,0.5837378640776699
2324,0.520631067961165
2325,0.22724514563106796
2326,0.3671116504854369
2327,2.0403519417475726
2328,1.6571601941747574
2329,0.7503033980582524
2330,2.375
2331,1.0500606796116505
2332,1.2481796116504853
2333,0.8334344660194175
2334,0.17141990291262135
2335,0.09951456310679611
2336,0.602245145631068
2337,3.7427184466019416
2338,2.694478155339806
2339,0.8179611650485437
2340,3.3361650485436893
2341,1.3904733009708738
2342,1.7421116504854368
2343,2.5737257281553396
2344,0.6516990291262136
2345,0.7154126213592233
2346,0.46571601941747576
2347,0.4098907766990291
2348,0.6080097087378641
2349,0.5433859223300971
2350,2.5239684466019416
2351,1.2433252427184467
2352,0.47451456310679613
2353,0.8422330097087378
2354,0.7066140776699029
2355,1.67748786407767
2356,0.9296116504854369
2357,0.1553398058252427
2358,1.2354368932038835
2359,3.129247572815534
2360,1.0640169902912622
2361,0.46571601941747576
2362,0.6298543689320388
2363,0.5949635922330097
2364,1.3944174757281553
2365,0.23938106796116504
2366,1.0209344660194175
2367,0.8577063106796117
2368,0.8003640776699029
2369,1.3434466019417475
2370,0.09617718446601942
2371,0.19235436893203883
2372,1.5388349514563107
2373,0.5770631067961165
2374,0.7694174757281553
2375,0.2982402912621359
2376,1.0797936893203883
2377,0.8777305825242718
2378,7.135315533980583
2379,2.4720873786407767
2380,0.9635922330097088
2381,0.4074635922330097
2382,0.6732402912621359
2383,0.5521844660194175
2384,1.456007281553398
2385,1.4302184466019416
2386,2.6480582524271843
2387,1.4381067961165048
2388,0.5449029126213593
2389,1.3725728155339807
2390,0.36862864077669905
2391,0.6337985436893204
2392,0.36620145631067963
2393,0.47451456310679613
2394,0.5100121359223301
2395,6.602245145631068
2396,2.8304004854368934
2397,0.24757281553398058
2398,2.9796723300970873
2399,1.5109223300970873
2400,1.4453883495145632
2401,3.4378033980582523
2402,0.8237257281553398
2403,0.7105582524271845
2404,0.15442961165048544
2405,0.5060679611650485
2406,0.6814320388349515
2407,2.4554004854368934
2408,0.6732402912621359
2409,1.8379854368932038
2410,1.5925364077669903
2411,0.793992718446602
2412,0.25303398058252424
2413,0.989381067961165
2414,0.050970873786407765
2415,0.46480582524271846
2416,1.5430825242718447
2417,2.6956917475728157
2418,0.7848907766990292
2419,0.4171723300970874
2420,0.3913834951456311
2421,0.45115291262135926
2422,0.5424757281553398
2423,0.12864077669902912
2424,1.0427791262135921
2425,0.7445388349514563
2426,0.4462985436893204
2427,0.05825242718446602
2428,0.0
2429,0.19235436893203883
2430,1.154126213592233
2431,0.19235436893203883
2432,0.8655946601941747
2433,0.7912621359223301
2434,0.5964805825242718
2435,0.3895631067961165
2436,8.38622572815534
2437,1.8701456310679612
2438,2.2020631067961167
2439,2.560983009708738
2440,2.2682038834951457
2441,0.35345873786407767
2442,1.1777912621359223
2443,1.9199029126213591
2444,0.9726941747572815
2445,2.8528519417475726
2446,1.0194174757281553
2447,2.3546723300970873
2448,0.38076456310679613
2449,0.6881067961165048
2450,0.30643203883495146
2451,0.7615291262135923
2452,0.7169296116504854
2453,12.137135922330097
2454,3.9329490291262137
2455,0.9538834951456311
2456,5.675364077669903
2457,4.895631067961165
2458,1.8916868932038835
2459,0.4535800970873787
2460,2.1034587378640777
2461,1.8091626213592233
2462,0.5351941747572816
2463,0.6080097087378641
2464,1.2651699029126213
2465,2.3006674757281553
2466,1.3671116504854368
2467,0.5327669902912622
2468,1.7776092233009708
2469,1.3929004854368932
2470,0.42870145631067963
2471,1.4283980582524272
2472,1.7387742718446602
2473,0.2199635922330097
2474,1.5782766990291264
2475,2.327366504854369
2476,2.336771844660194
2477,1.0776699029126213
2478,0.8731796116504854
2479,1.5658373786407767
2480,1.2782160194174756
2481,0.524878640776699
2482,0.9839199029126213
2483,0.4496359223300971
2484,0.6629247572815534
2485,0.3015776699029126
2486,0.7694174757281553
2487,0.6732402912621359
2488,1.0579490291262137
2489,0.4808859223300971
2490,1.4426577669902914
2491,1.4839199029126213
2492,1.4596480582524272
2493,1.0846480582524272
2494,8.33859223300971
2495,5.786407766990291
2496,2.5992111650485437
2497,1.754247572815534
2498,1.3677184466019416
2499,0.6177184466019418
2500,0.8528519417475728
2501,2.2396844660194173
2502,1.564623786407767
2503,1.2709344660194175
2504,0.6571601941747572
2505,1.797633495145631
2506,0.23604368932038836
2507,1.258495145631068
2508,0.4842233009708738
2509,0.7178398058252426
2510,0.5891990291262136
2511,7.154733009708738
2512,1.3446601941747574
2513,0.20145631067961164
2514,6.275788834951456
2515,6.147754854368932
2516,2.253640776699029
2517,1.9296116504854368
2518,2.7360436893203883
2519,0.7454490291262136
2520,1.1495752427184467
2521,1.487257281553398
2522,1.4833131067961165
2523,2.9150485436893203
2524,1.304004854368932
2525,0.9223300970873787
2526,1.410497572815534
2527,0.38895631067961167
2528,0.3267597087378641
2529,3.537014563106796
2530,0.15048543689320387
2531,0.5585558252427184
2532,3.4520631067961167
2533,2.842233009708738
2534,2.4472087378640777
2535,1.4541868932038835
2536,1.356492718446602
2537,1.0160800970873787
2538,1.4214199029126213
2539,0.8200849514563107
2540,1.4220266990291262
2541,1.0615898058252426
2542,0.7041868932038835
2543,0.2967233009708738
2544,0.09617718446601942
2545,0.28853155339805825
2546,1.6350121359223302
2547,0.0
2548,0.09617718446601942
2549,0.4016990291262136
2550,1.4596480582524272
2551,0.6950849514563107
2552,3.8404126213592233
2553,7.693567961165049
2554,4.108919902912621
2555,1.3671116504854368
2556,1.414745145631068
2557,1.227245145631068
2558,0.33798543689320387
2559,8.072815533980583
2560,2.91747572815534
2561,2.7412014563106797
2562,0.6089199029126213
2563,1.9839199029126213
2564,0.8091626213592233
2565,2.631371359223301
2566,1.0233616504854368
2567,0.7703276699029127
2568,1.5430825242718447
2569,11.28883495145631
2570,3.2760922330097086
2571,1.2354368932038835
2572,5.101638349514563
2573,2.85376213592233
2574,2.2151092233009706
2575,3.59375
2576,3.664138349514563
2577,1.1092233009708738
2578,0.13349514563106796
2579,1.5254854368932038
2580,1.022754854368932
2581,5.131978155339806
2582,3.88501213592233
2583,0.46359223300970875
2584,1.385618932038835
2585,0.3904733009708738
2586,3.3619538834951457
2587,0.8498179611650485
2588,0.41899271844660196
2589,1.2199635922330097
2590,5.595570388349515
2591,1.0579490291262137
2592,2.4156553398058254
2593,1.9199029126213591
2594,1.9159587378640777
2595,1.5585558252427185
2596,3.4484223300970873
2597,0.9851334951456311
2598,1.162621359223301
2599,0.8844053398058253
2600,0.8610436893203883
2601,0.5788834951456311
2602,0.28853155339805825
2603,0.4808859223300971
2604,3.943264563106796
2605,0.19235436893203883
2606,0.19235436893203883
2607,0.9811893203883495
2608,3.590109223300971
2609,0.0
2610,13.299757281553397
2611,1.7205703883495147
2612,0.9605582524271845
2613,1.4478155339805825
2614,2.1204490291262137
2615,1.1956917475728155
2616,0.7421116504854369
2617,2.9450849514563107
2618,2.743628640776699
2619,3.3844053398058254
2620,2.637742718446602
2621,1.537621359223301
2622,0.5788834951456311
2623,0.7284587378640777
2624,2.481492718446602
2625,0.9757281553398058
2626,0.15685679611650485
2627,17.10103155339806
2628,9.18871359223301
2629,0.633495145631068
2630,6.584041262135923
2631,2.7184466019417477
2632,2.5530946601941746
2633,2.5664441747572817
2634,2.224514563106796
2635,1.0858616504854368
2636,0.19326456310679613
2637,0.7988470873786409
2638,0.7236043689320388
2639,2.966019417475728
2640,3.2096480582524274
2641,0.4077669902912621
2642,1.1529126213592233
2643,0.2345266990291262
2644,0.8634708737864077
2645,0.350121359223301
2646,0.19902912621359223
2647,0.6920509708737864
2648,3.0849514563106797
2649,1.6240898058252426
2650,2.341626213592233
2651,2.1695995145631066
2652,0.8780339805825244
2653,0.5755461165048543
2654,1.2360436893203883
2655,0.35497572815533984
2656,2.012742718446602
2657,0.29035194174757284
2658,0.4817961165048544
2659,0.5546116504854369
2660,0.28853155339805825
2661,0.09617718446601942
2662,3.5585558252427183
2663,1.6350121359223302
2664,0.19235436893203883
2665,0.5794902912621359
2666,1.8589199029126213
2667,0.0048543689320388345
2668,6.814320388349515
2669,2.1544296116504853
2670,1.7266383495145632
2671,0.7324029126213593
2672,0.5182038834951457
2673,0.3525485436893204
2674,0.7445388349514563
2675,1.893507281553398
2676,1.8455703883495147
2677,2.1380461165048543
2678,1.5989077669902914
2679,0.6046723300970873
2680,2.2327063106796117
2681,0.1617111650485437
2682,0.0825242718446602
2683,0.3112864077669903
2684,1.5260922330097086
2685,8.022754854368932
2686,4.653519417475728
2687,0.8592233009708737
2688,1.5943567961165048
2689,2.394114077669903
2690,1.9456917475728155
2691,0.7891383495145632
2692,0.21601941747572814
2693,0.44872572815533984
2694,0.7226941747572816
2695,0.4356796116504854
2696,0.20934466019417475
2697,1.0330703883495145
2698,1.6234830097087378
2699,0.7181432038834952
2700,0.3880461165048544
2701,0.3564927184466019
2702,0.9323422330097088
2703,1.2190533980582523
2704,1.0257888349514563
2705,1.6134708737864076
2706,1.6468446601941746
2707,2.339502427184466
2708,2.4784587378640777
2709,1.3128033980582523
2710,0.5239684466019418
2711,0.4842233009708738
2712,1.233616504854369
2713,0.46177184466019416
2714,0.2797330097087379
2715,0.5036407766990292
2716,1.2278519417475728
2717,1.0849514563106797
2718,0.19235436893203883
2719,0.9617718446601942
2720,1.7311893203883495
2721,0.19235436893203883
2722,0.38470873786407767
2723,0.872876213592233
2724,1.8613470873786409
2725,0.8850121359223301
2726,1.8240291262135924
2727,2.7851941747572817
2728,2.743628640776699
2729,0.35497572815533984
2730,0.256371359223301
2731,0.8325242718446602
2732,0.10922330097087378
2733,0.8279733009708738
2734,1.7339199029126213
2735,0.8844053398058253
2736,1.2554611650485437
2737,0.8237257281553398
2738,0.7921723300970873
2739,0.3137135922330097
2740,0.6353155339805825
2741,0.17141990291262135
2742,0.28944174757281554
2743,4.733009708737864
2744,2.1098300970873787
2745,0.5315533980582524
2746,0.722997572815534
2747,2.2779126213592233
2748,1.9368932038834952
2749,0.5967839805825244
2750,0.1650485436893204
2751,0.42688106796116504
2752,1.3604368932038835
2753,0.4842233009708738
2754,0.2651699029126213
2755,3.77002427184466
2756,0.8586165048543689
2757,0.27821601941747576
2758,0.7460558252427184
2759,0.4842233009708738
2760,0.7281553398058253
2761,0.537621359223301
2762,0.3759101941747573
2763,0.24817961165048544
2764,1.8683252427184467
2765,2.269114077669903
2766,2.5479368932038833
2767,0.5215412621359223
2768,0.8989684466019418
2769,0.4987864077669903
2770,0.9514563106796117
2771,0.36802184466019416
2772,0.3307038834951456
2773,0.7008495145631068
2774,1.1025485436893203
2775,0.9635922330097088
2776,0.19235436893203883
2777,0.5770631067961165
2778,3.0776699029126213
2779,0.19235436893203883
2780,0.09617718446601942
2781,0.29095873786407767
2782,1.1735436893203883
2783,0.09617718446601942
2784,5.554004854368932
2785,2.320995145631068
2786,1.9975728155339807
2787,0.4672330097087379
2788,1.6887135922330097
2789,2.6237864077669903
2790,1.2384708737864076
2791,4.985740291262136
2792,1.766383495145631
2793,1.9047330097087378
2794,1.3443567961165048
2795,0.8844053398058253
2796,3.1468446601941746
2797,0.20054611650485438
2798,0.7396844660194175
2799,0.055825242718446605
2800,2.6586771844660193
2801,14.254854368932039
2802,3.204490291262136
2803,0.9150485436893204
2804,4.659890776699029
2805,3.0885922330097086
2806,4.756674757281553
2807,0.7906553398058253
2808,1.5400485436893203
2809,1.837378640776699
2810,1.4250606796116505
2811,0.2651699029126213
2812,0.13258495145631066
2813,2.877730582524272
2814,3.7481796116504853
2815,0.31856796116504854
2816,0.2967233009708738
2817,0.8033980582524272
2818,2.6004247572815533
2819,0.8140169902912622
2820,0.34951456310679613
2821,0.11802184466019418
2822,6.591929611650485
2823,2.7776092233009706
2824,2.991504854368932
2825,1.77123786407767
2826,0.9208131067961165
2827,0.2578883495145631
2828,0.7493932038834952
2829,0.22239077669902912
2830,0.7994538834951457
2831,0.38076456310679613
2832,0.8285800970873787
2833,1.2821601941747574
2834,0.0
2835,0.09617718446601942
2836,1.6350121359223302
2837,2.4044296116504853
2838,0.19235436893203883
2839,0.01699029126213592
2840,1.3780339805825244
2841,0.19720873786407767
2842,2.195995145631068
2843,2.047633495145631
2844,0.9960558252427185
2845,0.818871359223301
2846,0.8343446601941747
2847,0.5142597087378641
2848,0.8819781553398058
2849,3.235740291262136
2850,2.106492718446602
2851,2.2851941747572817
2852,1.7105582524271845
2853,1.2472694174757282
2854,0.7008495145631068
2855,0.8276699029126213
2856,0.36862864077669905
2857,0.03398058252427184
2858,0.20054611650485438
2859,10.593143203883495
2860,2.63622572815534
2861,0.9660194174757282
2862,3.9408373786407767
2863,2.2205703883495147
2864,2.2861043689320386
2865,0.9984830097087378
2866,1.4478155339805825
2867,0.7663834951456311
2868,1.0097087378640777
2869,0.3234223300970874
2870,0.15685679611650485
2871,2.0679611650485437
2872,1.835254854368932
2873,0.46359223300970875
2874,0.0825242718446602
2875,0.6814320388349515
2876,1.3088592233009708
2877,1.1098300970873787
2878,0.16747572815533981
2879,1.0621966019417475
2880,6.820084951456311
2881,1.9077669902912622
2882,2.5800970873786406
2883,1.895631067961165
2884,0.12864077669902912
2885,0.17141990291262135
2886,0.520631067961165
2887,2.0118325242718447
2888,0.8689320388349515
2889,0.17141990291262135
2890,0.3161407766990291
2891,0.30400485436893204
2892,0.0
2893,0.0
2894,2.0197208737864076
2895,1.6350121359223302
2896,0.28853155339805825
2897,0.49059466019417475
2898,0.6999393203883495
2899,1.0870752427184467
2900,9.430288461538462
2901,1.5697115384615383
2902,1.0504807692307692
2903,0.7259615384615384
2904,0.8269230769230769
2905,0.23317307692307693
2906,0.7884615384615384
2907,1.7740384615384617
2908,1.9711538461538463
2909,1.0528846153846154
2910,1.4326923076923077
2911,0.9975961538461539
2912,1.6538461538461537
2913,0.5673076923076923
2914,0.5865384615384616
2915,0.1201923076923077
2916,1.1850961538461537
2917,4.221153846153847
2918,3.0288461538461537
2919,0.9326923076923077
2920,5.3389423076923075
2921,0.9639423076923077
2922,3.2283653846153846
2923,2.2331730769230766
2924,0.8990384615384616
2925,0.3846153846153846
2926,1.1298076923076923
2927,0.3221153846153846
2928,0.40625
2929,1.4903846153846154
2930,2.144230769230769
2931,1.2211538461538463
2932,0.5649038461538461
2933,2.0048076923076925
2934,0.7644230769230769
2935,0.9278846153846154
2936,0.5480769230769231
2937,0.6346153846153846
2938,2.4903846153846154
2939,2.7451923076923075
2940,3.050480769230769
2941,1.5072115384615383
2942,0.7596153846153846
2943,0.8894230769230769
2944,1.0576923076923077
2945,0.4591346153846154
2946,0.2932692307692308
2947,1.1009615384615383
2948,1.1105769230769231
2949,0.7475961538461539
2950,0.0
2951,0.4807692307692308
2952,0.5769230769230769
2953,0.28846153846153844
2954,0.5769230769230769
2955,0.7884615384615384
2956,2.233173076923077
2957,2.1514423076923075
2958,6.742788461538462
2959,1.9447115384615383
2960,1.5721153846153846
2961,0.4831730769230769
2962,0.19230769230769232
2963,0.6322115384615384
2964,0.36778846153846156
2965,1.9495192307692308
2966,2.4278846153846154
2967,0.5072115384615384
2968,1.3389423076923077
2969,1.4206730769230769
2970,0.6634615384615384
2971,1.2908653846153846
2972,0.7331730769230769
2973,0.875
2974,0.21394230769230768
2975,6.3125
2976,3.7644230769230766
2977,0.35096153846153844
2978,4.980769230769231
2979,2.1033653846153846
2980,0.7620192307692308
2981,2.7908653846153846
2982,1.1634615384615385
2983,0.6706730769230769
2984,0.2548076923076923
2985,1.0625
2986,0.5985576923076923
2987,3.512019230769231
2988,0.5769230769230769
2989,0.625
2990,1.3076923076923077
2991,1.0985576923076923
2992,0.16346153846153846
2993,0.5576923076923077
2994,0.08173076923076923
2995,0.14903846153846154
2996,1.3317307692307692
2997,2.6346153846153846
2998,0.7716346153846154
2999,0.2980769230769231
3000,1.1225961538461537
3001,0.6995192307692308
3002,0.6466346153846154
3003,0.4326923076923077
3004,1.4134615384615385
3005,0.5264423076923077
3006,0.7115384615384616
3007,0.12740384615384615
3008,0.0
3009,0.19230769230769232
3010,2.3076923076923075
3011,0.19230769230769232
3012,0.6730769230769231
3013,0.40625
3014,0.8822115384615384
3015,0.007211538461538462
3016,11.971153846153847
3017,2.1466346153846154
3018,2.2403846153846154
3019,3.519230769230769
3020,2.0841346153846154
3021,0.7644230769230769
3022,1.2644230769230769
3023,1.9230769230769231
3024,2.1225961538461537
3025,2.112980769230769
3026,1.2980769230769231
3027,2.137019230769231
3028,0.4471153846153846
3029,0.7451923076923077
3030,0.5745192307692308
3031,0.8221153846153846
3032,0.8197115384615384
3033,14.298076923076923
3034,5.795673076923077
3035,1.2572115384615385
3036,5.908653846153847
3037,6.733173076923077
3038,1.7956730769230769
3039,0.8004807692307692
3040,2.3365384615384617
3041,2.074519230769231
3042,1.3365384615384615
3043,2.2836538461538463
3044,1.9302884615384617
3045,3.0216346153846154
3046,0.7307692307692308
3047,2.15625
3048,2.1850961538461537
3049,0.9519230769230769
3050,1.1826923076923077
3051,1.6177884615384617
3052,1.9495192307692308
3053,0.6442307692307692
3054,3.2139423076923075
3055,4.15625
3056,2.610576923076923
3057,1.5192307692307692
3058,0.5552884615384616
3059,1.4639423076923077
3060,1.9615384615384617
3061,0.46153846153846156
3062,1.8221153846153846
3063,1.2740384615384617
3064,1.2451923076923077
3065,0.3581730769230769
3066,0.19230769230769232
3067,0.4807692307692308
3068,1.3461538461538463
3069,0.28846153846153844
3070,1.0576923076923077
3071,1.3605769230769231
3072,1.8605769230769231
3073,1.2860576923076923
3074,7.072115384615385
3075,5.132211538461538
3076,3.65625
3077,1.4879807692307692
3078,1.8822115384615383
3079,1.7043269230769231
3080,1.8269230769230769
3081,2.045673076923077
3082,3.2788461538461537
3083,2.2788461538461537
3084,0.9543269230769231
3085,1.4447115384615385
3086,0.33653846153846156
3087,1.3485576923076923
3088,1.5769230769230769
3089,0.5600961538461539
3090,0.5
3091,10.259615384615385
3092,3.5649038461538463
3093,0.24519230769230768
3094,5.9735576923076925
3095,5.649038461538462
3096,2.75
3097,1.3173076923076923
3098,1.6778846153846154
3099,0.6971153846153846
3100,1.5
3101,1.2067307692307692
3102,2.53125
3103,2.53125
3104,1.7115384615384617
3105,0.4326923076923077
3106,0.5552884615384616
3107,0.40865384615384615
3108,0.8245192307692308
3109,2.5600961538461537
3110,1.0600961538461537
3111,0.2860576923076923
3112,4.740384615384615
3113,3.012019230769231
3114,3.3677884615384617
3115,2.206730769230769
3116,2.0048076923076925
3117,0.5552884615384616
3118,1.6105769230769231
3119,1.7163461538461537
3120,2.1081730769230766
3121,1.7908653846153846
3122,1.0072115384615383
3123,0.3028846153846154
3124,0.4807692307692308
3125,0.09615384615384616
3126,1.5384615384615385
3127,0.7692307692307693
3128,0.4807692307692308
3129,0.7836538461538461
3130,1.3197115384615385
3131,1.7860576923076923
3132,5.725961538461538
3133,5.730769230769231
3134,9.002403846153847
3135,2.2524038461538463
3136,1.7403846153846154
3137,1.0769230769230769
3138,0.9711538461538461
3139,9.70673076923077
3140,3.762019230769231
3141,3.418269230769231
3142,0.9975961538461539
3143,2.1298076923076925
3144,0.7620192307692308
3145,2.8774038461538463
3146,1.125
3147,1.4375
3148,1.2163461538461537
3149,14.632211538461538
3150,4.25
3151,1.4879807692307692
3152,5.581730769230769
3153,6.819711538461538
3154,2.2644230769230766
3155,2.0721153846153846
3156,4.4951923076923075
3157,0.9182692307692308
3158,0.20432692307692307
3159,1.2572115384615383
3160,1.5408653846153846
3161,4.079326923076923
3162,3.2331730769230766
3163,0.3870192307692308
3164,1.3677884615384617
3165,0.9927884615384616
3166,3.612980769230769
3167,2.331730769230769
3168,0.8798076923076923
3169,0.7548076923076923
3170,8.134615384615385
3171,2.5024038461538463
3172,3.7836538461538463
3173,2.5552884615384617
3174,2.4639423076923075
3175,1.6514423076923077
3176,3.7091346153846154
3177,1.2572115384615383
3178,1.2836538461538463
3179,1.2932692307692308
3180,1.5673076923076923
3181,0.9086538461538461
3182,0.09615384615384616
3183,0.4807692307692308
3184,2.4038461538461537
3185,0.19230769230769232
3186,1.1538461538461537
3187,1.1658653846153846
3188,2.4326923076923075
3189,0.0
3190,16.997596153846153
3191,2.8509615384615383
3192,2.3076923076923075
3193,1.9230769230769231
3194,3.2019230769230766
3195,2.576923076923077
3196,0.8918269230769231
3197,4.221153846153847
3198,3.0360576923076925
3199,2.887019230769231
3200,2.3725961538461537
3201,2.7211538461538463
3202,0.4110576923076923
3203,1.5865384615384617
3204,2.6298076923076925
3205,1.1057692307692308
3206,0.3533653846153846
3207,21.0625
3208,8.399038461538462
3209,0.9086538461538461
3210,9.39423076923077
3211,3.34375
3212,3.0024038461538463
3213,1.9543269230769231
3214,2.358173076923077
3215,1.5600961538461537
3216,0.6971153846153846
3217,1.75
3218,0.2764423076923077
3219,3.1298076923076925
3220,3.7764423076923075
3221,0.7451923076923077
3222,1.5625
3223,0.28365384615384615
3224,0.8317307692307692
3225,1.1177884615384615
3226,0.13701923076923078
3227,0.8461538461538461
3228,3.7788461538461537
3229,1.3677884615384617
3230,1.0625
3231,3.5288461538461537
3232,1.0408653846153846
3233,0.38221153846153844
3234,1.1658653846153846
3235,0.25240384615384615
3236,2.233173076923077
3237,0.6850961538461539
3238,0.4903846153846154
3239,0.46634615384615385
3240,0.38461538461538464
3241,0.28846153846153844
3242,3.4615384615384617
3243,3.9423076923076925
3244,0.09615384615384616
3245,0.3918269230769231
3246,3.21875
3247,0.2932692307692308
3248,9.350961538461538
3249,3.199519230769231
3250,1.5264423076923077
3251,0.8317307692307692
3252,0.2932692307692308
3253,0.19471153846153846
3254,0.6778846153846154
3255,2.7716346153846154
3256,1.375
3257,2.3125
3258,1.5048076923076923
3259,0.6850961538461539
3260,2.2331730769230766
3261,0.5552884615384616
3262,0.3269230769230769
3263,0.4879807692307692
3264,1.6730769230769231
3265,5.15625
3266,3.5889423076923075
3267,0.9543269230769231
3268,3.4759615384615383
3269,0.4807692307692308
3270,3.262019230769231
3271,1.6033653846153846
3272,0.25961538461538464
3273,0.5649038461538461
3274,1.7860576923076923
3275,0.23317307692307693
3276,0.7884615384615384
3277,1.0865384615384615
3278,2.2283653846153846
3279,2.2740384615384617
3280,1.4591346153846154
3281,0.6875
3282,1.2043269230769231
3283,1.8677884615384617
3284,0.7211538461538461
3285,1.1153846153846154
3286,2.0600961538461537
3287,2.5528846153846154
3288,2.0456730769230766
3289,0.7163461538461539
3290,0.5192307692307692
3291,0.6971153846153846
3292,1.1538461538461537
3293,0.42788461538461536
3294,0.4783653846153846
3295,0.4206730769230769
3296,0.5504807692307692
3297,1.0480769230769231
3298,1.0576923076923077
3299,0.6730769230769231
3300,1.0576923076923077
3301,0.5769230769230769
3302,0.6730769230769231
3303,0.49038461538461536
3304,2.1514423076923075
3305,1.9278846153846154
3306,3.2644230769230766
3307,2.9615384615384617
3308,3.6033653846153846
3309,0.8894230769230769
3310,0.8629807692307692
3311,0.2860576923076923
3312,0.6947115384615384
3313,0.9735576923076923
3314,1.1129807692307692
3315,0.5600961538461539
3316,2.2283653846153846
3317,0.8389423076923077
3318,0.8557692307692308
3319,0.4879807692307692
3320,0.8605769230769231
3321,0.4110576923076923
3322,0.9951923076923077
3323,5.185096153846154
3324,1.8798076923076923
3325,0.5096153846153846
3326,1.5264423076923077
3327,1.7475961538461537
3328,2.019230769230769
3329,0.7043269230769231
3330,0.4254807692307692
3331,0.44471153846153844
3332,1.4086538461538463
3333,0.11538461538461539
3334,0.5769230769230769
3335,4.1201923076923075
3336,1.3774038461538463
3337,2.6875
3338,0.3629807692307692
3339,0.5216346153846154
3340,0.6201923076923077
3341,0.7620192307692308
3342,0.4495192307692308
3343,0.2451923076923077
3344,3.1658653846153846
3345,2.2427884615384617
3346,3.2115384615384617
3347,0.43028846153846156
3348,0.7932692307692308
3349,0.3557692307692308
3350,1.0576923076923077
3351,0.6730769230769231
3352,1.3076923076923077
3353,0.5240384615384616
3354,1.0360576923076923
3355,0.40865384615384615
3356,0.09615384615384616
3357,0.09615384615384616
3358,1.9230769230769231
3359,0.0
3360,0.6730769230769231
3361,0.2091346153846154
3362,0.7067307692307693
3363,0.38461538461538464
3364,5.735576923076923
3365,3.5144230769230766
3366,1.9783653846153846
3367,0.4206730769230769
3368,1.5673076923076923
3369,1.5769230769230769
3370,0.96875
3371,4.012019230769231
3372,4.189903846153846
3373,2.8389423076923075
3374,0.8653846153846154
3375,1.3485576923076923
3376,2.5528846153846154
3377,0.3605769230769231
3378,1.4350961538461537
3379,0.1826923076923077
3380,2.5961538461538463
3381,16.329326923076923
3382,2.4783653846153846
3383,1.2283653846153846
3384,4.9110576923076925
3385,1.0552884615384617
3386,6.201923076923077
3387,0.9711538461538461
3388,2.0673076923076925
3389,1.6995192307692308
3390,0.6899038461538461
3391,0.4831730769230769
3392,0.5985576923076923
3393,2.6514423076923075
3394,3.293269230769231
3395,0.6850961538461539
3396,0.3028846153846154
3397,0.6177884615384616
3398,1.3293269230769231
3399,1.2716346153846154
3400,0.7932692307692308
3401,0.02403846153846154
3402,4.802884615384615
3403,1.3966346153846154
3404,2.298076923076923
3405,2.0769230769230766
3406,1.875
3407,0.7235576923076923
3408,0.5120192307692308
3409,0.2716346153846154
3410,0.7427884615384616
3411,0.3076923076923077
3412,0.9543269230769231
3413,1.4158653846153846
3414,0.0
3415,0.0
3416,2.2115384615384617
3417,2.4038461538461537
3418,0.38461538461538464
3419,0.3894230769230769
3420,2.1466346153846154
3421,0.004807692307692308
3422,4.449519230769231
3423,2.6490384615384617
3424,1.3966346153846154
3425,0.3533653846153846
3426,1.9206730769230769
3427,1.1995192307692308
3428,1.2163461538461537
3429,3.0841346153846154
3430,1.9038461538461537
3431,1.5552884615384617
3432,1.3605769230769231
3433,1.2620192307692308
3434,1.0024038461538463
3435,0.10096153846153846
3436,1.0288461538461537
3437,0.46875
3438,0.8581730769230769
3439,11.370192307692308
3440,3.7788461538461537
3441,1.1730769230769231
3442,4.8173076923076925
3443,3.800480769230769
3444,1.6947115384615383
3445,1.2908653846153846
3446,1.9807692307692308
3447,0.8100961538461539
3448,1.0625
3449,0.6778846153846154
3450,0.3701923076923077
3451,3.4423076923076925
3452,1.8677884615384617
3453,2.0384615384615383
3454,0.13942307692307693
3455,0.5961538461538461
3456,1.2355769230769231
3457,1.1971153846153846
3458,1.0769230769230769
3459,0.6802884615384616
3460,5.764423076923077
3461,2.420673076923077
3462,2.2451923076923075
3463,1.5793269230769231
3464,0.33653846153846156
3465,0.47115384615384615
3466,1.3677884615384615
3467,1.9783653846153846
3468,0.4903846153846154
3469,0.46875
3470,0.6442307692307692
3471,0.4951923076923077
3472,0.09615384615384616
3473,0.0
3474,1.9230769230769231
3475,2.4038461538461537
3476,0.38461538461538464
3477,0.10336538461538461
3478,1.3028846153846154
3479,0.4951923076923077
3480,7.355769230769231
3481,1.4927884615384617
3482,1.3990384615384617
3483,0.19471153846153846
3484,0.3918269230769231
3485,0.125
3486,0.49759615384615385
3487,2.59375
3488,2.1225961538461537
3489,0.9543269230769231
3490,1.8701923076923077
3491,2.0913461538461537
3492,2.3413461538461537
3493,0.9495192307692308
3494,0.3870192307692308
3495,0.11538461538461539
3496,0.28125
3497,3.0048076923076925
3498,2.4086538461538463
3499,0.9591346153846154
3500,3.9038461538461537
3501,0.46875
3502,1.3533653846153846
3503,2.4086538461538463
3504,0.8341346153846154
3505,1.0913461538461537
3506,1.7548076923076923
3507,0.5432692307692308
3508,1.1274038461538463
3509,0.8653846153846154
3510,3.4639423076923075
3511,1.1298076923076923
3512,0.46634615384615385
3513,0.7163461538461539
3514,0.7091346153846154
3515,1.7235576923076923
3516,0.6346153846153846
3517,0.3173076923076923
3518,2.1826923076923075
3519,2.2908653846153846
3520,2.0336538461538463
3521,1.5769230769230769
3522,0.9783653846153846
3523,1.3918269230769231
3524,0.9807692307692308
3525,0.2764423076923077
3526,0.8125
3527,1.1274038461538463
3528,1.0168269230769231
3529,0.7596153846153846
3530,0.09615384615384616
3531,0.38461538461538464
3532,0.5841346153846154
3533,0.4831730769230769
3534,0.7716346153846154
3535,0.875
3536,1.7548076923076923
3537,1.4759615384615385
3538,6.497596153846153
3539,1.5072115384615383
3540,1.5360576923076923
3541,0.4471153846153846
3542,0.28846153846153844
3543,1.0168269230769231
3544,0.8028846153846154
3545,4.326923076923077
3546,2.6274038461538463
3547,0.8629807692307692
3548,1.9182692307692308
3549,2.9158653846153846
3550,0.2980769230769231
3551,0.8028846153846154
3552,1.28125
3553,0.9423076923076923
3554,0.1201923076923077
3555,3.8052884615384617
3556,4.675480769230769
3557,0.49759615384615385
3558,3.40625
3559,3.081730769230769
3560,1.5288461538461537
3561,4.490384615384615
3562,2.019230769230769
3563,0.65625
3564,0.052884615384615384
3565,1.2548076923076923
3566,0.8485576923076923
3567,3.237980769230769
3568,0.7692307692307693
3569,3.2860576923076925
3570,1.0841346153846154
3571,0.9663461538461539
3572,0.2644230769230769
3573,0.3846153846153846
3574,0.10817307692307693
3575,0.6394230769230769
3576,1.2283653846153846
3577,2.7211538461538463
3578,0.5841346153846154
3579,0.5264423076923077
3580,1.0552884615384615
3581,0.7355769230769231
3582,0.9086538461538461
3583,0.34615384615384615
3584,1.4182692307692308
3585,0.43509615384615385
3586,0.3125
3587,0.20673076923076922
3588,0.0
3589,0.38461538461538464
3590,1.7379807692307692
3591,0.09615384615384616
3592,0.38461538461538464
3593,1.2740384615384615
3594,0.9783653846153846
3595,0.002403846153846154
3596,8.841346153846153
3597,1.3725961538461537
3598,1.8822115384615383
3599,3.043269230769231
3600,1.7524038461538463
3601,0.25721153846153844
3602,0.8221153846153846
3603,2.0552884615384617
3604,3.3028846153846154
3605,1.9735576923076923
3606,1.2644230769230769
3607,1.9038461538461537
3608,0.8100961538461539
3609,0.6322115384615384
3610,0.8990384615384616
3611,1.2355769230769231
3612,0.28125
3613,13.963942307692307
3614,3.5961538461538463
3615,1.3269230769230769
3616,5.300480769230769
3617,13.295673076923077
3618,1.8413461538461537
3619,1.9206730769230769
3620,3.206730769230769
3621,1.7668269230769231
3622,0.7596153846153846
3623,1.4038461538461537
3624,1.1610576923076923
3625,1.2788461538461537
3626,1.2259615384615383
3627,2.78125
3628,1.5456730769230769
3629,2.2596153846153846
3630,1.0216346153846154
3631,1.7019230769230769
3632,1.2644230769230769
3633,0.09134615384615384
3634,2.7331730769230766
3635,3.0456730769230766
3636,2.576923076923077
3637,1.5216346153846154
3638,0.6730769230769231
3639,1.4254807692307692
3640,3.4350961538461537
3641,0.7884615384615384
3642,1.2067307692307692
3643,1.6947115384615383
3644,0.9447115384615384
3645,0.18990384615384615
3646,0.8653846153846154
3647,0.19230769230769232
3648,2.6009615384615383
3649,0.19471153846153846
3650,0.5841346153846154
3651,1.3629807692307692
3652,2.0528846153846154
3653,1.1826923076923077
3654,4.802884615384615
3655,4.572115384615385
3656,2.5336538461538463
3657,1.2163461538461537
3658,1.2091346153846154
3659,0.7091346153846154
3660,0.6081730769230769
3661,2.1033653846153846
3662,4.367788461538462
3663,1.8004807692307692
3664,2.0288461538461537
3665,3.21875
3666,0.5456730769230769
3667,1.4254807692307692
3668,1.4711538461538463
3669,1.1610576923076923
3670,0.5889423076923077
3671,8.40625
3672,2.4615384615384617
3673,0.2548076923076923
3674,5.228365384615385
3675,6.668269230769231
3676,1.6009615384615383
3677,1.1201923076923077
3678,1.8076923076923077
3679,0.7235576923076923
3680,1.1514423076923077
3681,0.5817307692307692
3682,1.3725961538461537
3683,3.1225961538461537
3684,1.7692307692307692
3685,0.5096153846153846
3686,0.7692307692307692
3687,0.8822115384615384
3688,0.4471153846153846
3689,1.8966346153846154
3690,0.8533653846153846
3691,0.4951923076923077
3692,3.1153846153846154
3693,3.449519230769231
3694,2.9086538461538463
3695,1.3653846153846154
3696,1.7355769230769231
3697,0.625
3698,1.4543269230769231
3699,0.9206730769230769
3700,2.298076923076923
3701,1.8725961538461537
3702,0.5721153846153846
3703,0.4206730769230769
3704,0.28846153846153844
3705,0.6730769230769231
3706,2.3173076923076925
3707,0.38461538461538464
3708,0.6778846153846154
3709,0.39663461538461536
3710,2.0649038461538463
3711,0.7932692307692307
3712,3.293269230769231
3713,5.079326923076923
3714,3.7355769230769234
3715,0.8509615384615384
3716,1.1778846153846154
3717,0.5528846153846154
3718,0.6634615384615384
3719,14.545673076923077
3720,4.480769230769231
3721,2.5913461538461537
3722,0.5264423076923077
3723,3.1778846153846154
3724,1.0432692307692308
3725,1.7475961538461537
3726,1.0480769230769231
3727,2.420673076923077
3728,0.7956730769230769
3729,12.733173076923077
3730,5.149038461538462
3731,1.6201923076923077
3732,5.639423076923077
3733,6.615384615384615
3734,2.519230769230769
3735,2.4951923076923075
3736,3.8990384615384617
3737,1.71875
3738,0.1658653846153846
3739,2.1778846153846154
3740,1.75
3741,6.947115384615385
3742,1.8557692307692308
3743,0.5384615384615384
3744,1.8966346153846154
3745,0.8774038461538461
3746,2.1177884615384617
3747,1.5192307692307692
3748,0.5408653846153846
3749,0.9759615384615384
3750,7.959134615384615
3751,0.7716346153846154
3752,3.9326923076923075
3753,3.2860576923076925
3754,2.2355769230769234
3755,1.8846153846153846
3756,2.9735576923076925
3757,1.3677884615384617
3758,2.2163461538461537
3759,1.7403846153846154
3760,1.4350961538461537
3761,0.1875
3762,0.5769230769230769
3763,0.4807692307692308
3764,3.78125
3765,0.6754807692307693
3766,0.4879807692307692
3767,1.0697115384615385
3768,2.3365384615384617
3769,0.0
3770,8.802884615384615
3771,1.9471153846153846
3772,1.2139423076923077
3773,0.6081730769230769
3774,1.7764423076923077
3775,1.6802884615384617
3776,0.9038461538461539
3777,5.314903846153847
3778,4.050480769230769
3779,3.1033653846153846
3780,3.0673076923076925
3781,3.1298076923076925
3782,1.0576923076923077
3783,0.5649038461538461
3784,2.4903846153846154
3785,1.4014423076923077
3786,0.23798076923076922
3787,17.375
3788,8.048076923076923
3789,0.5528846153846154
3790,6.269230769230769
3791,2.487980769230769
3792,2.1850961538461537
3793,1.8269230769230769
3794,2.6225961538461537
3795,2.175480769230769
3796,1.4615384615384615
3797,1.9447115384615383
3798,0.8557692307692308
3799,1.3701923076923077
3800,3.043269230769231
3801,0.7620192307692308
3802,0.7836538461538461
3803,0.05048076923076923
3804,0.7764423076923077
3805,0.7764423076923077
3806,0.15865384615384615
3807,0.9615384615384616
3808,2.8293269230769234
3809,1.5576923076923077
3810,1.7355769230769231
3811,2.831730769230769
3812,0.6730769230769231
3813,0.09134615384615384
3814,1.2163461538461537
3815,0.5456730769230769
3816,1.5817307692307692
3817,0.6322115384615384
3818,0.1923076923076923
3819,0.5192307692307692
3820,1.5384615384615385
3821,0.28846153846153844
3822,3.4663461538461537
3823,3.5673076923076925
3824,0.2932692307692308
3825,0.8774038461538461
3826,1.8701923076923077
3827,0.3870192307692308
3828,10.899038461538462
3829,2.2860576923076925
3830,0.9951923076923077
3831,1.3966346153846154
3832,1.6490384615384615
3833,0.10817307692307693
3834,0.5625
3835,3.5384615384615383
3836,1.5673076923076923
3837,2.0024038461538463
3838,1.8774038461538463
3839,0.6274038461538461
3840,2.5889423076923075
3841,0.3605769230769231
3842,0.17067307692307693
3843,0.7548076923076923
3844,1.1778846153846154
3845,6.278846153846153
3846,3.1490384615384617
3847,1.1730769230769231
3848,2.2716346153846154
3849,0.7235576923076923
3850,2.28125
3851,3.0697115384615383
3852,0.32211538461538464
3853,0.8485576923076923
3854,1.5865384615384615
3855,0.6394230769230769
3856,1.3846153846153846
3857,3.2716346153846154
3858,2.6298076923076925
3859,0.8605769230769231
3860,0.2764423076923077
3861,0.7403846153846154
3862,1.1995192307692308
3863,1.4615384615384615
3864,2.0697115384615383
3865,2.295673076923077
3866,2.90625
3867,1.3798076923076923
3868,3.5649038461538463
3869,1.3221153846153846
3870,0.6754807692307692
3871,1.2884615384615385
3872,1.4711538461538463
3873,0.5913461538461539
3874,0.9591346153846154
3875,0.31490384615384615
3876,0.7043269230769231
3877,0.6538461538461539
3878,0.4807692307692308
3879,1.4423076923076923
3880,0.8677884615384616
3881,0.3870192307692308
3882,0.7716346153846154
3883,0.20432692307692307
3884,1.7716346153846154
3885,2.5
3886,1.6370192307692308
3887,1.2475961538461537
3888,2.0528846153846154
3889,0.6995192307692308
3890,0.5408653846153846
3891,0.06971153846153846
3892,0.6009615384615384
3893,2.0288461538461537
3894,2.2740384615384617
3895,2.0625
3896,0.7451923076923077
3897,0.7548076923076923
3898,0.6105769230769231
3899,0.8461538461538461
3900,0.9567307692307693
3901,0.1826923076923077
3902,0.8798076923076923
3903,5.103365384615385
3904,1.5192307692307692
3905,0.7091346153846154
3906,1.0841346153846154
3907,1.5528846153846154
3908,2.0264423076923075
3909,1.3221153846153846
3910,0.2692307692307692
3911,0.6418269230769231
3912,1.4326923076923077
3913,0.18990384615384615
3914,0.8485576923076923
3915,2.7235576923076925
3916,0.8293269230769231
3917,1.5649038461538463
3918,0.6682692307692307
3919,0.5504807692307693
3920,0.6105769230769231
3921,1.7427884615384615
3922,1.0072115384615383
3923,0.07211538461538461
3924,2.46875
3925,1.4302884615384617
3926,2.625
3927,0.8245192307692308
3928,0.625
3929,0.5288461538461539
3930,1.4783653846153846
3931,0.47596153846153844
3932,0.7091346153846154
3933,0.49759615384615385
3934,0.90625
3935,0.6802884615384616
3936,0.0
3937,1.3461538461538463
3938,2.699519230769231
3939,0.28846153846153844
3940,1.0625
3941,0.3918269230769231
3942,1.3701923076923077
3943,0.4855769230769231
3944,4.461538461538462
3945,3.4615384615384617
3946,2.2860576923076925
3947,0.7644230769230769
3948,2.1586538461538463
3949,1.6754807692307692
3950,1.0240384615384617
3951,5.146634615384615
3952,2.5408653846153846
3953,1.5625
3954,1.2427884615384617
3955,1.4278846153846154
3956,3.7163461538461537
3957,0.3629807692307692
3958,1.1201923076923077
3959,0.5240384615384616
3960,2.8485576923076925
3961,15.20673076923077
3962,4.810096153846154
3963,1.125
3964,3.6634615384615383
3965,0.6899038461538461
3966,4.644230769230769
3967,0.8894230769230769
3968,0.9375
3969,1.4519230769230769
3970,1.0841346153846154
3971,0.4254807692307692
3972,0.4254807692307692
3973,1.2788461538461537
3974,5.259615384615385
3975,0.3004807692307692
3976,0.43990384615384615
3977,0.14903846153846154
3978,1.3509615384615383
3979,0.3966346153846154
3980,0.375
3981,0.3076923076923077
3982,4.0048076923076925
3983,2.0
3984,1.3966346153846154
3985,2.4278846153846154
3986,1.5480769230769231
3987,0.4495192307692308
3988,0.8125
3989,0.4375
3990,0.5432692307692308
3991,0.5913461538461539
3992,0.5432692307692308
3993,1.3557692307692308
3994,0.19230769230769232
3995,0.28846153846153844
3996,2.6971153846153846
3997,1.5408653846153846
3998,0.19230769230769232
3999,0.2980769230769231
4000,2.519230769230769
4001,0.1971153846153846
4002,2.6466346153846154
4003,2.3076923076923075
4004,1.0048076923076923
4005,1.4423076923076923
4006,1.0985576923076923
4007,0.4855769230769231
4008,0.9639423076923077
4009,5.709134615384615
4010,1.5144230769230769
4011,1.3846153846153846
4012,1.4350961538461537
4013,2.1322115384615383
4014,0.6225961538461539
4015,0.1466346153846154
4016,0.8413461538461539
4017,0.49278846153846156
4018,0.8052884615384616
4019,7.728365384615385
4020,4.6923076923076925
4021,1.0865384615384615
4022,3.331730769230769
4023,2.5288461538461537
4024,1.6009615384615383
4025,2.4951923076923075
4026,2.519230769230769
4027,0.59375
4028,1.4447115384615383
4029,0.9014423076923077
4030,0.16826923076923078
4031,2.3725961538461537
4032,2.40625
4033,0.59375
4034,0.33653846153846156
4035,0.17307692307692307
4036,0.7403846153846154
4037,0.90625
4038,0.6802884615384616
4039,1.2355769230769231
4040,4.5048076923076925
4041,2.4951923076923075
4042,1.9302884615384617
4043,1.3004807692307692
4044,0.5024038461538461
4045,0.6730769230769231
4046,1.1153846153846154
4047,3.3533653846153846
4048,0.5120192307692308
4049,0.2764423076923077
4050,0.2860576923076923
4051,0.7019230769230769
4052,0.19230769230769232
4053,0.0
4054,1.0625
4055,2.6971153846153846
4056,0.8653846153846154
4057,0.3870192307692308
4058,1.0841346153846154
4059,0.6850961538461539
4060,8.082220873786408
4061,1.3786407766990292
4062,1.3929004854368932
4063,0.6726334951456311
4064,0.30400485436893204
4065,0.2845873786407767
4066,0.5012135922330097
4067,2.4881674757281553
4068,1.3525485436893203
4069,1.2199635922330097
4070,1.25
4071,0.8819781553398058
4072,1.6644417475728155
4073,0.1529126213592233
4074,0.7945995145631068
4075,0.16656553398058252
4076,0.714502427184466
4077,3.6146844660194173
4078,3.7078276699029127
4079,0.7305825242718447
4080,1.9271844660194175
4081,0.6152912621359223
4082,1.2442354368932038
4083,1.145631067961165
4084,0.9620752427184466
4085,0.6337985436893204
4086,1.4469053398058254
4087,0.6556432038834952
4088,0.71875
4089,1.206007281553398
4090,2.2390776699029127
4091,1.4714805825242718
4092,0.36862864077669905
4093,0.9287014563106796
4094,1.3361650485436893
4095,1.4308252427184467
4096,0.9450849514563107
4097,0.2054004854368932
4098,1.6702063106796117
4099,2.7679004854368934
4100,1.7630461165048543
4101,0.35497572815533984
4102,0.4851334951456311
4103,0.989381067961165
4104,0.7688106796116505
4105,0.6168082524271845
4106,0.725121359223301
4107,0.614381067961165
4108,0.7226941747572816
4109,1.2181432038834952
4110,0.19235436893203883
4111,0.19235436893203883
4112,0.5770631067961165
4113,0.38470873786407767
4114,0.09617718446601942
4115,0.40898058252427183
4116,1.7603155339805825
4117,1.0943567961165048
4118,3.431735436893204
4119,0.7108616504854368
4120,1.1680825242718447
4121,0.49393203883495146
4122,0.8655946601941747
4123,0.10436893203883495
4124,1.2870145631067962
4125,2.462378640776699
4126,3.3164441747572817
4127,1.1495752427184467
4128,0.49241504854368934
4129,1.4599514563106797
4130,0.5658373786407767
4131,0.5925364077669903
4132,0.614381067961165
4133,0.15048543689320387
4134,0.021844660194174758
4135,3.9760315533980584
4136,4.134708737864077
4137,0.35436893203883496
4138,1.4963592233009708
4139,2.3925970873786406
4140,1.1665655339805825
4141,2.1568567961165046
4142,0.8212985436893204
4143,0.9174757281553398
4144,0.055825242718446605
4145,0.9271844660194175
4146,1.6893203883495145
4147,3.5036407766990294
4148,0.09617718446601942
4149,1.9214199029126213
4150,0.9839199029126213
4151,1.2675970873786409
4152,0.1350121359223301
4153,0.2797330097087379
4154,0.06310679611650485
4155,0.23361650485436894
4156,1.175364077669903
4157,2.5203276699029127
4158,0.7008495145631068
4159,0.7154126213592233
4160,0.6556432038834952
4161,1.1914441747572815
4162,0.2991504854368932
4163,0.35740291262135926
4164,0.9441747572815534
4165,0.3282766990291262
4166,0.9004854368932038
4167,0.6110436893203883
4168,0.0
4169,0.28853155339805825
4170,1.9235436893203883
4171,0.19235436893203883
4172,0.09617718446601942
4173,1.077366504854369
4174,0.7839805825242718
4175,0.0048543689320388345
4176,7.230885922330097
4177,1.119235436893204
4178,1.970873786407767
4179,2.6183252427184467
4180,0.8916868932038835
4181,0.285497572815534
4182,1.1462378640776698
4183,3.487864077669903
4184,2.0515776699029127
4185,1.3525485436893203
4186,1.3452669902912622
4187,1.7848907766990292
4188,0.38076456310679613
4189,0.6653519417475728
4190,1.0782766990291262
4191,0.4996966019417476
4192,0.5731189320388349
4193,10.185072815533982
4194,3.737864077669903
4195,0.8398058252427184
4196,2.69751213592233
4197,4.279733009708738
4198,1.847997572815534
4199,0.35497572815533984
4200,2.8137135922330097
4201,1.4842233009708738
4202,0.350121359223301
4203,1.0436893203883495
4204,1.5318567961165048
4205,2.104368932038835
4206,1.4138349514563107
4207,1.69751213592233
4208,1.5221480582524272
4209,0.508495145631068
4210,0.1941747572815534
4211,0.24180825242718446
4212,1.1325849514563107
4213,0.06553398058252427
4214,1.7454490291262137
4215,2.977245145631068
4216,1.7217839805825244
4217,1.2675970873786409
4218,0.6322815533980582
4219,1.1140776699029127
4220,1.7299757281553398
4221,0.7211771844660194
4222,1.3895631067961165
4223,0.4390169902912622
4224,0.4026092233009709
4225,0.3953276699029126
4226,0.4808859223300971
4227,0.09617718446601942
4228,1.4426577669902914
4229,0.38470873786407767
4230,0.5770631067961165
4231,0.9981796116504854
4232,1.4717839805825244
4233,0.6878033980582524
4234,5.308252427184466
4235,3.4550970873786406
4236,2.6862864077669903
4237,1.6183252427184467
4238,1.158373786407767
4239,0.33798543689320387
4240,2.6559466019417477
4241,1.5309466019417475
4242,3.4912014563106797
4243,1.2539441747572815
4244,0.4963592233009709
4245,2.329490291262136
4246,0.3443567961165048
4247,1.147754854368932
4248,0.3307038834951456
4249,0.4026092233009709
4250,0.39927184466019416
4251,4.702669902912621
4252,2.1559466019417477
4253,0.1553398058252427
4254,3.054611650485437
4255,5.037924757281553
4256,1.6401699029126213
4257,1.097997572815534
4258,1.2399878640776698
4259,0.6289441747572816
4260,1.170509708737864
4261,0.8285800970873787
4262,0.9563106796116505
4263,1.3137135922330097
4264,1.6829490291262137
4265,3.347997572815534
4266,0.8649878640776699
4267,0.9189927184466019
4268,0.3316140776699029
4269,0.5133495145631068
4270,0.408373786407767
4271,0.2700242718446602
4272,3.110740291262136
4273,1.4001820388349515
4274,1.7809466019417477
4275,0.4754247572815534
4276,1.3507281553398058
4277,0.5060679611650485
4278,0.9080703883495146
4279,0.8546723300970873
4280,1.8179611650485437
4281,1.4259708737864076
4282,0.7421116504854369
4283,0.5585558252427184
4284,0.19235436893203883
4285,0.5770631067961165
4286,2.4044296116504853
4287,0.09617718446601942
4288,0.19235436893203883
4289,0.6780946601941747
4290,1.5703883495145632
4291,0.5003033980582524
4292,4.27002427184466
4293,2.1614077669902914
4294,3.939016990291262
4295,0.9484223300970873
4296,0.4350728155339806
4297,0.4996966019417476
4298,1.533373786407767
4299,10.46632281553398
4300,3.4590412621359223
4301,3.181735436893204
4302,0.7245145631067962
4303,3.0637135922330097
4304,0.4390169902912622
4305,7.692354368932039
4306,1.0282160194174756
4307,1.3944174757281553
4308,0.9271844660194175
4309,13.980885922330097
4310,2.6495752427184467
4311,1.1844660194174756
4312,3.4605582524271847
4313,3.8033980582524274
4314,2.0315533980582523
4315,3.5509708737864076
4316,3.362864077669903
4317,0.9023058252427185
4318,0.40018203883495146
4319,1.8640776699029127
4320,1.039745145631068
4321,5.760618932038835
4322,2.608009708737864
4323,0.3713592233009709
4324,1.8131067961165048
4325,0.8601334951456311
4326,2.7581917475728153
4327,1.7970266990291262
4328,1.516383495145631
4329,0.8498179611650485
4330,5.835558252427185
4331,1.733616504854369
4332,4.466929611650485
4333,3.2284587378640777
4334,2.845266990291262
4335,1.2757888349514563
4336,1.7026699029126213
4337,0.9308252427184466
4338,1.1908373786407767
4339,0.5449029126213593
4340,0.7663834951456311
4341,0.5045509708737864
4342,0.19235436893203883
4343,0.7694174757281553
4344,3.5585558252427183
4345,0.6732402912621359
4346,0.0
4347,1.4887742718446602
4348,2.9023058252427183
4349,0.0
4350,6.140473300970874
4351,1.701759708737864
4352,1.0888956310679612
4353,0.7348300970873787
4354,1.1213592233009708
4355,0.7818567961165048
4356,0.4963592233009709
4357,3.4824029126213594
4358,1.729368932038835
4359,2.293385922330097
4360,1.7818567961165048
4361,2.7597087378640777
4362,0.40018203883495146
4363,0.7226941747572816
4364,1.3822815533980584
4365,0.847997572815534
4366,0.23118932038834952
4367,9.579490291262136
4368,5.389563106796117
4369,0.5
4370,4.220570388349515
4371,1.4881674757281553
4372,1.5345873786407767
4373,1.9141383495145632
4374,2.0321601941747574
4375,0.8828883495145632
4376,0.5755461165048543
4377,1.2190533980582523
4378,1.0015169902912622
4379,1.7533373786407767
4380,1.5215412621359223
4381,0.3024878640776699
4382,1.0621966019417475
4383,0.1350121359223301
4384,0.39866504854368934
4385,0.8640776699029127
4386,0.28701456310679613
4387,0.5060679611650485
4388,1.6201456310679612
4389,1.0533980582524272
4390,1.1268203883495145
4391,1.3443567961165048
4392,0.4963592233009709
4393,0.5779733009708737
4394,0.847997572815534
4395,0.3734830097087379
4396,1.3176577669902914
4397,0.4754247572815534
4398,0.47694174757281554
4399,0.7105582524271845
4400,0.7694174757281553
4401,0.0
4402,3.2700242718446604
4403,2.500606796116505
4404,0.4808859223300971
4405,0.19478155339805825
4406,1.7651699029126213
4407,0.28853155339805825
4408,5.896844660194175
4409,2.364381067961165
4410,1.2885315533980584
4411,0.789745145631068
4412,0.44872572815533984
4413,0.47694174757281554
4414,0.4963592233009709
4415,3.092233009708738
4416,2.4153519417475726
4417,1.4954490291262137
4418,1.5230582524271845
4419,0.9247572815533981
4420,1.6783980582524272
4421,0.649878640776699
4422,0.8625606796116505
4423,1.4274878640776698
4424,0.1738470873786408
4425,5.804915048543689
4426,2.6862864077669903
4427,0.8907766990291263
4428,1.5488470873786409
4429,0.40351941747572817
4430,2.117111650485437
4431,1.6741504854368932
4432,0.22815533980582525
4433,0.2830703883495146
4434,0.8285800970873787
4435,0.13986650485436894
4436,0.3516383495145631
4437,1.3361650485436893
4438,1.3737864077669903
4439,0.9984830097087378
4440,0.4171723300970874
4441,0.6547330097087378
4442,1.3938106796116505
4443,1.6556432038834952
4444,0.6871966019417476
4445,1.3370752427184467
4446,1.4778519417475728
4447,1.3743932038834952
4448,2.444478155339806
4449,0.6638349514563107
4450,0.23938106796116504
4451,0.41474514563106796
4452,2.055521844660194
4453,0.6614077669902912
4454,0.5706917475728155
4455,0.3137135922330097
4456,0.6765776699029127
4457,1.4016990291262137
4458,0.0
4459,0.38470873786407767
4460,1.5388349514563107
4461,0.19235436893203883
4462,0.6732402912621359
4463,0.3871359223300971
4464,1.4960558252427185
4465,1.4475121359223302
4466,1.1158980582524272
4467,0.9016990291262136
4468,1.8285800970873787
4469,0.30643203883495146
4470,0.3476941747572816
4471,0.2199635922330097
4472,0.4341626213592233
4473,0.7317961165048543
4474,1.1010315533980584
4475,0.7760922330097088
4476,1.1884101941747574
4477,0.8892597087378641
4478,0.912621359223301
4479,0.4390169902912622
4480,0.7606189320388349
4481,0.12864077669902912
4482,0.3516383495145631
4483,4.751516990291262
4484,0.9984830097087378
4485,0.5024271844660194
4486,0.8222087378640777
4487,1.760618932038835
4488,1.0849514563106797
4489,1.8722694174757282
4490,0.14320388349514562
4491,0.256371359223301
4492,1.1204490291262137
4493,0.3734830097087379
4494,0.2651699029126213
4495,1.5634101941747574
4496,0.841626213592233
4497,0.1650485436893204
4498,0.4381067961165048
4499,0.18598300970873788
4500,0.8595266990291262
4501,0.7736650485436893
4502,0.350121359223301
4503,0.1471480582524272
4504,1.6410800970873787
4505,1.1956917475728155
4506,2.7402912621359223
4507,0.38410194174757284
4508,0.4584344660194175
4509,0.3880461165048544
4510,0.7930825242718447
4511,1.1243932038834952
4512,0.3904733009708738
4513,0.5925364077669903
4514,0.5351941747572816
4515,0.6483616504854369
4516,0.19235436893203883
4517,0.38470873786407767
4518,2.789138349514563
4519,0.5770631067961165
4520,0.19235436893203883
4521,0.310376213592233
4522,0.7936893203883495
4523,0.5819174757281553
4524,4.3501213592233015
4525,2.4050364077669903
4526,2.163228155339806
4527,0.37105582524271846
4528,2.3037014563106797
4529,1.6416868932038835
4530,0.9038228155339806
4531,4.609830097087379
4532,2.0573422330097086
4533,1.4214199029126213
4534,1.2005461165048543
4535,1.387135922330097
4536,2.5843446601941746
4537,0.2821601941747573
4538,0.8941140776699029
4539,0.7921723300970873
4540,1.5133495145631068
4541,13.45752427184466
4542,2.8285800970873787
4543,0.8058252427184466
4544,2.7390776699029127
4545,1.5521844660194175
4546,4.185072815533981
4547,1.1802184466019416
4548,1.7460558252427185
4549,0.9951456310679612
4550,1.550364077669903
4551,0.21025485436893204
4552,0.6999393203883495
4553,2.2408980582524274
4554,3.764259708737864
4555,0.2821601941747573
4556,0.4453883495145631
4557,0.21025485436893204
4558,0.7099514563106797
4559,0.5060679611650485
4560,3.7236043689320386
4561,0.19963592233009708
4562,3.7885315533980584
4563,3.476638349514563
4564,0.9854368932038835
4565,1.6119538834951457
4566,1.0427791262135921
4567,0.4696601941747573
4568,0.26365291262135926
4569,0.4987864077669903
4570,0.5133495145631068
4571,0.38561893203883496
4572,0.46237864077669905
4573,1.0266990291262137
4574,0.09617718446601942
4575,0.09617718446601942
4576,2.1158980582524274
4577,1.3464805825242718
4578,0.28853155339805825
4579,0.39441747572815533
4580,2.3398058252427183
4581,0.0
4582,2.1878033980582523
4583,1.7945995145631068
4584,1.0242718446601942
4585,0.6070995145631068
4586,0.5643203883495146
4587,0.6774878640776699
4588,0.3452669902912622
4589,3.8191747572815533
4590,1.514866504854369
4591,1.0154733009708738
4592,1.1495752427184467
4593,1.047633495145631
4594,0.22967233009708737
4595,0.2627427184466019
4596,0.44296116504854366
4597,0.06310679611650485
4598,0.19569174757281554
4599,5.513046116504855
4600,2.216019417475728
4601,0.9101941747572816
4602,1.578883495145631
4603,2.476638349514563
4604,1.573118932038835
4605,1.3370752427184467
4606,2.7773058252427183
4607,0.6629247572815534
4608,1.0558252427184467
4609,1.129247572815534
4610,0.3443567961165048
4611,3.869235436893204
4612,1.1465412621359223
4613,0.606492718446602
4614,0.44053398058252424
4615,0.6765776699029127
4616,1.4114077669902914
4617,1.691747572815534
4618,0.10679611650485436
4619,0.725121359223301
4620,3.3695388349514563
4621,1.0315533980582523
4622,0.45691747572815533
4623,0.71875
4624,0.20054611650485438
4625,0.36862864077669905
4626,0.21025485436893204
4627,1.4177791262135921
4628,0.5634101941747572
4629,0.2991504854368932
4630,0.3258495145631068
4631,0.3088592233009709
4632,0.09617718446601942
4633,0.09617718446601942
4634,1.0579490291262137
4635,2.0197208737864076
4636,0.38470873786407767
4637,0.009708737864077669
4638,0.6878033980582524
4639,0.4857402912621359
4640,8.903846153846153
4641,1.4543269230769231
4642,0.7163461538461539
4643,0.4783653846153846
4644,0.4326923076923077
4645,0.18990384615384615
4646,0.2620192307692308
4647,1.71875
4648,2.483173076923077
4649,1.15625
4650,0.8894230769230769
4651,1.6346153846153846
4652,1.1370192307692308
4653,0.7307692307692308
4654,0.8509615384615384
4655,0.0985576923076923
4656,0.23076923076923078
4657,3.2836538461538463
4658,1.7139423076923077
4659,0.6009615384615384
4660,1.9951923076923077
4661,0.6298076923076923
4662,1.5096153846153846
4663,2.1899038461538463
4664,0.3701923076923077
4665,1.2067307692307692
4666,1.3076923076923077
4667,0.7355769230769231
4668,0.7043269230769231
4669,1.09375
4670,2.6634615384615383
4671,0.4951923076923077
4672,0.3581730769230769
4673,0.4375
4674,0.3966346153846154
4675,0.875
4676,2.4903846153846154
4677,0.4014423076923077
4678,1.6610576923076923
4679,3.012019230769231
4680,1.8173076923076923
4681,0.9206730769230769
4682,0.3846153846153846
4683,1.0817307692307692
4684,0.9759615384615384
4685,0.5192307692307692
4686,1.0889423076923077
4687,0.4206730769230769
4688,0.9134615384615384
4689,1.3028846153846154
4690,0.0
4691,0.38461538461538464
4692,0.9615384615384616
4693,0.19230769230769232
4694,0.8653846153846154
4695,0.4879807692307692
4696,0.9759615384615384
4697,1.2788461538461537
4698,3.46875
4699,1.4495192307692308
4700,1.0697115384615385
4701,0.39903846153846156
4702,0.19230769230769232
4703,0.25240384615384615
4704,0.6610576923076923
4705,1.2283653846153846
4706,2.012019230769231
4707,1.0120192307692308
4708,0.41346153846153844
4709,1.4615384615384615
4710,0.5480769230769231
4711,0.8293269230769231
4712,1.6514423076923077
4713,0.5841346153846154
4714,0.019230769230769232
4715,4.579326923076923
4716,2.2884615384615383
4717,0.33653846153846156
4718,1.2548076923076923
4719,2.3966346153846154
4720,1.1490384615384617
4721,1.8197115384615383
4722,1.53125
4723,0.6201923076923077
4724,0.13942307692307693
4725,0.3125
4726,0.7475961538461539
4727,3.6658653846153846
4728,0.38461538461538464
4729,1.4567307692307692
4730,1.4879807692307692
4731,0.9903846153846154
4732,0.026442307692307692
4733,0.4158653846153846
4734,0.0889423076923077
4735,0.2668269230769231
4736,0.8798076923076923
4737,2.262019230769231
4738,0.6923076923076923
4739,0.21875
4740,0.6586538461538461
4741,0.3894230769230769
4742,0.3966346153846154
4743,0.13701923076923078
4744,0.7524038461538461
4745,0.3245192307692308
4746,0.7956730769230769
4747,0.125
4748,0.0
4749,0.38461538461538464
4750,1.7307692307692308
4751,0.38461538461538464
4752,0.19230769230769232
4753,1.0817307692307692
4754,0.4879807692307692
4755,0.19230769230769232
4756,6.331730769230769
4757,0.6826923076923077
4758,2.355769230769231
4759,3.375
4760,1.2716346153846154
4761,0.4879807692307692
4762,0.9735576923076923
4763,2.0841346153846154
4764,2.0
4765,2.206730769230769
4766,1.1418269230769231
4767,1.2211538461538463
4768,0.5625
4769,0.9158653846153846
4770,0.96875
4771,0.7139423076923077
4772,0.2644230769230769
4773,11.254807692307693
4774,1.7668269230769231
4775,0.7475961538461539
4776,2.5793269230769234
4777,3.9350961538461537
4778,1.875
4779,0.4735576923076923
4780,1.2259615384615383
4781,0.9399038461538461
4782,0.23798076923076922
4783,0.8942307692307692
4784,0.7403846153846154
4785,1.2355769230769231
4786,1.1490384615384617
4787,0.7283653846153846
4788,1.2211538461538463
4789,0.875
4790,0.4254807692307692
4791,1.0576923076923077
4792,0.6634615384615384
4793,0.08173076923076923
4794,1.2259615384615383
4795,2.4158653846153846
4796,2.1634615384615383
4797,1.4326923076923077
4798,0.3317307692307692
4799,0.7668269230769231
4800,1.4182692307692308
4801,0.3557692307692308
4802,0.8245192307692308
4803,0.7259615384615384
4804,0.4567307692307692
4805,0.5144230769230769
4806,0.28846153846153844
4807,0.28846153846153844
4808,2.019230769230769
4809,0.9615384615384616
4810,1.3461538461538463
4811,1.3966346153846154
4812,0.7836538461538461
4813,0.6802884615384616
4814,9.305288461538462
4815,2.831730769230769
4816,1.6802884615384617
4817,1.7692307692307692
4818,0.4014423076923077
4819,1.0600961538461537
4820,0.37740384615384615
4821,1.2091346153846154
4822,1.8076923076923077
4823,3.0576923076923075
4824,0.65625
4825,1.1899038461538463
4826,0.44471153846153844
4827,0.3846153846153846
4828,0.8076923076923077
4829,1.53125
4830,0.125
4831,5.372596153846153
4832,1.7980769230769231
4833,0.18509615384615385
4834,2.5072115384615383
4835,3.5913461538461537
4836,1.2548076923076923
4837,3.5576923076923075
4838,1.5
4839,0.9975961538461539
4840,0.6875
4841,1.15625
4842,0.7932692307692308
4843,2.262019230769231
4844,1.0384615384615383
4845,0.13221153846153846
4846,0.8341346153846154
4847,0.7524038461538461
4848,0.3221153846153846
4849,0.5913461538461539
4850,1.8004807692307692
4851,0.15625
4852,1.3870192307692308
4853,1.7596153846153846
4854,3.2451923076923075
4855,1.3629807692307692
4856,1.4759615384615385
4857,0.2980769230769231
4858,1.2379807692307692
4859,0.7115384615384616
4860,2.0
4861,1.0336538461538463
4862,0.5264423076923077
4863,0.17067307692307693
4864,0.19230769230769232
4865,0.19230769230769232
4866,2.4038461538461537
4867,0.0
4868,1.1538461538461537
4869,0.3870192307692308
4870,1.8509615384615385
4871,0.9807692307692307
4872,4.632211538461538
4873,2.2980769230769234
4874,2.6826923076923075
4875,1.3605769230769231
4876,1.5024038461538463
4877,0.6129807692307692
4878,0.6322115384615384
4879,8.254807692307692
4880,3.1610576923076925
4881,2.96875
4882,0.6682692307692308
4883,1.71875
4884,0.71875
4885,3.237980769230769
4886,1.4086538461538463
4887,1.2572115384615385
4888,0.6177884615384616
4889,9.375
4890,3.019230769230769
4891,1.2091346153846154
4892,3.0096153846153846
4893,4.360576923076923
4894,1.9350961538461537
4895,2.9158653846153846
4896,1.8509615384615383
4897,1.6274038461538463
4898,0.1346153846153846
4899,1.25
4900,1.5336538461538463
4901,4.961538461538462
4902,1.3942307692307692
4903,0.42788461538461536
4904,1.6081730769230769
4905,1.1322115384615383
4906,2.6778846153846154
4907,2.8125
4908,0.3173076923076923
4909,0.8798076923076923
4910,7.108173076923077
4911,2.4038461538461537
4912,2.9519230769230766
4913,2.454326923076923
4914,1.4951923076923077
4915,1.4495192307692308
4916,1.1947115384615383
4917,1.2043269230769231
4918,1.8100961538461537
4919,0.8966346153846154
4920,0.65625
4921,0.39903846153846156
4922,0.28846153846153844
4923,0.28846153846153844
4924,3.8461538461538463
4925,0.09615384615384616
4926,0.09615384615384616
4927,1.3557692307692308
4928,1.5456730769230769
4929,0.0
4930,7.899038461538462
4931,2.0288461538461537
4932,0.40625
4933,0.9543269230769231
4934,0.9038461538461539
4935,0.7403846153846154
4936,1.4110576923076923
4937,2.5528846153846154
4938,2.0889423076923075
4939,2.7716346153846154
4940,2.21875
4941,2.375
4942,0.7908653846153846
4943,0.36778846153846156
4944,1.5649038461538463
4945,0.6442307692307692
4946,0.23317307692307693
4947,8.399038461538462
4948,5.581730769230769
4949,0.47596153846153844
4950,3.4903846153846154
4951,1.5456730769230769
4952,1.8365384615384617
4953,0.84375
4954,2.4278846153846154
4955,1.2716346153846154
4956,0.7451923076923077
4957,0.8990384615384616
4958,1.0072115384615385
4959,2.9975961538461537
4960,2.581730769230769
4961,1.1105769230769231
4962,0.6730769230769231
4963,0.375
4964,0.6177884615384616
4965,0.8052884615384616
4966,0.3894230769230769
4967,0.3125
4968,1.3485576923076923
4969,0.6802884615384616
4970,1.0817307692307692
4971,1.0432692307692308
4972,0.8028846153846154
4973,0.055288461538461536
4974,0.6009615384615384
4975,0.2956730769230769
4976,0.9158653846153846
4977,1.1057692307692308
4978,0.09134615384615384
4979,0.4831730769230769
4980,0.7692307692307693
4981,0.09615384615384616
4982,2.019230769230769
4983,2.6923076923076925
4984,0.38461538461538464
4985,0.3894230769230769
4986,1.84375
4987,0.002403846153846154
4988,8.129807692307692
4989,2.173076923076923
4990,1.8629807692307692
4991,0.9158653846153846
4992,0.31009615384615385
4993,0.27884615384615385
4994,0.4855769230769231
4995,3.9350961538461537
4996,1.9975961538461537
4997,1.7620192307692308
4998,1.6274038461538463
4999,0.24278846153846154
5000,2.2043269230769234
5001,0.06490384615384616
5002,0.125
5003,0.6153846153846154
5004,0.5721153846153846
5005,5.711538461538462
5006,3.4663461538461537
5007,0.84375
5008,1.9711538461538463
5009,1.3173076923076923
5010,1.4567307692307692
5011,1.8004807692307692
5012,0.2692307692307692
5013,0.8173076923076923
5014,1.1947115384615385
5015,0.6153846153846154
5016,1.3822115384615385
5017,1.8581730769230769
5018,2.7644230769230766
5019,1.9158653846153846
5020,0.7788461538461539
5021,0.7788461538461539
5022,1.1802884615384617
5023,1.7403846153846154
5024,0.3581730769230769
5025,0.7163461538461539
5026,1.7091346153846154
5027,1.5841346153846154
5028,2.449519230769231
5029,1.0168269230769231
5030,0.7427884615384616
5031,0.31009615384615385
5032,1.1538461538461537
5033,0.20673076923076922
5034,0.4495192307692308
5035,0.30528846153846156
5036,0.7980769230769231
5037,0.625
5038,0.0
5039,0.38461538461538464
5040,2.2115384615384617
5041,1.0576923076923077
5042,0.4807692307692308
5043,0.009615384615384616
5044,2.2524038461538463
5045,0.8846153846153846
5046,1.9206730769230769
5047,0.6057692307692307
5048,1.2884615384615383
5049,0.5072115384615384
5050,0.7259615384615384
5051,0.07211538461538461
5052,0.09615384615384616
5053,1.0264423076923077
5054,1.4158653846153846
5055,0.6899038461538461
5056,2.15625
5057,0.875
5058,0.7860576923076923
5059,0.4254807692307692
5060,0.6634615384615384
5061,0.13701923076923078
5062,0.21634615384615385
5063,4.3076923076923075
5064,1.5408653846153846
5065,0.5625
5066,1.0408653846153846
5067,1.7283653846153846
5068,1.7475961538461537
5069,1.5048076923076923
5070,0.25
5071,0.5769230769230769
5072,1.3894230769230769
5073,0.8509615384615384
5074,0.17067307692307693
5075,1.5096153846153846
5076,0.6730769230769231
5077,1.9543269230769231
5078,0.5576923076923077
5079,0.15625
5080,0.42788461538461536
5081,1.2379807692307692
5082,0.34134615384615385
5083,0.05048076923076923
5084,1.6298076923076923
5085,1.6875
5086,2.0336538461538463
5087,1.0240384615384615
5088,0.5264423076923077
5089,1.1346153846153846
5090,0.5480769230769231
5091,0.8269230769230769
5092,0.6754807692307693
5093,0.5144230769230769
5094,0.5072115384615384
5095,0.6081730769230769
5096,0.0
5097,0.5769230769230769
5098,1.4423076923076923
5099,0.4807692307692308
5100,0.38461538461538464
5101,0.30528846153846156
5102,1.0721153846153846
5103,0.5817307692307693
5104,6.850961538461538
5105,2.3966346153846154
5106,3.0096153846153846
5107,0.8509615384615384
5108,1.4471153846153846
5109,2.3653846153846154
5110,0.5
5111,4.300480769230769
5112,1.9278846153846154
5113,2.6274038461538463
5114,1.1586538461538463
5115,0.5024038461538461
5116,4.069711538461538
5117,0.17067307692307693
5118,1.3653846153846154
5119,0.3581730769230769
5120,1.8100961538461537
5121,12.110576923076923
5122,2.269230769230769
5123,0.9038461538461539
5124,3.6394230769230766
5125,1.4254807692307692
5126,4.444711538461538
5127,0.6658653846153846
5128,1.0600961538461537
5129,0.5985576923076923
5130,1.5697115384615383
5131,0.5120192307692308
5132,0.125
5133,1.6201923076923077
5134,2.9086538461538463
5135,0.46634615384615385
5136,0.34134615384615385
5137,0.01201923076923077
5138,1.5168269230769231
5139,0.5
5140,0.5168269230769231
5141,0.009615384615384616
5142,3.7019230769230766
5143,1.4302884615384617
5144,1.1754807692307692
5145,2.3100961538461537
5146,1.2259615384615385
5147,0.24278846153846154
5148,0.5793269230769231
5149,0.6778846153846154
5150,0.2956730769230769
5151,0.28125
5152,0.5793269230769231
5153,1.3894230769230769
5154,0.0
5155,0.09615384615384616
5156,2.6923076923076925
5157,2.2115384615384617
5158,0.0
5159,0.2980769230769231
5160,1.6634615384615385
5161,0.0
5162,4.185096153846154
5163,1.4399038461538463
5164,1.6105769230769231
5165,0.21875
5166,0.2644230769230769
5167,0.6875
5168,0.6802884615384616
5169,2.9302884615384617
5170,1.8341346153846154
5171,3.0721153846153846
5172,1.6658653846153846
5173,0.6923076923076923
5174,0.3125
5175,0.44471153846153844
5176,0.43028846153846156
5177,0.1778846153846154
5178,0.30528846153846156
5179,7.697115384615385
5180,2.1394230769230766
5181,0.8701923076923077
5182,2.4326923076923075
5183,2.264423076923077
5184,1.6322115384615383
5185,0.9879807692307692
5186,1.9903846153846154
5187,1.5240384615384615
5188,1.8581730769230769
5189,1.0
5190,0.13221153846153846
5191,1.9711538461538463
5192,1.7980769230769231
5193,0.9735576923076923
5194,0.2403846153846154
5195,0.12980769230769232
5196,1.2716346153846154
5197,0.7355769230769231
5198,0.33653846153846156
5199,0.59375
5200,4.168269230769231
5201,0.8990384615384616
5202,1.1850961538461537
5203,1.2115384615384617
5204,0.0889423076923077
5205,0.46875
5206,0.17307692307692307
5207,2.079326923076923
5208,0.2764423076923077
5209,0.34615384615384615
5210,0.6105769230769231
5211,0.2956730769230769
5212,0.09615384615384616
5213,0.19230769230769232
5214,2.019230769230769
5215,1.5384615384615385
5216,0.28846153846153844
5217,0.5817307692307693
5218,0.21153846153846154
5219,0.3173076923076923
5220,9.271634615384615
5221,1.5552884615384617
5222,1.1610576923076923
5223,0.41346153846153844
5224,1.0144230769230769
5225,0.2283653846153846
5226,0.6923076923076923
5227,2.6322115384615383
5228,1.3653846153846154
5229,0.4855769230769231
5230,1.1923076923076923
5231,0.6899038461538461
5232,1.2475961538461537
5233,0.4158653846153846
5234,0.5600961538461539
5235,0.0889423076923077
5236,0.21153846153846154
5237,3.4110576923076925
5238,1.5144230769230769
5239,0.8293269230769231
5240,2.5264423076923075
5241,1.0192307692307692
5242,1.9543269230769231
5243,1.7644230769230769
5244,0.7067307692307692
5245,0.7524038461538461
5246,1.1370192307692308
5247,0.4855769230769231
5248,0.6057692307692308
5249,1.3798076923076923
5250,2.46875
5251,2.7403846153846154
5252,0.5865384615384616
5253,0.3581730769230769
5254,0.7067307692307692
5255,1.4567307692307692
5256,0.9711538461538461
5257,0.1971153846153846
5258,0.7524038461538461
5259,1.8341346153846154
5260,1.2548076923076923
5261,0.8052884615384616
5262,0.3846153846153846
5263,0.5865384615384616
5264,0.8509615384615384
5265,0.5048076923076923
5266,0.5024038461538461
5267,0.5528846153846154
5268,1.0168269230769231
5269,1.1009615384615385
5270,0.28846153846153844
5271,0.19230769230769232
5272,1.1538461538461537
5273,0.28846153846153844
5274,0.6730769230769231
5275,0.49278846153846156
5276,1.0649038461538463
5277,1.1682692307692308
5278,5.915865384615385
5279,0.5384615384615384
5280,0.9615384615384616
5281,0.8629807692307693
5282,0.6730769230769231
5283,0.5240384615384616
5284,2.795673076923077
5285,1.3846153846153846
5286,1.9639423076923077
5287,1.6346153846153846
5288,1.1370192307692308
5289,0.9567307692307692
5290,0.27403846153846156
5291,0.7716346153846154
5292,0.2956730769230769
5293,0.5865384615384616
5294,0.12259615384615385
5295,4.920673076923077
5296,2.53125
5297,0.34375
5298,1.3557692307692308
5299,1.9086538461538463
5300,1.2043269230769231
5301,3.1274038461538463
5302,0.7596153846153846
5303,0.4471153846153846
5304,0.052884615384615384
5305,0.5456730769230769
5306,0.8076923076923077
5307,4.853365384615385
5308,0.28846153846153844
5309,0.6899038461538461
5310,0.8605769230769231
5311,1.8629807692307692
5312,0.3245192307692308
5313,0.43509615384615385
5314,0.036057692307692304
5315,0.14903846153846154
5316,0.8076923076923077
5317,2.46875
5318,0.4855769230769231
5319,0.6971153846153846
5320,0.6658653846153846
5321,1.1442307692307692
5322,1.0649038461538463
5323,0.11538461538461539
5324,1.1322115384615385
5325,0.2692307692307692
5326,0.4879807692307692
5327,0.1346153846153846
5328,0.0
5329,0.09615384615384616
5330,2.019230769230769
5331,0.09615384615384616
5332,0.28846153846153844
5333,0.30528846153846156
5334,0.3894230769230769
5335,0.8677884615384616
5336,5.641826923076923
5337,0.9663461538461539
5338,2.168269230769231
5339,2.0673076923076925
5340,2.298076923076923
5341,0.21875
5342,0.71875
5343,1.7740384615384617
5344,1.1778846153846154
5345,1.4254807692307692
5346,0.4855769230769231
5347,1.7211538461538463
5348,0.24278846153846154
5349,0.5432692307692308
5350,0.6201923076923077
5351,0.625
5352,0.8461538461538461
5353,11.733173076923077
5354,2.7019230769230766
5355,0.7283653846153846
5356,2.4663461538461537
5357,4.002403846153847
5358,1.8798076923076923
5359,0.22115384615384615
5360,1.9447115384615383
5361,1.1658653846153846
5362,0.20432692307692307
5363,0.7716346153846154
5364,1.4471153846153846
5365,2.3461538461538463
5366,1.6322115384615383
5367,0.3581730769230769
5368,0.7908653846153846
5369,0.8581730769230769
5370,0.4591346153846154
5371,2.1490384615384617
5372,0.6586538461538461
5373,0.2764423076923077
5374,1.0913461538461537
5375,2.6826923076923075
5376,1.8581730769230769
5377,0.9591346153846154
5378,0.2283653846153846
5379,1.4879807692307692
5380,1.5
5381,0.4375
5382,0.7620192307692308
5383,0.5432692307692308
5384,0.15865384615384615
5385,0.3389423076923077
5386,0.28846153846153844
5387,0.09615384615384616
5388,1.8269230769230769
5389,0.38461538461538464
5390,0.5769230769230769
5391,1.3846153846153846
5392,2.235576923076923
5393,0.2283653846153846
5394,7.826923076923077
5395,2.737980769230769
5396,2.5360576923076925
5397,1.2836538461538463
5398,1.2043269230769231
5399,0.5432692307692308
5400,0.46875
5401,0.8245192307692308
5402,3.7908653846153846
5403,1.1682692307692308
5404,1.0528846153846154
5405,2.0841346153846154
5406,0.22115384615384615
5407,1.3341346153846154
5408,0.6225961538461539
5409,0.3581730769230769
5410,0.125
5411,5.6514423076923075
5412,2.387019230769231
5413,0.22596153846153846
5414,2.5841346153846154
5415,3.894230769230769
5416,0.4278846153846154
5417,0.8653846153846154
5418,0.7235576923076923
5419,0.5528846153846154
5420,0.6923076923076923
5421,0.9110576923076923
5422,0.7307692307692308
5423,2.639423076923077
5424,0.8653846153846154
5425,0.40865384615384615
5426,0.7379807692307692
5427,0.53125
5428,0.2620192307692308
5429,0.8605769230769231
5430,3.2764423076923075
5431,0.4591346153846154
5432,2.7331730769230766
5433,1.4110576923076923
5434,2.3076923076923075
5435,1.0360576923076923
5436,1.4086538461538463
5437,0.6057692307692308
5438,1.5216346153846154
5439,1.0192307692307692
5440,1.2884615384615383
5441,1.0144230769230769
5442,0.9399038461538461
5443,0.25240384615384615
5444,0.0
5445,0.28846153846153844
5446,2.3076923076923075
5447,0.09615384615384616
5448,0.28846153846153844
5449,0.4879807692307692
5450,1.5504807692307692
5451,0.7836538461538461
5452,4.048076923076923
5453,1.6153846153846154
5454,3.625
5455,1.71875
5456,1.4927884615384617
5457,0.5456730769230769
5458,1.6875
5459,8.317307692307692
5460,3.4615384615384617
5461,2.7740384615384617
5462,0.6129807692307692
5463,1.8365384615384617
5464,0.7980769230769231
5465,3.1033653846153846
5466,0.84375
5467,1.3004807692307692
5468,0.7908653846153846
5469,10.45673076923077
5470,3.1418269230769234
5471,1.2115384615384615
5472,3.1033653846153846
5473,4.043269230769231
5474,1.0024038461538463
5475,1.2091346153846154
5476,4.362980769230769
5477,1.4735576923076923
5478,0.15384615384615385
5479,0.875
5480,0.8677884615384616
5481,4.262019230769231
5482,1.4302884615384617
5483,0.43509615384615385
5484,1.3173076923076923
5485,0.4182692307692308
5486,2.9831730769230766
5487,1.28125
5488,0.6153846153846154
5489,1.6322115384615383
5490,5.314903846153847
5491,0.6730769230769231
5492,3.2427884615384617
5493,2.7524038461538463
5494,1.59375
5495,1.7451923076923077
5496,1.6153846153846154
5497,0.5985576923076923
5498,1.6923076923076923
5499,0.7548076923076923
5500,1.8461538461538463
5501,0.4519230769230769
5502,0.4807692307692308
5503,0.19230769230769232
5504,2.980769230769231
5505,0.19230769230769232
5506,0.4807692307692308
5507,0.8701923076923077
5508,1.1586538461538463
5509,0.0
5510,7.009615384615385
5511,1.3076923076923077
5512,1.6875
5513,1.3677884615384615
5514,1.34375
5515,1.2235576923076923
5516,0.4375
5517,3.012019230769231
5518,2.5
5519,2.4975961538461537
5520,1.6033653846153846
5521,1.2572115384615383
5522,0.4254807692307692
5523,0.9375
5524,1.4447115384615385
5525,0.9639423076923077
5526,0.11778846153846154
5527,9.9375
5528,5.9110576923076925
5529,0.4495192307692308
5530,4.487980769230769
5531,2.2836538461538463
5532,2.4783653846153846
5533,0.7379807692307692
5534,1.8245192307692308
5535,0.9134615384615384
5536,0.8581730769230769
5537,1.2836538461538463
5538,0.9855769230769231
5539,1.1706730769230769
5540,1.7908653846153846
5541,0.27163461538461536
5542,1.2163461538461537
5543,0.040865384615384616
5544,0.5865384615384616
5545,0.3317307692307692
5546,0.3293269230769231
5547,0.31971153846153844
5548,1.7548076923076923
5549,1.0192307692307692
5550,0.34375
5551,1.5456730769230769
5552,0.15384615384615385
5553,0.2620192307692308
5554,0.4519230769230769
5555,0.20192307692307693
5556,1.6995192307692308
5557,0.7019230769230769
5558,0.43028846153846156
5559,0.38221153846153844
5560,0.8653846153846154
5561,0.0
5562,2.8846153846153846
5563,2.1153846153846154
5564,0.19230769230769232
5565,0.5769230769230769
5566,1.28125
5567,0.19230769230769232
5568,5.5048076923076925
5569,1.0048076923076923
5570,2.173076923076923
5571,0.6947115384615384
5572,1.2668269230769231
5573,0.1610576923076923
5574,0.9759615384615384
5575,3.2860576923076925
5576,1.2139423076923077
5577,1.8197115384615383
5578,1.6730769230769231
5579,0.8076923076923077
5580,2.0841346153846154
5581,0.05048076923076923
5582,0.3846153846153846
5583,0.5913461538461539
5584,0.6802884615384616
5585,4.021634615384615
5586,3.3413461538461537
5587,1.0024038461538463
5588,2.045673076923077
5589,2.1274038461538463
5590,1.2932692307692308
5591,2.108173076923077
5592,0.25961538461538464
5593,0.9423076923076923
5594,0.6658653846153846
5595,0.2235576923076923
5596,0.3076923076923077
5597,1.2596153846153846
5598,1.8533653846153846
5599,2.1634615384615383
5600,0.39903846153846156
5601,0.15384615384615385
5602,1.3125
5603,1.5192307692307692
5604,2.4903846153846154
5605,1.9975961538461537
5606,2.0961538461538463
5607,1.7259615384615383
5608,1.9302884615384617
5609,0.9038461538461539
5610,0.8293269230769231
5611,0.47115384615384615
5612,0.5865384615384616
5613,0.5216346153846154
5614,0.37740384615384615
5615,0.20192307692307693
5616,0.9375
5617,1.3125
5618,0.19230769230769232
5619,0.5769230769230769
5620,1.6346153846153846
5621,0.5769230769230769
5622,1.1538461538461537
5623,0.20192307692307693
5624,1.3677884615384615
5625,0.8774038461538461
5626,3.46875
5627,1.0961538461538463
5628,2.2283653846153846
5629,0.34134615384615385
5630,0.375
5631,0.47115384615384615
5632,0.2764423076923077
5633,0.9903846153846154
5634,1.0384615384615383
5635,0.5769230769230769
5636,1.3774038461538463
5637,0.7163461538461539
5638,0.6105769230769231
5639,0.1923076923076923
5640,0.6177884615384616
5641,0.2692307692307692
5642,0.20673076923076922
5643,4.454326923076923
5644,2.4302884615384617
5645,0.5432692307692307
5646,1.6899038461538463
5647,1.3245192307692308
5648,1.3966346153846154
5649,1.8701923076923077
5650,0.44471153846153844
5651,0.12980769230769232
5652,1.1322115384615385
5653,0.43990384615384615
5654,0.2764423076923077
5655,2.8846153846153846
5656,0.9447115384615384
5657,0.22355769230769232
5658,0.7427884615384616
5659,0.055288461538461536
5660,0.44711538461538464
5661,0.8076923076923077
5662,1.6105769230769231
5663,0.23798076923076922
5664,1.8341346153846154
5665,1.2572115384615383
5666,2.1298076923076925
5667,0.6538461538461539
5668,0.6322115384615384
5669,0.5841346153846154
5670,1.0264423076923077
5671,0.5841346153846154
5672,0.9639423076923077
5673,0.2091346153846154
5674,0.3028846153846154
5675,0.4495192307692308
5676,0.0
5677,0.19230769230769232
5678,2.4038461538461537
5679,0.19230769230769232
5680,0.5769230769230769
5681,0.3894230769230769
5682,0.5120192307692307
5683,0.10336538461538461
5684,4.319711538461538
5685,2.5625
5686,3.3413461538461537
5687,0.1875
5688,1.5889423076923077
5689,0.8870192307692308
5690,0.1778846153846154
5691,3.7355769230769234
5692,2.84375
5693,2.0625
5694,0.6466346153846154
5695,0.8822115384615384
5696,2.110576923076923
5697,0.16826923076923078
5698,1.3365384615384615
5699,0.4591346153846154
5700,1.6225961538461537
5701,13.673076923076923
5702,2.293269230769231
5703,0.90625
5704,3.637019230769231
5705,1.4543269230769231
5706,4.336538461538462
5707,1.2836538461538463
5708,1.8317307692307692
5709,1.6826923076923077
5710,0.7548076923076923
5711,0.2956730769230769
5712,0.4230769230769231
5713,2.4591346153846154
5714,4.894230769230769
5715,0.3653846153846154
5716,0.15865384615384615
5717,0.04807692307692308
5718,1.7427884615384617
5719,1.2355769230769231
5720,2.7115384615384617
5721,0.1298076923076923
5722,4.170673076923077
5723,1.8149038461538463
5724,1.4086538461538463
5725,0.6057692307692308
5726,0.5673076923076923
5727,0.15384615384615385
5728,0.2620192307692308
5729,0.4783653846153846
5730,0.6899038461538461
5731,0.37740384615384615
5732,0.6033653846153846
5733,1.4951923076923077
5734,0.38461538461538464
5735,0.09615384615384616
5736,2.2115384615384617
5737,1.4423076923076923
5738,0.4807692307692308
5739,0.6947115384615384
5740,1.8461538461538463
5741,0.10096153846153846
5742,2.3173076923076925
5743,3.550480769230769
5744,1.7451923076923077
5745,0.5096153846153846
5746,1.2692307692307692
5747,0.37740384615384615
5748,0.3557692307692308
5749,2.387019230769231
5750,1.4447115384615385
5751,1.8822115384615383
5752,1.1658653846153846
5753,1.6586538461538463
5754,0.40865384615384615
5755,0.0889423076923077
5756,0.34375
5757,0.2620192307692308
5758,0.4567307692307692
5759,7.293269230769231
5760,2.1394230769230766
5761,0.9399038461538461
5762,1.6802884615384617
5763,2.6514423076923075
5764,1.7259615384615383
5765,1.3341346153846154
5766,1.8100961538461537
5767,0.46634615384615385
5768,0.7956730769230769
5769,0.6778846153846154
5770,0.2451923076923077
5771,0.6490384615384616
5772,1.8100961538461537
5773,0.6033653846153846
5774,0.2451923076923077
5775,0.3245192307692308
5776,0.6057692307692308
5777,1.7692307692307692
5778,0.7259615384615384
5779,0.7692307692307692
5780,4.403846153846154
5781,0.8677884615384616
5782,1.4591346153846154
5783,0.2860576923076923
5784,0.18990384615384615
5785,0.33653846153846156
5786,0.4903846153846154
5787,1.0240384615384615
5788,0.6538461538461539
5789,0.15865384615384615
5790,0.31490384615384615
5791,0.28846153846153844
5792,0.0
5793,0.0
5794,1.25
5795,1.5384615384615385
5796,0.38461538461538464
5797,0.3918269230769231
5798,0.3918269230769231
5799,0.4951923076923077
5800,6.9375
5801,2.112980769230769
5802,1.1009615384615383
5803,1.0480769230769231
5804,1.1466346153846154
5805,0.14423076923076922
5806,0.8149038461538461
5807,1.5745192307692308
5808,1.1634615384615383
5809,0.4903846153846154
5810,0.9447115384615384
5811,0.6201923076923077
5812,1.1153846153846154
5813,0.4423076923076923
5814,0.07211538461538461
5815,0.0985576923076923
5816,0.2091346153846154
5817,3.5048076923076925
5818,2.4158653846153846
5819,0.6995192307692307
5820,1.2379807692307692
5821,0.9471153846153846
5822,1.5072115384615383
5823,2.173076923076923
5824,0.3894230769230769
5825,0.9158653846153846
5826,1.1009615384615385
5827,0.1201923076923077
5828,0.4110576923076923
5829,0.5192307692307692
5830,2.1418269230769234
5831,0.4495192307692308
5832,0.2668269230769231
5833,0.2451923076923077
5834,1.0480769230769231
5835,3.9447115384615383
5836,0.4735576923076923
5837,0.4903846153846154
5838,1.0745192307692308
5839,2.34375
5840,2.4591346153846154
5841,0.7716346153846154
5842,1.0192307692307692
5843,0.17548076923076922
5844,1.1129807692307692
5845,0.3293269230769231
5846,0.6153846153846154
5847,1.0985576923076923
5848,1.0504807692307692
5849,0.3846153846153846
5850,0.0
5851,0.6730769230769231
5852,0.6730769230769231
5853,0.19230769230769232
5854,0.38461538461538464
5855,0.59375
5856,0.6826923076923077
5857,1.0961538461538463
5858,5.908653846153847
5859,1.7908653846153846
5860,1.9134615384615385
5861,1.2788461538461537
5862,0.28846153846153844
5863,0.4326923076923077
5864,0.6634615384615384
5865,1.6971153846153846
5866,1.09375
5867,0.9423076923076923
5868,0.5288461538461539
5869,1.6418269230769231
5870,0.34134615384615385
5871,0.6971153846153846
5872,0.2956730769230769
5873,0.47596153846153844
5874,0.2235576923076923
5875,4.959134615384615
5876,4.045673076923077
5877,0.2980769230769231
5878,2.3918269230769234
5879,1.0288461538461537
5880,0.875
5881,1.7043269230769231
5882,0.8004807692307692
5883,0.23557692307692307
5884,0.040865384615384616
5885,0.6225961538461539
5886,1.0889423076923077
5887,5.074519230769231
5888,0.8653846153846154
5889,1.1754807692307692
5890,1.0865384615384617
5891,2.09375
5892,0.038461538461538464
5893,0.5480769230769231
5894,0.0673076923076923
5895,0.22596153846153846
5896,1.0360576923076923
5897,2.3173076923076925
5898,0.5961538461538461
5899,0.2668269230769231
5900,0.6899038461538461
5901,0.7980769230769231
5902,1.0817307692307692
5903,0.33653846153846156
5904,0.6586538461538461
5905,0.2596153846153846
5906,0.5480769230769231
5907,0.1466346153846154
5908,0.0
5909,0.4807692307692308
5910,1.3461538461538463
5911,0.09615384615384616
5912,0.4807692307692308
5913,0.9975961538461539
5914,0.6826923076923077
5915,0.5817307692307693
5916,8.38701923076923
5917,0.5889423076923077
5918,2.012019230769231
5919,3.4110576923076925
5920,2.0288461538461537
5921,0.2668269230769231
5922,1.0649038461538463
5923,1.4567307692307692
5924,2.418269230769231
5925,2.15625
5926,0.8942307692307692
5927,1.2668269230769231
5928,0.44471153846153844
5929,1.5120192307692308
5930,1.1658653846153846
5931,0.5576923076923077
5932,0.47596153846153844
5933,13.310096153846153
5934,3.0961538461538463
5935,0.75
5936,3.605769230769231
5937,4.266826923076923
5938,1.5288461538461537
5939,0.3293269230769231
5940,1.5528846153846154
5941,0.9783653846153846
5942,0.4110576923076923
5943,0.8389423076923077
5944,1.2427884615384617
5945,1.0168269230769231
5946,0.7980769230769231
5947,0.5817307692307692
5948,1.5336538461538463
5949,1.4735576923076923
5950,0.3605769230769231
5951,1.4278846153846154
5952,0.8798076923076923
5953,0.10336538461538461
5954,1.0985576923076923
5955,2.5600961538461537
5956,1.9230769230769231
5957,0.44711538461538464
5958,0.2692307692307692
5959,1.0048076923076923
5960,1.7668269230769231
5961,0.3870192307692308
5962,0.8822115384615384
5963,0.5360576923076923
5964,0.5408653846153846
5965,0.5
5966,0.28846153846153844
5967,0.19230769230769232
5968,0.9615384615384616
5969,0.19230769230769232
5970,0.19230769230769232
5971,0.6995192307692307
5972,1.4639423076923077
5973,0.5889423076923077
5974,6.538461538461538
5975,3.8846153846153846
5976,2.1899038461538463
5977,1.5240384615384617
5978,0.5649038461538461
5979,1.5432692307692308
5980,0.8461538461538461
5981,1.8509615384615385
5982,1.7403846153846154
5983,2.03125
5984,0.5240384615384616
5985,0.5865384615384616
5986,0.5144230769230769
5987,1.3293269230769231
5988,1.1033653846153846
5989,0.13942307692307693
5990,0.30288461538461536
5991,6.7451923076923075
5992,2.855769230769231
5993,0.21394230769230768
5994,3.8485576923076925
5995,6.875
5996,1.0480769230769231
5997,1.9254807692307692
5998,1.4855769230769231
5999,0.6418269230769231
6000,0.7139423076923077
6001,1.8629807692307692
6002,1.3677884615384615
6003,2.0240384615384617
6004,0.5168269230769231
6005,1.1466346153846154
6006,0.46153846153846156
6007,0.37740384615384615
6008,0.53125
6009,1.9206730769230769
6010,2.3341346153846154
6011,0.4735576923076923
6012,2.0024038461538463
6013,1.7884615384615383
6014,2.0721153846153846
6015,0.8509615384615384
6016,0.9423076923076923
6017,0.4903846153846154
6018,1.2572115384615383
6019,0.7956730769230769
6020,1.8317307692307692
6021,1.7211538461538463
6022,0.49759615384615385
6023,0.28365384615384615
6024,0.19230769230769232
6025,0.19230769230769232
6026,2.5
6027,0.0
6028,0.38461538461538464
6029,0.20192307692307693
6030,0.9014423076923077
6031,0.6947115384615384
6032,3.6009615384615383
6033,12.701923076923077
6034,3.6081730769230766
6035,1.7788461538461537
6036,1.875
6037,0.5985576923076923
6038,0.6442307692307692
6039,6.71875
6040,3.0336538461538463
6041,3.3725961538461537
6042,0.8149038461538461
6043,2.3774038461538463
6044,0.9014423076923077
6045,1.7692307692307692
6046,0.5817307692307693
6047,1.0769230769230769
6048,0.8028846153846154
6049,11.314903846153847
6050,3.4927884615384617
6051,1.2451923076923077
6052,2.6586538461538463
6053,5.8701923076923075
6054,1.65625
6055,2.0
6056,3.6153846153846154
6057,0.8341346153846154
6058,0.13701923076923078
6059,1.1394230769230769
6060,0.8365384615384616
6061,3.8173076923076925
6062,1.9831730769230769
6063,0.5793269230769231
6064,1.7331730769230769
6065,0.14423076923076922
6066,4.324519230769231
6067,3.2740384615384617
6068,0.8028846153846154
6069,0.8317307692307692
6070,6.908653846153847
6071,0.4807692307692308
6072,4.3173076923076925
6073,2.1538461538461537
6074,1.4831730769230769
6075,1.5745192307692308
6076,2.2019230769230766
6077,1.1081730769230769
6078,1.3221153846153846
6079,0.5841346153846154
6080,1.0889423076923077
6081,0.4543269230769231
6082,0.0
6083,0.5769230769230769
6084,3.269230769230769
6085,0.19230769230769232
6086,0.4807692307692308
6087,1.59375
6088,1.4639423076923077
6089,0.0
6090,5.322115384615385
6091,1.4519230769230769
6092,0.7475961538461539
6093,1.7355769230769231
6094,1.7355769230769231
6095,0.35336538461538464
6096,1.5336538461538463
6097,1.9447115384615383
6098,3.855769230769231
6099,1.0985576923076923
6100,1.8076923076923077
6101,2.420673076923077
6102,0.5
6103,0.8966346153846154
6104,1.4206730769230769
6105,0.23557692307692307
6106,0.23557692307692307
6107,11.79326923076923
6108,5.478365384615385
6109,0.59375
6110,5.632211538461538
6111,1.8846153846153846
6112,1.8341346153846154
6113,1.84375
6114,1.5216346153846154
6115,1.75
6116,0.28365384615384615
6117,0.9783653846153846
6118,0.6153846153846154
6119,0.8461538461538461
6120,2.2475961538461537
6121,0.6153846153846154
6122,1.0961538461538463
6123,0.24278846153846154
6124,1.3918269230769231
6125,0.6274038461538461
6126,0.2932692307692308
6127,0.15865384615384615
6128,1.6586538461538463
6129,0.8677884615384616
6130,0.5408653846153846
6131,1.9206730769230769
6132,0.6754807692307692
6133,0.27403846153846156
6134,1.1947115384615383
6135,0.2139423076923077
6136,1.6778846153846154
6137,0.34375
6138,0.6514423076923077
6139,0.3870192307692308
6140,0.09615384615384616
6141,0.28846153846153844
6142,4.615384615384615
6143,2.5961538461538463
6144,0.7692307692307693
6145,0.10096153846153846
6146,1.7475961538461537
6147,0.007211538461538462
6148,5.574519230769231
6149,1.2355769230769231
6150,1.0649038461538463
6151,1.5576923076923077
6152,0.23557692307692307
6153,0.5192307692307692
6154,0.8052884615384616
6155,1.7620192307692308
6156,2.079326923076923
6157,2.0048076923076925
6158,1.8485576923076923
6159,0.8028846153846154
6160,1.8389423076923077
6161,0.14423076923076922
6162,0.37740384615384615
6163,0.5264423076923077
6164,0.5721153846153846
6165,6.3798076923076925
6166,2.9591346153846154
6167,0.9278846153846154
6168,2.5985576923076925
6169,2.1778846153846154
6170,1.6225961538461537
6171,0.96875
6172,0.22596153846153846
6173,1.6009615384615385
6174,0.9086538461538461
6175,0.9206730769230769
6176,0.7067307692307693
6177,1.5697115384615383
6178,2.5408653846153846
6179,1.9254807692307692
6180,0.0889423076923077
6181,0.4855769230769231
6182,1.8004807692307692
6183,2.2836538461538463
6184,0.7668269230769231
6185,1.125
6186,1.6442307692307692
6187,1.4759615384615383
6188,1.7596153846153846
6189,1.1346153846153846
6190,0.5769230769230769
6191,0.8605769230769231
6192,0.6802884615384616
6193,0.19230769230769232
6194,0.44471153846153844
6195,0.125
6196,1.2211538461538463
6197,0.6274038461538461
6198,0.28846153846153844
6199,0.8653846153846154
6200,1.0576923076923077
6201,0.09615384615384616
6202,2.5961538461538463
6203,0.19951923076923078
6204,1.9519230769230769
6205,0.8774038461538461
6206,2.3581730769230766
6207,0.7620192307692307
6208,3.110576923076923
6209,0.3341346153846154
6210,0.8894230769230769
6211,0.2596153846153846
6212,0.28125
6213,0.9350961538461539
6214,1.1514423076923077
6215,1.1201923076923077
6216,0.9831730769230769
6217,0.8798076923076923
6218,0.3894230769230769
6219,0.5168269230769231
6220,0.4254807692307692
6221,0.6201923076923077
6222,0.3966346153846154
6223,3.4903846153846154
6224,1.1850961538461537
6225,0.5456730769230769
6226,1.0721153846153846
6227,2.293269230769231
6228,1.3990384615384617
6229,1.3774038461538463
6230,0.5985576923076923
6231,0.17548076923076922
6232,1.4831730769230769
6233,0.16346153846153846
6234,0.5649038461538461
6235,8.399038461538462
6236,0.84375
6237,0.2620192307692308
6238,0.5456730769230769
6239,0.2620192307692308
6240,0.5288461538461539
6241,0.7403846153846154
6242,0.5841346153846154
6243,0.1826923076923077
6244,1.8461538461538463
6245,1.6490384615384617
6246,2.7596153846153846
6247,0.7283653846153846
6248,0.3293269230769231
6249,0.4831730769230769
6250,0.9615384615384616
6251,0.31009615384615385
6252,0.8605769230769231
6253,0.46634615384615385
6254,0.71875
6255,0.4471153846153846
6256,0.0
6257,0.0
6258,1.7307692307692308
6259,0.09615384615384616
6260,0.5769230769230769
6261,0.5817307692307693
6262,0.2283653846153846
6263,0.19951923076923078
6264,5.331730769230769
6265,2.1105769230769234
6266,1.1875
6267,0.2956730769230769
6268,2.5288461538461537
6269,1.1490384615384615
6270,0.6514423076923077
6271,4.084134615384615
6272,1.8076923076923077
6273,1.9326923076923077
6274,0.7716346153846154
6275,1.0288461538461537
6276,2.454326923076923
6277,0.16826923076923078
6278,0.6370192307692308
6279,0.3557692307692308
6280,1.7307692307692308
6281,12.682692307692307
6282,3.3341346153846154
6283,0.8317307692307693
6284,5.665865384615385
6285,1.7860576923076923
6286,4.09375
6287,0.9831730769230769
6288,1.5504807692307692
6289,0.6033653846153846
6290,1.5048076923076923
6291,0.20192307692307693
6292,0.3293269230769231
6293,2.7331730769230766
6294,3.8677884615384617
6295,1.1057692307692308
6296,0.3629807692307692
6297,0.04326923076923077
6298,0.6923076923076923
6299,1.0961538461538463
6300,0.4639423076923077
6301,0.43028846153846156
6302,4.766826923076923
6303,2.2884615384615383
6304,1.3629807692307692
6305,1.0336538461538463
6306,1.1105769230769231
6307,0.2596153846153846
6308,0.7548076923076923
6309,0.31971153846153844
6310,0.7019230769230769
6311,0.28125
6312,0.8413461538461539
6313,0.96875
6314,0.28846153846153844
6315,0.09615384615384616
6316,2.7884615384615383
6317,1.25
6318,0.0
6319,0.2980769230769231
6320,1.4663461538461537
6321,0.2932692307692308
6322,1.5456730769230769
6323,1.8581730769230769
6324,0.8173076923076923
6325,0.13701923076923078
6326,0.8293269230769231
6327,0.5504807692307692
6328,1.0120192307692308
6329,2.425480769230769
6330,2.1346153846153846
6331,1.3533653846153846
6332,1.2596153846153846
6333,2.0721153846153846
6334,0.28846153846153844
6335,0.2451923076923077
6336,0.21875
6337,0.14182692307692307
6338,0.30528846153846156
6339,8.971153846153847
6340,2.8798076923076925
6341,0.9375
6342,3.0985576923076925
6343,2.0264423076923075
6344,1.6658653846153846
6345,1.9591346153846154
6346,2.125
6347,0.7427884615384616
6348,1.0192307692307692
6349,0.7980769230769231
6350,0.2235576923076923
6351,1.6754807692307692
6352,2.0961538461538463
6353,0.96875
6354,0.4471153846153846
6355,0.11778846153846154
6356,1.0865384615384617
6357,0.8052884615384616
6358,0.18509615384615385
6359,0.8798076923076923
6360,4.293269230769231
6361,0.8365384615384616
6362,1.2043269230769231
6363,1.3173076923076923
6364,0.24519230769230768
6365,0.24278846153846154
6366,0.96875
6367,1.3461538461538463
6368,0.6538461538461539
6369,0.1658653846153846
6370,0.36778846153846156
6371,0.28846153846153844
6372,0.0
6373,0.0
6374,2.3076923076923075
6375,1.8269230769230769
6376,0.38461538461538464
6377,0.19230769230769232
6378,0.2932692307692308
6379,0.7860576923076923
6380,8.75364077669903
6381,1.3965412621359223
6382,1.6201456310679612
6383,0.5837378640776699
6384,0.520631067961165
6385,0.22724514563106796
6386,0.3671116504854369
6387,2.0403519417475726
6388,1.6571601941747574
6389,0.7503033980582524
6390,2.375
6391,1.0500606796116505
6392,1.2481796116504853
6393,0.8334344660194175
6394,0.17141990291262135
6395,0.09951456310679611
6396,0.602245145631068
6397,3.7427184466019416
6398,2.694478155339806
6399,0.8179611650485437
6400,3.3361650485436893
6401,1.3904733009708738
6402,1.7421116504854368
6403,2.5737257281553396
6404,0.6516990291262136
6405,0.7154126213592233
6406,0.46571601941747576
6407,0.4098907766990291
6408,0.6080097087378641
6409,0.5433859223300971
6410,2.5239684466019416
6411,1.2433252427184467
6412,0.47451456310679613
6413,0.8422330097087378
6414,0.7066140776699029
6415,1.67748786407767
6416,0.9296116504854369
6417,0.1553398058252427
6418,1.2354368932038835
6419,3.129247572815534
6420,1.0640169902912622
6421,0.46571601941747576
6422,0.6298543689320388
6423,0.5949635922330097
6424,1.3944174757281553
6425,0.23938106796116504
6426,1.0209344660194175
6427,0.8577063106796117
6428,0.8003640776699029
6429,1.3434466019417475
6430,0.09617718446601942
6431,0.19235436893203883
6432,1.5388349514563107
6433,0.5770631067961165
6434,0.7694174757281553
6435,0.2982402912621359
6436,1.0797936893203883
6437,0.8777305825242718
6438,7.135315533980583
6439,2.4720873786407767
6440,0.9635922330097088
6441,0.4074635922330097
6442,0.6732402912621359
6443,0.5521844660194175
6444,1.456007281553398
6445,1.4302184466019416
6446,2.6480582524271843
6447,1.4381067961165048
6448,0.5449029126213593
6449,1.3725728155339807
6450,0.36862864077669905
6451,0.6337985436893204
6452,0.36620145631067963
6453,0.47451456310679613
6454,0.5100121359223301
6455,6.602245145631068
6456,2.8304004854368934
6457,0.24757281553398058
6458,2.9796723300970873
6459,1.5109223300970873
6460,1.4453883495145632
6461,3.4378033980582523
6462,0.8237257281553398
6463,0.7105582524271845
6464,0.15442961165048544
6465,0.5060679611650485
6466,0.6814320388349515
6467,2.4554004854368934
6468,0.6732402912621359
6469,1.8379854368932038
6470,1.5925364077669903
6471,0.793992718446602
6472,0.25303398058252424
6473,0.989381067961165
6474,0.050970873786407765
6475,0.46480582524271846
6476,1.5430825242718447
6477,2.6956917475728157
6478,0.7848907766990292
6479,0.4171723300970874
6480,0.3913834951456311
6481,0.45115291262135926
6482,0.5424757281553398
6483,0.12864077669902912
6484,1.0427791262135921
6485,0.7445388349514563
6486,0.4462985436893204
6487,0.05825242718446602
6488,0.0
6489,0.19235436893203883
6490,1.154126213592233
6491,0.19235436893203883
6492,0.8655946601941747
6493,0.7912621359223301
6494,0.5964805825242718
6495,0.3895631067961165
6496,8.38622572815534
6497,1.8701456310679612
6498,2.2020631067961167
6499,2.560983009708738
6500,2.2682038834951457
6501,0.35345873786407767
6502,1.1777912621359223
6503,1.9199029126213591
6504,0.9726941747572815
6505,2.8528519417475726
6506,1.0194174757281553
6507,2.3546723300970873
6508,0.38076456310679613
6509,0.6881067961165048
6510,0.30643203883495146
6511,0.7615291262135923
6512,0.7169296116504854
6513,12.137135922330097
6514,3.9329490291262137
6515,0.9538834951456311
6516,5.675364077669903
6517,4.895631067961165
6518,1.8916868932038835
6519,0.4535800970873787
6520,2.1034587378640777
6521,1.8091626213592233
6522,0.5351941747572816
6523,0.6080097087378641
6524,1.2651699029126213
6525,2.3006674757281553
6526,1.3671116504854368
6527,0.5327669902912622
6528,1.7776092233009708
6529,1.3929004854368932
6530,0.42870145631067963
6531,1.4283980582524272
6532,1.7387742718446602
6533,0.2199635922330097
6534,1.5782766990291264
6535,2.327366504854369
6536,2.336771844660194
6537,1.0776699029126213
6538,0.8731796116504854
6539,1.5658373786407767
6540,1.2782160194174756
6541,0.524878640776699
6542,0.9839199029126213
6543,0.4496359223300971
6544,0.6629247572815534
6545,0.3015776699029126
6546,0.7694174757281553
6547,0.6732402912621359
6548,1.0579490291262137
6549,0.4808859223300971
6550,1.4426577669902914
6551,1.4839199029126213
6552,1.4596480582524272
6553,1.0846480582524272
6554,8.33859223300971
6555,5.786407766990291
6556,2.5992111650485437
6557,1.754247572815534
6558,1.3677184466019416
6559,0.6177184466019418
6560,0.8528519417475728
6561,2.2396844660194173
6562,1.564623786407767
6563,1.2709344660194175
6564,0.6571601941747572
6565,1.797633495145631
6566,0.23604368932038836
6567,1.258495145631068
6568,0.4842233009708738
6569,0.7178398058252426
6570,0.5891990291262136
6571,7.154733009708738
6572,1.3446601941747574
6573,0.20145631067961164
6574,6.275788834951456
6575,6.147754854368932
6576,2.253640776699029
6577,1.9296116504854368
6578,2.7360436893203883
6579,0.7454490291262136
6580,1.1495752427184467
6581,1.487257281553398
6582,1.4833131067961165
6583,2.9150485436893203
6584,1.304004854368932
6585,0.9223300970873787
6586,1.410497572815534
6587,0.38895631067961167
6588,0.3267597087378641
6589,3.537014563106796
6590,0.15048543689320387
6591,0.5585558252427184
6592,3.4520631067961167
6593,2.842233009708738
6594,2.4472087378640777
6595,1.4541868932038835
6596,1.356492718446602
6597,1.0160800970873787
6598,1.4214199029126213
6599,0.8200849514563107
6600,1.4220266990291262
6601,1.0615898058252426
6602,0.7041868932038835
6603,0.2967233009708738
6604,0.09617718446601942
6605,0.28853155339805825
6606,1.6350121359223302
6607,0.0
6608,0.09617718446601942
6609,0.4016990291262136
6610,1.4596480582524272
6611,0.6950849514563107
6612,3.8404126213592233
6613,7.693567961165049
6614,4.108919902912621
6615,1.3671116504854368
6616,1.414745145631068
6617,1.227245145631068
6618,0.33798543689320387
6619,8.072815533980583
6620,2.91747572815534
6621,2.7412014563106797
6622,0.6089199029126213
6623,1.9839199029126213
6624,0.8091626213592233
6625,2.631371359223301
6626,1.0233616504854368
6627,0.7703276699029127
6628,1.5430825242718447
6629,11.28883495145631
6630,3.2760922330097086
6631,1.2354368932038835
6632,5.101638349514563
6633,2.85376213592233
6634,2.2151092233009706
6635,3.59375
6636,3.664138349514563
6637,1.1092233009708738
6638,0.13349514563106796
6639,1.5254854368932038
6640,1.022754854368932
6641,5.131978155339806
6642,3.88501213592233
6643,0.46359223300970875
6644,1.385618932038835
6645,0.3904733009708738
6646,3.3619538834951457
6647,0.8498179611650485
6648,0.41899271844660196
6649,1.2199635922330097
6650,5.595570388349515
6651,1.0579490291262137
6652,2.4156553398058254
6653,1.9199029126213591
6654,1.9159587378640777
6655,1.5585558252427185
6656,3.4484223300970873
6657,0.9851334951456311
6658,1.162621359223301
6659,0.8844053398058253
6660,0.8610436893203883
6661,0.5788834951456311
6662,0.28853155339805825
6663,0.4808859223300971
6664,3.943264563106796
6665,0.19235436893203883
6666,0.19235436893203883
6667,0.9811893203883495
6668,3.590109223300971
6669,0.0
6670,13.299757281553397
6671,1.7205703883495147
6672,0.9605582524271845
6673,1.4478155339805825
6674,2.1204490291262137
6675,1.1956917475728155
6676,0.7421116504854369
6677,2.9450849514563107
6678,2.743628640776699
6679,3.3844053398058254
6680,2.637742718446602
6681,1.537621359223301
6682,0.5788834951456311
6683,0.7284587378640777
6684,2.481492718446602
6685,0.9757281553398058
6686,0.15685679611650485
6687,17.10103155339806
6688,9.18871359223301
6689,0.633495145631068
6690,6.584041262135923
6691,2.7184466019417477
6692,2.5530946601941746
6693,2.5664441747572817
6694,2.224514563106796
6695,1.0858616504854368
6696,0.19326456310679613
6697,0.7988470873786409
6698,0.7236043689320388
6699,2.966019417475728
6700,3.2096480582524274
6701,0.4077669902912621
6702,1.1529126213592233
6703,0.2345266990291262
6704,0.8634708737864077
6705,0.350121359223301
6706,0.19902912621359223
6707,0.6920509708737864
6708,3.0849514563106797
6709,1.6240898058252426
6710,2.341626213592233
6711,2.1695995145631066
6712,0.8780339805825244
6713,0.5755461165048543
6714,1.2360436893203883
6715,0.35497572815533984
6716,2.012742718446602
6717,0.29035194174757284
6718,0.4817961165048544
6719,0.5546116504854369
6720,0.28853155339805825
6721,0.09617718446601942
6722,3.5585558252427183
6723,1.6350121359223302
6724,0.19235436893203883
6725,0.5794902912621359
6726,1.8589199029126213
6727,0.0048543689320388345
6728,6.814320388349515
6729,2.1544296116504853
6730,1.7266383495145632
6731,0.7324029126213593
6732,0.5182038834951457
6733,0.3525485436893204
6734,0.7445388349514563
6735,1.893507281553398
6736,1.8455703883495147
6737,2.1380461165048543
6738,1.5989077669902914
6739,0.6046723300970873
6740,2.2327063106796117
6741,0.1617111650485437
6742,0.0825242718446602
6743,0.3112864077669903
6744,1.5260922330097086
6745,8.022754854368932
6746,4.653519417475728
6747,0.8592233009708737
6748,1.5943567961165048
6749,2.394114077669903
6750,1.9456917475728155
6751,0.7891383495145632
6752,0.21601941747572814
6753,0.44872572815533984
6754,0.7226941747572816
6755,0.4356796116504854
6756,0.20934466019417475
6757,1.0330703883495145
6758,1.6234830097087378
6759,0.7181432038834952
6760,0.3880461165048544
6761,0.3564927184466019
6762,0.9323422330097088
6763,1.2190533980582523
6764,1.0257888349514563
6765,1.6134708737864076
6766,1.6468446601941746
6767,2.339502427184466
6768,2.4784587378640777
6769,1.3128033980582523
6770,0.5239684466019418
6771,0.4842233009708738
6772,1.233616504854369
6773,0.46177184466019416
6774,0.2797330097087379
6775,0.5036407766990292
6776,1.2278519417475728
6777,1.0849514563106797
6778,0.19235436893203883
6779,0.9617718446601942
6780,1.7311893203883495
6781,0.19235436893203883
6782,0.38470873786407767
6783,0.872876213592233
6784,1.8613470873786409
6785,0.8850121359223301
6786,1.8240291262135924
6787,2.7851941747572817
6788,2.743628640776699
6789,0.35497572815533984
6790,0.256371359223301
6791,0.8325242718446602
6792,0.10922330097087378
6793,0.8279733009708738
6794,1.7339199029126213
6795,0.8844053398058253
6796,1.2554611650485437
6797,0.8237257281553398
6798,0.7921723300970873
6799,0.3137135922330097
6800,0.6353155339805825
6801,0.17141990291262135
6802,0.28944174757281554
6803,4.733009708737864
6804,2.1098300970873787
6805,0.5315533980582524
6806,0.722997572815534
6807,2.2779126213592233
6808,1.9368932038834952
6809,0.5967839805825244
6810,0.1650485436893204
6811,0.42688106796116504
6812,1.3604368932038835
6813,0.4842233009708738
6814,0.2651699029126213
6815,3.77002427184466
6816,0.8586165048543689
6817,0.27821601941747576
6818,0.7460558252427184
6819,0.4842233009708738
6820,0.7281553398058253
6821,0.537621359223301
6822,0.3759101941747573
6823,0.24817961165048544
6824,1.8683252427184467
6825,2.269114077669903
6826,2.5479368932038833
6827,0.5215412621359223
6828,0.8989684466019418
6829,0.4987864077669903
6830,0.9514563106796117
6831,0.36802184466019416
6832,0.3307038834951456
6833,0.7008495145631068
6834,1.1025485436893203
6835,0.9635922330097088
6836,0.19235436893203883
6837,0.5770631067961165
6838,3.0776699029126213
6839,0.19235436893203883
6840,0.09617718446601942
6841,0.29095873786407767
6842,1.1735436893203883
6843,0.09617718446601942
6844,5.554004854368932
6845,2.320995145631068
6846,1.9975728155339807
6847,0.4672330097087379
6848,1.6887135922330097
6849,2.6237864077669903
6850,1.2384708737864076
6851,4.985740291262136
6852,1.766383495145631
6853,1.9047330097087378
6854,1.3443567961165048
6855,0.8844053398058253
6856,3.1468446601941746
6857,0.20054611650485438
6858,0.7396844660194175
6859,0.055825242718446605
6860,2.6586771844660193
6861,14.254854368932039
6862,3.204490291262136
6863,0.9150485436893204
6864,4.659890776699029
6865,3.0885922330097086
6866,4.756674757281553
6867,0.7906553398058253
6868,1.5400485436893203
6869,1.837378640776699
6870,1.4250606796116505
6871,0.2651699029126213
6872,0.13258495145631066
6873,2.877730582524272
6874,3.7481796116504853
6875,0.31856796116504854
6876,0.2967233009708738
6877,0.8033980582524272
6878,2.6004247572815533
6879,0.8140169902912622
6880,0.34951456310679613
6881,0.11802184466019418
6882,6.591929611650485
6883,2.7776092233009706
6884,2.991504854368932
6885,1.77123786407767
6886,0.9208131067961165
6887,0.2578883495145631
6888,0.7493932038834952
6889,0.22239077669902912
6890,0.7994538834951457
6891,0.38076456310679613
6892,0.8285800970873787
6893,1.2821601941747574
6894,0.0
6895,0.09617718446601942
6896,1.6350121359223302
6897,2.4044296116504853
6898,0.19235436893203883
6899,0.01699029126213592
6900,1.3780339805825244
6901,0.19720873786407767
6902,2.195995145631068
6903,2.047633495145631
6904,0.9960558252427185
6905,0.818871359223301
6906,0.8343446601941747
6907,0.5142597087378641
6908,0.8819781553398058
6909,3.235740291262136
6910,2.106492718446602
6911,2.2851941747572817
6912,1.7105582524271845
6913,1.2472694174757282
6914,0.7008495145631068
6915,0.8276699029126213
6916,0.36862864077669905
6917,0.03398058252427184
6918,0.20054611650485438
6919,10.593143203883495
6920,2.63622572815534
6921,0.9660194174757282
6922,3.9408373786407767
6923,2.2205703883495147
6924,2.2861043689320386
6925,0.9984830097087378
6926,1.4478155339805825
6927,0.7663834951456311
6928,1.0097087378640777
6929,0.3234223300970874
6930,0.15685679611650485
6931,2.0679611650485437
6932,1.835254854368932
6933,0.46359223300970875
6934,0.0825242718446602
6935,0.6814320388349515
6936,1.3088592233009708
6937,1.1098300970873787
6938,0.16747572815533981
6939,1.0621966019417475
6940,6.820084951456311
6941,1.9077669902912622
6942,2.5800970873786406
6943,1.895631067961165
6944,0.12864077669902912
6945,0.17141990291262135
6946,0.520631067961165
6947,2.0118325242718447
6948,0.8689320388349515
6949,0.17141990291262135
6950,0.3161407766990291
6951,0.30400485436893204
6952,0.0
6953,0.0
6954,2.0197208737864076
6955,1.6350121359223302
6956,0.28853155339805825
6957,0.49059466019417475
6958,0.6999393203883495
6959,1.0870752427184467
6960,9.430288461538462
6961,1.5697115384615383
6962,1.0504807692307692
6963,0.7259615384615384
6964,0.8269230769230769
6965,0.23317307692307693
6966,0.7884615384615384
6967,1.7740384615384617
6968,1.9711538461538463
6969,1.0528846153846154
6970,1.4326923076923077
6971,0.9975961538461539
6972,1.6538461538461537
6973,0.5673076923076923
6974,0.5865384615384616
6975,0.1201923076923077
6976,1.1850961538461537
6977,4.221153846153847
6978,3.0288461538461537
6979,0.9326923076923077
6980,5.3389423076923075
6981,0.9639423076923077
6982,3.2283653846153846
6983,2.2331730769230766
6984,0.8990384615384616
6985,0.3846153846153846
6986,1.1298076923076923
6987,0.3221153846153846
6988,0.40625
6989,1.4903846153846154
6990,2.144230769230769
6991,1.2211538461538463
6992,0.5649038461538461
6993,2.0048076923076925
6994,0.7644230769230769
6995,0.9278846153846154
6996,0.5480769230769231
6997,0.6346153846153846
6998,2.4903846153846154
6999,2.7451923076923075
7000,3.050480769230769
7001,1.5072115384615383
7002,0.7596153846153846
7003,0.8894230769230769
7004,1.0576923076923077
7005,0.4591346153846154
7006,0.2932692307692308
7007,1.1009615384615383
7008,1.1105769230769231
7009,0.7475961538461539
7010,0.0
7011,0.4807692307692308
7012,0.5769230769230769
7013,0.28846153846153844
7014,0.5769230769230769
7015,0.7884615384615384
7016,2.233173076923077
7017,2.1514423076923075
7018,6.742788461538462
7019,1.9447115384615383
7020,1.5721153846153846
7021,0.4831730769230769
7022,0.19230769230769232
7023,0.6322115384615384
7024,0.36778846153846156
7025,1.9495192307692308
7026,2.4278846153846154
7027,0.5072115384615384
7028,1.3389423076923077
7029,1.4206730769230769
7030,0.6634615384615384
7031,1.2908653846153846
7032,0.7331730769230769
7033,0.875
7034,0.21394230769230768
7035,6.3125
7036,3.7644230769230766
7037,0.35096153846153844
7038,4.980769230769231
7039,2.1033653846153846
7040,0.7620192307692308
7041,2.7908653846153846
7042,1.1634615384615385
7043,0.6706730769230769
7044,0.2548076923076923
7045,1.0625
7046,0.5985576923076923
7047,3.512019230769231
7048,0.5769230769230769
7049,0.625
7050,1.3076923076923077
7051,1.0985576923076923
7052,0.16346153846153846
7053,0.5576923076923077
7054,0.08173076923076923
7055,0.14903846153846154
7056,1.3317307692307692
7057,2.6346153846153846
7058,0.7716346153846154
7059,0.2980769230769231
7060,1.1225961538461537
7061,0.6995192307692308
7062,0.6466346153846154
7063,0.4326923076923077
7064,1.4134615384615385
7065,0.5264423076923077
7066,0.7115384615384616
7067,0.12740384615384615
7068,0.0
7069,0.19230769230769232
7070,2.3076923076923075
7071,0.19230769230769232
7072,0.6730769230769231
7073,0.40625
7074,0.8822115384615384
7075,0.007211538461538462
7076,11.971153846153847
7077,2.1466346153846154
7078,2.2403846153846154
7079,3.519230769230769
7080,2.0841346153846154
7081,0.7644230769230769
7082,1.2644230769230769
7083,1.9230769230769231
7084,2.1225961538461537
7085,2.112980769230769
7086,1.2980769230769231
7087,2.137019230769231
7088,0.4471153846153846
7089,0.7451923076923077
7090,0.5745192307692308
7091,0.8221153846153846
7092,0.8197115384615384
7093,14.298076923076923
7094,5.795673076923077
7095,1.2572115384615385
7096,5.908653846153847
7097,6.733173076923077
7098,1.7956730769230769
7099,0.8004807692307692
7100,2.3365384615384617
7101,2.074519230769231
7102,1.3365384615384615
7103,2.2836538461538463
7104,1.9302884615384617
7105,3.0216346153846154
7106,0.7307692307692308
7107,2.15625
7108,2.1850961538461537
7109,0.9519230769230769
7110,1.1826923076923077
7111,1.6177884615384617
7112,1.9495192307692308
7113,0.6442307692307692
7114,3.2139423076923075
7115,4.15625
7116,2.610576923076923
7117,1.5192307692307692
7118,0.5552884615384616
7119,1.4639423076923077
7120,1.9615384615384617
7121,0.46153846153846156
7122,1.8221153846153846
7123,1.2740384615384617
7124,1.2451923076923077
7125,0.3581730769230769
7126,0.19230769230769232
7127,0.4807692307692308
7128,1.3461538461538463
7129,0.28846153846153844
7130,1.0576923076923077
7131,1.3605769230769231
7132,1.8605769230769231
7133,1.2860576923076923
7134,7.072115384615385
7135,5.132211538461538
7136,3.65625
7137,1.4879807692307692
7138,1.8822115384615383
7139,1.7043269230769231
7140,1.8269230769230769
7141,2.045673076923077
7142,3.2788461538461537
7143,2.2788461538461537
7144,0.9543269230769231
7145,1.4447115384615385
7146,0.33653846153846156
7147,1.3485576923076923
7148,1.5769230769230769
7149,0.5600961538461539
7150,0.5
7151,10.259615384615385
7152,3.5649038461538463
7153,0.24519230769230768
7154,5.9735576923076925
7155,5.649038461538462
7156,2.75
7157,1.3173076923076923
7158,1.6778846153846154
7159,0.6971153846153846
7160,1.5
7161,1.2067307692307692
7162,2.53125
7163,2.53125
7164,1.7115384615384617
7165,0.4326923076923077
7166,0.5552884615384616
7167,0.40865384615384615
7168,0.8245192307692308
7169,2.5600961538461537
7170,1.0600961538461537
7171,0.2860576923076923
7172,4.740384615384615
7173,3.012019230769231
7174,3.3677884615384617
7175,2.206730769230769
7176,2.0048076923076925
7177,0.5552884615384616
7178,1.6105769230769231
7179,1.7163461538461537
7180,2.1081730769230766
7181,1.7908653846153846
7182,1.0072115384615383
7183,0.3028846153846154
7184,0.4807692307692308
7185,0.09615384615384616
7186,1.5384615384615385
7187,0.7692307692307693
7188,0.4807692307692308
7189,0.7836538461538461
7190,1.3197115384615385
7191,1.7860576923076923
7192,5.725961538461538
7193,5.730769230769231
7194,9.002403846153847
7195,2.2524038461538463
7196,1.7403846153846154
7197,1.0769230769230769
7198,0.9711538461538461
7199,9.70673076923077
7200,3.762019230769231
7201,3.418269230769231
7202,0.9975961538461539
7203,2.1298076923076925
7204,0.7620192307692308
7205,2.8774038461538463
7206,1.125
7207,1.4375
7208,1.2163461538461537
7209,14.632211538461538
7210,4.25
7211,1.4879807692307692
7212,5.581730769230769
7213,6.819711538461538
7214,2.2644230769230766
7215,2.0721153846153846
7216,4.4951923076923075
7217,0.9182692307692308
7218,0.20432692307692307
7219,1.2572115384615383
7220,1.5408653846153846
7221,4.079326923076923
7222,3.2331730769230766
7223,0.3870192307692308
7224,1.3677884615384617
7225,0.9927884615384616
7226,3.612980769230769
7227,2.331730769230769
7228,0.8798076923076923
7229,0.7548076923076923
7230,8.134615384615385
7231,2.5024038461538463
7232,3.7836538461538463
7233,2.5552884615384617
7234,2.4639423076923075
7235,1.6514423076923077
7236,3.7091346153846154
7237,1.2572115384615383
7238,1.2836538461538463
7239,1.2932692307692308
7240,1.5673076923076923
7241,0.9086538461538461
7242,0.09615384615384616
7243,0.4807692307692308
7244,2.4038461538461537
7245,0.19230769230769232
7246,1.1538461538461537
7247,1.1658653846153846
7248,2.4326923076923075
7249,0.0
7250,16.997596153846153
7251,2.8509615384615383
7252,2.3076923076923075
7253,1.9230769230769231
7254,3.2019230769230766
7255,2.576923076923077
7256,0.8918269230769231
7257,4.221153846153847
7258,3.0360576923076925
7259,2.887019230769231
7260,2.3725961538461537
7261,2.7211538461538463
7262,0.4110576923076923
7263,1.5865384615384617
7264,2.6298076923076925
7265,1.1057692307692308
7266,0.3533653846153846
7267,21.0625
7268,8.399038461538462
7269,0.9086538461538461
7270,9.39423076923077
7271,3.34375
7272,3.0024038461538463
7273,1.9543269230769231
7274,2.358173076923077
7275,1.5600961538461537
7276,0.6971153846153846
7277,1.75
7278,0.2764423076923077
7279,3.1298076923076925
7280,3.7764423076923075
7281,0.7451923076923077
7282,1.5625
7283,0.28365384615384615
7284,0.8317307692307692
7285,1.1177884615384615
7286,0.13701923076923078
7287,0.8461538461538461
7288,3.7788461538461537
7289,1.3677884615384617
7290,1.0625
7291,3.5288461538461537
7292,1.0408653846153846
7293,0.38221153846153844
7294,1.1658653846153846
7295,0.25240384615384615
7296,2.233173076923077
7297,0.6850961538461539
7298,0.4903846153846154
7299,0.46634615384615385
7300,0.38461538461538464
7301,0.28846153846153844
7302,3.4615384615384617
7303,3.9423076923076925
7304,0.09615384615384616
7305,0.3918269230769231
7306,3.21875
7307,0.2932692307692308
7308,9.350961538461538
7309,3.199519230769231
7310,1.5264423076923077
7311,0.8317307692307692
7312,0.2932692307692308
7313,0.19471153846153846
7314,0.6778846153846154
7315,2.7716346153846154
7316,1.375
7317,2.3125
7318,1.5048076923076923
7319,0.6850961538461539
7320,2.2331730769230766
7321,0.5552884615384616
7322,0.3269230769230769
7323,0.4879807692307692
7324,1.6730769230769231
7325,5.15625
7326,3.5889423076923075
7327,0.9543269230769231
7328,3.4759615384615383
7329,0.4807692307692308
7330,3.262019230769231
7331,1.6033653846153846
7332,0.25961538461538464
7333,0.5649038461538461
7334,1.7860576923076923
7335,0.23317307692307693
7336,0.7884615384615384
7337,1.0865384615384615
7338,2.2283653846153846
7339,2.2740384615384617
7340,1.4591346153846154
7341,0.6875
7342,1.2043269230769231
7343,1.8677884615384617
7344,0.7211538461538461
7345,1.1153846153846154
7346,2.0600961538461537
7347,2.5528846153846154
7348,2.0456730769230766
7349,0.7163461538461539
7350,0.5192307692307692
7351,0.6971153846153846
7352,1.1538461538461537
7353,0.42788461538461536
7354,0.4783653846153846
7355,0.4206730769230769
7356,0.5504807692307692
7357,1.0480769230769231
7358,1.0576923076923077
7359,0.6730769230769231
7360,1.0576923076923077
7361,0.5769230769230769
7362,0.6730769230769231
7363,0.49038461538461536
7364,2.1514423076923075
7365,1.9278846153846154
7366,3.2644230769230766
7367,2.9615384615384617
7368,3.6033653846153846
7369,0.8894230769230769
7370,0.8629807692307692
7371,0.2860576923076923
7372,0.6947115384615384
7373,0.9735576923076923
7374,1.1129807692307692
7375,0.5600961538461539
7376,2.2283653846153846
7377,0.8389423076923077
7378,0.8557692307692308
7379,0.4879807692307692
7380,0.8605769230769231
7381,0.4110576923076923
7382,0.9951923076923077
7383,5.185096153846154
7384,1.8798076923076923
7385,0.5096153846153846
7386,1.5264423076923077
7387,1.7475961538461537
7388,2.019230769230769
7389,0.7043269230769231
7390,0.4254807692307692
7391,0.44471153846153844
7392,1.4086538461538463
7393,0.11538461538461539
7394,0.5769230769230769
7395,4.1201923076923075
7396,1.3774038461538463
7397,2.6875
7398,0.3629807692307692
7399,0.5216346153846154
7400,0.6201923076923077
7401,0.7620192307692308
7402,0.4495192307692308
7403,0.2451923076923077
7404,3.1658653846153846
7405,2.2427884615384617
7406,3.2115384615384617
7407,0.43028846153846156
7408,0.7932692307692308
7409,0.3557692307692308
7410,1.0576923076923077
7411,0.6730769230769231
7412,1.3076923076923077
7413,0.5240384615384616
7414,1.0360576923076923
7415,0.40865384615384615
7416,0.09615384615384616
7417,0.09615384615384616
7418,1.9230769230769231
7419,0.0
7420,0.6730769230769231
7421,0.2091346153846154
7422,0.7067307692307693
7423,0.38461538461538464
7424,5.735576923076923
7425,3.5144230769230766
7426,1.9783653846153846
7427,0.4206730769230769
7428,1.5673076923076923
7429,1.5769230769230769
7430,0.96875
7431,4.012019230769231
7432,4.189903846153846
7433,2.8389423076923075
7434,0.8653846153846154
7435,1.3485576923076923
7436,2.5528846153846154
7437,0.3605769230769231
7438,1.4350961538461537
7439,0.1826923076923077
7440,2.5961538461538463
7441,16.329326923076923
7442,2.4783653846153846
7443,1.2283653846153846
7444,4.9110576923076925
7445,1.0552884615384617
7446,6.201923076923077
7447,0.9711538461538461
7448,2.0673076923076925
7449,1.6995192307692308
7450,0.6899038461538461
7451,0.4831730769230769
7452,0.5985576923076923
7453,2.6514423076923075
7454,3.293269230769231
7455,0.6850961538461539
7456,0.3028846153846154
7457,0.6177884615384616
7458,1.3293269230769231
7459,1.2716346153846154
7460,0.7932692307692308
7461,0.02403846153846154
7462,4.802884615384615
7463,1.3966346153846154
7464,2.298076923076923
7465,2.0769230769230766
7466,1.875
7467,0.7235576923076923
7468,0.5120192307692308
7469,0.2716346153846154
7470,0.7427884615384616
7471,0.3076923076923077
7472,0.9543269230769231
7473,1.4158653846153846
7474,0.0
7475,0.0
7476,2.2115384615384617
7477,2.4038461538461537
7478,0.38461538461538464
7479,0.3894230769230769
7480,2.1466346153846154
7481,0.004807692307692308
7482,4.449519230769231
7483,2.6490384615384617
7484,1.3966346153846154
7485,0.3533653846153846
7486,1.9206730769230769
7487,1.1995192307692308
7488,1.2163461538461537
7489,3.0841346153846154
7490,1.9038461538461537
7491,1.5552884615384617
7492,1.3605769230769231
7493,1.2620192307692308
7494,1.0024038461538463
7495,0.10096153846153846
7496,1.0288461538461537
7497,0.46875
7498,0.8581730769230769
7499,11.370192307692308
7500,3.7788461538461537
7501,1.1730769230769231
7502,4.8173076923076925
7503,3.800480769230769
7504,1.6947115384615383
7505,1.2908653846153846
7506,1.9807692307692308
7507,0.8100961538461539
7508,1.0625
7509,0.6778846153846154
7510,0.3701923076923077
7511,3.4423076923076925
7512,1.8677884615384617
7513,2.0384615384615383
7514,0.13942307692307693
7515,0.5961538461538461
7516,1.2355769230769231
7517,1.1971153846153846
7518,1.0769230769230769
7519,0.6802884615384616
7520,5.764423076923077
7521,2.420673076923077
7522,2.2451923076923075
7523,1.5793269230769231
7524,0.33653846153846156
7525,0.47115384615384615
7526,1.3677884615384615
7527,1.9783653846153846
7528,0.4903846153846154
7529,0.46875
7530,0.6442307692307692
7531,0.4951923076923077
7532,0.09615384615384616
7533,0.0
7534,1.9230769230769231
7535,2.4038461538461537
7536,0.38461538461538464
7537,0.10336538461538461
7538,1.3028846153846154
7539,0.4951923076923077
7540,7.355769230769231
7541,1.4927884615384617
7542,1.3990384615384617
7543,0.19471153846153846
7544,0.3918269230769231
7545,0.125
7546,0.49759615384615385
7547,2.59375
7548,2.1225961538461537
7549,0.9543269230769231
7550,1.8701923076923077
7551,2.0913461538461537
7552,2.3413461538461537
7553,0.9495192307692308
7554,0.3870192307692308
7555,0.11538461538461539
7556,0.28125
7557,3.0048076923076925
7558,2.4086538461538463
7559,0.9591346153846154
7560,3.9038461538461537
7561,0.46875
7562,1.3533653846153846
7563,2.4086538461538463
7564,0.8341346153846154
7565,1.0913461538461537
7566,1.7548076923076923
7567,0.5432692307692308
7568,1.1274038461538463
7569,0.8653846153846154
7570,3.4639423076923075
7571,1.1298076923076923
7572,0.46634615384615385
7573,0.7163461538461539
7574,0.7091346153846154
7575,1.7235576923076923
7576,0.6346153846153846
7577,0.3173076923076923
7578,2.1826923076923075
7579,2.2908653846153846
7580,2.0336538461538463
7581,1.5769230769230769
7582,0.9783653846153846
7583,1.3918269230769231
7584,0.9807692307692308
7585,0.2764423076923077
7586,0.8125
7587,1.1274038461538463
7588,1.0168269230769231
7589,0.7596153846153846
7590,0.09615384615384616
7591,0.38461538461538464
7592,0.5841346153846154
7593,0.4831730769230769
7594,0.7716346153846154
7595,0.875
7596,1.7548076923076923
7597,1.4759615384615385
7598,6.497596153846153
7599,1.5072115384615383
7600,1.5360576923076923
7601,0.4471153846153846
7602,0.28846153846153844
7603,1.0168269230769231
7604,0.8028846153846154
7605,4.326923076923077
7606,2.6274038461538463
7607,0.8629807692307692
7608,1.9182692307692308
7609,2.9158653846153846
7610,0.2980769230769231
7611,0.8028846153846154
7612,1.28125
7613,0.9423076923076923
7614,0.1201923076923077
7615,3.8052884615384617
7616,4.675480769230769
7617,0.49759615384615385
7618,3.40625
7619,3.081730769230769
7620,1.5288461538461537
7621,4.490384615384615
7622,2.019230769230769
7623,0.65625
7624,0.052884615384615384
7625,1.2548076923076923
7626,0.8485576923076923
7627,3.237980769230769
7628,0.7692307692307693
7629,3.2860576923076925
7630,1.0841346153846154
7631,0.9663461538461539
7632,0.2644230769230769
7633,0.3846153846153846
7634,0.10817307692307693
7635,0.6394230769230769
7636,1.2283653846153846
7637,2.7211538461538463
7638,0.5841346153846154
7639,0.5264423076923077
7640,1.0552884615384615
7641,0.7355769230769231
7642,0.9086538461538461
7643,0.34615384615384615
7644,1.4182692307692308
7645,0.43509615384615385
7646,0.3125
7647,0.20673076923076922
7648,0.0
7649,0.38461538461538464
7650,1.7379807692307692
7651,0.09615384615384616
7652,0.38461538461538464
7653,1.2740384615384615
7654,0.9783653846153846
7655,0.002403846153846154
7656,8.841346153846153
7657,1.3725961538461537
7658,1.8822115384615383
7659,3.043269230769231
7660,1.7524038461538463
7661,0.25721153846153844
7662,0.8221153846153846
7663,2.0552884615384617
7664,3.3028846153846154
7665,1.9735576923076923
7666,1.2644230769230769
7667,1.9038461538461537
7668,0.8100961538461539
7669,0.6322115384615384
7670,0.8990384615384616
7671,1.2355769230769231
7672,0.28125
7673,13.963942307692307
7674,3.5961538461538463
7675,1.3269230769230769
7676,5.300480769230769
7677,13.295673076923077
7678,1.8413461538461537
7679,1.9206730769230769
7680,3.206730769230769
7681,1.7668269230769231
7682,0.7596153846153846
7683,1.4038461538461537
7684,1.1610576923076923
7685,1.2788461538461537
7686,1.2259615384615383
7687,2.78125
7688,1.5456730769230769
7689,2.2596153846153846
7690,1.0216346153846154
7691,1.7019230769230769
7692,1.2644230769230769
7693,0.09134615384615384
7694,2.7331730769230766
7695,3.0456730769230766
7696,2.576923076923077
7697,1.5216346153846154
7698,0.6730769230769231
7699,1.4254807692307692
7700,3.4350961538461537
7701,0.7884615384615384
7702,1.2067307692307692
7703,1.6947115384615383
7704,0.9447115384615384
7705,0.18990384615384615
7706,0.8653846153846154
7707,0.19230769230769232
7708,2.6009615384615383
7709,0.19471153846153846
7710,0.5841346153846154
7711,1.3629807692307692
7712,2.0528846153846154
7713,1.1826923076923077
7714,4.802884615384615
7715,4.572115384615385
7716,2.5336538461538463
7717,1.2163461538461537
7718,1.2091346153846154
7719,0.7091346153846154
7720,0.6081730769230769
7721,2.1033653846153846
7722,4.367788461538462
7723,1.8004807692307692
7724,2.0288461538461537
7725,3.21875
7726,0.5456730769230769
7727,1.4254807692307692
7728,1.4711538461538463
7729,1.1610576923076923
7730,0.5889423076923077
7731,8.40625
7732,2.4615384615384617
7733,0.2548076923076923
7734,5.228365384615385
7735,6.668269230769231
7736,1.6009615384615383
7737,1.1201923076923077
7738,1.8076923076923077
7739,0.7235576923076923
7740,1.1514423076923077
7741,0.5817307692307692
7742,1.3725961538461537
7743,3.1225961538461537
7744,1.7692307692307692
7745,0.5096153846153846
7746,0.7692307692307692
7747,0.8822115384615384
7748,0.4471153846153846
7749,1.8966346153846154
7750,0.8533653846153846
7751,0.4951923076923077
7752,3.1153846153846154
7753,3.449519230769231
7754,2.9086538461538463
7755,1.3653846153846154
7756,1.7355769230769231
7757,0.625
7758,1.4543269230769231
7759,0.9206730769230769
7760,2.298076923076923
7761,1.8725961538461537
7762,0.5721153846153846
7763,0.4206730769230769
7764,0.28846153846153844
7765,0.6730769230769231
7766,2.3173076923076925
7767,0.38461538461538464
7768,0.6778846153846154
7769,0.39663461538461536
7770,2.0649038461538463
7771,0.7932692307692307
7772,3.293269230769231
7773,5.079326923076923
7774,3.7355769230769234
7775,0.8509615384615384
7776,1.1778846153846154
7777,0.5528846153846154
7778,0.6634615384615384
7779,14.545673076923077
7780,4.480769230769231
7781,2.5913461538461537
7782,0.5264423076923077
7783,3.1778846153846154
7784,1.0432692307692308
7785,1.7475961538461537
7786,1.0480769230769231
7787,2.420673076923077
7788,0.7956730769230769
7789,12.733173076923077
7790,5.149038461538462
7791,1.6201923076923077
7792,5.639423076923077
7793,6.615384615384615
7794,2.519230769230769
7795,2.4951923076923075
7796,3.8990384615384617
7797,1.71875
7798,0.1658653846153846
7799,2.1778846153846154
7800,1.75
7801,6.947115384615385
7802,1.8557692307692308
7803,0.5384615384615384
7804,1.8966346153846154
7805,0.8774038461538461
7806,2.1177884615384617
7807,1.5192307692307692
7808,0.5408653846153846
7809,0.9759615384615384
7810,7.959134615384615
7811,0.7716346153846154
7812,3.9326923076923075
7813,3.2860576923076925
7814,2.2355769230769234
7815,1.8846153846153846
7816,2.9735576923076925
7817,1.3677884615384617
7818,2.2163461538461537
7819,1.7403846153846154
7820,1.4350961538461537
7821,0.1875
7822,0.5769230769230769
7823,0.4807692307692308
7824,3.78125
7825,0.6754807692307693
7826,0.4879807692307692
7827,1.0697115384615385
7828,2.3365384615384617
7829,0.0
7830,8.802884615384615
7831,1.9471153846153846
7832,1.2139423076923077
7833,0.6081730769230769
7834,1.7764423076923077
7835,1.6802884615384617
7836,0.9038461538461539
7837,5.314903846153847
7838,4.050480769230769
7839,3.1033653846153846
7840,3.0673076923076925
7841,3.1298076923076925
7842,1.0576923076923077
7843,0.5649038461538461
7844,2.4903846153846154
7845,1.4014423076923077
7846,0.23798076923076922
7847,17.375
7848,8.048076923076923
7849,0.5528846153846154
7850,6.269230769230769
7851,2.487980769230769
7852,2.1850961538461537
7853,1.8269230769230769
7854,2.6225961538461537
7855,2.175480769230769
7856,1.4615384615384615
7857,1.9447115384615383
7858,0.8557692307692308
7859,1.3701923076923077
7860,3.043269230769231
7861,0.7620192307692308
7862,0.7836538461538461
7863,0.05048076923076923
7864,0.7764423076923077
7865,0.7764423076923077
7866,0.15865384615384615
7867,0.9615384615384616
7868,2.8293269230769234
7869,1.5576923076923077
7870,1.7355769230769231
7871,2.831730769230769
7872,0.6730769230769231
7873,0.09134615384615384
7874,1.2163461538461537
7875,0.5456730769230769
7876,1.5817307692307692
7877,0.6322115384615384
7878,0.1923076923076923
7879,0.5192307692307692
7880,1.5384615384615385
7881,0.28846153846153844
7882,3.4663461538461537
7883,3.5673076923076925
7884,0.2932692307692308
7885,0.8774038461538461
7886,1.8701923076923077
7887,0.3870192307692308
7888,10.899038461538462
7889,2.2860576923076925
7890,0.9951923076923077
7891,1.3966346153846154
7892,1.6490384615384615
7893,0.10817307692307693
7894,0.5625
7895,3.5384615384615383
7896,1.5673076923076923
7897,2.0024038461538463
7898,1.8774038461538463
7899,0.6274038461538461
7900,2.5889423076923075
7901,0.3605769230769231
7902,0.17067307692307693
7903,0.7548076923076923
7904,1.1778846153846154
7905,6.278846153846153
7906,3.1490384615384617
7907,1.1730769230769231
7908,2.2716346153846154
7909,0.7235576923076923
7910,2.28125
7911,3.0697115384615383
7912,0.32211538461538464
7913,0.8485576923076923
7914,1.5865384615384615
7915,0.6394230769230769
7916,1.3846153846153846
7917,3.2716346153846154
7918,2.6298076923076925
7919,0.8605769230769231
7920,0.2764423076923077
7921,0.7403846153846154
7922,1.1995192307692308
7923,1.4615384615384615
7924,2.0697115384615383
7925,2.295673076923077
7926,2.90625
7927,1.3798076923076923
7928,3.5649038461538463
7929,1.3221153846153846
7930,0.6754807692307692
7931,1.2884615384615385
7932,1.4711538461538463
7933,0.5913461538461539
7934,0.9591346153846154
7935,0.31490384615384615
7936,0.7043269230769231
7937,0.6538461538461539
7938,0.4807692307692308
7939,1.4423076923076923
7940,0.8677884615384616
7941,0.3870192307692308
7942,0.7716346153846154
7943,0.20432692307692307
7944,1.7716346153846154
7945,2.5
7946,1.6370192307692308
7947,1.2475961538461537
7948,2.0528846153846154
7949,0.6995192307692308
7950,0.5408653846153846
7951,0.06971153846153846
7952,0.6009615384615384
7953,2.0288461538461537
7954,2.2740384615384617
7955,2.0625
7956,0.7451923076923077
7957,0.7548076923076923
7958,0.6105769230769231
7959,0.8461538461538461
7960,0.9567307692307693
7961,0.1826923076923077
7962,0.8798076923076923
7963,5.103365384615385
7964,1.5192307692307692
7965,0.7091346153846154
7966,1.0841346153846154
7967,1.5528846153846154
7968,2.0264423076923075
7969,1.3221153846153846
7970,0.2692307692307692
7971,0.6418269230769231
7972,1.4326923076923077
7973,0.18990384615384615
7974,0.8485576923076923
7975,2.7235576923076925
7976,0.8293269230769231
7977,1.5649038461538463
7978,0.6682692307692307
7979,0.5504807692307693
7980,0.6105769230769231
7981,1.7427884615384615
7982,1.0072115384615383
7983,0.07211538461538461
7984,2.46875
7985,1.4302884615384617
7986,2.625
7987,0.8245192307692308
7988,0.625
7989,0.5288461538461539
7990,1.4783653846153846
7991,0.47596153846153844
7992,0.7091346153846154
7993,0.49759615384615385
7994,0.90625
7995,0.6802884615384616
7996,0.0
7997,1.3461538461538463
7998,2.699519230769231
7999,0.28846153846153844
8000,1.0625
8001,0.3918269230769231
8002,1.3701923076923077
8003,0.4855769230769231
8004,4.461538461538462
8005,3.4615384615384617
8006,2.2860576923076925
8007,0.7644230769230769
8008,2.1586538461538463
8009,1.6754807692307692
8010,1.0240384615384617
8011,5.146634615384615
8012,2.5408653846153846
8013,1.5625
8014,1.2427884615384617
8015,1.4278846153846154
8016,3.7163461538461537
8017,0.3629807692307692
8018,1.1201923076923077
8019,0.5240384615384616
8020,2.8485576923076925
8021,15.20673076923077
8022,4.810096153846154
8023,1.125
8024,3.6634615384615383
8025,0.6899038461538461
8026,4.644230769230769
8027,0.8894230769230769
8028,0.9375
8029,1.4519230769230769
8030,1.0841346153846154
8031,0.4254807692307692
8032,0.4254807692307692
8033,1.2788461538461537
8034,5.259615384615385
8035,0.3004807692307692
8036,0.43990384615384615
8037,0.14903846153846154
8038,1.3509615384615383
8039,0.3966346153846154
8040,0.375
8041,0.3076923076923077
8042,4.0048076923076925
8043,2.0
8044,1.3966346153846154
8045,2.4278846153846154
8046,1.5480769230769231
8047,0.4495192307692308
8048,0.8125
8049,0.4375
8050,0.5432692307692308
8051,0.5913461538461539
8052,0.5432692307692308
8053,1.3557692307692308
8054,0.19230769230769232
8055,0.28846153846153844
8056,2.6971153846153846
8057,1.5408653846153846
8058,0.19230769230769232
8059,0.2980769230769231
8060,2.519230769230769
8061,0.1971153846153846
8062,2.6466346153846154
8063,2.3076923076923075
8064,1.0048076923076923
8065,1.4423076923076923
8066,1.0985576923076923
8067,0.4855769230769231
8068,0.9639423076923077
8069,5.709134615384615
8070,1.5144230769230769
8071,1.3846153846153846
8072,1.4350961538461537
8073,2.1322115384615383
8074,0.6225961538461539
8075,0.1466346153846154
8076,0.8413461538461539
8077,0.49278846153846156
8078,0.8052884615384616
8079,7.728365384615385
8080,4.6923076923076925
8081,1.0865384615384615
8082,3.331730769230769
8083,2.5288461538461537
8084,1.6009615384615383
8085,2.4951923076923075
8086,2.519230769230769
8087,0.59375
8088,1.4447115384615383
8089,0.9014423076923077
8090,0.16826923076923078
8091,2.3725961538461537
8092,2.40625
8093,0.59375
8094,0.33653846153846156
8095,0.17307692307692307
8096,0.7403846153846154
8097,0.90625
8098,0.6802884615384616
8099,1.2355769230769231
8100,4.5048076923076925
8101,2.4951923076923075
8102,1.9302884615384617
8103,1.3004807692307692
8104,0.5024038461538461
8105,0.6730769230769231
8106,1.1153846153846154
8107,3.3533653846153846
8108,0.5120192307692308
8109,0.2764423076923077
8110,0.2860576923076923
8111,0.7019230769230769
8112,0.19230769230769232
8113,0.0
8114,1.0625
8115,2.6971153846153846
8116,0.8653846153846154
8117,0.3870192307692308
8118,1.0841346153846154
8119,0.6850961538461539
