row_id,demand
0,7.1618411927877945
1,2.4930651872399445
2,1.379594313453537
3,0.6920076282940361
4,0.554871705963939
5,0.30019070735090153
6,0.5125693481276006
7,2.129680998613037
8,1.718359916782247
9,1.3161407766990292
10,1.8392857142857144
11,1.0075416088765603
12,1.4218966712898753
13,0.5748092926490984
14,0.5311199722607489
15,0.22737517337031898
16,0.2729715672676838
17,4.245839112343967
18,2.494018723994452
19,2.191747572815534
20,2.0761962552011095
21,1.0065880721220526
22,1.6210991678224689
23,1.6690360610263524
24,1.0871185852981968
25,0.6469313453536755
26,0.9969660194174758
27,0.6946081830790568
28,0.9285714285714286
29,0.7742718446601942
30,1.744018723994452
31,2.0662274618585297
32,0.4139216366158114
33,0.3977115117891817
34,0.8388522884882108
35,1.3371185852981968
36,1.1611477115117892
37,0.4510228848821082
38,1.6490117891816922
39,2.4242371705963937
40,1.606102635228849
41,0.7702843273231623
42,0.7455790568654646
43,0.6690360610263523
44,1.0207177531206657
45,0.4620319001386962
46,0.6932212205270458
47,0.6243932038834952
48,0.6591539528432733
49,0.8642510402219139
50,0.0770631067961165
51,0.24670596393897365
52,0.2936893203883495
53,0.17198335644937585
54,0.29299583911234395
55,0.2715846047156727
56,0.6559466019417476
57,0.5911061026352289
58,4.237170596393898
59,1.7084778085991679
60,0.9953190013869626
61,0.5085818307905686
62,0.21731969486823854
63,0.4559639389736477
64,1.396757975034674
65,2.3514216366158114
66,1.8377253814147019
67,1.1853328710124826
68,0.8834951456310679
69,1.4959257975034674
70,0.39840499306518723
71,0.6213592233009708
72,0.5440360610263523
73,0.5496705963938974
74,0.11910540915395285
75,5.414701803051318
76,3.1809119278779474
77,1.0631067961165048
78,1.8194348127600555
79,1.588505547850208
80,1.2720180305131763
81,2.3500346740638003
82,0.8522884882108184
83,0.618498613037448
84,0.1942614424410541
85,0.6922676837725381
86,0.8715325936199723
87,3.90377947295423
88,0.15906726768377252
89,1.2955097087378642
90,1.2330097087378642
91,1.2670769764216367
92,0.17735783633841887
93,0.3749133148404993
94,0.18932038834951456
95,0.24549237170596394
96,1.0171636615811372
97,1.5654472954230236
98,0.5668342579750346
99,0.5390950069348127
100,0.6856796116504854
101,0.6680825242718447
102,0.5224514563106797
103,0.5097087378640777
104,0.9307385575589459
105,0.5116158113730929
106,0.6389563106796117
107,0.19920249653259361
108,0.0
109,0.20934466019417475
110,0.788488210818308
111,0.06813453536754507
112,0.10549583911234396
113,0.40620665742024964
114,0.3430131761442441
115,0.11277739251040221
116,6.322122052704577
117,2.353242024965326
118,1.975121359223301
119,2.212118585298197
120,1.152739251040222
121,0.6913141470180305
122,0.8315707350901524
123,2.1243065187239942
124,1.5029472954230236
125,1.7897884882108182
126,1.4733009708737863
127,1.6180651872399445
128,0.396757975034674
129,0.705877253814147
130,0.6366158113730929
131,0.8339112343966713
132,0.42917822468793343
133,13.224861303744799
134,3.1243065187239942
135,2.5194174757281553
136,2.766643550624133
137,4.812413314840499
138,1.7805998613037448
139,0.8238557558945909
140,1.8161407766990292
141,1.4348127600554785
142,0.6217926490984743
143,1.1757108183079057
144,1.2518203883495147
145,2.16132108183079
146,1.0807905686546462
147,1.2309292649098473
148,1.2226941747572815
149,0.6861997226074896
150,0.7789528432732316
151,0.8548890429958391
152,1.2147191400832176
153,0.26803051317614424
154,2.053311373092926
155,2.6772711511789185
156,1.598387656033287
157,1.1867198335644937
158,0.923630374479889
159,1.4672330097087378
160,1.707784327323162
161,0.7840672676837726
162,1.052617891816921
163,0.6875866851595007
164,0.5783633841886269
165,0.4315187239944522
166,0.3310506241331484
167,0.19478155339805825
168,0.7520804438280166
169,0.13626907073509015
170,0.36511789181692095
171,0.47668169209431344
172,0.8305305131761442
173,0.2910887656033287
174,4.469400138696255
175,3.5170769764216363
176,2.541002080443828
177,1.256761442441054
178,1.0019070735090154
179,0.6657420249653259
180,1.0124826629680999
181,1.1464112343966713
182,2.5227115117891814
183,1.694868238557559
184,0.6497919556171983
185,1.4438280166435506
186,0.323248959778086
187,0.7602288488210818
188,0.7063973647711512
189,0.6140776699029127
190,0.1531726768377254
191,6.39372399445215
192,2.1106969486823854
193,0.4660194174757281
194,2.6191920943134535
195,3.3771671289875176
196,1.4472954230235784
197,1.7448855755894592
198,1.1797850208044383
199,0.6770110957004161
200,0.922243411927878
201,0.8205617198335644
202,0.9760748959778085
203,1.6911407766990292
204,1.1515256588072122
205,1.4145284327323162
206,0.7869278779472954
207,0.41322815533980584
208,0.8385922330097088
209,1.0579056865464633
210,1.0554785020804438
211,0.3725728155339806
212,2.979542302357836
213,1.6871532593619971
214,1.9856969486823854
215,0.8771671289875174
216,0.9718273231622747
217,0.5539181692094314
218,1.6483183079056865
219,1.1577669902912622
220,1.427097780859917
221,1.3225554785020803
222,0.7174063800277393
223,0.35870319001386963
224,0.14849167822468792
225,0.2579750346740638
226,0.9141816920943134
227,0.07871012482662967
228,0.16634882108183077
229,0.19053398058252427
230,0.6397364771151178
231,0.442874479889043
232,4.3011442441054095
233,4.26993758668516
234,3.2233009708737868
235,1.4970527045769764
236,1.082004160887656
237,0.7356969486823856
238,0.8679785020804438
239,7.805218446601941
240,3.0869452149791954
241,2.6478848821081833
242,1.1289008321775311
243,2.458997919556172
244,0.6161581137309293
245,3.5324202496532595
246,0.8658980582524272
247,1.1653952843273232
248,0.7994105409153953
249,15.295336338418862
250,4.122832871012483
251,3.553398058252427
252,2.9441747572815533
253,3.508408460471567
254,2.0589459084604718
255,2.393984049930652
256,3.383235090152566
257,1.3497746185852981
258,0.3567961165048544
259,1.4850901525658806
260,1.2129854368932038
261,4.857749653259362
262,2.6990291262135924
263,1.1140776699029127
264,1.510748959778086
265,0.7634361997226075
266,2.752253814147018
267,1.8330443828016643
268,0.7009361997226075
269,1.3485610263522885
270,7.149531900138696
271,0.6204923717059639
272,3.190967406380028
273,2.341626213592233
274,1.776872399445215
275,1.760402219140083
276,2.358009708737864
277,1.7210471567267682
278,1.434119278779473
279,0.7686373092926491
280,0.8884361997226075
281,0.7770457697642164
282,0.19313453536754507
283,0.36182385575589454
284,1.4390603328710125
285,0.11347087378640777
286,0.21428571428571427
287,0.6850728155339806
288,0.9658460471567267
289,0.0
290,6.283027045769764
291,2.0115291262135924
292,1.0836511789181693
293,0.8919902912621359
294,1.6140776699029127
295,1.153606102635229
296,0.6140776699029127
297,2.7954230235783633
298,2.53632108183079
299,2.08997919556172
300,2.3946775312066575
301,2.216626213592233
302,0.4817961165048544
303,0.694868238557559
304,1.3075589459084604
305,0.8163141470180305
306,0.18463938973647712
307,12.086685159500693
308,5.507975034674064
309,1.5
310,4.184032593619972
311,1.4511095700416088
312,2.3091192787794728
313,1.452236477115118
314,1.6768377253814148
315,1.2379507628294038
316,0.5346740638002774
317,1.192874479889043
318,0.6697295423023578
319,1.5680478502080444
320,1.970873786407767
321,0.7065707350901526
322,0.9231969486823854
323,0.15057212205270457
324,0.8567094313453536
325,0.511875866851595
326,0.32532940360610263
327,0.5539181692094314
328,1.9050797503467407
329,1.1244798890429957
330,0.8983183079056865
331,1.4750346740638003
332,0.5069348127600555
333,0.3723127600554785
334,0.7538141470180305
335,0.29455617198335643
336,1.2520804438280166
337,0.7521671289875174
338,0.41296809986130373
339,0.6048890429958391
340,0.495752427184466
341,0.09821428571428571
342,1.4707871012482663
343,1.180391816920943
344,0.1435506241331484
345,0.20041608876560332
346,1.000866851595007
347,0.07541608876560332
348,5.645891123439668
349,1.8654646324549238
350,1.0843446601941746
351,0.6683425797503467
352,0.7167128987517337
353,0.4218966712898752
354,0.5962205270457698
355,3.187413314840499
356,1.8933772538141471
357,1.5086685159500695
358,1.649531900138696
359,0.6939147018030514
360,2.2405513176144245
361,0.3603502080443828
362,0.7171463245492371
363,0.8494278779472954
364,0.43671983356449373
365,5.758495145631068
366,2.969573509015256
367,2.6723300970873787
368,1.5795769764216367
369,1.0052011095700415
370,2.0566920943134535
371,1.504594313453537
372,0.6844660194174758
373,0.7465325936199723
374,1.0527045769764216
375,0.29013522884882104
376,0.5147364771151178
377,0.928138002773925
378,2.3802877947295418
379,1.321341886269071
380,0.5774098474341193
381,0.41955617198335643
382,1.6367891816920943
383,1.953536754507628
384,0.9589112343966713
385,1.4085471567267682
386,1.8040915395284327
387,1.7838938973647709
388,2.043255894590846
389,1.1432905686546464
390,0.49046463245492367
391,0.5969140083217753
392,1.188886962552011
393,0.8681518723994451
394,0.4843966712898752
395,0.4411407766990291
396,0.5654472954230236
397,1.0354542302357836
398,0.20535714285714285
399,0.5201976421636616
400,0.6968619972260749
401,0.22884882108183077
402,0.6045423023578363
403,0.18819348127600555
404,0.9390603328710124
405,0.6327149791955617
406,2.15126560332871
407,1.9283113730929262
408,1.7402045769764216
409,0.4550104022191401
410,0.5520110957004161
411,0.4500693481276006
412,0.5480235783633841
413,1.275745492371706
414,1.1022018030513177
415,0.8550624133148405
416,1.3554091539528432
417,0.8686719833564494
418,0.7110783633841886
419,0.526872399445215
420,0.46489251040221913
421,0.4127080443828017
422,0.28259361997226073
423,3.7411581137309295
424,1.410627600554785
425,1.5072815533980584
426,1.0469833564493758
427,1.3934639389736476
428,1.406640083217753
429,1.7909153952843273
430,0.42961165048543687
431,0.59500693481276
432,1.1961685159500692
433,0.3749133148404993
434,0.32229542302357833
435,2.158980582524272
436,1.024878640776699
437,0.6737170596393898
438,0.40360610263522884
439,0.348127600554785
440,1.1723300970873787
441,1.0352808599167822
442,0.6396497919556172
443,0.1869798890429958
444,1.8205617198335644
445,1.4040395284327323
446,2.1940880721220526
447,0.7505201109570041
448,0.647624826629681
449,0.4900312066574202
450,0.9328190013869626
451,0.5963938973647711
452,0.5151699029126213
453,0.478502080443828
454,0.6502253814147019
455,0.6816920943134535
456,0.05920596393897365
457,0.32376907073509015
458,0.8986650485436893
459,0.12404646324549237
460,0.2020631067961165
461,0.19452149791955617
462,0.40785367545076284
463,0.1475381414701803
464,6.657506934812759
465,2.7552877947295418
466,2.0253987517337033
467,0.38548890429958393
468,1.4959257975034674
469,1.2420249653259363
470,0.9302184466019418
471,3.4991331484049932
472,1.9979195561719836
473,2.241938280166435
474,1.3471740638002774
475,1.0899791955617197
476,2.3155339805825244
477,0.34648058252427183
478,0.9100208044382802
479,0.4791955617198336
480,1.7275485436893203
481,12.47971567267684
482,2.7491331484049932
483,2.4174757281553396
484,3.583304438280166
485,1.629767683772538
486,4.189147018030513
487,0.9781553398058253
488,1.2247746185852981
489,1.0479368932038835
490,1.0796636615811372
491,0.41201456310679613
492,0.24713938973647712
493,2.21376560332871
494,2.4847434119278784
495,0.328623439667129
496,0.3004507628294036
497,0.41201456310679613
498,1.4423543689320388
499,0.6253467406380028
500,1.1574202496532593
501,0.10783633841886268
502,4.664701803051318
503,2.2022364771151177
504,1.197382108183079
505,1.6706830790568654
506,0.9453016643550624
507,0.391123439667129
508,0.661494452149792
509,0.3713592233009709
510,0.5043342579750346
511,0.42917822468793343
512,0.4407073509015257
513,1.1515256588072122
514,0.09656726768377254
515,0.07871012482662967
516,0.8834084604715673
517,0.7180131761442441
518,0.10220180305131762
519,0.16539528432732314
520,1.0462031900138697
521,0.0625
522,2.9160887656033285
523,1.6025485436893203
524,1.0549583911234397
525,0.5936199722607489
526,0.8715325936199723
527,0.8672850208044383
528,0.6340152565880721
529,2.5110957004160888
530,1.3883495145631066
531,1.6044556171983357
532,1.2121185852981968
533,1.0491504854368932
534,0.4970527045769764
535,0.3060852981969487
536,0.3913834951456311
537,0.2250346740638003
538,0.3683252427184466
539,6.972174063800278
540,2.906986823855756
541,2.7305825242718447
542,2.1830790568654646
543,1.8183079056865465
544,1.420249653259362
545,1.2746185852981968
546,1.5194174757281553
547,0.7700242718446602
548,1.2299757281553396
549,0.7895284327323162
550,0.260748959778086
551,1.772884882108183
552,1.9976595006934814
553,1.0917995839112344
554,0.2769590846047157
555,0.3779472954230236
556,1.0199375866851594
557,0.9591712898751734
558,0.4186026352288488
559,0.8003640776699029
560,4.1086165048543695
561,1.2464459084604715
562,1.2814667128987516
563,1.0535714285714286
564,0.32931692094313453
565,0.3782073509015257
566,0.5370145631067962
567,1.123873092926491
568,0.44469486823855753
569,0.39745145631067963
570,0.5221914008321775
571,0.4355062413314841
572,0.05192441054091539
573,0.03406726768377254
574,0.6872399445214978
575,0.8493411927877947
576,0.20769764216366157
577,0.13626907073509015
578,0.30894590846047154
579,0.23847087378640777
580,7.376717032967033
581,2.7201236263736264
582,1.3186813186813189
583,0.6717032967032968
584,0.6596840659340659
585,0.29739010989010994
586,0.6387362637362637
587,2.071428571428571
588,1.7352335164835164
589,1.125
590,1.3200549450549453
591,1.0154532967032968
592,1.245879120879121
593,0.6208791208791209
594,0.418956043956044
595,0.3046016483516484
596,0.228021978021978
597,4.377747252747253
598,2.6998626373626378
599,1.8028846153846154
600,2.28021978021978
601,1.0501373626373627
602,1.5734890109890112
603,1.7081043956043955
604,0.9989697802197803
605,0.678228021978022
606,0.860576923076923
607,0.6531593406593406
608,0.6040521978021978
609,0.71875
610,2.17342032967033
611,1.3873626373626373
612,0.38255494505494503
613,0.33035714285714285
614,0.832760989010989
615,1.3571428571428572
616,1.2970467032967032
617,0.4766483516483516
618,1.340315934065934
619,2.5940934065934065
620,1.4876373626373627
621,0.7798763736263736
622,0.7252747252747253
623,0.6648351648351648
624,1.0796703296703298
625,0.4505494505494505
626,0.6596840659340659
627,0.6057692307692308
628,0.668956043956044
629,0.8372252747252746
630,0.0625
631,0.260989010989011
632,0.32211538461538464
633,0.15728021978021978
634,0.35061813186813184
635,0.22733516483516486
636,0.5528846153846154
637,0.5820741758241759
638,4.348214285714286
639,1.6744505494505495
640,0.981456043956044
641,0.5051510989010989
642,0.1662087912087912
643,0.6188186813186813
644,1.2063873626373627
645,2.024381868131868
646,1.5807005494505493
647,1.335164835164835
648,0.6466346153846154
649,1.2194368131868132
650,0.34512362637362637
651,0.7692307692307692
652,0.5614697802197801
653,0.44436813186813184
654,0.11126373626373626
655,5.255837912087912
656,2.98592032967033
657,1.0096153846153846
658,1.9385302197802199
659,1.8818681318681318
660,1.2194368131868132
661,2.182348901098901
662,1.0133928571428572
663,0.5703983516483516
664,0.16380494505494503
665,0.5357142857142857
666,0.8588598901098901
667,3.2654532967032965
668,0.18063186813186813
669,1.0264423076923077
670,1.3389423076923077
671,0.9979395604395604
672,0.13289835164835165
673,0.5020604395604396
674,0.2668269230769231
675,0.34512362637362637
676,0.9742445054945055
677,1.634271978021978
678,0.5412087912087913
679,0.45535714285714285
680,0.6947115384615384
681,0.7932692307692308
682,0.5336538461538461
683,0.41105769230769235
684,0.9179258241758241
685,0.5003434065934066
686,0.6057692307692308
687,0.14732142857142858
688,0.0
689,0.21634615384615385
690,0.7726648351648352
691,0.08241758241758242
692,0.11263736263736264
693,0.41929945054945056
694,0.29876373626373626
695,0.11263736263736264
696,5.874656593406593
697,1.8873626373626373
698,1.7235576923076923
699,2.232142857142857
700,1.1675824175824177
701,0.7362637362637363
702,0.8760302197802199
703,1.8506181318681318
704,1.3482142857142856
705,1.8210851648351647
706,1.1442307692307692
707,1.6143543956043955
708,0.3794642857142857
709,0.8949175824175826
710,0.8705357142857143
711,0.6328983516483516
712,0.34684065934065933
713,13.340315934065934
714,2.836195054945055
715,2.2427884615384617
716,2.9745879120879124
717,4.341002747252747
718,1.8616071428571428
719,0.6171016483516484
720,1.8341346153846154
721,1.2081043956043955
722,0.5666208791208791
723,1.008585164835165
724,1.127403846153846
725,2.086195054945055
726,1.130151098901099
727,1.4172390109890112
728,1.1634615384615383
729,0.6607142857142857
730,0.6291208791208791
731,1.0525412087912087
732,1.213598901098901
733,0.3166208791208791
734,1.901098901098901
735,2.118131868131868
736,1.5171703296703296
737,1.1195054945054945
738,0.865728021978022
739,1.2692307692307692
740,1.335164835164835
741,0.8128434065934066
742,0.7637362637362637
743,0.7046703296703297
744,0.740728021978022
745,0.507554945054945
746,0.3162774725274725
747,0.2091346153846154
748,0.7942994505494506
749,0.17925824175824176
750,0.42239010989010994
751,0.5470467032967032
752,0.7348901098901098
753,0.26854395604395603
754,4.929258241758242
755,3.896978021978022
756,2.335508241758242
757,1.428228021978022
758,0.9811126373626373
759,0.8633241758241759
760,0.9268543956043955
761,1.0247252747252746
762,2.534684065934066
763,1.7623626373626373
764,0.5669642857142857
765,1.1188186813186813
766,0.3430631868131868
767,0.7208104395604396
768,0.4498626373626374
769,0.625
770,0.17410714285714285
771,6.716002747252747
772,1.880837912087912
773,0.5552884615384616
774,2.664491758241758
775,3.537431318681319
776,1.416208791208791
777,1.8114697802197803
778,1.3973214285714286
779,0.657967032967033
780,0.8794642857142857
781,0.9598214285714286
782,1.0494505494505495
783,1.7235576923076923
784,1.1868131868131868
785,0.4859203296703297
786,0.6943681318681318
787,0.4759615384615385
788,0.5288461538461539
789,1.2918956043956045
790,1.0130494505494505
791,0.3125
792,2.3083791208791204
793,1.640453296703297
794,2.159684065934066
795,1.008585164835165
796,0.7850274725274726
797,0.49244505494505497
798,1.5130494505494505
799,1.0096153846153846
800,1.4107142857142856
801,1.2706043956043955
802,0.6328983516483516
803,0.3200549450549451
804,0.14835164835164835
805,0.2287087912087912
806,0.9124313186813187
807,0.07142857142857142
808,0.2383241758241758
809,0.16105769230769232
810,0.6377060439560439
811,0.478021978021978
812,4.262706043956045
813,4.679945054945055
814,3.3918269230769234
815,1.6085164835164836
816,1.1902472527472527
817,0.7942994505494506
818,0.6957417582417582
819,7.076923076923077
820,2.7554945054945055
821,2.571428571428571
822,0.9601648351648352
823,2.080357142857143
824,0.6116071428571428
825,3.9505494505494507
826,0.8822115384615384
827,1.0350274725274726
828,0.7149725274725274
829,13.571428571428571
830,3.8255494505494507
831,3.6274038461538463
832,2.9975961538461537
833,3.7736950549450547
834,1.769574175824176
835,3.019917582417582
836,2.7850274725274726
837,1.2750686813186813
838,0.40384615384615385
839,1.3303571428571428
840,1.2884615384615383
841,4.429258241758241
842,2.432692307692308
843,1.283653846153846
844,1.4584478021978022
845,1.0171703296703296
846,2.792582417582418
847,2.0669642857142856
848,1.041208791208791
849,1.1572802197802197
850,6.748626373626374
851,0.6624313186813187
852,2.583447802197802
853,1.9879807692307692
854,1.6641483516483517
855,1.4378434065934065
856,1.9591346153846154
857,1.697802197802198
858,1.6043956043956045
859,0.9800824175824177
860,1.1205357142857144
861,0.7417582417582417
862,0.20020604395604397
863,0.3252060439560439
864,1.4581043956043958
865,0.06971153846153846
866,0.22149725274725274
867,0.5673076923076923
868,0.8334478021978021
869,0.0
870,6.777472527472527
871,2.1490384615384617
872,1.0044642857142856
873,0.9879807692307692
874,1.5240384615384617
875,1.0291895604395602
876,0.826923076923077
877,2.538118131868132
878,2.490041208791209
879,2.3997252747252746
880,2.017857142857143
881,1.90625
882,0.5288461538461539
883,0.7551510989010989
884,1.2929258241758241
885,0.7675137362637363
886,0.19059065934065933
887,12.482829670329672
888,5.521978021978022
889,1.4278846153846154
890,4.524725274725275
891,1.6236263736263736
892,2.3712225274725274
893,1.3348214285714286
894,1.739010989010989
895,1.2791895604395602
896,0.4811126373626373
897,1.0765796703296702
898,0.6868131868131868
899,1.644574175824176
900,2.338942307692308
901,0.8808379120879121
902,0.880837912087912
903,0.3080357142857143
904,0.9515796703296703
905,0.6167582417582418
906,0.3513049450549451
907,0.5357142857142857
908,1.934065934065934
909,1.130151098901099
910,0.7630494505494505
911,1.415521978021978
912,0.582760989010989
913,0.21050824175824176
914,0.856456043956044
915,0.34237637362637363
916,1.1717032967032968
917,0.6744505494505495
918,0.38118131868131866
919,0.48523351648351654
920,0.4951923076923077
921,0.10542582417582418
922,1.3746565934065935
923,1.1929945054945055
924,0.13598901098901098
925,0.22184065934065933
926,0.9553571428571429
927,0.06078296703296703
928,5.594780219780219
929,2.135302197802198
930,1.1201923076923077
931,0.7654532967032968
932,0.5820741758241758
933,0.39010989010989006
934,0.5638736263736264
935,3.1847527472527473
936,1.7651098901098903
937,1.464629120879121
938,1.6813186813186811
939,0.6167582417582418
940,2.1308379120879124
941,0.2929258241758242
942,0.4732142857142857
943,0.6631181318681318
944,0.5065247252747253
945,5.759615384615384
946,3.3410027472527473
947,2.53125
948,1.7214972527472527
949,0.9340659340659341
950,2.0442994505494507
951,1.321085164835165
952,0.8076923076923077
953,0.6617445054945056
954,1.026098901098901
955,0.31043956043956045
956,0.5127060439560439
957,1.087912087912088
958,2.333447802197802
959,1.5422390109890112
960,0.5374313186813187
961,0.5106456043956044
962,1.5587225274725274
963,1.645260989010989
964,0.8155906593406594
965,1.23385989010989
966,1.6541895604395602
967,1.8506181318681318
968,1.777129120879121
969,1.0772664835164836
970,0.5944368131868132
971,0.564217032967033
972,1.01510989010989
973,0.6291208791208791
974,0.4021291208791209
975,0.4158653846153846
976,0.648695054945055
977,0.9553571428571428
978,0.20535714285714285
979,0.5199175824175823
980,0.7462225274725275
981,0.2936126373626373
982,0.5896291208791209
983,0.18063186813186813
984,0.9581043956043955
985,0.6315247252747253
986,2.034340659340659
987,2.1655219780219777
988,1.526098901098901
989,0.4948489010989011
990,0.5618131868131868
991,0.28777472527472525
992,0.3777472527472528
993,1.315934065934066
994,1.2029532967032968
995,0.8777472527472527
996,1.1651785714285714
997,0.8258928571428572
998,0.6126373626373627
999,0.4862637362637362
1000,0.4546703296703297
1001,0.15659340659340656
1002,0.43921703296703296
1003,3.815934065934066
1004,1.6315247252747254
1005,1.6875
1006,1.1404532967032968
1007,1.2967032967032968
1008,1.425824175824176
1009,1.5322802197802197
1010,0.46875
1011,0.43166208791208793
1012,1.1593406593406594
1013,0.4010989010989011
1014,0.3200549450549451
1015,2.278846153846154
1016,1.0817307692307692
1017,0.9790521978021978
1018,0.4811126373626373
1019,0.2589285714285714
1020,1.283653846153846
1021,1.021978021978022
1022,0.6133241758241759
1023,0.17822802197802198
1024,1.7867445054945055
1025,1.4732142857142856
1026,2.042925824175824
1027,0.7015796703296703
1028,0.5703983516483516
1029,0.479739010989011
1030,0.7603021978021978
1031,0.8289835164835165
1032,0.5264423076923077
1033,0.5254120879120879
1034,0.5662774725274726
1035,0.5611263736263736
1036,0.044642857142857144
1037,0.33791208791208793
1038,0.7956730769230769
1039,0.11641483516483517
1040,0.21634615384615385
1041,0.17925824175824176
1042,0.39938186813186816
1043,0.14697802197802198
1044,7.128777472527472
1045,2.730082417582418
1046,2.0333104395604398
1047,0.418956043956044
1048,1.4574175824175826
1049,1.4443681318681318
1050,0.84375
1051,3.414835164835165
1052,1.890796703296703
1053,2.2036401098901095
1054,1.2214972527472527
1055,0.9670329670329669
1056,2.2716346153846154
1057,0.2932692307692308
1058,0.9175824175824175
1059,0.30219780219780223
1060,1.7740384615384617
1061,12.938873626373624
1062,2.758585164835165
1063,2.7115384615384617
1064,3.7530906593406597
1065,1.2496565934065935
1066,4.124313186813187
1067,0.8413461538461539
1068,1.1356456043956045
1069,1.2644230769230769
1070,1.1377060439560438
1071,0.47355769230769235
1072,0.20982142857142858
1073,2.3203983516483517
1074,2.449175824175824
1075,0.5999313186813187
1076,0.2695741758241758
1077,0.09855769230769232
1078,1.6129807692307692
1079,0.6071428571428572
1080,1.380837912087912
1081,0.10027472527472528
1082,4.967376373626374
1083,1.6881868131868132
1084,1.2050137362637363
1085,1.5151098901098903
1086,0.9323489010989011
1087,0.27300824175824173
1088,0.7647664835164835
1089,0.34615384615384615
1090,0.4138049450549451
1091,0.3973214285714286
1092,0.5103021978021978
1093,1.1146978021978022
1094,0.08928571428571429
1095,0.07864010989010989
1096,0.9251373626373627
1097,0.7819368131868132
1098,0.08035714285714286
1099,0.15762362637362637
1100,0.9859203296703297
1101,0.0625
1102,3.282967032967033
1103,1.3822115384615383
1104,1.1263736263736264
1105,0.5535714285714286
1106,0.8155906593406594
1107,0.8973214285714286
1108,0.5140796703296703
1109,2.375686813186813
1110,1.2211538461538463
1111,1.5868818681318682
1112,1.3547390109890112
1113,0.826923076923077
1114,0.4642857142857143
1115,0.28949175824175827
1116,0.3533653846153846
1117,0.28811813186813184
1118,0.4158653846153846
1119,7.336881868131869
1120,2.395947802197802
1121,2.6105769230769234
1122,2.4945054945054945
1123,2.025412087912088
1124,1.3162774725274724
1125,1.352335164835165
1126,1.408653846153846
1127,0.8221153846153846
1128,1.1057692307692308
1129,0.6830357142857143
1130,0.18681318681318682
1131,1.7036401098901097
1132,1.9835164835164836
1133,1.0679945054945055
1134,0.239010989010989
1135,0.4251373626373627
1136,1.1631181318681318
1137,0.9031593406593406
1138,0.5453296703296703
1139,0.96875
1140,3.692307692307692
1141,1.130151098901099
1142,1.2160027472527473
1143,1.1256868131868132
1144,0.2757554945054945
1145,0.3973214285714286
1146,0.4254807692307692
1147,1.1397664835164836
1148,0.4275412087912088
1149,0.2572115384615385
1150,0.5326236263736264
1151,0.39594780219780223
1152,0.05185439560439561
1153,0.04120879120879121
1154,0.7585851648351648
1155,0.8118131868131868
1156,0.20020604395604397
1157,0.16483516483516483
1158,0.2864010989010989
1159,0.2956730769230769
1160,7.355082417582418
1161,2.460508241758242
1162,1.246565934065934
1163,0.7582417582417583
1164,0.7173763736263736
1165,0.4127747252747253
1166,0.5233516483516484
1167,1.9993131868131868
1168,1.7568681318681318
1169,0.8004807692307692
1170,1.384958791208791
1171,0.9938186813186813
1172,1.29635989010989
1173,0.5199175824175825
1174,0.39010989010989006
1175,0.2757554945054945
1176,0.17032967032967034
1177,4.478708791208791
1178,2.382554945054945
1179,2.487980769230769
1180,2.18646978021978
1181,0.8121565934065934
1182,1.5013736263736264
1183,1.556662087912088
1184,0.8835851648351649
1185,0.7214972527472527
1186,0.9110576923076923
1187,0.46565934065934067
1188,0.5896291208791209
1189,0.733173076923077
1190,2.1517857142857144
1191,1.6541895604395602
1192,0.5051510989010989
1193,0.37362637362637363
1194,0.9192994505494505
1195,1.696085164835165
1196,0.9581043956043955
1197,0.42616758241758246
1198,1.4268543956043955
1199,2.1541895604395607
1200,1.4876373626373627
1201,0.7149725274725274
1202,0.7252747252747253
1203,0.5855082417582418
1204,0.9859203296703297
1205,0.40728021978021983
1206,0.5875686813186813
1207,0.7211538461538461
1208,0.6978021978021978
1209,0.793956043956044
1210,0.08413461538461539
1211,0.24656593406593408
1212,0.33653846153846156
1213,0.16449175824175824
1214,0.3361950549450549
1215,0.2417582417582418
1216,0.5384615384615384
1217,0.5315934065934066
1218,4.37706043956044
1219,1.7537774725274726
1220,0.9381868131868132
1221,0.490728021978022
1222,0.20226648351648352
1223,0.5899725274725274
1224,1.7039835164835164
1225,1.6493818681318682
1226,1.4364697802197801
1227,1.2342032967032968
1228,0.8485576923076923
1229,1.1112637362637363
1230,0.36675824175824173
1231,0.5961538461538461
1232,0.43166208791208793
1233,0.4515796703296703
1234,0.1401098901098901
1235,5.436126373626374
1236,3.1517857142857144
1237,1.03125
1238,1.9601648351648353
1239,1.824175824175824
1240,1.1040521978021978
1241,1.886675824175824
1242,0.948489010989011
1243,0.6136675824175825
1244,0.18543956043956042
1245,0.6727335164835165
1246,0.7578983516483515
1247,3.4529532967032965
1248,0.17342032967032966
1249,1.2572115384615383
1250,1.1442307692307692
1251,1.084478021978022
1252,0.18337912087912087
1253,0.5597527472527473
1254,0.10817307692307691
1255,0.27300824175824173
1256,1.0391483516483515
1257,1.4107142857142856
1258,0.48351648351648346
1259,0.4842032967032967
1260,0.7163461538461539
1261,0.8076923076923077
1262,0.5697115384615384
1263,0.34615384615384615
1264,0.9323489010989011
1265,0.334478021978022
1266,0.5264423076923077
1267,0.17616758241758243
1268,0.0
1269,0.19471153846153846
1270,0.7942994505494506
1271,0.06078296703296703
1272,0.11984890109890109
1273,0.3399725274725275
1274,0.28434065934065933
1275,0.17032967032967034
1276,5.773695054945055
1277,2.175824175824176
1278,1.7235576923076923
1279,1.9653159340659339
1280,1.4344093406593406
1281,0.4910714285714286
1282,0.6741071428571428
1283,1.7640796703296702
1284,1.1318681318681318
1285,1.7273351648351647
1286,0.8629807692307692
1287,1.4268543956043955
1288,0.26407967032967034
1289,0.9021291208791209
1290,0.6686126373626373
1291,0.6473214285714286
1292,0.40453296703296704
1293,13.93166208791209
1294,3.1102335164835164
1295,2.1850961538461537
1296,2.9168956043956045
1297,4.542925824175825
1298,1.8760302197802197
1299,0.7036401098901099
1300,1.7403846153846154
1301,1.3234890109890112
1302,0.46565934065934067
1303,0.9220467032967032
1304,1.278846153846154
1305,2.042925824175824
1306,1.1734203296703296
1307,1.431662087912088
1308,0.9975961538461539
1309,0.8914835164835165
1310,0.7300824175824175
1311,1.2328296703296704
1312,1.480425824175824
1313,0.3382554945054945
1314,1.7785027472527473
1315,2.0748626373626373
1316,1.4450549450549453
1317,1.1050824175824174
1318,0.8368818681318682
1319,1.1826923076923077
1320,1.5803571428571428
1321,0.7767857142857143
1322,0.8574862637362637
1323,0.7190934065934066
1324,0.6902472527472527
1325,0.5436126373626373
1326,0.3162774725274725
1327,0.19471153846153846
1328,0.7798763736263736
1329,0.13598901098901098
1330,0.36469780219780223
1331,0.510989010989011
1332,0.8719093406593406
1333,0.31902472527472525
1334,4.712912087912088
1335,4.178228021978022
1336,2.652815934065934
1337,1.3777472527472527
1338,0.8585164835164835
1339,0.7190934065934066
1340,0.9196428571428572
1341,0.9958791208791209
1342,2.5779532967032965
1343,1.4378434065934065
1344,0.6318681318681318
1345,1.270260989010989
1346,0.2348901098901099
1347,0.7568681318681318
1348,0.45707417582417587
1349,0.4807692307692308
1350,0.17410714285714285
1351,7.271291208791209
1352,2.241414835164835
1353,0.6778846153846154
1354,2.614010989010989
1355,3.321085164835165
1356,1.1854395604395604
1357,1.3282967032967032
1358,1.3179945054945055
1359,0.7300824175824175
1360,0.8938873626373627
1361,0.7867445054945055
1362,0.8619505494505495
1363,2.012019230769231
1364,1.2300824175824174
1365,0.7527472527472527
1366,0.6871565934065934
1367,0.375
1368,0.6298076923076923
1369,1.255837912087912
1370,1.222184065934066
1371,0.37740384615384615
1372,2.6905906593406597
1373,1.7197802197802199
1374,1.8784340659340661
1375,0.8715659340659341
1376,0.8643543956043955
1377,0.5717719780219781
1378,1.5202609890109888
1379,1.0889423076923077
1380,1.526098901098901
1381,1.212912087912088
1382,0.748282967032967
1383,0.2839972527472528
1384,0.13392857142857142
1385,0.23592032967032966
1386,0.9052197802197801
1387,0.07864010989010989
1388,0.17342032967032966
1389,0.1826923076923077
1390,0.5800137362637363
1391,0.44917582417582413
1392,4.760302197802198
1393,4.038118131868132
1394,3.6875
1395,1.5580357142857144
1396,1.161401098901099
1397,0.8736263736263737
1398,0.7678571428571428
1399,6.701923076923077
1400,2.531936813186813
1401,2.549793956043956
1402,0.7942994505494506
1403,1.8712225274725274
1404,0.5683379120879121
1405,4.6717032967032965
1406,0.875
1407,0.8835851648351649
1408,0.6717032967032968
1409,14.847870879120878
1410,3.349587912087912
1411,3.634615384615384
1412,2.9975961538461537
1413,3.384271978021978
1414,1.7839972527472527
1415,2.1184752747252746
1416,3.571085164835165
1417,1.3760302197802197
1418,0.46153846153846156
1419,1.3303571428571428
1420,0.9783653846153847
1421,5.143200549450549
1422,2.2596153846153846
1423,1.3052884615384617
1424,1.4296016483516483
1425,0.5628434065934066
1426,3.145947802197802
1427,1.6919642857142856
1428,1.0916895604395602
1429,1.1644917582417582
1430,6.150068681318681
1431,0.5326236263736264
1432,2.612293956043956
1433,2.0384615384615383
1434,1.6785714285714286
1435,1.4811126373626373
1436,2.3774038461538463
1437,1.5679945054945055
1438,1.5322802197802197
1439,0.8358516483516485
1440,1.0339972527472527
1441,0.6191620879120879
1442,0.2146291208791209
1443,0.3179945054945055
1444,1.3932005494505495
1445,0.07692307692307693
1446,0.2503434065934066
1447,0.5168269230769231
1448,0.7973901098901098
1449,0.0
1450,6.640453296703296
1451,1.6730769230769231
1452,1.1919642857142856
1453,1.1033653846153846
1454,1.4375
1455,1.072458791208791
1456,0.71875
1457,2.5092719780219777
1458,2.3169642857142856
1459,1.8588598901098903
1460,1.859203296703297
1461,1.9278846153846154
1462,0.5576923076923077
1463,0.7767857142857143
1464,1.213598901098901
1465,0.6016483516483516
1466,0.12568681318681318
1467,12.879464285714285
1468,5.666208791208791
1469,1.3485576923076923
1470,4.986263736263736
1471,1.5875686813186813
1472,2.3279532967032965
1473,1.2987637362637363
1474,1.6164148351648353
1475,1.3296703296703298
1476,0.538804945054945
1477,1.1054258241758241
1478,0.6219093406593407
1479,1.7888049450549453
1480,2.4975961538461537
1481,0.8952609890109889
1482,1.1043956043956045
1483,0.14938186813186813
1484,0.8578296703296703
1485,0.6023351648351648
1486,0.4522664835164835
1487,0.5573489010989011
1488,2.027815934065934
1489,1.021978021978022
1490,0.7991071428571428
1491,1.5164835164835164
1492,0.6043956043956045
1493,0.26820054945054944
1494,0.6905906593406594
1495,0.34237637362637363
1496,1.272664835164835
1497,0.5879120879120879
1498,0.5542582417582417
1499,0.4635989010989011
1500,0.5024038461538461
1501,0.09821428571428571
1502,1.4395604395604396
1503,1.1497252747252746
1504,0.12156593406593406
1505,0.22184065934065933
1506,0.9553571428571429
1507,0.06799450549450549
1508,5.594780219780219
1509,1.7242445054945055
1510,1.2067307692307692
1511,0.6644917582417582
1512,0.6397664835164835
1513,0.3179945054945055
1514,0.6287774725274726
1515,2.6438873626373627
1516,1.6641483516483517
1517,1.6377060439560438
1518,1.537087912087912
1519,0.6239697802197801
1520,2.051510989010989
1521,0.2496565934065934
1522,0.40831043956043955
1523,0.5910027472527473
1524,0.549793956043956
1525,5.471153846153847
1526,2.9660027472527473
1527,3.0072115384615388
1528,1.6638049450549453
1529,1.1143543956043955
1530,1.8351648351648353
1531,1.400412087912088
1532,0.778846153846154
1533,0.7554945054945056
1534,0.8458104395604396
1535,0.2599587912087912
1536,0.3828983516483516
1537,1.5422390109890112
1538,2.1315247252747254
1539,1.4412774725274726
1540,0.5230082417582418
1541,0.32314560439560436
1542,1.6741071428571428
1543,1.8255494505494507
1544,1.0247252747252746
1545,1.42135989010989
1546,1.6902472527472527
1547,1.713598901098901
1548,1.9069368131868132
1549,1.0195741758241759
1550,0.5728021978021978
1551,0.48489010989010994
1552,1.0006868131868132
1553,0.7300824175824175
1554,0.46703296703296704
1555,0.3870192307692308
1556,0.7857142857142857
1557,1.0491071428571428
1558,0.21978021978021978
1559,0.5343406593406593
1560,0.7029532967032968
1561,0.25755494505494503
1562,0.6401098901098902
1563,0.19505494505494503
1564,0.8355082417582417
1565,0.6098901098901098
1566,2.1785714285714284
1567,2.230425824175824
1568,1.5333104395604398
1569,0.5597527472527473
1570,0.6339285714285714
1571,0.35989010989010994
1572,0.3561126373626374
1573,1.2077609890109888
1574,1.1957417582417582
1575,0.8200549450549451
1576,1.07864010989011
1577,0.6311813186813187
1578,0.648695054945055
1579,0.3492445054945055
1580,0.3176510989010989
1581,0.271978021978022
1582,0.4103708791208791
1583,3.412087912087912
1584,1.487293956043956
1585,1.629807692307692
1586,1.4000686813186811
1587,1.210164835164835
1588,1.4979395604395602
1589,1.503434065934066
1590,0.7716346153846153
1591,0.49656593406593413
1592,0.950206043956044
1593,0.2929258241758242
1594,0.3561126373626374
1595,2.185096153846154
1596,1.0528846153846154
1597,0.8492445054945056
1598,0.4739010989010989
1599,0.23729395604395603
1600,1.341346153846154
1601,1.1373626373626373
1602,0.7647664835164835
1603,0.17822802197802198
1604,1.8372252747252746
1605,1.588598901098901
1606,2.0501373626373627
1607,0.7160027472527473
1608,0.606456043956044
1609,0.5157967032967032
1610,0.7891483516483516
1611,0.6631181318681318
1612,0.5480769230769231
1613,0.4532967032967033
1614,0.5157967032967032
1615,0.6476648351648351
1616,0.044642857142857144
1617,0.3090659340659341
1618,0.8677884615384616
1619,0.09478021978021979
1620,0.23076923076923078
1621,0.1504120879120879
1622,0.4065934065934066
1623,0.11813186813186813
1624,6.003777472527473
1625,2.665178571428571
1626,2.1847527472527473
1627,0.3973214285714286
1628,1.6016483516483517
1629,1.228021978021978
1630,0.7211538461538461
1631,3.126373626373627
1632,2.107142857142857
1633,2.196428571428571
1634,1.3729395604395602
1635,0.981456043956044
1636,2.019230769230769
1637,0.2860576923076923
1638,0.831043956043956
1639,0.32383241758241754
1640,1.7740384615384617
1641,13.126373626373624
1642,2.5494505494505493
1643,2.71875
1644,4.027129120879121
1645,1.6174450549450547
1646,4.362293956043955
1647,0.7259615384615384
1648,1.2005494505494505
1649,1.1418269230769231
1650,0.9429945054945055
1651,0.3870192307692308
1652,0.2603021978021978
1653,2.0247252747252746
1654,2.4996565934065935
1655,0.5782967032967032
1656,0.2839972527472528
1657,0.20673076923076925
1658,1.7283653846153846
1659,0.8451236263736264
1660,1.2149725274725276
1661,0.17960164835164832
1662,4.967376373626374
1663,1.717032967032967
1664,1.342032967032967
1665,1.464629120879121
1666,0.9251373626373627
1667,0.28743131868131866
1668,0.6565934065934066
1669,0.31009615384615385
1670,0.47149725274725274
1671,0.40453296703296704
1672,0.5824175824175825
1673,1.1507554945054945
1674,0.11813186813186813
1675,0.07864010989010989
1676,0.8890796703296703
1677,0.7242445054945055
1678,0.11641483516483517
1679,0.22252747252747251
1680,0.9714972527472527
1681,0.08413461538461539
1682,2.1796016483516483
1683,1.8076923076923077
1684,0.9677197802197801
1685,0.5824175824175825
1686,0.7362637362637362
1687,0.810782967032967
1688,0.665521978021978
1689,2.433379120879121
1690,1.1778846153846154
1691,1.3921703296703296
1692,1.2609890109890112
1693,0.9134615384615384
1694,0.47149725274725274
1695,0.3471840659340659
1696,0.375
1697,0.259271978021978
1698,0.3076923076923077
1699,7.812843406593407
1700,2.677197802197802
1701,2.8197115384615383
1702,2.487293956043956
1703,2.06146978021978
1704,1.5975274725274726
1705,1.2657967032967032
1706,1.4302884615384617
1707,0.7427884615384616
1708,1.0120192307692308
1709,0.5604395604395604
1710,0.2445054945054945
1711,1.112293956043956
1712,2.019574175824176
1713,1.0824175824175826
1714,0.2534340659340659
1715,0.44677197802197804
1716,1.134271978021978
1717,0.9103708791208791
1718,0.5885989010989011
1719,0.9326923076923077
1720,3.8365384615384617
1721,1.317651098901099
1722,1.1943681318681318
1723,1.1617445054945055
1724,0.29739010989010994
1725,0.2819368131868132
1726,0.5336538461538461
1727,1.067651098901099
1728,0.43475274725274726
1729,0.2572115384615385
1730,0.4893543956043956
1731,0.3743131868131868
1732,0.044642857142857144
1733,0.026785714285714284
1734,0.7008928571428571
1735,0.8118131868131868
1736,0.20741758241758243
1737,0.15762362637362637
1738,0.2647664835164835
1739,0.2668269230769231
1740,7.383928571428571
1741,2.446085164835165
1742,1.3475274725274726
1743,0.6933379120879121
1744,0.832760989010989
1745,0.4416208791208791
1746,0.6098901098901098
1747,1.9199862637362637
1748,1.432348901098901
1749,0.8149038461538461
1750,1.7671703296703298
1751,0.7846840659340659
1752,1.1809752747252746
1753,0.5992445054945056
1754,0.3324175824175824
1755,0.3046016483516484
1756,0.44436813186813184
1757,4.478708791208791
1758,2.274381868131868
1759,2.098557692307692
1760,2.539835164835165
1761,0.8770604395604396
1762,1.5662774725274726
1763,1.6576236263736264
1764,0.775412087912088
1765,0.6493818681318682
1766,0.8028846153846154
1767,0.4945054945054945
1768,0.5679945054945056
1769,0.6826923076923077
1770,2.5772664835164836
1771,1.2503434065934065
1772,0.38976648351648346
1773,0.3159340659340659
1774,1.099587912087912
1775,1.8475274725274726
1776,1.152815934065934
1777,0.46222527472527475
1778,1.5494505494505495
1779,2.5580357142857144
1780,1.7256181318681318
1781,0.895260989010989
1782,0.9416208791208791
1783,0.47733516483516486
1784,1.209478021978022
1785,0.44333791208791207
1786,0.645260989010989
1787,0.670673076923077
1788,0.7987637362637363
1789,0.8949175824175823
1790,0.0625
1791,0.28262362637362637
1792,0.3004807692307692
1793,0.15728021978021978
1794,0.31456043956043955
1795,0.26339285714285715
1796,0.5168269230769231
1797,0.5964972527472527
1798,4.636675824175825
1799,2.135989010989011
1800,0.981456043956044
1801,0.6133241758241759
1802,0.17342032967032966
1803,0.5971840659340659
1804,1.776098901098901
1805,1.7431318681318682
1806,1.3571428571428572
1807,1.1260302197802197
1808,0.7115384615384616
1809,1.1978021978021978
1810,0.28743131868131866
1811,0.6538461538461539
1812,0.43166208791208793
1813,0.4010989010989011
1814,0.16174450549450547
1815,5.832760989010989
1816,3.4763049450549453
1817,0.8942307692307692
1818,2.2558379120879124
1819,1.7160027472527473
1820,1.2410714285714286
1821,2.398695054945055
1822,0.7898351648351648
1823,0.5415521978021978
1824,0.14938186813186813
1825,0.6222527472527473
1826,0.7578983516483515
1827,3.553914835164835
1828,0.21668956043956042
1829,1.5889423076923077
1830,1.2596153846153846
1831,1.4955357142857144
1832,0.16895604395604397
1833,0.6174450549450549
1834,0.20192307692307693
1835,0.22252747252747251
1836,0.8804945054945055
1837,1.5188873626373627
1838,0.5339972527472527
1839,0.31833791208791207
1840,0.7884615384615384
1841,0.6129807692307692
1842,0.6201923076923077
1843,0.4471153846153846
1844,0.9179258241758241
1845,0.5868818681318682
1846,0.7067307692307692
1847,0.21222527472527472
1848,0.0
1849,0.22355769230769232
1850,0.7438186813186813
1851,0.06078296703296703
1852,0.13427197802197802
1853,0.44814560439560436
1854,0.3203983516483516
1855,0.1559065934065934
1856,6.696771978021978
1857,2.1686126373626373
1858,2.098557692307692
1859,2.059065934065934
1860,1.470467032967033
1861,0.6353021978021978
1862,0.8688186813186813
1863,1.6559065934065935
1864,1.478021978021978
1865,1.9508928571428572
1866,0.9639423076923077
1867,1.1888736263736264
1868,0.3073489010989011
1869,0.9958791208791209
1870,0.6181318681318682
1871,0.4453983516483516
1872,0.418956043956044
1873,14.72493131868132
1874,3.449175824175824
1875,2.25
1876,3.522664835164835
1877,4.773695054945055
1878,1.9481456043956045
1879,0.7469093406593407
1880,1.689903846153846
1881,1.3234890109890112
1882,0.5233516483516484
1883,0.8427197802197801
1884,1.2283653846153846
1885,1.7111950549450547
1886,1.2022664835164834
1887,1.539835164835165
1888,1.2572115384615383
1889,0.7688873626373627
1890,0.7156593406593406
1891,1.0381181318681318
1892,1.3001373626373627
1893,0.38152472527472525
1894,2.0813873626373627
1895,1.988324175824176
1896,1.3585164835164836
1897,0.9752747252747254
1898,0.959478021978022
1899,1.1394230769230769
1900,1.537087912087912
1901,0.9065934065934066
1902,0.9368131868131868
1903,0.6974587912087913
1904,0.7118818681318682
1905,0.4642857142857143
1906,0.3162774725274725
1907,0.20192307692307693
1908,0.7149725274725275
1909,0.12156593406593406
1910,0.3358516483516484
1911,0.42445054945054944
1912,0.8070054945054945
1913,0.2757554945054945
1914,4.785027472527473
1915,4.243131868131868
1916,2.4581043956043955
1917,1.536401098901099
1918,0.9089972527472527
1919,0.9065934065934066
1920,0.9268543956043955
1921,0.981456043956044
1922,2.332760989010989
1923,1.4955357142857144
1924,0.4515796703296703
1925,0.9962225274725275
1926,0.2709478021978022
1927,0.742445054945055
1928,0.49313186813186816
1929,0.3870192307692307
1930,0.145260989010989
1931,7.458791208791209
1932,2.522664835164835
1933,0.641826923076923
1934,3.03228021978022
1935,3.825892857142857
1936,1.3585164835164836
1937,1.696085164835165
1938,1.3540521978021978
1939,0.7156593406593406
1940,0.9587912087912087
1941,0.8300137362637363
1942,1.0855082417582418
1943,1.8533653846153846
1944,1.3094093406593406
1945,1.2791895604395602
1946,0.7015796703296703
1947,0.4759615384615385
1948,0.59375
1949,1.3423763736263736
1950,0.926510989010989
1951,0.4206730769230769
1952,2.748282967032967
1953,1.7269917582417582
1954,2.015453296703297
1955,0.8787774725274726
1956,0.8715659340659341
1957,0.5068681318681318
1958,1.5707417582417582
1959,0.9807692307692308
1960,1.4684065934065935
1961,1.3643543956043955
1962,0.8276098901098902
1963,0.3777472527472528
1964,0.14835164835164835
1965,0.2287087912087912
1966,0.9196428571428571
1967,0.07142857142857142
1968,0.18063186813186813
1969,0.16826923076923078
1970,0.6016483516483516
1971,0.4635989010989011
1972,4.825206043956045
1973,6.078983516483516
1974,3.637019230769231
1975,1.738324175824176
1976,1.1830357142857144
1977,1.0322802197802197
1978,0.7317994505494505
1979,6.40625
1980,2.935782967032967
1981,2.376717032967033
1982,0.8375686813186813
1983,2.087568681318681
1984,0.5971840659340659
1985,3.7630494505494507
1986,0.6514423076923077
1987,0.7754120879120879
1988,0.707760989010989
1989,16.29739010989011
1990,4.121222527472527
1991,3.7355769230769234
1992,3.3509615384615383
1993,3.521291208791209
1994,1.7767857142857144
1995,2.522321428571429
1996,3.2970467032967035
1997,1.4265109890109888
1998,0.41105769230769235
1999,1.2798763736263736
2000,0.8846153846153847
2001,4.652815934065933
2002,2.512019230769231
2003,1.7379807692307694
2004,1.5521978021978022
2005,0.5844780219780219
2006,2.6699862637362637
2007,2.04532967032967
2008,1.3729395604395602
2009,1.0130494505494505
2010,6.993818681318681
2011,0.5182005494505495
2012,3.023351648351648
2013,1.9302884615384617
2014,1.9093406593406594
2015,1.5315934065934065
2016,2.449519230769231
2017,1.9718406593406592
2018,1.5467032967032968
2019,0.8863324175824177
2020,1.0123626373626373
2021,0.6263736263736263
2022,0.17857142857142858
2023,0.34684065934065933
2024,1.414835164835165
2025,0.07692307692307693
2026,0.2503434065934066
2027,0.71875
2028,0.8695054945054945
2029,0.0
2030,7.484203296703296
2031,2.105769230769231
2032,1.1847527472527473
2033,1.3629807692307692
2034,1.7692307692307692
2035,1.2743818681318682
2036,0.9134615384615384
2037,2.682348901098901
2038,2.4467719780219777
2039,1.8804945054945055
2040,2.190934065934066
2041,1.7620192307692308
2042,0.5
2043,0.9354395604395604
2044,1.1414835164835164
2045,0.6665521978021978
2046,0.19780219780219782
2047,13.665521978021978
2048,6.336881868131868
2049,1.78125
2050,5.887706043956045
2051,1.796703296703297
2052,2.364010989010989
2053,1.5223214285714286
2054,1.551510989010989
2055,1.5892857142857144
2056,0.5027472527472527
2057,1.3145604395604398
2058,0.6363324175824175
2059,1.9402472527472527
2060,2.7427884615384617
2061,1.0827609890109888
2062,1.0250686813186813
2063,0.19265109890109888
2064,1.023695054945055
2065,0.6456043956043955
2066,0.6253434065934066
2067,0.6366758241758241
2068,2.3018543956043955
2069,1.130151098901099
2070,0.8279532967032968
2071,1.5164835164835164
2072,0.7630494505494505
2073,0.30425824175824173
2074,0.9502060439560439
2075,0.3784340659340659
2076,1.2077609890109888
2077,0.6383928571428572
2078,0.3739697802197802
2079,0.478021978021978
2080,0.44471153846153844
2081,0.11984890109890109
2082,1.5693681318681318
2083,1.1857829670329672
2084,0.16483516483516483
2085,0.20020604395604397
2086,0.9481456043956045
2087,0.07520604395604395
2088,5.803914835164836
2089,2.135302197802198
2090,1.2572115384615383
2091,0.7221840659340659
2092,0.6397664835164835
2093,0.5487637362637362
2094,0.6792582417582418
2095,2.5717719780219777
2096,1.7290521978021978
2097,1.6304945054945055
2098,1.5010302197802197
2099,0.6095467032967032
2100,2.159684065934066
2101,0.2496565934065934
2102,0.3866758241758242
2103,0.6775412087912087
2104,0.5065247252747253
2105,6.076923076923077
2106,3.2256181318681323
2107,2.7836538461538463
2108,2.197458791208791
2109,0.9845467032967032
2110,1.9793956043956045
2111,1.3571428571428572
2112,0.6778846153846154
2113,0.762706043956044
2114,1.0116758241758241
2115,0.38255494505494503
2116,0.45501373626373626
2117,1.0662774725274724
2118,2.5065247252747254
2119,1.289835164835165
2120,0.4364697802197802
2121,0.47458791208791207
2122,2.0130494505494507
2123,1.5875686813186813
2124,0.9165521978021978
2125,1.3348214285714286
2126,1.740728021978022
2127,1.807348901098901
2128,1.9574175824175826
2129,1.1493818681318682
2130,0.6593406593406594
2131,0.5281593406593407
2132,1.0006868131868132
2133,0.5858516483516484
2134,0.38770604395604397
2135,0.4375
2136,0.7929258241758241
2137,0.9625686813186813
2138,0.22699175824175824
2139,0.5559752747252746
2140,0.6596840659340659
2141,0.22149725274725274
2142,0.7482829670329672
2143,0.1878434065934066
2144,0.9004120879120878
2145,0.6098901098901098
2146,2.503090659340659
2147,2.0717719780219777
2148,1.9299450549450547
2149,0.5381181318681318
2150,0.48969780219780223
2151,0.28777472527472525
2152,0.3705357142857143
2153,1.0418956043956045
2154,0.9721840659340659
2155,0.7623626373626373
2156,1.0209478021978022
2157,0.5590659340659341
2158,0.5477335164835165
2159,0.47905219780219777
2160,0.303228021978022
2161,0.19986263736263735
2162,0.41758241758241754
2163,3.614010989010989
2164,1.689217032967033
2165,1.6370192307692306
2166,1.5154532967032968
2167,1.8664148351648349
2168,1.505151098901099
2169,1.4313186813186811
2170,0.670673076923077
2171,0.35233516483516486
2172,1.1593406593406594
2173,0.3073489010989011
2174,0.3777472527472528
2175,3.8221153846153846
2176,1.03125
2177,0.9646291208791209
2178,0.44505494505494503
2179,0.2949862637362637
2180,1.5865384615384617
2181,0.9354395604395604
2182,0.49793956043956045
2183,0.2936126373626374
2184,1.873282967032967
2185,1.6390796703296702
2186,2.2520604395604393
2187,0.6583104395604396
2188,0.5415521978021978
2189,0.49416208791208793
2190,0.8756868131868132
2191,0.6847527472527473
2192,0.5192307692307692
2193,0.38118131868131866
2194,0.6383928571428572
2195,0.6404532967032968
2196,0.044642857142857144
2197,0.29464285714285715
2198,0.8173076923076923
2199,0.08756868131868133
2200,0.23076923076923078
2201,0.16483516483516483
2202,0.39938186813186816
2203,0.1253434065934066
2204,7.071085164835164
2205,2.715659340659341
2206,1.9107142857142856
2207,0.44059065934065933
2208,1.6088598901098903
2209,1.1703296703296702
2210,1.0168269230769231
2211,3.3282967032967035
2212,1.8114697802197801
2213,2.0882554945054945
2214,1.1854395604395602
2215,0.8588598901098901
2216,2.206730769230769
2217,0.2860576923076923
2218,0.7012362637362637
2219,0.2949862637362637
2220,1.8173076923076923
2221,12.68646978021978
2222,2.8595467032967035
2223,2.495192307692308
2224,4.769917582417582
2225,2.0501373626373627
2226,4.477678571428571
2227,0.9495192307692308
2228,1.2005494505494505
2229,1.278846153846154
2230,1.2242445054945055
2231,0.3870192307692308
2232,0.2603021978021978
2233,2.5655906593406597
2234,2.5140796703296706
2235,0.5494505494505494
2236,0.334478021978022
2237,0.1923076923076923
2238,1.6706730769230769
2239,0.7081043956043955
2240,0.9409340659340659
2241,0.23729395604395603
2242,5.912087912087912
2243,2.012706043956044
2244,1.4862637362637363
2245,1.623282967032967
2246,1.1486950549450547
2247,0.32348901098901095
2248,0.7287087912087913
2249,0.3966346153846154
2250,0.507554945054945
2251,0.3973214285714286
2252,0.7338598901098902
2253,1.2589285714285714
2254,0.11092032967032966
2255,0.07864010989010989
2256,0.9323489010989011
2257,0.7098214285714286
2258,0.08035714285714286
2259,0.15762362637362637
2260,0.9570741758241759
2261,0.09855769230769232
2262,2.677197802197802
2263,1.5120192307692308
2264,0.9965659340659341
2265,0.5896291208791209
2266,0.8228021978021978
2267,0.7675137362637363
2268,0.665521978021978
2269,2.2675137362637363
2270,1.278846153846154
2271,1.4931318681318682
2272,1.2609890109890112
2273,1.0288461538461537
2274,0.3921703296703297
2275,0.2534340659340659
2276,0.28125
2277,0.17994505494505497
2278,0.4158653846153846
2279,8.346497252747252
2280,2.929601648351648
2281,2.8125
2282,3.085851648351648
2283,1.8739697802197801
2284,1.6984890109890112
2285,1.4532967032967032
2286,1.25
2287,0.7283653846153846
2288,1.1201923076923077
2289,0.6397664835164835
2290,0.17960164835164832
2291,1.660370879120879
2292,2.3152472527472527
2293,1.3348214285714286
2294,0.2967032967032967
2295,0.3890796703296703
2296,1.1703296703296704
2297,1.112293956043956
2298,0.3722527472527472
2299,0.983173076923077
2300,4.6298076923076925
2301,1.223901098901099
2302,1.2736950549450547
2303,1.1617445054945055
2304,0.46325549450549447
2305,0.2819368131868132
2306,0.5625
2307,1.1902472527472527
2308,0.43475274725274726
2309,0.27884615384615385
2310,0.6480082417582417
2311,0.3743131868131868
2312,0.044642857142857144
2313,0.026785714285714284
2314,0.7802197802197801
2315,0.8334478021978021
2316,0.20741758241758243
2317,0.12156593406593406
2318,0.2503434065934066
2319,0.2956730769230769
2320,8.894850901525658
2321,2.828016643550624
2322,1.7800797503467407
2323,0.7065707350901526
2324,0.642250346740638
2325,0.4094140083217753
2326,0.6727635228848821
2327,1.91123439667129
2328,1.5071948682385576
2329,1.0321601941747574
2330,1.8392857142857144
2331,0.9492891816920943
2332,1.2981102635228847
2333,0.647624826629681
2334,0.34908113730929263
2335,0.3074722607489598
2336,0.49869972260748957
2337,5.19244105409154
2338,2.8289701803051317
2339,2.453883495145631
2340,2.928138002773925
2341,1.363384188626907
2342,1.7084778085991679
2343,1.7345700416088765
2344,0.9997399445214978
2345,0.6105235783633841
2346,0.8658980582524272
2347,0.5198509015256588
2348,0.8776005547850209
2349,1.0364077669902914
2350,2.8799410540915398
2351,1.381761442441054
2352,0.45032940360610263
2353,0.41955617198335643
2354,0.9189493758668517
2355,1.7958564493758669
2356,0.8334778085991679
2357,0.5820908460471567
2358,1.7509535367545077
2359,2.6645284327323164
2360,1.759015256588072
2361,0.82125520110957
2362,0.8984916782246879
2363,0.6107836338418863
2364,1.2100381414701804
2365,0.45475034674063797
2366,0.7369105409153953
2367,0.7918689320388349
2368,0.8921636615811374
2369,0.9589112343966713
2370,0.06978155339805825
2371,0.24670596393897365
2372,0.36650485436893204
2373,0.18654646324549237
2374,0.3439667128987517
2375,0.22061373092926492
2376,0.583131067961165
2377,0.5037274618585298
2378,5.504160887656033
2379,2.210904993065187
2380,0.9443481276005548
2381,0.5304264909847434
2382,0.20275658807212205
2383,0.6744105409153953
2384,1.62248613037448
2385,2.0674410540915398
2386,1.8013176144244105
2387,1.2071775312066575
2388,0.7597087378640777
2389,1.2337898751733702
2390,0.36927877947295423
2391,0.7451456310679612
2392,0.361997226074896
2393,0.396757975034674
2394,0.17735783633841887
2395,6.543342579750346
2396,3.4867371705963937
2397,0.7427184466019418
2398,2.613124133148405
2399,1.755981276005548
2400,1.264736477115118
2401,2.255374479889043
2402,0.8595700416088765
2403,0.5602461858529819
2404,0.2088245492371706
2405,0.5539181692094314
2406,0.6603675450762829
2407,3.852808599167822
2408,0.20275658807212205
2409,0.7639563106796117
2410,1.3713592233009708
2411,1.25251386962552
2412,0.2501733703190014
2413,0.5351074895977809
2414,0.1529126213592233
2415,0.3765603328710125
2416,0.9953190013869626
2417,1.5290395284327323
2418,0.5377080443828016
2419,0.48812413314840497
2420,0.7366504854368932
2421,0.6972087378640777
2422,0.6899271844660194
2423,0.3859223300970874
2424,0.9453016643550624
2425,0.6354022191400832
2426,0.6826456310679612
2427,0.22832871012482664
2428,0.0
2429,0.2020631067961165
2430,0.7302357836338419
2431,0.06813453536754507
2432,0.16374826629681
2433,0.39164355062413314
2434,0.3430131761442441
2435,0.14190360610263522
2436,7.538141470180305
2437,2.6372226074895977
2438,2.1061893203883493
2439,2.3213418862690705
2440,1.6260402219140082
2441,0.8951976421636616
2442,0.9262309292649098
2443,1.9204230235783633
2444,1.6412968099861303
2445,2.634448682385576
2446,1.058252427184466
2447,1.6399098474341194
2448,0.396757975034674
2449,1.0553918169209433
2450,0.5710818307905686
2451,0.7756588072122053
2452,0.2981102635228849
2453,16.268550624133148
2454,3.9908113730929267
2455,2.8616504854368934
2456,4.106449375866852
2457,4.972607489597781
2458,1.9116678224687933
2459,0.8384188626907074
2460,2.216626213592233
2461,1.565880721220527
2462,0.6145110957004161
2463,0.9936719833564494
2464,1.2955097087378642
2465,1.9064667128987516
2466,1.5031206657420249
2467,0.8304438280166435
2468,1.4265776699029127
2469,1.3706657420249653
2470,1.2012829403606102
2471,1.3209084604715673
2472,1.3457871012482663
2473,0.4500693481276006
2474,2.3955443828016643
2475,2.415135228848821
2476,1.4746012482662967
2477,1.1794382801664356
2478,1.0838245492371705
2479,1.4162621359223302
2480,1.75875520110957
2481,1.0389216366158114
2482,1.2419382801664356
2483,1.0006934812760055
2484,0.7968099861303745
2485,0.4315187239944522
2486,0.35289528432732314
2487,0.23847087378640777
2488,0.7229542302357836
2489,0.1435506241331484
2490,0.43065187239944525
2491,0.5276525658807212
2492,0.7941227461858529
2493,0.356622746185853
2494,5.685419556171983
2495,4.8860090152565885
2496,3.123526352288488
2497,1.6645284327323164
2498,1.0674410540915396
2499,0.9424410540915396
2500,0.9469486823855755
2501,1.022624826629681
2502,2.930478502080444
2503,1.7458391123439667
2504,0.5696948682385575
2505,1.2545076282940362
2506,0.2795596393897365
2507,0.8111997226074896
2508,0.6044556171983356
2509,0.7160194174757282
2510,0.16045423023578365
2511,8.6874133148405
2512,2.4893377253814144
2513,0.6043689320388349
2514,4.126473647711512
2515,3.894157420249653
2516,1.6002080443828017
2517,1.7084778085991679
2518,1.4492024965325936
2519,1.0265256588072122
2520,1.1406900138696254
2521,0.8278432732316228
2522,1.1508321775312067
2523,2.5576456310679614
2524,1.4209431345353676
2525,0.6062760055478502
2526,0.7359570041608876
2527,0.7918689320388349
2528,0.8240291262135923
2529,1.6914008321775311
2530,0.8443134535367545
2531,0.39441747572815533
2532,3.722260748959778
2533,2.3570561719833565
2534,2.859483356449376
2535,1.0009535367545077
2536,1.270371012482663
2537,0.6777045769764216
2538,2.0633668515950068
2539,1.616504854368932
2540,1.6455443828016643
2541,1.6356622746185854
2542,0.8848821081830791
2543,0.4169556171983356
2544,0.14121012482662967
2545,0.23613037447988902
2546,0.8559292649098473
2547,0.07142857142857142
2548,0.15906726768377252
2549,0.20509708737864077
2550,0.5887656033287101
2551,0.46471914008321774
2552,5.262309292649099
2553,6.803918169209431
2554,3.733009708737864
2555,1.628120665742025
2556,1.489771151178918
2557,1.2308425797503466
2558,0.6568134535367545
2559,6.530946601941747
2560,2.868498613037448
2561,2.45128294036061
2562,1.063366851595007
2563,2.3133668515950068
2564,0.6015950069348127
2565,3.255721220527046
2566,0.8513349514563107
2567,0.699375866851595
2568,0.9596047156726768
2569,15.375433425797503
2570,4.596133841886269
2571,3.7063106796116507
2572,4.211165048543689
2573,3.4720006934812764
2574,2.3283633841886267
2575,2.241071428571429
2576,2.8808079056865465
2577,1.4080270457697641
2578,0.40048543689320387
2579,1.5943134535367545
2580,1.1620145631067962
2581,5.221827323162274
2582,2.8737864077669903
2583,1.3907766990291264
2584,1.6345353675450762
2585,0.4794556171983356
2586,2.8760402219140087
2587,1.8039181692094313
2588,1.06501386962552
2589,1.333997919556172
2590,7.2733183079056865
2591,0.562239944521498
2592,2.9433945908460473
2593,2.0722087378640777
2594,2.0826976421636614
2595,1.4837031900138697
2596,2.5327669902912624
2597,2.1652219140083218
2598,1.6307212205270456
2599,0.9433945908460473
2600,1.1724167822468794
2601,0.7187933425797502
2602,0.20041608876560332
2603,0.3399791955617198
2604,1.4681865464632455
2605,0.0770631067961165
2606,0.22884882108183077
2607,0.5685679611650485
2608,1.060506241331484
2609,0.0
2610,9.479628987517337
2611,2.6304611650485437
2612,1.542389042995839
2613,1.3434466019417477
2614,2.0800970873786406
2615,1.2701109570041609
2616,0.7888349514563107
2617,3.1522191400832176
2618,2.4853502080443826
2619,1.9880374479889042
2620,2.4310852981969484
2621,1.9253640776699028
2622,0.7366504854368932
2623,0.9934119278779473
2624,1.5114424410540916
2625,0.9182558945908461
2626,0.24289181692094314
2627,15.807558945908461
2628,7.342926490984744
2629,1.900485436893204
2630,7.336945214979195
2631,2.0481969486823854
2632,2.833391123439667
2633,1.7216539528432733
2634,1.6914008321775311
2635,1.565620665742025
2636,0.5128294036061026
2637,1.338505547850208
2638,0.9609916782246879
2639,2.674843966712899
2640,3.6601941747572813
2641,1.303658113730929
2642,1.4765950069348126
2643,0.4491158113730929
2644,1.126126907073509
2645,0.65750693481276
2646,0.623873092926491
2647,0.830617198335645
2648,2.924497226074896
2649,1.4303051317614424
2650,1.1677357836338418
2651,1.700762829403606
2652,1.0894590846047156
2653,0.3650312066574202
2654,1.0742024965325936
2655,0.5202843273231623
2656,1.3685852981969486
2657,0.7594486823855755
2658,0.4275312066574202
2659,0.6995492371705964
2660,0.45934466019417475
2661,0.10549583911234396
2662,1.4926317614424411
2663,1.114857836338419
2664,0.12170596393897364
2665,0.22954230235783635
2666,1.000866851595007
2667,0.06813453536754507
2668,6.1483183079056865
2669,2.3606102635228847
2670,1.2736650485436893
2671,0.7775658807212205
2672,0.6438973647711511
2673,0.6112170596393898
2674,0.778259361997226
2675,2.68498613037448
2676,1.8715325936199723
2677,1.7489597780859918
2678,1.3145804438280166
2679,0.5774098474341193
2680,1.9347260748959778
2681,0.3020977808599168
2682,0.3457871012482663
2683,0.5945735090152566
2684,0.8372052704576975
2685,6.224514563106796
2686,3.2462725381414703
2687,2.5776699029126213
2688,2.2786061026352287
2689,1.0707350901525658
2690,1.8236823855755895
2691,1.3808079056865465
2692,0.6480582524271844
2693,0.680998613037448
2694,1.0162968099861303
2695,0.3338245492371706
2696,0.36910540915395285
2697,0.8626040221914009
2698,2.285627600554785
2699,1.6053224687933425
2700,0.4900312066574202
2701,0.36858529819694863
2702,1.6586338418862692
2703,1.4875173370319001
2704,0.8496879334257974
2705,1.3939840499306517
2706,2.0298196948682388
2707,2.1479715672676836
2708,2.1451976421636614
2709,1.1214459084604715
2710,0.7817267683772539
2711,0.5240984743411927
2712,1.2544209431345352
2713,0.8317441054091539
2714,0.4552704576976422
2715,0.4484223300970874
2716,0.8130201109570041
2717,1.2102115117891816
2718,0.21992024965325935
2719,0.5638869625520111
2720,0.7114251040221915
2721,0.22884882108183077
2722,0.5826976421636616
2723,0.2391643550624133
2724,0.9099341192787794
2725,0.6327149791955617
2726,2.588158807212205
2727,3.0787968099861303
2728,2.2353502080443826
2729,0.6006414701803051
2730,0.5592926490984743
2731,0.319001386962552
2732,0.4169556171983356
2733,1.2830270457697641
2734,1.313366851595007
2735,0.8987517337031901
2736,1.2753120665742026
2737,0.6720700416088765
2738,0.6309812760055479
2739,0.43221220527045767
2740,0.37023231622746183
2741,0.25979542302357833
2742,0.377253814147018
2743,3.966886269070735
2744,1.6509188626907072
2745,1.5946601941747574
2746,1.5930998613037448
2747,1.5390950069348126
2748,1.7124653259361997
2749,1.3394590846047156
2750,0.49514563106796117
2751,0.5440360610263523
2752,1.072382108183079
2753,0.425884188626907
2754,0.32229542302357833
2755,2.8725728155339807
2756,1.0758495145631066
2757,0.7319694868238558
2758,0.48370319001386963
2759,0.3990984743411927
2760,2.1844660194174756
2761,0.8896497919556172
2762,0.43576629680998613
2763,0.2088245492371706
2764,2.221047156726768
2765,1.8118065187239942
2766,2.1795249653259363
2767,0.8815880721220527
2768,0.8442267683772539
2769,0.541002080443828
2770,0.8454403606102635
2771,0.8585298196948682
2772,0.6171116504854368
2773,0.5221914008321775
2774,0.6647884882108184
2775,0.783633841886269
2776,0.05920596393897365
2777,0.33833217753120665
2778,0.9205097087378641
2779,0.09492024965325936
2780,0.19478155339805825
2781,0.13626907073509015
2782,0.42241678224687934
2783,0.09656726768377254
2784,8.019157420249654
2785,2.784414008321775
2786,2.0909327323162272
2787,0.3927704576976422
2788,1.6197122052704578
2789,1.6570735090152566
2790,1.0904126213592233
2791,3.783113730929265
2792,1.9687933425797506
2793,2.285627600554785
2794,1.2161061026352291
2795,0.9880374479889042
2796,2.3155339805825244
2797,0.3828883495145631
2798,0.7279819694868238
2799,0.23890429958391124
2800,2.0697815533980584
2801,13.746705963938975
2802,3.033113730929265
2803,2.7451456310679614
2804,5.126993758668516
2805,1.738990984743412
2806,4.778952843273231
2807,0.9344660194174758
2808,1.450502773925104
2809,1.3246359223300972
2810,0.9850034674063799
2811,0.2955097087378641
2812,0.2325762829403606
2813,2.155513176144244
2814,2.7177531206657424
2815,0.4378467406380028
2816,0.4169556171983356
2817,0.22269417475728154
2818,1.7700242718446604
2819,0.7054438280166435
2820,1.4414008321775311
2821,0.14424410540915394
2822,6.3248959778086
2823,2.355149098474341
2824,1.5905859916782248
2825,1.8672850208044383
2826,1.1419036061026353
2827,0.31830790568654643
2828,0.7124653259361997
2829,0.3859223300970874
2830,0.5188973647711511
2831,0.41461511789181693
2832,0.6955617198335645
2833,1.3554091539528432
2834,0.08928571428571429
2835,0.07871012482662967
2836,0.8470006934812759
2837,0.7981102635228849
2838,0.09492024965325936
2839,0.1581137309292649
2840,0.9733876560332871
2841,0.09162621359223301
2842,3.221914008321775
2843,1.7991504854368934
2844,1.2515603328710125
2845,0.6664355062413315
2846,1.1191054091539527
2847,0.9401005547850209
2848,0.8378987517337032
2849,2.729542302357836
2850,1.4757281553398058
2851,1.757368238557559
2852,1.4888176144244105
2853,1.0855582524271843
2854,0.5043342579750346
2855,0.31336685159500693
2856,0.4496359223300971
2857,0.13765603328710124
2858,0.3828883495145631
2859,8.7124653259362
2860,2.7613557558945905
2861,2.8980582524271847
2862,3.362690707350901
2863,2.175104022191401
2864,1.8717059639389737
2865,1.383841886269071
2866,1.4684466019417477
2867,0.7991504854368932
2868,1.091626213592233
2869,0.6220527045769764
2870,0.260748959778086
2871,2.2753120665742026
2872,2.3763002773925104
2873,1.506848127600555
2874,0.32792995839112343
2875,0.3925104022191401
2876,1.2747919556171985
2877,0.9009188626907074
2878,0.6006414701803051
2879,0.9678398058252426
2880,5.179004854368932
2881,1.6250866851595007
2882,1.463505547850208
2883,1.4904646324549238
2884,0.3948509015256588
2885,0.34908113730929263
2886,0.6243932038834952
2887,1.2185332871012484
2888,0.5175104022191401
2889,0.2955097087378641
2890,0.4930651872399445
2891,0.4209431345353676
2892,0.044642857142857144
2893,0.026785714285714284
2894,0.7600554785020803
2895,0.8202149791955617
2896,0.20041608876560332
2897,0.1726768377253814
2898,0.3453536754507628
2899,0.35497572815533984
2900,8.956043956043956
2901,2.7850274725274726
2902,1.758585164835165
2903,0.8519917582417582
2904,0.7173763736263736
2905,0.42719780219780223
2906,0.5305631868131868
2907,1.956043956043956
2908,1.886675824175824
2909,1.096153846153846
2910,1.8248626373626373
2911,1.0731456043956045
2912,1.6713598901098903
2913,0.6929945054945056
2914,0.4694368131868132
2915,0.3695054945054945
2916,0.5597527472527473
2917,4.940247252747253
2918,2.988324175824176
2919,2.7980769230769234
2920,3.3114697802197806
2921,1.208791208791209
2922,1.948489010989011
2923,2.1191620879120876
2924,1.1792582417582418
2925,0.7431318681318682
2926,1.1706730769230769
2927,0.5377747252747253
2928,0.5535714285714286
2929,0.7836538461538461
2930,2.8657280219780223
2931,1.5964972527472527
2932,0.44024725274725274
2933,0.5322802197802199
2934,0.8111263736263736
2935,1.5157967032967032
2936,1.0951236263736264
2937,0.6136675824175825
2938,2.1407967032967035
2939,2.9186126373626378
2940,1.8121565934065935
2941,1.1332417582417582
2942,1.0065247252747254
2943,0.6504120879120879
2944,1.3248626373626373
2945,0.551510989010989
2946,0.8039148351648351
2947,0.9591346153846153
2948,0.9790521978021978
2949,0.8588598901098901
2950,0.0625
2951,0.26820054945054944
2952,0.2932692307692308
2953,0.16449175824175824
2954,0.3289835164835165
2955,0.2850274725274725
2956,0.6682692307692308
2957,0.6686126373626373
2958,5.45157967032967
2959,2.0350274725274726
2960,1.0824175824175826
2961,0.47630494505494503
2962,0.1662087912087912
2963,0.6332417582417582
2964,1.1703296703296704
2965,2.2190934065934065
2966,1.703296703296703
2967,1.2269917582417582
2968,1.1730769230769231
2969,1.6593406593406594
2970,0.41002747252747257
2971,0.7475961538461539
2972,0.6191620879120879
2973,0.4732142857142857
2974,0.13289835164835165
2975,6.517857142857142
2976,4.038804945054945
2977,1.0528846153846154
2978,2.991414835164835
2979,1.8458104395604398
2980,1.183379120879121
2981,2.5645604395604393
2982,1.0350274725274726
2983,0.7218406593406594
2984,0.2287087912087912
2985,0.8169642857142857
2986,0.6929945054945055
2987,3.928914835164835
2988,0.19505494505494503
2989,1.0625
2990,1.3605769230769231
2991,1.041208791208791
2992,0.26270604395604397
2993,0.36504120879120877
2994,0.2451923076923077
2995,0.27300824175824173
2996,1.2050137362637363
2997,1.6270604395604398
2998,0.7791895604395604
2999,0.41208791208791207
3000,0.9615384615384616
3001,0.5985576923076923
3002,0.7211538461538461
3003,0.454326923076923
3004,0.9323489010989011
3005,0.5436126373626373
3006,0.6346153846153846
3007,0.15453296703296704
3008,0.0
3009,0.20192307692307693
3010,0.8159340659340659
3011,0.06799450549450549
3012,0.14869505494505494
3013,0.36160714285714285
3014,0.35645604395604397
3015,0.11984890109890109
3016,7.605425824175824
3017,2.6229395604395607
3018,2.5024038461538463
3019,2.946085164835165
3020,1.6363324175824174
3021,1.0030906593406594
3022,0.9048763736263736
3023,2.211195054945055
3024,1.7160027472527473
3025,2.102335164835165
3026,1.6129807692307692
3027,1.8307005494505495
3028,0.5958104395604396
3029,0.9453983516483517
3030,0.8128434065934066
3031,0.9574175824175826
3032,0.32520604395604397
3033,16.282623626373628
3034,4.235233516483516
3035,3.771634615384616
3036,4.525068681318682
3037,6.266483516483516
3038,2.1861263736263736
3039,1.035370879120879
3040,2.3533653846153846
3041,1.7994505494505495
3042,0.768543956043956
3043,1.5206043956043955
3044,1.3221153846153846
3045,2.381868131868132
3046,1.5628434065934065
3047,2.325892857142857
3048,1.5240384615384617
3049,1.1727335164835164
3050,1.4945054945054945
3051,1.3265796703296704
3052,1.696771978021978
3053,0.5978708791208791
3054,3.083791208791209
3055,3.1205357142857144
3056,2.0147664835164836
3057,1.379120879120879
3058,1.2551510989010988
3059,1.6730769230769231
3060,2.1212225274725274
3061,1.1301510989010988
3062,1.2252747252747254
3063,1.2239010989010988
3064,0.8561126373626373
3065,0.3200549450549451
3066,0.3090659340659341
3067,0.22355769230769232
3068,0.7438186813186813
3069,0.12877747252747251
3070,0.4007554945054945
3071,0.43887362637362637
3072,0.8719093406593406
3073,0.3983516483516484
3074,5.823489010989011
3075,4.89217032967033
3076,3.200892857142857
3077,1.428228021978022
3078,1.2046703296703296
3079,1.1085164835164834
3080,1.337912087912088
3081,1.2843406593406594
3082,3.2918956043956045
3083,1.957074175824176
3084,0.617445054945055
3085,1.3207417582417582
3086,0.29979395604395603
3087,0.8001373626373627
3088,0.7888049450549451
3089,0.5240384615384615
3090,0.17410714285714285
3091,8.720810439560438
3092,2.681318681318681
3093,0.735576923076923
3094,4.344780219780219
3095,4.085508241758242
3096,1.9642857142857144
3097,2.402815934065934
3098,1.6497252747252746
3099,0.8815247252747253
3100,1.3482142857142858
3101,1.1112637362637363
3102,1.4821428571428572
3103,3.09375
3104,1.799793956043956
3105,1.3873626373626373
3106,0.7015796703296703
3107,0.8509615384615384
3108,0.9110576923076923
3109,1.5731456043956045
3110,1.3231456043956045
3111,0.4206730769230769
3112,4.493475274725275
3113,2.585164835164835
3114,3.0899725274725274
3115,1.571085164835165
3116,1.527815934065934
3117,0.7015796703296703
3118,2.349587912087912
3119,2.0552884615384617
3120,2.0164835164835164
3121,2.135989010989011
3122,0.9502060439560439
3123,0.43543956043956045
3124,0.16998626373626374
3125,0.22149725274725274
3126,0.8475274725274725
3127,0.1291208791208791
3128,0.1878434065934066
3129,0.22596153846153846
3130,0.731456043956044
3131,0.6438873626373627
3132,5.856456043956045
3133,6.259271978021978
3134,4.913461538461538
3135,1.7527472527472527
3136,1.3416895604395602
3137,1.3423763736263736
3138,0.8688186813186813
3139,7.7764423076923075
3140,3.1521291208791204
3141,2.5137362637362637
3142,1.1043956043956045
3143,2.7510302197802194
3144,0.7414148351648351
3145,3.431318681318681
3146,0.875
3147,1.2946428571428572
3148,0.8231456043956045
3149,14.999313186813186
3150,4.424107142857143
3151,4.4639423076923075
3152,4.2451923076923075
3153,4.6823489010989015
3154,2.4763049450549453
3155,2.1761675824175826
3156,3.4052197802197806
3157,1.397664835164835
3158,0.6129807692307692
3159,1.6332417582417582
3160,1.310096153846154
3161,4.595123626373626
3162,2.887019230769231
3163,1.1610576923076923
3164,1.581043956043956
3165,0.8801510989010989
3166,2.7853708791208796
3167,1.7496565934065935
3168,1.041208791208791
3169,1.6260302197802197
3170,8.702953296703296
3171,0.6768543956043956
3172,3.6723901098901095
3173,2.2908653846153846
3174,2.3203983516483517
3175,1.7623626373626373
3176,2.7524038461538463
3177,2.418956043956044
3178,1.7125686813186811
3179,1.3262362637362637
3180,1.322458791208791
3181,0.8643543956043955
3182,0.18578296703296704
3183,0.33962912087912084
3184,1.3499313186813187
3185,0.07692307692307693
3186,0.3008241758241758
3187,0.5600961538461539
3188,0.9632554945054945
3189,0.0
3190,9.323145604395604
3191,2.6466346153846154
3192,1.365041208791209
3193,1.0817307692307692
3194,2.230769230769231
3195,1.476304945054945
3196,0.6754807692307692
3197,3.8866758241758244
3198,2.5188873626373627
3199,2.1833791208791204
3200,2.4793956043956045
3201,2.1009615384615383
3202,0.795673076923077
3203,1.036401098901099
3204,1.6751373626373627
3205,1.027129120879121
3206,0.2699175824175824
3207,15.316964285714285
3208,7.2239010989010985
3209,2.7259615384615383
3210,7.892513736263736
3211,2.517857142857143
3212,3.056318681318681
3213,1.8540521978021978
3214,1.8111263736263736
3215,1.863324175824176
3216,0.6181318681318682
3217,1.6607142857142856
3218,0.7445054945054944
3219,2.603708791208791
3220,3.9543269230769234
3221,1.190934065934066
3222,1.2991071428571428
3223,0.3152472527472528
3224,1.3121565934065935
3225,0.7105082417582418
3226,0.43784340659340665
3227,0.7304258241758241
3228,3.037431318681319
3229,1.5051510989010988
3230,1.2678571428571428
3231,2.1222527472527473
3232,1.0154532967032968
3233,0.34752747252747257
3234,1.1449175824175826
3235,0.4938186813186813
3236,1.7486263736263736
3237,0.8186813186813187
3238,0.4532967032967033
3239,0.7160027472527473
3240,0.46634615384615385
3241,0.11984890109890109
3242,1.4828296703296704
3243,1.2867445054945055
3244,0.1143543956043956
3245,0.22905219780219782
3246,1.1428571428571428
3247,0.08962912087912088
3248,6.164491758241759
3249,2.6833791208791204
3250,0.954326923076923
3251,0.7942994505494505
3252,0.5315934065934066
3253,0.418956043956044
3254,0.5782967032967032
3255,3.069368131868132
3256,1.8660714285714286
3257,1.7098214285714286
3258,1.8760302197802197
3259,0.8186813186813187
3260,2.4986263736263736
3261,0.3578296703296703
3262,0.5164835164835165
3263,0.8434065934065934
3264,0.9969093406593406
3265,6.34375
3266,3.427541208791209
3267,2.862980769230769
3268,2.29842032967033
3269,0.9557005494505495
3270,2.397664835164835
3271,1.8547390109890112
3272,0.778846153846154
3273,0.748282967032967
3274,1.1126373626373627
3275,0.28880494505494503
3276,0.4189560439560439
3277,1.0230082417582418
3278,2.6940247252747254
3279,1.4917582417582418
3280,0.6095467032967032
3281,0.5178571428571428
3282,1.630837912087912
3283,1.4649725274725276
3284,1.342032967032967
3285,1.3059752747252746
3286,2.144574175824176
3287,2.506868131868132
3288,2.253090659340659
3289,1.300824175824176
3290,0.7675137362637363
3291,0.6002747252747253
3292,1.29635989010989
3293,1.0113324175824174
3294,0.48866758241758246
3295,0.4807692307692308
3296,0.7496565934065934
3297,1.099587912087912
3298,0.2846840659340659
3299,0.5415521978021978
3300,0.6596840659340659
3301,0.25755494505494503
3302,0.6040521978021979
3303,0.21668956043956042
3304,0.9364697802197801
3305,0.6675824175824175
3306,2.690590659340659
3307,2.76407967032967
3308,2.2833104395604393
3309,0.5164835164835165
3310,0.6916208791208791
3311,0.3671016483516484
3312,0.4859203296703297
3313,1.4385302197802197
3314,1.4192994505494505
3315,1.0508241758241759
3316,1.3815247252747254
3317,0.7177197802197801
3318,0.821771978021978
3319,0.6737637362637363
3320,0.48351648351648346
3321,0.4162087912087913
3322,0.8070054945054944
3323,3.9168956043956045
3324,1.5233516483516483
3325,1.5288461538461537
3326,1.753434065934066
3327,1.3543956043956045
3328,1.678228021978022
3329,1.662087912087912
3330,0.43269230769230765
3331,0.5975274725274725
3332,1.217032967032967
3333,0.44436813186813184
3334,0.4138049450549451
3335,2.7980769230769234
3336,1.2259615384615383
3337,1.2098214285714286
3338,0.459478021978022
3339,0.23008241758241757
3340,1.8605769230769231
3341,1.0003434065934065
3342,0.6565934065934066
3343,0.19986263736263735
3344,2.738667582417582
3345,1.7328296703296702
3346,2.48282967032967
3347,0.8890796703296703
3348,0.8083791208791209
3349,0.6744505494505495
3350,0.8828983516483516
3351,0.9299450549450549
3352,0.735576923076923
3353,0.5542582417582417
3354,0.7465659340659341
3355,0.8063186813186813
3356,0.05185439560439561
3357,0.3018543956043956
3358,0.8317307692307693
3359,0.08035714285714286
3360,0.23798076923076922
3361,0.1720467032967033
3362,0.428228021978022
3363,0.11813186813186813
3364,7.438873626373625
3365,2.989697802197802
3366,2.0333104395604398
3367,0.5343406593406593
3368,1.8179945054945055
3369,1.3289835164835164
3370,1.125
3371,3.6744505494505493
3372,2.2081043956043955
3373,1.9945054945054945
3374,1.4666895604395602
3375,0.9742445054945055
3376,2.221153846153846
3377,0.3004807692307692
3378,1.126717032967033
3379,0.3382554945054945
3380,1.8822115384615383
3381,13.782623626373624
3382,3.104739010989011
3383,3.6850961538461537
3384,5.3179945054945055
3385,1.5453296703296702
3386,4.895947802197802
3387,0.9134615384615384
3388,1.3447802197802197
3389,1.1923076923076923
3390,1.029532967032967
3391,0.3870192307692308
3392,0.22424450549450547
3393,1.7578983516483517
3394,2.478021978021978
3395,0.6936813186813187
3396,0.43543956043956045
3397,0.2283653846153846
3398,1.3317307692307692
3399,0.6720467032967032
3400,1.085164835164835
3401,0.14354395604395603
3402,5.73901098901099
3403,1.8684752747252746
3404,1.4790521978021978
3405,2.221840659340659
3406,1.1919642857142856
3407,0.3090659340659341
3408,0.8440934065934066
3409,0.5336538461538461
3410,0.6301510989010989
3411,0.4766483516483516
3412,0.7915521978021978
3413,1.1940247252747254
3414,0.08928571428571429
3415,0.07142857142857142
3416,0.8890796703296703
3417,0.7963598901098902
3418,0.1092032967032967
3419,0.1504120879120879
3420,1.0291895604395604
3421,0.07692307692307693
3422,3.7949862637362637
3423,2.1971153846153846
3424,1.3282967032967032
3425,0.6761675824175825
3426,1.0030906593406594
3427,1.027129120879121
3428,0.7160027472527473
3429,2.8372252747252746
3430,1.4302884615384617
3431,1.536401098901099
3432,1.5638736263736264
3433,1.1298076923076923
3434,0.5652472527472527
3435,0.38324175824175827
3436,0.4615384615384615
3437,0.3169642857142857
3438,0.6682692307692308
3439,8.793612637362639
3440,3.376717032967033
3441,3.519230769230769
3442,3.742101648351648
3443,2.1335851648351647
3444,1.7850274725274726
3445,1.6984890109890112
3446,1.6610576923076923
3447,0.9302884615384616
3448,1.25
3449,0.5604395604395604
3450,0.3382554945054945
3451,2.742101648351648
3452,2.192651098901099
3453,1.168956043956044
3454,0.21737637362637363
3455,0.41792582417582413
3456,1.336195054945055
3457,0.8815247252747254
3458,0.7977335164835165
3459,0.9471153846153846
3460,5.105769230769231
3461,1.7575549450549453
3462,1.583791208791209
3463,1.6665521978021978
3464,0.45604395604395603
3465,0.40453296703296704
3466,0.6346153846153846
3467,1.3993818681318682
3468,0.5068681318681318
3469,0.34375
3470,0.6335851648351648
3471,0.4320054945054945
3472,0.05185439560439561
3473,0.026785714285714284
3474,0.7513736263736264
3475,0.876717032967033
3476,0.20741758241758243
3477,0.13598901098901098
3478,0.46668956043956045
3479,0.2668269230769231
3480,7.513736263736264
3481,2.273008241758242
3482,1.6792582417582418
3483,0.6644917582417583
3484,0.818337912087912
3485,0.38392857142857145
3486,0.501717032967033
3487,2.446428571428571
3488,1.7785027472527473
3489,1.0817307692307692
3490,2.0123626373626373
3491,1.2606456043956045
3492,1.7651098901098903
3493,0.7146291208791209
3494,0.4333791208791209
3495,0.3550824175824176
3496,0.3794642857142857
3497,4.666208791208791
3498,2.8152472527472527
3499,2.8774038461538463
3500,2.662431318681319
3501,1.1294642857142856
3502,1.948489010989011
3503,2.0831043956043955
3504,0.9845467032967032
3505,0.8945741758241759
3506,1.0769230769230769
3507,0.6387362637362637
3508,0.748282967032967
3509,0.8774038461538461
3510,2.3248626373626373
3511,1.884958791208791
3512,0.42582417582417575
3513,0.32314560439560436
3514,0.926510989010989
3515,1.652815934065934
3516,1.0734890109890112
3517,0.5054945054945056
3518,1.7802197802197803
3519,2.680631868131868
3520,1.855425824175824
3521,1.0611263736263736
3522,0.8190247252747253
3523,0.7513736263736264
3524,1.3753434065934065
3525,0.5659340659340659
3526,0.6741071428571428
3527,0.7572115384615384
3528,0.6978021978021978
3529,0.8949175824175823
3530,0.06971153846153846
3531,0.260989010989011
3532,0.31490384615384615
3533,0.18612637362637363
3534,0.35061813186813184
3535,0.26339285714285715
3536,0.6394230769230769
3537,0.6109203296703297
3538,4.997252747252747
3539,2.1287774725274726
3540,0.9742445054945055
3541,0.3681318681318681
3542,0.17342032967032966
3543,0.662087912087912
3544,1.3506181318681318
3545,2.6013049450549453
3546,1.7393543956043955
3547,1.1692994505494505
3548,1.2235576923076923
3549,1.6449175824175826
3550,0.43887362637362637
3551,0.6899038461538461
3552,0.8571428571428571
3553,0.6751373626373627
3554,0.13289835164835165
3555,5.464972527472527
3556,3.6782280219780223
3557,1.4927884615384617
3558,2.205357142857143
3559,1.9684065934065935
3560,1.5151098901098903
3561,2.600618131868132
3562,1.071085164835165
3563,0.6785714285714286
3564,0.18543956043956042
3565,0.8313873626373627
3566,0.8804945054945055
3567,3.1067994505494507
3568,0.20947802197802196
3569,1.7331730769230769
3570,1.252403846153846
3571,1.2070741758241759
3572,0.28434065934065933
3573,0.40831043956043955
3574,0.3245192307692308
3575,0.33791208791208793
3576,1.1761675824175826
3577,1.605425824175824
3578,0.7791895604395604
3579,0.5346840659340659
3580,0.7596153846153846
3581,0.7067307692307692
3582,0.6634615384615384
3583,0.47596153846153844
3584,0.946771978021978
3585,0.5508241758241759
3586,0.5625
3587,0.11126373626373626
3588,0.0
3589,0.21634615384615385
3590,0.7942994505494506
3591,0.06078296703296703
3592,0.12706043956043955
3593,0.4337225274725275
3594,0.36366758241758246
3595,0.10542582417582418
3596,6.653502747252747
3597,2.550824175824176
3598,2.2716346153846154
3599,2.3619505494505493
3600,1.4848901098901097
3601,0.606456043956044
3602,0.9842032967032968
3603,2.32657967032967
3604,1.8818681318681318
3605,1.9653159340659339
3606,1.5120192307692308
3607,1.9749313186813189
3608,0.5597527472527473
3609,0.8877060439560439
3610,0.9426510989010989
3611,1.0728021978021978
3612,0.3973214285714286
3613,14.436469780219781
3614,3.542925824175824
3615,3.980769230769231
3616,3.5442994505494507
3617,7.672733516483517
3618,2.0418956043956045
3619,1.0209478021978022
3620,2.1514423076923075
3621,1.7201236263736264
3622,0.7252747252747253
3623,1.4124313186813189
3624,1.5456730769230769
3625,2.2160027472527473
3626,1.3609203296703296
3627,1.6696428571428572
3628,1.2932692307692308
3629,1.1583104395604398
3630,1.0113324175824174
3631,1.2977335164835164
3632,1.0477335164835164
3633,0.34546703296703296
3634,2.7664835164835164
3635,3.1638049450549453
3636,1.9138049450549453
3637,1.3863324175824174
3638,1.0460164835164834
3639,1.5576923076923077
3640,2.0418956043956045
3641,1.2671703296703296
3642,1.347870879120879
3643,1.0796703296703296
3644,0.7984203296703297
3645,0.3777472527472528
3646,0.3595467032967033
3647,0.20192307692307693
3648,0.8519917582417583
3649,0.12877747252747251
3650,0.3863324175824176
3651,0.44608516483516486
3652,0.8863324175824175
3653,0.3695054945054945
3654,5.2032967032967035
3655,3.7743818681318677
3656,2.9268543956043955
3657,1.457074175824176
3658,0.8729395604395604
3659,0.9354395604395604
3660,0.7754120879120879
3661,1.4574175824175826
3662,3.1837225274725274
3663,1.928228021978022
3664,1.0285027472527473
3665,1.5803571428571428
3666,0.36469780219780223
3667,0.7496565934065934
3668,0.7527472527472527
3669,0.920673076923077
3670,0.15968406593406592
3671,7.941964285714286
3672,2.4649725274725274
3673,0.7644230769230769
3674,3.5154532967032965
3675,4.049450549450549
3676,1.6109203296703298
3677,2.09271978021978
3678,1.4766483516483517
3679,0.9608516483516483
3680,1.146291208791209
3681,0.9237637362637363
3682,1.0999313186813187
3683,2.8990384615384617
3684,1.691620879120879
3685,1.0556318681318682
3686,0.7809065934065934
3687,0.5841346153846154
3688,0.6225961538461539
3689,1.551510989010989
3690,1.2654532967032968
3691,0.4855769230769231
3692,3.5559752747252746
3693,2.491414835164835
3694,2.837568681318681
3695,1.2970467032967032
3696,1.2826236263736264
3697,0.6294642857142857
3698,2.1620879120879124
3699,1.3557692307692308
3700,1.7424450549450547
3701,1.8186813186813189
3702,0.7699175824175825
3703,0.507554945054945
3704,0.15556318681318682
3705,0.2647664835164835
3706,0.9340659340659341
3707,0.10027472527472528
3708,0.21668956043956042
3709,0.18990384615384615
3710,0.717032967032967
3711,0.478021978021978
3712,5.308379120879121
3713,5.429945054945055
3714,4.300480769230769
3715,1.7671703296703298
3716,1.3416895604395602
3717,0.8952609890109889
3718,0.7894917582417582
3719,8.793269230769232
3720,3.3396291208791204
3721,2.564217032967033
3722,1.097184065934066
3723,2.520260989010989
3724,0.7414148351648351
3725,3.4168956043956045
3726,0.9254807692307692
3727,1.431662087912088
3728,0.9673763736263736
3729,14.645947802197803
3730,4.589972527472527
3731,4.860576923076923
3732,3.855769230769231
3733,4.631868131868132
3734,2.3969780219780223
3735,2.6016483516483517
3736,3.304258241758242
3737,1.5491071428571428
3738,0.49759615384615385
3739,1.5827609890109888
3740,1.65625
3741,5.04223901098901
3742,2.692307692307692
3743,1.6153846153846154
3744,1.4800824175824174
3745,0.8152472527472527
3746,2.799793956043956
3747,1.8434065934065935
3748,0.8681318681318683
3749,1.1644917582417582
3750,7.895260989010989
3751,0.5470467032967032
3752,3.2757554945054945
3753,2.5144230769230766
3754,2.197802197802198
3755,1.8993818681318682
3756,3.0769230769230766
3757,2.469436813186813
3758,1.6981456043956045
3759,1.2613324175824174
3760,1.2070741758241759
3761,0.6696428571428571
3762,0.22184065934065933
3763,0.33962912087912084
3764,1.5446428571428572
3765,0.1201923076923077
3766,0.27197802197802196
3767,0.5528846153846154
3768,0.956043956043956
3769,0.0
3770,7.520260989010989
3771,1.903846153846154
3772,1.177541208791209
3773,1.0745192307692308
3774,1.6105769230769231
3775,1.036401098901099
3776,0.7115384615384616
3777,4.074175824175825
3778,2.7496565934065935
3779,2.269917582417582
3780,2.31353021978022
3781,2.7644230769230766
3782,0.766826923076923
3783,0.7839972527472527
3784,1.5381181318681318
3785,1.0703983516483517
3786,0.20501373626373628
3787,13.816964285714285
3788,6.171016483516484
3789,1.6586538461538463
3790,5.548763736263736
3791,1.9192994505494507
3792,2.2918956043956045
3793,2.034340659340659
3794,1.7606456043956045
3795,1.740728021978022
3796,0.6614010989010989
3797,1.682348901098901
3798,0.7949862637362637
3799,1.8248626373626373
3800,2.879807692307692
3801,0.9601648351648352
3802,0.9313186813186813
3803,0.17822802197802198
3804,1.146291208791209
3805,0.5302197802197802
3806,0.5027472527472527
3807,0.7953296703296703
3808,2.4388736263736264
3809,1.5123626373626373
3810,1.037087912087912
3811,1.9996565934065935
3812,0.755837912087912
3813,0.31868131868131866
3814,1.01510989010989
3815,0.5298763736263737
3816,1.4817994505494505
3817,0.6600274725274726
3818,0.4028159340659341
3819,0.5934065934065934
3820,0.5528846153846154
3821,0.11984890109890109
3822,1.4972527472527473
3823,1.2867445054945055
3824,0.14320054945054944
3825,0.27953296703296704
3826,1.034684065934066
3827,0.08962912087912088
3828,6.308722527472527
3829,2.1929945054945055
3830,1.048076923076923
3831,0.801510989010989
3832,0.6614010989010989
3833,0.44059065934065933
3834,0.5133928571428572
3835,3.401098901098901
3836,1.8804945054945055
3837,1.904532967032967
3838,1.8688186813186811
3839,0.9268543956043955
3840,2.440934065934066
3841,0.3361950549450549
3842,0.6102335164835165
3843,0.8001373626373627
3844,0.6363324175824175
3845,6.336538461538462
3846,3.2328296703296706
3847,3.519230769230769
3848,1.7791895604395602
3849,1.121565934065934
3850,1.9866071428571428
3851,1.7537774725274726
3852,0.966346153846154
3853,0.7554945054945056
3854,1.0765796703296702
3855,0.38255494505494503
3856,0.5199175824175823
3857,1.1095467032967032
3858,2.773351648351648
3859,1.4701236263736264
3860,0.4364697802197802
3861,0.676510989010989
3862,1.616414835164835
3863,1.3712225274725274
3864,0.887706043956044
3865,1.4718406593406594
3866,2.1517857142857144
3867,2.0813873626373627
3868,2.310782967032967
3869,1.1493818681318682
3870,0.6737637362637363
3871,0.6868131868131868
3872,1.404532967032967
3873,0.939217032967033
3874,0.5247252747252747
3875,0.44471153846153844
3876,0.648695054945055
3877,1.0418956043956045
3878,0.24141483516483517
3879,0.5992445054945055
3880,0.6524725274725275
3881,0.2503434065934066
3882,0.6184752747252747
3883,0.20226648351648352
3884,0.9220467032967032
3885,0.6964285714285714
3886,2.3083791208791204
3887,2.1222527472527473
3888,1.8506181318681318
3889,0.5092719780219781
3890,0.5690247252747253
3891,0.2805631868131868
3892,0.4859203296703297
3893,1.7918956043956045
3894,1.5274725274725274
3895,1.0580357142857142
3896,1.1507554945054945
3897,0.7465659340659341
3898,0.648695054945055
3899,0.623282967032967
3900,0.490728021978022
3901,0.2936126373626374
3902,0.4608516483516484
3903,3.9529532967032965
3904,1.566620879120879
3905,2.1274038461538463
3906,1.5515109890109888
3907,1.3327609890109888
3908,1.4186126373626373
3909,1.8279532967032968
3910,0.5264423076923077
3911,0.6263736263736263
3912,1.2891483516483517
3913,0.3866758241758242
3914,0.38495879120879123
3915,2.8269230769230766
3916,1.2692307692307692
3917,1.498282967032967
3918,0.5315934065934066
3919,0.3166208791208791
3920,1.5504807692307694
3921,1.130151098901099
3922,0.9234203296703296
3923,0.2431318681318681
3924,2.334821428571429
3925,1.8265796703296702
3926,2.4107142857142856
3927,0.946771978021978
3928,0.8660714285714286
3929,0.6311813186813187
3930,1.0199175824175826
3931,0.901098901098901
3932,0.6274038461538461
3933,0.47493131868131866
3934,0.6383928571428572
3935,0.7774725274725274
3936,0.044642857142857144
3937,0.39560439560439564
3938,0.9110576923076923
3939,0.10199175824175824
3940,0.28125
3941,0.15762362637362637
3942,0.4498626373626374
3943,0.13976648351648352
3944,6.710508241758241
3945,2.831043956043956
3946,2.1126373626373627
3947,0.44059065934065933
3948,1.623282967032967
3949,1.3434065934065935
3950,1.0096153846153846
3951,3.9845467032967035
3952,2.042239010989011
3953,1.8214285714285714
3954,1.473901098901099
3955,1.2122252747252746
3956,2.3365384615384617
3957,0.3076923076923077
3958,1.0257554945054945
3959,0.518543956043956
3960,2.3581730769230766
3961,13.508585164835164
3962,3.349931318681319
3963,3.375
3964,4.106456043956045
3965,1.2929258241758241
3966,4.722870879120879
3967,0.9495192307692308
3968,1.3303571428571428
3969,1.2932692307692308
3970,1.0872252747252746
3971,0.49519230769230765
3972,0.2675137362637363
3973,1.8588598901098903
3974,2.4708104395604398
3975,0.38358516483516486
3976,0.2839972527472528
3977,0.2283653846153846
3978,1.3966346153846154
3979,0.5782967032967032
3980,1.2366071428571428
3981,0.1507554945054945
3982,5.31353021978022
3983,1.9910714285714286
3984,1.3059752747252746
3985,2.1497252747252746
3986,1.0549450549450547
3987,0.33070054945054944
3988,0.9017857142857143
3989,0.46875
3990,0.5940934065934066
3991,0.48385989010989006
3992,0.6833791208791209
3993,1.2949862637362637
3994,0.10370879120879122
3995,0.09306318681318682
3996,0.9395604395604396
3997,0.7386675824175825
3998,0.09478021978021979
3999,0.15762362637362637
4000,1.021978021978022
4001,0.09134615384615385
4002,2.605082417582418
4003,1.7355769230769231
4004,0.9965659340659341
4005,0.8492445054945056
4006,0.7867445054945055
4007,0.8540521978021978
4008,0.5212912087912088
4009,3.1184752747252746
4010,1.1057692307692308
4011,1.5868818681318682
4012,1.5061813186813189
4013,1.2091346153846154
4014,0.5508241758241759
4015,0.239010989010989
4016,0.4615384615384615
4017,0.3890796703296703
4018,0.5096153846153846
4019,7.711881868131868
4020,3.867101648351648
4021,3.259615384615384
4022,2.6603708791208796
4023,2.256181318681319
4024,1.5037774725274726
4025,1.9364697802197803
4026,1.8701923076923077
4027,0.84375
4028,1.2716346153846154
4029,0.6686126373626373
4030,0.2949862637362637
4031,2.064217032967033
4032,2.1205357142857144
4033,1.0535714285714286
4034,0.24622252747252749
4035,0.2736950549450549
4036,0.9756181318681317
4037,0.8526785714285714
4038,0.4515796703296703
4039,0.9254807692307692
4040,4.983173076923077
4041,1.6998626373626373
4042,1.4828296703296702
4043,1.6737637362637363
4044,0.3911401098901099
4045,0.44780219780219777
4046,0.7211538461538461
4047,1.5868818681318682
4048,0.5717719780219781
4049,0.3293269230769231
4050,0.6840659340659341
4051,0.48969780219780223
4052,0.059065934065934064
4053,0.026785714285714284
4054,0.7008928571428571
4055,0.9127747252747253
4056,0.24347527472527472
4057,0.14320054945054944
4058,0.37293956043956045
4059,0.27403846153846156
4060,7.1618411927877945
4061,2.4930651872399445
4062,1.379594313453537
4063,0.6920076282940361
4064,0.554871705963939
4065,0.30019070735090153
4066,0.5125693481276006
4067,2.129680998613037
4068,1.718359916782247
4069,1.3161407766990292
4070,1.8392857142857144
4071,1.0075416088765603
4072,1.4218966712898753
4073,0.5748092926490984
4074,0.5311199722607489
4075,0.22737517337031898
4076,0.2729715672676838
4077,4.245839112343967
4078,2.494018723994452
4079,2.191747572815534
4080,2.0761962552011095
4081,1.0065880721220526
4082,1.6210991678224689
4083,1.6690360610263524
4084,1.0871185852981968
4085,0.6469313453536755
4086,0.9969660194174758
4087,0.6946081830790568
4088,0.9285714285714286
4089,0.7742718446601942
4090,1.744018723994452
4091,2.0662274618585297
4092,0.4139216366158114
4093,0.3977115117891817
4094,0.8388522884882108
4095,1.3371185852981968
4096,1.1611477115117892
4097,0.4510228848821082
4098,1.6490117891816922
4099,2.4242371705963937
4100,1.606102635228849
4101,0.7702843273231623
4102,0.7455790568654646
4103,0.6690360610263523
4104,1.0207177531206657
4105,0.4620319001386962
4106,0.6932212205270458
4107,0.6243932038834952
4108,0.6591539528432733
4109,0.8642510402219139
4110,0.0770631067961165
4111,0.24670596393897365
4112,0.2936893203883495
4113,0.17198335644937585
4114,0.29299583911234395
4115,0.2715846047156727
4116,0.6559466019417476
4117,0.5911061026352289
4118,4.237170596393898
4119,1.7084778085991679
4120,0.9953190013869626
4121,0.5085818307905686
4122,0.21731969486823854
4123,0.4559639389736477
4124,1.396757975034674
4125,2.3514216366158114
4126,1.8377253814147019
4127,1.1853328710124826
4128,0.8834951456310679
4129,1.4959257975034674
4130,0.39840499306518723
4131,0.6213592233009708
4132,0.5440360610263523
4133,0.5496705963938974
4134,0.11910540915395285
4135,5.414701803051318
4136,3.1809119278779474
4137,1.0631067961165048
4138,1.8194348127600555
4139,1.588505547850208
4140,1.2720180305131763
4141,2.3500346740638003
4142,0.8522884882108184
4143,0.618498613037448
4144,0.1942614424410541
4145,0.6922676837725381
4146,0.8715325936199723
4147,3.90377947295423
4148,0.15906726768377252
4149,1.2955097087378642
4150,1.2330097087378642
4151,1.2670769764216367
4152,0.17735783633841887
4153,0.3749133148404993
4154,0.18932038834951456
4155,0.24549237170596394
4156,1.0171636615811372
4157,1.5654472954230236
4158,0.5668342579750346
4159,0.5390950069348127
4160,0.6856796116504854
4161,0.6680825242718447
4162,0.5224514563106797
4163,0.5097087378640777
4164,0.9307385575589459
4165,0.5116158113730929
4166,0.6389563106796117
4167,0.19920249653259361
4168,0.0
4169,0.20934466019417475
4170,0.788488210818308
4171,0.06813453536754507
4172,0.10549583911234396
4173,0.40620665742024964
4174,0.3430131761442441
4175,0.11277739251040221
4176,6.322122052704577
4177,2.353242024965326
4178,1.975121359223301
4179,2.212118585298197
4180,1.152739251040222
4181,0.6913141470180305
4182,0.8315707350901524
4183,2.1243065187239942
4184,1.5029472954230236
4185,1.7897884882108182
4186,1.4733009708737863
4187,1.6180651872399445
4188,0.396757975034674
4189,0.705877253814147
4190,0.6366158113730929
4191,0.8339112343966713
4192,0.42917822468793343
4193,13.224861303744799
4194,3.1243065187239942
4195,2.5194174757281553
4196,2.766643550624133
4197,4.812413314840499
4198,1.7805998613037448
4199,0.8238557558945909
4200,1.8161407766990292
4201,1.4348127600554785
4202,0.6217926490984743
4203,1.1757108183079057
4204,1.2518203883495147
4205,2.16132108183079
4206,1.0807905686546462
4207,1.2309292649098473
4208,1.2226941747572815
4209,0.6861997226074896
4210,0.7789528432732316
4211,0.8548890429958391
4212,1.2147191400832176
4213,0.26803051317614424
4214,2.053311373092926
4215,2.6772711511789185
4216,1.598387656033287
4217,1.1867198335644937
4218,0.923630374479889
4219,1.4672330097087378
4220,1.707784327323162
4221,0.7840672676837726
4222,1.052617891816921
4223,0.6875866851595007
4224,0.5783633841886269
4225,0.4315187239944522
4226,0.3310506241331484
4227,0.19478155339805825
4228,0.7520804438280166
4229,0.13626907073509015
4230,0.36511789181692095
4231,0.47668169209431344
4232,0.8305305131761442
4233,0.2910887656033287
4234,4.469400138696255
4235,3.5170769764216363
4236,2.541002080443828
4237,1.256761442441054
4238,1.0019070735090154
4239,0.6657420249653259
4240,1.0124826629680999
4241,1.1464112343966713
4242,2.5227115117891814
4243,1.694868238557559
4244,0.6497919556171983
4245,1.4438280166435506
4246,0.323248959778086
4247,0.7602288488210818
4248,0.7063973647711512
4249,0.6140776699029127
4250,0.1531726768377254
4251,6.39372399445215
4252,2.1106969486823854
4253,0.4660194174757281
4254,2.6191920943134535
4255,3.3771671289875176
4256,1.4472954230235784
4257,1.7448855755894592
4258,1.1797850208044383
4259,0.6770110957004161
4260,0.922243411927878
4261,0.8205617198335644
4262,0.9760748959778085
4263,1.6911407766990292
4264,1.1515256588072122
4265,1.4145284327323162
4266,0.7869278779472954
4267,0.41322815533980584
4268,0.8385922330097088
4269,1.0579056865464633
4270,1.0554785020804438
4271,0.3725728155339806
4272,2.979542302357836
4273,1.6871532593619971
4274,1.9856969486823854
4275,0.8771671289875174
4276,0.9718273231622747
4277,0.5539181692094314
4278,1.6483183079056865
4279,1.1577669902912622
4280,1.427097780859917
4281,1.3225554785020803
4282,0.7174063800277393
4283,0.35870319001386963
4284,0.14849167822468792
4285,0.2579750346740638
4286,0.9141816920943134
4287,0.07871012482662967
4288,0.16634882108183077
4289,0.19053398058252427
4290,0.6397364771151178
4291,0.442874479889043
4292,4.3011442441054095
4293,4.26993758668516
4294,3.2233009708737868
4295,1.4970527045769764
4296,1.082004160887656
4297,0.7356969486823856
4298,0.8679785020804438
4299,7.805218446601941
4300,3.0869452149791954
4301,2.6478848821081833
4302,1.1289008321775311
4303,2.458997919556172
4304,0.6161581137309293
4305,3.5324202496532595
4306,0.8658980582524272
4307,1.1653952843273232
4308,0.7994105409153953
4309,15.295336338418862
4310,4.122832871012483
4311,3.553398058252427
4312,2.9441747572815533
4313,3.508408460471567
4314,2.0589459084604718
4315,2.393984049930652
4316,3.383235090152566
4317,1.3497746185852981
4318,0.3567961165048544
4319,1.4850901525658806
4320,1.2129854368932038
4321,4.857749653259362
4322,2.6990291262135924
4323,1.1140776699029127
4324,1.510748959778086
4325,0.7634361997226075
4326,2.752253814147018
4327,1.8330443828016643
4328,0.7009361997226075
4329,1.3485610263522885
4330,7.149531900138696
4331,0.6204923717059639
4332,3.190967406380028
4333,2.341626213592233
4334,1.776872399445215
4335,1.760402219140083
4336,2.358009708737864
4337,1.7210471567267682
4338,1.434119278779473
4339,0.7686373092926491
4340,0.8884361997226075
4341,0.7770457697642164
4342,0.19313453536754507
4343,0.36182385575589454
4344,1.4390603328710125
4345,0.11347087378640777
4346,0.21428571428571427
4347,0.6850728155339806
4348,0.9658460471567267
4349,0.0
4350,6.283027045769764
4351,2.0115291262135924
4352,1.0836511789181693
4353,0.8919902912621359
4354,1.6140776699029127
4355,1.153606102635229
4356,0.6140776699029127
4357,2.7954230235783633
4358,2.53632108183079
4359,2.08997919556172
4360,2.3946775312066575
4361,2.216626213592233
4362,0.4817961165048544
4363,0.694868238557559
4364,1.3075589459084604
4365,0.8163141470180305
4366,0.18463938973647712
4367,12.086685159500693
4368,5.507975034674064
4369,1.5
4370,4.184032593619972
4371,1.4511095700416088
4372,2.3091192787794728
4373,1.452236477115118
4374,1.6768377253814148
4375,1.2379507628294038
4376,0.5346740638002774
4377,1.192874479889043
4378,0.6697295423023578
4379,1.5680478502080444
4380,1.970873786407767
4381,0.7065707350901526
4382,0.9231969486823854
4383,0.15057212205270457
4384,0.8567094313453536
4385,0.511875866851595
4386,0.32532940360610263
4387,0.5539181692094314
4388,1.9050797503467407
4389,1.1244798890429957
4390,0.8983183079056865
4391,1.4750346740638003
4392,0.5069348127600555
4393,0.3723127600554785
4394,0.7538141470180305
4395,0.29455617198335643
4396,1.2520804438280166
4397,0.7521671289875174
4398,0.41296809986130373
4399,0.6048890429958391
4400,0.495752427184466
4401,0.09821428571428571
4402,1.4707871012482663
4403,1.180391816920943
4404,0.1435506241331484
4405,0.20041608876560332
4406,1.000866851595007
4407,0.07541608876560332
4408,5.645891123439668
4409,1.8654646324549238
4410,1.0843446601941746
4411,0.6683425797503467
4412,0.7167128987517337
4413,0.4218966712898752
4414,0.5962205270457698
4415,3.187413314840499
4416,1.8933772538141471
4417,1.5086685159500695
4418,1.649531900138696
4419,0.6939147018030514
4420,2.2405513176144245
4421,0.3603502080443828
4422,0.7171463245492371
4423,0.8494278779472954
4424,0.43671983356449373
4425,5.758495145631068
4426,2.969573509015256
4427,2.6723300970873787
4428,1.5795769764216367
4429,1.0052011095700415
4430,2.0566920943134535
4431,1.504594313453537
4432,0.6844660194174758
4433,0.7465325936199723
4434,1.0527045769764216
4435,0.29013522884882104
4436,0.5147364771151178
4437,0.928138002773925
4438,2.3802877947295418
4439,1.321341886269071
4440,0.5774098474341193
4441,0.41955617198335643
4442,1.6367891816920943
4443,1.953536754507628
4444,0.9589112343966713
4445,1.4085471567267682
4446,1.8040915395284327
4447,1.7838938973647709
4448,2.043255894590846
4449,1.1432905686546464
4450,0.49046463245492367
4451,0.5969140083217753
4452,1.188886962552011
4453,0.8681518723994451
4454,0.4843966712898752
4455,0.4411407766990291
4456,0.5654472954230236
4457,1.0354542302357836
4458,0.20535714285714285
4459,0.5201976421636616
4460,0.6968619972260749
4461,0.22884882108183077
4462,0.6045423023578363
4463,0.18819348127600555
4464,0.9390603328710124
4465,0.6327149791955617
4466,2.15126560332871
4467,1.9283113730929262
4468,1.7402045769764216
4469,0.4550104022191401
4470,0.5520110957004161
4471,0.4500693481276006
4472,0.5480235783633841
4473,1.275745492371706
4474,1.1022018030513177
4475,0.8550624133148405
4476,1.3554091539528432
4477,0.8686719833564494
4478,0.7110783633841886
4479,0.526872399445215
4480,0.46489251040221913
4481,0.4127080443828017
4482,0.28259361997226073
4483,3.7411581137309295
4484,1.410627600554785
4485,1.5072815533980584
4486,1.0469833564493758
4487,1.3934639389736476
4488,1.406640083217753
4489,1.7909153952843273
4490,0.42961165048543687
4491,0.59500693481276
4492,1.1961685159500692
4493,0.3749133148404993
4494,0.32229542302357833
4495,2.158980582524272
4496,1.024878640776699
4497,0.6737170596393898
4498,0.40360610263522884
4499,0.348127600554785
4500,1.1723300970873787
4501,1.0352808599167822
4502,0.6396497919556172
4503,0.1869798890429958
4504,1.8205617198335644
4505,1.4040395284327323
4506,2.1940880721220526
4507,0.7505201109570041
4508,0.647624826629681
4509,0.4900312066574202
4510,0.9328190013869626
4511,0.5963938973647711
4512,0.5151699029126213
4513,0.478502080443828
4514,0.6502253814147019
4515,0.6816920943134535
4516,0.05920596393897365
4517,0.32376907073509015
4518,0.8986650485436893
4519,0.12404646324549237
4520,0.2020631067961165
4521,0.19452149791955617
4522,0.40785367545076284
4523,0.1475381414701803
4524,6.657506934812759
4525,2.7552877947295418
4526,2.0253987517337033
4527,0.38548890429958393
4528,1.4959257975034674
4529,1.2420249653259363
4530,0.9302184466019418
4531,3.4991331484049932
4532,1.9979195561719836
4533,2.241938280166435
4534,1.3471740638002774
4535,1.0899791955617197
4536,2.3155339805825244
4537,0.34648058252427183
4538,0.9100208044382802
4539,0.4791955617198336
4540,1.7275485436893203
4541,12.47971567267684
4542,2.7491331484049932
4543,2.4174757281553396
4544,3.583304438280166
4545,1.629767683772538
4546,4.189147018030513
4547,0.9781553398058253
4548,1.2247746185852981
4549,1.0479368932038835
4550,1.0796636615811372
4551,0.41201456310679613
4552,0.24713938973647712
4553,2.21376560332871
4554,2.4847434119278784
4555,0.328623439667129
4556,0.3004507628294036
4557,0.41201456310679613
4558,1.4423543689320388
4559,0.6253467406380028
4560,1.1574202496532593
4561,0.10783633841886268
4562,4.664701803051318
4563,2.2022364771151177
4564,1.197382108183079
4565,1.6706830790568654
4566,0.9453016643550624
4567,0.391123439667129
4568,0.661494452149792
4569,0.3713592233009709
4570,0.5043342579750346
4571,0.42917822468793343
4572,0.4407073509015257
4573,1.1515256588072122
4574,0.09656726768377254
4575,0.07871012482662967
4576,0.8834084604715673
4577,0.7180131761442441
4578,0.10220180305131762
4579,0.16539528432732314
4580,1.0462031900138697
4581,0.0625
4582,2.9160887656033285
4583,1.6025485436893203
4584,1.0549583911234397
4585,0.5936199722607489
4586,0.8715325936199723
4587,0.8672850208044383
4588,0.6340152565880721
4589,2.5110957004160888
4590,1.3883495145631066
4591,1.6044556171983357
4592,1.2121185852981968
4593,1.0491504854368932
4594,0.4970527045769764
4595,0.3060852981969487
4596,0.3913834951456311
4597,0.2250346740638003
4598,0.3683252427184466
4599,6.972174063800278
4600,2.906986823855756
4601,2.7305825242718447
4602,2.1830790568654646
4603,1.8183079056865465
4604,1.420249653259362
4605,1.2746185852981968
4606,1.5194174757281553
4607,0.7700242718446602
4608,1.2299757281553396
4609,0.7895284327323162
4610,0.260748959778086
4611,1.772884882108183
4612,1.9976595006934814
4613,1.0917995839112344
4614,0.2769590846047157
4615,0.3779472954230236
4616,1.0199375866851594
4617,0.9591712898751734
4618,0.4186026352288488
4619,0.8003640776699029
4620,4.1086165048543695
4621,1.2464459084604715
4622,1.2814667128987516
4623,1.0535714285714286
4624,0.32931692094313453
4625,0.3782073509015257
4626,0.5370145631067962
4627,1.123873092926491
4628,0.44469486823855753
4629,0.39745145631067963
4630,0.5221914008321775
4631,0.4355062413314841
4632,0.05192441054091539
4633,0.03406726768377254
4634,0.6872399445214978
4635,0.8493411927877947
4636,0.20769764216366157
4637,0.13626907073509015
4638,0.30894590846047154
4639,0.23847087378640777
4640,7.376717032967033
4641,2.7201236263736264
4642,1.3186813186813189
4643,0.6717032967032968
4644,0.6596840659340659
4645,0.29739010989010994
4646,0.6387362637362637
4647,2.071428571428571
4648,1.7352335164835164
4649,1.125
4650,1.3200549450549453
4651,1.0154532967032968
4652,1.245879120879121
4653,0.6208791208791209
4654,0.418956043956044
4655,0.3046016483516484
4656,0.228021978021978
4657,4.377747252747253
4658,2.6998626373626378
4659,1.8028846153846154
4660,2.28021978021978
4661,1.0501373626373627
4662,1.5734890109890112
4663,1.7081043956043955
4664,0.9989697802197803
4665,0.678228021978022
4666,0.860576923076923
4667,0.6531593406593406
4668,0.6040521978021978
4669,0.71875
4670,2.17342032967033
4671,1.3873626373626373
4672,0.38255494505494503
4673,0.33035714285714285
4674,0.832760989010989
4675,1.3571428571428572
4676,1.2970467032967032
4677,0.4766483516483516
4678,1.340315934065934
4679,2.5940934065934065
4680,1.4876373626373627
4681,0.7798763736263736
4682,0.7252747252747253
4683,0.6648351648351648
4684,1.0796703296703298
4685,0.4505494505494505
4686,0.6596840659340659
4687,0.6057692307692308
4688,0.668956043956044
4689,0.8372252747252746
4690,0.0625
4691,0.260989010989011
4692,0.32211538461538464
4693,0.15728021978021978
4694,0.35061813186813184
4695,0.22733516483516486
4696,0.5528846153846154
4697,0.5820741758241759
4698,4.348214285714286
4699,1.6744505494505495
4700,0.981456043956044
4701,0.5051510989010989
4702,0.1662087912087912
4703,0.6188186813186813
4704,1.2063873626373627
4705,2.024381868131868
4706,1.5807005494505493
4707,1.335164835164835
4708,0.6466346153846154
4709,1.2194368131868132
4710,0.34512362637362637
4711,0.7692307692307692
4712,0.5614697802197801
4713,0.44436813186813184
4714,0.11126373626373626
4715,5.255837912087912
4716,2.98592032967033
4717,1.0096153846153846
4718,1.9385302197802199
4719,1.8818681318681318
4720,1.2194368131868132
4721,2.182348901098901
4722,1.0133928571428572
4723,0.5703983516483516
4724,0.16380494505494503
4725,0.5357142857142857
4726,0.8588598901098901
4727,3.2654532967032965
4728,0.18063186813186813
4729,1.0264423076923077
4730,1.3389423076923077
4731,0.9979395604395604
4732,0.13289835164835165
4733,0.5020604395604396
4734,0.2668269230769231
4735,0.34512362637362637
4736,0.9742445054945055
4737,1.634271978021978
4738,0.5412087912087913
4739,0.45535714285714285
4740,0.6947115384615384
4741,0.7932692307692308
4742,0.5336538461538461
4743,0.41105769230769235
4744,0.9179258241758241
4745,0.5003434065934066
4746,0.6057692307692308
4747,0.14732142857142858
4748,0.0
4749,0.21634615384615385
4750,0.7726648351648352
4751,0.08241758241758242
4752,0.11263736263736264
4753,0.41929945054945056
4754,0.29876373626373626
4755,0.11263736263736264
4756,5.874656593406593
4757,1.8873626373626373
4758,1.7235576923076923
4759,2.232142857142857
4760,1.1675824175824177
4761,0.7362637362637363
4762,0.8760302197802199
4763,1.8506181318681318
4764,1.3482142857142856
4765,1.8210851648351647
4766,1.1442307692307692
4767,1.6143543956043955
4768,0.3794642857142857
4769,0.8949175824175826
4770,0.8705357142857143
4771,0.6328983516483516
4772,0.34684065934065933
4773,13.340315934065934
4774,2.836195054945055
4775,2.2427884615384617
4776,2.9745879120879124
4777,4.341002747252747
4778,1.8616071428571428
4779,0.6171016483516484
4780,1.8341346153846154
4781,1.2081043956043955
4782,0.5666208791208791
4783,1.008585164835165
4784,1.127403846153846
4785,2.086195054945055
4786,1.130151098901099
4787,1.4172390109890112
4788,1.1634615384615383
4789,0.6607142857142857
4790,0.6291208791208791
4791,1.0525412087912087
4792,1.213598901098901
4793,0.3166208791208791
4794,1.901098901098901
4795,2.118131868131868
4796,1.5171703296703296
4797,1.1195054945054945
4798,0.865728021978022
4799,1.2692307692307692
4800,1.335164835164835
4801,0.8128434065934066
4802,0.7637362637362637
4803,0.7046703296703297
4804,0.740728021978022
4805,0.507554945054945
4806,0.3162774725274725
4807,0.2091346153846154
4808,0.7942994505494506
4809,0.17925824175824176
4810,0.42239010989010994
4811,0.5470467032967032
4812,0.7348901098901098
4813,0.26854395604395603
4814,4.929258241758242
4815,3.896978021978022
4816,2.335508241758242
4817,1.428228021978022
4818,0.9811126373626373
4819,0.8633241758241759
4820,0.9268543956043955
4821,1.0247252747252746
4822,2.534684065934066
4823,1.7623626373626373
4824,0.5669642857142857
4825,1.1188186813186813
4826,0.3430631868131868
4827,0.7208104395604396
4828,0.4498626373626374
4829,0.625
4830,0.17410714285714285
4831,6.716002747252747
4832,1.880837912087912
4833,0.5552884615384616
4834,2.664491758241758
4835,3.537431318681319
4836,1.416208791208791
4837,1.8114697802197803
4838,1.3973214285714286
4839,0.657967032967033
4840,0.8794642857142857
4841,0.9598214285714286
4842,1.0494505494505495
4843,1.7235576923076923
4844,1.1868131868131868
4845,0.4859203296703297
4846,0.6943681318681318
4847,0.4759615384615385
4848,0.5288461538461539
4849,1.2918956043956045
4850,1.0130494505494505
4851,0.3125
4852,2.3083791208791204
4853,1.640453296703297
4854,2.159684065934066
4855,1.008585164835165
4856,0.7850274725274726
4857,0.49244505494505497
4858,1.5130494505494505
4859,1.0096153846153846
4860,1.4107142857142856
4861,1.2706043956043955
4862,0.6328983516483516
4863,0.3200549450549451
4864,0.14835164835164835
4865,0.2287087912087912
4866,0.9124313186813187
4867,0.07142857142857142
4868,0.2383241758241758
4869,0.16105769230769232
4870,0.6377060439560439
4871,0.478021978021978
4872,4.262706043956045
4873,4.679945054945055
4874,3.3918269230769234
4875,1.6085164835164836
4876,1.1902472527472527
4877,0.7942994505494506
4878,0.6957417582417582
4879,7.076923076923077
4880,2.7554945054945055
4881,2.571428571428571
4882,0.9601648351648352
4883,2.080357142857143
4884,0.6116071428571428
4885,3.9505494505494507
4886,0.8822115384615384
4887,1.0350274725274726
4888,0.7149725274725274
4889,13.571428571428571
4890,3.8255494505494507
4891,3.6274038461538463
4892,2.9975961538461537
4893,3.7736950549450547
4894,1.769574175824176
4895,3.019917582417582
4896,2.7850274725274726
4897,1.2750686813186813
4898,0.40384615384615385
4899,1.3303571428571428
4900,1.2884615384615383
4901,4.429258241758241
4902,2.432692307692308
4903,1.283653846153846
4904,1.4584478021978022
4905,1.0171703296703296
4906,2.792582417582418
4907,2.0669642857142856
4908,1.041208791208791
4909,1.1572802197802197
4910,6.748626373626374
4911,0.6624313186813187
4912,2.583447802197802
4913,1.9879807692307692
4914,1.6641483516483517
4915,1.4378434065934065
4916,1.9591346153846154
4917,1.697802197802198
4918,1.6043956043956045
4919,0.9800824175824177
4920,1.1205357142857144
4921,0.7417582417582417
4922,0.20020604395604397
4923,0.3252060439560439
4924,1.4581043956043958
4925,0.06971153846153846
4926,0.22149725274725274
4927,0.5673076923076923
4928,0.8334478021978021
4929,0.0
4930,6.777472527472527
4931,2.1490384615384617
4932,1.0044642857142856
4933,0.9879807692307692
4934,1.5240384615384617
4935,1.0291895604395602
4936,0.826923076923077
4937,2.538118131868132
4938,2.490041208791209
4939,2.3997252747252746
4940,2.017857142857143
4941,1.90625
4942,0.5288461538461539
4943,0.7551510989010989
4944,1.2929258241758241
4945,0.7675137362637363
4946,0.19059065934065933
4947,12.482829670329672
4948,5.521978021978022
4949,1.4278846153846154
4950,4.524725274725275
4951,1.6236263736263736
4952,2.3712225274725274
4953,1.3348214285714286
4954,1.739010989010989
4955,1.2791895604395602
4956,0.4811126373626373
4957,1.0765796703296702
4958,0.6868131868131868
4959,1.644574175824176
4960,2.338942307692308
4961,0.8808379120879121
4962,0.880837912087912
4963,0.3080357142857143
4964,0.9515796703296703
4965,0.6167582417582418
4966,0.3513049450549451
4967,0.5357142857142857
4968,1.934065934065934
4969,1.130151098901099
4970,0.7630494505494505
4971,1.415521978021978
4972,0.582760989010989
4973,0.21050824175824176
4974,0.856456043956044
4975,0.34237637362637363
4976,1.1717032967032968
4977,0.6744505494505495
4978,0.38118131868131866
4979,0.48523351648351654
4980,0.4951923076923077
4981,0.10542582417582418
4982,1.3746565934065935
4983,1.1929945054945055
4984,0.13598901098901098
4985,0.22184065934065933
4986,0.9553571428571429
4987,0.06078296703296703
4988,5.594780219780219
4989,2.135302197802198
4990,1.1201923076923077
4991,0.7654532967032968
4992,0.5820741758241758
4993,0.39010989010989006
4994,0.5638736263736264
4995,3.1847527472527473
4996,1.7651098901098903
4997,1.464629120879121
4998,1.6813186813186811
4999,0.6167582417582418
5000,2.1308379120879124
5001,0.2929258241758242
5002,0.4732142857142857
5003,0.6631181318681318
5004,0.5065247252747253
5005,5.759615384615384
5006,3.3410027472527473
5007,2.53125
5008,1.7214972527472527
5009,0.9340659340659341
5010,2.0442994505494507
5011,1.321085164835165
5012,0.8076923076923077
5013,0.6617445054945056
5014,1.026098901098901
5015,0.31043956043956045
5016,0.5127060439560439
5017,1.087912087912088
5018,2.333447802197802
5019,1.5422390109890112
5020,0.5374313186813187
5021,0.5106456043956044
5022,1.5587225274725274
5023,1.645260989010989
5024,0.8155906593406594
5025,1.23385989010989
5026,1.6541895604395602
5027,1.8506181318681318
5028,1.777129120879121
5029,1.0772664835164836
5030,0.5944368131868132
5031,0.564217032967033
5032,1.01510989010989
5033,0.6291208791208791
5034,0.4021291208791209
5035,0.4158653846153846
5036,0.648695054945055
5037,0.9553571428571428
5038,0.20535714285714285
5039,0.5199175824175823
5040,0.7462225274725275
5041,0.2936126373626373
5042,0.5896291208791209
5043,0.18063186813186813
5044,0.9581043956043955
5045,0.6315247252747253
5046,2.034340659340659
5047,2.1655219780219777
5048,1.526098901098901
5049,0.4948489010989011
5050,0.5618131868131868
5051,0.28777472527472525
5052,0.3777472527472528
5053,1.315934065934066
5054,1.2029532967032968
5055,0.8777472527472527
5056,1.1651785714285714
5057,0.8258928571428572
5058,0.6126373626373627
5059,0.4862637362637362
5060,0.4546703296703297
5061,0.15659340659340656
5062,0.43921703296703296
5063,3.815934065934066
5064,1.6315247252747254
5065,1.6875
5066,1.1404532967032968
5067,1.2967032967032968
5068,1.425824175824176
5069,1.5322802197802197
5070,0.46875
5071,0.43166208791208793
5072,1.1593406593406594
5073,0.4010989010989011
5074,0.3200549450549451
5075,2.278846153846154
5076,1.0817307692307692
5077,0.9790521978021978
5078,0.4811126373626373
5079,0.2589285714285714
5080,1.283653846153846
5081,1.021978021978022
5082,0.6133241758241759
5083,0.17822802197802198
5084,1.7867445054945055
5085,1.4732142857142856
5086,2.042925824175824
5087,0.7015796703296703
5088,0.5703983516483516
5089,0.479739010989011
5090,0.7603021978021978
5091,0.8289835164835165
5092,0.5264423076923077
5093,0.5254120879120879
5094,0.5662774725274726
5095,0.5611263736263736
5096,0.044642857142857144
5097,0.33791208791208793
5098,0.7956730769230769
5099,0.11641483516483517
5100,0.21634615384615385
5101,0.17925824175824176
5102,0.39938186813186816
5103,0.14697802197802198
5104,7.128777472527472
5105,2.730082417582418
5106,2.0333104395604398
5107,0.418956043956044
5108,1.4574175824175826
5109,1.4443681318681318
5110,0.84375
5111,3.414835164835165
5112,1.890796703296703
5113,2.2036401098901095
5114,1.2214972527472527
5115,0.9670329670329669
5116,2.2716346153846154
5117,0.2932692307692308
5118,0.9175824175824175
5119,0.30219780219780223
5120,1.7740384615384617
5121,12.938873626373624
5122,2.758585164835165
5123,2.7115384615384617
5124,3.7530906593406597
5125,1.2496565934065935
5126,4.124313186813187
5127,0.8413461538461539
5128,1.1356456043956045
5129,1.2644230769230769
5130,1.1377060439560438
5131,0.47355769230769235
5132,0.20982142857142858
5133,2.3203983516483517
5134,2.449175824175824
5135,0.5999313186813187
5136,0.2695741758241758
5137,0.09855769230769232
5138,1.6129807692307692
5139,0.6071428571428572
5140,1.380837912087912
5141,0.10027472527472528
5142,4.967376373626374
5143,1.6881868131868132
5144,1.2050137362637363
5145,1.5151098901098903
5146,0.9323489010989011
5147,0.27300824175824173
5148,0.7647664835164835
5149,0.34615384615384615
5150,0.4138049450549451
5151,0.3973214285714286
5152,0.5103021978021978
5153,1.1146978021978022
5154,0.08928571428571429
5155,0.07864010989010989
5156,0.9251373626373627
5157,0.7819368131868132
5158,0.08035714285714286
5159,0.15762362637362637
5160,0.9859203296703297
5161,0.0625
5162,3.282967032967033
5163,1.3822115384615383
5164,1.1263736263736264
5165,0.5535714285714286
5166,0.8155906593406594
5167,0.8973214285714286
5168,0.5140796703296703
5169,2.375686813186813
5170,1.2211538461538463
5171,1.5868818681318682
5172,1.3547390109890112
5173,0.826923076923077
5174,0.4642857142857143
5175,0.28949175824175827
5176,0.3533653846153846
5177,0.28811813186813184
5178,0.4158653846153846
5179,7.336881868131869
5180,2.395947802197802
5181,2.6105769230769234
5182,2.4945054945054945
5183,2.025412087912088
5184,1.3162774725274724
5185,1.352335164835165
5186,1.408653846153846
5187,0.8221153846153846
5188,1.1057692307692308
5189,0.6830357142857143
5190,0.18681318681318682
5191,1.7036401098901097
5192,1.9835164835164836
5193,1.0679945054945055
5194,0.239010989010989
5195,0.4251373626373627
5196,1.1631181318681318
5197,0.9031593406593406
5198,0.5453296703296703
5199,0.96875
5200,3.692307692307692
5201,1.130151098901099
5202,1.2160027472527473
5203,1.1256868131868132
5204,0.2757554945054945
5205,0.3973214285714286
5206,0.4254807692307692
5207,1.1397664835164836
5208,0.4275412087912088
5209,0.2572115384615385
5210,0.5326236263736264
5211,0.39594780219780223
5212,0.05185439560439561
5213,0.04120879120879121
5214,0.7585851648351648
5215,0.8118131868131868
5216,0.20020604395604397
5217,0.16483516483516483
5218,0.2864010989010989
5219,0.2956730769230769
5220,7.355082417582418
5221,2.460508241758242
5222,1.246565934065934
5223,0.7582417582417583
5224,0.7173763736263736
5225,0.4127747252747253
5226,0.5233516483516484
5227,1.9993131868131868
5228,1.7568681318681318
5229,0.8004807692307692
5230,1.384958791208791
5231,0.9938186813186813
5232,1.29635989010989
5233,0.5199175824175825
5234,0.39010989010989006
5235,0.2757554945054945
5236,0.17032967032967034
5237,4.478708791208791
5238,2.382554945054945
5239,2.487980769230769
5240,2.18646978021978
5241,0.8121565934065934
5242,1.5013736263736264
5243,1.556662087912088
5244,0.8835851648351649
5245,0.7214972527472527
5246,0.9110576923076923
5247,0.46565934065934067
5248,0.5896291208791209
5249,0.733173076923077
5250,2.1517857142857144
5251,1.6541895604395602
5252,0.5051510989010989
5253,0.37362637362637363
5254,0.9192994505494505
5255,1.696085164835165
5256,0.9581043956043955
5257,0.42616758241758246
5258,1.4268543956043955
5259,2.1541895604395607
5260,1.4876373626373627
5261,0.7149725274725274
5262,0.7252747252747253
5263,0.5855082417582418
5264,0.9859203296703297
5265,0.40728021978021983
5266,0.5875686813186813
5267,0.7211538461538461
5268,0.6978021978021978
5269,0.793956043956044
5270,0.08413461538461539
5271,0.24656593406593408
5272,0.33653846153846156
5273,0.16449175824175824
5274,0.3361950549450549
5275,0.2417582417582418
5276,0.5384615384615384
5277,0.5315934065934066
5278,4.37706043956044
5279,1.7537774725274726
5280,0.9381868131868132
5281,0.490728021978022
5282,0.20226648351648352
5283,0.5899725274725274
5284,1.7039835164835164
5285,1.6493818681318682
5286,1.4364697802197801
5287,1.2342032967032968
5288,0.8485576923076923
5289,1.1112637362637363
5290,0.36675824175824173
5291,0.5961538461538461
5292,0.43166208791208793
5293,0.4515796703296703
5294,0.1401098901098901
5295,5.436126373626374
5296,3.1517857142857144
5297,1.03125
5298,1.9601648351648353
5299,1.824175824175824
5300,1.1040521978021978
5301,1.886675824175824
5302,0.948489010989011
5303,0.6136675824175825
5304,0.18543956043956042
5305,0.6727335164835165
5306,0.7578983516483515
5307,3.4529532967032965
5308,0.17342032967032966
5309,1.2572115384615383
5310,1.1442307692307692
5311,1.084478021978022
5312,0.18337912087912087
5313,0.5597527472527473
5314,0.10817307692307691
5315,0.27300824175824173
5316,1.0391483516483515
5317,1.4107142857142856
5318,0.48351648351648346
5319,0.4842032967032967
5320,0.7163461538461539
5321,0.8076923076923077
5322,0.5697115384615384
5323,0.34615384615384615
5324,0.9323489010989011
5325,0.334478021978022
5326,0.5264423076923077
5327,0.17616758241758243
5328,0.0
5329,0.19471153846153846
5330,0.7942994505494506
5331,0.06078296703296703
5332,0.11984890109890109
5333,0.3399725274725275
5334,0.28434065934065933
5335,0.17032967032967034
5336,5.773695054945055
5337,2.175824175824176
5338,1.7235576923076923
5339,1.9653159340659339
5340,1.4344093406593406
5341,0.4910714285714286
5342,0.6741071428571428
5343,1.7640796703296702
5344,1.1318681318681318
5345,1.7273351648351647
5346,0.8629807692307692
5347,1.4268543956043955
5348,0.26407967032967034
5349,0.9021291208791209
5350,0.6686126373626373
5351,0.6473214285714286
5352,0.40453296703296704
5353,13.93166208791209
5354,3.1102335164835164
5355,2.1850961538461537
5356,2.9168956043956045
5357,4.542925824175825
5358,1.8760302197802197
5359,0.7036401098901099
5360,1.7403846153846154
5361,1.3234890109890112
5362,0.46565934065934067
5363,0.9220467032967032
5364,1.278846153846154
5365,2.042925824175824
5366,1.1734203296703296
5367,1.431662087912088
5368,0.9975961538461539
5369,0.8914835164835165
5370,0.7300824175824175
5371,1.2328296703296704
5372,1.480425824175824
5373,0.3382554945054945
5374,1.7785027472527473
5375,2.0748626373626373
5376,1.4450549450549453
5377,1.1050824175824174
5378,0.8368818681318682
5379,1.1826923076923077
5380,1.5803571428571428
5381,0.7767857142857143
5382,0.8574862637362637
5383,0.7190934065934066
5384,0.6902472527472527
5385,0.5436126373626373
5386,0.3162774725274725
5387,0.19471153846153846
5388,0.7798763736263736
5389,0.13598901098901098
5390,0.36469780219780223
5391,0.510989010989011
5392,0.8719093406593406
5393,0.31902472527472525
5394,4.712912087912088
5395,4.178228021978022
5396,2.652815934065934
5397,1.3777472527472527
5398,0.8585164835164835
5399,0.7190934065934066
5400,0.9196428571428572
5401,0.9958791208791209
5402,2.5779532967032965
5403,1.4378434065934065
5404,0.6318681318681318
5405,1.270260989010989
5406,0.2348901098901099
5407,0.7568681318681318
5408,0.45707417582417587
5409,0.4807692307692308
5410,0.17410714285714285
5411,7.271291208791209
5412,2.241414835164835
5413,0.6778846153846154
5414,2.614010989010989
5415,3.321085164835165
5416,1.1854395604395604
5417,1.3282967032967032
5418,1.3179945054945055
5419,0.7300824175824175
5420,0.8938873626373627
5421,0.7867445054945055
5422,0.8619505494505495
5423,2.012019230769231
5424,1.2300824175824174
5425,0.7527472527472527
5426,0.6871565934065934
5427,0.375
5428,0.6298076923076923
5429,1.255837912087912
5430,1.222184065934066
5431,0.37740384615384615
5432,2.6905906593406597
5433,1.7197802197802199
5434,1.8784340659340661
5435,0.8715659340659341
5436,0.8643543956043955
5437,0.5717719780219781
5438,1.5202609890109888
5439,1.0889423076923077
5440,1.526098901098901
5441,1.212912087912088
5442,0.748282967032967
5443,0.2839972527472528
5444,0.13392857142857142
5445,0.23592032967032966
5446,0.9052197802197801
5447,0.07864010989010989
5448,0.17342032967032966
5449,0.1826923076923077
5450,0.5800137362637363
5451,0.44917582417582413
5452,4.760302197802198
5453,4.038118131868132
5454,3.6875
5455,1.5580357142857144
5456,1.161401098901099
5457,0.8736263736263737
5458,0.7678571428571428
5459,6.701923076923077
5460,2.531936813186813
5461,2.549793956043956
5462,0.7942994505494506
5463,1.8712225274725274
5464,0.5683379120879121
5465,4.6717032967032965
5466,0.875
5467,0.8835851648351649
5468,0.6717032967032968
5469,14.847870879120878
5470,3.349587912087912
5471,3.634615384615384
5472,2.9975961538461537
5473,3.384271978021978
5474,1.7839972527472527
5475,2.1184752747252746
5476,3.571085164835165
5477,1.3760302197802197
5478,0.46153846153846156
5479,1.3303571428571428
5480,0.9783653846153847
5481,5.143200549450549
5482,2.2596153846153846
5483,1.3052884615384617
5484,1.4296016483516483
5485,0.5628434065934066
5486,3.145947802197802
5487,1.6919642857142856
5488,1.0916895604395602
5489,1.1644917582417582
5490,6.150068681318681
5491,0.5326236263736264
5492,2.612293956043956
5493,2.0384615384615383
5494,1.6785714285714286
5495,1.4811126373626373
5496,2.3774038461538463
5497,1.5679945054945055
5498,1.5322802197802197
5499,0.8358516483516485
5500,1.0339972527472527
5501,0.6191620879120879
5502,0.2146291208791209
5503,0.3179945054945055
5504,1.3932005494505495
5505,0.07692307692307693
5506,0.2503434065934066
5507,0.5168269230769231
5508,0.7973901098901098
5509,0.0
5510,6.640453296703296
5511,1.6730769230769231
5512,1.1919642857142856
5513,1.1033653846153846
5514,1.4375
5515,1.072458791208791
5516,0.71875
5517,2.5092719780219777
5518,2.3169642857142856
5519,1.8588598901098903
5520,1.859203296703297
5521,1.9278846153846154
5522,0.5576923076923077
5523,0.7767857142857143
5524,1.213598901098901
5525,0.6016483516483516
5526,0.12568681318681318
5527,12.879464285714285
5528,5.666208791208791
5529,1.3485576923076923
5530,4.986263736263736
5531,1.5875686813186813
5532,2.3279532967032965
5533,1.2987637362637363
5534,1.6164148351648353
5535,1.3296703296703298
5536,0.538804945054945
5537,1.1054258241758241
5538,0.6219093406593407
5539,1.7888049450549453
5540,2.4975961538461537
5541,0.8952609890109889
5542,1.1043956043956045
5543,0.14938186813186813
5544,0.8578296703296703
5545,0.6023351648351648
5546,0.4522664835164835
5547,0.5573489010989011
5548,2.027815934065934
5549,1.021978021978022
5550,0.7991071428571428
5551,1.5164835164835164
5552,0.6043956043956045
5553,0.26820054945054944
5554,0.6905906593406594
5555,0.34237637362637363
5556,1.272664835164835
5557,0.5879120879120879
5558,0.5542582417582417
5559,0.4635989010989011
5560,0.5024038461538461
5561,0.09821428571428571
5562,1.4395604395604396
5563,1.1497252747252746
5564,0.12156593406593406
5565,0.22184065934065933
5566,0.9553571428571429
5567,0.06799450549450549
5568,5.594780219780219
5569,1.7242445054945055
5570,1.2067307692307692
5571,0.6644917582417582
5572,0.6397664835164835
5573,0.3179945054945055
5574,0.6287774725274726
5575,2.6438873626373627
5576,1.6641483516483517
5577,1.6377060439560438
5578,1.537087912087912
5579,0.6239697802197801
5580,2.051510989010989
5581,0.2496565934065934
5582,0.40831043956043955
5583,0.5910027472527473
5584,0.549793956043956
5585,5.471153846153847
5586,2.9660027472527473
5587,3.0072115384615388
5588,1.6638049450549453
5589,1.1143543956043955
5590,1.8351648351648353
5591,1.400412087912088
5592,0.778846153846154
5593,0.7554945054945056
5594,0.8458104395604396
5595,0.2599587912087912
5596,0.3828983516483516
5597,1.5422390109890112
5598,2.1315247252747254
5599,1.4412774725274726
5600,0.5230082417582418
5601,0.32314560439560436
5602,1.6741071428571428
5603,1.8255494505494507
5604,1.0247252747252746
5605,1.42135989010989
5606,1.6902472527472527
5607,1.713598901098901
5608,1.9069368131868132
5609,1.0195741758241759
5610,0.5728021978021978
5611,0.48489010989010994
5612,1.0006868131868132
5613,0.7300824175824175
5614,0.46703296703296704
5615,0.3870192307692308
5616,0.7857142857142857
5617,1.0491071428571428
5618,0.21978021978021978
5619,0.5343406593406593
5620,0.7029532967032968
5621,0.25755494505494503
5622,0.6401098901098902
5623,0.19505494505494503
5624,0.8355082417582417
5625,0.6098901098901098
5626,2.1785714285714284
5627,2.230425824175824
5628,1.5333104395604398
5629,0.5597527472527473
5630,0.6339285714285714
5631,0.35989010989010994
5632,0.3561126373626374
5633,1.2077609890109888
5634,1.1957417582417582
5635,0.8200549450549451
5636,1.07864010989011
5637,0.6311813186813187
5638,0.648695054945055
5639,0.3492445054945055
5640,0.3176510989010989
5641,0.271978021978022
5642,0.4103708791208791
5643,3.412087912087912
5644,1.487293956043956
5645,1.629807692307692
5646,1.4000686813186811
5647,1.210164835164835
5648,1.4979395604395602
5649,1.503434065934066
5650,0.7716346153846153
5651,0.49656593406593413
5652,0.950206043956044
5653,0.2929258241758242
5654,0.3561126373626374
5655,2.185096153846154
5656,1.0528846153846154
5657,0.8492445054945056
5658,0.4739010989010989
5659,0.23729395604395603
5660,1.341346153846154
5661,1.1373626373626373
5662,0.7647664835164835
5663,0.17822802197802198
5664,1.8372252747252746
5665,1.588598901098901
5666,2.0501373626373627
5667,0.7160027472527473
5668,0.606456043956044
5669,0.5157967032967032
5670,0.7891483516483516
5671,0.6631181318681318
5672,0.5480769230769231
5673,0.4532967032967033
5674,0.5157967032967032
5675,0.6476648351648351
5676,0.044642857142857144
5677,0.3090659340659341
5678,0.8677884615384616
5679,0.09478021978021979
5680,0.23076923076923078
5681,0.1504120879120879
5682,0.4065934065934066
5683,0.11813186813186813
5684,6.003777472527473
5685,2.665178571428571
5686,2.1847527472527473
5687,0.3973214285714286
5688,1.6016483516483517
5689,1.228021978021978
5690,0.7211538461538461
5691,3.126373626373627
5692,2.107142857142857
5693,2.196428571428571
5694,1.3729395604395602
5695,0.981456043956044
5696,2.019230769230769
5697,0.2860576923076923
5698,0.831043956043956
5699,0.32383241758241754
5700,1.7740384615384617
5701,13.126373626373624
5702,2.5494505494505493
5703,2.71875
5704,4.027129120879121
5705,1.6174450549450547
5706,4.362293956043955
5707,0.7259615384615384
5708,1.2005494505494505
5709,1.1418269230769231
5710,0.9429945054945055
5711,0.3870192307692308
5712,0.2603021978021978
5713,2.0247252747252746
5714,2.4996565934065935
5715,0.5782967032967032
5716,0.2839972527472528
5717,0.20673076923076925
5718,1.7283653846153846
5719,0.8451236263736264
5720,1.2149725274725276
5721,0.17960164835164832
5722,4.967376373626374
5723,1.717032967032967
5724,1.342032967032967
5725,1.464629120879121
5726,0.9251373626373627
5727,0.28743131868131866
5728,0.6565934065934066
5729,0.31009615384615385
5730,0.47149725274725274
5731,0.40453296703296704
5732,0.5824175824175825
5733,1.1507554945054945
5734,0.11813186813186813
5735,0.07864010989010989
5736,0.8890796703296703
5737,0.7242445054945055
5738,0.11641483516483517
5739,0.22252747252747251
5740,0.9714972527472527
5741,0.08413461538461539
5742,2.1796016483516483
5743,1.8076923076923077
5744,0.9677197802197801
5745,0.5824175824175825
5746,0.7362637362637362
5747,0.810782967032967
5748,0.665521978021978
5749,2.433379120879121
5750,1.1778846153846154
5751,1.3921703296703296
5752,1.2609890109890112
5753,0.9134615384615384
5754,0.47149725274725274
5755,0.3471840659340659
5756,0.375
5757,0.259271978021978
5758,0.3076923076923077
5759,7.812843406593407
5760,2.677197802197802
5761,2.8197115384615383
5762,2.487293956043956
5763,2.06146978021978
5764,1.5975274725274726
5765,1.2657967032967032
5766,1.4302884615384617
5767,0.7427884615384616
5768,1.0120192307692308
5769,0.5604395604395604
5770,0.2445054945054945
5771,1.112293956043956
5772,2.019574175824176
5773,1.0824175824175826
5774,0.2534340659340659
5775,0.44677197802197804
5776,1.134271978021978
5777,0.9103708791208791
5778,0.5885989010989011
5779,0.9326923076923077
5780,3.8365384615384617
5781,1.317651098901099
5782,1.1943681318681318
5783,1.1617445054945055
5784,0.29739010989010994
5785,0.2819368131868132
5786,0.5336538461538461
5787,1.067651098901099
5788,0.43475274725274726
5789,0.2572115384615385
5790,0.4893543956043956
5791,0.3743131868131868
5792,0.044642857142857144
5793,0.026785714285714284
5794,0.7008928571428571
5795,0.8118131868131868
5796,0.20741758241758243
5797,0.15762362637362637
5798,0.2647664835164835
5799,0.2668269230769231
5800,7.383928571428571
5801,2.446085164835165
5802,1.3475274725274726
5803,0.6933379120879121
5804,0.832760989010989
5805,0.4416208791208791
5806,0.6098901098901098
5807,1.9199862637362637
5808,1.432348901098901
5809,0.8149038461538461
5810,1.7671703296703298
5811,0.7846840659340659
5812,1.1809752747252746
5813,0.5992445054945056
5814,0.3324175824175824
5815,0.3046016483516484
5816,0.44436813186813184
5817,4.478708791208791
5818,2.274381868131868
5819,2.098557692307692
5820,2.539835164835165
5821,0.8770604395604396
5822,1.5662774725274726
5823,1.6576236263736264
5824,0.775412087912088
5825,0.6493818681318682
5826,0.8028846153846154
5827,0.4945054945054945
5828,0.5679945054945056
5829,0.6826923076923077
5830,2.5772664835164836
5831,1.2503434065934065
5832,0.38976648351648346
5833,0.3159340659340659
5834,1.099587912087912
5835,1.8475274725274726
5836,1.152815934065934
5837,0.46222527472527475
5838,1.5494505494505495
5839,2.5580357142857144
5840,1.7256181318681318
5841,0.895260989010989
5842,0.9416208791208791
5843,0.47733516483516486
5844,1.209478021978022
5845,0.44333791208791207
5846,0.645260989010989
5847,0.670673076923077
5848,0.7987637362637363
5849,0.8949175824175823
5850,0.0625
5851,0.28262362637362637
5852,0.3004807692307692
5853,0.15728021978021978
5854,0.31456043956043955
5855,0.26339285714285715
5856,0.5168269230769231
5857,0.5964972527472527
5858,4.636675824175825
5859,2.135989010989011
5860,0.981456043956044
5861,0.6133241758241759
5862,0.17342032967032966
5863,0.5971840659340659
5864,1.776098901098901
5865,1.7431318681318682
5866,1.3571428571428572
5867,1.1260302197802197
5868,0.7115384615384616
5869,1.1978021978021978
5870,0.28743131868131866
5871,0.6538461538461539
5872,0.43166208791208793
5873,0.4010989010989011
5874,0.16174450549450547
5875,5.832760989010989
5876,3.4763049450549453
5877,0.8942307692307692
5878,2.2558379120879124
5879,1.7160027472527473
5880,1.2410714285714286
5881,2.398695054945055
5882,0.7898351648351648
5883,0.5415521978021978
5884,0.14938186813186813
5885,0.6222527472527473
5886,0.7578983516483515
5887,3.553914835164835
5888,0.21668956043956042
5889,1.5889423076923077
5890,1.2596153846153846
5891,1.4955357142857144
5892,0.16895604395604397
5893,0.6174450549450549
5894,0.20192307692307693
5895,0.22252747252747251
5896,0.8804945054945055
5897,1.5188873626373627
5898,0.5339972527472527
5899,0.31833791208791207
5900,0.7884615384615384
5901,0.6129807692307692
5902,0.6201923076923077
5903,0.4471153846153846
5904,0.9179258241758241
5905,0.5868818681318682
5906,0.7067307692307692
5907,0.21222527472527472
5908,0.0
5909,0.22355769230769232
5910,0.7438186813186813
5911,0.06078296703296703
5912,0.13427197802197802
5913,0.44814560439560436
5914,0.3203983516483516
5915,0.1559065934065934
5916,6.696771978021978
5917,2.1686126373626373
5918,2.098557692307692
5919,2.059065934065934
5920,1.470467032967033
5921,0.6353021978021978
5922,0.8688186813186813
5923,1.6559065934065935
5924,1.478021978021978
5925,1.9508928571428572
5926,0.9639423076923077
5927,1.1888736263736264
5928,0.3073489010989011
5929,0.9958791208791209
5930,0.6181318681318682
5931,0.4453983516483516
5932,0.418956043956044
5933,14.72493131868132
5934,3.449175824175824
5935,2.25
5936,3.522664835164835
5937,4.773695054945055
5938,1.9481456043956045
5939,0.7469093406593407
5940,1.689903846153846
5941,1.3234890109890112
5942,0.5233516483516484
5943,0.8427197802197801
5944,1.2283653846153846
5945,1.7111950549450547
5946,1.2022664835164834
5947,1.539835164835165
5948,1.2572115384615383
5949,0.7688873626373627
5950,0.7156593406593406
5951,1.0381181318681318
5952,1.3001373626373627
5953,0.38152472527472525
5954,2.0813873626373627
5955,1.988324175824176
5956,1.3585164835164836
5957,0.9752747252747254
5958,0.959478021978022
5959,1.1394230769230769
5960,1.537087912087912
5961,0.9065934065934066
5962,0.9368131868131868
5963,0.6974587912087913
5964,0.7118818681318682
5965,0.4642857142857143
5966,0.3162774725274725
5967,0.20192307692307693
5968,0.7149725274725275
5969,0.12156593406593406
5970,0.3358516483516484
5971,0.42445054945054944
5972,0.8070054945054945
5973,0.2757554945054945
5974,4.785027472527473
5975,4.243131868131868
5976,2.4581043956043955
5977,1.536401098901099
5978,0.9089972527472527
5979,0.9065934065934066
5980,0.9268543956043955
5981,0.981456043956044
5982,2.332760989010989
5983,1.4955357142857144
5984,0.4515796703296703
5985,0.9962225274725275
5986,0.2709478021978022
5987,0.742445054945055
5988,0.49313186813186816
5989,0.3870192307692307
5990,0.145260989010989
5991,7.458791208791209
5992,2.522664835164835
5993,0.641826923076923
5994,3.03228021978022
5995,3.825892857142857
5996,1.3585164835164836
5997,1.696085164835165
5998,1.3540521978021978
5999,0.7156593406593406
6000,0.9587912087912087
6001,0.8300137362637363
6002,1.0855082417582418
6003,1.8533653846153846
6004,1.3094093406593406
6005,1.2791895604395602
6006,0.7015796703296703
6007,0.4759615384615385
6008,0.59375
6009,1.3423763736263736
6010,0.926510989010989
6011,0.4206730769230769
6012,2.748282967032967
6013,1.7269917582417582
6014,2.015453296703297
6015,0.8787774725274726
6016,0.8715659340659341
6017,0.5068681318681318
6018,1.5707417582417582
6019,0.9807692307692308
6020,1.4684065934065935
6021,1.3643543956043955
6022,0.8276098901098902
6023,0.3777472527472528
6024,0.14835164835164835
6025,0.2287087912087912
6026,0.9196428571428571
6027,0.07142857142857142
6028,0.18063186813186813
6029,0.16826923076923078
6030,0.6016483516483516
6031,0.4635989010989011
6032,4.825206043956045
6033,6.078983516483516
6034,3.637019230769231
6035,1.738324175824176
6036,1.1830357142857144
6037,1.0322802197802197
6038,0.7317994505494505
6039,6.40625
6040,2.935782967032967
6041,2.376717032967033
6042,0.8375686813186813
6043,2.087568681318681
6044,0.5971840659340659
6045,3.7630494505494507
6046,0.6514423076923077
6047,0.7754120879120879
6048,0.707760989010989
6049,16.29739010989011
6050,4.121222527472527
6051,3.7355769230769234
6052,3.3509615384615383
6053,3.521291208791209
6054,1.7767857142857144
6055,2.522321428571429
6056,3.2970467032967035
6057,1.4265109890109888
6058,0.41105769230769235
6059,1.2798763736263736
6060,0.8846153846153847
6061,4.652815934065933
6062,2.512019230769231
6063,1.7379807692307694
6064,1.5521978021978022
6065,0.5844780219780219
6066,2.6699862637362637
6067,2.04532967032967
6068,1.3729395604395602
6069,1.0130494505494505
6070,6.993818681318681
6071,0.5182005494505495
6072,3.023351648351648
6073,1.9302884615384617
6074,1.9093406593406594
6075,1.5315934065934065
6076,2.449519230769231
6077,1.9718406593406592
6078,1.5467032967032968
6079,0.8863324175824177
6080,1.0123626373626373
6081,0.6263736263736263
6082,0.17857142857142858
6083,0.34684065934065933
6084,1.414835164835165
6085,0.07692307692307693
6086,0.2503434065934066
6087,0.71875
6088,0.8695054945054945
6089,0.0
6090,7.484203296703296
6091,2.105769230769231
6092,1.1847527472527473
6093,1.3629807692307692
6094,1.7692307692307692
6095,1.2743818681318682
6096,0.9134615384615384
6097,2.682348901098901
6098,2.4467719780219777
6099,1.8804945054945055
6100,2.190934065934066
6101,1.7620192307692308
6102,0.5
6103,0.9354395604395604
6104,1.1414835164835164
6105,0.6665521978021978
6106,0.19780219780219782
6107,13.665521978021978
6108,6.336881868131868
6109,1.78125
6110,5.887706043956045
6111,1.796703296703297
6112,2.364010989010989
6113,1.5223214285714286
6114,1.551510989010989
6115,1.5892857142857144
6116,0.5027472527472527
6117,1.3145604395604398
6118,0.6363324175824175
6119,1.9402472527472527
6120,2.7427884615384617
6121,1.0827609890109888
6122,1.0250686813186813
6123,0.19265109890109888
6124,1.023695054945055
6125,0.6456043956043955
6126,0.6253434065934066
6127,0.6366758241758241
6128,2.3018543956043955
6129,1.130151098901099
6130,0.8279532967032968
6131,1.5164835164835164
6132,0.7630494505494505
6133,0.30425824175824173
6134,0.9502060439560439
6135,0.3784340659340659
6136,1.2077609890109888
6137,0.6383928571428572
6138,0.3739697802197802
6139,0.478021978021978
6140,0.44471153846153844
6141,0.11984890109890109
6142,1.5693681318681318
6143,1.1857829670329672
6144,0.16483516483516483
6145,0.20020604395604397
6146,0.9481456043956045
6147,0.07520604395604395
6148,5.803914835164836
6149,2.135302197802198
6150,1.2572115384615383
6151,0.7221840659340659
6152,0.6397664835164835
6153,0.5487637362637362
6154,0.6792582417582418
6155,2.5717719780219777
6156,1.7290521978021978
6157,1.6304945054945055
6158,1.5010302197802197
6159,0.6095467032967032
6160,2.159684065934066
6161,0.2496565934065934
6162,0.3866758241758242
6163,0.6775412087912087
6164,0.5065247252747253
6165,6.076923076923077
6166,3.2256181318681323
6167,2.7836538461538463
6168,2.197458791208791
6169,0.9845467032967032
6170,1.9793956043956045
6171,1.3571428571428572
6172,0.6778846153846154
6173,0.762706043956044
6174,1.0116758241758241
6175,0.38255494505494503
6176,0.45501373626373626
6177,1.0662774725274724
6178,2.5065247252747254
6179,1.289835164835165
6180,0.4364697802197802
6181,0.47458791208791207
6182,2.0130494505494507
6183,1.5875686813186813
6184,0.9165521978021978
6185,1.3348214285714286
6186,1.740728021978022
6187,1.807348901098901
6188,1.9574175824175826
6189,1.1493818681318682
6190,0.6593406593406594
6191,0.5281593406593407
6192,1.0006868131868132
6193,0.5858516483516484
6194,0.38770604395604397
6195,0.4375
6196,0.7929258241758241
6197,0.9625686813186813
6198,0.22699175824175824
6199,0.5559752747252746
6200,0.6596840659340659
6201,0.22149725274725274
6202,0.7482829670329672
6203,0.1878434065934066
6204,0.9004120879120878
6205,0.6098901098901098
6206,2.503090659340659
6207,2.0717719780219777
6208,1.9299450549450547
6209,0.5381181318681318
6210,0.48969780219780223
6211,0.28777472527472525
6212,0.3705357142857143
6213,1.0418956043956045
6214,0.9721840659340659
6215,0.7623626373626373
6216,1.0209478021978022
6217,0.5590659340659341
6218,0.5477335164835165
6219,0.47905219780219777
6220,0.303228021978022
6221,0.19986263736263735
6222,0.41758241758241754
6223,3.614010989010989
6224,1.689217032967033
6225,1.6370192307692306
6226,1.5154532967032968
6227,1.8664148351648349
6228,1.505151098901099
6229,1.4313186813186811
6230,0.670673076923077
6231,0.35233516483516486
6232,1.1593406593406594
6233,0.3073489010989011
6234,0.3777472527472528
6235,3.8221153846153846
6236,1.03125
6237,0.9646291208791209
6238,0.44505494505494503
6239,0.2949862637362637
6240,1.5865384615384617
6241,0.9354395604395604
6242,0.49793956043956045
6243,0.2936126373626374
6244,1.873282967032967
6245,1.6390796703296702
6246,2.2520604395604393
6247,0.6583104395604396
6248,0.5415521978021978
6249,0.49416208791208793
6250,0.8756868131868132
6251,0.6847527472527473
6252,0.5192307692307692
6253,0.38118131868131866
6254,0.6383928571428572
6255,0.6404532967032968
6256,0.044642857142857144
6257,0.29464285714285715
6258,0.8173076923076923
6259,0.08756868131868133
6260,0.23076923076923078
6261,0.16483516483516483
6262,0.39938186813186816
6263,0.1253434065934066
6264,7.071085164835164
6265,2.715659340659341
6266,1.9107142857142856
6267,0.44059065934065933
6268,1.6088598901098903
6269,1.1703296703296702
6270,1.0168269230769231
6271,3.3282967032967035
6272,1.8114697802197801
6273,2.0882554945054945
6274,1.1854395604395602
6275,0.8588598901098901
6276,2.206730769230769
6277,0.2860576923076923
6278,0.7012362637362637
6279,0.2949862637362637
6280,1.8173076923076923
6281,12.68646978021978
6282,2.8595467032967035
6283,2.495192307692308
6284,4.769917582417582
6285,2.0501373626373627
6286,4.477678571428571
6287,0.9495192307692308
6288,1.2005494505494505
6289,1.278846153846154
6290,1.2242445054945055
6291,0.3870192307692308
6292,0.2603021978021978
6293,2.5655906593406597
6294,2.5140796703296706
6295,0.5494505494505494
6296,0.334478021978022
6297,0.1923076923076923
6298,1.6706730769230769
6299,0.7081043956043955
6300,0.9409340659340659
6301,0.23729395604395603
6302,5.912087912087912
6303,2.012706043956044
6304,1.4862637362637363
6305,1.623282967032967
6306,1.1486950549450547
6307,0.32348901098901095
6308,0.7287087912087913
6309,0.3966346153846154
6310,0.507554945054945
6311,0.3973214285714286
6312,0.7338598901098902
6313,1.2589285714285714
6314,0.11092032967032966
6315,0.07864010989010989
6316,0.9323489010989011
6317,0.7098214285714286
6318,0.08035714285714286
6319,0.15762362637362637
6320,0.9570741758241759
6321,0.09855769230769232
6322,2.677197802197802
6323,1.5120192307692308
6324,0.9965659340659341
6325,0.5896291208791209
6326,0.8228021978021978
6327,0.7675137362637363
6328,0.665521978021978
6329,2.2675137362637363
6330,1.278846153846154
6331,1.4931318681318682
6332,1.2609890109890112
6333,1.0288461538461537
6334,0.3921703296703297
6335,0.2534340659340659
6336,0.28125
6337,0.17994505494505497
6338,0.4158653846153846
6339,8.346497252747252
6340,2.929601648351648
6341,2.8125
6342,3.085851648351648
6343,1.8739697802197801
6344,1.6984890109890112
6345,1.4532967032967032
6346,1.25
6347,0.7283653846153846
6348,1.1201923076923077
6349,0.6397664835164835
6350,0.17960164835164832
6351,1.660370879120879
6352,2.3152472527472527
6353,1.3348214285714286
6354,0.2967032967032967
6355,0.3890796703296703
6356,1.1703296703296704
6357,1.112293956043956
6358,0.3722527472527472
6359,0.983173076923077
6360,4.6298076923076925
6361,1.223901098901099
6362,1.2736950549450547
6363,1.1617445054945055
6364,0.46325549450549447
6365,0.2819368131868132
6366,0.5625
6367,1.1902472527472527
6368,0.43475274725274726
6369,0.27884615384615385
6370,0.6480082417582417
6371,0.3743131868131868
6372,0.044642857142857144
6373,0.026785714285714284
6374,0.7802197802197801
6375,0.8334478021978021
6376,0.20741758241758243
6377,0.12156593406593406
6378,0.2503434065934066
6379,0.2956730769230769
6380,8.894850901525658
6381,2.828016643550624
6382,1.7800797503467407
6383,0.7065707350901526
6384,0.642250346740638
6385,0.4094140083217753
6386,0.6727635228848821
6387,1.91123439667129
6388,1.5071948682385576
6389,1.0321601941747574
6390,1.8392857142857144
6391,0.9492891816920943
6392,1.2981102635228847
6393,0.647624826629681
6394,0.34908113730929263
6395,0.3074722607489598
6396,0.49869972260748957
6397,5.19244105409154
6398,2.8289701803051317
6399,2.453883495145631
6400,2.928138002773925
6401,1.363384188626907
6402,1.7084778085991679
6403,1.7345700416088765
6404,0.9997399445214978
6405,0.6105235783633841
6406,0.8658980582524272
6407,0.5198509015256588
6408,0.8776005547850209
6409,1.0364077669902914
6410,2.8799410540915398
6411,1.381761442441054
6412,0.45032940360610263
6413,0.41955617198335643
6414,0.9189493758668517
6415,1.7958564493758669
6416,0.8334778085991679
6417,0.5820908460471567
6418,1.7509535367545077
6419,2.6645284327323164
6420,1.759015256588072
6421,0.82125520110957
6422,0.8984916782246879
6423,0.6107836338418863
6424,1.2100381414701804
6425,0.45475034674063797
6426,0.7369105409153953
6427,0.7918689320388349
6428,0.8921636615811374
6429,0.9589112343966713
6430,0.06978155339805825
6431,0.24670596393897365
6432,0.36650485436893204
6433,0.18654646324549237
6434,0.3439667128987517
6435,0.22061373092926492
6436,0.583131067961165
6437,0.5037274618585298
6438,5.504160887656033
6439,2.210904993065187
6440,0.9443481276005548
6441,0.5304264909847434
6442,0.20275658807212205
6443,0.6744105409153953
6444,1.62248613037448
6445,2.0674410540915398
6446,1.8013176144244105
6447,1.2071775312066575
6448,0.7597087378640777
6449,1.2337898751733702
6450,0.36927877947295423
6451,0.7451456310679612
6452,0.361997226074896
6453,0.396757975034674
6454,0.17735783633841887
6455,6.543342579750346
6456,3.4867371705963937
6457,0.7427184466019418
6458,2.613124133148405
6459,1.755981276005548
6460,1.264736477115118
6461,2.255374479889043
6462,0.8595700416088765
6463,0.5602461858529819
6464,0.2088245492371706
6465,0.5539181692094314
6466,0.6603675450762829
6467,3.852808599167822
6468,0.20275658807212205
6469,0.7639563106796117
6470,1.3713592233009708
6471,1.25251386962552
6472,0.2501733703190014
6473,0.5351074895977809
6474,0.1529126213592233
6475,0.3765603328710125
6476,0.9953190013869626
6477,1.5290395284327323
6478,0.5377080443828016
6479,0.48812413314840497
6480,0.7366504854368932
6481,0.6972087378640777
6482,0.6899271844660194
6483,0.3859223300970874
6484,0.9453016643550624
6485,0.6354022191400832
6486,0.6826456310679612
6487,0.22832871012482664
6488,0.0
6489,0.2020631067961165
6490,0.7302357836338419
6491,0.06813453536754507
6492,0.16374826629681
6493,0.39164355062413314
6494,0.3430131761442441
6495,0.14190360610263522
6496,7.538141470180305
6497,2.6372226074895977
6498,2.1061893203883493
6499,2.3213418862690705
6500,1.6260402219140082
6501,0.8951976421636616
6502,0.9262309292649098
6503,1.9204230235783633
6504,1.6412968099861303
6505,2.634448682385576
6506,1.058252427184466
6507,1.6399098474341194
6508,0.396757975034674
6509,1.0553918169209433
6510,0.5710818307905686
6511,0.7756588072122053
6512,0.2981102635228849
6513,16.268550624133148
6514,3.9908113730929267
6515,2.8616504854368934
6516,4.106449375866852
6517,4.972607489597781
6518,1.9116678224687933
6519,0.8384188626907074
6520,2.216626213592233
6521,1.565880721220527
6522,0.6145110957004161
6523,0.9936719833564494
6524,1.2955097087378642
6525,1.9064667128987516
6526,1.5031206657420249
6527,0.8304438280166435
6528,1.4265776699029127
6529,1.3706657420249653
6530,1.2012829403606102
6531,1.3209084604715673
6532,1.3457871012482663
6533,0.4500693481276006
6534,2.3955443828016643
6535,2.415135228848821
6536,1.4746012482662967
6537,1.1794382801664356
6538,1.0838245492371705
6539,1.4162621359223302
6540,1.75875520110957
6541,1.0389216366158114
6542,1.2419382801664356
6543,1.0006934812760055
6544,0.7968099861303745
6545,0.4315187239944522
6546,0.35289528432732314
6547,0.23847087378640777
6548,0.7229542302357836
6549,0.1435506241331484
6550,0.43065187239944525
6551,0.5276525658807212
6552,0.7941227461858529
6553,0.356622746185853
6554,5.685419556171983
6555,4.8860090152565885
6556,3.123526352288488
6557,1.6645284327323164
6558,1.0674410540915396
6559,0.9424410540915396
6560,0.9469486823855755
6561,1.022624826629681
6562,2.930478502080444
6563,1.7458391123439667
6564,0.5696948682385575
6565,1.2545076282940362
6566,0.2795596393897365
6567,0.8111997226074896
6568,0.6044556171983356
6569,0.7160194174757282
6570,0.16045423023578365
6571,8.6874133148405
6572,2.4893377253814144
6573,0.6043689320388349
6574,4.126473647711512
6575,3.894157420249653
6576,1.6002080443828017
6577,1.7084778085991679
6578,1.4492024965325936
6579,1.0265256588072122
6580,1.1406900138696254
6581,0.8278432732316228
6582,1.1508321775312067
6583,2.5576456310679614
6584,1.4209431345353676
6585,0.6062760055478502
6586,0.7359570041608876
6587,0.7918689320388349
6588,0.8240291262135923
6589,1.6914008321775311
6590,0.8443134535367545
6591,0.39441747572815533
6592,3.722260748959778
6593,2.3570561719833565
6594,2.859483356449376
6595,1.0009535367545077
6596,1.270371012482663
6597,0.6777045769764216
6598,2.0633668515950068
6599,1.616504854368932
6600,1.6455443828016643
6601,1.6356622746185854
6602,0.8848821081830791
6603,0.4169556171983356
6604,0.14121012482662967
6605,0.23613037447988902
6606,0.8559292649098473
6607,0.07142857142857142
6608,0.15906726768377252
6609,0.20509708737864077
6610,0.5887656033287101
6611,0.46471914008321774
6612,5.262309292649099
6613,6.803918169209431
6614,3.733009708737864
6615,1.628120665742025
6616,1.489771151178918
6617,1.2308425797503466
6618,0.6568134535367545
6619,6.530946601941747
6620,2.868498613037448
6621,2.45128294036061
6622,1.063366851595007
6623,2.3133668515950068
6624,0.6015950069348127
6625,3.255721220527046
6626,0.8513349514563107
6627,0.699375866851595
6628,0.9596047156726768
6629,15.375433425797503
6630,4.596133841886269
6631,3.7063106796116507
6632,4.211165048543689
6633,3.4720006934812764
6634,2.3283633841886267
6635,2.241071428571429
6636,2.8808079056865465
6637,1.4080270457697641
6638,0.40048543689320387
6639,1.5943134535367545
6640,1.1620145631067962
6641,5.221827323162274
6642,2.8737864077669903
6643,1.3907766990291264
6644,1.6345353675450762
6645,0.4794556171983356
6646,2.8760402219140087
6647,1.8039181692094313
6648,1.06501386962552
6649,1.333997919556172
6650,7.2733183079056865
6651,0.562239944521498
6652,2.9433945908460473
6653,2.0722087378640777
6654,2.0826976421636614
6655,1.4837031900138697
6656,2.5327669902912624
6657,2.1652219140083218
6658,1.6307212205270456
6659,0.9433945908460473
6660,1.1724167822468794
6661,0.7187933425797502
6662,0.20041608876560332
6663,0.3399791955617198
6664,1.4681865464632455
6665,0.0770631067961165
6666,0.22884882108183077
6667,0.5685679611650485
6668,1.060506241331484
6669,0.0
6670,9.479628987517337
6671,2.6304611650485437
6672,1.542389042995839
6673,1.3434466019417477
6674,2.0800970873786406
6675,1.2701109570041609
6676,0.7888349514563107
6677,3.1522191400832176
6678,2.4853502080443826
6679,1.9880374479889042
6680,2.4310852981969484
6681,1.9253640776699028
6682,0.7366504854368932
6683,0.9934119278779473
6684,1.5114424410540916
6685,0.9182558945908461
6686,0.24289181692094314
6687,15.807558945908461
6688,7.342926490984744
6689,1.900485436893204
6690,7.336945214979195
6691,2.0481969486823854
6692,2.833391123439667
6693,1.7216539528432733
6694,1.6914008321775311
6695,1.565620665742025
6696,0.5128294036061026
6697,1.338505547850208
6698,0.9609916782246879
6699,2.674843966712899
6700,3.6601941747572813
6701,1.303658113730929
6702,1.4765950069348126
6703,0.4491158113730929
6704,1.126126907073509
6705,0.65750693481276
6706,0.623873092926491
6707,0.830617198335645
6708,2.924497226074896
6709,1.4303051317614424
6710,1.1677357836338418
6711,1.700762829403606
6712,1.0894590846047156
6713,0.3650312066574202
6714,1.0742024965325936
6715,0.5202843273231623
6716,1.3685852981969486
6717,0.7594486823855755
6718,0.4275312066574202
6719,0.6995492371705964
6720,0.45934466019417475
6721,0.10549583911234396
6722,1.4926317614424411
6723,1.114857836338419
6724,0.12170596393897364
6725,0.22954230235783635
6726,1.000866851595007
6727,0.06813453536754507
6728,6.1483183079056865
6729,2.3606102635228847
6730,1.2736650485436893
6731,0.7775658807212205
6732,0.6438973647711511
6733,0.6112170596393898
6734,0.778259361997226
6735,2.68498613037448
6736,1.8715325936199723
6737,1.7489597780859918
6738,1.3145804438280166
6739,0.5774098474341193
6740,1.9347260748959778
6741,0.3020977808599168
6742,0.3457871012482663
6743,0.5945735090152566
6744,0.8372052704576975
6745,6.224514563106796
6746,3.2462725381414703
6747,2.5776699029126213
6748,2.2786061026352287
6749,1.0707350901525658
6750,1.8236823855755895
6751,1.3808079056865465
6752,0.6480582524271844
6753,0.680998613037448
6754,1.0162968099861303
6755,0.3338245492371706
6756,0.36910540915395285
6757,0.8626040221914009
6758,2.285627600554785
6759,1.6053224687933425
6760,0.4900312066574202
6761,0.36858529819694863
6762,1.6586338418862692
6763,1.4875173370319001
6764,0.8496879334257974
6765,1.3939840499306517
6766,2.0298196948682388
6767,2.1479715672676836
6768,2.1451976421636614
6769,1.1214459084604715
6770,0.7817267683772539
6771,0.5240984743411927
6772,1.2544209431345352
6773,0.8317441054091539
6774,0.4552704576976422
6775,0.4484223300970874
6776,0.8130201109570041
6777,1.2102115117891816
6778,0.21992024965325935
6779,0.5638869625520111
6780,0.7114251040221915
6781,0.22884882108183077
6782,0.5826976421636616
6783,0.2391643550624133
6784,0.9099341192787794
6785,0.6327149791955617
6786,2.588158807212205
6787,3.0787968099861303
6788,2.2353502080443826
6789,0.6006414701803051
6790,0.5592926490984743
6791,0.319001386962552
6792,0.4169556171983356
6793,1.2830270457697641
6794,1.313366851595007
6795,0.8987517337031901
6796,1.2753120665742026
6797,0.6720700416088765
6798,0.6309812760055479
6799,0.43221220527045767
6800,0.37023231622746183
6801,0.25979542302357833
6802,0.377253814147018
6803,3.966886269070735
6804,1.6509188626907072
6805,1.5946601941747574
6806,1.5930998613037448
6807,1.5390950069348126
6808,1.7124653259361997
6809,1.3394590846047156
6810,0.49514563106796117
6811,0.5440360610263523
6812,1.072382108183079
6813,0.425884188626907
6814,0.32229542302357833
6815,2.8725728155339807
6816,1.0758495145631066
6817,0.7319694868238558
6818,0.48370319001386963
6819,0.3990984743411927
6820,2.1844660194174756
6821,0.8896497919556172
6822,0.43576629680998613
6823,0.2088245492371706
6824,2.221047156726768
6825,1.8118065187239942
6826,2.1795249653259363
6827,0.8815880721220527
6828,0.8442267683772539
6829,0.541002080443828
6830,0.8454403606102635
6831,0.8585298196948682
6832,0.6171116504854368
6833,0.5221914008321775
6834,0.6647884882108184
6835,0.783633841886269
6836,0.05920596393897365
6837,0.33833217753120665
6838,0.9205097087378641
6839,0.09492024965325936
6840,0.19478155339805825
6841,0.13626907073509015
6842,0.42241678224687934
6843,0.09656726768377254
6844,8.019157420249654
6845,2.784414008321775
6846,2.0909327323162272
6847,0.3927704576976422
6848,1.6197122052704578
6849,1.6570735090152566
6850,1.0904126213592233
6851,3.783113730929265
6852,1.9687933425797506
6853,2.285627600554785
6854,1.2161061026352291
6855,0.9880374479889042
6856,2.3155339805825244
6857,0.3828883495145631
6858,0.7279819694868238
6859,0.23890429958391124
6860,2.0697815533980584
6861,13.746705963938975
6862,3.033113730929265
6863,2.7451456310679614
6864,5.126993758668516
6865,1.738990984743412
6866,4.778952843273231
6867,0.9344660194174758
6868,1.450502773925104
6869,1.3246359223300972
6870,0.9850034674063799
6871,0.2955097087378641
6872,0.2325762829403606
6873,2.155513176144244
6874,2.7177531206657424
6875,0.4378467406380028
6876,0.4169556171983356
6877,0.22269417475728154
6878,1.7700242718446604
6879,0.7054438280166435
6880,1.4414008321775311
6881,0.14424410540915394
6882,6.3248959778086
6883,2.355149098474341
6884,1.5905859916782248
6885,1.8672850208044383
6886,1.1419036061026353
6887,0.31830790568654643
6888,0.7124653259361997
6889,0.3859223300970874
6890,0.5188973647711511
6891,0.41461511789181693
6892,0.6955617198335645
6893,1.3554091539528432
6894,0.08928571428571429
6895,0.07871012482662967
6896,0.8470006934812759
6897,0.7981102635228849
6898,0.09492024965325936
6899,0.1581137309292649
6900,0.9733876560332871
6901,0.09162621359223301
6902,3.221914008321775
6903,1.7991504854368934
6904,1.2515603328710125
6905,0.6664355062413315
6906,1.1191054091539527
6907,0.9401005547850209
6908,0.8378987517337032
6909,2.729542302357836
6910,1.4757281553398058
6911,1.757368238557559
6912,1.4888176144244105
6913,1.0855582524271843
6914,0.5043342579750346
6915,0.31336685159500693
6916,0.4496359223300971
6917,0.13765603328710124
6918,0.3828883495145631
6919,8.7124653259362
6920,2.7613557558945905
6921,2.8980582524271847
6922,3.362690707350901
6923,2.175104022191401
6924,1.8717059639389737
6925,1.383841886269071
6926,1.4684466019417477
6927,0.7991504854368932
6928,1.091626213592233
6929,0.6220527045769764
6930,0.260748959778086
6931,2.2753120665742026
6932,2.3763002773925104
6933,1.506848127600555
6934,0.32792995839112343
6935,0.3925104022191401
6936,1.2747919556171985
6937,0.9009188626907074
6938,0.6006414701803051
6939,0.9678398058252426
6940,5.179004854368932
6941,1.6250866851595007
6942,1.463505547850208
6943,1.4904646324549238
6944,0.3948509015256588
6945,0.34908113730929263
6946,0.6243932038834952
6947,1.2185332871012484
6948,0.5175104022191401
6949,0.2955097087378641
6950,0.4930651872399445
6951,0.4209431345353676
6952,0.044642857142857144
6953,0.026785714285714284
6954,0.7600554785020803
6955,0.8202149791955617
6956,0.20041608876560332
6957,0.1726768377253814
6958,0.3453536754507628
6959,0.35497572815533984
6960,8.956043956043956
6961,2.7850274725274726
6962,1.758585164835165
6963,0.8519917582417582
6964,0.7173763736263736
6965,0.42719780219780223
6966,0.5305631868131868
6967,1.956043956043956
6968,1.886675824175824
6969,1.096153846153846
6970,1.8248626373626373
6971,1.0731456043956045
6972,1.6713598901098903
6973,0.6929945054945056
6974,0.4694368131868132
6975,0.3695054945054945
6976,0.5597527472527473
6977,4.940247252747253
6978,2.988324175824176
6979,2.7980769230769234
6980,3.3114697802197806
6981,1.208791208791209
6982,1.948489010989011
6983,2.1191620879120876
6984,1.1792582417582418
6985,0.7431318681318682
6986,1.1706730769230769
6987,0.5377747252747253
6988,0.5535714285714286
6989,0.7836538461538461
6990,2.8657280219780223
6991,1.5964972527472527
6992,0.44024725274725274
6993,0.5322802197802199
6994,0.8111263736263736
6995,1.5157967032967032
6996,1.0951236263736264
6997,0.6136675824175825
6998,2.1407967032967035
6999,2.9186126373626378
7000,1.8121565934065935
7001,1.1332417582417582
7002,1.0065247252747254
7003,0.6504120879120879
7004,1.3248626373626373
7005,0.551510989010989
7006,0.8039148351648351
7007,0.9591346153846153
7008,0.9790521978021978
7009,0.8588598901098901
7010,0.0625
7011,0.26820054945054944
7012,0.2932692307692308
7013,0.16449175824175824
7014,0.3289835164835165
7015,0.2850274725274725
7016,0.6682692307692308
7017,0.6686126373626373
7018,5.45157967032967
7019,2.0350274725274726
7020,1.0824175824175826
7021,0.47630494505494503
7022,0.1662087912087912
7023,0.6332417582417582
7024,1.1703296703296704
7025,2.2190934065934065
7026,1.703296703296703
7027,1.2269917582417582
7028,1.1730769230769231
7029,1.6593406593406594
7030,0.41002747252747257
7031,0.7475961538461539
7032,0.6191620879120879
7033,0.4732142857142857
7034,0.13289835164835165
7035,6.517857142857142
7036,4.038804945054945
7037,1.0528846153846154
7038,2.991414835164835
7039,1.8458104395604398
7040,1.183379120879121
7041,2.5645604395604393
7042,1.0350274725274726
7043,0.7218406593406594
7044,0.2287087912087912
7045,0.8169642857142857
7046,0.6929945054945055
7047,3.928914835164835
7048,0.19505494505494503
7049,1.0625
7050,1.3605769230769231
7051,1.041208791208791
7052,0.26270604395604397
7053,0.36504120879120877
7054,0.2451923076923077
7055,0.27300824175824173
7056,1.2050137362637363
7057,1.6270604395604398
7058,0.7791895604395604
7059,0.41208791208791207
7060,0.9615384615384616
7061,0.5985576923076923
7062,0.7211538461538461
7063,0.454326923076923
7064,0.9323489010989011
7065,0.5436126373626373
7066,0.6346153846153846
7067,0.15453296703296704
7068,0.0
7069,0.20192307692307693
7070,0.8159340659340659
7071,0.06799450549450549
7072,0.14869505494505494
7073,0.36160714285714285
7074,0.35645604395604397
7075,0.11984890109890109
7076,7.605425824175824
7077,2.6229395604395607
7078,2.5024038461538463
7079,2.946085164835165
7080,1.6363324175824174
7081,1.0030906593406594
7082,0.9048763736263736
7083,2.211195054945055
7084,1.7160027472527473
7085,2.102335164835165
7086,1.6129807692307692
7087,1.8307005494505495
7088,0.5958104395604396
7089,0.9453983516483517
7090,0.8128434065934066
7091,0.9574175824175826
7092,0.32520604395604397
7093,16.282623626373628
7094,4.235233516483516
7095,3.771634615384616
7096,4.525068681318682
7097,6.266483516483516
7098,2.1861263736263736
7099,1.035370879120879
7100,2.3533653846153846
7101,1.7994505494505495
7102,0.768543956043956
7103,1.5206043956043955
7104,1.3221153846153846
7105,2.381868131868132
7106,1.5628434065934065
7107,2.325892857142857
7108,1.5240384615384617
7109,1.1727335164835164
7110,1.4945054945054945
7111,1.3265796703296704
7112,1.696771978021978
7113,0.5978708791208791
7114,3.083791208791209
7115,3.1205357142857144
7116,2.0147664835164836
7117,1.379120879120879
7118,1.2551510989010988
7119,1.6730769230769231
7120,2.1212225274725274
7121,1.1301510989010988
7122,1.2252747252747254
7123,1.2239010989010988
7124,0.8561126373626373
7125,0.3200549450549451
7126,0.3090659340659341
7127,0.22355769230769232
7128,0.7438186813186813
7129,0.12877747252747251
7130,0.4007554945054945
7131,0.43887362637362637
7132,0.8719093406593406
7133,0.3983516483516484
7134,5.823489010989011
7135,4.89217032967033
7136,3.200892857142857
7137,1.428228021978022
7138,1.2046703296703296
7139,1.1085164835164834
7140,1.337912087912088
7141,1.2843406593406594
7142,3.2918956043956045
7143,1.957074175824176
7144,0.617445054945055
7145,1.3207417582417582
7146,0.29979395604395603
7147,0.8001373626373627
7148,0.7888049450549451
7149,0.5240384615384615
7150,0.17410714285714285
7151,8.720810439560438
7152,2.681318681318681
7153,0.735576923076923
7154,4.344780219780219
7155,4.085508241758242
7156,1.9642857142857144
7157,2.402815934065934
7158,1.6497252747252746
7159,0.8815247252747253
7160,1.3482142857142858
7161,1.1112637362637363
7162,1.4821428571428572
7163,3.09375
7164,1.799793956043956
7165,1.3873626373626373
7166,0.7015796703296703
7167,0.8509615384615384
7168,0.9110576923076923
7169,1.5731456043956045
7170,1.3231456043956045
7171,0.4206730769230769
7172,4.493475274725275
7173,2.585164835164835
7174,3.0899725274725274
7175,1.571085164835165
7176,1.527815934065934
7177,0.7015796703296703
7178,2.349587912087912
7179,2.0552884615384617
7180,2.0164835164835164
7181,2.135989010989011
7182,0.9502060439560439
7183,0.43543956043956045
7184,0.16998626373626374
7185,0.22149725274725274
7186,0.8475274725274725
7187,0.1291208791208791
7188,0.1878434065934066
7189,0.22596153846153846
7190,0.731456043956044
7191,0.6438873626373627
7192,5.856456043956045
7193,6.259271978021978
7194,4.913461538461538
7195,1.7527472527472527
7196,1.3416895604395602
7197,1.3423763736263736
7198,0.8688186813186813
7199,7.7764423076923075
7200,3.1521291208791204
7201,2.5137362637362637
7202,1.1043956043956045
7203,2.7510302197802194
7204,0.7414148351648351
7205,3.431318681318681
7206,0.875
7207,1.2946428571428572
7208,0.8231456043956045
7209,14.999313186813186
7210,4.424107142857143
7211,4.4639423076923075
7212,4.2451923076923075
7213,4.6823489010989015
7214,2.4763049450549453
7215,2.1761675824175826
7216,3.4052197802197806
7217,1.397664835164835
7218,0.6129807692307692
7219,1.6332417582417582
7220,1.310096153846154
7221,4.595123626373626
7222,2.887019230769231
7223,1.1610576923076923
7224,1.581043956043956
7225,0.8801510989010989
7226,2.7853708791208796
7227,1.7496565934065935
7228,1.041208791208791
7229,1.6260302197802197
7230,8.702953296703296
7231,0.6768543956043956
7232,3.6723901098901095
7233,2.2908653846153846
7234,2.3203983516483517
7235,1.7623626373626373
7236,2.7524038461538463
7237,2.418956043956044
7238,1.7125686813186811
7239,1.3262362637362637
7240,1.322458791208791
7241,0.8643543956043955
7242,0.18578296703296704
7243,0.33962912087912084
7244,1.3499313186813187
7245,0.07692307692307693
7246,0.3008241758241758
7247,0.5600961538461539
7248,0.9632554945054945
7249,0.0
7250,9.323145604395604
7251,2.6466346153846154
7252,1.365041208791209
7253,1.0817307692307692
7254,2.230769230769231
7255,1.476304945054945
7256,0.6754807692307692
7257,3.8866758241758244
7258,2.5188873626373627
7259,2.1833791208791204
7260,2.4793956043956045
7261,2.1009615384615383
7262,0.795673076923077
7263,1.036401098901099
7264,1.6751373626373627
7265,1.027129120879121
7266,0.2699175824175824
7267,15.316964285714285
7268,7.2239010989010985
7269,2.7259615384615383
7270,7.892513736263736
7271,2.517857142857143
7272,3.056318681318681
7273,1.8540521978021978
7274,1.8111263736263736
7275,1.863324175824176
7276,0.6181318681318682
7277,1.6607142857142856
7278,0.7445054945054944
7279,2.603708791208791
7280,3.9543269230769234
7281,1.190934065934066
7282,1.2991071428571428
7283,0.3152472527472528
7284,1.3121565934065935
7285,0.7105082417582418
7286,0.43784340659340665
7287,0.7304258241758241
7288,3.037431318681319
7289,1.5051510989010988
7290,1.2678571428571428
7291,2.1222527472527473
7292,1.0154532967032968
7293,0.34752747252747257
7294,1.1449175824175826
7295,0.4938186813186813
7296,1.7486263736263736
7297,0.8186813186813187
7298,0.4532967032967033
7299,0.7160027472527473
7300,0.46634615384615385
7301,0.11984890109890109
7302,1.4828296703296704
7303,1.2867445054945055
7304,0.1143543956043956
7305,0.22905219780219782
7306,1.1428571428571428
7307,0.08962912087912088
7308,6.164491758241759
7309,2.6833791208791204
7310,0.954326923076923
7311,0.7942994505494505
7312,0.5315934065934066
7313,0.418956043956044
7314,0.5782967032967032
7315,3.069368131868132
7316,1.8660714285714286
7317,1.7098214285714286
7318,1.8760302197802197
7319,0.8186813186813187
7320,2.4986263736263736
7321,0.3578296703296703
7322,0.5164835164835165
7323,0.8434065934065934
7324,0.9969093406593406
7325,6.34375
7326,3.427541208791209
7327,2.862980769230769
7328,2.29842032967033
7329,0.9557005494505495
7330,2.397664835164835
7331,1.8547390109890112
7332,0.778846153846154
7333,0.748282967032967
7334,1.1126373626373627
7335,0.28880494505494503
7336,0.4189560439560439
7337,1.0230082417582418
7338,2.6940247252747254
7339,1.4917582417582418
7340,0.6095467032967032
7341,0.5178571428571428
7342,1.630837912087912
7343,1.4649725274725276
7344,1.342032967032967
7345,1.3059752747252746
7346,2.144574175824176
7347,2.506868131868132
7348,2.253090659340659
7349,1.300824175824176
7350,0.7675137362637363
7351,0.6002747252747253
7352,1.29635989010989
7353,1.0113324175824174
7354,0.48866758241758246
7355,0.4807692307692308
7356,0.7496565934065934
7357,1.099587912087912
7358,0.2846840659340659
7359,0.5415521978021978
7360,0.6596840659340659
7361,0.25755494505494503
7362,0.6040521978021979
7363,0.21668956043956042
7364,0.9364697802197801
7365,0.6675824175824175
7366,2.690590659340659
7367,2.76407967032967
7368,2.2833104395604393
7369,0.5164835164835165
7370,0.6916208791208791
7371,0.3671016483516484
7372,0.4859203296703297
7373,1.4385302197802197
7374,1.4192994505494505
7375,1.0508241758241759
7376,1.3815247252747254
7377,0.7177197802197801
7378,0.821771978021978
7379,0.6737637362637363
7380,0.48351648351648346
7381,0.4162087912087913
7382,0.8070054945054944
7383,3.9168956043956045
7384,1.5233516483516483
7385,1.5288461538461537
7386,1.753434065934066
7387,1.3543956043956045
7388,1.678228021978022
7389,1.662087912087912
7390,0.43269230769230765
7391,0.5975274725274725
7392,1.217032967032967
7393,0.44436813186813184
7394,0.4138049450549451
7395,2.7980769230769234
7396,1.2259615384615383
7397,1.2098214285714286
7398,0.459478021978022
7399,0.23008241758241757
7400,1.8605769230769231
7401,1.0003434065934065
7402,0.6565934065934066
7403,0.19986263736263735
7404,2.738667582417582
7405,1.7328296703296702
7406,2.48282967032967
7407,0.8890796703296703
7408,0.8083791208791209
7409,0.6744505494505495
7410,0.8828983516483516
7411,0.9299450549450549
7412,0.735576923076923
7413,0.5542582417582417
7414,0.7465659340659341
7415,0.8063186813186813
7416,0.05185439560439561
7417,0.3018543956043956
7418,0.8317307692307693
7419,0.08035714285714286
7420,0.23798076923076922
7421,0.1720467032967033
7422,0.428228021978022
7423,0.11813186813186813
7424,7.438873626373625
7425,2.989697802197802
7426,2.0333104395604398
7427,0.5343406593406593
7428,1.8179945054945055
7429,1.3289835164835164
7430,1.125
7431,3.6744505494505493
7432,2.2081043956043955
7433,1.9945054945054945
7434,1.4666895604395602
7435,0.9742445054945055
7436,2.221153846153846
7437,0.3004807692307692
7438,1.126717032967033
7439,0.3382554945054945
7440,1.8822115384615383
7441,13.782623626373624
7442,3.104739010989011
7443,3.6850961538461537
7444,5.3179945054945055
7445,1.5453296703296702
7446,4.895947802197802
7447,0.9134615384615384
7448,1.3447802197802197
7449,1.1923076923076923
7450,1.029532967032967
7451,0.3870192307692308
7452,0.22424450549450547
7453,1.7578983516483517
7454,2.478021978021978
7455,0.6936813186813187
7456,0.43543956043956045
7457,0.2283653846153846
7458,1.3317307692307692
7459,0.6720467032967032
7460,1.085164835164835
7461,0.14354395604395603
7462,5.73901098901099
7463,1.8684752747252746
7464,1.4790521978021978
7465,2.221840659340659
7466,1.1919642857142856
7467,0.3090659340659341
7468,0.8440934065934066
7469,0.5336538461538461
7470,0.6301510989010989
7471,0.4766483516483516
7472,0.7915521978021978
7473,1.1940247252747254
7474,0.08928571428571429
7475,0.07142857142857142
7476,0.8890796703296703
7477,0.7963598901098902
7478,0.1092032967032967
7479,0.1504120879120879
7480,1.0291895604395604
7481,0.07692307692307693
7482,3.7949862637362637
7483,2.1971153846153846
7484,1.3282967032967032
7485,0.6761675824175825
7486,1.0030906593406594
7487,1.027129120879121
7488,0.7160027472527473
7489,2.8372252747252746
7490,1.4302884615384617
7491,1.536401098901099
7492,1.5638736263736264
7493,1.1298076923076923
7494,0.5652472527472527
7495,0.38324175824175827
7496,0.4615384615384615
7497,0.3169642857142857
7498,0.6682692307692308
7499,8.793612637362639
7500,3.376717032967033
7501,3.519230769230769
7502,3.742101648351648
7503,2.1335851648351647
7504,1.7850274725274726
7505,1.6984890109890112
7506,1.6610576923076923
7507,0.9302884615384616
7508,1.25
7509,0.5604395604395604
7510,0.3382554945054945
7511,2.742101648351648
7512,2.192651098901099
7513,1.168956043956044
7514,0.21737637362637363
7515,0.41792582417582413
7516,1.336195054945055
7517,0.8815247252747254
7518,0.7977335164835165
7519,0.9471153846153846
7520,5.105769230769231
7521,1.7575549450549453
7522,1.583791208791209
7523,1.6665521978021978
7524,0.45604395604395603
7525,0.40453296703296704
7526,0.6346153846153846
7527,1.3993818681318682
7528,0.5068681318681318
7529,0.34375
7530,0.6335851648351648
7531,0.4320054945054945
7532,0.05185439560439561
7533,0.026785714285714284
7534,0.7513736263736264
7535,0.876717032967033
7536,0.20741758241758243
7537,0.13598901098901098
7538,0.46668956043956045
7539,0.2668269230769231
7540,7.513736263736264
7541,2.273008241758242
7542,1.6792582417582418
7543,0.6644917582417583
7544,0.818337912087912
7545,0.38392857142857145
7546,0.501717032967033
7547,2.446428571428571
7548,1.7785027472527473
7549,1.0817307692307692
7550,2.0123626373626373
7551,1.2606456043956045
7552,1.7651098901098903
7553,0.7146291208791209
7554,0.4333791208791209
7555,0.3550824175824176
7556,0.3794642857142857
7557,4.666208791208791
7558,2.8152472527472527
7559,2.8774038461538463
7560,2.662431318681319
7561,1.1294642857142856
7562,1.948489010989011
7563,2.0831043956043955
7564,0.9845467032967032
7565,0.8945741758241759
7566,1.0769230769230769
7567,0.6387362637362637
7568,0.748282967032967
7569,0.8774038461538461
7570,2.3248626373626373
7571,1.884958791208791
7572,0.42582417582417575
7573,0.32314560439560436
7574,0.926510989010989
7575,1.652815934065934
7576,1.0734890109890112
7577,0.5054945054945056
7578,1.7802197802197803
7579,2.680631868131868
7580,1.855425824175824
7581,1.0611263736263736
7582,0.8190247252747253
7583,0.7513736263736264
7584,1.3753434065934065
7585,0.5659340659340659
7586,0.6741071428571428
7587,0.7572115384615384
7588,0.6978021978021978
7589,0.8949175824175823
7590,0.06971153846153846
7591,0.260989010989011
7592,0.31490384615384615
7593,0.18612637362637363
7594,0.35061813186813184
7595,0.26339285714285715
7596,0.6394230769230769
7597,0.6109203296703297
7598,4.997252747252747
7599,2.1287774725274726
7600,0.9742445054945055
7601,0.3681318681318681
7602,0.17342032967032966
7603,0.662087912087912
7604,1.3506181318681318
7605,2.6013049450549453
7606,1.7393543956043955
7607,1.1692994505494505
7608,1.2235576923076923
7609,1.6449175824175826
7610,0.43887362637362637
7611,0.6899038461538461
7612,0.8571428571428571
7613,0.6751373626373627
7614,0.13289835164835165
7615,5.464972527472527
7616,3.6782280219780223
7617,1.4927884615384617
7618,2.205357142857143
7619,1.9684065934065935
7620,1.5151098901098903
7621,2.600618131868132
7622,1.071085164835165
7623,0.6785714285714286
7624,0.18543956043956042
7625,0.8313873626373627
7626,0.8804945054945055
7627,3.1067994505494507
7628,0.20947802197802196
7629,1.7331730769230769
7630,1.252403846153846
7631,1.2070741758241759
7632,0.28434065934065933
7633,0.40831043956043955
7634,0.3245192307692308
7635,0.33791208791208793
7636,1.1761675824175826
7637,1.605425824175824
7638,0.7791895604395604
7639,0.5346840659340659
7640,0.7596153846153846
7641,0.7067307692307692
7642,0.6634615384615384
7643,0.47596153846153844
7644,0.946771978021978
7645,0.5508241758241759
7646,0.5625
7647,0.11126373626373626
7648,0.0
7649,0.21634615384615385
7650,0.7942994505494506
7651,0.06078296703296703
7652,0.12706043956043955
7653,0.4337225274725275
7654,0.36366758241758246
7655,0.10542582417582418
7656,6.653502747252747
7657,2.550824175824176
7658,2.2716346153846154
7659,2.3619505494505493
7660,1.4848901098901097
7661,0.606456043956044
7662,0.9842032967032968
7663,2.32657967032967
7664,1.8818681318681318
7665,1.9653159340659339
7666,1.5120192307692308
7667,1.9749313186813189
7668,0.5597527472527473
7669,0.8877060439560439
7670,0.9426510989010989
7671,1.0728021978021978
7672,0.3973214285714286
7673,14.436469780219781
7674,3.542925824175824
7675,3.980769230769231
7676,3.5442994505494507
7677,7.672733516483517
7678,2.0418956043956045
7679,1.0209478021978022
7680,2.1514423076923075
7681,1.7201236263736264
7682,0.7252747252747253
7683,1.4124313186813189
7684,1.5456730769230769
7685,2.2160027472527473
7686,1.3609203296703296
7687,1.6696428571428572
7688,1.2932692307692308
7689,1.1583104395604398
7690,1.0113324175824174
7691,1.2977335164835164
7692,1.0477335164835164
7693,0.34546703296703296
7694,2.7664835164835164
7695,3.1638049450549453
7696,1.9138049450549453
7697,1.3863324175824174
7698,1.0460164835164834
7699,1.5576923076923077
7700,2.0418956043956045
7701,1.2671703296703296
7702,1.347870879120879
7703,1.0796703296703296
7704,0.7984203296703297
7705,0.3777472527472528
7706,0.3595467032967033
7707,0.20192307692307693
7708,0.8519917582417583
7709,0.12877747252747251
7710,0.3863324175824176
7711,0.44608516483516486
7712,0.8863324175824175
7713,0.3695054945054945
7714,5.2032967032967035
7715,3.7743818681318677
7716,2.9268543956043955
7717,1.457074175824176
7718,0.8729395604395604
7719,0.9354395604395604
7720,0.7754120879120879
7721,1.4574175824175826
7722,3.1837225274725274
7723,1.928228021978022
7724,1.0285027472527473
7725,1.5803571428571428
7726,0.36469780219780223
7727,0.7496565934065934
7728,0.7527472527472527
7729,0.920673076923077
7730,0.15968406593406592
7731,7.941964285714286
7732,2.4649725274725274
7733,0.7644230769230769
7734,3.5154532967032965
7735,4.049450549450549
7736,1.6109203296703298
7737,2.09271978021978
7738,1.4766483516483517
7739,0.9608516483516483
7740,1.146291208791209
7741,0.9237637362637363
7742,1.0999313186813187
7743,2.8990384615384617
7744,1.691620879120879
7745,1.0556318681318682
7746,0.7809065934065934
7747,0.5841346153846154
7748,0.6225961538461539
7749,1.551510989010989
7750,1.2654532967032968
7751,0.4855769230769231
7752,3.5559752747252746
7753,2.491414835164835
7754,2.837568681318681
7755,1.2970467032967032
7756,1.2826236263736264
7757,0.6294642857142857
7758,2.1620879120879124
7759,1.3557692307692308
7760,1.7424450549450547
7761,1.8186813186813189
7762,0.7699175824175825
7763,0.507554945054945
7764,0.15556318681318682
7765,0.2647664835164835
7766,0.9340659340659341
7767,0.10027472527472528
7768,0.21668956043956042
7769,0.18990384615384615
7770,0.717032967032967
7771,0.478021978021978
7772,5.308379120879121
7773,5.429945054945055
7774,4.300480769230769
7775,1.7671703296703298
7776,1.3416895604395602
7777,0.8952609890109889
7778,0.7894917582417582
7779,8.793269230769232
7780,3.3396291208791204
7781,2.564217032967033
7782,1.097184065934066
7783,2.520260989010989
7784,0.7414148351648351
7785,3.4168956043956045
7786,0.9254807692307692
7787,1.431662087912088
7788,0.9673763736263736
7789,14.645947802197803
7790,4.589972527472527
7791,4.860576923076923
7792,3.855769230769231
7793,4.631868131868132
7794,2.3969780219780223
7795,2.6016483516483517
7796,3.304258241758242
7797,1.5491071428571428
7798,0.49759615384615385
7799,1.5827609890109888
7800,1.65625
7801,5.04223901098901
7802,2.692307692307692
7803,1.6153846153846154
7804,1.4800824175824174
7805,0.8152472527472527
7806,2.799793956043956
7807,1.8434065934065935
7808,0.8681318681318683
7809,1.1644917582417582
7810,7.895260989010989
7811,0.5470467032967032
7812,3.2757554945054945
7813,2.5144230769230766
7814,2.197802197802198
7815,1.8993818681318682
7816,3.0769230769230766
7817,2.469436813186813
7818,1.6981456043956045
7819,1.2613324175824174
7820,1.2070741758241759
7821,0.6696428571428571
7822,0.22184065934065933
7823,0.33962912087912084
7824,1.5446428571428572
7825,0.1201923076923077
7826,0.27197802197802196
7827,0.5528846153846154
7828,0.956043956043956
7829,0.0
7830,7.520260989010989
7831,1.903846153846154
7832,1.177541208791209
7833,1.0745192307692308
7834,1.6105769230769231
7835,1.036401098901099
7836,0.7115384615384616
7837,4.074175824175825
7838,2.7496565934065935
7839,2.269917582417582
7840,2.31353021978022
7841,2.7644230769230766
7842,0.766826923076923
7843,0.7839972527472527
7844,1.5381181318681318
7845,1.0703983516483517
7846,0.20501373626373628
7847,13.816964285714285
7848,6.171016483516484
7849,1.6586538461538463
7850,5.548763736263736
7851,1.9192994505494507
7852,2.2918956043956045
7853,2.034340659340659
7854,1.7606456043956045
7855,1.740728021978022
7856,0.6614010989010989
7857,1.682348901098901
7858,0.7949862637362637
7859,1.8248626373626373
7860,2.879807692307692
7861,0.9601648351648352
7862,0.9313186813186813
7863,0.17822802197802198
7864,1.146291208791209
7865,0.5302197802197802
7866,0.5027472527472527
7867,0.7953296703296703
7868,2.4388736263736264
7869,1.5123626373626373
7870,1.037087912087912
7871,1.9996565934065935
7872,0.755837912087912
7873,0.31868131868131866
7874,1.01510989010989
7875,0.5298763736263737
7876,1.4817994505494505
7877,0.6600274725274726
7878,0.4028159340659341
7879,0.5934065934065934
7880,0.5528846153846154
7881,0.11984890109890109
7882,1.4972527472527473
7883,1.2867445054945055
7884,0.14320054945054944
7885,0.27953296703296704
7886,1.034684065934066
7887,0.08962912087912088
7888,6.308722527472527
7889,2.1929945054945055
7890,1.048076923076923
7891,0.801510989010989
7892,0.6614010989010989
7893,0.44059065934065933
7894,0.5133928571428572
7895,3.401098901098901
7896,1.8804945054945055
7897,1.904532967032967
7898,1.8688186813186811
7899,0.9268543956043955
7900,2.440934065934066
7901,0.3361950549450549
7902,0.6102335164835165
7903,0.8001373626373627
7904,0.6363324175824175
7905,6.336538461538462
7906,3.2328296703296706
7907,3.519230769230769
7908,1.7791895604395602
7909,1.121565934065934
7910,1.9866071428571428
7911,1.7537774725274726
7912,0.966346153846154
7913,0.7554945054945056
7914,1.0765796703296702
7915,0.38255494505494503
7916,0.5199175824175823
7917,1.1095467032967032
7918,2.773351648351648
7919,1.4701236263736264
7920,0.4364697802197802
7921,0.676510989010989
7922,1.616414835164835
7923,1.3712225274725274
7924,0.887706043956044
7925,1.4718406593406594
7926,2.1517857142857144
7927,2.0813873626373627
7928,2.310782967032967
7929,1.1493818681318682
7930,0.6737637362637363
7931,0.6868131868131868
7932,1.404532967032967
7933,0.939217032967033
7934,0.5247252747252747
7935,0.44471153846153844
7936,0.648695054945055
7937,1.0418956043956045
7938,0.24141483516483517
7939,0.5992445054945055
7940,0.6524725274725275
7941,0.2503434065934066
7942,0.6184752747252747
7943,0.20226648351648352
7944,0.9220467032967032
7945,0.6964285714285714
7946,2.3083791208791204
7947,2.1222527472527473
7948,1.8506181318681318
7949,0.5092719780219781
7950,0.5690247252747253
7951,0.2805631868131868
7952,0.4859203296703297
7953,1.7918956043956045
7954,1.5274725274725274
7955,1.0580357142857142
7956,1.1507554945054945
7957,0.7465659340659341
7958,0.648695054945055
7959,0.623282967032967
7960,0.490728021978022
7961,0.2936126373626374
7962,0.4608516483516484
7963,3.9529532967032965
7964,1.566620879120879
7965,2.1274038461538463
7966,1.5515109890109888
7967,1.3327609890109888
7968,1.4186126373626373
7969,1.8279532967032968
7970,0.5264423076923077
7971,0.6263736263736263
7972,1.2891483516483517
7973,0.3866758241758242
7974,0.38495879120879123
7975,2.8269230769230766
7976,1.2692307692307692
7977,1.498282967032967
7978,0.5315934065934066
7979,0.3166208791208791
7980,1.5504807692307694
7981,1.130151098901099
7982,0.9234203296703296
7983,0.2431318681318681
7984,2.334821428571429
7985,1.8265796703296702
7986,2.4107142857142856
7987,0.946771978021978
7988,0.8660714285714286
7989,0.6311813186813187
7990,1.0199175824175826
7991,0.901098901098901
7992,0.6274038461538461
7993,0.47493131868131866
7994,0.6383928571428572
7995,0.7774725274725274
7996,0.044642857142857144
7997,0.39560439560439564
7998,0.9110576923076923
7999,0.10199175824175824
8000,0.28125
8001,0.15762362637362637
8002,0.4498626373626374
8003,0.13976648351648352
8004,6.710508241758241
8005,2.831043956043956
8006,2.1126373626373627
8007,0.44059065934065933
8008,1.623282967032967
8009,1.3434065934065935
8010,1.0096153846153846
8011,3.9845467032967035
8012,2.042239010989011
8013,1.8214285714285714
8014,1.473901098901099
8015,1.2122252747252746
8016,2.3365384615384617
8017,0.3076923076923077
8018,1.0257554945054945
8019,0.518543956043956
8020,2.3581730769230766
8021,13.508585164835164
8022,3.349931318681319
8023,3.375
8024,4.106456043956045
8025,1.2929258241758241
8026,4.722870879120879
8027,0.9495192307692308
8028,1.3303571428571428
8029,1.2932692307692308
8030,1.0872252747252746
8031,0.49519230769230765
8032,0.2675137362637363
8033,1.8588598901098903
8034,2.4708104395604398
8035,0.38358516483516486
8036,0.2839972527472528
8037,0.2283653846153846
8038,1.3966346153846154
8039,0.5782967032967032
8040,1.2366071428571428
8041,0.1507554945054945
8042,5.31353021978022
8043,1.9910714285714286
8044,1.3059752747252746
8045,2.1497252747252746
8046,1.0549450549450547
8047,0.33070054945054944
8048,0.9017857142857143
8049,0.46875
8050,0.5940934065934066
8051,0.48385989010989006
8052,0.6833791208791209
8053,1.2949862637362637
8054,0.10370879120879122
8055,0.09306318681318682
8056,0.9395604395604396
8057,0.7386675824175825
8058,0.09478021978021979
8059,0.15762362637362637
8060,1.021978021978022
8061,0.09134615384615385
8062,2.605082417582418
8063,1.7355769230769231
8064,0.9965659340659341
8065,0.8492445054945056
8066,0.7867445054945055
8067,0.8540521978021978
8068,0.5212912087912088
8069,3.1184752747252746
8070,1.1057692307692308
8071,1.5868818681318682
8072,1.5061813186813189
8073,1.2091346153846154
8074,0.5508241758241759
8075,0.239010989010989
8076,0.4615384615384615
8077,0.3890796703296703
8078,0.5096153846153846
8079,7.711881868131868
8080,3.867101648351648
8081,3.259615384615384
8082,2.6603708791208796
8083,2.256181318681319
8084,1.5037774725274726
8085,1.9364697802197803
8086,1.8701923076923077
8087,0.84375
8088,1.2716346153846154
8089,0.6686126373626373
8090,0.2949862637362637
8091,2.064217032967033
8092,2.1205357142857144
8093,1.0535714285714286
8094,0.24622252747252749
8095,0.2736950549450549
8096,0.9756181318681317
8097,0.8526785714285714
8098,0.4515796703296703
8099,0.9254807692307692
8100,4.983173076923077
8101,1.6998626373626373
8102,1.4828296703296702
8103,1.6737637362637363
8104,0.3911401098901099
8105,0.44780219780219777
8106,0.7211538461538461
8107,1.5868818681318682
8108,0.5717719780219781
8109,0.3293269230769231
8110,0.6840659340659341
8111,0.48969780219780223
8112,0.059065934065934064
8113,0.026785714285714284
8114,0.7008928571428571
8115,0.9127747252747253
8116,0.24347527472527472
8117,0.14320054945054944
8118,0.37293956043956045
8119,0.27403846153846156
