row_id,demand
0,7.1197988904299585
1,2.4715672676837723
2,1.3125866851595007
3,0.5684812760055479
4,0.6437239944521498
5,0.21203190013869624
6,0.5202843273231623
7,2.1816920943134535
8,1.7765256588072122
9,1.1274271844660193
10,1.6785714285714286
11,1.1121705963938973
12,1.4360263522884882
13,0.5379680998613037
14,0.5088418862690707
15,0.1634882108183079
16,0.3129334257975035
17,3.7829403606102634
18,2.5317267683772537
19,1.4611650485436893
20,2.443654646324549
21,1.052011095700416
22,1.640256588072122
23,1.7555478502080444
24,0.9509361997226075
25,0.6336685159500693
26,1.0813106796116505
27,0.6416435506241331
28,0.8571428571428572
29,0.8495145631067962
30,2.0317267683772537
31,1.9965325936199723
32,0.4783287101248266
33,0.45561719833564496
34,0.8330443828016643
35,1.4509361997226073
36,1.1669556171983357
37,0.45544382801664357
38,1.4921983356449378
39,2.4018723994452147
40,1.7850208044382803
41,0.8706657420249653
42,0.675624133148405
43,0.7555478502080444
44,1.2161927877947296
45,0.3318307905686546
46,0.7359570041608876
47,0.6662621359223301
48,0.6775312066574203
49,0.9809292649098473
50,0.13470873786407767
51,0.47399445214979197
52,0.529126213592233
53,0.30513176144244103
54,0.5762829403606102
55,0.40724687933425796
56,1.020631067961165
57,0.9297850208044383
58,4.872399445214979
59,1.698509015256588
60,1.0683079056865465
61,0.5414355062413314
62,0.34726074895977804
63,0.4944521497919556
64,1.3954576976421635
65,2.353328710124827
66,2.0346740638002774
67,1.147364771151179
68,0.9223300970873787
69,1.6520457697642164
70,0.40846047156726767
71,0.7475728155339806
72,0.5055478502080444
73,0.49739944521497914
74,0.15083217753120665
75,5.800277392510402
76,3.322988904299584
77,0.7087378640776699
78,2.1534327323162277
79,1.8566227461858529
80,1.2527739251040222
81,2.4476421636615813
82,1.044382801664355
83,0.5670943134535368
84,0.16522191400832179
85,0.6757975034674064
86,0.9857836338418862
87,4.2929958391123435
88,0.3084257975034674
89,1.2803398058252426
90,1.1553398058252426
91,1.21376560332871
92,0.18966712898751734
93,0.38089459084604715
94,0.1262135922330097
95,0.3065187239944521
96,1.0828710124826628
97,1.6745839112343965
98,0.5802704576976421
99,0.4665395284327323
100,0.6237864077669903
101,0.6953883495145632
102,0.5983009708737864
103,0.33980582524271846
104,1.0847780859916782
105,0.460124826629681
106,0.6759708737864077
107,0.20423023578363383
108,0.0
109,0.3895631067961165
110,1.3828016643550625
111,0.1168515950069348
112,0.20128294036061026
113,0.6279472954230235
114,0.5501040221914009
115,0.2061373092926491
116,6.595700416088766
117,2.1045423023578365
118,2.066747572815534
119,2.2009361997226073
120,1.3637309292649098
121,0.6156380027739251
122,0.8281900138696254
123,2.2971567267683772
124,1.5495839112343965
125,1.919382801664355
126,1.3155339805825244
127,1.7215672676837726
128,0.39545769764216365
129,0.6253467406380028
130,0.7101248266296809
131,0.7940360610263523
132,0.440880721220527
133,13.459431345353675
134,3.2971567267683772
135,1.6796116504854368
136,3.3682385575589455
137,5.255894590846047
138,1.7942094313453536
139,0.9778085991678225
140,2.1274271844660193
141,1.4327323162274619
142,0.5930998613037448
143,1.1766643550624134
144,1.2512135922330097
145,1.9051664355062412
146,1.00624133148405
147,1.2968099861303743
148,1.2317961165048543
149,0.8384188626907073
150,0.7812066574202496
151,1.1175450762829402
152,1.2740984743411927
153,0.2739251040221914
154,1.9998266296809986
155,2.820561719833565
156,1.934639389736477
157,1.0530513176144245
158,0.8181345353675451
159,1.4781553398058254
160,1.7456657420249653
161,0.5584257975034674
162,1.0469833564493758
163,0.7441054091539528
164,0.6712898751733702
165,0.40672676837725386
166,0.6135575589459085
167,0.37985436893203883
168,1.3585298196948683
169,0.2337031900138696
170,0.6719833564493759
171,0.7106449375866852
172,1.3989251040221913
173,0.45596393897364773
174,5.705790568654646
175,3.71376560332871
176,2.5868585298196947
177,1.2902219140083218
178,1.1203190013869626
179,0.7295423023578362
180,1.1511789181692094
181,1.4190360610263522
182,2.705617198335645
183,1.7489597780859918
184,0.8141470180305131
185,1.8196948682385576
186,0.39407073509015256
187,1.0544382801664356
188,0.8399791955617198
189,0.7427184466019418
190,0.20925797503467408
191,7.476768377253814
192,2.347607489597781
193,0.3106796116504854
194,3.519937586685159
195,4.977635228848821
196,1.5839112343966715
197,1.7227808599167824
198,1.524618585298197
199,0.713245492371706
200,0.9124479889042996
201,0.9518030513176143
202,1.1269070735090152
203,1.8774271844660193
204,1.1962552011095702
205,1.0620665742024966
206,0.7389042995839112
207,0.5254854368932038
208,0.7257281553398058
209,1.5624133148404993
210,1.2274618585298196
211,0.4150485436893204
212,2.891123439667129
213,1.8985783633841886
214,2.097607489597781
215,0.977635228848821
216,1.040742024965326
217,0.5835644937586686
218,1.539355062413315
219,0.7718446601941747
220,1.582350901525659
221,1.4412274618585297
222,0.7163661581137309
223,0.35818307905686547
224,0.2775658807212205
225,0.45769764216366154
226,1.585644937586685
227,0.14771151178918168
228,0.3132801664355062
229,0.2936893203883495
230,0.9979195561719834
231,0.7595353675450762
232,4.2721914008321775
233,4.394244105409154
234,3.8155339805825244
235,1.4504160887656035
236,1.1737170596393898
237,0.5976074895977809
238,0.8524618585298197
239,8.620145631067961
240,3.212725381414702
241,2.6938280166435504
242,0.859743411927878
243,2.4131414701803053
244,0.6012482662968099
245,4.045423023578364
246,0.9939320388349515
247,1.253120665742025
248,0.8900832177531206
249,15.542128987517337
250,4.022364771151179
251,2.3689320388349513
252,3.296116504854369
253,3.803224687933426
254,1.9916782246879334
255,2.584084604715673
256,3.8150138696255205
257,1.3403259361997226
258,0.23786407766990292
259,1.513869625520111
260,0.8919902912621359
261,4.2980235783633844
262,2.466019417475728
263,0.7427184466019418
264,1.7690707350901524
265,0.7113384188626907
266,3.0967406380027738
267,2.102981969486824
268,0.5863384188626907
269,1.1728502080443828
270,6.706830790568654
271,1.0565187239944522
272,3.139216366158114
273,2.6444174757281553
274,1.9226768377253816
275,1.792649098474341
276,2.4053398058252426
277,1.2187933425797504
278,1.4798890429958391
279,0.8576629680998613
280,0.9613384188626908
281,0.6608876560332871
282,0.3668515950069348
283,0.6459778085991678
284,2.5188973647711514
285,0.15898058252427183
286,0.42857142857142855
287,1.0400485436893203
288,1.5724687933425796
289,0.0
290,7.129160887656033
291,2.091019417475728
292,1.1867198335644937
293,1.0946601941747574
294,1.7427184466019416
295,1.0547850208044383
296,0.7427184466019418
297,2.91123439667129
298,2.655166435506241
299,2.1314147018030516
300,2.5369278779472957
301,2.3944174757281553
302,0.4878640776699029
303,0.7489597780859917
304,1.585991678224688
305,0.8656380027739251
306,0.19452149791955617
307,15.105409153952843
308,5.957697642163661
309,1.0
310,4.610783633841886
311,1.8245492371705965
312,2.229889042995839
313,1.6229195561719834
314,1.9750346740638003
315,1.1943481276005548
316,0.6421636615811372
317,1.2595353675450762
318,0.7083911234396671
319,1.7477461858529821
320,1.9805825242718447
321,0.5781900138696255
322,0.9726074895977808
323,0.13609570041608876
324,0.8687586685159501
325,0.5674410540915396
326,0.2526005547850208
327,0.5835644937586686
328,1.8295769764216367
329,1.035367545076283
330,1.0393550624133148
331,1.6976421636615813
332,0.5284327323162274
333,0.30773231622746183
334,0.7406380027739251
335,0.22018030513176146
336,1.3585298196948683
337,0.727635228848821
338,0.41816920943134533
339,0.6175450762829404
340,0.9138349514563107
341,0.19642857142857142
342,2.611477115117892
343,2.108356449375867
344,0.23855755894590844
345,0.37170596393897365
346,1.6910540915395285
347,0.12170596393897365
348,7.204403606102636
349,2.148404993065187
350,1.1395631067961165
351,0.8027045769764216
352,0.7635228848821082
353,0.4360263522884882
354,0.707004160887656
355,3.0058945908460473
356,2.000346740638003
357,1.9105409153952844
358,1.7068307905686546
359,0.6888002773925104
360,2.2675104022191404
361,0.3711858529819695
362,0.6090499306518724
363,0.8639042995839112
364,0.5530513176144244
365,6.672330097087379
366,3.444001386962552
367,1.7815533980582525
368,1.83876560332871
369,1.1463245492371705
370,2.3949375866851597
371,1.5625866851595007
372,0.4563106796116505
373,0.7357836338418863
374,1.4160887656033287
375,0.3958044382801664
376,0.7479195561719834
377,1.0116158113730929
378,2.265429958391123
379,1.27375173370319
380,0.611130374479889
381,0.47018030513176146
382,1.4483356449375866
383,2.159500693481276
384,1.0440360610263522
385,1.5937933425797501
386,1.8217753120665743
387,1.8202149791955615
388,2.183599167822469
389,1.13124133148405
390,0.39840499306518723
391,0.6598474341192788
392,1.2806865464632455
393,0.5906726768377254
394,0.5610263522884882
395,0.3774271844660194
396,0.6745839112343968
397,0.9641123439667129
398,0.4107142857142857
399,1.0015603328710125
400,1.2383841886269071
401,0.4382801664355062
402,1.141123439667129
403,0.3278432732316227
404,1.518897364771151
405,1.100381414701803
406,2.0889389736477115
407,1.7498266296809986
408,1.7910887656033285
409,0.4342926490984743
410,0.463245492371706
411,0.39528432732316227
412,0.4843966712898752
413,1.1243065187239945
414,1.1752773925104023
415,0.855755894590846
416,1.3321775312066575
417,0.8053051317614425
418,0.7716712898751734
419,0.42267683772538145
420,0.5123092926490984
421,0.3108529819694868
422,0.28363384188626906
423,3.85124826629681
424,1.4523231622746187
425,1.0048543689320388
426,1.055131761442441
427,1.3694521497919556
428,1.4734743411927878
429,1.717753120665742
430,0.28640776699029125
431,0.5395284327323162
432,1.2855409153952841
433,0.38089459084604715
434,0.33391123439667125
435,2.9393203883495147
436,0.933252427184466
437,0.687239944521498
438,0.5547850208044383
439,0.32732316227461855
440,0.7815533980582524
441,1.2259015256588073
442,0.6288141470180305
443,0.16036754507628292
444,1.9518030513176146
445,1.4003120665742026
446,2.427011095700416
447,0.7146324549237171
448,0.5865117891816921
449,0.5528779472954231
450,0.9433079056865465
451,0.44521497919556174
452,0.5934466019417476
453,0.4618585298196949
454,0.6596740638002774
455,0.6449375866851594
456,0.09899445214979195
457,0.6087031900138696
458,1.5157766990291262
459,0.18984049930651875
460,0.38470873786407767
461,0.2725381414701803
462,0.6409500693481276
463,0.21740638002773927
464,5.664528432732316
465,3.015429958391123
466,2.1478848821081833
467,0.411754507628294
468,1.6520457697642164
469,1.5423023578363384
470,0.8701456310679612
471,4.308945908460472
472,2.1414701803051317
473,2.1731969486823854
474,1.2671636615811375
475,1.1314147018030511
476,2.5436893203883493
477,0.3143203883495146
478,0.8685852981969486
479,0.4147018030513176
480,1.9016990291262137
481,14.629334257975035
482,2.8089459084604718
483,1.6116504854368932
484,3.710298196948682
485,1.5507975034674062
486,4.388002773925104
487,0.9854368932038835
488,1.0903259361997226
489,1.1152912621359223
490,1.2078710124826628
491,0.3580097087378641
492,0.3195214979195562
493,2.2139389736477115
494,3.0374479889043
495,0.27860610263522884
496,0.31934812760055475
497,0.3580097087378641
498,1.5449029126213594
499,0.7264216366158114
500,1.2954230235783633
501,0.167128987517337
502,4.300277392510402
503,2.122919556171983
504,1.4530166435506242
505,1.7685506241331483
506,1.094486823855756
507,0.40360610263522884
508,0.643377253814147
509,0.24757281553398058
510,0.4552704576976422
511,0.440880721220527
512,0.5319001386962552
513,1.1962552011095702
514,0.1834257975034674
515,0.14771151178918168
516,1.5532246879334257
517,1.3001040221914009
518,0.17527739251040222
519,0.25312066574202496
520,1.7331830790568654
521,0.125
522,2.705963938973648
523,1.6516990291262137
524,1.0128294036061027
525,0.6338418862690707
526,0.9857836338418862
527,0.8996185852981969
528,0.6369625520110958
529,3.2454923717059643
530,1.5922330097087378
531,1.772018030513176
532,1.2009361997226073
533,1.2827669902912622
534,0.45041608876560335
535,0.3111997226074896
536,0.5109223300970873
537,0.19764216366158113
538,0.3288834951456311
539,9.517163661581137
540,2.949895977808599
541,1.8203883495145632
542,2.550624133148405
543,2.3550624133148403
544,1.4230235783633842
545,1.3259361997226073
546,1.679611650485437
547,0.7633495145631068
548,1.2366504854368932
549,0.8120665742024965
550,0.26907073509015256
551,1.9438280166435504
552,2.0341539528432735
553,0.882628294036061
554,0.2917822468793343
555,0.29958391123439665
556,0.8942441054091539
557,1.1513522884882108
558,0.41002080443828015
559,0.950242718446602
560,4.489077669902913
561,1.3666782246879334
562,1.485263522884882
563,1.1071428571428572
564,0.23144937586685158
565,0.4069001386962552
566,0.6080097087378641
567,1.4516296809986131
568,0.510748959778086
569,0.3483009708737864
570,0.4909847434119279
571,0.3855755894590846
572,0.09414008321775312
573,0.0584257975034674
574,1.2676837725381414
575,1.4947988904299583
576,0.3765603328710125
577,0.2337031900138696
578,0.49167822468793343
579,0.40898058252427183
580,7.263049450549451
581,2.6229395604395602
582,1.271978021978022
583,0.554945054945055
584,0.713598901098901
585,0.21016483516483517
586,0.6043956043956045
587,2.142857142857143
588,1.7877747252747254
589,1.0
590,1.3324175824175826
591,1.117445054945055
592,1.3186813186813187
593,0.5686813186813187
594,0.4340659340659341
595,0.21497252747252746
596,0.28296703296703296
597,3.8708791208791213
598,2.668956043956044
599,1.2019230769230769
600,2.5796703296703294
601,1.081043956043956
602,1.6085164835164836
603,1.7815934065934065
604,0.8921703296703297
605,0.6545329670329669
606,0.9903846153846154
607,0.614010989010989
608,0.6407967032967032
609,0.8125
610,2.3179945054945055
611,1.543956043956044
612,0.4574175824175824
613,0.4107142857142857
614,0.8289835164835164
615,1.4642857142857144
616,1.257554945054945
617,0.4725274725274725
618,1.286401098901099
619,2.51510989010989
620,1.706043956043956
621,0.8770604395604396
622,0.6620879120879121
623,0.7527472527472527
624,1.2554945054945055
625,0.32417582417582413
626,0.713598901098901
627,0.6538461538461539
628,0.6840659340659341
629,0.9629120879120878
630,0.125
631,0.4835164835164835
632,0.5480769230769231
633,0.29532967032967034
634,0.6146978021978021
635,0.37774725274725274
636,0.9519230769230769
637,0.9237637362637363
638,4.946428571428571
639,1.6758241758241759
640,1.059065934065934
641,0.5391483516483516
642,0.3131868131868132
643,0.603021978021978
644,1.268543956043956
645,2.135302197802198
646,1.8633241758241756
647,1.2472527472527473
648,0.7644230769230769
649,1.4677197802197801
650,0.37293956043956045
651,0.8461538461538461
652,0.5171703296703296
653,0.42719780219780223
654,0.1456043956043956
655,5.694368131868131
656,3.1929945054945055
657,0.6730769230769231
658,2.2328296703296706
659,2.052197802197802
660,1.2177197802197801
661,2.3358516483516483
662,1.1517857142857144
663,0.5350274725274725
664,0.1449175824175824
665,0.5714285714285714
666,0.9773351648351648
667,3.8674450549450547
668,0.32280219780219777
669,1.1009615384615383
670,1.2259615384615383
671,1.0343406593406594
672,0.16002747252747251
673,0.46565934065934067
674,0.1778846153846154
675,0.37293956043956045
676,1.0542582417582418
677,1.7204670329670328
678,0.5631868131868132
679,0.4107142857142857
680,0.6298076923076923
681,0.7788461538461539
682,0.6057692307692308
683,0.27403846153846156
684,1.0762362637362637
685,0.45260989010989017
686,0.6538461538461539
687,0.16964285714285715
688,0.0
689,0.3942307692307692
690,1.3722527472527473
691,0.12637362637362637
692,0.20604395604395603
693,0.6366758241758241
694,0.5206043956043956
695,0.20604395604395603
696,6.2973901098901095
697,1.793956043956044
698,1.8990384615384617
699,2.2142857142857144
700,1.3736263736263736
701,0.6456043956043955
702,0.8578296703296704
703,2.114697802197802
704,1.4464285714285714
705,1.9402472527472527
706,1.0961538461538463
707,1.7190934065934065
708,0.3839285714285714
709,0.7513736263736264
710,0.8660714285714286
711,0.6600274725274725
712,0.385989010989011
713,13.536401098901099
714,3.105082417582418
715,1.4951923076923077
716,3.506868131868132
717,4.9416208791208796
718,1.8482142857142856
719,0.8399725274725275
720,2.1394230769230766
721,1.2815934065934065
722,0.5563186813186813
723,1.0652472527472527
724,1.1682692307692308
725,1.8550824175824177
726,1.0391483516483517
727,1.4210164835164836
728,1.1923076923076923
729,0.8214285714285714
730,0.6813186813186813
731,1.2493131868131868
732,1.2733516483516483
733,0.30631868131868134
734,1.8983516483516483
735,2.447802197802198
736,1.8804945054945055
737,1.0082417582417582
738,0.7795329670329669
739,1.3461538461538463
740,1.4972527472527473
741,0.5776098901098902
742,0.8543956043956045
743,0.7554945054945055
744,0.7795329670329669
745,0.45741758241758246
746,0.6037087912087912
747,0.3894230769230769
748,1.3866758241758244
749,0.2623626373626374
750,0.7101648351648352
751,0.757554945054945
752,1.335164835164835
753,0.4409340659340659
754,6.012362637362638
755,3.967032967032967
756,2.4498626373626373
757,1.4045329670329672
758,1.106456043956044
759,0.8612637362637363
760,1.0940934065934065
761,1.3379120879120878
762,2.7135989010989015
763,1.793956043956044
764,0.7589285714285714
765,1.603021978021978
766,0.4072802197802198
767,1.0281593406593406
768,0.668956043956044
769,0.75
770,0.22321428571428573
771,7.691620879120879
772,2.194368131868132
773,0.3701923076923077
774,3.5501373626373622
775,5.084478021978022
776,1.5631868131868132
777,1.7671703296703298
778,1.6696428571428572
779,0.7005494505494505
780,0.8839285714285714
781,1.0446428571428572
782,1.1758241758241759
783,1.8990384615384617
784,1.2197802197802199
785,0.4429945054945055
786,0.6771978021978022
787,0.5673076923076923
788,0.5192307692307692
789,1.7184065934065935
790,1.1991758241758241
791,0.375
792,2.4436813186813184
793,1.8674450549450552
794,2.2135989010989015
795,1.0652472527472527
796,0.9162087912087913
797,0.5425824175824177
798,1.4491758241758241
799,0.6730769230769231
800,1.5714285714285714
801,1.4065934065934065
802,0.6600274725274725
803,0.33241758241758246
804,0.2774725274725275
805,0.4381868131868132
806,1.584478021978022
807,0.14285714285714285
808,0.36126373626373626
809,0.27403846153846156
810,0.9965659340659341
811,0.782967032967033
812,4.246565934065934
813,4.667582417582418
814,3.9278846153846154
815,1.5247252747252746
816,1.245879120879121
817,0.6366758241758241
818,0.7376373626373627
819,8.134615384615385
820,2.991758241758242
821,2.642857142857143
822,0.7472527472527473
823,2.1607142857142856
824,0.5982142857142857
825,4.324175824175824
826,1.0048076923076923
827,1.1662087912087913
828,0.8337912087912087
829,14.392857142857142
830,3.8241758241758244
831,2.418269230769231
832,3.331730769230769
833,3.980082417582418
834,1.7987637362637363
835,3.0013736263736264
836,3.416208791208791
837,1.290521978021978
838,0.2692307692307692
839,1.4107142857142856
840,0.9423076923076923
841,4.012362637362637
842,2.2884615384615383
843,0.8557692307692307
844,1.7342032967032965
845,0.8804945054945055
846,3.1236263736263736
847,2.258928571428571
848,0.8131868131868132
849,1.0453296703296702
850,6.43956043956044
851,1.084478021978022
852,2.7342032967032965
853,2.4086538461538463
854,1.8475274725274726
855,1.57760989010989
856,2.1394230769230766
857,1.2032967032967035
858,1.5934065934065935
859,0.9986263736263736
860,1.1160714285714286
861,0.6373626373626373
862,0.3715659340659341
863,0.621565934065934
864,2.531593406593407
865,0.12980769230769232
866,0.43337912087912084
867,0.9615384615384616
868,1.4842032967032965
869,0.0
870,7.458791208791208
871,2.1826923076923075
872,1.1339285714285714
873,1.1586538461538463
874,1.6826923076923077
875,0.9718406593406592
876,0.8846153846153846
877,2.739697802197802
878,2.624313186813187
879,2.337912087912088
880,2.2857142857142856
881,2.1875
882,0.5192307692307692
883,0.7891483516483516
884,1.5762362637362637
885,0.8331043956043955
886,0.19848901098901098
887,15.369505494505495
888,5.967032967032967
889,0.9519230769230769
890,4.837912087912088
891,1.9395604395604398
892,2.271291208791209
893,1.5446428571428572
894,2.0164835164835164
895,1.2218406593406592
896,0.6064560439560439
897,1.1820054945054945
898,0.7197802197802198
899,1.7987637362637363
900,2.2259615384615383
901,0.6943681318681318
902,0.9443681318681318
903,0.24107142857142858
904,0.9320054945054945
905,0.6373626373626373
906,0.2699175824175824
907,0.5714285714285714
908,1.848901098901099
909,1.0391483516483517
910,0.9491758241758241
911,1.6579670329670328
912,0.5789835164835164
913,0.19986263736263737
914,0.8090659340659341
915,0.25206043956043955
916,1.304945054945055
917,0.6758241758241759
918,0.39697802197802196
919,0.5377747252747254
920,0.9134615384615384
921,0.20123626373626374
922,2.54739010989011
923,2.116758241758242
924,0.23351648351648352
925,0.385989010989011
926,1.6607142857142858
927,0.11195054945054944
928,7.17032967032967
929,2.3282967032967035
930,1.1634615384615383
931,0.867445054945055
932,0.6737637362637362
933,0.4148351648351648
934,0.6854395604395604
935,3.004120879120879
936,1.914835164835165
937,1.8811813186813189
938,1.728021978021978
939,0.6373626373626373
940,2.1943681318681323
941,0.32623626373626374
942,0.4464285714285714
943,0.7396978021978022
944,0.5995879120879121
945,6.673076923076923
946,3.6916208791208796
947,1.6875
948,1.933379120879121
949,1.098901098901099
950,2.3866758241758244
951,1.4402472527472527
952,0.5384615384615384
953,0.6792582417582418
954,1.3983516483516483
955,0.40934065934065933
956,0.7465659340659341
957,1.1181318681318682
958,2.2342032967032965
959,1.4210164835164836
960,0.584478021978022
961,0.5309065934065934
962,1.396291208791209
963,1.9539835164835164
964,0.948489010989011
965,1.4773351648351647
966,1.7218406593406592
967,1.864697802197802
968,2.006181318681319
969,1.0872252747252746
970,0.4677197802197802
971,0.6380494505494505
972,1.1648351648351647
973,0.4313186813186813
974,0.5061813186813187
975,0.3605769230769231
976,0.7300824175824177
977,0.9107142857142857
978,0.4107142857142857
979,1.0013736263736264
980,1.271291208791209
981,0.4814560439560439
982,1.1311813186813187
983,0.32280219780219777
984,1.5315934065934065
985,1.099587912087912
986,2.010989010989011
987,1.9079670329670328
988,1.6483516483516483
989,0.4608516483516484
990,0.4697802197802198
991,0.28708791208791207
992,0.3708791208791209
993,1.151098901098901
994,1.242445054945055
995,0.8708791208791209
996,1.2053571428571428
997,0.7767857142857143
998,0.7060439560439561
999,0.3956043956043956
1000,0.5054945054945055
1001,0.1401098901098901
1002,0.3880494505494505
1003,3.901098901098901
1004,1.5995879120879122
1005,1.125
1006,1.117445054945055
1007,1.304945054945055
1008,1.4862637362637363
1009,1.5453296703296702
1010,0.3125
1011,0.43063186813186816
1012,1.260989010989011
1013,0.3983516483516484
1014,0.33241758241758246
1015,3.019230769230769
1016,0.9711538461538461
1017,0.8907967032967032
1018,0.6064560439560439
1019,0.26785714285714285
1020,0.8557692307692307
1021,1.2170329670329672
1022,0.6112637362637363
1023,0.15453296703296704
1024,1.9292582417582418
1025,1.4464285714285714
1026,2.3262362637362637
1027,0.6820054945054945
1028,0.5350274725274725
1029,0.5460164835164836
1030,0.8282967032967032
1031,0.6002747252747253
1032,0.6009615384615384
1033,0.49313186813186816
1034,0.6037087912087913
1035,0.5645604395604396
1036,0.08928571428571429
1037,0.6181318681318682
1038,1.4471153846153846
1039,0.18475274725274726
1040,0.3942307692307692
1041,0.2623626373626374
1042,0.6353021978021979
1043,0.21703296703296704
1044,5.978708791208791
1045,2.9986263736263736
1046,2.153159340659341
1047,0.4340659340659341
1048,1.6263736263736264
1049,1.677197802197802
1050,0.8125
1051,4.252747252747253
1052,2.070054945054945
1053,2.147664835164835
1054,1.183379120879121
1055,1.0494505494505493
1056,2.5144230769230766
1057,0.27884615384615385
1058,0.8736263736263736
1059,0.2967032967032967
1060,1.9326923076923077
1061,14.935439560439558
1062,2.8152472527472527
1063,1.8076923076923077
1064,3.823489010989011
1065,1.29739010989011
1066,4.34478021978022
1067,0.8942307692307692
1068,1.0309065934065935
1069,1.2596153846153846
1070,1.2465659340659339
1071,0.39903846153846156
1072,0.29464285714285715
1073,2.2850274725274726
1074,3.0137362637362637
1075,0.459478021978022
1076,0.29876373626373626
1077,0.14903846153846154
1078,1.6586538461538463
1079,0.7142857142857143
1080,1.4443681318681318
1081,0.16208791208791207
1082,4.50206043956044
1083,1.7802197802197801
1084,1.4581043956043955
1085,1.6648351648351647
1086,1.0858516483516483
1087,0.3248626373626373
1088,0.7122252747252746
1089,0.23076923076923078
1090,0.39491758241758246
1091,0.41964285714285715
1092,0.5782967032967032
1093,1.1717032967032968
1094,0.17857142857142858
1095,0.14766483516483517
1096,1.581043956043956
1097,1.3427197802197803
1098,0.16071428571428573
1099,0.24793956043956042
1100,1.6929945054945055
1101,0.125
1102,2.9505494505494507
1103,1.5048076923076923
1104,1.0604395604395604
1105,0.6071428571428572
1106,0.948489010989011
1107,0.9196428571428572
1108,0.5570054945054945
1109,3.15521978021978
1110,1.4807692307692308
1111,1.760302197802198
1112,1.2960164835164836
1113,1.1346153846153846
1114,0.4285714285714286
1115,0.3001373626373627
1116,0.4855769230769231
1117,0.2396978021978022
1118,0.3605769230769231
1119,9.760302197802197
1120,2.6092032967032965
1121,1.7403846153846154
1122,2.758241758241758
1123,2.493131868131868
1124,1.353708791208791
1125,1.3777472527472527
1126,1.6057692307692308
1127,0.7980769230769231
1128,1.1538461538461537
1129,0.7410714285714286
1130,0.21978021978021978
1131,1.897664835164835
1132,2.0247252747252746
1133,0.8667582417582418
1134,0.2664835164835165
1135,0.3310439560439561
1136,0.9896978021978022
1137,1.114010989010989
1138,0.4945054945054945
1139,1.0625
1140,4.211538461538462
1141,1.2891483516483517
1142,1.441620879120879
1143,1.1552197802197801
1144,0.19574175824175824
1145,0.41964285714285715
1146,0.5336538461538461
1147,1.4622252747252746
1148,0.4993131868131868
1149,0.2548076923076923
1150,0.49793956043956045
1151,0.3592032967032967
1152,0.09409340659340659
1153,0.06318681318681318
1154,1.3152472527472527
1155,1.4697802197802197
1156,0.3715659340659341
1157,0.25274725274725274
1158,0.4766483516483516
1159,0.4471153846153846
1160,7.248626373626374
1161,2.4498626373626373
1162,1.223901098901099
1163,0.6126373626373627
1164,0.7520604395604396
1165,0.28708791208791207
1166,0.5274725274725275
1167,2.09478021978022
1168,1.802197802197802
1169,0.7836538461538461
1170,1.3756868131868132
1171,1.103021978021978
1172,1.3523351648351647
1173,0.5013736263736264
1174,0.4148351648351648
1175,0.19574175824175824
1176,0.2445054945054945
1177,3.938186813186813
1178,2.457417582417582
1179,1.6586538461538463
1180,2.5171703296703294
1181,0.9223901098901098
1182,1.5604395604395604
1183,1.6806318681318682
1184,0.8152472527472527
1185,0.6833791208791209
1186,1.0240384615384617
1187,0.489010989010989
1188,0.6311813186813187
1189,0.8221153846153846
1190,2.303571428571429
1191,1.7218406593406592
1192,0.5391483516483516
1193,0.43956043956043955
1194,0.8866758241758241
1195,1.6902472527472527
1196,1.0315934065934065
1197,0.43887362637362637
1198,1.3440934065934065
1199,2.2218406593406597
1200,1.706043956043956
1201,0.8337912087912087
1202,0.6620879120879121
1203,0.6998626373626373
1204,1.1929945054945055
1205,0.29532967032967034
1206,0.665521978021978
1207,0.7307692307692308
1208,0.7032967032967032
1209,0.9340659340659341
1210,0.13942307692307693
1211,0.47390109890109894
1212,0.5576923076923077
1213,0.3001373626373626
1214,0.6050824175824175
1215,0.3873626373626374
1216,0.9423076923076923
1217,0.8901098901098902
1218,4.965659340659341
1219,1.728708791208791
1220,1.0302197802197801
1221,0.529532967032967
1222,0.3372252747252747
1223,0.5837912087912087
1224,1.6002747252747254
1225,1.885302197802198
1226,1.7671703296703296
1227,1.179945054945055
1228,0.8990384615384616
1229,1.3956043956043955
1230,0.3873626373626373
1231,0.7307692307692308
1232,0.43063186813186816
1233,0.4320054945054945
1234,0.16483516483516483
1235,5.81456043956044
1236,3.303571428571429
1237,0.6875
1238,2.2472527472527473
1239,2.0137362637362637
1240,1.1407967032967032
1241,2.1387362637362637
1242,1.1085164835164836
1243,0.5638736263736264
1244,0.15934065934065933
1245,0.6627747252747254
1246,0.9100274725274724
1247,3.9924450549450547
1248,0.3179945054945055
1249,1.2548076923076923
1250,1.0961538461538463
1251,1.0920329670329672
1252,0.19368131868131866
1253,0.5041208791208791
1254,0.07211538461538461
1255,0.3248626373626373
1256,1.0975274725274724
1257,1.5714285714285714
1258,0.5247252747252746
1259,0.42994505494505497
1260,0.6442307692307692
1261,0.7884615384615384
1262,0.6298076923076923
1263,0.23076923076923078
1264,1.0858516483516483
1265,0.34203296703296704
1266,0.6009615384615384
1267,0.18887362637362637
1268,0.0
1269,0.3798076923076923
1270,1.3866758241758244
1271,0.11195054945054944
1272,0.21085164835164835
1273,0.5837912087912088
1274,0.510989010989011
1275,0.2445054945054945
1276,6.230082417582418
1277,1.9862637362637363
1278,1.8990384615384617
1279,2.0364010989010985
1280,1.551510989010989
1281,0.48214285714285715
1282,0.7232142857142857
1283,2.0570054945054945
1284,1.3021978021978022
1285,1.8777472527472527
1286,0.9086538461538461
1287,1.5940934065934065
1288,0.3070054945054945
1289,0.7561813186813187
1290,0.7314560439560439
1291,0.6696428571428572
1292,0.4244505494505495
1293,13.930631868131869
1294,3.2877747252747254
1295,1.4567307692307692
1296,3.468406593406593
1297,5.076236263736265
1298,1.8578296703296702
1299,0.8976648351648352
1300,2.0769230769230766
1301,1.3585164835164836
1302,0.489010989010989
1303,1.007554945054945
1304,1.2692307692307692
1305,1.8262362637362637
1306,1.0679945054945055
1307,1.4306318681318682
1308,1.0817307692307692
1309,0.9752747252747253
1310,0.7486263736263736
1311,1.3695054945054945
1312,1.4512362637362637
1313,0.3207417582417582
1314,1.816620879120879
1315,2.418956043956044
1316,1.8324175824175826
1317,0.9986263736263736
1318,0.7603021978021978
1319,1.2884615384615383
1320,1.6607142857142856
1321,0.5535714285714286
1322,0.9168956043956045
1323,0.7651098901098901
1324,0.7458791208791209
1325,0.4814560439560439
1326,0.6037087912087912
1327,0.3798076923076923
1328,1.3770604395604396
1329,0.23351648351648352
1330,0.6717032967032968
1331,0.7335164835164836
1332,1.426510989010989
1333,0.47458791208791207
1334,5.868131868131869
1335,4.154532967032967
1336,2.6614010989010985
1337,1.370879120879121
1338,1.0247252747252746
1339,0.7651098901098901
1340,1.0892857142857144
1341,1.3186813186813187
1342,2.7424450549450547
1343,1.57760989010989
1344,0.8021978021978022
1345,1.7039835164835166
1346,0.33516483516483514
1347,1.0521978021978022
1348,0.6737637362637363
1349,0.6538461538461539
1350,0.22321428571428573
1351,8.061813186813186
1352,2.4347527472527473
1353,0.4519230769230769
1354,3.5164835164835164
1355,4.940247252747253
1356,1.4093406593406594
1357,1.445054945054945
1358,1.6167582417582418
1359,0.7486263736263736
1360,0.8935439560439561
1361,0.9292582417582418
1362,1.0508241758241759
1363,2.0913461538461537
1364,1.2486263736263736
1365,0.6208791208791209
1366,0.6723901098901099
1367,0.5
1368,0.5865384615384616
1369,1.6943681318681318
1370,1.338598901098901
1371,0.4182692307692308
1372,2.698489010989011
1373,1.9203296703296704
1374,2.0260989010989015
1375,0.973901098901099
1376,0.9690934065934066
1377,0.5954670329670331
1378,1.4539835164835164
1379,0.7259615384615384
1380,1.6483516483516483
1381,1.3681318681318682
1382,0.7369505494505495
1383,0.3083791208791209
1384,0.26785714285714285
1385,0.4429945054945055
1386,1.5796703296703296
1387,0.14766483516483517
1388,0.3179945054945055
1389,0.28846153846153844
1390,0.9581043956043955
1391,0.7637362637362637
1392,4.5782967032967035
1393,4.239697802197803
1394,4.125
1395,1.4910714285714286
1396,1.2266483516483517
1397,0.6895604395604396
1398,0.7857142857142857
1399,7.884615384615385
1400,2.84271978021978
1401,2.6284340659340657
1402,0.6366758241758241
1403,2.021291208791209
1404,0.5693681318681318
1405,4.804945054945055
1406,1.0
1407,1.0652472527472527
1408,0.804945054945055
1409,15.24381868131868
1410,3.5068681318681323
1411,2.423076923076923
1412,3.331730769230769
1413,3.720467032967033
1414,1.808379120879121
1415,2.400412087912088
1416,3.9402472527472527
1417,1.3578296703296702
1418,0.3076923076923077
1419,1.4107142857142856
1420,0.7355769230769231
1421,4.488324175824176
1422,2.1730769230769234
1423,0.8701923076923077
1424,1.7149725274725274
1425,0.5776098901098901
1426,3.3592032967032965
1427,2.008928571428571
1428,0.8468406593406593
1429,1.0501373626373627
1430,6.040521978021978
1431,0.9979395604395604
1432,2.7534340659340657
1433,2.4423076923076925
1434,1.8571428571428572
1435,1.606456043956044
1436,2.418269230769231
1437,1.1167582417582418
1438,1.5453296703296702
1439,0.9024725274725276
1440,1.058379120879121
1441,0.5556318681318682
1442,0.3811813186813187
1443,0.6167582417582417
1444,2.488324175824176
1445,0.1346153846153846
1446,0.4526098901098901
1447,0.9278846153846154
1448,1.460164835164835
1449,0.0
1450,7.367445054945055
1451,1.8653846153846154
1452,1.2589285714285714
1453,1.2355769230769231
1454,1.625
1455,1.0006868131868132
1456,0.8125
1457,2.720467032967033
1458,2.508928571428571
1459,1.977335164835165
1460,2.179945054945055
1461,2.2019230769230766
1462,0.5384615384615384
1463,0.8035714285714286
1464,1.5233516483516483
1465,0.7225274725274725
1466,0.15521978021978022
1467,15.633928571428571
1468,6.063186813186813
1469,0.8990384615384616
1470,5.145604395604396
1471,1.915521978021978
1472,2.2424450549450547
1473,1.5206043956043955
1474,1.9347527472527473
1475,1.2554945054945055
1476,0.6449175824175823
1477,1.2012362637362637
1478,0.676510989010989
1479,1.8949175824175826
1480,2.331730769230769
1481,0.7039835164835164
1482,1.0934065934065935
1483,0.1353021978021978
1484,0.8695054945054945
1485,0.6277472527472527
1486,0.3372252747252747
1487,0.5858516483516484
1488,1.911401098901099
1489,0.9670329670329669
1490,0.9732142857142857
1491,1.7252747252747254
1492,0.5934065934065934
1493,0.2383241758241758
1494,0.698489010989011
1495,0.25206043956043955
1496,1.3722527472527473
1497,0.6181318681318682
1498,0.5123626373626373
1499,0.5233516483516484
1500,0.9182692307692307
1501,0.19642857142857142
1502,2.590659340659341
1503,2.087912087912088
1504,0.22390109890109888
1505,0.385989010989011
1506,1.6607142857142858
1507,0.11675824175824176
1508,7.17032967032967
1509,2.054258241758242
1510,1.2211538461538463
1511,0.8001373626373627
1512,0.7122252747252746
1513,0.3667582417582418
1514,0.7287087912087913
1515,2.643543956043956
1516,1.8475274725274726
1517,1.996565934065934
1518,1.6318681318681318
1519,0.6421703296703296
1520,2.1414835164835164
1521,0.2973901098901099
1522,0.40315934065934067
1523,0.6916208791208791
1524,0.6284340659340659
1525,6.480769230769231
1526,3.4416208791208796
1527,2.0048076923076925
1528,1.8949175824175826
1529,1.2190934065934065
1530,2.2472527472527473
1531,1.4931318681318682
1532,0.5192307692307693
1533,0.7417582417582418
1534,1.2781593406593406
1535,0.3756868131868132
1536,0.6600274725274725
1537,1.4210164835164836
1538,2.099587912087912
1539,1.353708791208791
1540,0.5748626373626373
1541,0.4059065934065934
1542,1.4732142857142856
1543,2.0741758241758244
1544,1.0879120879120878
1545,1.6023351648351647
1546,1.745879120879121
1547,1.7733516483516483
1548,2.09271978021978
1549,1.0487637362637363
1550,0.4532967032967033
1551,0.5851648351648352
1552,1.1552197802197801
1553,0.49862637362637363
1554,0.5494505494505495
1555,0.34134615384615385
1556,0.8214285714285714
1557,0.9732142857142857
1558,0.42032967032967034
1559,1.010989010989011
1560,1.242445054945055
1561,0.4574175824175824
1562,1.164835164835165
1563,0.3324175824175824
1564,1.4498626373626373
1565,1.085164835164835
1566,2.107142857142857
1567,1.9512362637362637
1568,1.6531593406593408
1569,0.5041208791208791
1570,0.5178571428571428
1571,0.3351648351648352
1572,0.35645604395604397
1573,1.0789835164835164
1574,1.2376373626373627
1575,0.8324175824175823
1576,1.1476648351648353
1577,0.646978021978022
1578,0.7300824175824177
1579,0.30425824175824173
1580,0.4141483516483516
1581,0.21703296703296704
1582,0.36881868131868134
1583,3.631868131868132
1584,1.5034340659340661
1585,1.0865384615384615
1586,1.290521978021978
1587,1.2472527472527473
1588,1.5343406593406592
1589,1.526098901098901
1590,0.5144230769230769
1591,0.4739010989010989
1592,1.121565934065934
1593,0.32623626373626374
1594,0.35645604395604397
1595,2.956730769230769
1596,0.9519230769230769
1597,0.8042582417582418
1598,0.6016483516483516
1599,0.2534340659340659
1600,0.8942307692307693
1601,1.293956043956044
1602,0.7122252747252746
1603,0.15453296703296704
1604,1.962912087912088
1605,1.5233516483516483
1606,2.331043956043956
1607,0.6916208791208791
1608,0.5590659340659341
1609,0.570054945054945
1610,0.8475274725274725
1611,0.48969780219780223
1612,0.6153846153846154
1613,0.44505494505494503
1614,0.570054945054945
1615,0.6222527472527473
1616,0.08928571428571429
1617,0.5989010989010989
1618,1.4951923076923077
1619,0.17032967032967034
1620,0.40384615384615385
1621,0.24313186813186813
1622,0.6401098901098902
1623,0.19780219780219782
1624,5.228708791208791
1625,2.955357142857143
1626,2.254120879120879
1627,0.41964285714285715
1628,1.7225274725274726
1629,1.5329670329670328
1630,0.7307692307692308
1631,4.06043956043956
1632,2.2142857142857144
1633,2.142857142857143
1634,1.2843406593406592
1635,1.059065934065934
1636,2.3461538461538463
1637,0.27403846153846156
1638,0.8159340659340659
1639,0.31112637362637363
1640,1.9326923076923077
1641,15.060439560439558
1642,2.6758241758241756
1643,1.8125
1644,4.006181318681319
1645,1.5425824175824174
1646,4.503434065934066
1647,0.8173076923076923
1648,1.0741758241758241
1649,1.1778846153846154
1650,1.1167582417582418
1651,0.34134615384615385
1652,0.3282967032967033
1653,2.087912087912088
1654,3.04739010989011
1655,0.4450549450549451
1656,0.3083791208791209
1657,0.22115384615384615
1658,1.7355769230769231
1659,0.8729395604395604
1660,1.333791208791209
1661,0.21497252747252746
1662,4.50206043956044
1663,1.7994505494505493
1664,1.5494505494505493
1665,1.6311813186813187
1666,1.081043956043956
1667,0.33447802197802196
1668,0.6401098901098901
1669,0.20673076923076922
1670,0.4333791208791209
1671,0.4244505494505495
1672,0.6263736263736264
1673,1.1957417582417582
1674,0.19780219780219782
1675,0.14766483516483517
1676,1.5570054945054945
1677,1.3042582417582418
1678,0.18475274725274726
1679,0.2912087912087912
1680,1.683379120879121
1681,0.13942307692307693
1682,2.2149725274725274
1683,1.7884615384615383
1684,0.9546703296703296
1685,0.6263736263736264
1686,0.8956043956043955
1687,0.8619505494505495
1688,0.6579670329670331
1689,3.193681318681319
1690,1.4519230769230769
1691,1.6304945054945055
1692,1.2335164835164836
1693,1.1923076923076923
1694,0.4333791208791209
1695,0.3385989010989011
1696,0.5
1697,0.22046703296703296
1698,0.28846153846153844
1699,10.07760989010989
1700,2.7967032967032965
1701,1.8798076923076923
1702,2.7534340659340657
1703,2.5171703296703294
1704,1.541208791208791
1705,1.320054945054945
1706,1.6201923076923077
1707,0.7451923076923077
1708,1.0913461538461537
1709,0.6593406593406593
1710,0.2582417582417582
1711,1.503434065934066
1712,2.0487637362637363
1713,0.8763736263736264
1714,0.2760989010989011
1715,0.34546703296703296
1716,0.9704670329670331
1717,1.1188186813186813
1718,0.5233516483516484
1719,1.0384615384615383
1720,4.3076923076923075
1721,1.4141483516483517
1722,1.4271978021978022
1723,1.1792582417582418
1724,0.21016483516483517
1725,0.3427197802197802
1726,0.6057692307692308
1727,1.4141483516483517
1728,0.5041208791208791
1729,0.2548076923076923
1730,0.4690934065934066
1731,0.3447802197802198
1732,0.08928571428571429
1733,0.05357142857142857
1734,1.2767857142857142
1735,1.4697802197802197
1736,0.37637362637362637
1737,0.24793956043956042
1738,0.4622252747252747
1739,0.42788461538461536
1740,7.267857142857142
1741,2.4402472527472527
1742,1.291208791208791
1743,0.5693681318681318
1744,0.8289835164835164
1745,0.3063186813186813
1746,0.5851648351648351
1747,2.0418956043956045
1748,1.5858516483516483
1749,0.7932692307692308
1750,1.6304945054945055
1751,0.963598901098901
1752,1.2754120879120878
1753,0.5542582417582418
1754,0.37637362637362637
1755,0.21497252747252746
1756,0.42719780219780223
1757,3.938186813186813
1758,2.385302197802198
1759,1.3990384615384615
1760,2.7527472527472527
1761,0.9656593406593406
1762,1.603708791208791
1763,1.7479395604395604
1764,0.7431318681318682
1765,0.6353021978021978
1766,0.9519230769230769
1767,0.5082417582417582
1768,0.6167582417582418
1769,0.7884615384615384
1770,2.5872252747252746
1771,1.45260989010989
1772,0.4622252747252747
1773,0.4010989010989011
1774,1.0068681318681318
1775,1.791208791208791
1776,1.161401098901099
1777,0.46291208791208793
1778,1.4258241758241759
1779,2.491071428571429
1780,1.864697802197802
1781,0.9539835164835164
1782,0.8063186813186813
1783,0.6277472527472527
1784,1.3420329670329672
1785,0.31936813186813184
1786,0.7039835164835164
1787,0.6971153846153846
1788,0.7706043956043955
1789,1.0013736263736264
1790,0.125
1791,0.49793956043956045
1792,0.5336538461538461
1793,0.29532967032967034
1794,0.5906593406593407
1795,0.4017857142857143
1796,0.9278846153846154
1797,0.9333791208791209
1798,5.138736263736265
1799,1.9835164835164836
1800,1.059065934065934
1801,0.6112637362637363
1802,0.3179945054945055
1803,0.588598901098901
1804,1.6483516483516483
1805,1.947802197802198
1806,1.7142857142857142
1807,1.1078296703296702
1808,0.8076923076923077
1809,1.4532967032967032
1810,0.33447802197802196
1811,0.7692307692307692
1812,0.43063186813186816
1813,0.3983516483516484
1814,0.17925824175824173
1815,6.078983516483516
1816,3.519917582417582
1817,0.5961538461538461
1818,2.4443681318681323
1819,1.941620879120879
1820,1.2321428571428572
1821,2.480082417582418
1822,1.0027472527472527
1823,0.5157967032967032
1824,0.1353021978021978
1825,0.6291208791208791
1826,0.9100274725274724
1827,4.059752747252747
1828,0.34684065934065933
1829,1.4759615384615383
1830,1.1730769230769231
1831,1.3660714285714286
1832,0.18406593406593408
1833,0.5425824175824175
1834,0.1346153846153846
1835,0.2912087912087912
1836,0.9917582417582418
1837,1.643543956043956
1838,0.5583791208791209
1839,0.31936813186813184
1840,0.6923076923076923
1841,0.6586538461538461
1842,0.6634615384615384
1843,0.2980769230769231
1844,1.0762362637362637
1845,0.5103021978021978
1846,0.7211538461538461
1847,0.2129120879120879
1848,0.0
1849,0.39903846153846156
1850,1.353021978021978
1851,0.11195054945054944
1852,0.22046703296703296
1853,0.6559065934065934
1854,0.5350274725274725
1855,0.2348901098901099
1856,6.845467032967033
1857,1.981456043956044
1858,2.1490384615384617
1859,2.0989010989010985
1860,1.5755494505494507
1861,0.5782967032967032
1862,0.853021978021978
1863,1.98489010989011
1864,1.5329670329670328
1865,2.0267857142857144
1866,0.9759615384615384
1867,1.4354395604395604
1868,0.3358516483516484
1869,0.8186813186813187
1870,0.6978021978021978
1871,0.5350274725274725
1872,0.4340659340659341
1873,14.459478021978022
1874,3.5137362637362637
1875,1.5
1876,3.8722527472527473
1877,5.230082417582418
1878,1.9059065934065935
1879,0.926510989010989
1880,2.043269230769231
1881,1.3585164835164836
1882,0.5274725274725275
1883,0.9546703296703296
1884,1.2355769230769231
1885,1.6050824175824174
1886,1.0872252747252746
1887,1.5027472527472527
1888,1.2548076923076923
1889,0.893543956043956
1890,0.739010989010989
1891,1.2396978021978022
1892,1.331043956043956
1893,0.34958791208791207
1894,2.018543956043956
1895,2.3612637362637363
1896,1.7747252747252746
1897,0.9120879120879122
1898,0.8420329670329669
1899,1.2596153846153846
1900,1.6318681318681318
1901,0.6401098901098902
1902,0.9697802197802199
1903,0.7506868131868132
1904,0.7603021978021978
1905,0.4285714285714286
1906,0.6037087912087912
1907,0.38461538461538464
1908,1.333791208791209
1909,0.22390109890109888
1910,0.6524725274725275
1911,0.6758241758241759
1912,1.3832417582417582
1913,0.4457417582417582
1914,5.916208791208791
1915,4.197802197802197
1916,2.5315934065934065
1917,1.4766483516483517
1918,1.058379120879121
1919,0.8901098901098901
1920,1.0940934065934065
1921,1.309065934065934
1922,2.5789835164835164
1923,1.6160714285714286
1924,0.6820054945054945
1925,1.521291208791209
1926,0.3592032967032967
1927,1.0425824175824174
1928,0.6978021978021978
1929,0.5913461538461539
1930,0.20398351648351648
1931,8.186813186813186
1932,2.6222527472527473
1933,0.42788461538461536
1934,3.79532967032967
1935,5.276785714285714
1936,1.5247252747252746
1937,1.6902472527472527
1938,1.6407967032967035
1939,0.739010989010989
1940,0.9368131868131868
1941,0.9581043956043955
1942,1.1998626373626373
1943,1.9855769230769231
1944,1.301510989010989
1945,0.9718406593406593
1946,0.6820054945054945
1947,0.5673076923076923
1948,0.5625
1949,1.7520604395604398
1950,1.1414835164835164
1951,0.4471153846153846
1952,2.7369505494505493
1953,1.9251373626373627
1954,2.117445054945055
1955,0.9787087912087913
1956,0.973901098901099
1957,0.5521978021978022
1958,1.4876373626373627
1959,0.6538461538461539
1960,1.60989010989011
1961,1.4690934065934065
1962,0.7898351648351649
1963,0.3708791208791209
1964,0.2774725274725275
1965,0.4381868131868132
1966,1.5892857142857142
1967,0.14285714285714285
1968,0.32280219780219777
1969,0.27884615384615385
1970,0.9725274725274725
1971,0.7733516483516483
1972,4.621565934065934
1973,5.600274725274725
1974,4.091346153846153
1975,1.6112637362637363
1976,1.2410714285714286
1977,0.7953296703296703
1978,0.7616758241758241
1979,7.6875
1980,3.1119505494505493
1981,2.5130494505494507
1982,0.665521978021978
1983,2.165521978021978
1984,0.588598901098901
1985,4.199175824175824
1986,0.8509615384615384
1987,0.9931318681318682
1988,0.8289835164835164
1989,16.210164835164832
1990,4.021291208791209
1991,2.4903846153846154
1992,3.5673076923076925
1993,3.811813186813187
1994,1.8035714285714286
1995,2.669642857142857
1996,3.7575549450549453
1997,1.3914835164835164
1998,0.27403846153846156
1999,1.3770604395604396
2000,0.6730769230769231
2001,4.1614010989010985
2002,2.3413461538461537
2003,1.1586538461538463
2004,1.7967032967032965
2005,0.5920329670329669
2006,3.041895604395604
2007,2.2445054945054945
2008,1.0343406593406592
2009,0.9491758241758241
2010,6.603021978021978
2011,0.9883241758241759
2012,3.0274725274725274
2013,2.3701923076923075
2014,2.010989010989011
2015,1.64010989010989
2016,2.4663461538461537
2017,1.385989010989011
2018,1.554945054945055
2019,0.9361263736263736
2020,1.043956043956044
2021,0.5604395604395604
2022,0.35714285714285715
2023,0.635989010989011
2024,2.5027472527472527
2025,0.1346153846153846
2026,0.4526098901098901
2027,1.0625
2028,1.5082417582417582
2029,0.0
2030,7.929945054945055
2031,2.1538461538461537
2032,1.254120879120879
2033,1.4086538461538463
2034,1.8461538461538463
2035,1.1353021978021978
2036,0.9423076923076923
2037,2.8358516483516483
2038,2.595467032967033
2039,1.9917582417582418
2040,2.4010989010989015
2041,2.0913461538461537
2042,0.5
2043,0.9093406593406593
2044,1.4752747252747254
2045,0.7657967032967032
2046,0.2032967032967033
2047,16.157967032967033
2048,6.510302197802197
2049,1.1875
2050,5.746565934065934
2051,2.054945054945055
2052,2.2664835164835164
2053,1.6696428571428572
2054,1.8914835164835164
2055,1.4285714285714286
2056,0.6208791208791209
2057,1.3406593406593408
2058,0.6861263736263736
2059,1.995879120879121
2060,2.4951923076923075
2061,0.8289835164835164
2062,1.040521978021978
2063,0.16414835164835165
2064,0.9800824175824177
2065,0.6565934065934066
2066,0.4526098901098901
2067,0.6387362637362637
2068,2.0940934065934065
2069,1.0391483516483517
2070,0.992445054945055
2071,1.7252747252747254
2072,0.6991758241758241
2073,0.2623626373626374
2074,0.8715659340659341
2075,0.2760989010989011
2076,1.3289835164835164
2077,0.6517857142857143
2078,0.39217032967032966
2079,0.532967032967033
2080,0.8798076923076923
2081,0.21085164835164835
2082,2.6771978021978025
2083,2.1119505494505497
2084,0.25274725274725274
2085,0.3715659340659341
2086,1.6559065934065935
2087,0.12156593406593406
2088,7.309752747252747
2089,2.3282967032967035
2090,1.2548076923076923
2091,0.838598901098901
2092,0.7122252747252746
2093,0.5206043956043955
2094,0.7623626373626373
2095,2.595467032967033
2096,1.8907967032967035
2097,1.9917582417582418
2098,1.6078296703296702
2099,0.632554945054945
2100,2.2135989010989015
2101,0.2973901098901099
2102,0.38873626373626374
2103,0.7493131868131868
2104,0.5995879120879121
2105,6.884615384615385
2106,3.6146978021978025
2107,1.8557692307692308
2108,2.250686813186813
2109,1.132554945054945
2110,2.3434065934065935
2111,1.4642857142857144
2112,0.4519230769230769
2113,0.7465659340659341
2114,1.3887362637362637
2115,0.4574175824175824
2116,0.7081043956043955
2117,1.103708791208791
2118,2.349587912087912
2119,1.2527472527472527
2120,0.5171703296703297
2121,0.5068681318681318
2122,1.6991758241758244
2123,1.915521978021978
2124,1.0157967032967032
2125,1.5446428571428572
2126,1.7795329670329672
2127,1.8358516483516483
2128,2.1263736263736264
2129,1.135302197802198
2130,0.510989010989011
2131,0.614010989010989
2132,1.1552197802197801
2133,0.4024725274725275
2134,0.4965659340659341
2135,0.375
2136,0.8262362637362637
2137,0.915521978021978
2138,0.4251373626373626
2139,1.0254120879120878
2140,1.2135989010989012
2141,0.43337912087912084
2142,1.2369505494505495
2143,0.3276098901098901
2144,1.4931318681318682
2145,1.085164835164835
2146,2.323489010989011
2147,1.8454670329670328
2148,1.9175824175824174
2149,0.48969780219780223
2150,0.4217032967032967
2151,0.28708791208791207
2152,0.3660714285714286
2153,0.9684065934065934
2154,1.088598901098901
2155,0.7939560439560439
2156,1.1092032967032968
2157,0.598901098901099
2158,0.6627747252747254
2159,0.3907967032967033
2160,0.40453296703296704
2161,0.16895604395604397
2162,0.37362637362637363
2163,3.7664835164835164
2164,1.6380494505494507
2165,1.0913461538461537
2166,1.367445054945055
2167,1.6847527472527473
2168,1.5391483516483517
2169,1.478021978021978
2170,0.44711538461538464
2171,0.37774725274725274
2172,1.260989010989011
2173,0.3358516483516484
2174,0.3708791208791209
2175,4.048076923076923
2176,0.9375
2177,0.8811813186813187
2178,0.5824175824175823
2179,0.29189560439560436
2180,1.0576923076923077
2181,1.1593406593406594
2182,0.5343406593406593
2183,0.23145604395604397
2184,1.9869505494505495
2185,1.5570054945054945
2186,2.4656593406593403
2187,0.6531593406593407
2188,0.5157967032967032
2189,0.5556318681318682
2190,0.9052197802197802
2191,0.5041208791208791
2192,0.5961538461538461
2193,0.39697802197802196
2194,0.6517857142857143
2195,0.617445054945055
2196,0.08928571428571429
2197,0.5892857142857143
2198,1.4615384615384615
2199,0.16552197802197804
2200,0.40384615384615385
2201,0.25274725274725274
2202,0.6353021978021979
2203,0.2026098901098901
2204,5.940247252747253
2205,2.989010989010989
2206,2.071428571428571
2207,0.448489010989011
2208,1.7273351648351647
2209,1.4945054945054945
2210,0.9278846153846154
2211,4.195054945054945
2212,2.0171703296703294
2213,2.070741758241758
2214,1.1593406593406592
2215,0.9773351648351648
2216,2.4711538461538463
2217,0.27403846153846156
2218,0.7293956043956045
2219,0.29189560439560436
2220,1.9615384615384617
2221,14.767170329670328
2222,2.8825549450549453
2223,1.6634615384615385
2224,4.501373626373626
2225,1.831043956043956
2226,4.580357142857142
2227,0.9663461538461539
2228,1.0741758241758241
2229,1.2692307692307692
2230,1.3042582417582418
2231,0.34134615384615385
2232,0.3282967032967033
2233,2.448489010989011
2234,3.0570054945054945
2235,0.42582417582417587
2236,0.34203296703296704
2237,0.21153846153846154
2238,1.6971153846153846
2239,0.7815934065934066
2240,1.151098901098901
2241,0.2534340659340659
2242,5.131868131868132
2243,1.9965659340659339
2244,1.6456043956043955
2245,1.7369505494505493
2246,1.2300824175824174
2247,0.35851648351648346
2248,0.6881868131868132
2249,0.2644230769230769
2250,0.45741758241758246
2251,0.41964285714285715
2252,0.7273351648351649
2253,1.2678571428571428
2254,0.1929945054945055
2255,0.14766483516483517
2256,1.5858516483516483
2257,1.2946428571428572
2258,0.16071428571428573
2259,0.24793956043956042
2260,1.6737637362637363
2261,0.14903846153846154
2262,2.5467032967032965
2263,1.5913461538461537
2264,0.9739010989010989
2265,0.6311813186813187
2266,0.9532967032967032
2267,0.8331043956043955
2268,0.6579670329670331
2269,3.0831043956043955
2270,1.5192307692307692
2271,1.697802197802198
2272,1.2335164835164836
2273,1.2692307692307692
2274,0.3804945054945055
2275,0.2760989010989011
2276,0.4375
2277,0.1675824175824176
2278,0.3605769230769231
2279,10.43337912087912
2280,2.9649725274725274
2281,1.875
2282,3.1524725274725274
2283,2.3921703296703294
2284,1.6085164835164836
2285,1.445054945054945
2286,1.5
2287,0.7355769230769231
2288,1.1634615384615383
2289,0.7122252747252746
2290,0.21497252747252746
2291,1.8688186813186811
2292,2.245879120879121
2293,1.0446428571428572
2294,0.30494505494505497
2295,0.3070054945054945
2296,0.9945054945054945
2297,1.253434065934066
2298,0.3791208791208791
2299,1.0721153846153846
2300,4.836538461538462
2301,1.3516483516483517
2302,1.4800824175824174
2303,1.1792582417582418
2304,0.3207417582417582
2305,0.3427197802197802
2306,0.625
2307,1.495879120879121
2308,0.5041208791208791
2309,0.2692307692307692
2310,0.5748626373626373
2311,0.3447802197802198
2312,0.08928571428571429
2313,0.05357142857142857
2314,1.3296703296703296
2315,1.4842032967032965
2316,0.37637362637362637
2317,0.22390109890109888
2318,0.4526098901098901
2319,0.4471153846153846
2320,8.275138696255201
2321,2.694868238557559
2322,1.5795769764216367
2323,0.5781900138696255
2324,0.7019764216366158
2325,0.28484743411927876
2326,0.6270804438280166
2327,2.0360610263522885
2328,1.6357489597780859
2329,0.9381067961165048
2330,1.6785714285714286
2331,1.0733356449375866
2332,1.3535020804438278
2333,0.5865117891816921
2334,0.38748266296809986
2335,0.21688626907073508
2336,0.4634188626907073
2337,4.414008321775312
2338,2.75502773925104
2339,1.6359223300970873
2340,3.011615811373093
2341,1.2898751733703189
2342,1.698509015256588
2343,1.7992371705963939
2344,0.8926837725381415
2345,0.6093966712898751
2346,0.9939320388349515
2347,0.5251386962552012
2348,0.8231622746185854
2349,1.0242718446601942
2350,2.789008321775312
2351,1.5402219140083218
2352,0.5026005547850207
2353,0.47018030513176146
2354,0.8864424410540915
2355,1.756761442441054
2356,0.948509015256588
2357,0.5428224687933425
2358,1.5601595006934814
2359,2.562066574202497
2360,1.8869625520110955
2361,0.9046463245492371
2362,0.7775658807212205
2363,0.7167128987517337
2364,1.3424063800277393
2365,0.3269764216366158
2366,0.7650832177531206
2367,0.7779126213592233
2368,0.832871012482663
2369,1.0440360610263522
2370,0.12985436893203883
2371,0.47399445214979197
2372,0.5776699029126213
2373,0.3148404993065187
2374,0.6102635228848821
2375,0.37326629680998613
2376,0.9720873786407767
2377,0.8715325936199723
2378,5.717059639389737
2379,2.0334604715672677
2380,1.0343273231622745
2381,0.5559986130374479
2382,0.3375520110957004
2383,0.6400832177531206
2384,1.5459431345353676
2385,2.164008321775312
2386,2.010402219140083
2387,1.1619278779472955
2388,0.8398058252427185
2389,1.4772884882108182
2390,0.38904299583911234
2391,0.8300970873786409
2392,0.3841886269070735
2393,0.39545769764216365
2394,0.18966712898751734
2395,6.552704576976422
2396,3.5268723994452147
2397,0.49514563106796117
2398,2.6825589459084607
2399,1.9682732316227463
2400,1.2479195561719834
2401,2.3845353675450762
2402,1.0492371705963939
2403,0.528259361997226
2404,0.17493065187239945
2405,0.5835644937586686
2406,0.84500693481276
2407,4.2590152565880715
2408,0.3375520110957004
2409,0.9259708737864077
2410,1.2475728155339807
2411,1.2040568654646324
2412,0.2382108183079057
2413,0.4876907073509015
2414,0.10194174757281553
2415,0.39389736477115117
2416,1.0683079056865465
2417,1.6503120665742026
2418,0.5608529819694867
2419,0.43255894590846045
2420,0.6577669902912622
2421,0.7148058252427185
2422,0.7099514563106797
2423,0.25728155339805825
2424,1.094486823855756
2425,0.5426490984743412
2426,0.7050970873786409
2427,0.2236477115117892
2428,0.0
2429,0.38470873786407767
2430,1.3439667128987518
2431,0.1168515950069348
2432,0.24011789181692095
2433,0.6182385575589459
2434,0.5501040221914009
2435,0.22555478502080445
2436,7.406380027739251
2437,2.2938626907073507
2438,2.154126213592233
2439,2.2737517337031896
2440,1.6792649098474342
2441,0.7515603328710125
2442,0.8912968099861304
2443,2.16123439667129
2444,1.6418169209431346
2445,2.4824895977808596
2446,1.0388349514563107
2447,1.736130374479889
2448,0.39545769764216365
2449,0.8583564493758669
2450,0.6664355062413314
2451,0.7552011095700416
2452,0.353502080443828
2453,15.48855755894591
2454,3.8748266296809986
2455,1.9077669902912622
2456,4.261442441054092
2457,5.362690707350902
2458,1.8815880721220526
2459,0.9875173370319001
2460,2.3944174757281553
2461,1.5201109570041609
2462,0.588245492371706
2463,1.0553051317614424
2464,1.2803398058252426
2465,1.735263522884882
2466,1.2877947295423022
2467,1.0298196948682385
2468,1.3677184466019416
2469,1.294729542302358
2470,1.0627600554785022
2471,1.4282246879334257
2472,1.361477115117892
2473,0.39528432732316227
2474,2.227981969486824
2475,2.6458044382801664
2476,1.852115117891817
2477,1.0481969486823857
2478,0.9249306518723994
2479,1.4441747572815533
2480,1.779646324549237
2481,0.7283287101248267
2482,1.1731969486823857
2483,0.9528432732316228
2484,0.8169209431345353
2485,0.40672676837725386
2486,0.628120665742025
2487,0.40898058252427183
2488,1.339112343966713
2489,0.23855755894590844
2490,0.7156726768377254
2491,0.7446255201109571
2492,1.3746532593619971
2493,0.4996532593619972
2494,6.516470180305132
2495,4.6263869625520115
2496,2.9752080443828017
2497,1.5620665742024966
2498,1.164008321775312
2499,0.9140083217753121
2500,1.1074895977808599
2501,1.336511789181692
2502,2.9774618585298196
2503,1.7829403606102634
2504,0.760748959778086
2505,1.693481276005548
2506,0.36494452149791956
2507,1.0884188626907072
2508,0.7720180305131762
2509,0.8106796116504854
2510,0.21411234396671291
2511,9.005894590846047
2512,2.6000346740638003
2513,0.4029126213592233
2514,4.524791955617198
2515,5.322295423023578
2516,1.6858529819694867
2517,1.698509015256588
2518,1.7042302357836339
2519,0.94625520110957
2520,1.0580790568654646
2521,0.9566574202496532
2522,1.2434119278779474
2523,2.4550970873786406
2524,1.375866851595007
2525,0.5232316227461858
2526,0.7049237170596394
2527,0.7779126213592233
2528,0.7160194174757282
2529,1.984743411927878
2530,1.0866851595006934
2531,0.4296116504854369
2532,3.38626907073509
2533,2.3451803051317617
2534,2.680131761442441
2535,1.0601595006934814
2536,1.2397711511789182
2537,0.6660887656033287
2538,1.8160540915395282
2539,1.0776699029126213
2540,1.727981969486824
2541,1.6499653259361997
2542,0.8280166435506242
2543,0.39701803051317613
2544,0.2727115117891817
2545,0.44313453536754505
2546,1.5468099861303743
2547,0.14285714285714285
2548,0.3084257975034674
2549,0.30339805825242716
2550,0.9639389736477114
2551,0.7740984743411927
2552,4.912968099861304
2553,6.083564493758669
2554,4.155339805825243
2555,1.5377947295423025
2556,1.4455617198335644
2557,0.9277045769764216
2558,0.7116851595006934
2559,7.770631067961165
2560,3.067094313453537
2561,2.5627600554785017
2562,0.8160540915395285
2563,2.3160540915395282
2564,0.5915395284327323
2565,3.8609570041608876
2566,0.9842233009708738
2567,0.9424410540915396
2568,0.996879334257975
2569,15.595527045769764
2570,4.337898751733703
2571,2.470873786407767
2572,4.140776699029127
2573,3.778952843273232
2574,2.17128987517337
2575,2.482142857142857
2576,3.4800624133148403
2577,1.3791608876560333
2578,0.2669902912621359
2579,1.5866851595006934
2580,0.8580097087378641
2581,4.540742024965326
2582,2.58252427184466
2583,0.9271844660194175
2584,1.8515950069348128
2585,0.5220180305131761
2586,3.179264909847434
2587,2.0835644937586686
2588,0.8290568654646325
2589,1.1631414701803051
2590,6.789355062413314
2591,1.0176837725381416
2592,2.974167822468793
2593,2.4648058252427183
2594,2.1265603328710125
2595,1.6081830790568654
2596,2.5218446601941746
2597,1.5149098474341194
2598,1.6109570041608876
2599,0.9741678224687934
2600,1.1506588072122053
2601,0.6220527045769764
2602,0.37170596393897365
2603,0.6314147018030513
2604,2.538314840499307
2605,0.13470873786407767
2606,0.4382801664355062
2607,0.962378640776699
2608,1.6355755894590844
2609,0.0
2610,9.260228848821082
2611,2.5036407766990294
2612,1.4925450762829402
2613,1.395631067961165
2614,2.0533980582524274
2615,1.1324549237170596
2616,0.8592233009708738
2617,3.1490984743411925
2618,2.621185852981969
2619,2.0634535367545075
2620,2.5611997226074896
2621,2.200242718446602
2622,0.6577669902912622
2623,0.9479889042995839
2624,1.7219140083217752
2625,0.9335991678224689
2626,0.23335644937586686
2627,17.585991678224687
2628,7.180998613037447
2629,1.266990291262136
2630,6.712725381414701
2631,2.222607489597781
2632,2.5794036061026353
2633,1.8025312066574202
2634,1.984743411927878
2635,1.4127947295423025
2636,0.6276005547850207
2637,1.3566227461858529
2638,0.9025658807212205
2639,2.4856102635228847
2640,3.1067961165048543
2641,0.9762482662968099
2642,1.3415395284327323
2643,0.33512482662968096
2644,1.0483703190013869
2645,0.6645284327323162
2646,0.451629680998613
2647,0.7680305131761442
2648,2.5091886269070733
2649,1.239251040221914
2650,1.2189667128987516
2651,1.8481276005547849
2652,0.9167822468793343
2653,0.302877947295423
2654,0.9542302357836339
2655,0.37066574202496533
2656,1.4361997226074896
2657,0.7324895977808599
2658,0.427877947295423
2659,0.6806518723994452
2660,0.8895631067961165
2661,0.20128294036061026
2662,2.6260402219140087
2663,2.0646671289875176
2664,0.22399445214979194
2665,0.391123439667129
2666,1.6910540915395285
2667,0.1168515950069348
2668,7.539355062413314
2669,2.4785020804438282
2670,1.2657766990291264
2671,0.8755201109570041
2672,0.7149791955617197
2673,0.562239944521498
2674,0.8283633841886269
2675,2.6709431345353676
2676,1.9857836338418864
2677,2.070735090152566
2678,1.4835298196948683
2679,0.611130374479889
2680,2.063626907073509
2681,0.3323509015256588
2682,0.3614771151178918
2683,0.6940013869625521
2684,0.8200416088765603
2685,6.983009708737864
2686,3.628467406380028
2687,1.7184466019417475
2688,2.304785020804438
2689,1.19001386962552
2690,2.239597780859917
2691,1.4800624133148406
2692,0.4320388349514563
2693,0.6920943134535368
2694,1.3918169209431346
2695,0.4249306518723994
2696,0.6508321775312066
2697,0.9679264909847434
2698,2.2023231622746184
2699,1.4630721220527045
2700,0.5528779472954231
2701,0.43619972260748957
2702,1.4628987517337033
2703,1.8488210818307906
2704,0.9712205270457697
2705,1.5840846047156725
2706,1.972260748959778
2707,2.062933425797503
2708,2.2515603328710125
2709,1.1166782246879334
2710,0.5925797503467406
2711,0.6113037447988904
2712,1.3243758668515948
2713,0.5664008321775312
2714,0.5416088765603329
2715,0.38228155339805825
2716,0.8396324549237171
2717,1.080617198335645
2718,0.42042302357836336
2719,1.0306865464632455
2720,1.2480929264909848
2721,0.4382801664355062
2722,1.1265603328710125
2723,0.3618238557558946
2724,1.4994798890429957
2725,1.100381414701803
2726,2.3802011095700415
2727,2.5168169209431346
2728,2.121185852981969
2729,0.5313800277392511
2730,0.4680998613037448
2731,0.3079056865464632
2732,0.39701803051317613
2733,1.1291608876560333
2734,1.3160540915395285
2735,0.8848821081830791
2736,1.2787794729542303
2737,0.6742371705963939
2738,0.7182732316227463
2739,0.35957004160887657
2740,0.4492024965325936
2741,0.20891123439667128
2742,0.3467406380027739
2743,4.0017337031900135
2744,1.6125173370319001
2745,1.0631067961165048
2746,1.4192094313453536
2747,1.4665395284327323
2748,1.6773578363384187
2749,1.4167822468793343
2750,0.3300970873786408
2751,0.5055478502080444
2752,1.2030166435506242
2753,0.414875173370319
2754,0.33391123439667125
2755,3.4150485436893203
2756,0.9672330097087378
2757,0.7260748959778086
2758,0.6081830790568654
2759,0.3613037447988904
2760,1.4563106796116505
2761,1.1288141470180306
2762,0.4928918169209431
2763,0.17493065187239945
2764,2.21879334257975
2765,1.6721567267683772
2766,2.4173023578363386
2767,0.8020110957004161
2768,0.7175797503467407
2769,0.5868585298196949
2770,0.8850554785020804
2771,0.6199722607489597
2772,0.6614077669902912
2773,0.4909847434119279
2774,0.669382801664355
2775,0.7128987517337031
2776,0.09899445214979195
2777,0.6184119278779473
2778,1.5303398058252426
2779,0.1704230235783634
2780,0.37985436893203883
2781,0.2337031900138696
2782,0.6506588072122053
2783,0.1834257975034674
2784,6.572295423023578
2785,3.034847434119279
2786,2.1915742024965326
2787,0.41660887656033285
2788,1.7345700416088765
2789,1.8190013869625519
2790,0.9769417475728155
2791,4.4982662968099865
2792,2.1220527045769764
2793,2.2023231622746184
2794,1.1797850208044385
2795,1.0634535367545075
2796,2.5436893203883493
2797,0.33859223300970875
2798,0.7472260748959778
2799,0.25450762829403606
2800,2.1298543689320386
2801,15.473994452149793
2802,2.998266296809986
2803,1.8300970873786409
2804,4.739424410540916
2805,1.623613037447989
2806,4.781206657420249
2807,0.9563106796116505
2808,1.2408113730929264
2809,1.299757281553398
2810,1.144764216366158
2811,0.2803398058252427
2812,0.30981276005547853
2813,2.175104022191401
2814,3.1927877947295427
2815,0.3514216366158114
2816,0.39701803051317613
2817,0.23179611650485438
2818,1.7633495145631068
2819,0.7798196948682385
2820,1.484743411927878
2821,0.1914008321775312
2822,5.407073509015257
2823,2.224861303744799
2824,1.7151525658807212
2825,1.8996185852981968
2826,1.2255547850208044
2827,0.35506241331484045
2828,0.6773578363384188
2829,0.25728155339805825
2830,0.46497919556171985
2831,0.43117198335644935
2832,0.7018030513176144
2833,1.3321775312066575
2834,0.17857142857142858
2835,0.14771151178918168
2836,1.5289528432732316
2837,1.353502080443828
2838,0.1704230235783634
2839,0.24826629680998613
2840,1.684639389736477
2841,0.14441747572815533
2842,2.909847434119279
2843,1.7827669902912622
2844,1.1438973647711512
2845,0.6823855755894591
2846,1.1508321775312065
2847,0.9481622746185854
2848,0.7728848821081831
2849,3.391123439667129
2850,1.650485436893204
2851,1.8739597780859918
2852,1.3854022191400832
2853,1.3070388349514563
2854,0.4552704576976422
2855,0.31605409153952846
2856,0.5497572815533981
2857,0.1393897364771151
2858,0.33859223300970875
2859,10.67735783633842
2860,2.8528085991678225
2861,1.9320388349514563
2862,3.337031900138696
2863,2.5929264909847434
2864,1.723994452149792
2865,1.39875173370319
2866,1.645631067961165
2867,0.7827669902912622
2868,1.1444174757281553
2869,0.7004160887656032
2870,0.26907073509015256
2871,2.27877947295423
2872,2.286581137309293
2873,1.1593273231622747
2874,0.3257628294036061
2875,0.3092926490984743
2876,1.0641470180305133
2877,1.1125173370319001
2878,0.5313800277392511
2879,1.0618932038834952
2880,5.202669902912621
2881,1.6191054091539527
2882,1.6066227461858529
2883,1.3984049930651872
2884,0.2751386962552011
2885,0.38748266296809986
2886,0.6662621359223301
2887,1.514736477115118
2888,0.5592926490984744
2889,0.2803398058252427
2890,0.47156726768377255
2891,0.37586685159500693
2892,0.08928571428571429
2893,0.05357142857142857
2894,1.3162274618585297
2895,1.475381414701803
2896,0.37170596393897365
2897,0.2579750346740638
2898,0.5159500693481276
2899,0.4866504854368932
2900,8.315934065934066
2901,2.666208791208791
2902,1.5652472527472527
2903,0.6751373626373626
2904,0.7520604395604396
2905,0.2967032967032967
2906,0.5322802197802198
2907,2.0659340659340657
2908,1.8887362637362637
2909,0.9807692307692307
2910,1.668956043956044
2911,1.1559065934065935
2912,1.6023351648351647
2913,0.6167582417582418
2914,0.4677197802197802
2915,0.25824175824175827
2916,0.5041208791208791
2917,4.245879120879121
2918,2.8612637362637363
2919,1.8653846153846154
2920,3.2671703296703294
2921,1.1868131868131868
2922,1.8585164835164836
2923,2.055631868131868
2924,1.0123626373626373
2925,0.6978021978021978
2926,1.1971153846153846
2927,0.5370879120879121
2928,0.6071428571428572
2929,0.8557692307692308
2930,2.779532967032967
2931,1.683379120879121
2932,0.4958791208791209
2933,0.5453296703296704
2934,0.8145604395604396
2935,1.570054945054945
2936,1.1229395604395604
2937,0.5638736263736264
2938,1.8200549450549453
2939,2.731456043956044
2940,1.92239010989011
2941,1.1126373626373627
2942,0.8495879120879122
2943,0.7431318681318682
2944,1.418956043956044
2945,0.3914835164835165
2946,0.8097527472527473
2947,0.8894230769230769
2948,0.8907967032967032
2949,0.9773351648351648
2950,0.125
2951,0.48832417582417587
2952,0.5288461538461539
2953,0.3001373626373626
2954,0.6002747252747253
2955,0.41620879120879123
2956,1.0288461538461537
2957,0.981456043956044
2958,5.6820054945054945
2959,1.916208791208791
2960,1.1263736263736264
2961,0.5199175824175823
2962,0.3131868131868132
2963,0.6126373626373627
2964,1.2445054945054945
2965,2.26510989010989
2966,1.9450549450549448
2967,1.1751373626373627
2968,1.1153846153846154
2969,1.760989010989011
2970,0.4162087912087912
2971,0.8317307692307692
2972,0.5556318681318682
2973,0.4464285714285714
2974,0.16002747252747251
2975,6.535714285714286
2976,3.894917582417582
2977,0.7019230769230769
2978,2.9347527472527473
2979,2.028159340659341
2980,1.1936813186813187
2981,2.5906593406593403
2982,1.1662087912087913
2983,0.635989010989011
2984,0.18818681318681318
2985,0.7589285714285714
2986,0.8667582417582418
2987,4.309752747252747
2988,0.3324175824175824
2989,1.125
2990,1.2403846153846154
2991,1.0631868131868132
2992,0.24656593406593408
2993,0.3743131868131868
2994,0.16346153846153846
2995,0.3248626373626373
2996,1.2081043956043955
2997,1.7156593406593408
2998,0.7218406593406593
2999,0.38186813186813184
3000,0.8076923076923077
3001,0.6490384615384616
3002,0.7307692307692308
3003,0.30288461538461536
3004,1.0858516483516483
3005,0.4814560439560439
3006,0.6730769230769231
3007,0.17445054945054944
3008,0.0
3009,0.38461538461538464
3010,1.4010989010989012
3011,0.11675824175824176
3012,0.23008241758241757
3013,0.5982142857142857
3014,0.5590659340659341
3015,0.21085164835164835
3016,7.451236263736265
3017,2.2843406593406597
3018,2.418269230769231
3019,2.6902472527472527
3020,1.6861263736263736
3021,0.823489010989011
3022,0.8770604395604396
3023,2.355082417582418
3024,1.691620879120879
3025,2.1277472527472527
3026,1.4086538461538463
3027,1.8633241758241759
3028,0.5281593406593407
3029,0.7850274725274726
3030,0.8276098901098901
3031,0.8763736263736264
3032,0.3715659340659341
3033,15.497939560439562
3034,4.037774725274725
3035,2.514423076923077
3036,4.540521978021978
3037,6.225274725274725
3038,2.0645604395604393
3039,1.1188186813186813
3040,2.4855769230769234
3041,1.6758241758241759
3042,0.6909340659340659
3043,1.4065934065934065
3044,1.2980769230769231
3045,2.052197802197802
3046,1.32760989010989
3047,2.0267857142857144
3048,1.4326923076923077
3049,1.1627747252747254
3050,1.2582417582417582
3051,1.4320054945054945
3052,1.5954670329670328
3053,0.4938186813186813
3054,2.686813186813187
3055,3.116071428571429
3056,2.2122252747252746
3057,1.1813186813186813
3058,1.0391483516483517
3059,1.6153846153846154
3060,2.021291208791209
3061,0.7891483516483517
3062,1.1620879120879122
3063,1.1016483516483517
3064,0.8564560439560439
3065,0.33241758241758246
3066,0.5989010989010989
3067,0.39903846153846156
3068,1.353021978021978
3069,0.2287087912087912
3070,0.6957417582417583
3071,0.6854395604395604
3072,1.426510989010989
3073,0.5274725274725275
3074,6.608516483516484
3075,4.6304945054945055
3076,3.0267857142857144
3077,1.4045329670329672
3078,1.2554945054945055
3079,1.0247252747252746
3080,1.3681318681318682
3081,1.510989010989011
3082,3.2184065934065935
3083,1.9237637362637363
3084,0.7925824175824175
3085,1.7376373626373627
3086,0.3784340659340659
3087,1.081043956043956
3088,0.8949175824175825
3089,0.6826923076923077
3090,0.22321428571428573
3091,9.02815934065934
3092,2.728021978021978
3093,0.49038461538461536
3094,4.67032967032967
3095,5.449862637362638
3096,1.9285714285714286
3097,2.161401098901099
3098,1.837912087912088
3099,0.8495879120879121
3100,1.1964285714285714
3101,1.1456043956043955
3102,1.4642857142857144
3103,2.8125
3104,1.6284340659340661
3105,1.043956043956044
3106,0.6820054945054945
3107,0.8173076923076923
3108,0.7740384615384616
3109,1.9059065934065935
3110,1.4059065934065935
3111,0.4471153846153846
3112,3.900412087912088
3113,2.4972527472527473
3114,2.833791208791209
3115,1.4402472527472527
3116,1.411401098901099
3117,0.6820054945054945
3118,2.006868131868132
3119,1.3701923076923077
3120,1.9752747252747251
3121,1.9835164835164836
3122,0.8715659340659341
3123,0.40934065934065933
3124,0.2918956043956044
3125,0.43337912087912084
3126,1.541208791208791
3127,0.1813186813186813
3128,0.3276098901098901
3129,0.3173076923076923
3130,1.059065934065934
3131,0.893543956043956
3132,5.309065934065934
3133,5.720467032967033
3134,4.9423076923076925
3135,1.620879120879121
3136,1.3468406593406592
3137,1.0020604395604396
3138,0.853021978021978
3139,8.600961538461538
3140,3.2561813186813184
3141,2.604395604395604
3142,0.8434065934065934
3143,2.6078296703296706
3144,0.6847527472527473
3145,3.978021978021978
3146,1.0
3147,1.3392857142857144
3148,0.9059065934065934
3149,15.344780219780219
3150,4.223214285714286
3151,2.9759615384615383
3152,4.163461538461538
3153,4.585851648351649
3154,2.269917582417582
3155,2.4388736263736264
3156,3.82967032967033
3157,1.3722527472527473
3158,0.40865384615384615
3159,1.6126373626373627
3160,0.9567307692307693
3161,4.12293956043956
3162,2.5913461538461537
3163,0.7740384615384616
3164,1.815934065934066
3165,0.7891483516483516
3166,3.1188186813186816
3167,2.04739010989011
3168,0.8131868131868132
3169,1.3578296703296702
3170,7.742445054945055
3171,1.0940934065934067
3172,3.460164835164835
3173,2.6105769230769234
3174,2.2850274725274726
3175,1.793956043956044
3176,2.668269230769231
3177,1.684065934065934
3178,1.665521978021978
3179,1.2293956043956045
3180,1.2506868131868132
3181,0.7190934065934066
3182,0.36195054945054944
3183,0.6311813186813187
3184,2.459478021978022
3185,0.1346153846153846
3186,0.48626373626373626
3187,0.9567307692307693
3188,1.5707417582417582
3189,0.0
3190,9.155906593406593
3191,2.5144230769230766
3192,1.3743131868131868
3193,1.2211538461538463
3194,2.1538461538461537
3195,1.2699175824175823
3196,0.7836538461538461
3197,3.6387362637362637
3198,2.643543956043956
3199,2.1936813186813184
3200,2.5934065934065935
3201,2.3173076923076925
3202,0.6971153846153846
3203,0.9766483516483517
3204,1.831043956043956
3205,1.0061813186813187
3206,0.25137362637362637
3207,17.25892857142857
3208,7.101648351648351
3209,1.8173076923076923
3210,7.083104395604396
3211,2.5357142857142856
3212,2.728021978021978
3213,1.8907967032967032
3214,2.0645604395604398
3215,1.6112637362637363
3216,0.6978021978021978
3217,1.5714285714285714
3218,0.7582417582417582
3219,2.438186813186813
3220,3.3028846153846154
3221,0.9010989010989011
3222,1.2232142857142856
3223,0.2458791208791209
3224,1.17239010989011
3225,0.6998626373626373
3226,0.3276098901098901
3227,0.7012362637362637
3228,2.584478021978022
3229,1.2891483516483517
3230,1.2857142857142856
3231,2.129120879120879
3232,0.867445054945055
3233,0.29120879120879123
3234,1.0013736263736264
3235,0.353021978021978
3236,1.6895604395604396
3237,0.771978021978022
3238,0.44505494505494503
3239,0.6916208791208791
3240,0.8942307692307693
3241,0.21085164835164835
3242,2.6195054945054945
3243,2.179258241758242
3244,0.2190934065934066
3245,0.3907967032967033
3246,1.7857142857142858
3247,0.1311813186813187
3248,7.550137362637363
3249,2.6936813186813184
3250,1.0528846153846154
3251,0.8866758241758241
3252,0.6401098901098901
3253,0.4340659340659341
3254,0.695054945054945
3255,2.927197802197802
3256,1.9821428571428572
3257,2.044642857142857
3258,1.8578296703296702
3259,0.771978021978022
3260,2.4395604395604398
3261,0.3695054945054945
3262,0.47527472527472525
3263,0.8598901098901099
3264,0.926510989010989
3265,7.0625
3266,3.749313186813187
3267,1.9086538461538463
3268,2.3179945054945055
3269,1.1133241758241759
3270,2.6222527472527473
3271,1.7960164835164836
3272,0.5192307692307693
3273,0.7369505494505495
3274,1.456043956043956
3275,0.3949175824175824
3276,0.6840659340659341
3277,1.0748626373626373
3278,2.474587912087912
3279,1.3873626373626373
3280,0.632554945054945
3281,0.5357142857142857
3282,1.4443681318681318
3283,1.833791208791209
3284,1.2994505494505493
3285,1.5254120879120878
3286,2.0487637362637363
3287,2.302197802197802
3288,2.323489010989011
3289,1.2362637362637363
3290,0.5831043956043955
3291,0.6620879120879121
3292,1.3523351648351647
3293,0.6861263736263736
3294,0.5638736263736264
3295,0.40384615384615385
3296,0.7973901098901099
3297,1.0068681318681318
3298,0.46359890109890106
3299,1.0157967032967032
3300,1.2135989010989012
3301,0.4574175824175824
3302,1.1407967032967035
3303,0.34684065934065933
3304,1.5171703296703296
3305,1.1236263736263736
3306,2.448489010989011
3307,2.3070054945054945
3308,2.1531593406593403
3309,0.47527472527472525
3310,0.5563186813186813
3311,0.3399725274725275
3312,0.4429945054945055
3313,1.2328296703296702
3314,1.3866758241758241
3315,0.9862637362637363
3316,1.3495879120879122
3317,0.7046703296703296
3318,0.8454670329670331
3319,0.5206043956043955
3320,0.5247252747252746
3321,0.3131868131868132
3322,0.6332417582417582
3323,3.968406593406593
3324,1.5274725274725274
3325,1.0192307692307692
3326,1.526098901098901
3327,1.3434065934065935
3328,1.6545329670329672
3329,1.6318681318681318
3330,0.28846153846153844
3331,0.5412087912087912
3332,1.2994505494505493
3333,0.42719780219780223
3334,0.39491758241758246
3335,3.3653846153846154
3336,1.0673076923076923
3337,1.0446428571428572
3338,0.592032967032967
3339,0.24862637362637363
3340,1.2403846153846154
3341,1.20260989010989
3342,0.6401098901098901
3343,0.16895604395604397
3344,2.5638736263736264
3345,1.6195054945054945
3346,2.6195054945054945
3347,0.8070054945054945
3348,0.6936813186813187
3349,0.6758241758241759
3350,0.9100274725274725
3351,0.6675824175824175
3352,0.7403846153846154
3353,0.5123626373626373
3354,0.723901098901099
3355,0.728021978021978
3356,0.09409340659340659
3357,0.5940934065934066
3358,1.4711538461538463
3359,0.16071428571428573
3360,0.40865384615384615
3361,0.25755494505494503
3362,0.654532967032967
3363,0.19780219780219782
3364,6.18543956043956
3365,3.1717032967032965
3366,2.153159340659341
3367,0.510989010989011
3368,1.8667582417582418
3369,1.6002747252747254
3370,1.0
3371,4.425824175824176
3372,2.2815934065934065
3373,2.008241758241758
3374,1.3468406593406592
3375,1.0542582417582418
3376,2.480769230769231
3377,0.28365384615384615
3378,1.0130494505494505
3379,0.3207417582417582
3380,2.0048076923076925
3381,15.497939560439558
3382,3.0460164835164836
3383,2.456730769230769
3384,4.866758241758242
3385,1.4945054945054945
3386,4.8592032967032965
3387,0.9423076923076923
3388,1.1703296703296702
3389,1.2115384615384617
3390,1.1744505494505493
3391,0.34134615384615385
3392,0.3042582417582418
3393,1.9100274725274726
3394,3.0329670329670333
3395,0.521978021978022
3396,0.40934065934065933
3397,0.23557692307692307
3398,1.4711538461538463
3399,0.757554945054945
3400,1.2472527472527473
3401,0.19093406593406592
3402,5.016483516483516
3403,1.9004120879120878
3404,1.6407967032967032
3405,2.135989010989011
3406,1.2589285714285714
3407,0.3489010989010989
3408,0.7651098901098901
3409,0.3557692307692308
3410,0.5391483516483516
3411,0.4725274725274725
3412,0.7657967032967032
3413,1.2245879120879122
3414,0.17857142857142858
3415,0.14285714285714285
3416,1.5570054945054945
3417,1.352335164835165
3418,0.17994505494505497
3419,0.24313186813186813
3420,1.7218406593406594
3421,0.1346153846153846
3422,3.2918956043956045
3423,2.0480769230769234
3424,1.195054945054945
3425,0.6888736263736264
3426,1.073489010989011
3427,1.0061813186813187
3428,0.6916208791208791
3429,3.462912087912088
3430,1.6201923076923077
3431,1.7266483516483517
3432,1.4354395604395604
3433,1.3365384615384617
3434,0.4958791208791209
3435,0.3626373626373627
3436,0.5576923076923077
3437,0.2589285714285714
3438,0.5288461538461539
3439,10.731456043956044
3440,3.2630494505494507
3441,2.3461538461538463
3442,3.5899725274725274
3443,2.5652472527472527
3444,1.666208791208791
3445,1.6085164835164836
3446,1.7740384615384617
3447,0.8701923076923077
3448,1.25
3449,0.6593406593406593
3450,0.3207417582417582
3451,2.5899725274725274
3452,2.1641483516483517
3453,0.9340659340659341
3454,0.25206043956043955
3455,0.3262362637362637
3456,1.1050824175824177
3457,1.0995879120879122
3458,0.6627747252747253
3459,1.0480769230769231
3460,5.153846153846153
3461,1.7074175824175826
3462,1.6868131868131868
3463,1.5157967032967032
3464,0.3159340659340659
3465,0.4244505494505495
3466,0.6730769230769231
3467,1.635302197802198
3468,0.5521978021978022
3469,0.3125
3470,0.5652472527472527
3471,0.3832417582417582
3472,0.09409340659340659
3473,0.05357142857142857
3474,1.3104395604395604
3475,1.5130494505494505
3476,0.37637362637362637
3477,0.23351648351648352
3478,0.5968406593406593
3479,0.42788461538461536
3480,7.354395604395604
3481,2.3248626373626373
3482,1.5123626373626373
3483,0.5501373626373627
3484,0.8193681318681318
3485,0.26785714285714285
3486,0.5130494505494505
3487,2.392857142857143
3488,1.816620879120879
3489,0.9711538461538461
3490,1.793956043956044
3491,1.2809065934065935
3492,1.6648351648351647
3493,0.6311813186813187
3494,0.44368131868131866
3495,0.24862637362637363
3496,0.3839285714285714
3497,4.063186813186813
3498,2.745879120879121
3499,1.9182692307692308
3500,2.834478021978022
3501,1.1339285714285714
3502,1.8585164835164836
3503,2.0315934065934065
3504,0.882554945054945
3505,0.7987637362637363
3506,1.1346153846153846
3507,0.6043956043956045
3508,0.7369505494505495
3509,0.9182692307692308
3510,2.418956043956044
3511,1.8756868131868132
3512,0.4862637362637362
3513,0.4059065934065934
3514,0.8914835164835164
3515,1.661401098901099
3516,1.1085164835164836
3517,0.4917582417582418
3518,1.5796703296703298
3519,2.572802197802198
3520,1.9512362637362637
3521,1.0645604395604396
3522,0.7245879120879121
3523,0.8104395604395604
3524,1.45260989010989
3525,0.40109890109890106
3526,0.7232142857142857
3527,0.7548076923076923
3528,0.7032967032967032
3529,1.0013736263736264
3530,0.12980769230769232
3531,0.4835164835164835
3532,0.5432692307692307
3533,0.31456043956043955
3534,0.6146978021978021
3535,0.4017857142857143
3536,1.0096153846153846
3537,0.9429945054945055
3538,5.3791208791208796
3539,1.978708791208791
3540,1.0542582417582418
3541,0.44780219780219777
3542,0.3179945054945055
3543,0.6318681318681318
3544,1.364697802197802
3545,2.519917582417582
3546,1.9690934065934065
3547,1.1366758241758241
3548,1.1490384615384617
3549,1.7513736263736264
3550,0.43543956043956045
3551,0.7932692307692308
3552,0.7142857142857143
3553,0.5810439560439561
3554,0.16002747252747251
3555,5.833791208791208
3556,3.654532967032967
3557,0.9951923076923077
3558,2.4107142857142856
3559,2.10989010989011
3560,1.4148351648351647
3561,2.614697802197802
3562,1.1902472527472527
3563,0.6071428571428572
3564,0.15934065934065933
3565,0.7685439560439561
3566,0.9917582417582418
3567,3.761675824175824
3568,0.34203296703296704
3569,1.5721153846153846
3570,1.1682692307692308
3571,1.1737637362637363
3572,0.260989010989011
3573,0.40315934065934067
3574,0.21634615384615385
3575,0.36813186813186816
3576,1.1888736263736264
3577,1.7012362637362637
3578,0.7218406593406593
3579,0.4635989010989011
3580,0.6730769230769231
3581,0.7211538461538461
3582,0.6923076923076923
3583,0.3173076923076923
3584,1.0954670329670328
3585,0.4862637362637363
3586,0.625
3587,0.1456043956043956
3588,0.0
3589,0.3942307692307692
3590,1.3866758241758244
3591,0.11195054945054944
3592,0.21565934065934067
3593,0.6462912087912087
3594,0.5638736263736264
3595,0.20123626373626374
3596,6.8166208791208796
3597,2.2362637362637363
3598,2.2644230769230766
3599,2.3008241758241756
3600,1.5851648351648353
3601,0.5590659340659341
3602,0.929945054945055
3603,2.4320054945054945
3604,1.802197802197802
3605,2.0364010989010985
3606,1.3413461538461537
3607,1.959478021978022
3608,0.5041208791208791
3609,0.7465659340659341
3610,0.9141483516483516
3611,0.9532967032967032
3612,0.41964285714285715
3613,14.267170329670328
3614,3.5762362637362637
3615,2.6538461538461537
3616,3.886675824175824
3617,7.162774725274726
3618,1.9684065934065935
3619,1.1092032967032968
3620,2.3509615384615383
3621,1.6229395604395604
3622,0.6620879120879121
3623,1.334478021978022
3624,1.4471153846153846
3625,1.941620879120879
3626,1.1929945054945055
3627,1.5892857142857144
3628,1.2788461538461537
3629,1.1531593406593408
3630,0.9361263736263736
3631,1.4127747252747254
3632,1.1627747252747254
3633,0.3255494505494505
3634,2.4752747252747254
3635,3.144917582417582
3636,2.1449175824175826
3637,1.1861263736263736
3638,0.8997252747252746
3639,1.5384615384615383
3640,1.9684065934065935
3641,0.8804945054945055
3642,1.2438186813186813
3643,1.0054945054945055
3644,0.8179945054945055
3645,0.3708791208791209
3646,0.632554945054945
3647,0.38461538461538464
3648,1.4251373626373627
3649,0.2287087912087912
3650,0.6861263736263736
3651,0.6902472527472527
3652,1.4361263736263736
3653,0.5082417582417582
3654,6.195054945054945
3655,3.8853021978021975
3656,2.8440934065934065
3657,1.4237637362637363
3658,1.0343406593406594
3659,0.9093406593406593
3660,0.9931318681318682
3661,1.6263736263736264
3662,3.146291208791209
3663,1.9045329670329672
3664,1.066620879120879
3665,1.9107142857142858
3666,0.4217032967032967
3667,1.04739010989011
3668,0.8708791208791209
3669,0.9471153846153846
3670,0.21359890109890112
3671,8.508928571428571
3672,2.583791208791209
3673,0.5096153846153846
3674,4.117445054945055
3675,5.425824175824176
3676,1.6929945054945055
3677,1.9546703296703298
3678,1.7225274725274726
3679,0.9024725274725274
3680,1.0618131868131868
3681,1.0206043956043955
3682,1.209478021978022
3683,2.6826923076923075
3684,1.5563186813186813
3685,0.8228021978021979
3686,0.7348901098901099
3687,0.6394230769230769
3688,0.5817307692307692
3689,1.8914835164835164
3690,1.367445054945055
3691,0.4903846153846154
3692,3.275412087912088
3693,2.4347527472527473
3694,2.665521978021978
3695,1.257554945054945
3696,1.2479395604395604
3697,0.6339285714285714
3698,1.8818681318681318
3699,0.9038461538461539
3700,1.7925824175824174
3701,1.771978021978022
3702,0.7513736263736264
3703,0.45741758241758246
3704,0.2822802197802198
3705,0.4622252747252747
3706,1.5989010989010988
3707,0.16208791208791207
3708,0.34684065934065933
3709,0.2932692307692308
3710,1.0494505494505495
3711,0.782967032967033
3712,4.943681318681319
3713,5.167582417582418
3714,4.533653846153847
3715,1.6304945054945055
3716,1.3468406593406592
3717,0.7039835164835164
3718,0.8001373626373627
3719,9.278846153846153
3720,3.3811813186813184
3721,2.6380494505494507
3722,0.8385989010989011
3723,2.4539835164835164
3724,0.6847527472527473
3725,3.968406593406593
3726,1.0336538461538463
3727,1.4306318681318682
3728,1.0020604395604396
3729,15.109203296703296
3730,4.333791208791209
3731,3.2403846153846154
3732,3.9038461538461537
3733,4.552197802197803
3734,2.217032967032967
3735,2.7225274725274726
3736,3.7623626373626378
3737,1.4732142857142856
3738,0.3317307692307692
3739,1.5789835164835164
3740,1.1875
3741,4.421016483516484
3742,2.4615384615384617
3743,1.0769230769230769
3744,1.7486263736263736
3745,0.7458791208791209
3746,3.1284340659340657
3747,2.10989010989011
3748,0.6978021978021979
3749,1.0501373626373627
3750,7.203983516483516
3751,1.007554945054945
3752,3.195741758241758
3753,2.7596153846153846
3754,2.2032967032967035
3755,1.885302197802198
3756,2.8846153846153846
3757,1.7177197802197803
3758,1.6559065934065935
3759,1.1861263736263736
3760,1.1737637362637363
3761,0.5892857142857143
3762,0.385989010989011
3763,0.6311813186813187
3764,2.5892857142857144
3765,0.16346153846153846
3766,0.46703296703296704
3767,0.9519230769230769
3768,1.565934065934066
3769,0.0
3770,7.953983516483516
3771,2.019230769230769
3772,1.2493131868131868
3773,1.2163461538461537
3774,1.7403846153846154
3775,0.9766483516483517
3776,0.8076923076923077
3777,3.7637362637362637
3778,2.79739010989011
3779,2.2513736263736264
3780,2.4828296703296706
3781,2.7596153846153846
3782,0.6778846153846154
3783,0.8083791208791209
3784,1.739697802197802
3785,1.0350274725274726
3786,0.2081043956043956
3787,16.25892857142857
3788,6.399725274725275
3789,1.1057692307692308
3790,5.520604395604396
3791,2.1366758241758244
3792,2.2184065934065935
3793,2.010989010989011
3794,2.0309065934065935
3795,1.5295329670329672
3796,0.7266483516483516
3797,1.5858516483516483
3798,0.7918956043956045
3799,1.918956043956044
3800,2.5865384615384617
3801,0.7472527472527473
3802,0.978021978021978
3803,0.15453296703296704
3804,1.0618131868131868
3805,0.5796703296703297
3806,0.37087912087912084
3807,0.7445054945054945
3808,2.1854395604395607
3809,1.293956043956044
3810,1.1318681318681318
3811,2.04739010989011
3812,0.6943681318681318
3813,0.27197802197802196
3814,0.9148351648351649
3815,0.37706043956043955
3816,1.5116758241758241
3817,0.6662087912087913
3818,0.4114010989010989
3819,0.6098901098901099
3820,0.9519230769230769
3821,0.21085164835164835
3822,2.629120879120879
3823,2.179258241758242
3824,0.2383241758241758
3825,0.42445054945054944
3826,1.7135989010989012
3827,0.1311813186813187
3828,7.646291208791208
3829,2.366758241758242
3830,1.1153846153846154
3831,0.8914835164835164
3832,0.7266483516483516
3833,0.448489010989011
3834,0.6517857142857143
3835,3.1483516483516483
3836,1.9917582417582418
3837,2.1744505494505493
3838,1.853021978021978
3839,0.8440934065934066
3840,2.4010989010989015
3841,0.35508241758241754
3842,0.5377747252747253
3843,0.8310439560439561
3844,0.6861263736263736
3845,7.0576923076923075
3846,3.6195054945054945
3847,2.3461538461538463
3848,1.9718406593406592
3849,1.223901098901099
3850,2.3482142857142856
3851,1.728708791208791
3852,0.6442307692307693
3853,0.7417582417582418
3854,1.4320054945054945
3855,0.4574175824175824
3856,0.7513736263736264
3857,1.132554945054945
3858,2.5274725274725274
3859,1.3729395604395604
3860,0.5171703296703297
3861,0.6414835164835164
3862,1.4347527472527473
3863,1.771291208791209
3864,0.9965659340659341
3865,1.635989010989011
3866,2.053571428571429
3867,2.018543956043956
3868,2.3619505494505493
3869,1.135302197802198
3870,0.5206043956043955
3871,0.7197802197802198
3872,1.4244505494505493
3873,0.6380494505494506
3874,0.5879120879120879
3875,0.3798076923076923
3876,0.7300824175824177
3877,0.9684065934065934
3878,0.43475274725274726
3879,1.0542582417582418
3880,1.208791208791209
3881,0.4526098901098901
3882,1.150412087912088
3883,0.3372252747252747
3884,1.507554945054945
3885,1.1428571428571428
3886,2.1936813186813184
3887,1.879120879120879
3888,1.864697802197802
3889,0.47046703296703296
3890,0.47458791208791207
3891,0.2822802197802198
3892,0.4429945054945055
3893,1.4684065934065935
3894,1.458791208791209
3895,0.9910714285714286
3896,1.1957417582417582
3897,0.723901098901099
3898,0.7300824175824177
3899,0.48695054945054944
3900,0.529532967032967
3901,0.23145604395604397
3902,0.4024725274725275
3903,3.9924450549450547
3904,1.5563186813186813
3905,1.4182692307692308
3906,1.3914835164835164
3907,1.3289835164835164
3908,1.481456043956044
3909,1.742445054945055
3910,0.35096153846153844
3911,0.5604395604395604
3912,1.3475274725274726
3913,0.38873626373626374
3914,0.3756868131868132
3915,3.3846153846153846
3916,1.0961538461538463
3917,1.2369505494505495
3918,0.6401098901098901
3919,0.30631868131868134
3920,1.0336538461538463
3921,1.2891483516483517
3922,0.8179945054945055
3923,0.1978021978021978
3924,2.294642857142857
3925,1.6820054945054945
3926,2.571428571428571
3927,0.8454670329670331
3928,0.7321428571428572
3929,0.646978021978022
3930,1.0013736263736264
3931,0.6483516483516483
3932,0.6682692307692308
3933,0.45947802197802196
3934,0.6517857142857143
3935,0.7087912087912087
3936,0.08928571428571429
3937,0.6565934065934066
3938,1.5240384615384615
3939,0.17513736263736265
3940,0.4375
3941,0.24793956043956042
3942,0.668956043956044
3943,0.21222527472527472
3944,5.699862637362637
3945,3.0659340659340657
3946,2.206043956043956
3947,0.448489010989011
3948,1.7369505494505493
3949,1.60989010989011
3950,0.9230769230769231
3951,4.632554945054945
3952,2.1710164835164836
3953,1.8928571428571428
3954,1.3516483516483517
3955,1.2129120879120878
3956,2.5576923076923075
3957,0.28846153846153844
3958,0.9457417582417582
3959,0.4409340659340659
3960,2.3221153846153846
3961,15.315247252747252
3962,3.209478021978022
3963,2.25
3964,4.059065934065934
3965,1.3262362637362637
3966,4.743818681318681
3967,0.9663461538461539
3968,1.1607142857142856
3969,1.2788461538461537
3970,1.2129120879120878
3971,0.41346153846153844
3972,0.33310439560439564
3973,1.977335164835165
3974,3.028159340659341
3975,0.31524725274725274
3976,0.3083791208791209
3977,0.23557692307692307
3978,1.5144230769230769
3979,0.695054945054945
3980,1.3482142857142856
3981,0.19574175824175824
3982,4.732829670329671
3983,1.9821428571428572
3984,1.5254120879120878
3985,2.087912087912088
3986,1.1675824175824174
3987,0.3633241758241758
3988,0.8035714285714286
3989,0.3125
3990,0.5151098901098902
3991,0.4773351648351648
3992,0.6936813186813187
3993,1.2918956043956045
3994,0.18818681318681318
3995,0.15728021978021978
3996,1.5906593406593406
3997,1.3138736263736264
3998,0.17032967032967034
3999,0.24793956043956042
4000,1.7170329670329672
4001,0.14423076923076922
4002,2.4986263736263736
4003,1.7403846153846154
4004,0.9739010989010989
4005,0.8042582417582418
4006,0.9292582417582418
4007,0.8907967032967032
4008,0.5618131868131868
4009,3.650412087912088
4010,1.4038461538461537
4011,1.760302197802198
4012,1.396978021978022
4013,1.3894230769230769
4014,0.4862637362637363
4015,0.2664835164835165
4016,0.5576923076923077
4017,0.3070054945054945
4018,0.4230769230769231
4019,10.010302197802197
4020,3.5899725274725274
4021,2.173076923076923
4022,2.8688186813186816
4023,2.646978021978022
4024,1.478708791208791
4025,1.7671703296703298
4026,1.9134615384615383
4027,0.8125
4028,1.2644230769230769
4029,0.7314560439560439
4030,0.29189560439560436
4031,2.1380494505494507
4032,2.116071428571429
4033,0.8571428571428572
4034,0.2712912087912088
4035,0.23008241758241757
4036,0.8646978021978022
4037,1.0803571428571428
4038,0.4320054945054945
4039,1.0336538461538463
4040,5.072115384615385
4041,1.668956043956044
4042,1.6195054945054945
4043,1.5206043956043955
4044,0.27266483516483514
4045,0.4532967032967033
4046,0.7307692307692308
4047,1.760302197802198
4048,0.5954670329670331
4049,0.3028846153846154
4050,0.5989010989010989
4051,0.4217032967032967
4052,0.09890109890109891
4053,0.05357142857142857
4054,1.2767857142857142
4055,1.537087912087912
4056,0.40041208791208793
4057,0.2383241758241758
4058,0.5343406593406593
4059,0.4326923076923077
4060,7.1197988904299585
4061,2.4715672676837723
4062,1.3125866851595007
4063,0.5684812760055479
4064,0.6437239944521498
4065,0.21203190013869624
4066,0.5202843273231623
4067,2.1816920943134535
4068,1.7765256588072122
4069,1.1274271844660193
4070,1.6785714285714286
4071,1.1121705963938973
4072,1.4360263522884882
4073,0.5379680998613037
4074,0.5088418862690707
4075,0.1634882108183079
4076,0.3129334257975035
4077,3.7829403606102634
4078,2.5317267683772537
4079,1.4611650485436893
4080,2.443654646324549
4081,1.052011095700416
4082,1.640256588072122
4083,1.7555478502080444
4084,0.9509361997226075
4085,0.6336685159500693
4086,1.0813106796116505
4087,0.6416435506241331
4088,0.8571428571428572
4089,0.8495145631067962
4090,2.0317267683772537
4091,1.9965325936199723
4092,0.4783287101248266
4093,0.45561719833564496
4094,0.8330443828016643
4095,1.4509361997226073
4096,1.1669556171983357
4097,0.45544382801664357
4098,1.4921983356449378
4099,2.4018723994452147
4100,1.7850208044382803
4101,0.8706657420249653
4102,0.675624133148405
4103,0.7555478502080444
4104,1.2161927877947296
4105,0.3318307905686546
4106,0.7359570041608876
4107,0.6662621359223301
4108,0.6775312066574203
4109,0.9809292649098473
4110,0.13470873786407767
4111,0.47399445214979197
4112,0.529126213592233
4113,0.30513176144244103
4114,0.5762829403606102
4115,0.40724687933425796
4116,1.020631067961165
4117,0.9297850208044383
4118,4.872399445214979
4119,1.698509015256588
4120,1.0683079056865465
4121,0.5414355062413314
4122,0.34726074895977804
4123,0.4944521497919556
4124,1.3954576976421635
4125,2.353328710124827
4126,2.0346740638002774
4127,1.147364771151179
4128,0.9223300970873787
4129,1.6520457697642164
4130,0.40846047156726767
4131,0.7475728155339806
4132,0.5055478502080444
4133,0.49739944521497914
4134,0.15083217753120665
4135,5.800277392510402
4136,3.322988904299584
4137,0.7087378640776699
4138,2.1534327323162277
4139,1.8566227461858529
4140,1.2527739251040222
4141,2.4476421636615813
4142,1.044382801664355
4143,0.5670943134535368
4144,0.16522191400832179
4145,0.6757975034674064
4146,0.9857836338418862
4147,4.2929958391123435
4148,0.3084257975034674
4149,1.2803398058252426
4150,1.1553398058252426
4151,1.21376560332871
4152,0.18966712898751734
4153,0.38089459084604715
4154,0.1262135922330097
4155,0.3065187239944521
4156,1.0828710124826628
4157,1.6745839112343965
4158,0.5802704576976421
4159,0.4665395284327323
4160,0.6237864077669903
4161,0.6953883495145632
4162,0.5983009708737864
4163,0.33980582524271846
4164,1.0847780859916782
4165,0.460124826629681
4166,0.6759708737864077
4167,0.20423023578363383
4168,0.0
4169,0.3895631067961165
4170,1.3828016643550625
4171,0.1168515950069348
4172,0.20128294036061026
4173,0.6279472954230235
4174,0.5501040221914009
4175,0.2061373092926491
4176,6.595700416088766
4177,2.1045423023578365
4178,2.066747572815534
4179,2.2009361997226073
4180,1.3637309292649098
4181,0.6156380027739251
4182,0.8281900138696254
4183,2.2971567267683772
4184,1.5495839112343965
4185,1.919382801664355
4186,1.3155339805825244
4187,1.7215672676837726
4188,0.39545769764216365
4189,0.6253467406380028
4190,0.7101248266296809
4191,0.7940360610263523
4192,0.440880721220527
4193,13.459431345353675
4194,3.2971567267683772
4195,1.6796116504854368
4196,3.3682385575589455
4197,5.255894590846047
4198,1.7942094313453536
4199,0.9778085991678225
4200,2.1274271844660193
4201,1.4327323162274619
4202,0.5930998613037448
4203,1.1766643550624134
4204,1.2512135922330097
4205,1.9051664355062412
4206,1.00624133148405
4207,1.2968099861303743
4208,1.2317961165048543
4209,0.8384188626907073
4210,0.7812066574202496
4211,1.1175450762829402
4212,1.2740984743411927
4213,0.2739251040221914
4214,1.9998266296809986
4215,2.820561719833565
4216,1.934639389736477
4217,1.0530513176144245
4218,0.8181345353675451
4219,1.4781553398058254
4220,1.7456657420249653
4221,0.5584257975034674
4222,1.0469833564493758
4223,0.7441054091539528
4224,0.6712898751733702
4225,0.40672676837725386
4226,0.6135575589459085
4227,0.37985436893203883
4228,1.3585298196948683
4229,0.2337031900138696
4230,0.6719833564493759
4231,0.7106449375866852
4232,1.3989251040221913
4233,0.45596393897364773
4234,5.705790568654646
4235,3.71376560332871
4236,2.5868585298196947
4237,1.2902219140083218
4238,1.1203190013869626
4239,0.7295423023578362
4240,1.1511789181692094
4241,1.4190360610263522
4242,2.705617198335645
4243,1.7489597780859918
4244,0.8141470180305131
4245,1.8196948682385576
4246,0.39407073509015256
4247,1.0544382801664356
4248,0.8399791955617198
4249,0.7427184466019418
4250,0.20925797503467408
4251,7.476768377253814
4252,2.347607489597781
4253,0.3106796116504854
4254,3.519937586685159
4255,4.977635228848821
4256,1.5839112343966715
4257,1.7227808599167824
4258,1.524618585298197
4259,0.713245492371706
4260,0.9124479889042996
4261,0.9518030513176143
4262,1.1269070735090152
4263,1.8774271844660193
4264,1.1962552011095702
4265,1.0620665742024966
4266,0.7389042995839112
4267,0.5254854368932038
4268,0.7257281553398058
4269,1.5624133148404993
4270,1.2274618585298196
4271,0.4150485436893204
4272,2.891123439667129
4273,1.8985783633841886
4274,2.097607489597781
4275,0.977635228848821
4276,1.040742024965326
4277,0.5835644937586686
4278,1.539355062413315
4279,0.7718446601941747
4280,1.582350901525659
4281,1.4412274618585297
4282,0.7163661581137309
4283,0.35818307905686547
4284,0.2775658807212205
4285,0.45769764216366154
4286,1.585644937586685
4287,0.14771151178918168
4288,0.3132801664355062
4289,0.2936893203883495
4290,0.9979195561719834
4291,0.7595353675450762
4292,4.2721914008321775
4293,4.394244105409154
4294,3.8155339805825244
4295,1.4504160887656035
4296,1.1737170596393898
4297,0.5976074895977809
4298,0.8524618585298197
4299,8.620145631067961
4300,3.212725381414702
4301,2.6938280166435504
4302,0.859743411927878
4303,2.4131414701803053
4304,0.6012482662968099
4305,4.045423023578364
4306,0.9939320388349515
4307,1.253120665742025
4308,0.8900832177531206
4309,15.542128987517337
4310,4.022364771151179
4311,2.3689320388349513
4312,3.296116504854369
4313,3.803224687933426
4314,1.9916782246879334
4315,2.584084604715673
4316,3.8150138696255205
4317,1.3403259361997226
4318,0.23786407766990292
4319,1.513869625520111
4320,0.8919902912621359
4321,4.2980235783633844
4322,2.466019417475728
4323,0.7427184466019418
4324,1.7690707350901524
4325,0.7113384188626907
4326,3.0967406380027738
4327,2.102981969486824
4328,0.5863384188626907
4329,1.1728502080443828
4330,6.706830790568654
4331,1.0565187239944522
4332,3.139216366158114
4333,2.6444174757281553
4334,1.9226768377253816
4335,1.792649098474341
4336,2.4053398058252426
4337,1.2187933425797504
4338,1.4798890429958391
4339,0.8576629680998613
4340,0.9613384188626908
4341,0.6608876560332871
4342,0.3668515950069348
4343,0.6459778085991678
4344,2.5188973647711514
4345,0.15898058252427183
4346,0.42857142857142855
4347,1.0400485436893203
4348,1.5724687933425796
4349,0.0
4350,7.129160887656033
4351,2.091019417475728
4352,1.1867198335644937
4353,1.0946601941747574
4354,1.7427184466019416
4355,1.0547850208044383
4356,0.7427184466019418
4357,2.91123439667129
4358,2.655166435506241
4359,2.1314147018030516
4360,2.5369278779472957
4361,2.3944174757281553
4362,0.4878640776699029
4363,0.7489597780859917
4364,1.585991678224688
4365,0.8656380027739251
4366,0.19452149791955617
4367,15.105409153952843
4368,5.957697642163661
4369,1.0
4370,4.610783633841886
4371,1.8245492371705965
4372,2.229889042995839
4373,1.6229195561719834
4374,1.9750346740638003
4375,1.1943481276005548
4376,0.6421636615811372
4377,1.2595353675450762
4378,0.7083911234396671
4379,1.7477461858529821
4380,1.9805825242718447
4381,0.5781900138696255
4382,0.9726074895977808
4383,0.13609570041608876
4384,0.8687586685159501
4385,0.5674410540915396
4386,0.2526005547850208
4387,0.5835644937586686
4388,1.8295769764216367
4389,1.035367545076283
4390,1.0393550624133148
4391,1.6976421636615813
4392,0.5284327323162274
4393,0.30773231622746183
4394,0.7406380027739251
4395,0.22018030513176146
4396,1.3585298196948683
4397,0.727635228848821
4398,0.41816920943134533
4399,0.6175450762829404
4400,0.9138349514563107
4401,0.19642857142857142
4402,2.611477115117892
4403,2.108356449375867
4404,0.23855755894590844
4405,0.37170596393897365
4406,1.6910540915395285
4407,0.12170596393897365
4408,7.204403606102636
4409,2.148404993065187
4410,1.1395631067961165
4411,0.8027045769764216
4412,0.7635228848821082
4413,0.4360263522884882
4414,0.707004160887656
4415,3.0058945908460473
4416,2.000346740638003
4417,1.9105409153952844
4418,1.7068307905686546
4419,0.6888002773925104
4420,2.2675104022191404
4421,0.3711858529819695
4422,0.6090499306518724
4423,0.8639042995839112
4424,0.5530513176144244
4425,6.672330097087379
4426,3.444001386962552
4427,1.7815533980582525
4428,1.83876560332871
4429,1.1463245492371705
4430,2.3949375866851597
4431,1.5625866851595007
4432,0.4563106796116505
4433,0.7357836338418863
4434,1.4160887656033287
4435,0.3958044382801664
4436,0.7479195561719834
4437,1.0116158113730929
4438,2.265429958391123
4439,1.27375173370319
4440,0.611130374479889
4441,0.47018030513176146
4442,1.4483356449375866
4443,2.159500693481276
4444,1.0440360610263522
4445,1.5937933425797501
4446,1.8217753120665743
4447,1.8202149791955615
4448,2.183599167822469
4449,1.13124133148405
4450,0.39840499306518723
4451,0.6598474341192788
4452,1.2806865464632455
4453,0.5906726768377254
4454,0.5610263522884882
4455,0.3774271844660194
4456,0.6745839112343968
4457,0.9641123439667129
4458,0.4107142857142857
4459,1.0015603328710125
4460,1.2383841886269071
4461,0.4382801664355062
4462,1.141123439667129
4463,0.3278432732316227
4464,1.518897364771151
4465,1.100381414701803
4466,2.0889389736477115
4467,1.7498266296809986
4468,1.7910887656033285
4469,0.4342926490984743
4470,0.463245492371706
4471,0.39528432732316227
4472,0.4843966712898752
4473,1.1243065187239945
4474,1.1752773925104023
4475,0.855755894590846
4476,1.3321775312066575
4477,0.8053051317614425
4478,0.7716712898751734
4479,0.42267683772538145
4480,0.5123092926490984
4481,0.3108529819694868
4482,0.28363384188626906
4483,3.85124826629681
4484,1.4523231622746187
4485,1.0048543689320388
4486,1.055131761442441
4487,1.3694521497919556
4488,1.4734743411927878
4489,1.717753120665742
4490,0.28640776699029125
4491,0.5395284327323162
4492,1.2855409153952841
4493,0.38089459084604715
4494,0.33391123439667125
4495,2.9393203883495147
4496,0.933252427184466
4497,0.687239944521498
4498,0.5547850208044383
4499,0.32732316227461855
4500,0.7815533980582524
4501,1.2259015256588073
4502,0.6288141470180305
4503,0.16036754507628292
4504,1.9518030513176146
4505,1.4003120665742026
4506,2.427011095700416
4507,0.7146324549237171
4508,0.5865117891816921
4509,0.5528779472954231
4510,0.9433079056865465
4511,0.44521497919556174
4512,0.5934466019417476
4513,0.4618585298196949
4514,0.6596740638002774
4515,0.6449375866851594
4516,0.09899445214979195
4517,0.6087031900138696
4518,1.5157766990291262
4519,0.18984049930651875
4520,0.38470873786407767
4521,0.2725381414701803
4522,0.6409500693481276
4523,0.21740638002773927
4524,5.664528432732316
4525,3.015429958391123
4526,2.1478848821081833
4527,0.411754507628294
4528,1.6520457697642164
4529,1.5423023578363384
4530,0.8701456310679612
4531,4.308945908460472
4532,2.1414701803051317
4533,2.1731969486823854
4534,1.2671636615811375
4535,1.1314147018030511
4536,2.5436893203883493
4537,0.3143203883495146
4538,0.8685852981969486
4539,0.4147018030513176
4540,1.9016990291262137
4541,14.629334257975035
4542,2.8089459084604718
4543,1.6116504854368932
4544,3.710298196948682
4545,1.5507975034674062
4546,4.388002773925104
4547,0.9854368932038835
4548,1.0903259361997226
4549,1.1152912621359223
4550,1.2078710124826628
4551,0.3580097087378641
4552,0.3195214979195562
4553,2.2139389736477115
4554,3.0374479889043
4555,0.27860610263522884
4556,0.31934812760055475
4557,0.3580097087378641
4558,1.5449029126213594
4559,0.7264216366158114
4560,1.2954230235783633
4561,0.167128987517337
4562,4.300277392510402
4563,2.122919556171983
4564,1.4530166435506242
4565,1.7685506241331483
4566,1.094486823855756
4567,0.40360610263522884
4568,0.643377253814147
4569,0.24757281553398058
4570,0.4552704576976422
4571,0.440880721220527
4572,0.5319001386962552
4573,1.1962552011095702
4574,0.1834257975034674
4575,0.14771151178918168
4576,1.5532246879334257
4577,1.3001040221914009
4578,0.17527739251040222
4579,0.25312066574202496
4580,1.7331830790568654
4581,0.125
4582,2.705963938973648
4583,1.6516990291262137
4584,1.0128294036061027
4585,0.6338418862690707
4586,0.9857836338418862
4587,0.8996185852981969
4588,0.6369625520110958
4589,3.2454923717059643
4590,1.5922330097087378
4591,1.772018030513176
4592,1.2009361997226073
4593,1.2827669902912622
4594,0.45041608876560335
4595,0.3111997226074896
4596,0.5109223300970873
4597,0.19764216366158113
4598,0.3288834951456311
4599,9.517163661581137
4600,2.949895977808599
4601,1.8203883495145632
4602,2.550624133148405
4603,2.3550624133148403
4604,1.4230235783633842
4605,1.3259361997226073
4606,1.679611650485437
4607,0.7633495145631068
4608,1.2366504854368932
4609,0.8120665742024965
4610,0.26907073509015256
4611,1.9438280166435504
4612,2.0341539528432735
4613,0.882628294036061
4614,0.2917822468793343
4615,0.29958391123439665
4616,0.8942441054091539
4617,1.1513522884882108
4618,0.41002080443828015
4619,0.950242718446602
4620,4.489077669902913
4621,1.3666782246879334
4622,1.485263522884882
4623,1.1071428571428572
4624,0.23144937586685158
4625,0.4069001386962552
4626,0.6080097087378641
4627,1.4516296809986131
4628,0.510748959778086
4629,0.3483009708737864
4630,0.4909847434119279
4631,0.3855755894590846
4632,0.09414008321775312
4633,0.0584257975034674
4634,1.2676837725381414
4635,1.4947988904299583
4636,0.3765603328710125
4637,0.2337031900138696
4638,0.49167822468793343
4639,0.40898058252427183
4640,7.263049450549451
4641,2.6229395604395602
4642,1.271978021978022
4643,0.554945054945055
4644,0.713598901098901
4645,0.21016483516483517
4646,0.6043956043956045
4647,2.142857142857143
4648,1.7877747252747254
4649,1.0
4650,1.3324175824175826
4651,1.117445054945055
4652,1.3186813186813187
4653,0.5686813186813187
4654,0.4340659340659341
4655,0.21497252747252746
4656,0.28296703296703296
4657,3.8708791208791213
4658,2.668956043956044
4659,1.2019230769230769
4660,2.5796703296703294
4661,1.081043956043956
4662,1.6085164835164836
4663,1.7815934065934065
4664,0.8921703296703297
4665,0.6545329670329669
4666,0.9903846153846154
4667,0.614010989010989
4668,0.6407967032967032
4669,0.8125
4670,2.3179945054945055
4671,1.543956043956044
4672,0.4574175824175824
4673,0.4107142857142857
4674,0.8289835164835164
4675,1.4642857142857144
4676,1.257554945054945
4677,0.4725274725274725
4678,1.286401098901099
4679,2.51510989010989
4680,1.706043956043956
4681,0.8770604395604396
4682,0.6620879120879121
4683,0.7527472527472527
4684,1.2554945054945055
4685,0.32417582417582413
4686,0.713598901098901
4687,0.6538461538461539
4688,0.6840659340659341
4689,0.9629120879120878
4690,0.125
4691,0.4835164835164835
4692,0.5480769230769231
4693,0.29532967032967034
4694,0.6146978021978021
4695,0.37774725274725274
4696,0.9519230769230769
4697,0.9237637362637363
4698,4.946428571428571
4699,1.6758241758241759
4700,1.059065934065934
4701,0.5391483516483516
4702,0.3131868131868132
4703,0.603021978021978
4704,1.268543956043956
4705,2.135302197802198
4706,1.8633241758241756
4707,1.2472527472527473
4708,0.7644230769230769
4709,1.4677197802197801
4710,0.37293956043956045
4711,0.8461538461538461
4712,0.5171703296703296
4713,0.42719780219780223
4714,0.1456043956043956
4715,5.694368131868131
4716,3.1929945054945055
4717,0.6730769230769231
4718,2.2328296703296706
4719,2.052197802197802
4720,1.2177197802197801
4721,2.3358516483516483
4722,1.1517857142857144
4723,0.5350274725274725
4724,0.1449175824175824
4725,0.5714285714285714
4726,0.9773351648351648
4727,3.8674450549450547
4728,0.32280219780219777
4729,1.1009615384615383
4730,1.2259615384615383
4731,1.0343406593406594
4732,0.16002747252747251
4733,0.46565934065934067
4734,0.1778846153846154
4735,0.37293956043956045
4736,1.0542582417582418
4737,1.7204670329670328
4738,0.5631868131868132
4739,0.4107142857142857
4740,0.6298076923076923
4741,0.7788461538461539
4742,0.6057692307692308
4743,0.27403846153846156
4744,1.0762362637362637
4745,0.45260989010989017
4746,0.6538461538461539
4747,0.16964285714285715
4748,0.0
4749,0.3942307692307692
4750,1.3722527472527473
4751,0.12637362637362637
4752,0.20604395604395603
4753,0.6366758241758241
4754,0.5206043956043956
4755,0.20604395604395603
4756,6.2973901098901095
4757,1.793956043956044
4758,1.8990384615384617
4759,2.2142857142857144
4760,1.3736263736263736
4761,0.6456043956043955
4762,0.8578296703296704
4763,2.114697802197802
4764,1.4464285714285714
4765,1.9402472527472527
4766,1.0961538461538463
4767,1.7190934065934065
4768,0.3839285714285714
4769,0.7513736263736264
4770,0.8660714285714286
4771,0.6600274725274725
4772,0.385989010989011
4773,13.536401098901099
4774,3.105082417582418
4775,1.4951923076923077
4776,3.506868131868132
4777,4.9416208791208796
4778,1.8482142857142856
4779,0.8399725274725275
4780,2.1394230769230766
4781,1.2815934065934065
4782,0.5563186813186813
4783,1.0652472527472527
4784,1.1682692307692308
4785,1.8550824175824177
4786,1.0391483516483517
4787,1.4210164835164836
4788,1.1923076923076923
4789,0.8214285714285714
4790,0.6813186813186813
4791,1.2493131868131868
4792,1.2733516483516483
4793,0.30631868131868134
4794,1.8983516483516483
4795,2.447802197802198
4796,1.8804945054945055
4797,1.0082417582417582
4798,0.7795329670329669
4799,1.3461538461538463
4800,1.4972527472527473
4801,0.5776098901098902
4802,0.8543956043956045
4803,0.7554945054945055
4804,0.7795329670329669
4805,0.45741758241758246
4806,0.6037087912087912
4807,0.3894230769230769
4808,1.3866758241758244
4809,0.2623626373626374
4810,0.7101648351648352
4811,0.757554945054945
4812,1.335164835164835
4813,0.4409340659340659
4814,6.012362637362638
4815,3.967032967032967
4816,2.4498626373626373
4817,1.4045329670329672
4818,1.106456043956044
4819,0.8612637362637363
4820,1.0940934065934065
4821,1.3379120879120878
4822,2.7135989010989015
4823,1.793956043956044
4824,0.7589285714285714
4825,1.603021978021978
4826,0.4072802197802198
4827,1.0281593406593406
4828,0.668956043956044
4829,0.75
4830,0.22321428571428573
4831,7.691620879120879
4832,2.194368131868132
4833,0.3701923076923077
4834,3.5501373626373622
4835,5.084478021978022
4836,1.5631868131868132
4837,1.7671703296703298
4838,1.6696428571428572
4839,0.7005494505494505
4840,0.8839285714285714
4841,1.0446428571428572
4842,1.1758241758241759
4843,1.8990384615384617
4844,1.2197802197802199
4845,0.4429945054945055
4846,0.6771978021978022
4847,0.5673076923076923
4848,0.5192307692307692
4849,1.7184065934065935
4850,1.1991758241758241
4851,0.375
4852,2.4436813186813184
4853,1.8674450549450552
4854,2.2135989010989015
4855,1.0652472527472527
4856,0.9162087912087913
4857,0.5425824175824177
4858,1.4491758241758241
4859,0.6730769230769231
4860,1.5714285714285714
4861,1.4065934065934065
4862,0.6600274725274725
4863,0.33241758241758246
4864,0.2774725274725275
4865,0.4381868131868132
4866,1.584478021978022
4867,0.14285714285714285
4868,0.36126373626373626
4869,0.27403846153846156
4870,0.9965659340659341
4871,0.782967032967033
4872,4.246565934065934
4873,4.667582417582418
4874,3.9278846153846154
4875,1.5247252747252746
4876,1.245879120879121
4877,0.6366758241758241
4878,0.7376373626373627
4879,8.134615384615385
4880,2.991758241758242
4881,2.642857142857143
4882,0.7472527472527473
4883,2.1607142857142856
4884,0.5982142857142857
4885,4.324175824175824
4886,1.0048076923076923
4887,1.1662087912087913
4888,0.8337912087912087
4889,14.392857142857142
4890,3.8241758241758244
4891,2.418269230769231
4892,3.331730769230769
4893,3.980082417582418
4894,1.7987637362637363
4895,3.0013736263736264
4896,3.416208791208791
4897,1.290521978021978
4898,0.2692307692307692
4899,1.4107142857142856
4900,0.9423076923076923
4901,4.012362637362637
4902,2.2884615384615383
4903,0.8557692307692307
4904,1.7342032967032965
4905,0.8804945054945055
4906,3.1236263736263736
4907,2.258928571428571
4908,0.8131868131868132
4909,1.0453296703296702
4910,6.43956043956044
4911,1.084478021978022
4912,2.7342032967032965
4913,2.4086538461538463
4914,1.8475274725274726
4915,1.57760989010989
4916,2.1394230769230766
4917,1.2032967032967035
4918,1.5934065934065935
4919,0.9986263736263736
4920,1.1160714285714286
4921,0.6373626373626373
4922,0.3715659340659341
4923,0.621565934065934
4924,2.531593406593407
4925,0.12980769230769232
4926,0.43337912087912084
4927,0.9615384615384616
4928,1.4842032967032965
4929,0.0
4930,7.458791208791208
4931,2.1826923076923075
4932,1.1339285714285714
4933,1.1586538461538463
4934,1.6826923076923077
4935,0.9718406593406592
4936,0.8846153846153846
4937,2.739697802197802
4938,2.624313186813187
4939,2.337912087912088
4940,2.2857142857142856
4941,2.1875
4942,0.5192307692307692
4943,0.7891483516483516
4944,1.5762362637362637
4945,0.8331043956043955
4946,0.19848901098901098
4947,15.369505494505495
4948,5.967032967032967
4949,0.9519230769230769
4950,4.837912087912088
4951,1.9395604395604398
4952,2.271291208791209
4953,1.5446428571428572
4954,2.0164835164835164
4955,1.2218406593406592
4956,0.6064560439560439
4957,1.1820054945054945
4958,0.7197802197802198
4959,1.7987637362637363
4960,2.2259615384615383
4961,0.6943681318681318
4962,0.9443681318681318
4963,0.24107142857142858
4964,0.9320054945054945
4965,0.6373626373626373
4966,0.2699175824175824
4967,0.5714285714285714
4968,1.848901098901099
4969,1.0391483516483517
4970,0.9491758241758241
4971,1.6579670329670328
4972,0.5789835164835164
4973,0.19986263736263737
4974,0.8090659340659341
4975,0.25206043956043955
4976,1.304945054945055
4977,0.6758241758241759
4978,0.39697802197802196
4979,0.5377747252747254
4980,0.9134615384615384
4981,0.20123626373626374
4982,2.54739010989011
4983,2.116758241758242
4984,0.23351648351648352
4985,0.385989010989011
4986,1.6607142857142858
4987,0.11195054945054944
4988,7.17032967032967
4989,2.3282967032967035
4990,1.1634615384615383
4991,0.867445054945055
4992,0.6737637362637362
4993,0.4148351648351648
4994,0.6854395604395604
4995,3.004120879120879
4996,1.914835164835165
4997,1.8811813186813189
4998,1.728021978021978
4999,0.6373626373626373
5000,2.1943681318681323
5001,0.32623626373626374
5002,0.4464285714285714
5003,0.7396978021978022
5004,0.5995879120879121
5005,6.673076923076923
5006,3.6916208791208796
5007,1.6875
5008,1.933379120879121
5009,1.098901098901099
5010,2.3866758241758244
5011,1.4402472527472527
5012,0.5384615384615384
5013,0.6792582417582418
5014,1.3983516483516483
5015,0.40934065934065933
5016,0.7465659340659341
5017,1.1181318681318682
5018,2.2342032967032965
5019,1.4210164835164836
5020,0.584478021978022
5021,0.5309065934065934
5022,1.396291208791209
5023,1.9539835164835164
5024,0.948489010989011
5025,1.4773351648351647
5026,1.7218406593406592
5027,1.864697802197802
5028,2.006181318681319
5029,1.0872252747252746
5030,0.4677197802197802
5031,0.6380494505494505
5032,1.1648351648351647
5033,0.4313186813186813
5034,0.5061813186813187
5035,0.3605769230769231
5036,0.7300824175824177
5037,0.9107142857142857
5038,0.4107142857142857
5039,1.0013736263736264
5040,1.271291208791209
5041,0.4814560439560439
5042,1.1311813186813187
5043,0.32280219780219777
5044,1.5315934065934065
5045,1.099587912087912
5046,2.010989010989011
5047,1.9079670329670328
5048,1.6483516483516483
5049,0.4608516483516484
5050,0.4697802197802198
5051,0.28708791208791207
5052,0.3708791208791209
5053,1.151098901098901
5054,1.242445054945055
5055,0.8708791208791209
5056,1.2053571428571428
5057,0.7767857142857143
5058,0.7060439560439561
5059,0.3956043956043956
5060,0.5054945054945055
5061,0.1401098901098901
5062,0.3880494505494505
5063,3.901098901098901
5064,1.5995879120879122
5065,1.125
5066,1.117445054945055
5067,1.304945054945055
5068,1.4862637362637363
5069,1.5453296703296702
5070,0.3125
5071,0.43063186813186816
5072,1.260989010989011
5073,0.3983516483516484
5074,0.33241758241758246
5075,3.019230769230769
5076,0.9711538461538461
5077,0.8907967032967032
5078,0.6064560439560439
5079,0.26785714285714285
5080,0.8557692307692307
5081,1.2170329670329672
5082,0.6112637362637363
5083,0.15453296703296704
5084,1.9292582417582418
5085,1.4464285714285714
5086,2.3262362637362637
5087,0.6820054945054945
5088,0.5350274725274725
5089,0.5460164835164836
5090,0.8282967032967032
5091,0.6002747252747253
5092,0.6009615384615384
5093,0.49313186813186816
5094,0.6037087912087913
5095,0.5645604395604396
5096,0.08928571428571429
5097,0.6181318681318682
5098,1.4471153846153846
5099,0.18475274725274726
5100,0.3942307692307692
5101,0.2623626373626374
5102,0.6353021978021979
5103,0.21703296703296704
5104,5.978708791208791
5105,2.9986263736263736
5106,2.153159340659341
5107,0.4340659340659341
5108,1.6263736263736264
5109,1.677197802197802
5110,0.8125
5111,4.252747252747253
5112,2.070054945054945
5113,2.147664835164835
5114,1.183379120879121
5115,1.0494505494505493
5116,2.5144230769230766
5117,0.27884615384615385
5118,0.8736263736263736
5119,0.2967032967032967
5120,1.9326923076923077
5121,14.935439560439558
5122,2.8152472527472527
5123,1.8076923076923077
5124,3.823489010989011
5125,1.29739010989011
5126,4.34478021978022
5127,0.8942307692307692
5128,1.0309065934065935
5129,1.2596153846153846
5130,1.2465659340659339
5131,0.39903846153846156
5132,0.29464285714285715
5133,2.2850274725274726
5134,3.0137362637362637
5135,0.459478021978022
5136,0.29876373626373626
5137,0.14903846153846154
5138,1.6586538461538463
5139,0.7142857142857143
5140,1.4443681318681318
5141,0.16208791208791207
5142,4.50206043956044
5143,1.7802197802197801
5144,1.4581043956043955
5145,1.6648351648351647
5146,1.0858516483516483
5147,0.3248626373626373
5148,0.7122252747252746
5149,0.23076923076923078
5150,0.39491758241758246
5151,0.41964285714285715
5152,0.5782967032967032
5153,1.1717032967032968
5154,0.17857142857142858
5155,0.14766483516483517
5156,1.581043956043956
5157,1.3427197802197803
5158,0.16071428571428573
5159,0.24793956043956042
5160,1.6929945054945055
5161,0.125
5162,2.9505494505494507
5163,1.5048076923076923
5164,1.0604395604395604
5165,0.6071428571428572
5166,0.948489010989011
5167,0.9196428571428572
5168,0.5570054945054945
5169,3.15521978021978
5170,1.4807692307692308
5171,1.760302197802198
5172,1.2960164835164836
5173,1.1346153846153846
5174,0.4285714285714286
5175,0.3001373626373627
5176,0.4855769230769231
5177,0.2396978021978022
5178,0.3605769230769231
5179,9.760302197802197
5180,2.6092032967032965
5181,1.7403846153846154
5182,2.758241758241758
5183,2.493131868131868
5184,1.353708791208791
5185,1.3777472527472527
5186,1.6057692307692308
5187,0.7980769230769231
5188,1.1538461538461537
5189,0.7410714285714286
5190,0.21978021978021978
5191,1.897664835164835
5192,2.0247252747252746
5193,0.8667582417582418
5194,0.2664835164835165
5195,0.3310439560439561
5196,0.9896978021978022
5197,1.114010989010989
5198,0.4945054945054945
5199,1.0625
5200,4.211538461538462
5201,1.2891483516483517
5202,1.441620879120879
5203,1.1552197802197801
5204,0.19574175824175824
5205,0.41964285714285715
5206,0.5336538461538461
5207,1.4622252747252746
5208,0.4993131868131868
5209,0.2548076923076923
5210,0.49793956043956045
5211,0.3592032967032967
5212,0.09409340659340659
5213,0.06318681318681318
5214,1.3152472527472527
5215,1.4697802197802197
5216,0.3715659340659341
5217,0.25274725274725274
5218,0.4766483516483516
5219,0.4471153846153846
5220,7.248626373626374
5221,2.4498626373626373
5222,1.223901098901099
5223,0.6126373626373627
5224,0.7520604395604396
5225,0.28708791208791207
5226,0.5274725274725275
5227,2.09478021978022
5228,1.802197802197802
5229,0.7836538461538461
5230,1.3756868131868132
5231,1.103021978021978
5232,1.3523351648351647
5233,0.5013736263736264
5234,0.4148351648351648
5235,0.19574175824175824
5236,0.2445054945054945
5237,3.938186813186813
5238,2.457417582417582
5239,1.6586538461538463
5240,2.5171703296703294
5241,0.9223901098901098
5242,1.5604395604395604
5243,1.6806318681318682
5244,0.8152472527472527
5245,0.6833791208791209
5246,1.0240384615384617
5247,0.489010989010989
5248,0.6311813186813187
5249,0.8221153846153846
5250,2.303571428571429
5251,1.7218406593406592
5252,0.5391483516483516
5253,0.43956043956043955
5254,0.8866758241758241
5255,1.6902472527472527
5256,1.0315934065934065
5257,0.43887362637362637
5258,1.3440934065934065
5259,2.2218406593406597
5260,1.706043956043956
5261,0.8337912087912087
5262,0.6620879120879121
5263,0.6998626373626373
5264,1.1929945054945055
5265,0.29532967032967034
5266,0.665521978021978
5267,0.7307692307692308
5268,0.7032967032967032
5269,0.9340659340659341
5270,0.13942307692307693
5271,0.47390109890109894
5272,0.5576923076923077
5273,0.3001373626373626
5274,0.6050824175824175
5275,0.3873626373626374
5276,0.9423076923076923
5277,0.8901098901098902
5278,4.965659340659341
5279,1.728708791208791
5280,1.0302197802197801
5281,0.529532967032967
5282,0.3372252747252747
5283,0.5837912087912087
5284,1.6002747252747254
5285,1.885302197802198
5286,1.7671703296703296
5287,1.179945054945055
5288,0.8990384615384616
5289,1.3956043956043955
5290,0.3873626373626373
5291,0.7307692307692308
5292,0.43063186813186816
5293,0.4320054945054945
5294,0.16483516483516483
5295,5.81456043956044
5296,3.303571428571429
5297,0.6875
5298,2.2472527472527473
5299,2.0137362637362637
5300,1.1407967032967032
5301,2.1387362637362637
5302,1.1085164835164836
5303,0.5638736263736264
5304,0.15934065934065933
5305,0.6627747252747254
5306,0.9100274725274724
5307,3.9924450549450547
5308,0.3179945054945055
5309,1.2548076923076923
5310,1.0961538461538463
5311,1.0920329670329672
5312,0.19368131868131866
5313,0.5041208791208791
5314,0.07211538461538461
5315,0.3248626373626373
5316,1.0975274725274724
5317,1.5714285714285714
5318,0.5247252747252746
5319,0.42994505494505497
5320,0.6442307692307692
5321,0.7884615384615384
5322,0.6298076923076923
5323,0.23076923076923078
5324,1.0858516483516483
5325,0.34203296703296704
5326,0.6009615384615384
5327,0.18887362637362637
5328,0.0
5329,0.3798076923076923
5330,1.3866758241758244
5331,0.11195054945054944
5332,0.21085164835164835
5333,0.5837912087912088
5334,0.510989010989011
5335,0.2445054945054945
5336,6.230082417582418
5337,1.9862637362637363
5338,1.8990384615384617
5339,2.0364010989010985
5340,1.551510989010989
5341,0.48214285714285715
5342,0.7232142857142857
5343,2.0570054945054945
5344,1.3021978021978022
5345,1.8777472527472527
5346,0.9086538461538461
5347,1.5940934065934065
5348,0.3070054945054945
5349,0.7561813186813187
5350,0.7314560439560439
5351,0.6696428571428572
5352,0.4244505494505495
5353,13.930631868131869
5354,3.2877747252747254
5355,1.4567307692307692
5356,3.468406593406593
5357,5.076236263736265
5358,1.8578296703296702
5359,0.8976648351648352
5360,2.0769230769230766
5361,1.3585164835164836
5362,0.489010989010989
5363,1.007554945054945
5364,1.2692307692307692
5365,1.8262362637362637
5366,1.0679945054945055
5367,1.4306318681318682
5368,1.0817307692307692
5369,0.9752747252747253
5370,0.7486263736263736
5371,1.3695054945054945
5372,1.4512362637362637
5373,0.3207417582417582
5374,1.816620879120879
5375,2.418956043956044
5376,1.8324175824175826
5377,0.9986263736263736
5378,0.7603021978021978
5379,1.2884615384615383
5380,1.6607142857142856
5381,0.5535714285714286
5382,0.9168956043956045
5383,0.7651098901098901
5384,0.7458791208791209
5385,0.4814560439560439
5386,0.6037087912087912
5387,0.3798076923076923
5388,1.3770604395604396
5389,0.23351648351648352
5390,0.6717032967032968
5391,0.7335164835164836
5392,1.426510989010989
5393,0.47458791208791207
5394,5.868131868131869
5395,4.154532967032967
5396,2.6614010989010985
5397,1.370879120879121
5398,1.0247252747252746
5399,0.7651098901098901
5400,1.0892857142857144
5401,1.3186813186813187
5402,2.7424450549450547
5403,1.57760989010989
5404,0.8021978021978022
5405,1.7039835164835166
5406,0.33516483516483514
5407,1.0521978021978022
5408,0.6737637362637363
5409,0.6538461538461539
5410,0.22321428571428573
5411,8.061813186813186
5412,2.4347527472527473
5413,0.4519230769230769
5414,3.5164835164835164
5415,4.940247252747253
5416,1.4093406593406594
5417,1.445054945054945
5418,1.6167582417582418
5419,0.7486263736263736
5420,0.8935439560439561
5421,0.9292582417582418
5422,1.0508241758241759
5423,2.0913461538461537
5424,1.2486263736263736
5425,0.6208791208791209
5426,0.6723901098901099
5427,0.5
5428,0.5865384615384616
5429,1.6943681318681318
5430,1.338598901098901
5431,0.4182692307692308
5432,2.698489010989011
5433,1.9203296703296704
5434,2.0260989010989015
5435,0.973901098901099
5436,0.9690934065934066
5437,0.5954670329670331
5438,1.4539835164835164
5439,0.7259615384615384
5440,1.6483516483516483
5441,1.3681318681318682
5442,0.7369505494505495
5443,0.3083791208791209
5444,0.26785714285714285
5445,0.4429945054945055
5446,1.5796703296703296
5447,0.14766483516483517
5448,0.3179945054945055
5449,0.28846153846153844
5450,0.9581043956043955
5451,0.7637362637362637
5452,4.5782967032967035
5453,4.239697802197803
5454,4.125
5455,1.4910714285714286
5456,1.2266483516483517
5457,0.6895604395604396
5458,0.7857142857142857
5459,7.884615384615385
5460,2.84271978021978
5461,2.6284340659340657
5462,0.6366758241758241
5463,2.021291208791209
5464,0.5693681318681318
5465,4.804945054945055
5466,1.0
5467,1.0652472527472527
5468,0.804945054945055
5469,15.24381868131868
5470,3.5068681318681323
5471,2.423076923076923
5472,3.331730769230769
5473,3.720467032967033
5474,1.808379120879121
5475,2.400412087912088
5476,3.9402472527472527
5477,1.3578296703296702
5478,0.3076923076923077
5479,1.4107142857142856
5480,0.7355769230769231
5481,4.488324175824176
5482,2.1730769230769234
5483,0.8701923076923077
5484,1.7149725274725274
5485,0.5776098901098901
5486,3.3592032967032965
5487,2.008928571428571
5488,0.8468406593406593
5489,1.0501373626373627
5490,6.040521978021978
5491,0.9979395604395604
5492,2.7534340659340657
5493,2.4423076923076925
5494,1.8571428571428572
5495,1.606456043956044
5496,2.418269230769231
5497,1.1167582417582418
5498,1.5453296703296702
5499,0.9024725274725276
5500,1.058379120879121
5501,0.5556318681318682
5502,0.3811813186813187
5503,0.6167582417582417
5504,2.488324175824176
5505,0.1346153846153846
5506,0.4526098901098901
5507,0.9278846153846154
5508,1.460164835164835
5509,0.0
5510,7.367445054945055
5511,1.8653846153846154
5512,1.2589285714285714
5513,1.2355769230769231
5514,1.625
5515,1.0006868131868132
5516,0.8125
5517,2.720467032967033
5518,2.508928571428571
5519,1.977335164835165
5520,2.179945054945055
5521,2.2019230769230766
5522,0.5384615384615384
5523,0.8035714285714286
5524,1.5233516483516483
5525,0.7225274725274725
5526,0.15521978021978022
5527,15.633928571428571
5528,6.063186813186813
5529,0.8990384615384616
5530,5.145604395604396
5531,1.915521978021978
5532,2.2424450549450547
5533,1.5206043956043955
5534,1.9347527472527473
5535,1.2554945054945055
5536,0.6449175824175823
5537,1.2012362637362637
5538,0.676510989010989
5539,1.8949175824175826
5540,2.331730769230769
5541,0.7039835164835164
5542,1.0934065934065935
5543,0.1353021978021978
5544,0.8695054945054945
5545,0.6277472527472527
5546,0.3372252747252747
5547,0.5858516483516484
5548,1.911401098901099
5549,0.9670329670329669
5550,0.9732142857142857
5551,1.7252747252747254
5552,0.5934065934065934
5553,0.2383241758241758
5554,0.698489010989011
5555,0.25206043956043955
5556,1.3722527472527473
5557,0.6181318681318682
5558,0.5123626373626373
5559,0.5233516483516484
5560,0.9182692307692307
5561,0.19642857142857142
5562,2.590659340659341
5563,2.087912087912088
5564,0.22390109890109888
5565,0.385989010989011
5566,1.6607142857142858
5567,0.11675824175824176
5568,7.17032967032967
5569,2.054258241758242
5570,1.2211538461538463
5571,0.8001373626373627
5572,0.7122252747252746
5573,0.3667582417582418
5574,0.7287087912087913
5575,2.643543956043956
5576,1.8475274725274726
5577,1.996565934065934
5578,1.6318681318681318
5579,0.6421703296703296
5580,2.1414835164835164
5581,0.2973901098901099
5582,0.40315934065934067
5583,0.6916208791208791
5584,0.6284340659340659
5585,6.480769230769231
5586,3.4416208791208796
5587,2.0048076923076925
5588,1.8949175824175826
5589,1.2190934065934065
5590,2.2472527472527473
5591,1.4931318681318682
5592,0.5192307692307693
5593,0.7417582417582418
5594,1.2781593406593406
5595,0.3756868131868132
5596,0.6600274725274725
5597,1.4210164835164836
5598,2.099587912087912
5599,1.353708791208791
5600,0.5748626373626373
5601,0.4059065934065934
5602,1.4732142857142856
5603,2.0741758241758244
5604,1.0879120879120878
5605,1.6023351648351647
5606,1.745879120879121
5607,1.7733516483516483
5608,2.09271978021978
5609,1.0487637362637363
5610,0.4532967032967033
5611,0.5851648351648352
5612,1.1552197802197801
5613,0.49862637362637363
5614,0.5494505494505495
5615,0.34134615384615385
5616,0.8214285714285714
5617,0.9732142857142857
5618,0.42032967032967034
5619,1.010989010989011
5620,1.242445054945055
5621,0.4574175824175824
5622,1.164835164835165
5623,0.3324175824175824
5624,1.4498626373626373
5625,1.085164835164835
5626,2.107142857142857
5627,1.9512362637362637
5628,1.6531593406593408
5629,0.5041208791208791
5630,0.5178571428571428
5631,0.3351648351648352
5632,0.35645604395604397
5633,1.0789835164835164
5634,1.2376373626373627
5635,0.8324175824175823
5636,1.1476648351648353
5637,0.646978021978022
5638,0.7300824175824177
5639,0.30425824175824173
5640,0.4141483516483516
5641,0.21703296703296704
5642,0.36881868131868134
5643,3.631868131868132
5644,1.5034340659340661
5645,1.0865384615384615
5646,1.290521978021978
5647,1.2472527472527473
5648,1.5343406593406592
5649,1.526098901098901
5650,0.5144230769230769
5651,0.4739010989010989
5652,1.121565934065934
5653,0.32623626373626374
5654,0.35645604395604397
5655,2.956730769230769
5656,0.9519230769230769
5657,0.8042582417582418
5658,0.6016483516483516
5659,0.2534340659340659
5660,0.8942307692307693
5661,1.293956043956044
5662,0.7122252747252746
5663,0.15453296703296704
5664,1.962912087912088
5665,1.5233516483516483
5666,2.331043956043956
5667,0.6916208791208791
5668,0.5590659340659341
5669,0.570054945054945
5670,0.8475274725274725
5671,0.48969780219780223
5672,0.6153846153846154
5673,0.44505494505494503
5674,0.570054945054945
5675,0.6222527472527473
5676,0.08928571428571429
5677,0.5989010989010989
5678,1.4951923076923077
5679,0.17032967032967034
5680,0.40384615384615385
5681,0.24313186813186813
5682,0.6401098901098902
5683,0.19780219780219782
5684,5.228708791208791
5685,2.955357142857143
5686,2.254120879120879
5687,0.41964285714285715
5688,1.7225274725274726
5689,1.5329670329670328
5690,0.7307692307692308
5691,4.06043956043956
5692,2.2142857142857144
5693,2.142857142857143
5694,1.2843406593406592
5695,1.059065934065934
5696,2.3461538461538463
5697,0.27403846153846156
5698,0.8159340659340659
5699,0.31112637362637363
5700,1.9326923076923077
5701,15.060439560439558
5702,2.6758241758241756
5703,1.8125
5704,4.006181318681319
5705,1.5425824175824174
5706,4.503434065934066
5707,0.8173076923076923
5708,1.0741758241758241
5709,1.1778846153846154
5710,1.1167582417582418
5711,0.34134615384615385
5712,0.3282967032967033
5713,2.087912087912088
5714,3.04739010989011
5715,0.4450549450549451
5716,0.3083791208791209
5717,0.22115384615384615
5718,1.7355769230769231
5719,0.8729395604395604
5720,1.333791208791209
5721,0.21497252747252746
5722,4.50206043956044
5723,1.7994505494505493
5724,1.5494505494505493
5725,1.6311813186813187
5726,1.081043956043956
5727,0.33447802197802196
5728,0.6401098901098901
5729,0.20673076923076922
5730,0.4333791208791209
5731,0.4244505494505495
5732,0.6263736263736264
5733,1.1957417582417582
5734,0.19780219780219782
5735,0.14766483516483517
5736,1.5570054945054945
5737,1.3042582417582418
5738,0.18475274725274726
5739,0.2912087912087912
5740,1.683379120879121
5741,0.13942307692307693
5742,2.2149725274725274
5743,1.7884615384615383
5744,0.9546703296703296
5745,0.6263736263736264
5746,0.8956043956043955
5747,0.8619505494505495
5748,0.6579670329670331
5749,3.193681318681319
5750,1.4519230769230769
5751,1.6304945054945055
5752,1.2335164835164836
5753,1.1923076923076923
5754,0.4333791208791209
5755,0.3385989010989011
5756,0.5
5757,0.22046703296703296
5758,0.28846153846153844
5759,10.07760989010989
5760,2.7967032967032965
5761,1.8798076923076923
5762,2.7534340659340657
5763,2.5171703296703294
5764,1.541208791208791
5765,1.320054945054945
5766,1.6201923076923077
5767,0.7451923076923077
5768,1.0913461538461537
5769,0.6593406593406593
5770,0.2582417582417582
5771,1.503434065934066
5772,2.0487637362637363
5773,0.8763736263736264
5774,0.2760989010989011
5775,0.34546703296703296
5776,0.9704670329670331
5777,1.1188186813186813
5778,0.5233516483516484
5779,1.0384615384615383
5780,4.3076923076923075
5781,1.4141483516483517
5782,1.4271978021978022
5783,1.1792582417582418
5784,0.21016483516483517
5785,0.3427197802197802
5786,0.6057692307692308
5787,1.4141483516483517
5788,0.5041208791208791
5789,0.2548076923076923
5790,0.4690934065934066
5791,0.3447802197802198
5792,0.08928571428571429
5793,0.05357142857142857
5794,1.2767857142857142
5795,1.4697802197802197
5796,0.37637362637362637
5797,0.24793956043956042
5798,0.4622252747252747
5799,0.42788461538461536
5800,7.267857142857142
5801,2.4402472527472527
5802,1.291208791208791
5803,0.5693681318681318
5804,0.8289835164835164
5805,0.3063186813186813
5806,0.5851648351648351
5807,2.0418956043956045
5808,1.5858516483516483
5809,0.7932692307692308
5810,1.6304945054945055
5811,0.963598901098901
5812,1.2754120879120878
5813,0.5542582417582418
5814,0.37637362637362637
5815,0.21497252747252746
5816,0.42719780219780223
5817,3.938186813186813
5818,2.385302197802198
5819,1.3990384615384615
5820,2.7527472527472527
5821,0.9656593406593406
5822,1.603708791208791
5823,1.7479395604395604
5824,0.7431318681318682
5825,0.6353021978021978
5826,0.9519230769230769
5827,0.5082417582417582
5828,0.6167582417582418
5829,0.7884615384615384
5830,2.5872252747252746
5831,1.45260989010989
5832,0.4622252747252747
5833,0.4010989010989011
5834,1.0068681318681318
5835,1.791208791208791
5836,1.161401098901099
5837,0.46291208791208793
5838,1.4258241758241759
5839,2.491071428571429
5840,1.864697802197802
5841,0.9539835164835164
5842,0.8063186813186813
5843,0.6277472527472527
5844,1.3420329670329672
5845,0.31936813186813184
5846,0.7039835164835164
5847,0.6971153846153846
5848,0.7706043956043955
5849,1.0013736263736264
5850,0.125
5851,0.49793956043956045
5852,0.5336538461538461
5853,0.29532967032967034
5854,0.5906593406593407
5855,0.4017857142857143
5856,0.9278846153846154
5857,0.9333791208791209
5858,5.138736263736265
5859,1.9835164835164836
5860,1.059065934065934
5861,0.6112637362637363
5862,0.3179945054945055
5863,0.588598901098901
5864,1.6483516483516483
5865,1.947802197802198
5866,1.7142857142857142
5867,1.1078296703296702
5868,0.8076923076923077
5869,1.4532967032967032
5870,0.33447802197802196
5871,0.7692307692307692
5872,0.43063186813186816
5873,0.3983516483516484
5874,0.17925824175824173
5875,6.078983516483516
5876,3.519917582417582
5877,0.5961538461538461
5878,2.4443681318681323
5879,1.941620879120879
5880,1.2321428571428572
5881,2.480082417582418
5882,1.0027472527472527
5883,0.5157967032967032
5884,0.1353021978021978
5885,0.6291208791208791
5886,0.9100274725274724
5887,4.059752747252747
5888,0.34684065934065933
5889,1.4759615384615383
5890,1.1730769230769231
5891,1.3660714285714286
5892,0.18406593406593408
5893,0.5425824175824175
5894,0.1346153846153846
5895,0.2912087912087912
5896,0.9917582417582418
5897,1.643543956043956
5898,0.5583791208791209
5899,0.31936813186813184
5900,0.6923076923076923
5901,0.6586538461538461
5902,0.6634615384615384
5903,0.2980769230769231
5904,1.0762362637362637
5905,0.5103021978021978
5906,0.7211538461538461
5907,0.2129120879120879
5908,0.0
5909,0.39903846153846156
5910,1.353021978021978
5911,0.11195054945054944
5912,0.22046703296703296
5913,0.6559065934065934
5914,0.5350274725274725
5915,0.2348901098901099
5916,6.845467032967033
5917,1.981456043956044
5918,2.1490384615384617
5919,2.0989010989010985
5920,1.5755494505494507
5921,0.5782967032967032
5922,0.853021978021978
5923,1.98489010989011
5924,1.5329670329670328
5925,2.0267857142857144
5926,0.9759615384615384
5927,1.4354395604395604
5928,0.3358516483516484
5929,0.8186813186813187
5930,0.6978021978021978
5931,0.5350274725274725
5932,0.4340659340659341
5933,14.459478021978022
5934,3.5137362637362637
5935,1.5
5936,3.8722527472527473
5937,5.230082417582418
5938,1.9059065934065935
5939,0.926510989010989
5940,2.043269230769231
5941,1.3585164835164836
5942,0.5274725274725275
5943,0.9546703296703296
5944,1.2355769230769231
5945,1.6050824175824174
5946,1.0872252747252746
5947,1.5027472527472527
5948,1.2548076923076923
5949,0.893543956043956
5950,0.739010989010989
5951,1.2396978021978022
5952,1.331043956043956
5953,0.34958791208791207
5954,2.018543956043956
5955,2.3612637362637363
5956,1.7747252747252746
5957,0.9120879120879122
5958,0.8420329670329669
5959,1.2596153846153846
5960,1.6318681318681318
5961,0.6401098901098902
5962,0.9697802197802199
5963,0.7506868131868132
5964,0.7603021978021978
5965,0.4285714285714286
5966,0.6037087912087912
5967,0.38461538461538464
5968,1.333791208791209
5969,0.22390109890109888
5970,0.6524725274725275
5971,0.6758241758241759
5972,1.3832417582417582
5973,0.4457417582417582
5974,5.916208791208791
5975,4.197802197802197
5976,2.5315934065934065
5977,1.4766483516483517
5978,1.058379120879121
5979,0.8901098901098901
5980,1.0940934065934065
5981,1.309065934065934
5982,2.5789835164835164
5983,1.6160714285714286
5984,0.6820054945054945
5985,1.521291208791209
5986,0.3592032967032967
5987,1.0425824175824174
5988,0.6978021978021978
5989,0.5913461538461539
5990,0.20398351648351648
5991,8.186813186813186
5992,2.6222527472527473
5993,0.42788461538461536
5994,3.79532967032967
5995,5.276785714285714
5996,1.5247252747252746
5997,1.6902472527472527
5998,1.6407967032967035
5999,0.739010989010989
6000,0.9368131868131868
6001,0.9581043956043955
6002,1.1998626373626373
6003,1.9855769230769231
6004,1.301510989010989
6005,0.9718406593406593
6006,0.6820054945054945
6007,0.5673076923076923
6008,0.5625
6009,1.7520604395604398
6010,1.1414835164835164
6011,0.4471153846153846
6012,2.7369505494505493
6013,1.9251373626373627
6014,2.117445054945055
6015,0.9787087912087913
6016,0.973901098901099
6017,0.5521978021978022
6018,1.4876373626373627
6019,0.6538461538461539
6020,1.60989010989011
6021,1.4690934065934065
6022,0.7898351648351649
6023,0.3708791208791209
6024,0.2774725274725275
6025,0.4381868131868132
6026,1.5892857142857142
6027,0.14285714285714285
6028,0.32280219780219777
6029,0.27884615384615385
6030,0.9725274725274725
6031,0.7733516483516483
6032,4.621565934065934
6033,5.600274725274725
6034,4.091346153846153
6035,1.6112637362637363
6036,1.2410714285714286
6037,0.7953296703296703
6038,0.7616758241758241
6039,7.6875
6040,3.1119505494505493
6041,2.5130494505494507
6042,0.665521978021978
6043,2.165521978021978
6044,0.588598901098901
6045,4.199175824175824
6046,0.8509615384615384
6047,0.9931318681318682
6048,0.8289835164835164
6049,16.210164835164832
6050,4.021291208791209
6051,2.4903846153846154
6052,3.5673076923076925
6053,3.811813186813187
6054,1.8035714285714286
6055,2.669642857142857
6056,3.7575549450549453
6057,1.3914835164835164
6058,0.27403846153846156
6059,1.3770604395604396
6060,0.6730769230769231
6061,4.1614010989010985
6062,2.3413461538461537
6063,1.1586538461538463
6064,1.7967032967032965
6065,0.5920329670329669
6066,3.041895604395604
6067,2.2445054945054945
6068,1.0343406593406592
6069,0.9491758241758241
6070,6.603021978021978
6071,0.9883241758241759
6072,3.0274725274725274
6073,2.3701923076923075
6074,2.010989010989011
6075,1.64010989010989
6076,2.4663461538461537
6077,1.385989010989011
6078,1.554945054945055
6079,0.9361263736263736
6080,1.043956043956044
6081,0.5604395604395604
6082,0.35714285714285715
6083,0.635989010989011
6084,2.5027472527472527
6085,0.1346153846153846
6086,0.4526098901098901
6087,1.0625
6088,1.5082417582417582
6089,0.0
6090,7.929945054945055
6091,2.1538461538461537
6092,1.254120879120879
6093,1.4086538461538463
6094,1.8461538461538463
6095,1.1353021978021978
6096,0.9423076923076923
6097,2.8358516483516483
6098,2.595467032967033
6099,1.9917582417582418
6100,2.4010989010989015
6101,2.0913461538461537
6102,0.5
6103,0.9093406593406593
6104,1.4752747252747254
6105,0.7657967032967032
6106,0.2032967032967033
6107,16.157967032967033
6108,6.510302197802197
6109,1.1875
6110,5.746565934065934
6111,2.054945054945055
6112,2.2664835164835164
6113,1.6696428571428572
6114,1.8914835164835164
6115,1.4285714285714286
6116,0.6208791208791209
6117,1.3406593406593408
6118,0.6861263736263736
6119,1.995879120879121
6120,2.4951923076923075
6121,0.8289835164835164
6122,1.040521978021978
6123,0.16414835164835165
6124,0.9800824175824177
6125,0.6565934065934066
6126,0.4526098901098901
6127,0.6387362637362637
6128,2.0940934065934065
6129,1.0391483516483517
6130,0.992445054945055
6131,1.7252747252747254
6132,0.6991758241758241
6133,0.2623626373626374
6134,0.8715659340659341
6135,0.2760989010989011
6136,1.3289835164835164
6137,0.6517857142857143
6138,0.39217032967032966
6139,0.532967032967033
6140,0.8798076923076923
6141,0.21085164835164835
6142,2.6771978021978025
6143,2.1119505494505497
6144,0.25274725274725274
6145,0.3715659340659341
6146,1.6559065934065935
6147,0.12156593406593406
6148,7.309752747252747
6149,2.3282967032967035
6150,1.2548076923076923
6151,0.838598901098901
6152,0.7122252747252746
6153,0.5206043956043955
6154,0.7623626373626373
6155,2.595467032967033
6156,1.8907967032967035
6157,1.9917582417582418
6158,1.6078296703296702
6159,0.632554945054945
6160,2.2135989010989015
6161,0.2973901098901099
6162,0.38873626373626374
6163,0.7493131868131868
6164,0.5995879120879121
6165,6.884615384615385
6166,3.6146978021978025
6167,1.8557692307692308
6168,2.250686813186813
6169,1.132554945054945
6170,2.3434065934065935
6171,1.4642857142857144
6172,0.4519230769230769
6173,0.7465659340659341
6174,1.3887362637362637
6175,0.4574175824175824
6176,0.7081043956043955
6177,1.103708791208791
6178,2.349587912087912
6179,1.2527472527472527
6180,0.5171703296703297
6181,0.5068681318681318
6182,1.6991758241758244
6183,1.915521978021978
6184,1.0157967032967032
6185,1.5446428571428572
6186,1.7795329670329672
6187,1.8358516483516483
6188,2.1263736263736264
6189,1.135302197802198
6190,0.510989010989011
6191,0.614010989010989
6192,1.1552197802197801
6193,0.4024725274725275
6194,0.4965659340659341
6195,0.375
6196,0.8262362637362637
6197,0.915521978021978
6198,0.4251373626373626
6199,1.0254120879120878
6200,1.2135989010989012
6201,0.43337912087912084
6202,1.2369505494505495
6203,0.3276098901098901
6204,1.4931318681318682
6205,1.085164835164835
6206,2.323489010989011
6207,1.8454670329670328
6208,1.9175824175824174
6209,0.48969780219780223
6210,0.4217032967032967
6211,0.28708791208791207
6212,0.3660714285714286
6213,0.9684065934065934
6214,1.088598901098901
6215,0.7939560439560439
6216,1.1092032967032968
6217,0.598901098901099
6218,0.6627747252747254
6219,0.3907967032967033
6220,0.40453296703296704
6221,0.16895604395604397
6222,0.37362637362637363
6223,3.7664835164835164
6224,1.6380494505494507
6225,1.0913461538461537
6226,1.367445054945055
6227,1.6847527472527473
6228,1.5391483516483517
6229,1.478021978021978
6230,0.44711538461538464
6231,0.37774725274725274
6232,1.260989010989011
6233,0.3358516483516484
6234,0.3708791208791209
6235,4.048076923076923
6236,0.9375
6237,0.8811813186813187
6238,0.5824175824175823
6239,0.29189560439560436
6240,1.0576923076923077
6241,1.1593406593406594
6242,0.5343406593406593
6243,0.23145604395604397
6244,1.9869505494505495
6245,1.5570054945054945
6246,2.4656593406593403
6247,0.6531593406593407
6248,0.5157967032967032
6249,0.5556318681318682
6250,0.9052197802197802
6251,0.5041208791208791
6252,0.5961538461538461
6253,0.39697802197802196
6254,0.6517857142857143
6255,0.617445054945055
6256,0.08928571428571429
6257,0.5892857142857143
6258,1.4615384615384615
6259,0.16552197802197804
6260,0.40384615384615385
6261,0.25274725274725274
6262,0.6353021978021979
6263,0.2026098901098901
6264,5.940247252747253
6265,2.989010989010989
6266,2.071428571428571
6267,0.448489010989011
6268,1.7273351648351647
6269,1.4945054945054945
6270,0.9278846153846154
6271,4.195054945054945
6272,2.0171703296703294
6273,2.070741758241758
6274,1.1593406593406592
6275,0.9773351648351648
6276,2.4711538461538463
6277,0.27403846153846156
6278,0.7293956043956045
6279,0.29189560439560436
6280,1.9615384615384617
6281,14.767170329670328
6282,2.8825549450549453
6283,1.6634615384615385
6284,4.501373626373626
6285,1.831043956043956
6286,4.580357142857142
6287,0.9663461538461539
6288,1.0741758241758241
6289,1.2692307692307692
6290,1.3042582417582418
6291,0.34134615384615385
6292,0.3282967032967033
6293,2.448489010989011
6294,3.0570054945054945
6295,0.42582417582417587
6296,0.34203296703296704
6297,0.21153846153846154
6298,1.6971153846153846
6299,0.7815934065934066
6300,1.151098901098901
6301,0.2534340659340659
6302,5.131868131868132
6303,1.9965659340659339
6304,1.6456043956043955
6305,1.7369505494505493
6306,1.2300824175824174
6307,0.35851648351648346
6308,0.6881868131868132
6309,0.2644230769230769
6310,0.45741758241758246
6311,0.41964285714285715
6312,0.7273351648351649
6313,1.2678571428571428
6314,0.1929945054945055
6315,0.14766483516483517
6316,1.5858516483516483
6317,1.2946428571428572
6318,0.16071428571428573
6319,0.24793956043956042
6320,1.6737637362637363
6321,0.14903846153846154
6322,2.5467032967032965
6323,1.5913461538461537
6324,0.9739010989010989
6325,0.6311813186813187
6326,0.9532967032967032
6327,0.8331043956043955
6328,0.6579670329670331
6329,3.0831043956043955
6330,1.5192307692307692
6331,1.697802197802198
6332,1.2335164835164836
6333,1.2692307692307692
6334,0.3804945054945055
6335,0.2760989010989011
6336,0.4375
6337,0.1675824175824176
6338,0.3605769230769231
6339,10.43337912087912
6340,2.9649725274725274
6341,1.875
6342,3.1524725274725274
6343,2.3921703296703294
6344,1.6085164835164836
6345,1.445054945054945
6346,1.5
6347,0.7355769230769231
6348,1.1634615384615383
6349,0.7122252747252746
6350,0.21497252747252746
6351,1.8688186813186811
6352,2.245879120879121
6353,1.0446428571428572
6354,0.30494505494505497
6355,0.3070054945054945
6356,0.9945054945054945
6357,1.253434065934066
6358,0.3791208791208791
6359,1.0721153846153846
6360,4.836538461538462
6361,1.3516483516483517
6362,1.4800824175824174
6363,1.1792582417582418
6364,0.3207417582417582
6365,0.3427197802197802
6366,0.625
6367,1.495879120879121
6368,0.5041208791208791
6369,0.2692307692307692
6370,0.5748626373626373
6371,0.3447802197802198
6372,0.08928571428571429
6373,0.05357142857142857
6374,1.3296703296703296
6375,1.4842032967032965
6376,0.37637362637362637
6377,0.22390109890109888
6378,0.4526098901098901
6379,0.4471153846153846
6380,8.275138696255201
6381,2.694868238557559
6382,1.5795769764216367
6383,0.5781900138696255
6384,0.7019764216366158
6385,0.28484743411927876
6386,0.6270804438280166
6387,2.0360610263522885
6388,1.6357489597780859
6389,0.9381067961165048
6390,1.6785714285714286
6391,1.0733356449375866
6392,1.3535020804438278
6393,0.5865117891816921
6394,0.38748266296809986
6395,0.21688626907073508
6396,0.4634188626907073
6397,4.414008321775312
6398,2.75502773925104
6399,1.6359223300970873
6400,3.011615811373093
6401,1.2898751733703189
6402,1.698509015256588
6403,1.7992371705963939
6404,0.8926837725381415
6405,0.6093966712898751
6406,0.9939320388349515
6407,0.5251386962552012
6408,0.8231622746185854
6409,1.0242718446601942
6410,2.789008321775312
6411,1.5402219140083218
6412,0.5026005547850207
6413,0.47018030513176146
6414,0.8864424410540915
6415,1.756761442441054
6416,0.948509015256588
6417,0.5428224687933425
6418,1.5601595006934814
6419,2.562066574202497
6420,1.8869625520110955
6421,0.9046463245492371
6422,0.7775658807212205
6423,0.7167128987517337
6424,1.3424063800277393
6425,0.3269764216366158
6426,0.7650832177531206
6427,0.7779126213592233
6428,0.832871012482663
6429,1.0440360610263522
6430,0.12985436893203883
6431,0.47399445214979197
6432,0.5776699029126213
6433,0.3148404993065187
6434,0.6102635228848821
6435,0.37326629680998613
6436,0.9720873786407767
6437,0.8715325936199723
6438,5.717059639389737
6439,2.0334604715672677
6440,1.0343273231622745
6441,0.5559986130374479
6442,0.3375520110957004
6443,0.6400832177531206
6444,1.5459431345353676
6445,2.164008321775312
6446,2.010402219140083
6447,1.1619278779472955
6448,0.8398058252427185
6449,1.4772884882108182
6450,0.38904299583911234
6451,0.8300970873786409
6452,0.3841886269070735
6453,0.39545769764216365
6454,0.18966712898751734
6455,6.552704576976422
6456,3.5268723994452147
6457,0.49514563106796117
6458,2.6825589459084607
6459,1.9682732316227463
6460,1.2479195561719834
6461,2.3845353675450762
6462,1.0492371705963939
6463,0.528259361997226
6464,0.17493065187239945
6465,0.5835644937586686
6466,0.84500693481276
6467,4.2590152565880715
6468,0.3375520110957004
6469,0.9259708737864077
6470,1.2475728155339807
6471,1.2040568654646324
6472,0.2382108183079057
6473,0.4876907073509015
6474,0.10194174757281553
6475,0.39389736477115117
6476,1.0683079056865465
6477,1.6503120665742026
6478,0.5608529819694867
6479,0.43255894590846045
6480,0.6577669902912622
6481,0.7148058252427185
6482,0.7099514563106797
6483,0.25728155339805825
6484,1.094486823855756
6485,0.5426490984743412
6486,0.7050970873786409
6487,0.2236477115117892
6488,0.0
6489,0.38470873786407767
6490,1.3439667128987518
6491,0.1168515950069348
6492,0.24011789181692095
6493,0.6182385575589459
6494,0.5501040221914009
6495,0.22555478502080445
6496,7.406380027739251
6497,2.2938626907073507
6498,2.154126213592233
6499,2.2737517337031896
6500,1.6792649098474342
6501,0.7515603328710125
6502,0.8912968099861304
6503,2.16123439667129
6504,1.6418169209431346
6505,2.4824895977808596
6506,1.0388349514563107
6507,1.736130374479889
6508,0.39545769764216365
6509,0.8583564493758669
6510,0.6664355062413314
6511,0.7552011095700416
6512,0.353502080443828
6513,15.48855755894591
6514,3.8748266296809986
6515,1.9077669902912622
6516,4.261442441054092
6517,5.362690707350902
6518,1.8815880721220526
6519,0.9875173370319001
6520,2.3944174757281553
6521,1.5201109570041609
6522,0.588245492371706
6523,1.0553051317614424
6524,1.2803398058252426
6525,1.735263522884882
6526,1.2877947295423022
6527,1.0298196948682385
6528,1.3677184466019416
6529,1.294729542302358
6530,1.0627600554785022
6531,1.4282246879334257
6532,1.361477115117892
6533,0.39528432732316227
6534,2.227981969486824
6535,2.6458044382801664
6536,1.852115117891817
6537,1.0481969486823857
6538,0.9249306518723994
6539,1.4441747572815533
6540,1.779646324549237
6541,0.7283287101248267
6542,1.1731969486823857
6543,0.9528432732316228
6544,0.8169209431345353
6545,0.40672676837725386
6546,0.628120665742025
6547,0.40898058252427183
6548,1.339112343966713
6549,0.23855755894590844
6550,0.7156726768377254
6551,0.7446255201109571
6552,1.3746532593619971
6553,0.4996532593619972
6554,6.516470180305132
6555,4.6263869625520115
6556,2.9752080443828017
6557,1.5620665742024966
6558,1.164008321775312
6559,0.9140083217753121
6560,1.1074895977808599
6561,1.336511789181692
6562,2.9774618585298196
6563,1.7829403606102634
6564,0.760748959778086
6565,1.693481276005548
6566,0.36494452149791956
6567,1.0884188626907072
6568,0.7720180305131762
6569,0.8106796116504854
6570,0.21411234396671291
6571,9.005894590846047
6572,2.6000346740638003
6573,0.4029126213592233
6574,4.524791955617198
6575,5.322295423023578
6576,1.6858529819694867
6577,1.698509015256588
6578,1.7042302357836339
6579,0.94625520110957
6580,1.0580790568654646
6581,0.9566574202496532
6582,1.2434119278779474
6583,2.4550970873786406
6584,1.375866851595007
6585,0.5232316227461858
6586,0.7049237170596394
6587,0.7779126213592233
6588,0.7160194174757282
6589,1.984743411927878
6590,1.0866851595006934
6591,0.4296116504854369
6592,3.38626907073509
6593,2.3451803051317617
6594,2.680131761442441
6595,1.0601595006934814
6596,1.2397711511789182
6597,0.6660887656033287
6598,1.8160540915395282
6599,1.0776699029126213
6600,1.727981969486824
6601,1.6499653259361997
6602,0.8280166435506242
6603,0.39701803051317613
6604,0.2727115117891817
6605,0.44313453536754505
6606,1.5468099861303743
6607,0.14285714285714285
6608,0.3084257975034674
6609,0.30339805825242716
6610,0.9639389736477114
6611,0.7740984743411927
6612,4.912968099861304
6613,6.083564493758669
6614,4.155339805825243
6615,1.5377947295423025
6616,1.4455617198335644
6617,0.9277045769764216
6618,0.7116851595006934
6619,7.770631067961165
6620,3.067094313453537
6621,2.5627600554785017
6622,0.8160540915395285
6623,2.3160540915395282
6624,0.5915395284327323
6625,3.8609570041608876
6626,0.9842233009708738
6627,0.9424410540915396
6628,0.996879334257975
6629,15.595527045769764
6630,4.337898751733703
6631,2.470873786407767
6632,4.140776699029127
6633,3.778952843273232
6634,2.17128987517337
6635,2.482142857142857
6636,3.4800624133148403
6637,1.3791608876560333
6638,0.2669902912621359
6639,1.5866851595006934
6640,0.8580097087378641
6641,4.540742024965326
6642,2.58252427184466
6643,0.9271844660194175
6644,1.8515950069348128
6645,0.5220180305131761
6646,3.179264909847434
6647,2.0835644937586686
6648,0.8290568654646325
6649,1.1631414701803051
6650,6.789355062413314
6651,1.0176837725381416
6652,2.974167822468793
6653,2.4648058252427183
6654,2.1265603328710125
6655,1.6081830790568654
6656,2.5218446601941746
6657,1.5149098474341194
6658,1.6109570041608876
6659,0.9741678224687934
6660,1.1506588072122053
6661,0.6220527045769764
6662,0.37170596393897365
6663,0.6314147018030513
6664,2.538314840499307
6665,0.13470873786407767
6666,0.4382801664355062
6667,0.962378640776699
6668,1.6355755894590844
6669,0.0
6670,9.260228848821082
6671,2.5036407766990294
6672,1.4925450762829402
6673,1.395631067961165
6674,2.0533980582524274
6675,1.1324549237170596
6676,0.8592233009708738
6677,3.1490984743411925
6678,2.621185852981969
6679,2.0634535367545075
6680,2.5611997226074896
6681,2.200242718446602
6682,0.6577669902912622
6683,0.9479889042995839
6684,1.7219140083217752
6685,0.9335991678224689
6686,0.23335644937586686
6687,17.585991678224687
6688,7.180998613037447
6689,1.266990291262136
6690,6.712725381414701
6691,2.222607489597781
6692,2.5794036061026353
6693,1.8025312066574202
6694,1.984743411927878
6695,1.4127947295423025
6696,0.6276005547850207
6697,1.3566227461858529
6698,0.9025658807212205
6699,2.4856102635228847
6700,3.1067961165048543
6701,0.9762482662968099
6702,1.3415395284327323
6703,0.33512482662968096
6704,1.0483703190013869
6705,0.6645284327323162
6706,0.451629680998613
6707,0.7680305131761442
6708,2.5091886269070733
6709,1.239251040221914
6710,1.2189667128987516
6711,1.8481276005547849
6712,0.9167822468793343
6713,0.302877947295423
6714,0.9542302357836339
6715,0.37066574202496533
6716,1.4361997226074896
6717,0.7324895977808599
6718,0.427877947295423
6719,0.6806518723994452
6720,0.8895631067961165
6721,0.20128294036061026
6722,2.6260402219140087
6723,2.0646671289875176
6724,0.22399445214979194
6725,0.391123439667129
6726,1.6910540915395285
6727,0.1168515950069348
6728,7.539355062413314
6729,2.4785020804438282
6730,1.2657766990291264
6731,0.8755201109570041
6732,0.7149791955617197
6733,0.562239944521498
6734,0.8283633841886269
6735,2.6709431345353676
6736,1.9857836338418864
6737,2.070735090152566
6738,1.4835298196948683
6739,0.611130374479889
6740,2.063626907073509
6741,0.3323509015256588
6742,0.3614771151178918
6743,0.6940013869625521
6744,0.8200416088765603
6745,6.983009708737864
6746,3.628467406380028
6747,1.7184466019417475
6748,2.304785020804438
6749,1.19001386962552
6750,2.239597780859917
6751,1.4800624133148406
6752,0.4320388349514563
6753,0.6920943134535368
6754,1.3918169209431346
6755,0.4249306518723994
6756,0.6508321775312066
6757,0.9679264909847434
6758,2.2023231622746184
6759,1.4630721220527045
6760,0.5528779472954231
6761,0.43619972260748957
6762,1.4628987517337033
6763,1.8488210818307906
6764,0.9712205270457697
6765,1.5840846047156725
6766,1.972260748959778
6767,2.062933425797503
6768,2.2515603328710125
6769,1.1166782246879334
6770,0.5925797503467406
6771,0.6113037447988904
6772,1.3243758668515948
6773,0.5664008321775312
6774,0.5416088765603329
6775,0.38228155339805825
6776,0.8396324549237171
6777,1.080617198335645
6778,0.42042302357836336
6779,1.0306865464632455
6780,1.2480929264909848
6781,0.4382801664355062
6782,1.1265603328710125
6783,0.3618238557558946
6784,1.4994798890429957
6785,1.100381414701803
6786,2.3802011095700415
6787,2.5168169209431346
6788,2.121185852981969
6789,0.5313800277392511
6790,0.4680998613037448
6791,0.3079056865464632
6792,0.39701803051317613
6793,1.1291608876560333
6794,1.3160540915395285
6795,0.8848821081830791
6796,1.2787794729542303
6797,0.6742371705963939
6798,0.7182732316227463
6799,0.35957004160887657
6800,0.4492024965325936
6801,0.20891123439667128
6802,0.3467406380027739
6803,4.0017337031900135
6804,1.6125173370319001
6805,1.0631067961165048
6806,1.4192094313453536
6807,1.4665395284327323
6808,1.6773578363384187
6809,1.4167822468793343
6810,0.3300970873786408
6811,0.5055478502080444
6812,1.2030166435506242
6813,0.414875173370319
6814,0.33391123439667125
6815,3.4150485436893203
6816,0.9672330097087378
6817,0.7260748959778086
6818,0.6081830790568654
6819,0.3613037447988904
6820,1.4563106796116505
6821,1.1288141470180306
6822,0.4928918169209431
6823,0.17493065187239945
6824,2.21879334257975
6825,1.6721567267683772
6826,2.4173023578363386
6827,0.8020110957004161
6828,0.7175797503467407
6829,0.5868585298196949
6830,0.8850554785020804
6831,0.6199722607489597
6832,0.6614077669902912
6833,0.4909847434119279
6834,0.669382801664355
6835,0.7128987517337031
6836,0.09899445214979195
6837,0.6184119278779473
6838,1.5303398058252426
6839,0.1704230235783634
6840,0.37985436893203883
6841,0.2337031900138696
6842,0.6506588072122053
6843,0.1834257975034674
6844,6.572295423023578
6845,3.034847434119279
6846,2.1915742024965326
6847,0.41660887656033285
6848,1.7345700416088765
6849,1.8190013869625519
6850,0.9769417475728155
6851,4.4982662968099865
6852,2.1220527045769764
6853,2.2023231622746184
6854,1.1797850208044385
6855,1.0634535367545075
6856,2.5436893203883493
6857,0.33859223300970875
6858,0.7472260748959778
6859,0.25450762829403606
6860,2.1298543689320386
6861,15.473994452149793
6862,2.998266296809986
6863,1.8300970873786409
6864,4.739424410540916
6865,1.623613037447989
6866,4.781206657420249
6867,0.9563106796116505
6868,1.2408113730929264
6869,1.299757281553398
6870,1.144764216366158
6871,0.2803398058252427
6872,0.30981276005547853
6873,2.175104022191401
6874,3.1927877947295427
6875,0.3514216366158114
6876,0.39701803051317613
6877,0.23179611650485438
6878,1.7633495145631068
6879,0.7798196948682385
6880,1.484743411927878
6881,0.1914008321775312
6882,5.407073509015257
6883,2.224861303744799
6884,1.7151525658807212
6885,1.8996185852981968
6886,1.2255547850208044
6887,0.35506241331484045
6888,0.6773578363384188
6889,0.25728155339805825
6890,0.46497919556171985
6891,0.43117198335644935
6892,0.7018030513176144
6893,1.3321775312066575
6894,0.17857142857142858
6895,0.14771151178918168
6896,1.5289528432732316
6897,1.353502080443828
6898,0.1704230235783634
6899,0.24826629680998613
6900,1.684639389736477
6901,0.14441747572815533
6902,2.909847434119279
6903,1.7827669902912622
6904,1.1438973647711512
6905,0.6823855755894591
6906,1.1508321775312065
6907,0.9481622746185854
6908,0.7728848821081831
6909,3.391123439667129
6910,1.650485436893204
6911,1.8739597780859918
6912,1.3854022191400832
6913,1.3070388349514563
6914,0.4552704576976422
6915,0.31605409153952846
6916,0.5497572815533981
6917,0.1393897364771151
6918,0.33859223300970875
6919,10.67735783633842
6920,2.8528085991678225
6921,1.9320388349514563
6922,3.337031900138696
6923,2.5929264909847434
6924,1.723994452149792
6925,1.39875173370319
6926,1.645631067961165
6927,0.7827669902912622
6928,1.1444174757281553
6929,0.7004160887656032
6930,0.26907073509015256
6931,2.27877947295423
6932,2.286581137309293
6933,1.1593273231622747
6934,0.3257628294036061
6935,0.3092926490984743
6936,1.0641470180305133
6937,1.1125173370319001
6938,0.5313800277392511
6939,1.0618932038834952
6940,5.202669902912621
6941,1.6191054091539527
6942,1.6066227461858529
6943,1.3984049930651872
6944,0.2751386962552011
6945,0.38748266296809986
6946,0.6662621359223301
6947,1.514736477115118
6948,0.5592926490984744
6949,0.2803398058252427
6950,0.47156726768377255
6951,0.37586685159500693
6952,0.08928571428571429
6953,0.05357142857142857
6954,1.3162274618585297
6955,1.475381414701803
6956,0.37170596393897365
6957,0.2579750346740638
6958,0.5159500693481276
6959,0.4866504854368932
6960,8.315934065934066
6961,2.666208791208791
6962,1.5652472527472527
6963,0.6751373626373626
6964,0.7520604395604396
6965,0.2967032967032967
6966,0.5322802197802198
6967,2.0659340659340657
6968,1.8887362637362637
6969,0.9807692307692307
6970,1.668956043956044
6971,1.1559065934065935
6972,1.6023351648351647
6973,0.6167582417582418
6974,0.4677197802197802
6975,0.25824175824175827
6976,0.5041208791208791
6977,4.245879120879121
6978,2.8612637362637363
6979,1.8653846153846154
6980,3.2671703296703294
6981,1.1868131868131868
6982,1.8585164835164836
6983,2.055631868131868
6984,1.0123626373626373
6985,0.6978021978021978
6986,1.1971153846153846
6987,0.5370879120879121
6988,0.6071428571428572
6989,0.8557692307692308
6990,2.779532967032967
6991,1.683379120879121
6992,0.4958791208791209
6993,0.5453296703296704
6994,0.8145604395604396
6995,1.570054945054945
6996,1.1229395604395604
6997,0.5638736263736264
6998,1.8200549450549453
6999,2.731456043956044
7000,1.92239010989011
7001,1.1126373626373627
7002,0.8495879120879122
7003,0.7431318681318682
7004,1.418956043956044
7005,0.3914835164835165
7006,0.8097527472527473
7007,0.8894230769230769
7008,0.8907967032967032
7009,0.9773351648351648
7010,0.125
7011,0.48832417582417587
7012,0.5288461538461539
7013,0.3001373626373626
7014,0.6002747252747253
7015,0.41620879120879123
7016,1.0288461538461537
7017,0.981456043956044
7018,5.6820054945054945
7019,1.916208791208791
7020,1.1263736263736264
7021,0.5199175824175823
7022,0.3131868131868132
7023,0.6126373626373627
7024,1.2445054945054945
7025,2.26510989010989
7026,1.9450549450549448
7027,1.1751373626373627
7028,1.1153846153846154
7029,1.760989010989011
7030,0.4162087912087912
7031,0.8317307692307692
7032,0.5556318681318682
7033,0.4464285714285714
7034,0.16002747252747251
7035,6.535714285714286
7036,3.894917582417582
7037,0.7019230769230769
7038,2.9347527472527473
7039,2.028159340659341
7040,1.1936813186813187
7041,2.5906593406593403
7042,1.1662087912087913
7043,0.635989010989011
7044,0.18818681318681318
7045,0.7589285714285714
7046,0.8667582417582418
7047,4.309752747252747
7048,0.3324175824175824
7049,1.125
7050,1.2403846153846154
7051,1.0631868131868132
7052,0.24656593406593408
7053,0.3743131868131868
7054,0.16346153846153846
7055,0.3248626373626373
7056,1.2081043956043955
7057,1.7156593406593408
7058,0.7218406593406593
7059,0.38186813186813184
7060,0.8076923076923077
7061,0.6490384615384616
7062,0.7307692307692308
7063,0.30288461538461536
7064,1.0858516483516483
7065,0.4814560439560439
7066,0.6730769230769231
7067,0.17445054945054944
7068,0.0
7069,0.38461538461538464
7070,1.4010989010989012
7071,0.11675824175824176
7072,0.23008241758241757
7073,0.5982142857142857
7074,0.5590659340659341
7075,0.21085164835164835
7076,7.451236263736265
7077,2.2843406593406597
7078,2.418269230769231
7079,2.6902472527472527
7080,1.6861263736263736
7081,0.823489010989011
7082,0.8770604395604396
7083,2.355082417582418
7084,1.691620879120879
7085,2.1277472527472527
7086,1.4086538461538463
7087,1.8633241758241759
7088,0.5281593406593407
7089,0.7850274725274726
7090,0.8276098901098901
7091,0.8763736263736264
7092,0.3715659340659341
7093,15.497939560439562
7094,4.037774725274725
7095,2.514423076923077
7096,4.540521978021978
7097,6.225274725274725
7098,2.0645604395604393
7099,1.1188186813186813
7100,2.4855769230769234
7101,1.6758241758241759
7102,0.6909340659340659
7103,1.4065934065934065
7104,1.2980769230769231
7105,2.052197802197802
7106,1.32760989010989
7107,2.0267857142857144
7108,1.4326923076923077
7109,1.1627747252747254
7110,1.2582417582417582
7111,1.4320054945054945
7112,1.5954670329670328
7113,0.4938186813186813
7114,2.686813186813187
7115,3.116071428571429
7116,2.2122252747252746
7117,1.1813186813186813
7118,1.0391483516483517
7119,1.6153846153846154
7120,2.021291208791209
7121,0.7891483516483517
7122,1.1620879120879122
7123,1.1016483516483517
7124,0.8564560439560439
7125,0.33241758241758246
7126,0.5989010989010989
7127,0.39903846153846156
7128,1.353021978021978
7129,0.2287087912087912
7130,0.6957417582417583
7131,0.6854395604395604
7132,1.426510989010989
7133,0.5274725274725275
7134,6.608516483516484
7135,4.6304945054945055
7136,3.0267857142857144
7137,1.4045329670329672
7138,1.2554945054945055
7139,1.0247252747252746
7140,1.3681318681318682
7141,1.510989010989011
7142,3.2184065934065935
7143,1.9237637362637363
7144,0.7925824175824175
7145,1.7376373626373627
7146,0.3784340659340659
7147,1.081043956043956
7148,0.8949175824175825
7149,0.6826923076923077
7150,0.22321428571428573
7151,9.02815934065934
7152,2.728021978021978
7153,0.49038461538461536
7154,4.67032967032967
7155,5.449862637362638
7156,1.9285714285714286
7157,2.161401098901099
7158,1.837912087912088
7159,0.8495879120879121
7160,1.1964285714285714
7161,1.1456043956043955
7162,1.4642857142857144
7163,2.8125
7164,1.6284340659340661
7165,1.043956043956044
7166,0.6820054945054945
7167,0.8173076923076923
7168,0.7740384615384616
7169,1.9059065934065935
7170,1.4059065934065935
7171,0.4471153846153846
7172,3.900412087912088
7173,2.4972527472527473
7174,2.833791208791209
7175,1.4402472527472527
7176,1.411401098901099
7177,0.6820054945054945
7178,2.006868131868132
7179,1.3701923076923077
7180,1.9752747252747251
7181,1.9835164835164836
7182,0.8715659340659341
7183,0.40934065934065933
7184,0.2918956043956044
7185,0.43337912087912084
7186,1.541208791208791
7187,0.1813186813186813
7188,0.3276098901098901
7189,0.3173076923076923
7190,1.059065934065934
7191,0.893543956043956
7192,5.309065934065934
7193,5.720467032967033
7194,4.9423076923076925
7195,1.620879120879121
7196,1.3468406593406592
7197,1.0020604395604396
7198,0.853021978021978
7199,8.600961538461538
7200,3.2561813186813184
7201,2.604395604395604
7202,0.8434065934065934
7203,2.6078296703296706
7204,0.6847527472527473
7205,3.978021978021978
7206,1.0
7207,1.3392857142857144
7208,0.9059065934065934
7209,15.344780219780219
7210,4.223214285714286
7211,2.9759615384615383
7212,4.163461538461538
7213,4.585851648351649
7214,2.269917582417582
7215,2.4388736263736264
7216,3.82967032967033
7217,1.3722527472527473
7218,0.40865384615384615
7219,1.6126373626373627
7220,0.9567307692307693
7221,4.12293956043956
7222,2.5913461538461537
7223,0.7740384615384616
7224,1.815934065934066
7225,0.7891483516483516
7226,3.1188186813186816
7227,2.04739010989011
7228,0.8131868131868132
7229,1.3578296703296702
7230,7.742445054945055
7231,1.0940934065934067
7232,3.460164835164835
7233,2.6105769230769234
7234,2.2850274725274726
7235,1.793956043956044
7236,2.668269230769231
7237,1.684065934065934
7238,1.665521978021978
7239,1.2293956043956045
7240,1.2506868131868132
7241,0.7190934065934066
7242,0.36195054945054944
7243,0.6311813186813187
7244,2.459478021978022
7245,0.1346153846153846
7246,0.48626373626373626
7247,0.9567307692307693
7248,1.5707417582417582
7249,0.0
7250,9.155906593406593
7251,2.5144230769230766
7252,1.3743131868131868
7253,1.2211538461538463
7254,2.1538461538461537
7255,1.2699175824175823
7256,0.7836538461538461
7257,3.6387362637362637
7258,2.643543956043956
7259,2.1936813186813184
7260,2.5934065934065935
7261,2.3173076923076925
7262,0.6971153846153846
7263,0.9766483516483517
7264,1.831043956043956
7265,1.0061813186813187
7266,0.25137362637362637
7267,17.25892857142857
7268,7.101648351648351
7269,1.8173076923076923
7270,7.083104395604396
7271,2.5357142857142856
7272,2.728021978021978
7273,1.8907967032967032
7274,2.0645604395604398
7275,1.6112637362637363
7276,0.6978021978021978
7277,1.5714285714285714
7278,0.7582417582417582
7279,2.438186813186813
7280,3.3028846153846154
7281,0.9010989010989011
7282,1.2232142857142856
7283,0.2458791208791209
7284,1.17239010989011
7285,0.6998626373626373
7286,0.3276098901098901
7287,0.7012362637362637
7288,2.584478021978022
7289,1.2891483516483517
7290,1.2857142857142856
7291,2.129120879120879
7292,0.867445054945055
7293,0.29120879120879123
7294,1.0013736263736264
7295,0.353021978021978
7296,1.6895604395604396
7297,0.771978021978022
7298,0.44505494505494503
7299,0.6916208791208791
7300,0.8942307692307693
7301,0.21085164835164835
7302,2.6195054945054945
7303,2.179258241758242
7304,0.2190934065934066
7305,0.3907967032967033
7306,1.7857142857142858
7307,0.1311813186813187
7308,7.550137362637363
7309,2.6936813186813184
7310,1.0528846153846154
7311,0.8866758241758241
7312,0.6401098901098901
7313,0.4340659340659341
7314,0.695054945054945
7315,2.927197802197802
7316,1.9821428571428572
7317,2.044642857142857
7318,1.8578296703296702
7319,0.771978021978022
7320,2.4395604395604398
7321,0.3695054945054945
7322,0.47527472527472525
7323,0.8598901098901099
7324,0.926510989010989
7325,7.0625
7326,3.749313186813187
7327,1.9086538461538463
7328,2.3179945054945055
7329,1.1133241758241759
7330,2.6222527472527473
7331,1.7960164835164836
7332,0.5192307692307693
7333,0.7369505494505495
7334,1.456043956043956
7335,0.3949175824175824
7336,0.6840659340659341
7337,1.0748626373626373
7338,2.474587912087912
7339,1.3873626373626373
7340,0.632554945054945
7341,0.5357142857142857
7342,1.4443681318681318
7343,1.833791208791209
7344,1.2994505494505493
7345,1.5254120879120878
7346,2.0487637362637363
7347,2.302197802197802
7348,2.323489010989011
7349,1.2362637362637363
7350,0.5831043956043955
7351,0.6620879120879121
7352,1.3523351648351647
7353,0.6861263736263736
7354,0.5638736263736264
7355,0.40384615384615385
7356,0.7973901098901099
7357,1.0068681318681318
7358,0.46359890109890106
7359,1.0157967032967032
7360,1.2135989010989012
7361,0.4574175824175824
7362,1.1407967032967035
7363,0.34684065934065933
7364,1.5171703296703296
7365,1.1236263736263736
7366,2.448489010989011
7367,2.3070054945054945
7368,2.1531593406593403
7369,0.47527472527472525
7370,0.5563186813186813
7371,0.3399725274725275
7372,0.4429945054945055
7373,1.2328296703296702
7374,1.3866758241758241
7375,0.9862637362637363
7376,1.3495879120879122
7377,0.7046703296703296
7378,0.8454670329670331
7379,0.5206043956043955
7380,0.5247252747252746
7381,0.3131868131868132
7382,0.6332417582417582
7383,3.968406593406593
7384,1.5274725274725274
7385,1.0192307692307692
7386,1.526098901098901
7387,1.3434065934065935
7388,1.6545329670329672
7389,1.6318681318681318
7390,0.28846153846153844
7391,0.5412087912087912
7392,1.2994505494505493
7393,0.42719780219780223
7394,0.39491758241758246
7395,3.3653846153846154
7396,1.0673076923076923
7397,1.0446428571428572
7398,0.592032967032967
7399,0.24862637362637363
7400,1.2403846153846154
7401,1.20260989010989
7402,0.6401098901098901
7403,0.16895604395604397
7404,2.5638736263736264
7405,1.6195054945054945
7406,2.6195054945054945
7407,0.8070054945054945
7408,0.6936813186813187
7409,0.6758241758241759
7410,0.9100274725274725
7411,0.6675824175824175
7412,0.7403846153846154
7413,0.5123626373626373
7414,0.723901098901099
7415,0.728021978021978
7416,0.09409340659340659
7417,0.5940934065934066
7418,1.4711538461538463
7419,0.16071428571428573
7420,0.40865384615384615
7421,0.25755494505494503
7422,0.654532967032967
7423,0.19780219780219782
7424,6.18543956043956
7425,3.1717032967032965
7426,2.153159340659341
7427,0.510989010989011
7428,1.8667582417582418
7429,1.6002747252747254
7430,1.0
7431,4.425824175824176
7432,2.2815934065934065
7433,2.008241758241758
7434,1.3468406593406592
7435,1.0542582417582418
7436,2.480769230769231
7437,0.28365384615384615
7438,1.0130494505494505
7439,0.3207417582417582
7440,2.0048076923076925
7441,15.497939560439558
7442,3.0460164835164836
7443,2.456730769230769
7444,4.866758241758242
7445,1.4945054945054945
7446,4.8592032967032965
7447,0.9423076923076923
7448,1.1703296703296702
7449,1.2115384615384617
7450,1.1744505494505493
7451,0.34134615384615385
7452,0.3042582417582418
7453,1.9100274725274726
7454,3.0329670329670333
7455,0.521978021978022
7456,0.40934065934065933
7457,0.23557692307692307
7458,1.4711538461538463
7459,0.757554945054945
7460,1.2472527472527473
7461,0.19093406593406592
7462,5.016483516483516
7463,1.9004120879120878
7464,1.6407967032967032
7465,2.135989010989011
7466,1.2589285714285714
7467,0.3489010989010989
7468,0.7651098901098901
7469,0.3557692307692308
7470,0.5391483516483516
7471,0.4725274725274725
7472,0.7657967032967032
7473,1.2245879120879122
7474,0.17857142857142858
7475,0.14285714285714285
7476,1.5570054945054945
7477,1.352335164835165
7478,0.17994505494505497
7479,0.24313186813186813
7480,1.7218406593406594
7481,0.1346153846153846
7482,3.2918956043956045
7483,2.0480769230769234
7484,1.195054945054945
7485,0.6888736263736264
7486,1.073489010989011
7487,1.0061813186813187
7488,0.6916208791208791
7489,3.462912087912088
7490,1.6201923076923077
7491,1.7266483516483517
7492,1.4354395604395604
7493,1.3365384615384617
7494,0.4958791208791209
7495,0.3626373626373627
7496,0.5576923076923077
7497,0.2589285714285714
7498,0.5288461538461539
7499,10.731456043956044
7500,3.2630494505494507
7501,2.3461538461538463
7502,3.5899725274725274
7503,2.5652472527472527
7504,1.666208791208791
7505,1.6085164835164836
7506,1.7740384615384617
7507,0.8701923076923077
7508,1.25
7509,0.6593406593406593
7510,0.3207417582417582
7511,2.5899725274725274
7512,2.1641483516483517
7513,0.9340659340659341
7514,0.25206043956043955
7515,0.3262362637362637
7516,1.1050824175824177
7517,1.0995879120879122
7518,0.6627747252747253
7519,1.0480769230769231
7520,5.153846153846153
7521,1.7074175824175826
7522,1.6868131868131868
7523,1.5157967032967032
7524,0.3159340659340659
7525,0.4244505494505495
7526,0.6730769230769231
7527,1.635302197802198
7528,0.5521978021978022
7529,0.3125
7530,0.5652472527472527
7531,0.3832417582417582
7532,0.09409340659340659
7533,0.05357142857142857
7534,1.3104395604395604
7535,1.5130494505494505
7536,0.37637362637362637
7537,0.23351648351648352
7538,0.5968406593406593
7539,0.42788461538461536
7540,7.354395604395604
7541,2.3248626373626373
7542,1.5123626373626373
7543,0.5501373626373627
7544,0.8193681318681318
7545,0.26785714285714285
7546,0.5130494505494505
7547,2.392857142857143
7548,1.816620879120879
7549,0.9711538461538461
7550,1.793956043956044
7551,1.2809065934065935
7552,1.6648351648351647
7553,0.6311813186813187
7554,0.44368131868131866
7555,0.24862637362637363
7556,0.3839285714285714
7557,4.063186813186813
7558,2.745879120879121
7559,1.9182692307692308
7560,2.834478021978022
7561,1.1339285714285714
7562,1.8585164835164836
7563,2.0315934065934065
7564,0.882554945054945
7565,0.7987637362637363
7566,1.1346153846153846
7567,0.6043956043956045
7568,0.7369505494505495
7569,0.9182692307692308
7570,2.418956043956044
7571,1.8756868131868132
7572,0.4862637362637362
7573,0.4059065934065934
7574,0.8914835164835164
7575,1.661401098901099
7576,1.1085164835164836
7577,0.4917582417582418
7578,1.5796703296703298
7579,2.572802197802198
7580,1.9512362637362637
7581,1.0645604395604396
7582,0.7245879120879121
7583,0.8104395604395604
7584,1.45260989010989
7585,0.40109890109890106
7586,0.7232142857142857
7587,0.7548076923076923
7588,0.7032967032967032
7589,1.0013736263736264
7590,0.12980769230769232
7591,0.4835164835164835
7592,0.5432692307692307
7593,0.31456043956043955
7594,0.6146978021978021
7595,0.4017857142857143
7596,1.0096153846153846
7597,0.9429945054945055
7598,5.3791208791208796
7599,1.978708791208791
7600,1.0542582417582418
7601,0.44780219780219777
7602,0.3179945054945055
7603,0.6318681318681318
7604,1.364697802197802
7605,2.519917582417582
7606,1.9690934065934065
7607,1.1366758241758241
7608,1.1490384615384617
7609,1.7513736263736264
7610,0.43543956043956045
7611,0.7932692307692308
7612,0.7142857142857143
7613,0.5810439560439561
7614,0.16002747252747251
7615,5.833791208791208
7616,3.654532967032967
7617,0.9951923076923077
7618,2.4107142857142856
7619,2.10989010989011
7620,1.4148351648351647
7621,2.614697802197802
7622,1.1902472527472527
7623,0.6071428571428572
7624,0.15934065934065933
7625,0.7685439560439561
7626,0.9917582417582418
7627,3.761675824175824
7628,0.34203296703296704
7629,1.5721153846153846
7630,1.1682692307692308
7631,1.1737637362637363
7632,0.260989010989011
7633,0.40315934065934067
7634,0.21634615384615385
7635,0.36813186813186816
7636,1.1888736263736264
7637,1.7012362637362637
7638,0.7218406593406593
7639,0.4635989010989011
7640,0.6730769230769231
7641,0.7211538461538461
7642,0.6923076923076923
7643,0.3173076923076923
7644,1.0954670329670328
7645,0.4862637362637363
7646,0.625
7647,0.1456043956043956
7648,0.0
7649,0.3942307692307692
7650,1.3866758241758244
7651,0.11195054945054944
7652,0.21565934065934067
7653,0.6462912087912087
7654,0.5638736263736264
7655,0.20123626373626374
7656,6.8166208791208796
7657,2.2362637362637363
7658,2.2644230769230766
7659,2.3008241758241756
7660,1.5851648351648353
7661,0.5590659340659341
7662,0.929945054945055
7663,2.4320054945054945
7664,1.802197802197802
7665,2.0364010989010985
7666,1.3413461538461537
7667,1.959478021978022
7668,0.5041208791208791
7669,0.7465659340659341
7670,0.9141483516483516
7671,0.9532967032967032
7672,0.41964285714285715
7673,14.267170329670328
7674,3.5762362637362637
7675,2.6538461538461537
7676,3.886675824175824
7677,7.162774725274726
7678,1.9684065934065935
7679,1.1092032967032968
7680,2.3509615384615383
7681,1.6229395604395604
7682,0.6620879120879121
7683,1.334478021978022
7684,1.4471153846153846
7685,1.941620879120879
7686,1.1929945054945055
7687,1.5892857142857144
7688,1.2788461538461537
7689,1.1531593406593408
7690,0.9361263736263736
7691,1.4127747252747254
7692,1.1627747252747254
7693,0.3255494505494505
7694,2.4752747252747254
7695,3.144917582417582
7696,2.1449175824175826
7697,1.1861263736263736
7698,0.8997252747252746
7699,1.5384615384615383
7700,1.9684065934065935
7701,0.8804945054945055
7702,1.2438186813186813
7703,1.0054945054945055
7704,0.8179945054945055
7705,0.3708791208791209
7706,0.632554945054945
7707,0.38461538461538464
7708,1.4251373626373627
7709,0.2287087912087912
7710,0.6861263736263736
7711,0.6902472527472527
7712,1.4361263736263736
7713,0.5082417582417582
7714,6.195054945054945
7715,3.8853021978021975
7716,2.8440934065934065
7717,1.4237637362637363
7718,1.0343406593406594
7719,0.9093406593406593
7720,0.9931318681318682
7721,1.6263736263736264
7722,3.146291208791209
7723,1.9045329670329672
7724,1.066620879120879
7725,1.9107142857142858
7726,0.4217032967032967
7727,1.04739010989011
7728,0.8708791208791209
7729,0.9471153846153846
7730,0.21359890109890112
7731,8.508928571428571
7732,2.583791208791209
7733,0.5096153846153846
7734,4.117445054945055
7735,5.425824175824176
7736,1.6929945054945055
7737,1.9546703296703298
7738,1.7225274725274726
7739,0.9024725274725274
7740,1.0618131868131868
7741,1.0206043956043955
7742,1.209478021978022
7743,2.6826923076923075
7744,1.5563186813186813
7745,0.8228021978021979
7746,0.7348901098901099
7747,0.6394230769230769
7748,0.5817307692307692
7749,1.8914835164835164
7750,1.367445054945055
7751,0.4903846153846154
7752,3.275412087912088
7753,2.4347527472527473
7754,2.665521978021978
7755,1.257554945054945
7756,1.2479395604395604
7757,0.6339285714285714
7758,1.8818681318681318
7759,0.9038461538461539
7760,1.7925824175824174
7761,1.771978021978022
7762,0.7513736263736264
7763,0.45741758241758246
7764,0.2822802197802198
7765,0.4622252747252747
7766,1.5989010989010988
7767,0.16208791208791207
7768,0.34684065934065933
7769,0.2932692307692308
7770,1.0494505494505495
7771,0.782967032967033
7772,4.943681318681319
7773,5.167582417582418
7774,4.533653846153847
7775,1.6304945054945055
7776,1.3468406593406592
7777,0.7039835164835164
7778,0.8001373626373627
7779,9.278846153846153
7780,3.3811813186813184
7781,2.6380494505494507
7782,0.8385989010989011
7783,2.4539835164835164
7784,0.6847527472527473
7785,3.968406593406593
7786,1.0336538461538463
7787,1.4306318681318682
7788,1.0020604395604396
7789,15.109203296703296
7790,4.333791208791209
7791,3.2403846153846154
7792,3.9038461538461537
7793,4.552197802197803
7794,2.217032967032967
7795,2.7225274725274726
7796,3.7623626373626378
7797,1.4732142857142856
7798,0.3317307692307692
7799,1.5789835164835164
7800,1.1875
7801,4.421016483516484
7802,2.4615384615384617
7803,1.0769230769230769
7804,1.7486263736263736
7805,0.7458791208791209
7806,3.1284340659340657
7807,2.10989010989011
7808,0.6978021978021979
7809,1.0501373626373627
7810,7.203983516483516
7811,1.007554945054945
7812,3.195741758241758
7813,2.7596153846153846
7814,2.2032967032967035
7815,1.885302197802198
7816,2.8846153846153846
7817,1.7177197802197803
7818,1.6559065934065935
7819,1.1861263736263736
7820,1.1737637362637363
7821,0.5892857142857143
7822,0.385989010989011
7823,0.6311813186813187
7824,2.5892857142857144
7825,0.16346153846153846
7826,0.46703296703296704
7827,0.9519230769230769
7828,1.565934065934066
7829,0.0
7830,7.953983516483516
7831,2.019230769230769
7832,1.2493131868131868
7833,1.2163461538461537
7834,1.7403846153846154
7835,0.9766483516483517
7836,0.8076923076923077
7837,3.7637362637362637
7838,2.79739010989011
7839,2.2513736263736264
7840,2.4828296703296706
7841,2.7596153846153846
7842,0.6778846153846154
7843,0.8083791208791209
7844,1.739697802197802
7845,1.0350274725274726
7846,0.2081043956043956
7847,16.25892857142857
7848,6.399725274725275
7849,1.1057692307692308
7850,5.520604395604396
7851,2.1366758241758244
7852,2.2184065934065935
7853,2.010989010989011
7854,2.0309065934065935
7855,1.5295329670329672
7856,0.7266483516483516
7857,1.5858516483516483
7858,0.7918956043956045
7859,1.918956043956044
7860,2.5865384615384617
7861,0.7472527472527473
7862,0.978021978021978
7863,0.15453296703296704
7864,1.0618131868131868
7865,0.5796703296703297
7866,0.37087912087912084
7867,0.7445054945054945
7868,2.1854395604395607
7869,1.293956043956044
7870,1.1318681318681318
7871,2.04739010989011
7872,0.6943681318681318
7873,0.27197802197802196
7874,0.9148351648351649
7875,0.37706043956043955
7876,1.5116758241758241
7877,0.6662087912087913
7878,0.4114010989010989
7879,0.6098901098901099
7880,0.9519230769230769
7881,0.21085164835164835
7882,2.629120879120879
7883,2.179258241758242
7884,0.2383241758241758
7885,0.42445054945054944
7886,1.7135989010989012
7887,0.1311813186813187
7888,7.646291208791208
7889,2.366758241758242
7890,1.1153846153846154
7891,0.8914835164835164
7892,0.7266483516483516
7893,0.448489010989011
7894,0.6517857142857143
7895,3.1483516483516483
7896,1.9917582417582418
7897,2.1744505494505493
7898,1.853021978021978
7899,0.8440934065934066
7900,2.4010989010989015
7901,0.35508241758241754
7902,0.5377747252747253
7903,0.8310439560439561
7904,0.6861263736263736
7905,7.0576923076923075
7906,3.6195054945054945
7907,2.3461538461538463
7908,1.9718406593406592
7909,1.223901098901099
7910,2.3482142857142856
7911,1.728708791208791
7912,0.6442307692307693
7913,0.7417582417582418
7914,1.4320054945054945
7915,0.4574175824175824
7916,0.7513736263736264
7917,1.132554945054945
7918,2.5274725274725274
7919,1.3729395604395604
7920,0.5171703296703297
7921,0.6414835164835164
7922,1.4347527472527473
7923,1.771291208791209
7924,0.9965659340659341
7925,1.635989010989011
7926,2.053571428571429
7927,2.018543956043956
7928,2.3619505494505493
7929,1.135302197802198
7930,0.5206043956043955
7931,0.7197802197802198
7932,1.4244505494505493
7933,0.6380494505494506
7934,0.5879120879120879
7935,0.3798076923076923
7936,0.7300824175824177
7937,0.9684065934065934
7938,0.43475274725274726
7939,1.0542582417582418
7940,1.208791208791209
7941,0.4526098901098901
7942,1.150412087912088
7943,0.3372252747252747
7944,1.507554945054945
7945,1.1428571428571428
7946,2.1936813186813184
7947,1.879120879120879
7948,1.864697802197802
7949,0.47046703296703296
7950,0.47458791208791207
7951,0.2822802197802198
7952,0.4429945054945055
7953,1.4684065934065935
7954,1.458791208791209
7955,0.9910714285714286
7956,1.1957417582417582
7957,0.723901098901099
7958,0.7300824175824177
7959,0.48695054945054944
7960,0.529532967032967
7961,0.23145604395604397
7962,0.4024725274725275
7963,3.9924450549450547
7964,1.5563186813186813
7965,1.4182692307692308
7966,1.3914835164835164
7967,1.3289835164835164
7968,1.481456043956044
7969,1.742445054945055
7970,0.35096153846153844
7971,0.5604395604395604
7972,1.3475274725274726
7973,0.38873626373626374
7974,0.3756868131868132
7975,3.3846153846153846
7976,1.0961538461538463
7977,1.2369505494505495
7978,0.6401098901098901
7979,0.30631868131868134
7980,1.0336538461538463
7981,1.2891483516483517
7982,0.8179945054945055
7983,0.1978021978021978
7984,2.294642857142857
7985,1.6820054945054945
7986,2.571428571428571
7987,0.8454670329670331
7988,0.7321428571428572
7989,0.646978021978022
7990,1.0013736263736264
7991,0.6483516483516483
7992,0.6682692307692308
7993,0.45947802197802196
7994,0.6517857142857143
7995,0.7087912087912087
7996,0.08928571428571429
7997,0.6565934065934066
7998,1.5240384615384615
7999,0.17513736263736265
8000,0.4375
8001,0.24793956043956042
8002,0.668956043956044
8003,0.21222527472527472
8004,5.699862637362637
8005,3.0659340659340657
8006,2.206043956043956
8007,0.448489010989011
8008,1.7369505494505493
8009,1.60989010989011
8010,0.9230769230769231
8011,4.632554945054945
8012,2.1710164835164836
8013,1.8928571428571428
8014,1.3516483516483517
8015,1.2129120879120878
8016,2.5576923076923075
8017,0.28846153846153844
8018,0.9457417582417582
8019,0.4409340659340659
8020,2.3221153846153846
8021,15.315247252747252
8022,3.209478021978022
8023,2.25
8024,4.059065934065934
8025,1.3262362637362637
8026,4.743818681318681
8027,0.9663461538461539
8028,1.1607142857142856
8029,1.2788461538461537
8030,1.2129120879120878
8031,0.41346153846153844
8032,0.33310439560439564
8033,1.977335164835165
8034,3.028159340659341
8035,0.31524725274725274
8036,0.3083791208791209
8037,0.23557692307692307
8038,1.5144230769230769
8039,0.695054945054945
8040,1.3482142857142856
8041,0.19574175824175824
8042,4.732829670329671
8043,1.9821428571428572
8044,1.5254120879120878
8045,2.087912087912088
8046,1.1675824175824174
8047,0.3633241758241758
8048,0.8035714285714286
8049,0.3125
8050,0.5151098901098902
8051,0.4773351648351648
8052,0.6936813186813187
8053,1.2918956043956045
8054,0.18818681318681318
8055,0.15728021978021978
8056,1.5906593406593406
8057,1.3138736263736264
8058,0.17032967032967034
8059,0.24793956043956042
8060,1.7170329670329672
8061,0.14423076923076922
8062,2.4986263736263736
8063,1.7403846153846154
8064,0.9739010989010989
8065,0.8042582417582418
8066,0.9292582417582418
8067,0.8907967032967032
8068,0.5618131868131868
8069,3.650412087912088
8070,1.4038461538461537
8071,1.760302197802198
8072,1.396978021978022
8073,1.3894230769230769
8074,0.4862637362637363
8075,0.2664835164835165
8076,0.5576923076923077
8077,0.3070054945054945
8078,0.4230769230769231
8079,10.010302197802197
8080,3.5899725274725274
8081,2.173076923076923
8082,2.8688186813186816
8083,2.646978021978022
8084,1.478708791208791
8085,1.7671703296703298
8086,1.9134615384615383
8087,0.8125
8088,1.2644230769230769
8089,0.7314560439560439
8090,0.29189560439560436
8091,2.1380494505494507
8092,2.116071428571429
8093,0.8571428571428572
8094,0.2712912087912088
8095,0.23008241758241757
8096,0.8646978021978022
8097,1.0803571428571428
8098,0.4320054945054945
8099,1.0336538461538463
8100,5.072115384615385
8101,1.668956043956044
8102,1.6195054945054945
8103,1.5206043956043955
8104,0.27266483516483514
8105,0.4532967032967033
8106,0.7307692307692308
8107,1.760302197802198
8108,0.5954670329670331
8109,0.3028846153846154
8110,0.5989010989010989
8111,0.4217032967032967
8112,0.09890109890109891
8113,0.05357142857142857
8114,1.2767857142857142
8115,1.537087912087912
8116,0.40041208791208793
8117,0.2383241758241758
8118,0.5343406593406593
8119,0.4326923076923077
