row_id,demand
0,7.805416174734357
1,2.572018890200708
2,1.501254427390791
3,0.7198199527744983
4,0.7063902007083824
5,0.3818624557260921
6,0.5698789846517119
7,2.062131050767414
8,1.688090318772137
9,1.0377066115702478
10,1.7122195985832351
11,1.0121753246753247
12,1.411525974025974
13,0.6243358913813459
14,0.41772432113341207
15,0.30644923258559625
16,0.3647432113341204
17,4.625442739079102
18,2.6404220779220777
19,2.3873966942148757
20,2.5694362455726094
21,1.063606847697757
22,1.6954693034238488
23,1.7899940968122787
24,0.9867916174734357
25,0.7065377804014168
26,0.9550619834710744
27,0.5719451003541912
28,0.6951003541912633
29,0.8006198347107438
30,2.3883559622195984
31,1.60271546635183
32,0.4296782762691854
33,0.38459268004722547
34,0.9068034238488782
35,1.6004279811097994
36,1.0818329397874853
37,0.502435064935065
38,1.6624114521841795
39,2.5706906729634005
40,1.6762101534828808
41,0.8825265643447462
42,0.8374409681227862
43,0.6298701298701299
44,1.1724468713105076
45,0.47653482880755604
46,0.6857290436835891
47,0.7329545454545454
48,0.7705135773317592
49,0.8717532467532467
50,0.06973140495867769
51,0.2590023612750886
52,0.3181818181818182
53,0.16971664698937425
54,0.33116883116883117
55,0.25332054309327035
56,0.59349173553719
57,0.5836038961038961
58,4.792945690672964
59,1.9496015348288078
60,0.9853896103896103
61,0.4988931523022432
62,0.18587662337662336
63,0.6046340023612751
64,1.4608175914994095
65,2.093417945690673
66,1.636068476977568
67,1.2120720188902006
68,0.8925619834710744
69,1.3660714285714286
70,0.37367178276269186
71,0.6890495867768595
72,0.5441263282172373
73,0.48457792207792205
74,0.13931523022432113
75,5.780253837072019
76,3.428645218417946
77,1.0413223140495869
78,2.2549439197166468
79,1.7975944510035418
80,1.2570838252656436
81,2.3198051948051948
82,0.9387544273907911
83,0.615038370720189
84,0.18794273907910272
85,0.6751770956316411
86,0.7829102715466352
87,3.579840613931523
88,0.19104191263282172
89,1.2474173553719008
90,1.2799586776859504
91,1.1920749704840614
92,0.208530106257379
93,0.4804456906729634
94,0.21280991735537189
95,0.29619244391971666
96,1.0411747343565525
97,1.5558589138134593
98,0.6032319952774499
99,0.46155548996458085
100,0.7634297520661157
101,0.6978305785123967
102,0.6172520661157025
103,0.4328512396694215
104,0.931891971664699
105,0.5231700118063755
106,0.6224173553719008
107,0.17547225501770958
108,0.0
109,0.20919421487603307
110,0.7771546635183
111,0.06700118063754427
112,0.13023907910271548
113,0.40008854781582054
114,0.32991440377804016
115,0.13127213695395512
116,6.636953955135773
117,2.3418683589138136
118,2.0573347107438016
119,2.2998081463990556
120,1.4247343565525383
121,0.7224763872491146
122,0.8665141676505312
123,1.978896103896104
124,1.528482880755608
125,1.998155253837072
126,1.2324380165289255
127,1.6133412042502953
128,0.41432998819362454
129,0.9125590318772137
130,0.7318476977567887
131,0.7663813459268005
132,0.37433589138134593
133,14.60094451003542
134,3.469598583234947
135,2.8305785123966944
136,3.479634002361275
137,5.341499409681228
138,1.9439935064935066
139,0.8265938606847698
140,1.9715909090909092
141,1.4821428571428572
142,0.6122343565525383
143,1.1252213695395514
144,1.2928719008264462
145,2.072387839433294
146,1.2876328217237307
147,1.4935064935064934
148,1.2691115702479339
149,0.9582349468713105
150,0.9371310507674144
151,1.1607142857142856
152,1.328586186540732
153,0.38547815820543097
154,2.2944952774498226
155,2.5081906729634005
156,1.6176948051948052
157,1.1902302243211333
158,0.9957939787485243
159,1.3863636363636362
160,1.726018299881936
161,0.9596369539551358
162,1.0605814639905549
163,0.8733766233766234
164,0.7390791027154663
165,0.4394923258559622
166,0.32873376623376627
167,0.20919421487603307
168,0.7657910271546635
169,0.13916765053128688
170,0.3865112160566706
171,0.4816263282172373
172,0.8281434474616293
173,0.32556080283353006
174,5.086998229043683
175,4.198273317591499
176,2.748155253837072
177,1.449822904368359
178,0.9849468713105077
179,0.8775088547815821
180,0.9780106257378984
181,1.130534238488784
182,2.767857142857143
183,1.717384887839433
184,0.6452184179456907
185,1.283353010625738
186,0.30231700118063753
187,0.762987012987013
188,0.6073642266824085
189,0.609504132231405
190,0.1630017709563164
191,7.5987308146399055
192,2.341720779220779
193,0.6353305785123966
194,3.2735389610389607
195,3.7274940968122787
196,1.511806375442739
197,1.8266676505312869
198,1.4037780401416766
199,0.806965761511216
200,1.041396103896104
201,0.8944805194805194
202,1.1009445100354192
203,2.261880165289256
204,1.3989079102715465
205,0.9973435655253838
206,0.7268299881936245
207,0.5666322314049587
208,0.7066115702479339
209,1.394923258559622
210,1.0932703659976386
211,0.3977272727272727
212,3.213695395513578
213,2.029737308146399
214,2.403704250295159
215,1.0725354191263283
216,1.0818329397874853
217,0.5904663518299882
218,1.832423258559622
219,1.3233471074380165
220,1.6054456906729633
221,1.5374114521841795
222,0.7901416765053129
223,0.3857733175914994
224,0.14942443919716647
225,0.23907910271546634
226,0.8984651711924438
227,0.0858913813459268
228,0.1889757969303424
229,0.1890495867768595
230,0.6424144037780402
231,0.4887101534828807
232,4.939935064935065
233,5.365259740259741
234,3.8419421487603307
235,1.650236127508855
236,1.255608028335301
237,0.9863488783943329
238,0.7683736717827627
239,7.2990702479338845
240,2.952848288075561
241,2.5249409681227863
242,0.9977125147579693
243,2.2972992916174735
244,0.6397579693034239
245,3.7182703659976384
246,0.8465909090909092
247,1.0410271546635184
248,0.8060802833530105
249,15.003763282172374
250,4.146472845336482
251,3.941115702479339
252,3.5144628099173554
253,3.854412632821724
254,2.084120425029516
255,2.439418536009445
256,3.232659386068477
257,1.3975059031877213
258,0.4493801652892562
259,1.4620720188902006
260,1.2133264462809918
261,4.84836186540732
262,2.621900826446281
263,1.3729338842975207
264,1.5208087367178276
265,0.7292650531286895
266,2.831759149940968
267,1.862160566706021
268,1.0262691853600945
269,1.258043093270366
270,7.273538961038961
271,0.588547815820543
272,3.0430194805194803
273,2.167871900826446
274,1.9471664698937428
275,1.6223435655253837
276,2.50103305785124
277,2.001918536009445
278,1.5943034238488782
279,1.000664108618654
280,1.1083972845336483
281,0.7166469893742621
282,0.19923258559622198
283,0.3386953955135773
284,1.4382378984651711
285,0.08729338842975207
286,0.24837662337662336
287,0.5955578512396694
288,0.9206021251475797
289,0.0
290,7.643373671782763
291,2.159607438016529
292,1.2211481700118063
293,1.1208677685950414
294,1.7520661157024793
295,1.1874262101534827
296,0.75
297,3.091499409681228
298,2.5062721369539553
299,2.095926800472255
300,2.2404811097992914
301,2.0862603305785123
302,0.6239669421487604
303,0.8537485242030697
304,1.3828217237308147
305,0.8381788665879576
306,0.20233175914994098
307,13.721664698937424
308,6.252508854781582
309,1.7634297520661157
310,5.76586481700118
311,1.8494687131050767
312,2.507526564344746
313,1.602641676505313
314,1.6924439197166468
315,1.5154220779220782
316,0.5500295159386068
317,1.3389167650531286
318,0.7305194805194806
319,2.0061245572609208
320,2.8636363636363633
321,1.0028778040141675
322,1.0912042502951593
323,0.2488931523022432
324,1.0393299881936247
325,0.610758559622196
326,0.47409976387249114
327,0.662780401416765
328,2.366956906729634
329,1.264905548996458
330,0.9656877213695394
331,1.67827626918536
332,0.7595926800472255
333,0.31220484061393156
334,0.9265053128689492
335,0.4145513577331759
336,1.357733175914994
337,0.698568476977568
338,0.42945690672963405
339,0.5770365997638724
340,0.4881198347107438
341,0.10957792207792208
342,1.475280401416765
343,1.1997491145218417
344,0.13503541912632822
345,0.22609208972845338
346,1.005460448642267
347,0.07526564344746163
348,5.894406729634002
349,2.1568772136953953
350,1.134814049586777
351,0.7420306965761512
352,0.630608028335301
353,0.44974911452184185
354,0.6195395513577331
355,2.9634002361275087
356,1.8097697756788667
357,1.6579102715466352
358,1.633043093270366
359,0.6954693034238488
360,2.208456316410862
361,0.3068919716646989
362,0.493875442739079
363,0.7170159386068476
364,0.6385773317591499
365,5.995867768595041
366,3.201520070838253
367,2.8512396694214877
368,1.9312278630460447
369,1.026564344746163
370,2.017857142857143
371,1.510551948051948
372,0.7634297520661156
373,0.7302243211334121
374,1.0202184179456908
375,0.3212072018890201
376,0.4533648170011806
377,1.089064344746163
378,2.4438459268004724
379,1.451667650531287
380,0.5157172373081464
381,0.47033648170011805
382,1.6841794569067297
383,1.6190968122786304
384,0.9709268004722551
385,1.3671044864226682
386,1.887839433293979
387,1.9845779220779218
388,2.0561540731995276
389,1.137322904368359
390,0.6486127508854782
391,0.5693624557260921
392,1.1656582054309328
393,0.7992178276269184
394,0.458530106257379
395,0.4364669421487603
396,0.7149498229043684
397,1.0503984651711924
398,0.22911747343565525
399,0.5478896103896104
400,0.6898612750885479
401,0.24837662337662336
402,0.6269185360094451
403,0.2013724911452184
404,0.9144775678866588
405,0.6401269185360094
406,2.3505755608028336
407,2.3368506493506493
408,1.8709415584415585
409,0.5248671782762692
410,0.5796930342384887
411,0.3358913813459268
412,0.4343270365997639
413,1.3365554899645808
414,1.2477125147579693
415,0.9033353010625739
416,1.203659976387249
417,0.7171635182998819
418,0.6601977567886659
419,0.5101829988193625
420,0.412116292798111
421,0.287116292798111
422,0.4567591499409681
423,3.774055489964581
424,1.565746753246753
425,1.6735537190082646
426,1.4290141676505312
427,1.4274645808736717
428,1.5205873671782761
429,1.5839728453364816
430,0.5423553719008265
431,0.5203659976387249
432,1.149129279811098
433,0.3761068476977568
434,0.3568476977567887
435,2.706611570247934
436,1.108987603305785
437,0.9874557260920898
438,0.46841794569067297
439,0.29766824085005905
440,1.5681818181818181
441,1.021620425029516
442,0.6476534828807556
443,0.21273612750885476
444,2.087662337662338
445,1.6395365997638724
446,2.2304456906729633
447,0.7919126328217237
448,0.6976829988193625
449,0.5467089728453365
450,0.8722697756788667
451,0.7805489964580873
452,0.5841942148760331
453,0.48420897284533654
454,0.6314197166469893
455,0.6996753246753247
456,0.049808146399055495
457,0.32873376623376627
458,0.8631198347107438
459,0.09998524203069659
460,0.2277892561983471
461,0.1649940968122786
462,0.4162485242030697
463,0.12750885478158205
464,7.0033205430932695
465,2.781655844155844
466,2.0558589138134593
467,0.43012101534828806
468,1.6036747343565525
469,1.344598583234947
470,0.962293388429752
471,3.5441263282172373
472,2.0038370720188903
473,2.1184327036599764
474,1.3263724911452184
475,1.0101829988193625
476,2.240702479338843
477,0.31456611570247933
478,0.8916765053128689
479,0.3565525383707202
480,1.9147727272727273
481,13.181523022432113
482,2.9149940968122787
483,2.8791322314049586
484,4.383633412042503
485,1.5889167650531286
486,4.507378984651711
487,0.8987603305785123
488,1.2694067296340024
489,1.2205578512396695
490,1.0695838252656433
491,0.40547520661157027
492,0.2431375442739079
493,2.1279515938606846
494,2.516086186540732
495,0.510551948051948
496,0.3320543093270366
497,0.22675619834710742
498,1.5645661157024793
499,0.6773907910271546
500,1.207939787485242
501,0.15200708382526565
502,5.412485242030697
503,1.9755755608028336
504,1.3722697756788667
505,1.7875590318772137
506,1.0486275088547816
507,0.31891971664698937
508,0.753025383707202
509,0.4018595041322314
510,0.5200708382526564
511,0.4290879574970484
512,0.6341499409681228
513,1.2170897284533648
514,0.09961629279811099
515,0.07969303423848878
516,0.9009002361275089
517,0.752435064935065
518,0.09688606847697757
519,0.16706021251475797
520,0.9978600944510035
521,0.08109504132231404
522,2.9536599763872493
523,1.7195247933884297
524,1.1030106257378984
525,0.6444805194805195
526,0.8789846517119244
527,0.880534238488784
528,0.6503837072018891
529,2.6103896103896105
530,1.296487603305785
531,1.5650088547815821
532,1.3783205430932706
533,1.034607438016529
534,0.49217827626918537
535,0.3045306965761511
536,0.3961776859504132
537,0.25678866587957494
538,0.43853305785123964
539,7.955504722550177
540,2.9882674144037775
541,2.950413223140496
542,2.859651711924439
543,2.0492916174734357
544,1.5988783943329399
545,1.4811097992916176
546,1.515495867768595
547,0.8052685950413223
548,1.1544421487603307
549,0.6461038961038962
550,0.2522136953955135
551,1.9040731995277451
552,2.1435212514757973
553,1.1863193624557262
554,0.2652744982290437
555,0.38902007083825263
556,1.1534828807556081
557,0.9314492325855963
558,0.5393299881936245
559,0.9323347107438017
560,4.5046487603305785
561,1.428645218417946
562,1.3564787485242031
563,1.333530106257379
564,0.3725649350649351
565,0.3629722550177096
566,0.5769628099173554
567,1.2468270365997638
568,0.47682998819362454
569,0.30836776859504134
570,0.5720188902007084
571,0.41750295159386064
572,0.049808146399055495
573,0.029884887839433293
574,0.7342089728453365
575,0.8451889020070837
576,0.21059622195985833
577,0.14743211334120426
578,0.32792207792207795
579,0.28460743801652894
580,7.805416174734357
581,2.572018890200708
582,1.501254427390791
583,0.7198199527744983
584,0.7063902007083824
585,0.3818624557260921
586,0.5698789846517119
587,2.062131050767414
588,1.688090318772137
589,1.0377066115702478
590,1.7122195985832351
591,1.0121753246753247
592,1.411525974025974
593,0.6243358913813459
594,0.41772432113341207
595,0.30644923258559625
596,0.3647432113341204
597,4.625442739079102
598,2.6404220779220777
599,2.3873966942148757
600,2.5694362455726094
601,1.063606847697757
602,1.6954693034238488
603,1.7899940968122787
604,0.9867916174734357
605,0.7065377804014168
606,0.9550619834710744
607,0.5719451003541912
608,0.6951003541912633
609,0.8006198347107438
610,2.3883559622195984
611,1.60271546635183
612,0.4296782762691854
613,0.38459268004722547
614,0.9068034238488782
615,1.6004279811097994
616,1.0818329397874853
617,0.502435064935065
618,1.6624114521841795
619,2.5706906729634005
620,1.6762101534828808
621,0.8825265643447462
622,0.8374409681227862
623,0.6298701298701299
624,1.1724468713105076
625,0.47653482880755604
626,0.6857290436835891
627,0.7329545454545454
628,0.7705135773317592
629,0.8717532467532467
630,0.06973140495867769
631,0.2590023612750886
632,0.3181818181818182
633,0.16971664698937425
634,0.33116883116883117
635,0.25332054309327035
636,0.59349173553719
637,0.5836038961038961
638,4.792945690672964
639,1.9496015348288078
640,0.9853896103896103
641,0.4988931523022432
642,0.18587662337662336
643,0.6046340023612751
644,1.4608175914994095
645,2.093417945690673
646,1.636068476977568
647,1.2120720188902006
648,0.8925619834710744
649,1.3660714285714286
650,0.37367178276269186
651,0.6890495867768595
652,0.5441263282172373
653,0.48457792207792205
654,0.13931523022432113
655,5.780253837072019
656,3.428645218417946
657,1.0413223140495869
658,2.2549439197166468
659,1.7975944510035418
660,1.2570838252656436
661,2.3198051948051948
662,0.9387544273907911
663,0.615038370720189
664,0.18794273907910272
665,0.6751770956316411
666,0.7829102715466352
667,3.579840613931523
668,0.19104191263282172
669,1.2474173553719008
670,1.2799586776859504
671,1.1920749704840614
672,0.208530106257379
673,0.4804456906729634
674,0.21280991735537189
675,0.29619244391971666
676,1.0411747343565525
677,1.5558589138134593
678,0.6032319952774499
679,0.46155548996458085
680,0.7634297520661157
681,0.6978305785123967
682,0.6172520661157025
683,0.4328512396694215
684,0.931891971664699
685,0.5231700118063755
686,0.6224173553719008
687,0.17547225501770958
688,0.0
689,0.20919421487603307
690,0.7771546635183
691,0.06700118063754427
692,0.13023907910271548
693,0.40008854781582054
694,0.32991440377804016
695,0.13127213695395512
696,6.636953955135773
697,2.3418683589138136
698,2.0573347107438016
699,2.2998081463990556
700,1.4247343565525383
701,0.7224763872491146
702,0.8665141676505312
703,1.978896103896104
704,1.528482880755608
705,1.998155253837072
706,1.2324380165289255
707,1.6133412042502953
708,0.41432998819362454
709,0.9125590318772137
710,0.7318476977567887
711,0.7663813459268005
712,0.37433589138134593
713,14.60094451003542
714,3.469598583234947
715,2.8305785123966944
716,3.479634002361275
717,5.341499409681228
718,1.9439935064935066
719,0.8265938606847698
720,1.9715909090909092
721,1.4821428571428572
722,0.6122343565525383
723,1.1252213695395514
724,1.2928719008264462
725,2.072387839433294
726,1.2876328217237307
727,1.4935064935064934
728,1.2691115702479339
729,0.9582349468713105
730,0.9371310507674144
731,1.1607142857142856
732,1.328586186540732
733,0.38547815820543097
734,2.2944952774498226
735,2.5081906729634005
736,1.6176948051948052
737,1.1902302243211333
738,0.9957939787485243
739,1.3863636363636362
740,1.726018299881936
741,0.9596369539551358
742,1.0605814639905549
743,0.8733766233766234
744,0.7390791027154663
745,0.4394923258559622
746,0.32873376623376627
747,0.20919421487603307
748,0.7657910271546635
749,0.13916765053128688
750,0.3865112160566706
751,0.4816263282172373
752,0.8281434474616293
753,0.32556080283353006
754,5.086998229043683
755,4.198273317591499
756,2.748155253837072
757,1.449822904368359
758,0.9849468713105077
759,0.8775088547815821
760,0.9780106257378984
761,1.130534238488784
762,2.767857142857143
763,1.717384887839433
764,0.6452184179456907
765,1.283353010625738
766,0.30231700118063753
767,0.762987012987013
768,0.6073642266824085
769,0.609504132231405
770,0.1630017709563164
771,7.5987308146399055
772,2.341720779220779
773,0.6353305785123966
774,3.2735389610389607
775,3.7274940968122787
776,1.511806375442739
777,1.8266676505312869
778,1.4037780401416766
779,0.806965761511216
780,1.041396103896104
781,0.8944805194805194
782,1.1009445100354192
783,2.261880165289256
784,1.3989079102715465
785,0.9973435655253838
786,0.7268299881936245
787,0.5666322314049587
788,0.7066115702479339
789,1.394923258559622
790,1.0932703659976386
791,0.3977272727272727
792,3.213695395513578
793,2.029737308146399
794,2.403704250295159
795,1.0725354191263283
796,1.0818329397874853
797,0.5904663518299882
798,1.832423258559622
799,1.3233471074380165
800,1.6054456906729633
801,1.5374114521841795
802,0.7901416765053129
803,0.3857733175914994
804,0.14942443919716647
805,0.23907910271546634
806,0.8984651711924438
807,0.0858913813459268
808,0.1889757969303424
809,0.1890495867768595
810,0.6424144037780402
811,0.4887101534828807
812,4.939935064935065
813,5.365259740259741
814,3.8419421487603307
815,1.650236127508855
816,1.255608028335301
817,0.9863488783943329
818,0.7683736717827627
819,7.2990702479338845
820,2.952848288075561
821,2.5249409681227863
822,0.9977125147579693
823,2.2972992916174735
824,0.6397579693034239
825,3.7182703659976384
826,0.8465909090909092
827,1.0410271546635184
828,0.8060802833530105
829,15.003763282172374
830,4.146472845336482
831,3.941115702479339
832,3.5144628099173554
833,3.854412632821724
834,2.084120425029516
835,2.439418536009445
836,3.232659386068477
837,1.3975059031877213
838,0.4493801652892562
839,1.4620720188902006
840,1.2133264462809918
841,4.84836186540732
842,2.621900826446281
843,1.3729338842975207
844,1.5208087367178276
845,0.7292650531286895
846,2.831759149940968
847,1.862160566706021
848,1.0262691853600945
849,1.258043093270366
850,7.273538961038961
851,0.588547815820543
852,3.0430194805194803
853,2.167871900826446
854,1.9471664698937428
855,1.6223435655253837
856,2.50103305785124
857,2.001918536009445
858,1.5943034238488782
859,1.000664108618654
860,1.1083972845336483
861,0.7166469893742621
862,0.19923258559622198
863,0.3386953955135773
864,1.4382378984651711
865,0.08729338842975207
866,0.24837662337662336
867,0.5955578512396694
868,0.9206021251475797
869,0.0
870,7.643373671782763
871,2.159607438016529
872,1.2211481700118063
873,1.1208677685950414
874,1.7520661157024793
875,1.1874262101534827
876,0.75
877,3.091499409681228
878,2.5062721369539553
879,2.095926800472255
880,2.2404811097992914
881,2.0862603305785123
882,0.6239669421487604
883,0.8537485242030697
884,1.3828217237308147
885,0.8381788665879576
886,0.20233175914994098
887,13.721664698937424
888,6.252508854781582
889,1.7634297520661157
890,5.76586481700118
891,1.8494687131050767
892,2.507526564344746
893,1.602641676505313
894,1.6924439197166468
895,1.5154220779220782
896,0.5500295159386068
897,1.3389167650531286
898,0.7305194805194806
899,2.0061245572609208
900,2.8636363636363633
901,1.0028778040141675
902,1.0912042502951593
903,0.2488931523022432
904,1.0393299881936247
905,0.610758559622196
906,0.47409976387249114
907,0.662780401416765
908,2.366956906729634
909,1.264905548996458
910,0.9656877213695394
911,1.67827626918536
912,0.7595926800472255
913,0.31220484061393156
914,0.9265053128689492
915,0.4145513577331759
916,1.357733175914994
917,0.698568476977568
918,0.42945690672963405
919,0.5770365997638724
920,0.4881198347107438
921,0.10957792207792208
922,1.475280401416765
923,1.1997491145218417
924,0.13503541912632822
925,0.22609208972845338
926,1.005460448642267
927,0.07526564344746163
928,5.894406729634002
929,2.1568772136953953
930,1.134814049586777
931,0.7420306965761512
932,0.630608028335301
933,0.44974911452184185
934,0.6195395513577331
935,2.9634002361275087
936,1.8097697756788667
937,1.6579102715466352
938,1.633043093270366
939,0.6954693034238488
940,2.208456316410862
941,0.3068919716646989
942,0.493875442739079
943,0.7170159386068476
944,0.6385773317591499
945,5.995867768595041
946,3.201520070838253
947,2.8512396694214877
948,1.9312278630460447
949,1.026564344746163
950,2.017857142857143
951,1.510551948051948
952,0.7634297520661156
953,0.7302243211334121
954,1.0202184179456908
955,0.3212072018890201
956,0.4533648170011806
957,1.089064344746163
958,2.4438459268004724
959,1.451667650531287
960,0.5157172373081464
961,0.47033648170011805
962,1.6841794569067297
963,1.6190968122786304
964,0.9709268004722551
965,1.3671044864226682
966,1.887839433293979
967,1.9845779220779218
968,2.0561540731995276
969,1.137322904368359
970,0.6486127508854782
971,0.5693624557260921
972,1.1656582054309328
973,0.7992178276269184
974,0.458530106257379
975,0.4364669421487603
976,0.7149498229043684
977,1.0503984651711924
978,0.22911747343565525
979,0.5478896103896104
980,0.6898612750885479
981,0.24837662337662336
982,0.6269185360094451
983,0.2013724911452184
984,0.9144775678866588
985,0.6401269185360094
986,2.3505755608028336
987,2.3368506493506493
988,1.8709415584415585
989,0.5248671782762692
990,0.5796930342384887
991,0.3358913813459268
992,0.4343270365997639
993,1.3365554899645808
994,1.2477125147579693
995,0.9033353010625739
996,1.203659976387249
997,0.7171635182998819
998,0.6601977567886659
999,0.5101829988193625
1000,0.412116292798111
1001,0.287116292798111
1002,0.4567591499409681
1003,3.774055489964581
1004,1.565746753246753
1005,1.6735537190082646
1006,1.4290141676505312
1007,1.4274645808736717
1008,1.5205873671782761
1009,1.5839728453364816
1010,0.5423553719008265
1011,0.5203659976387249
1012,1.149129279811098
1013,0.3761068476977568
1014,0.3568476977567887
1015,2.706611570247934
1016,1.108987603305785
1017,0.9874557260920898
1018,0.46841794569067297
1019,0.29766824085005905
1020,1.5681818181818181
1021,1.021620425029516
1022,0.6476534828807556
1023,0.21273612750885476
1024,2.087662337662338
1025,1.6395365997638724
1026,2.2304456906729633
1027,0.7919126328217237
1028,0.6976829988193625
1029,0.5467089728453365
1030,0.8722697756788667
1031,0.7805489964580873
1032,0.5841942148760331
1033,0.48420897284533654
1034,0.6314197166469893
1035,0.6996753246753247
1036,0.049808146399055495
1037,0.32873376623376627
1038,0.8631198347107438
1039,0.09998524203069659
1040,0.2277892561983471
1041,0.1649940968122786
1042,0.4162485242030697
1043,0.12750885478158205
1044,7.0033205430932695
1045,2.781655844155844
1046,2.0558589138134593
1047,0.43012101534828806
1048,1.6036747343565525
1049,1.344598583234947
1050,0.962293388429752
1051,3.5441263282172373
1052,2.0038370720188903
1053,2.1184327036599764
1054,1.3263724911452184
1055,1.0101829988193625
1056,2.240702479338843
1057,0.31456611570247933
1058,0.8916765053128689
1059,0.3565525383707202
1060,1.9147727272727273
1061,13.181523022432113
1062,2.9149940968122787
1063,2.8791322314049586
1064,4.383633412042503
1065,1.5889167650531286
1066,4.507378984651711
1067,0.8987603305785123
1068,1.2694067296340024
1069,1.2205578512396695
1070,1.0695838252656433
1071,0.40547520661157027
1072,0.2431375442739079
1073,2.1279515938606846
1074,2.516086186540732
1075,0.510551948051948
1076,0.3320543093270366
1077,0.22675619834710742
1078,1.5645661157024793
1079,0.6773907910271546
1080,1.207939787485242
1081,0.15200708382526565
1082,5.412485242030697
1083,1.9755755608028336
1084,1.3722697756788667
1085,1.7875590318772137
1086,1.0486275088547816
1087,0.31891971664698937
1088,0.753025383707202
1089,0.4018595041322314
1090,0.5200708382526564
1091,0.4290879574970484
1092,0.6341499409681228
1093,1.2170897284533648
1094,0.09961629279811099
1095,0.07969303423848878
1096,0.9009002361275089
1097,0.752435064935065
1098,0.09688606847697757
1099,0.16706021251475797
1100,0.9978600944510035
1101,0.08109504132231404
1102,2.9536599763872493
1103,1.7195247933884297
1104,1.1030106257378984
1105,0.6444805194805195
1106,0.8789846517119244
1107,0.880534238488784
1108,0.6503837072018891
1109,2.6103896103896105
1110,1.296487603305785
1111,1.5650088547815821
1112,1.3783205430932706
1113,1.034607438016529
1114,0.49217827626918537
1115,0.3045306965761511
1116,0.3961776859504132
1117,0.25678866587957494
1118,0.43853305785123964
1119,7.955504722550177
1120,2.9882674144037775
1121,2.950413223140496
1122,2.859651711924439
1123,2.0492916174734357
1124,1.5988783943329399
1125,1.4811097992916176
1126,1.515495867768595
1127,0.8052685950413223
1128,1.1544421487603307
1129,0.6461038961038962
1130,0.2522136953955135
1131,1.9040731995277451
1132,2.1435212514757973
1133,1.1863193624557262
1134,0.2652744982290437
1135,0.38902007083825263
1136,1.1534828807556081
1137,0.9314492325855963
1138,0.5393299881936245
1139,0.9323347107438017
1140,4.5046487603305785
1141,1.428645218417946
1142,1.3564787485242031
1143,1.333530106257379
1144,0.3725649350649351
1145,0.3629722550177096
1146,0.5769628099173554
1147,1.2468270365997638
1148,0.47682998819362454
1149,0.30836776859504134
1150,0.5720188902007084
1151,0.41750295159386064
1152,0.049808146399055495
1153,0.029884887839433293
1154,0.7342089728453365
1155,0.8451889020070837
1156,0.21059622195985833
1157,0.14743211334120426
1158,0.32792207792207795
1159,0.28460743801652894
1160,7.805416174734357
1161,2.572018890200708
1162,1.501254427390791
1163,0.7198199527744983
1164,0.7063902007083824
1165,0.3818624557260921
1166,0.5698789846517119
1167,2.062131050767414
1168,1.688090318772137
1169,1.0377066115702478
1170,1.7122195985832351
1171,1.0121753246753247
1172,1.411525974025974
1173,0.6243358913813459
1174,0.41772432113341207
1175,0.30644923258559625
1176,0.3647432113341204
1177,4.625442739079102
1178,2.6404220779220777
1179,2.3873966942148757
1180,2.5694362455726094
1181,1.063606847697757
1182,1.6954693034238488
1183,1.7899940968122787
1184,0.9867916174734357
1185,0.7065377804014168
1186,0.9550619834710744
1187,0.5719451003541912
1188,0.6951003541912633
1189,0.8006198347107438
1190,2.3883559622195984
1191,1.60271546635183
1192,0.4296782762691854
1193,0.38459268004722547
1194,0.9068034238488782
1195,1.6004279811097994
1196,1.0818329397874853
1197,0.502435064935065
1198,1.6624114521841795
1199,2.5706906729634005
1200,1.6762101534828808
1201,0.8825265643447462
1202,0.8374409681227862
1203,0.6298701298701299
1204,1.1724468713105076
1205,0.47653482880755604
1206,0.6857290436835891
1207,0.7329545454545454
1208,0.7705135773317592
1209,0.8717532467532467
1210,0.06973140495867769
1211,0.2590023612750886
1212,0.3181818181818182
1213,0.16971664698937425
1214,0.33116883116883117
1215,0.25332054309327035
1216,0.59349173553719
1217,0.5836038961038961
1218,4.792945690672964
1219,1.9496015348288078
1220,0.9853896103896103
1221,0.4988931523022432
1222,0.18587662337662336
1223,0.6046340023612751
1224,1.4608175914994095
1225,2.093417945690673
1226,1.636068476977568
1227,1.2120720188902006
1228,0.8925619834710744
1229,1.3660714285714286
1230,0.37367178276269186
1231,0.6890495867768595
1232,0.5441263282172373
1233,0.48457792207792205
1234,0.13931523022432113
1235,5.780253837072019
1236,3.428645218417946
1237,1.0413223140495869
1238,2.2549439197166468
1239,1.7975944510035418
1240,1.2570838252656436
1241,2.3198051948051948
1242,0.9387544273907911
1243,0.615038370720189
1244,0.18794273907910272
1245,0.6751770956316411
1246,0.7829102715466352
1247,3.579840613931523
1248,0.19104191263282172
1249,1.2474173553719008
1250,1.2799586776859504
1251,1.1920749704840614
1252,0.208530106257379
1253,0.4804456906729634
1254,0.21280991735537189
1255,0.29619244391971666
1256,1.0411747343565525
1257,1.5558589138134593
1258,0.6032319952774499
1259,0.46155548996458085
1260,0.7634297520661157
1261,0.6978305785123967
1262,0.6172520661157025
1263,0.4328512396694215
1264,0.931891971664699
1265,0.5231700118063755
1266,0.6224173553719008
1267,0.17547225501770958
1268,0.0
1269,0.20919421487603307
1270,0.7771546635183
1271,0.06700118063754427
1272,0.13023907910271548
1273,0.40008854781582054
1274,0.32991440377804016
1275,0.13127213695395512
1276,6.636953955135773
1277,2.3418683589138136
1278,2.0573347107438016
1279,2.2998081463990556
1280,1.4247343565525383
1281,0.7224763872491146
1282,0.8665141676505312
1283,1.978896103896104
1284,1.528482880755608
1285,1.998155253837072
1286,1.2324380165289255
1287,1.6133412042502953
1288,0.41432998819362454
1289,0.9125590318772137
1290,0.7318476977567887
1291,0.7663813459268005
1292,0.37433589138134593
1293,14.60094451003542
1294,3.469598583234947
1295,2.8305785123966944
1296,3.479634002361275
1297,5.341499409681228
1298,1.9439935064935066
1299,0.8265938606847698
1300,1.9715909090909092
1301,1.4821428571428572
1302,0.6122343565525383
1303,1.1252213695395514
1304,1.2928719008264462
1305,2.072387839433294
1306,1.2876328217237307
1307,1.4935064935064934
1308,1.2691115702479339
1309,0.9582349468713105
1310,0.9371310507674144
1311,1.1607142857142856
1312,1.328586186540732
1313,0.38547815820543097
1314,2.2944952774498226
1315,2.5081906729634005
1316,1.6176948051948052
1317,1.1902302243211333
1318,0.9957939787485243
1319,1.3863636363636362
1320,1.726018299881936
1321,0.9596369539551358
1322,1.0605814639905549
1323,0.8733766233766234
1324,0.7390791027154663
1325,0.4394923258559622
1326,0.32873376623376627
1327,0.20919421487603307
1328,0.7657910271546635
1329,0.13916765053128688
1330,0.3865112160566706
1331,0.4816263282172373
1332,0.8281434474616293
1333,0.32556080283353006
1334,5.086998229043683
1335,4.198273317591499
1336,2.748155253837072
1337,1.449822904368359
1338,0.9849468713105077
1339,0.8775088547815821
1340,0.9780106257378984
1341,1.130534238488784
1342,2.767857142857143
1343,1.717384887839433
1344,0.6452184179456907
1345,1.283353010625738
1346,0.30231700118063753
1347,0.762987012987013
1348,0.6073642266824085
1349,0.609504132231405
1350,0.1630017709563164
1351,7.5987308146399055
1352,2.341720779220779
1353,0.6353305785123966
1354,3.2735389610389607
1355,3.7274940968122787
1356,1.511806375442739
1357,1.8266676505312869
1358,1.4037780401416766
1359,0.806965761511216
1360,1.041396103896104
1361,0.8944805194805194
1362,1.1009445100354192
1363,2.261880165289256
1364,1.3989079102715465
1365,0.9973435655253838
1366,0.7268299881936245
1367,0.5666322314049587
1368,0.7066115702479339
1369,1.394923258559622
1370,1.0932703659976386
1371,0.3977272727272727
1372,3.213695395513578
1373,2.029737308146399
1374,2.403704250295159
1375,1.0725354191263283
1376,1.0818329397874853
1377,0.5904663518299882
1378,1.832423258559622
1379,1.3233471074380165
1380,1.6054456906729633
1381,1.5374114521841795
1382,0.7901416765053129
1383,0.3857733175914994
1384,0.14942443919716647
1385,0.23907910271546634
1386,0.8984651711924438
1387,0.0858913813459268
1388,0.1889757969303424
1389,0.1890495867768595
1390,0.6424144037780402
1391,0.4887101534828807
1392,4.939935064935065
1393,5.365259740259741
1394,3.8419421487603307
1395,1.650236127508855
1396,1.255608028335301
1397,0.9863488783943329
1398,0.7683736717827627
1399,7.2990702479338845
1400,2.952848288075561
1401,2.5249409681227863
1402,0.9977125147579693
1403,2.2972992916174735
1404,0.6397579693034239
1405,3.7182703659976384
1406,0.8465909090909092
1407,1.0410271546635184
1408,0.8060802833530105
1409,15.003763282172374
1410,4.146472845336482
1411,3.941115702479339
1412,3.5144628099173554
1413,3.854412632821724
1414,2.084120425029516
1415,2.439418536009445
1416,3.232659386068477
1417,1.3975059031877213
1418,0.4493801652892562
1419,1.4620720188902006
1420,1.2133264462809918
1421,4.84836186540732
1422,2.621900826446281
1423,1.3729338842975207
1424,1.5208087367178276
1425,0.7292650531286895
1426,2.831759149940968
1427,1.862160566706021
1428,1.0262691853600945
1429,1.258043093270366
1430,7.273538961038961
1431,0.588547815820543
1432,3.0430194805194803
1433,2.167871900826446
1434,1.9471664698937428
1435,1.6223435655253837
1436,2.50103305785124
1437,2.001918536009445
1438,1.5943034238488782
1439,1.000664108618654
1440,1.1083972845336483
1441,0.7166469893742621
1442,0.19923258559622198
1443,0.3386953955135773
1444,1.4382378984651711
1445,0.08729338842975207
1446,0.24837662337662336
1447,0.5955578512396694
1448,0.9206021251475797
1449,0.0
1450,7.643373671782763
1451,2.159607438016529
1452,1.2211481700118063
1453,1.1208677685950414
1454,1.7520661157024793
1455,1.1874262101534827
1456,0.75
1457,3.091499409681228
1458,2.5062721369539553
1459,2.095926800472255
1460,2.2404811097992914
1461,2.0862603305785123
1462,0.6239669421487604
1463,0.8537485242030697
1464,1.3828217237308147
1465,0.8381788665879576
1466,0.20233175914994098
1467,13.721664698937424
1468,6.252508854781582
1469,1.7634297520661157
1470,5.76586481700118
1471,1.8494687131050767
1472,2.507526564344746
1473,1.602641676505313
1474,1.6924439197166468
1475,1.5154220779220782
1476,0.5500295159386068
1477,1.3389167650531286
1478,0.7305194805194806
1479,2.0061245572609208
1480,2.8636363636363633
1481,1.0028778040141675
1482,1.0912042502951593
1483,0.2488931523022432
1484,1.0393299881936247
1485,0.610758559622196
1486,0.47409976387249114
1487,0.662780401416765
1488,2.366956906729634
1489,1.264905548996458
1490,0.9656877213695394
1491,1.67827626918536
1492,0.7595926800472255
1493,0.31220484061393156
1494,0.9265053128689492
1495,0.4145513577331759
1496,1.357733175914994
1497,0.698568476977568
1498,0.42945690672963405
1499,0.5770365997638724
1500,0.4881198347107438
1501,0.10957792207792208
1502,1.475280401416765
1503,1.1997491145218417
1504,0.13503541912632822
1505,0.22609208972845338
1506,1.005460448642267
1507,0.07526564344746163
1508,5.894406729634002
1509,2.1568772136953953
1510,1.134814049586777
1511,0.7420306965761512
1512,0.630608028335301
1513,0.44974911452184185
1514,0.6195395513577331
1515,2.9634002361275087
1516,1.8097697756788667
1517,1.6579102715466352
1518,1.633043093270366
1519,0.6954693034238488
1520,2.208456316410862
1521,0.3068919716646989
1522,0.493875442739079
1523,0.7170159386068476
1524,0.6385773317591499
1525,5.995867768595041
1526,3.201520070838253
1527,2.8512396694214877
1528,1.9312278630460447
1529,1.026564344746163
1530,2.017857142857143
1531,1.510551948051948
1532,0.7634297520661156
1533,0.7302243211334121
1534,1.0202184179456908
1535,0.3212072018890201
1536,0.4533648170011806
1537,1.089064344746163
1538,2.4438459268004724
1539,1.451667650531287
1540,0.5157172373081464
1541,0.47033648170011805
1542,1.6841794569067297
1543,1.6190968122786304
1544,0.9709268004722551
1545,1.3671044864226682
1546,1.887839433293979
1547,1.9845779220779218
1548,2.0561540731995276
1549,1.137322904368359
1550,0.6486127508854782
1551,0.5693624557260921
1552,1.1656582054309328
1553,0.7992178276269184
1554,0.458530106257379
1555,0.4364669421487603
1556,0.7149498229043684
1557,1.0503984651711924
1558,0.22911747343565525
1559,0.5478896103896104
1560,0.6898612750885479
1561,0.24837662337662336
1562,0.6269185360094451
1563,0.2013724911452184
1564,0.9144775678866588
1565,0.6401269185360094
1566,2.3505755608028336
1567,2.3368506493506493
1568,1.8709415584415585
1569,0.5248671782762692
1570,0.5796930342384887
1571,0.3358913813459268
1572,0.4343270365997639
1573,1.3365554899645808
1574,1.2477125147579693
1575,0.9033353010625739
1576,1.203659976387249
1577,0.7171635182998819
1578,0.6601977567886659
1579,0.5101829988193625
1580,0.412116292798111
1581,0.287116292798111
1582,0.4567591499409681
1583,3.774055489964581
1584,1.565746753246753
1585,1.6735537190082646
1586,1.4290141676505312
1587,1.4274645808736717
1588,1.5205873671782761
1589,1.5839728453364816
1590,0.5423553719008265
1591,0.5203659976387249
1592,1.149129279811098
1593,0.3761068476977568
1594,0.3568476977567887
1595,2.706611570247934
1596,1.108987603305785
1597,0.9874557260920898
1598,0.46841794569067297
1599,0.29766824085005905
1600,1.5681818181818181
1601,1.021620425029516
1602,0.6476534828807556
1603,0.21273612750885476
1604,2.087662337662338
1605,1.6395365997638724
1606,2.2304456906729633
1607,0.7919126328217237
1608,0.6976829988193625
1609,0.5467089728453365
1610,0.8722697756788667
1611,0.7805489964580873
1612,0.5841942148760331
1613,0.48420897284533654
1614,0.6314197166469893
1615,0.6996753246753247
1616,0.049808146399055495
1617,0.32873376623376627
1618,0.8631198347107438
1619,0.09998524203069659
1620,0.2277892561983471
1621,0.1649940968122786
1622,0.4162485242030697
1623,0.12750885478158205
1624,7.0033205430932695
1625,2.781655844155844
1626,2.0558589138134593
1627,0.43012101534828806
1628,1.6036747343565525
1629,1.344598583234947
1630,0.962293388429752
1631,3.5441263282172373
1632,2.0038370720188903
1633,2.1184327036599764
1634,1.3263724911452184
1635,1.0101829988193625
1636,2.240702479338843
1637,0.31456611570247933
1638,0.8916765053128689
1639,0.3565525383707202
1640,1.9147727272727273
1641,13.181523022432113
1642,2.9149940968122787
1643,2.8791322314049586
1644,4.383633412042503
1645,1.5889167650531286
1646,4.507378984651711
1647,0.8987603305785123
1648,1.2694067296340024
1649,1.2205578512396695
1650,1.0695838252656433
1651,0.40547520661157027
1652,0.2431375442739079
1653,2.1279515938606846
1654,2.516086186540732
1655,0.510551948051948
1656,0.3320543093270366
1657,0.22675619834710742
1658,1.5645661157024793
1659,0.6773907910271546
1660,1.207939787485242
1661,0.15200708382526565
1662,5.412485242030697
1663,1.9755755608028336
1664,1.3722697756788667
1665,1.7875590318772137
1666,1.0486275088547816
1667,0.31891971664698937
1668,0.753025383707202
1669,0.4018595041322314
1670,0.5200708382526564
1671,0.4290879574970484
1672,0.6341499409681228
1673,1.2170897284533648
1674,0.09961629279811099
1675,0.07969303423848878
1676,0.9009002361275089
1677,0.752435064935065
1678,0.09688606847697757
1679,0.16706021251475797
1680,0.9978600944510035
1681,0.08109504132231404
1682,2.9536599763872493
1683,1.7195247933884297
1684,1.1030106257378984
1685,0.6444805194805195
1686,0.8789846517119244
1687,0.880534238488784
1688,0.6503837072018891
1689,2.6103896103896105
1690,1.296487603305785
1691,1.5650088547815821
1692,1.3783205430932706
1693,1.034607438016529
1694,0.49217827626918537
1695,0.3045306965761511
1696,0.3961776859504132
1697,0.25678866587957494
1698,0.43853305785123964
1699,7.955504722550177
1700,2.9882674144037775
1701,2.950413223140496
1702,2.859651711924439
1703,2.0492916174734357
1704,1.5988783943329399
1705,1.4811097992916176
1706,1.515495867768595
1707,0.8052685950413223
1708,1.1544421487603307
1709,0.6461038961038962
1710,0.2522136953955135
1711,1.9040731995277451
1712,2.1435212514757973
1713,1.1863193624557262
1714,0.2652744982290437
1715,0.38902007083825263
1716,1.1534828807556081
1717,0.9314492325855963
1718,0.5393299881936245
1719,0.9323347107438017
1720,4.5046487603305785
1721,1.428645218417946
1722,1.3564787485242031
1723,1.333530106257379
1724,0.3725649350649351
1725,0.3629722550177096
1726,0.5769628099173554
1727,1.2468270365997638
1728,0.47682998819362454
1729,0.30836776859504134
1730,0.5720188902007084
1731,0.41750295159386064
1732,0.049808146399055495
1733,0.029884887839433293
1734,0.7342089728453365
1735,0.8451889020070837
1736,0.21059622195985833
1737,0.14743211334120426
1738,0.32792207792207795
1739,0.28460743801652894
1740,7.805416174734357
1741,2.572018890200708
1742,1.501254427390791
1743,0.7198199527744983
1744,0.7063902007083824
1745,0.3818624557260921
1746,0.5698789846517119
1747,2.062131050767414
1748,1.688090318772137
1749,1.0377066115702478
1750,1.7122195985832351
1751,1.0121753246753247
1752,1.411525974025974
1753,0.6243358913813459
1754,0.41772432113341207
1755,0.30644923258559625
1756,0.3647432113341204
1757,4.625442739079102
1758,2.6404220779220777
1759,2.3873966942148757
1760,2.5694362455726094
1761,1.063606847697757
1762,1.6954693034238488
1763,1.7899940968122787
1764,0.9867916174734357
1765,0.7065377804014168
1766,0.9550619834710744
1767,0.5719451003541912
1768,0.6951003541912633
1769,0.8006198347107438
1770,2.3883559622195984
1771,1.60271546635183
1772,0.4296782762691854
1773,0.38459268004722547
1774,0.9068034238488782
1775,1.6004279811097994
1776,1.0818329397874853
1777,0.502435064935065
1778,1.6624114521841795
1779,2.5706906729634005
1780,1.6762101534828808
1781,0.8825265643447462
1782,0.8374409681227862
1783,0.6298701298701299
1784,1.1724468713105076
1785,0.47653482880755604
1786,0.6857290436835891
1787,0.7329545454545454
1788,0.7705135773317592
1789,0.8717532467532467
1790,0.06973140495867769
1791,0.2590023612750886
1792,0.3181818181818182
1793,0.16971664698937425
1794,0.33116883116883117
1795,0.25332054309327035
1796,0.59349173553719
1797,0.5836038961038961
1798,4.792945690672964
1799,1.9496015348288078
1800,0.9853896103896103
1801,0.4988931523022432
1802,0.18587662337662336
1803,0.6046340023612751
1804,1.4608175914994095
1805,2.093417945690673
1806,1.636068476977568
1807,1.2120720188902006
1808,0.8925619834710744
1809,1.3660714285714286
1810,0.37367178276269186
1811,0.6890495867768595
1812,0.5441263282172373
1813,0.48457792207792205
1814,0.13931523022432113
1815,5.780253837072019
1816,3.428645218417946
1817,1.0413223140495869
1818,2.2549439197166468
1819,1.7975944510035418
1820,1.2570838252656436
1821,2.3198051948051948
1822,0.9387544273907911
1823,0.615038370720189
1824,0.18794273907910272
1825,0.6751770956316411
1826,0.7829102715466352
1827,3.579840613931523
1828,0.19104191263282172
1829,1.2474173553719008
1830,1.2799586776859504
1831,1.1920749704840614
1832,0.208530106257379
1833,0.4804456906729634
1834,0.21280991735537189
1835,0.29619244391971666
1836,1.0411747343565525
1837,1.5558589138134593
1838,0.6032319952774499
1839,0.46155548996458085
1840,0.7634297520661157
1841,0.6978305785123967
1842,0.6172520661157025
1843,0.4328512396694215
1844,0.931891971664699
1845,0.5231700118063755
1846,0.6224173553719008
1847,0.17547225501770958
1848,0.0
1849,0.20919421487603307
1850,0.7771546635183
1851,0.06700118063754427
1852,0.13023907910271548
1853,0.40008854781582054
1854,0.32991440377804016
1855,0.13127213695395512
1856,6.636953955135773
1857,2.3418683589138136
1858,2.0573347107438016
1859,2.2998081463990556
1860,1.4247343565525383
1861,0.7224763872491146
1862,0.8665141676505312
1863,1.978896103896104
1864,1.528482880755608
1865,1.998155253837072
1866,1.2324380165289255
1867,1.6133412042502953
1868,0.41432998819362454
1869,0.9125590318772137
1870,0.7318476977567887
1871,0.7663813459268005
1872,0.37433589138134593
1873,14.60094451003542
1874,3.469598583234947
1875,2.8305785123966944
1876,3.479634002361275
1877,5.341499409681228
1878,1.9439935064935066
1879,0.8265938606847698
1880,1.9715909090909092
1881,1.4821428571428572
1882,0.6122343565525383
1883,1.1252213695395514
1884,1.2928719008264462
1885,2.072387839433294
1886,1.2876328217237307
1887,1.4935064935064934
1888,1.2691115702479339
1889,0.9582349468713105
1890,0.9371310507674144
1891,1.1607142857142856
1892,1.328586186540732
1893,0.38547815820543097
1894,2.2944952774498226
1895,2.5081906729634005
1896,1.6176948051948052
1897,1.1902302243211333
1898,0.9957939787485243
1899,1.3863636363636362
1900,1.726018299881936
1901,0.9596369539551358
1902,1.0605814639905549
1903,0.8733766233766234
1904,0.7390791027154663
1905,0.4394923258559622
1906,0.32873376623376627
1907,0.20919421487603307
1908,0.7657910271546635
1909,0.13916765053128688
1910,0.3865112160566706
1911,0.4816263282172373
1912,0.8281434474616293
1913,0.32556080283353006
1914,5.086998229043683
1915,4.198273317591499
1916,2.748155253837072
1917,1.449822904368359
1918,0.9849468713105077
1919,0.8775088547815821
1920,0.9780106257378984
1921,1.130534238488784
1922,2.767857142857143
1923,1.717384887839433
1924,0.6452184179456907
1925,1.283353010625738
1926,0.30231700118063753
1927,0.762987012987013
1928,0.6073642266824085
1929,0.609504132231405
1930,0.1630017709563164
1931,7.5987308146399055
1932,2.341720779220779
1933,0.6353305785123966
1934,3.2735389610389607
1935,3.7274940968122787
1936,1.511806375442739
1937,1.8266676505312869
1938,1.4037780401416766
1939,0.806965761511216
1940,1.041396103896104
1941,0.8944805194805194
1942,1.1009445100354192
1943,2.261880165289256
1944,1.3989079102715465
1945,0.9973435655253838
1946,0.7268299881936245
1947,0.5666322314049587
1948,0.7066115702479339
1949,1.394923258559622
1950,1.0932703659976386
1951,0.3977272727272727
1952,3.213695395513578
1953,2.029737308146399
1954,2.403704250295159
1955,1.0725354191263283
1956,1.0818329397874853
1957,0.5904663518299882
1958,1.832423258559622
1959,1.3233471074380165
1960,1.6054456906729633
1961,1.5374114521841795
1962,0.7901416765053129
1963,0.3857733175914994
1964,0.14942443919716647
1965,0.23907910271546634
1966,0.8984651711924438
1967,0.0858913813459268
1968,0.1889757969303424
1969,0.1890495867768595
1970,0.6424144037780402
1971,0.4887101534828807
1972,4.939935064935065
1973,5.365259740259741
1974,3.8419421487603307
1975,1.650236127508855
1976,1.255608028335301
1977,0.9863488783943329
1978,0.7683736717827627
1979,7.2990702479338845
1980,2.952848288075561
1981,2.5249409681227863
1982,0.9977125147579693
1983,2.2972992916174735
1984,0.6397579693034239
1985,3.7182703659976384
1986,0.8465909090909092
1987,1.0410271546635184
1988,0.8060802833530105
1989,15.003763282172374
1990,4.146472845336482
1991,3.941115702479339
1992,3.5144628099173554
1993,3.854412632821724
1994,2.084120425029516
1995,2.439418536009445
1996,3.232659386068477
1997,1.3975059031877213
1998,0.4493801652892562
1999,1.4620720188902006
2000,1.2133264462809918
2001,4.84836186540732
2002,2.621900826446281
2003,1.3729338842975207
2004,1.5208087367178276
2005,0.7292650531286895
2006,2.831759149940968
2007,1.862160566706021
2008,1.0262691853600945
2009,1.258043093270366
2010,7.273538961038961
2011,0.588547815820543
2012,3.0430194805194803
2013,2.167871900826446
2014,1.9471664698937428
2015,1.6223435655253837
2016,2.50103305785124
2017,2.001918536009445
2018,1.5943034238488782
2019,1.000664108618654
2020,1.1083972845336483
2021,0.7166469893742621
2022,0.19923258559622198
2023,0.3386953955135773
2024,1.4382378984651711
2025,0.08729338842975207
2026,0.24837662337662336
2027,0.5955578512396694
2028,0.9206021251475797
2029,0.0
2030,7.643373671782763
2031,2.159607438016529
2032,1.2211481700118063
2033,1.1208677685950414
2034,1.7520661157024793
2035,1.1874262101534827
2036,0.75
2037,3.091499409681228
2038,2.5062721369539553
2039,2.095926800472255
2040,2.2404811097992914
2041,2.0862603305785123
2042,0.6239669421487604
2043,0.8537485242030697
2044,1.3828217237308147
2045,0.8381788665879576
2046,0.20233175914994098
2047,13.721664698937424
2048,6.252508854781582
2049,1.7634297520661157
2050,5.76586481700118
2051,1.8494687131050767
2052,2.507526564344746
2053,1.602641676505313
2054,1.6924439197166468
2055,1.5154220779220782
2056,0.5500295159386068
2057,1.3389167650531286
2058,0.7305194805194806
2059,2.0061245572609208
2060,2.8636363636363633
2061,1.0028778040141675
2062,1.0912042502951593
2063,0.2488931523022432
2064,1.0393299881936247
2065,0.610758559622196
2066,0.47409976387249114
2067,0.662780401416765
2068,2.366956906729634
2069,1.264905548996458
2070,0.9656877213695394
2071,1.67827626918536
2072,0.7595926800472255
2073,0.31220484061393156
2074,0.9265053128689492
2075,0.4145513577331759
2076,1.357733175914994
2077,0.698568476977568
2078,0.42945690672963405
2079,0.5770365997638724
2080,0.4881198347107438
2081,0.10957792207792208
2082,1.475280401416765
2083,1.1997491145218417
2084,0.13503541912632822
2085,0.22609208972845338
2086,1.005460448642267
2087,0.07526564344746163
2088,5.894406729634002
2089,2.1568772136953953
2090,1.134814049586777
2091,0.7420306965761512
2092,0.630608028335301
2093,0.44974911452184185
2094,0.6195395513577331
2095,2.9634002361275087
2096,1.8097697756788667
2097,1.6579102715466352
2098,1.633043093270366
2099,0.6954693034238488
2100,2.208456316410862
2101,0.3068919716646989
2102,0.493875442739079
2103,0.7170159386068476
2104,0.6385773317591499
2105,5.995867768595041
2106,3.201520070838253
2107,2.8512396694214877
2108,1.9312278630460447
2109,1.026564344746163
2110,2.017857142857143
2111,1.510551948051948
2112,0.7634297520661156
2113,0.7302243211334121
2114,1.0202184179456908
2115,0.3212072018890201
2116,0.4533648170011806
2117,1.089064344746163
2118,2.4438459268004724
2119,1.451667650531287
2120,0.5157172373081464
2121,0.47033648170011805
2122,1.6841794569067297
2123,1.6190968122786304
2124,0.9709268004722551
2125,1.3671044864226682
2126,1.887839433293979
2127,1.9845779220779218
2128,2.0561540731995276
2129,1.137322904368359
2130,0.6486127508854782
2131,0.5693624557260921
2132,1.1656582054309328
2133,0.7992178276269184
2134,0.458530106257379
2135,0.4364669421487603
2136,0.7149498229043684
2137,1.0503984651711924
2138,0.22911747343565525
2139,0.5478896103896104
2140,0.6898612750885479
2141,0.24837662337662336
2142,0.6269185360094451
2143,0.2013724911452184
2144,0.9144775678866588
2145,0.6401269185360094
2146,2.3505755608028336
2147,2.3368506493506493
2148,1.8709415584415585
2149,0.5248671782762692
2150,0.5796930342384887
2151,0.3358913813459268
2152,0.4343270365997639
2153,1.3365554899645808
2154,1.2477125147579693
2155,0.9033353010625739
2156,1.203659976387249
2157,0.7171635182998819
2158,0.6601977567886659
2159,0.5101829988193625
2160,0.412116292798111
2161,0.287116292798111
2162,0.4567591499409681
2163,3.774055489964581
2164,1.565746753246753
2165,1.6735537190082646
2166,1.4290141676505312
2167,1.4274645808736717
2168,1.5205873671782761
2169,1.5839728453364816
2170,0.5423553719008265
2171,0.5203659976387249
2172,1.149129279811098
2173,0.3761068476977568
2174,0.3568476977567887
2175,2.706611570247934
2176,1.108987603305785
2177,0.9874557260920898
2178,0.46841794569067297
2179,0.29766824085005905
2180,1.5681818181818181
2181,1.021620425029516
2182,0.6476534828807556
2183,0.21273612750885476
2184,2.087662337662338
2185,1.6395365997638724
2186,2.2304456906729633
2187,0.7919126328217237
2188,0.6976829988193625
2189,0.5467089728453365
2190,0.8722697756788667
2191,0.7805489964580873
2192,0.5841942148760331
2193,0.48420897284533654
2194,0.6314197166469893
2195,0.6996753246753247
2196,0.049808146399055495
2197,0.32873376623376627
2198,0.8631198347107438
2199,0.09998524203069659
2200,0.2277892561983471
2201,0.1649940968122786
2202,0.4162485242030697
2203,0.12750885478158205
2204,7.0033205430932695
2205,2.781655844155844
2206,2.0558589138134593
2207,0.43012101534828806
2208,1.6036747343565525
2209,1.344598583234947
2210,0.962293388429752
2211,3.5441263282172373
2212,2.0038370720188903
2213,2.1184327036599764
2214,1.3263724911452184
2215,1.0101829988193625
2216,2.240702479338843
2217,0.31456611570247933
2218,0.8916765053128689
2219,0.3565525383707202
2220,1.9147727272727273
2221,13.181523022432113
2222,2.9149940968122787
2223,2.8791322314049586
2224,4.383633412042503
2225,1.5889167650531286
2226,4.507378984651711
2227,0.8987603305785123
2228,1.2694067296340024
2229,1.2205578512396695
2230,1.0695838252656433
2231,0.40547520661157027
2232,0.2431375442739079
2233,2.1279515938606846
2234,2.516086186540732
2235,0.510551948051948
2236,0.3320543093270366
2237,0.22675619834710742
2238,1.5645661157024793
2239,0.6773907910271546
2240,1.207939787485242
2241,0.15200708382526565
2242,5.412485242030697
2243,1.9755755608028336
2244,1.3722697756788667
2245,1.7875590318772137
2246,1.0486275088547816
2247,0.31891971664698937
2248,0.753025383707202
2249,0.4018595041322314
2250,0.5200708382526564
2251,0.4290879574970484
2252,0.6341499409681228
2253,1.2170897284533648
2254,0.09961629279811099
2255,0.07969303423848878
2256,0.9009002361275089
2257,0.752435064935065
2258,0.09688606847697757
2259,0.16706021251475797
2260,0.9978600944510035
2261,0.08109504132231404
2262,2.9536599763872493
2263,1.7195247933884297
2264,1.1030106257378984
2265,0.6444805194805195
2266,0.8789846517119244
2267,0.880534238488784
2268,0.6503837072018891
2269,2.6103896103896105
2270,1.296487603305785
2271,1.5650088547815821
2272,1.3783205430932706
2273,1.034607438016529
2274,0.49217827626918537
2275,0.3045306965761511
2276,0.3961776859504132
2277,0.25678866587957494
2278,0.43853305785123964
2279,7.955504722550177
2280,2.9882674144037775
2281,2.950413223140496
2282,2.859651711924439
2283,2.0492916174734357
2284,1.5988783943329399
2285,1.4811097992916176
2286,1.515495867768595
2287,0.8052685950413223
2288,1.1544421487603307
2289,0.6461038961038962
2290,0.2522136953955135
2291,1.9040731995277451
2292,2.1435212514757973
2293,1.1863193624557262
2294,0.2652744982290437
2295,0.38902007083825263
2296,1.1534828807556081
2297,0.9314492325855963
2298,0.5393299881936245
2299,0.9323347107438017
2300,4.5046487603305785
2301,1.428645218417946
2302,1.3564787485242031
2303,1.333530106257379
2304,0.3725649350649351
2305,0.3629722550177096
2306,0.5769628099173554
2307,1.2468270365997638
2308,0.47682998819362454
2309,0.30836776859504134
2310,0.5720188902007084
2311,0.41750295159386064
2312,0.049808146399055495
2313,0.029884887839433293
2314,0.7342089728453365
2315,0.8451889020070837
2316,0.21059622195985833
2317,0.14743211334120426
2318,0.32792207792207795
2319,0.28460743801652894
2320,7.805416174734357
2321,2.572018890200708
2322,1.501254427390791
2323,0.7198199527744983
2324,0.7063902007083824
2325,0.3818624557260921
2326,0.5698789846517119
2327,2.062131050767414
2328,1.688090318772137
2329,1.0377066115702478
2330,1.7122195985832351
2331,1.0121753246753247
2332,1.411525974025974
2333,0.6243358913813459
2334,0.41772432113341207
2335,0.30644923258559625
2336,0.3647432113341204
2337,4.625442739079102
2338,2.6404220779220777
2339,2.3873966942148757
2340,2.5694362455726094
2341,1.063606847697757
2342,1.6954693034238488
2343,1.7899940968122787
2344,0.9867916174734357
2345,0.7065377804014168
2346,0.9550619834710744
2347,0.5719451003541912
2348,0.6951003541912633
2349,0.8006198347107438
2350,2.3883559622195984
2351,1.60271546635183
2352,0.4296782762691854
2353,0.38459268004722547
2354,0.9068034238488782
2355,1.6004279811097994
2356,1.0818329397874853
2357,0.502435064935065
2358,1.6624114521841795
2359,2.5706906729634005
2360,1.6762101534828808
2361,0.8825265643447462
2362,0.8374409681227862
2363,0.6298701298701299
2364,1.1724468713105076
2365,0.47653482880755604
2366,0.6857290436835891
2367,0.7329545454545454
2368,0.7705135773317592
2369,0.8717532467532467
2370,0.06973140495867769
2371,0.2590023612750886
2372,0.3181818181818182
2373,0.16971664698937425
2374,0.33116883116883117
2375,0.25332054309327035
2376,0.59349173553719
2377,0.5836038961038961
2378,4.792945690672964
2379,1.9496015348288078
2380,0.9853896103896103
2381,0.4988931523022432
2382,0.18587662337662336
2383,0.6046340023612751
2384,1.4608175914994095
2385,2.093417945690673
2386,1.636068476977568
2387,1.2120720188902006
2388,0.8925619834710744
2389,1.3660714285714286
2390,0.37367178276269186
2391,0.6890495867768595
2392,0.5441263282172373
2393,0.48457792207792205
2394,0.13931523022432113
2395,5.780253837072019
2396,3.428645218417946
2397,1.0413223140495869
2398,2.2549439197166468
2399,1.7975944510035418
2400,1.2570838252656436
2401,2.3198051948051948
2402,0.9387544273907911
2403,0.615038370720189
2404,0.18794273907910272
2405,0.6751770956316411
2406,0.7829102715466352
2407,3.579840613931523
2408,0.19104191263282172
2409,1.2474173553719008
2410,1.2799586776859504
2411,1.1920749704840614
2412,0.208530106257379
2413,0.4804456906729634
2414,0.21280991735537189
2415,0.29619244391971666
2416,1.0411747343565525
2417,1.5558589138134593
2418,0.6032319952774499
2419,0.46155548996458085
2420,0.7634297520661157
2421,0.6978305785123967
2422,0.6172520661157025
2423,0.4328512396694215
2424,0.931891971664699
2425,0.5231700118063755
2426,0.6224173553719008
2427,0.17547225501770958
2428,0.0
2429,0.20919421487603307
2430,0.7771546635183
2431,0.06700118063754427
2432,0.13023907910271548
2433,0.40008854781582054
2434,0.32991440377804016
2435,0.13127213695395512
2436,6.636953955135773
2437,2.3418683589138136
2438,2.0573347107438016
2439,2.2998081463990556
2440,1.4247343565525383
2441,0.7224763872491146
2442,0.8665141676505312
2443,1.978896103896104
2444,1.528482880755608
2445,1.998155253837072
2446,1.2324380165289255
2447,1.6133412042502953
2448,0.41432998819362454
2449,0.9125590318772137
2450,0.7318476977567887
2451,0.7663813459268005
2452,0.37433589138134593
2453,14.60094451003542
2454,3.469598583234947
2455,2.8305785123966944
2456,3.479634002361275
2457,5.341499409681228
2458,1.9439935064935066
2459,0.8265938606847698
2460,1.9715909090909092
2461,1.4821428571428572
2462,0.6122343565525383
2463,1.1252213695395514
2464,1.2928719008264462
2465,2.072387839433294
2466,1.2876328217237307
2467,1.4935064935064934
2468,1.2691115702479339
2469,0.9582349468713105
2470,0.9371310507674144
2471,1.1607142857142856
2472,1.328586186540732
2473,0.38547815820543097
2474,2.2944952774498226
2475,2.5081906729634005
2476,1.6176948051948052
2477,1.1902302243211333
2478,0.9957939787485243
2479,1.3863636363636362
2480,1.726018299881936
2481,0.9596369539551358
2482,1.0605814639905549
2483,0.8733766233766234
2484,0.7390791027154663
2485,0.4394923258559622
2486,0.32873376623376627
2487,0.20919421487603307
2488,0.7657910271546635
2489,0.13916765053128688
2490,0.3865112160566706
2491,0.4816263282172373
2492,0.8281434474616293
2493,0.32556080283353006
2494,5.086998229043683
2495,4.198273317591499
2496,2.748155253837072
2497,1.449822904368359
2498,0.9849468713105077
2499,0.8775088547815821
2500,0.9780106257378984
2501,1.130534238488784
2502,2.767857142857143
2503,1.717384887839433
2504,0.6452184179456907
2505,1.283353010625738
2506,0.30231700118063753
2507,0.762987012987013
2508,0.6073642266824085
2509,0.609504132231405
2510,0.1630017709563164
2511,7.5987308146399055
2512,2.341720779220779
2513,0.6353305785123966
2514,3.2735389610389607
2515,3.7274940968122787
2516,1.511806375442739
2517,1.8266676505312869
2518,1.4037780401416766
2519,0.806965761511216
2520,1.041396103896104
2521,0.8944805194805194
2522,1.1009445100354192
2523,2.261880165289256
2524,1.3989079102715465
2525,0.9973435655253838
2526,0.7268299881936245
2527,0.5666322314049587
2528,0.7066115702479339
2529,1.394923258559622
2530,1.0932703659976386
2531,0.3977272727272727
2532,3.213695395513578
2533,2.029737308146399
2534,2.403704250295159
2535,1.0725354191263283
2536,1.0818329397874853
2537,0.5904663518299882
2538,1.832423258559622
2539,1.3233471074380165
2540,1.6054456906729633
2541,1.5374114521841795
2542,0.7901416765053129
2543,0.3857733175914994
2544,0.14942443919716647
2545,0.23907910271546634
2546,0.8984651711924438
2547,0.0858913813459268
2548,0.1889757969303424
2549,0.1890495867768595
2550,0.6424144037780402
2551,0.4887101534828807
2552,4.939935064935065
2553,5.365259740259741
2554,3.8419421487603307
2555,1.650236127508855
2556,1.255608028335301
2557,0.9863488783943329
2558,0.7683736717827627
2559,7.2990702479338845
2560,2.952848288075561
2561,2.5249409681227863
2562,0.9977125147579693
2563,2.2972992916174735
2564,0.6397579693034239
2565,3.7182703659976384
2566,0.8465909090909092
2567,1.0410271546635184
2568,0.8060802833530105
2569,15.003763282172374
2570,4.146472845336482
2571,3.941115702479339
2572,3.5144628099173554
2573,3.854412632821724
2574,2.084120425029516
2575,2.439418536009445
2576,3.232659386068477
2577,1.3975059031877213
2578,0.4493801652892562
2579,1.4620720188902006
2580,1.2133264462809918
2581,4.84836186540732
2582,2.621900826446281
2583,1.3729338842975207
2584,1.5208087367178276
2585,0.7292650531286895
2586,2.831759149940968
2587,1.862160566706021
2588,1.0262691853600945
2589,1.258043093270366
2590,7.273538961038961
2591,0.588547815820543
2592,3.0430194805194803
2593,2.167871900826446
2594,1.9471664698937428
2595,1.6223435655253837
2596,2.50103305785124
2597,2.001918536009445
2598,1.5943034238488782
2599,1.000664108618654
2600,1.1083972845336483
2601,0.7166469893742621
2602,0.19923258559622198
2603,0.3386953955135773
2604,1.4382378984651711
2605,0.08729338842975207
2606,0.24837662337662336
2607,0.5955578512396694
2608,0.9206021251475797
2609,0.0
2610,7.643373671782763
2611,2.159607438016529
2612,1.2211481700118063
2613,1.1208677685950414
2614,1.7520661157024793
2615,1.1874262101534827
2616,0.75
2617,3.091499409681228
2618,2.5062721369539553
2619,2.095926800472255
2620,2.2404811097992914
2621,2.0862603305785123
2622,0.6239669421487604
2623,0.8537485242030697
2624,1.3828217237308147
2625,0.8381788665879576
2626,0.20233175914994098
2627,13.721664698937424
2628,6.252508854781582
2629,1.7634297520661157
2630,5.76586481700118
2631,1.8494687131050767
2632,2.507526564344746
2633,1.602641676505313
2634,1.6924439197166468
2635,1.5154220779220782
2636,0.5500295159386068
2637,1.3389167650531286
2638,0.7305194805194806
2639,2.0061245572609208
2640,2.8636363636363633
2641,1.0028778040141675
2642,1.0912042502951593
2643,0.2488931523022432
2644,1.0393299881936247
2645,0.610758559622196
2646,0.47409976387249114
2647,0.662780401416765
2648,2.366956906729634
2649,1.264905548996458
2650,0.9656877213695394
2651,1.67827626918536
2652,0.7595926800472255
2653,0.31220484061393156
2654,0.9265053128689492
2655,0.4145513577331759
2656,1.357733175914994
2657,0.698568476977568
2658,0.42945690672963405
2659,0.5770365997638724
2660,0.4881198347107438
2661,0.10957792207792208
2662,1.475280401416765
2663,1.1997491145218417
2664,0.13503541912632822
2665,0.22609208972845338
2666,1.005460448642267
2667,0.07526564344746163
2668,5.894406729634002
2669,2.1568772136953953
2670,1.134814049586777
2671,0.7420306965761512
2672,0.630608028335301
2673,0.44974911452184185
2674,0.6195395513577331
2675,2.9634002361275087
2676,1.8097697756788667
2677,1.6579102715466352
2678,1.633043093270366
2679,0.6954693034238488
2680,2.208456316410862
2681,0.3068919716646989
2682,0.493875442739079
2683,0.7170159386068476
2684,0.6385773317591499
2685,5.995867768595041
2686,3.201520070838253
2687,2.8512396694214877
2688,1.9312278630460447
2689,1.026564344746163
2690,2.017857142857143
2691,1.510551948051948
2692,0.7634297520661156
2693,0.7302243211334121
2694,1.0202184179456908
2695,0.3212072018890201
2696,0.4533648170011806
2697,1.089064344746163
2698,2.4438459268004724
2699,1.451667650531287
2700,0.5157172373081464
2701,0.47033648170011805
2702,1.6841794569067297
2703,1.6190968122786304
2704,0.9709268004722551
2705,1.3671044864226682
2706,1.887839433293979
2707,1.9845779220779218
2708,2.0561540731995276
2709,1.137322904368359
2710,0.6486127508854782
2711,0.5693624557260921
2712,1.1656582054309328
2713,0.7992178276269184
2714,0.458530106257379
2715,0.4364669421487603
2716,0.7149498229043684
2717,1.0503984651711924
2718,0.22911747343565525
2719,0.5478896103896104
2720,0.6898612750885479
2721,0.24837662337662336
2722,0.6269185360094451
2723,0.2013724911452184
2724,0.9144775678866588
2725,0.6401269185360094
2726,2.3505755608028336
2727,2.3368506493506493
2728,1.8709415584415585
2729,0.5248671782762692
2730,0.5796930342384887
2731,0.3358913813459268
2732,0.4343270365997639
2733,1.3365554899645808
2734,1.2477125147579693
2735,0.9033353010625739
2736,1.203659976387249
2737,0.7171635182998819
2738,0.6601977567886659
2739,0.5101829988193625
2740,0.412116292798111
2741,0.287116292798111
2742,0.4567591499409681
2743,3.774055489964581
2744,1.565746753246753
2745,1.6735537190082646
2746,1.4290141676505312
2747,1.4274645808736717
2748,1.5205873671782761
2749,1.5839728453364816
2750,0.5423553719008265
2751,0.5203659976387249
2752,1.149129279811098
2753,0.3761068476977568
2754,0.3568476977567887
2755,2.706611570247934
2756,1.108987603305785
2757,0.9874557260920898
2758,0.46841794569067297
2759,0.29766824085005905
2760,1.5681818181818181
2761,1.021620425029516
2762,0.6476534828807556
2763,0.21273612750885476
2764,2.087662337662338
2765,1.6395365997638724
2766,2.2304456906729633
2767,0.7919126328217237
2768,0.6976829988193625
2769,0.5467089728453365
2770,0.8722697756788667
2771,0.7805489964580873
2772,0.5841942148760331
2773,0.48420897284533654
2774,0.6314197166469893
2775,0.6996753246753247
2776,0.049808146399055495
2777,0.32873376623376627
2778,0.8631198347107438
2779,0.09998524203069659
2780,0.2277892561983471
2781,0.1649940968122786
2782,0.4162485242030697
2783,0.12750885478158205
2784,7.0033205430932695
2785,2.781655844155844
2786,2.0558589138134593
2787,0.43012101534828806
2788,1.6036747343565525
2789,1.344598583234947
2790,0.962293388429752
2791,3.5441263282172373
2792,2.0038370720188903
2793,2.1184327036599764
2794,1.3263724911452184
2795,1.0101829988193625
2796,2.240702479338843
2797,0.31456611570247933
2798,0.8916765053128689
2799,0.3565525383707202
2800,1.9147727272727273
2801,13.181523022432113
2802,2.9149940968122787
2803,2.8791322314049586
2804,4.383633412042503
2805,1.5889167650531286
2806,4.507378984651711
2807,0.8987603305785123
2808,1.2694067296340024
2809,1.2205578512396695
2810,1.0695838252656433
2811,0.40547520661157027
2812,0.2431375442739079
2813,2.1279515938606846
2814,2.516086186540732
2815,0.510551948051948
2816,0.3320543093270366
2817,0.22675619834710742
2818,1.5645661157024793
2819,0.6773907910271546
2820,1.207939787485242
2821,0.15200708382526565
2822,5.412485242030697
2823,1.9755755608028336
2824,1.3722697756788667
2825,1.7875590318772137
2826,1.0486275088547816
2827,0.31891971664698937
2828,0.753025383707202
2829,0.4018595041322314
2830,0.5200708382526564
2831,0.4290879574970484
2832,0.6341499409681228
2833,1.2170897284533648
2834,0.09961629279811099
2835,0.07969303423848878
2836,0.9009002361275089
2837,0.752435064935065
2838,0.09688606847697757
2839,0.16706021251475797
2840,0.9978600944510035
2841,0.08109504132231404
2842,2.9536599763872493
2843,1.7195247933884297
2844,1.1030106257378984
2845,0.6444805194805195
2846,0.8789846517119244
2847,0.880534238488784
2848,0.6503837072018891
2849,2.6103896103896105
2850,1.296487603305785
2851,1.5650088547815821
2852,1.3783205430932706
2853,1.034607438016529
2854,0.49217827626918537
2855,0.3045306965761511
2856,0.3961776859504132
2857,0.25678866587957494
2858,0.43853305785123964
2859,7.955504722550177
2860,2.9882674144037775
2861,2.950413223140496
2862,2.859651711924439
2863,2.0492916174734357
2864,1.5988783943329399
2865,1.4811097992916176
2866,1.515495867768595
2867,0.8052685950413223
2868,1.1544421487603307
2869,0.6461038961038962
2870,0.2522136953955135
2871,1.9040731995277451
2872,2.1435212514757973
2873,1.1863193624557262
2874,0.2652744982290437
2875,0.38902007083825263
2876,1.1534828807556081
2877,0.9314492325855963
2878,0.5393299881936245
2879,0.9323347107438017
2880,4.5046487603305785
2881,1.428645218417946
2882,1.3564787485242031
2883,1.333530106257379
2884,0.3725649350649351
2885,0.3629722550177096
2886,0.5769628099173554
2887,1.2468270365997638
2888,0.47682998819362454
2889,0.30836776859504134
2890,0.5720188902007084
2891,0.41750295159386064
2892,0.049808146399055495
2893,0.029884887839433293
2894,0.7342089728453365
2895,0.8451889020070837
2896,0.21059622195985833
2897,0.14743211334120426
2898,0.32792207792207795
2899,0.28460743801652894
2900,7.805416174734357
2901,2.572018890200708
2902,1.501254427390791
2903,0.7198199527744983
2904,0.7063902007083824
2905,0.3818624557260921
2906,0.5698789846517119
2907,2.062131050767414
2908,1.688090318772137
2909,1.0377066115702478
2910,1.7122195985832351
2911,1.0121753246753247
2912,1.411525974025974
2913,0.6243358913813459
2914,0.41772432113341207
2915,0.30644923258559625
2916,0.3647432113341204
2917,4.625442739079102
2918,2.6404220779220777
2919,2.3873966942148757
2920,2.5694362455726094
2921,1.063606847697757
2922,1.6954693034238488
2923,1.7899940968122787
2924,0.9867916174734357
2925,0.7065377804014168
2926,0.9550619834710744
2927,0.5719451003541912
2928,0.6951003541912633
2929,0.8006198347107438
2930,2.3883559622195984
2931,1.60271546635183
2932,0.4296782762691854
2933,0.38459268004722547
2934,0.9068034238488782
2935,1.6004279811097994
2936,1.0818329397874853
2937,0.502435064935065
2938,1.6624114521841795
2939,2.5706906729634005
2940,1.6762101534828808
2941,0.8825265643447462
2942,0.8374409681227862
2943,0.6298701298701299
2944,1.1724468713105076
2945,0.47653482880755604
2946,0.6857290436835891
2947,0.7329545454545454
2948,0.7705135773317592
2949,0.8717532467532467
2950,0.06973140495867769
2951,0.2590023612750886
2952,0.3181818181818182
2953,0.16971664698937425
2954,0.33116883116883117
2955,0.25332054309327035
2956,0.59349173553719
2957,0.5836038961038961
2958,4.792945690672964
2959,1.9496015348288078
2960,0.9853896103896103
2961,0.4988931523022432
2962,0.18587662337662336
2963,0.6046340023612751
2964,1.4608175914994095
2965,2.093417945690673
2966,1.636068476977568
2967,1.2120720188902006
2968,0.8925619834710744
2969,1.3660714285714286
2970,0.37367178276269186
2971,0.6890495867768595
2972,0.5441263282172373
2973,0.48457792207792205
2974,0.13931523022432113
2975,5.780253837072019
2976,3.428645218417946
2977,1.0413223140495869
2978,2.2549439197166468
2979,1.7975944510035418
2980,1.2570838252656436
2981,2.3198051948051948
2982,0.9387544273907911
2983,0.615038370720189
2984,0.18794273907910272
2985,0.6751770956316411
2986,0.7829102715466352
2987,3.579840613931523
2988,0.19104191263282172
2989,1.2474173553719008
2990,1.2799586776859504
2991,1.1920749704840614
2992,0.208530106257379
2993,0.4804456906729634
2994,0.21280991735537189
2995,0.29619244391971666
2996,1.0411747343565525
2997,1.5558589138134593
2998,0.6032319952774499
2999,0.46155548996458085
3000,0.7634297520661157
3001,0.6978305785123967
3002,0.6172520661157025
3003,0.4328512396694215
3004,0.931891971664699
3005,0.5231700118063755
3006,0.6224173553719008
3007,0.17547225501770958
3008,0.0
3009,0.20919421487603307
3010,0.7771546635183
3011,0.06700118063754427
3012,0.13023907910271548
3013,0.40008854781582054
3014,0.32991440377804016
3015,0.13127213695395512
3016,6.636953955135773
3017,2.3418683589138136
3018,2.0573347107438016
3019,2.2998081463990556
3020,1.4247343565525383
3021,0.7224763872491146
3022,0.8665141676505312
3023,1.978896103896104
3024,1.528482880755608
3025,1.998155253837072
3026,1.2324380165289255
3027,1.6133412042502953
3028,0.41432998819362454
3029,0.9125590318772137
3030,0.7318476977567887
3031,0.7663813459268005
3032,0.37433589138134593
3033,14.60094451003542
3034,3.469598583234947
3035,2.8305785123966944
3036,3.479634002361275
3037,5.341499409681228
3038,1.9439935064935066
3039,0.8265938606847698
3040,1.9715909090909092
3041,1.4821428571428572
3042,0.6122343565525383
3043,1.1252213695395514
3044,1.2928719008264462
3045,2.072387839433294
3046,1.2876328217237307
3047,1.4935064935064934
3048,1.2691115702479339
3049,0.9582349468713105
3050,0.9371310507674144
3051,1.1607142857142856
3052,1.328586186540732
3053,0.38547815820543097
3054,2.2944952774498226
3055,2.5081906729634005
3056,1.6176948051948052
3057,1.1902302243211333
3058,0.9957939787485243
3059,1.3863636363636362
3060,1.726018299881936
3061,0.9596369539551358
3062,1.0605814639905549
3063,0.8733766233766234
3064,0.7390791027154663
3065,0.4394923258559622
3066,0.32873376623376627
3067,0.20919421487603307
3068,0.7657910271546635
3069,0.13916765053128688
3070,0.3865112160566706
3071,0.4816263282172373
3072,0.8281434474616293
3073,0.32556080283353006
3074,5.086998229043683
3075,4.198273317591499
3076,2.748155253837072
3077,1.449822904368359
3078,0.9849468713105077
3079,0.8775088547815821
3080,0.9780106257378984
3081,1.130534238488784
3082,2.767857142857143
3083,1.717384887839433
3084,0.6452184179456907
3085,1.283353010625738
3086,0.30231700118063753
3087,0.762987012987013
3088,0.6073642266824085
3089,0.609504132231405
3090,0.1630017709563164
3091,7.5987308146399055
3092,2.341720779220779
3093,0.6353305785123966
3094,3.2735389610389607
3095,3.7274940968122787
3096,1.511806375442739
3097,1.8266676505312869
3098,1.4037780401416766
3099,0.806965761511216
3100,1.041396103896104
3101,0.8944805194805194
3102,1.1009445100354192
3103,2.261880165289256
3104,1.3989079102715465
3105,0.9973435655253838
3106,0.7268299881936245
3107,0.5666322314049587
3108,0.7066115702479339
3109,1.394923258559622
3110,1.0932703659976386
3111,0.3977272727272727
3112,3.213695395513578
3113,2.029737308146399
3114,2.403704250295159
3115,1.0725354191263283
3116,1.0818329397874853
3117,0.5904663518299882
3118,1.832423258559622
3119,1.3233471074380165
3120,1.6054456906729633
3121,1.5374114521841795
3122,0.7901416765053129
3123,0.3857733175914994
3124,0.14942443919716647
3125,0.23907910271546634
3126,0.8984651711924438
3127,0.0858913813459268
3128,0.1889757969303424
3129,0.1890495867768595
3130,0.6424144037780402
3131,0.4887101534828807
3132,4.939935064935065
3133,5.365259740259741
3134,3.8419421487603307
3135,1.650236127508855
3136,1.255608028335301
3137,0.9863488783943329
3138,0.7683736717827627
3139,7.2990702479338845
3140,2.952848288075561
3141,2.5249409681227863
3142,0.9977125147579693
3143,2.2972992916174735
3144,0.6397579693034239
3145,3.7182703659976384
3146,0.8465909090909092
3147,1.0410271546635184
3148,0.8060802833530105
3149,15.003763282172374
3150,4.146472845336482
3151,3.941115702479339
3152,3.5144628099173554
3153,3.854412632821724
3154,2.084120425029516
3155,2.439418536009445
3156,3.232659386068477
3157,1.3975059031877213
3158,0.4493801652892562
3159,1.4620720188902006
3160,1.2133264462809918
3161,4.84836186540732
3162,2.621900826446281
3163,1.3729338842975207
3164,1.5208087367178276
3165,0.7292650531286895
3166,2.831759149940968
3167,1.862160566706021
3168,1.0262691853600945
3169,1.258043093270366
3170,7.273538961038961
3171,0.588547815820543
3172,3.0430194805194803
3173,2.167871900826446
3174,1.9471664698937428
3175,1.6223435655253837
3176,2.50103305785124
3177,2.001918536009445
3178,1.5943034238488782
3179,1.000664108618654
3180,1.1083972845336483
3181,0.7166469893742621
3182,0.19923258559622198
3183,0.3386953955135773
3184,1.4382378984651711
3185,0.08729338842975207
3186,0.24837662337662336
3187,0.5955578512396694
3188,0.9206021251475797
3189,0.0
3190,7.643373671782763
3191,2.159607438016529
3192,1.2211481700118063
3193,1.1208677685950414
3194,1.7520661157024793
3195,1.1874262101534827
3196,0.75
3197,3.091499409681228
3198,2.5062721369539553
3199,2.095926800472255
3200,2.2404811097992914
3201,2.0862603305785123
3202,0.6239669421487604
3203,0.8537485242030697
3204,1.3828217237308147
3205,0.8381788665879576
3206,0.20233175914994098
3207,13.721664698937424
3208,6.252508854781582
3209,1.7634297520661157
3210,5.76586481700118
3211,1.8494687131050767
3212,2.507526564344746
3213,1.602641676505313
3214,1.6924439197166468
3215,1.5154220779220782
3216,0.5500295159386068
3217,1.3389167650531286
3218,0.7305194805194806
3219,2.0061245572609208
3220,2.8636363636363633
3221,1.0028778040141675
3222,1.0912042502951593
3223,0.2488931523022432
3224,1.0393299881936247
3225,0.610758559622196
3226,0.47409976387249114
3227,0.662780401416765
3228,2.366956906729634
3229,1.264905548996458
3230,0.9656877213695394
3231,1.67827626918536
3232,0.7595926800472255
3233,0.31220484061393156
3234,0.9265053128689492
3235,0.4145513577331759
3236,1.357733175914994
3237,0.698568476977568
3238,0.42945690672963405
3239,0.5770365997638724
3240,0.4881198347107438
3241,0.10957792207792208
3242,1.475280401416765
3243,1.1997491145218417
3244,0.13503541912632822
3245,0.22609208972845338
3246,1.005460448642267
3247,0.07526564344746163
3248,5.894406729634002
3249,2.1568772136953953
3250,1.134814049586777
3251,0.7420306965761512
3252,0.630608028335301
3253,0.44974911452184185
3254,0.6195395513577331
3255,2.9634002361275087
3256,1.8097697756788667
3257,1.6579102715466352
3258,1.633043093270366
3259,0.6954693034238488
3260,2.208456316410862
3261,0.3068919716646989
3262,0.493875442739079
3263,0.7170159386068476
3264,0.6385773317591499
3265,5.995867768595041
3266,3.201520070838253
3267,2.8512396694214877
3268,1.9312278630460447
3269,1.026564344746163
3270,2.017857142857143
3271,1.510551948051948
3272,0.7634297520661156
3273,0.7302243211334121
3274,1.0202184179456908
3275,0.3212072018890201
3276,0.4533648170011806
3277,1.089064344746163
3278,2.4438459268004724
3279,1.451667650531287
3280,0.5157172373081464
3281,0.47033648170011805
3282,1.6841794569067297
3283,1.6190968122786304
3284,0.9709268004722551
3285,1.3671044864226682
3286,1.887839433293979
3287,1.9845779220779218
3288,2.0561540731995276
3289,1.137322904368359
3290,0.6486127508854782
3291,0.5693624557260921
3292,1.1656582054309328
3293,0.7992178276269184
3294,0.458530106257379
3295,0.4364669421487603
3296,0.7149498229043684
3297,1.0503984651711924
3298,0.22911747343565525
3299,0.5478896103896104
3300,0.6898612750885479
3301,0.24837662337662336
3302,0.6269185360094451
3303,0.2013724911452184
3304,0.9144775678866588
3305,0.6401269185360094
3306,2.3505755608028336
3307,2.3368506493506493
3308,1.8709415584415585
3309,0.5248671782762692
3310,0.5796930342384887
3311,0.3358913813459268
3312,0.4343270365997639
3313,1.3365554899645808
3314,1.2477125147579693
3315,0.9033353010625739
3316,1.203659976387249
3317,0.7171635182998819
3318,0.6601977567886659
3319,0.5101829988193625
3320,0.412116292798111
3321,0.287116292798111
3322,0.4567591499409681
3323,3.774055489964581
3324,1.565746753246753
3325,1.6735537190082646
3326,1.4290141676505312
3327,1.4274645808736717
3328,1.5205873671782761
3329,1.5839728453364816
3330,0.5423553719008265
3331,0.5203659976387249
3332,1.149129279811098
3333,0.3761068476977568
3334,0.3568476977567887
3335,2.706611570247934
3336,1.108987603305785
3337,0.9874557260920898
3338,0.46841794569067297
3339,0.29766824085005905
3340,1.5681818181818181
3341,1.021620425029516
3342,0.6476534828807556
3343,0.21273612750885476
3344,2.087662337662338
3345,1.6395365997638724
3346,2.2304456906729633
3347,0.7919126328217237
3348,0.6976829988193625
3349,0.5467089728453365
3350,0.8722697756788667
3351,0.7805489964580873
3352,0.5841942148760331
3353,0.48420897284533654
3354,0.6314197166469893
3355,0.6996753246753247
3356,0.049808146399055495
3357,0.32873376623376627
3358,0.8631198347107438
3359,0.09998524203069659
3360,0.2277892561983471
3361,0.1649940968122786
3362,0.4162485242030697
3363,0.12750885478158205
3364,7.0033205430932695
3365,2.781655844155844
3366,2.0558589138134593
3367,0.43012101534828806
3368,1.6036747343565525
3369,1.344598583234947
3370,0.962293388429752
3371,3.5441263282172373
3372,2.0038370720188903
3373,2.1184327036599764
3374,1.3263724911452184
3375,1.0101829988193625
3376,2.240702479338843
3377,0.31456611570247933
3378,0.8916765053128689
3379,0.3565525383707202
3380,1.9147727272727273
3381,13.181523022432113
3382,2.9149940968122787
3383,2.8791322314049586
3384,4.383633412042503
3385,1.5889167650531286
3386,4.507378984651711
3387,0.8987603305785123
3388,1.2694067296340024
3389,1.2205578512396695
3390,1.0695838252656433
3391,0.40547520661157027
3392,0.2431375442739079
3393,2.1279515938606846
3394,2.516086186540732
3395,0.510551948051948
3396,0.3320543093270366
3397,0.22675619834710742
3398,1.5645661157024793
3399,0.6773907910271546
3400,1.207939787485242
3401,0.15200708382526565
3402,5.412485242030697
3403,1.9755755608028336
3404,1.3722697756788667
3405,1.7875590318772137
3406,1.0486275088547816
3407,0.31891971664698937
3408,0.753025383707202
3409,0.4018595041322314
3410,0.5200708382526564
3411,0.4290879574970484
3412,0.6341499409681228
3413,1.2170897284533648
3414,0.09961629279811099
3415,0.07969303423848878
3416,0.9009002361275089
3417,0.752435064935065
3418,0.09688606847697757
3419,0.16706021251475797
3420,0.9978600944510035
3421,0.08109504132231404
3422,2.9536599763872493
3423,1.7195247933884297
3424,1.1030106257378984
3425,0.6444805194805195
3426,0.8789846517119244
3427,0.880534238488784
3428,0.6503837072018891
3429,2.6103896103896105
3430,1.296487603305785
3431,1.5650088547815821
3432,1.3783205430932706
3433,1.034607438016529
3434,0.49217827626918537
3435,0.3045306965761511
3436,0.3961776859504132
3437,0.25678866587957494
3438,0.43853305785123964
3439,7.955504722550177
3440,2.9882674144037775
3441,2.950413223140496
3442,2.859651711924439
3443,2.0492916174734357
3444,1.5988783943329399
3445,1.4811097992916176
3446,1.515495867768595
3447,0.8052685950413223
3448,1.1544421487603307
3449,0.6461038961038962
3450,0.2522136953955135
3451,1.9040731995277451
3452,2.1435212514757973
3453,1.1863193624557262
3454,0.2652744982290437
3455,0.38902007083825263
3456,1.1534828807556081
3457,0.9314492325855963
3458,0.5393299881936245
3459,0.9323347107438017
3460,4.5046487603305785
3461,1.428645218417946
3462,1.3564787485242031
3463,1.333530106257379
3464,0.3725649350649351
3465,0.3629722550177096
3466,0.5769628099173554
3467,1.2468270365997638
3468,0.47682998819362454
3469,0.30836776859504134
3470,0.5720188902007084
3471,0.41750295159386064
3472,0.049808146399055495
3473,0.029884887839433293
3474,0.7342089728453365
3475,0.8451889020070837
3476,0.21059622195985833
3477,0.14743211334120426
3478,0.32792207792207795
3479,0.28460743801652894
3480,7.805416174734357
3481,2.572018890200708
3482,1.501254427390791
3483,0.7198199527744983
3484,0.7063902007083824
3485,0.3818624557260921
3486,0.5698789846517119
3487,2.062131050767414
3488,1.688090318772137
3489,1.0377066115702478
3490,1.7122195985832351
3491,1.0121753246753247
3492,1.411525974025974
3493,0.6243358913813459
3494,0.41772432113341207
3495,0.30644923258559625
3496,0.3647432113341204
3497,4.625442739079102
3498,2.6404220779220777
3499,2.3873966942148757
3500,2.5694362455726094
3501,1.063606847697757
3502,1.6954693034238488
3503,1.7899940968122787
3504,0.9867916174734357
3505,0.7065377804014168
3506,0.9550619834710744
3507,0.5719451003541912
3508,0.6951003541912633
3509,0.8006198347107438
3510,2.3883559622195984
3511,1.60271546635183
3512,0.4296782762691854
3513,0.38459268004722547
3514,0.9068034238488782
3515,1.6004279811097994
3516,1.0818329397874853
3517,0.502435064935065
3518,1.6624114521841795
3519,2.5706906729634005
3520,1.6762101534828808
3521,0.8825265643447462
3522,0.8374409681227862
3523,0.6298701298701299
3524,1.1724468713105076
3525,0.47653482880755604
3526,0.6857290436835891
3527,0.7329545454545454
3528,0.7705135773317592
3529,0.8717532467532467
3530,0.06973140495867769
3531,0.2590023612750886
3532,0.3181818181818182
3533,0.16971664698937425
3534,0.33116883116883117
3535,0.25332054309327035
3536,0.59349173553719
3537,0.5836038961038961
3538,4.792945690672964
3539,1.9496015348288078
3540,0.9853896103896103
3541,0.4988931523022432
3542,0.18587662337662336
3543,0.6046340023612751
3544,1.4608175914994095
3545,2.093417945690673
3546,1.636068476977568
3547,1.2120720188902006
3548,0.8925619834710744
3549,1.3660714285714286
3550,0.37367178276269186
3551,0.6890495867768595
3552,0.5441263282172373
3553,0.48457792207792205
3554,0.13931523022432113
3555,5.780253837072019
3556,3.428645218417946
3557,1.0413223140495869
3558,2.2549439197166468
3559,1.7975944510035418
3560,1.2570838252656436
3561,2.3198051948051948
3562,0.9387544273907911
3563,0.615038370720189
3564,0.18794273907910272
3565,0.6751770956316411
3566,0.7829102715466352
3567,3.579840613931523
3568,0.19104191263282172
3569,1.2474173553719008
3570,1.2799586776859504
3571,1.1920749704840614
3572,0.208530106257379
3573,0.4804456906729634
3574,0.21280991735537189
3575,0.29619244391971666
3576,1.0411747343565525
3577,1.5558589138134593
3578,0.6032319952774499
3579,0.46155548996458085
3580,0.7634297520661157
3581,0.6978305785123967
3582,0.6172520661157025
3583,0.4328512396694215
3584,0.931891971664699
3585,0.5231700118063755
3586,0.6224173553719008
3587,0.17547225501770958
3588,0.0
3589,0.20919421487603307
3590,0.7771546635183
3591,0.06700118063754427
3592,0.13023907910271548
3593,0.40008854781582054
3594,0.32991440377804016
3595,0.13127213695395512
3596,6.636953955135773
3597,2.3418683589138136
3598,2.0573347107438016
3599,2.2998081463990556
3600,1.4247343565525383
3601,0.7224763872491146
3602,0.8665141676505312
3603,1.978896103896104
3604,1.528482880755608
3605,1.998155253837072
3606,1.2324380165289255
3607,1.6133412042502953
3608,0.41432998819362454
3609,0.9125590318772137
3610,0.7318476977567887
3611,0.7663813459268005
3612,0.37433589138134593
3613,14.60094451003542
3614,3.469598583234947
3615,2.8305785123966944
3616,3.479634002361275
3617,5.341499409681228
3618,1.9439935064935066
3619,0.8265938606847698
3620,1.9715909090909092
3621,1.4821428571428572
3622,0.6122343565525383
3623,1.1252213695395514
3624,1.2928719008264462
3625,2.072387839433294
3626,1.2876328217237307
3627,1.4935064935064934
3628,1.2691115702479339
3629,0.9582349468713105
3630,0.9371310507674144
3631,1.1607142857142856
3632,1.328586186540732
3633,0.38547815820543097
3634,2.2944952774498226
3635,2.5081906729634005
3636,1.6176948051948052
3637,1.1902302243211333
3638,0.9957939787485243
3639,1.3863636363636362
3640,1.726018299881936
3641,0.9596369539551358
3642,1.0605814639905549
3643,0.8733766233766234
3644,0.7390791027154663
3645,0.4394923258559622
3646,0.32873376623376627
3647,0.20919421487603307
3648,0.7657910271546635
3649,0.13916765053128688
3650,0.3865112160566706
3651,0.4816263282172373
3652,0.8281434474616293
3653,0.32556080283353006
3654,5.086998229043683
3655,4.198273317591499
3656,2.748155253837072
3657,1.449822904368359
3658,0.9849468713105077
3659,0.8775088547815821
3660,0.9780106257378984
3661,1.130534238488784
3662,2.767857142857143
3663,1.717384887839433
3664,0.6452184179456907
3665,1.283353010625738
3666,0.30231700118063753
3667,0.762987012987013
3668,0.6073642266824085
3669,0.609504132231405
3670,0.1630017709563164
3671,7.5987308146399055
3672,2.341720779220779
3673,0.6353305785123966
3674,3.2735389610389607
3675,3.7274940968122787
3676,1.511806375442739
3677,1.8266676505312869
3678,1.4037780401416766
3679,0.806965761511216
3680,1.041396103896104
3681,0.8944805194805194
3682,1.1009445100354192
3683,2.261880165289256
3684,1.3989079102715465
3685,0.9973435655253838
3686,0.7268299881936245
3687,0.5666322314049587
3688,0.7066115702479339
3689,1.394923258559622
3690,1.0932703659976386
3691,0.3977272727272727
3692,3.213695395513578
3693,2.029737308146399
3694,2.403704250295159
3695,1.0725354191263283
3696,1.0818329397874853
3697,0.5904663518299882
3698,1.832423258559622
3699,1.3233471074380165
3700,1.6054456906729633
3701,1.5374114521841795
3702,0.7901416765053129
3703,0.3857733175914994
3704,0.14942443919716647
3705,0.23907910271546634
3706,0.8984651711924438
3707,0.0858913813459268
3708,0.1889757969303424
3709,0.1890495867768595
3710,0.6424144037780402
3711,0.4887101534828807
3712,4.939935064935065
3713,5.365259740259741
3714,3.8419421487603307
3715,1.650236127508855
3716,1.255608028335301
3717,0.9863488783943329
3718,0.7683736717827627
3719,7.2990702479338845
3720,2.952848288075561
3721,2.5249409681227863
3722,0.9977125147579693
3723,2.2972992916174735
3724,0.6397579693034239
3725,3.7182703659976384
3726,0.8465909090909092
3727,1.0410271546635184
3728,0.8060802833530105
3729,15.003763282172374
3730,4.146472845336482
3731,3.941115702479339
3732,3.5144628099173554
3733,3.854412632821724
3734,2.084120425029516
3735,2.439418536009445
3736,3.232659386068477
3737,1.3975059031877213
3738,0.4493801652892562
3739,1.4620720188902006
3740,1.2133264462809918
3741,4.84836186540732
3742,2.621900826446281
3743,1.3729338842975207
3744,1.5208087367178276
3745,0.7292650531286895
3746,2.831759149940968
3747,1.862160566706021
3748,1.0262691853600945
3749,1.258043093270366
3750,7.273538961038961
3751,0.588547815820543
3752,3.0430194805194803
3753,2.167871900826446
3754,1.9471664698937428
3755,1.6223435655253837
3756,2.50103305785124
3757,2.001918536009445
3758,1.5943034238488782
3759,1.000664108618654
3760,1.1083972845336483
3761,0.7166469893742621
3762,0.19923258559622198
3763,0.3386953955135773
3764,1.4382378984651711
3765,0.08729338842975207
3766,0.24837662337662336
3767,0.5955578512396694
3768,0.9206021251475797
3769,0.0
3770,7.643373671782763
3771,2.159607438016529
3772,1.2211481700118063
3773,1.1208677685950414
3774,1.7520661157024793
3775,1.1874262101534827
3776,0.75
3777,3.091499409681228
3778,2.5062721369539553
3779,2.095926800472255
3780,2.2404811097992914
3781,2.0862603305785123
3782,0.6239669421487604
3783,0.8537485242030697
3784,1.3828217237308147
3785,0.8381788665879576
3786,0.20233175914994098
3787,13.721664698937424
3788,6.252508854781582
3789,1.7634297520661157
3790,5.76586481700118
3791,1.8494687131050767
3792,2.507526564344746
3793,1.602641676505313
3794,1.6924439197166468
3795,1.5154220779220782
3796,0.5500295159386068
3797,1.3389167650531286
3798,0.7305194805194806
3799,2.0061245572609208
3800,2.8636363636363633
3801,1.0028778040141675
3802,1.0912042502951593
3803,0.2488931523022432
3804,1.0393299881936247
3805,0.610758559622196
3806,0.47409976387249114
3807,0.662780401416765
3808,2.366956906729634
3809,1.264905548996458
3810,0.9656877213695394
3811,1.67827626918536
3812,0.7595926800472255
3813,0.31220484061393156
3814,0.9265053128689492
3815,0.4145513577331759
3816,1.357733175914994
3817,0.698568476977568
3818,0.42945690672963405
3819,0.5770365997638724
3820,0.4881198347107438
3821,0.10957792207792208
3822,1.475280401416765
3823,1.1997491145218417
3824,0.13503541912632822
3825,0.22609208972845338
3826,1.005460448642267
3827,0.07526564344746163
3828,5.894406729634002
3829,2.1568772136953953
3830,1.134814049586777
3831,0.7420306965761512
3832,0.630608028335301
3833,0.44974911452184185
3834,0.6195395513577331
3835,2.9634002361275087
3836,1.8097697756788667
3837,1.6579102715466352
3838,1.633043093270366
3839,0.6954693034238488
3840,2.208456316410862
3841,0.3068919716646989
3842,0.493875442739079
3843,0.7170159386068476
3844,0.6385773317591499
3845,5.995867768595041
3846,3.201520070838253
3847,2.8512396694214877
3848,1.9312278630460447
3849,1.026564344746163
3850,2.017857142857143
3851,1.510551948051948
3852,0.7634297520661156
3853,0.7302243211334121
3854,1.0202184179456908
3855,0.3212072018890201
3856,0.4533648170011806
3857,1.089064344746163
3858,2.4438459268004724
3859,1.451667650531287
3860,0.5157172373081464
3861,0.47033648170011805
3862,1.6841794569067297
3863,1.6190968122786304
3864,0.9709268004722551
3865,1.3671044864226682
3866,1.887839433293979
3867,1.9845779220779218
3868,2.0561540731995276
3869,1.137322904368359
3870,0.6486127508854782
3871,0.5693624557260921
3872,1.1656582054309328
3873,0.7992178276269184
3874,0.458530106257379
3875,0.4364669421487603
3876,0.7149498229043684
3877,1.0503984651711924
3878,0.22911747343565525
3879,0.5478896103896104
3880,0.6898612750885479
3881,0.24837662337662336
3882,0.6269185360094451
3883,0.2013724911452184
3884,0.9144775678866588
3885,0.6401269185360094
3886,2.3505755608028336
3887,2.3368506493506493
3888,1.8709415584415585
3889,0.5248671782762692
3890,0.5796930342384887
3891,0.3358913813459268
3892,0.4343270365997639
3893,1.3365554899645808
3894,1.2477125147579693
3895,0.9033353010625739
3896,1.203659976387249
3897,0.7171635182998819
3898,0.6601977567886659
3899,0.5101829988193625
3900,0.412116292798111
3901,0.287116292798111
3902,0.4567591499409681
3903,3.774055489964581
3904,1.565746753246753
3905,1.6735537190082646
3906,1.4290141676505312
3907,1.4274645808736717
3908,1.5205873671782761
3909,1.5839728453364816
3910,0.5423553719008265
3911,0.5203659976387249
3912,1.149129279811098
3913,0.3761068476977568
3914,0.3568476977567887
3915,2.706611570247934
3916,1.108987603305785
3917,0.9874557260920898
3918,0.46841794569067297
3919,0.29766824085005905
3920,1.5681818181818181
3921,1.021620425029516
3922,0.6476534828807556
3923,0.21273612750885476
3924,2.087662337662338
3925,1.6395365997638724
3926,2.2304456906729633
3927,0.7919126328217237
3928,0.6976829988193625
3929,0.5467089728453365
3930,0.8722697756788667
3931,0.7805489964580873
3932,0.5841942148760331
3933,0.48420897284533654
3934,0.6314197166469893
3935,0.6996753246753247
3936,0.049808146399055495
3937,0.32873376623376627
3938,0.8631198347107438
3939,0.09998524203069659
3940,0.2277892561983471
3941,0.1649940968122786
3942,0.4162485242030697
3943,0.12750885478158205
3944,7.0033205430932695
3945,2.781655844155844
3946,2.0558589138134593
3947,0.43012101534828806
3948,1.6036747343565525
3949,1.344598583234947
3950,0.962293388429752
3951,3.5441263282172373
3952,2.0038370720188903
3953,2.1184327036599764
3954,1.3263724911452184
3955,1.0101829988193625
3956,2.240702479338843
3957,0.31456611570247933
3958,0.8916765053128689
3959,0.3565525383707202
3960,1.9147727272727273
3961,13.181523022432113
3962,2.9149940968122787
3963,2.8791322314049586
3964,4.383633412042503
3965,1.5889167650531286
3966,4.507378984651711
3967,0.8987603305785123
3968,1.2694067296340024
3969,1.2205578512396695
3970,1.0695838252656433
3971,0.40547520661157027
3972,0.2431375442739079
3973,2.1279515938606846
3974,2.516086186540732
3975,0.510551948051948
3976,0.3320543093270366
3977,0.22675619834710742
3978,1.5645661157024793
3979,0.6773907910271546
3980,1.207939787485242
3981,0.15200708382526565
3982,5.412485242030697
3983,1.9755755608028336
3984,1.3722697756788667
3985,1.7875590318772137
3986,1.0486275088547816
3987,0.31891971664698937
3988,0.753025383707202
3989,0.4018595041322314
3990,0.5200708382526564
3991,0.4290879574970484
3992,0.6341499409681228
3993,1.2170897284533648
3994,0.09961629279811099
3995,0.07969303423848878
3996,0.9009002361275089
3997,0.752435064935065
3998,0.09688606847697757
3999,0.16706021251475797
4000,0.9978600944510035
4001,0.08109504132231404
4002,2.9536599763872493
4003,1.7195247933884297
4004,1.1030106257378984
4005,0.6444805194805195
4006,0.8789846517119244
4007,0.880534238488784
4008,0.6503837072018891
4009,2.6103896103896105
4010,1.296487603305785
4011,1.5650088547815821
4012,1.3783205430932706
4013,1.034607438016529
4014,0.49217827626918537
4015,0.3045306965761511
4016,0.3961776859504132
4017,0.25678866587957494
4018,0.43853305785123964
4019,7.955504722550177
4020,2.9882674144037775
4021,2.950413223140496
4022,2.859651711924439
4023,2.0492916174734357
4024,1.5988783943329399
4025,1.4811097992916176
4026,1.515495867768595
4027,0.8052685950413223
4028,1.1544421487603307
4029,0.6461038961038962
4030,0.2522136953955135
4031,1.9040731995277451
4032,2.1435212514757973
4033,1.1863193624557262
4034,0.2652744982290437
4035,0.38902007083825263
4036,1.1534828807556081
4037,0.9314492325855963
4038,0.5393299881936245
4039,0.9323347107438017
4040,4.5046487603305785
4041,1.428645218417946
4042,1.3564787485242031
4043,1.333530106257379
4044,0.3725649350649351
4045,0.3629722550177096
4046,0.5769628099173554
4047,1.2468270365997638
4048,0.47682998819362454
4049,0.30836776859504134
4050,0.5720188902007084
4051,0.41750295159386064
4052,0.049808146399055495
4053,0.029884887839433293
4054,0.7342089728453365
4055,0.8451889020070837
4056,0.21059622195985833
4057,0.14743211334120426
4058,0.32792207792207795
4059,0.28460743801652894
4060,7.805416174734357
4061,2.572018890200708
4062,1.501254427390791
4063,0.7198199527744983
4064,0.7063902007083824
4065,0.3818624557260921
4066,0.5698789846517119
4067,2.062131050767414
4068,1.688090318772137
4069,1.0377066115702478
4070,1.7122195985832351
4071,1.0121753246753247
4072,1.411525974025974
4073,0.6243358913813459
4074,0.41772432113341207
4075,0.30644923258559625
4076,0.3647432113341204
4077,4.625442739079102
4078,2.6404220779220777
4079,2.3873966942148757
4080,2.5694362455726094
4081,1.063606847697757
4082,1.6954693034238488
4083,1.7899940968122787
4084,0.9867916174734357
4085,0.7065377804014168
4086,0.9550619834710744
4087,0.5719451003541912
4088,0.6951003541912633
4089,0.8006198347107438
4090,2.3883559622195984
4091,1.60271546635183
4092,0.4296782762691854
4093,0.38459268004722547
4094,0.9068034238488782
4095,1.6004279811097994
4096,1.0818329397874853
4097,0.502435064935065
4098,1.6624114521841795
4099,2.5706906729634005
4100,1.6762101534828808
4101,0.8825265643447462
4102,0.8374409681227862
4103,0.6298701298701299
4104,1.1724468713105076
4105,0.47653482880755604
4106,0.6857290436835891
4107,0.7329545454545454
4108,0.7705135773317592
4109,0.8717532467532467
4110,0.06973140495867769
4111,0.2590023612750886
4112,0.3181818181818182
4113,0.16971664698937425
4114,0.33116883116883117
4115,0.25332054309327035
4116,0.59349173553719
4117,0.5836038961038961
4118,4.792945690672964
4119,1.9496015348288078
4120,0.9853896103896103
4121,0.4988931523022432
4122,0.18587662337662336
4123,0.6046340023612751
4124,1.4608175914994095
4125,2.093417945690673
4126,1.636068476977568
4127,1.2120720188902006
4128,0.8925619834710744
4129,1.3660714285714286
4130,0.37367178276269186
4131,0.6890495867768595
4132,0.5441263282172373
4133,0.48457792207792205
4134,0.13931523022432113
4135,5.780253837072019
4136,3.428645218417946
4137,1.0413223140495869
4138,2.2549439197166468
4139,1.7975944510035418
4140,1.2570838252656436
4141,2.3198051948051948
4142,0.9387544273907911
4143,0.615038370720189
4144,0.18794273907910272
4145,0.6751770956316411
4146,0.7829102715466352
4147,3.579840613931523
4148,0.19104191263282172
4149,1.2474173553719008
4150,1.2799586776859504
4151,1.1920749704840614
4152,0.208530106257379
4153,0.4804456906729634
4154,0.21280991735537189
4155,0.29619244391971666
4156,1.0411747343565525
4157,1.5558589138134593
4158,0.6032319952774499
4159,0.46155548996458085
4160,0.7634297520661157
4161,0.6978305785123967
4162,0.6172520661157025
4163,0.4328512396694215
4164,0.931891971664699
4165,0.5231700118063755
4166,0.6224173553719008
4167,0.17547225501770958
4168,0.0
4169,0.20919421487603307
4170,0.7771546635183
4171,0.06700118063754427
4172,0.13023907910271548
4173,0.40008854781582054
4174,0.32991440377804016
4175,0.13127213695395512
4176,6.636953955135773
4177,2.3418683589138136
4178,2.0573347107438016
4179,2.2998081463990556
4180,1.4247343565525383
4181,0.7224763872491146
4182,0.8665141676505312
4183,1.978896103896104
4184,1.528482880755608
4185,1.998155253837072
4186,1.2324380165289255
4187,1.6133412042502953
4188,0.41432998819362454
4189,0.9125590318772137
4190,0.7318476977567887
4191,0.7663813459268005
4192,0.37433589138134593
4193,14.60094451003542
4194,3.469598583234947
4195,2.8305785123966944
4196,3.479634002361275
4197,5.341499409681228
4198,1.9439935064935066
4199,0.8265938606847698
4200,1.9715909090909092
4201,1.4821428571428572
4202,0.6122343565525383
4203,1.1252213695395514
4204,1.2928719008264462
4205,2.072387839433294
4206,1.2876328217237307
4207,1.4935064935064934
4208,1.2691115702479339
4209,0.9582349468713105
4210,0.9371310507674144
4211,1.1607142857142856
4212,1.328586186540732
4213,0.38547815820543097
4214,2.2944952774498226
4215,2.5081906729634005
4216,1.6176948051948052
4217,1.1902302243211333
4218,0.9957939787485243
4219,1.3863636363636362
4220,1.726018299881936
4221,0.9596369539551358
4222,1.0605814639905549
4223,0.8733766233766234
4224,0.7390791027154663
4225,0.4394923258559622
4226,0.32873376623376627
4227,0.20919421487603307
4228,0.7657910271546635
4229,0.13916765053128688
4230,0.3865112160566706
4231,0.4816263282172373
4232,0.8281434474616293
4233,0.32556080283353006
4234,5.086998229043683
4235,4.198273317591499
4236,2.748155253837072
4237,1.449822904368359
4238,0.9849468713105077
4239,0.8775088547815821
4240,0.9780106257378984
4241,1.130534238488784
4242,2.767857142857143
4243,1.717384887839433
4244,0.6452184179456907
4245,1.283353010625738
4246,0.30231700118063753
4247,0.762987012987013
4248,0.6073642266824085
4249,0.609504132231405
4250,0.1630017709563164
4251,7.5987308146399055
4252,2.341720779220779
4253,0.6353305785123966
4254,3.2735389610389607
4255,3.7274940968122787
4256,1.511806375442739
4257,1.8266676505312869
4258,1.4037780401416766
4259,0.806965761511216
4260,1.041396103896104
4261,0.8944805194805194
4262,1.1009445100354192
4263,2.261880165289256
4264,1.3989079102715465
4265,0.9973435655253838
4266,0.7268299881936245
4267,0.5666322314049587
4268,0.7066115702479339
4269,1.394923258559622
4270,1.0932703659976386
4271,0.3977272727272727
4272,3.213695395513578
4273,2.029737308146399
4274,2.403704250295159
4275,1.0725354191263283
4276,1.0818329397874853
4277,0.5904663518299882
4278,1.832423258559622
4279,1.3233471074380165
4280,1.6054456906729633
4281,1.5374114521841795
4282,0.7901416765053129
4283,0.3857733175914994
4284,0.14942443919716647
4285,0.23907910271546634
4286,0.8984651711924438
4287,0.0858913813459268
4288,0.1889757969303424
4289,0.1890495867768595
4290,0.6424144037780402
4291,0.4887101534828807
4292,4.939935064935065
4293,5.365259740259741
4294,3.8419421487603307
4295,1.650236127508855
4296,1.255608028335301
4297,0.9863488783943329
4298,0.7683736717827627
4299,7.2990702479338845
4300,2.952848288075561
4301,2.5249409681227863
4302,0.9977125147579693
4303,2.2972992916174735
4304,0.6397579693034239
4305,3.7182703659976384
4306,0.8465909090909092
4307,1.0410271546635184
4308,0.8060802833530105
4309,15.003763282172374
4310,4.146472845336482
4311,3.941115702479339
4312,3.5144628099173554
4313,3.854412632821724
4314,2.084120425029516
4315,2.439418536009445
4316,3.232659386068477
4317,1.3975059031877213
4318,0.4493801652892562
4319,1.4620720188902006
4320,1.2133264462809918
4321,4.84836186540732
4322,2.621900826446281
4323,1.3729338842975207
4324,1.5208087367178276
4325,0.7292650531286895
4326,2.831759149940968
4327,1.862160566706021
4328,1.0262691853600945
4329,1.258043093270366
4330,7.273538961038961
4331,0.588547815820543
4332,3.0430194805194803
4333,2.167871900826446
4334,1.9471664698937428
4335,1.6223435655253837
4336,2.50103305785124
4337,2.001918536009445
4338,1.5943034238488782
4339,1.000664108618654
4340,1.1083972845336483
4341,0.7166469893742621
4342,0.19923258559622198
4343,0.3386953955135773
4344,1.4382378984651711
4345,0.08729338842975207
4346,0.24837662337662336
4347,0.5955578512396694
4348,0.9206021251475797
4349,0.0
4350,7.643373671782763
4351,2.159607438016529
4352,1.2211481700118063
4353,1.1208677685950414
4354,1.7520661157024793
4355,1.1874262101534827
4356,0.75
4357,3.091499409681228
4358,2.5062721369539553
4359,2.095926800472255
4360,2.2404811097992914
4361,2.0862603305785123
4362,0.6239669421487604
4363,0.8537485242030697
4364,1.3828217237308147
4365,0.8381788665879576
4366,0.20233175914994098
4367,13.721664698937424
4368,6.252508854781582
4369,1.7634297520661157
4370,5.76586481700118
4371,1.8494687131050767
4372,2.507526564344746
4373,1.602641676505313
4374,1.6924439197166468
4375,1.5154220779220782
4376,0.5500295159386068
4377,1.3389167650531286
4378,0.7305194805194806
4379,2.0061245572609208
4380,2.8636363636363633
4381,1.0028778040141675
4382,1.0912042502951593
4383,0.2488931523022432
4384,1.0393299881936247
4385,0.610758559622196
4386,0.47409976387249114
4387,0.662780401416765
4388,2.366956906729634
4389,1.264905548996458
4390,0.9656877213695394
4391,1.67827626918536
4392,0.7595926800472255
4393,0.31220484061393156
4394,0.9265053128689492
4395,0.4145513577331759
4396,1.357733175914994
4397,0.698568476977568
4398,0.42945690672963405
4399,0.5770365997638724
4400,0.4881198347107438
4401,0.10957792207792208
4402,1.475280401416765
4403,1.1997491145218417
4404,0.13503541912632822
4405,0.22609208972845338
4406,1.005460448642267
4407,0.07526564344746163
4408,5.894406729634002
4409,2.1568772136953953
4410,1.134814049586777
4411,0.7420306965761512
4412,0.630608028335301
4413,0.44974911452184185
4414,0.6195395513577331
4415,2.9634002361275087
4416,1.8097697756788667
4417,1.6579102715466352
4418,1.633043093270366
4419,0.6954693034238488
4420,2.208456316410862
4421,0.3068919716646989
4422,0.493875442739079
4423,0.7170159386068476
4424,0.6385773317591499
4425,5.995867768595041
4426,3.201520070838253
4427,2.8512396694214877
4428,1.9312278630460447
4429,1.026564344746163
4430,2.017857142857143
4431,1.510551948051948
4432,0.7634297520661156
4433,0.7302243211334121
4434,1.0202184179456908
4435,0.3212072018890201
4436,0.4533648170011806
4437,1.089064344746163
4438,2.4438459268004724
4439,1.451667650531287
4440,0.5157172373081464
4441,0.47033648170011805
4442,1.6841794569067297
4443,1.6190968122786304
4444,0.9709268004722551
4445,1.3671044864226682
4446,1.887839433293979
4447,1.9845779220779218
4448,2.0561540731995276
4449,1.137322904368359
4450,0.6486127508854782
4451,0.5693624557260921
4452,1.1656582054309328
4453,0.7992178276269184
4454,0.458530106257379
4455,0.4364669421487603
4456,0.7149498229043684
4457,1.0503984651711924
4458,0.22911747343565525
4459,0.5478896103896104
4460,0.6898612750885479
4461,0.24837662337662336
4462,0.6269185360094451
4463,0.2013724911452184
4464,0.9144775678866588
4465,0.6401269185360094
4466,2.3505755608028336
4467,2.3368506493506493
4468,1.8709415584415585
4469,0.5248671782762692
4470,0.5796930342384887
4471,0.3358913813459268
4472,0.4343270365997639
4473,1.3365554899645808
4474,1.2477125147579693
4475,0.9033353010625739
4476,1.203659976387249
4477,0.7171635182998819
4478,0.6601977567886659
4479,0.5101829988193625
4480,0.412116292798111
4481,0.287116292798111
4482,0.4567591499409681
4483,3.774055489964581
4484,1.565746753246753
4485,1.6735537190082646
4486,1.4290141676505312
4487,1.4274645808736717
4488,1.5205873671782761
4489,1.5839728453364816
4490,0.5423553719008265
4491,0.5203659976387249
4492,1.149129279811098
4493,0.3761068476977568
4494,0.3568476977567887
4495,2.706611570247934
4496,1.108987603305785
4497,0.9874557260920898
4498,0.46841794569067297
4499,0.29766824085005905
4500,1.5681818181818181
4501,1.021620425029516
4502,0.6476534828807556
4503,0.21273612750885476
4504,2.087662337662338
4505,1.6395365997638724
4506,2.2304456906729633
4507,0.7919126328217237
4508,0.6976829988193625
4509,0.5467089728453365
4510,0.8722697756788667
4511,0.7805489964580873
4512,0.5841942148760331
4513,0.48420897284533654
4514,0.6314197166469893
4515,0.6996753246753247
4516,0.049808146399055495
4517,0.32873376623376627
4518,0.8631198347107438
4519,0.09998524203069659
4520,0.2277892561983471
4521,0.1649940968122786
4522,0.4162485242030697
4523,0.12750885478158205
4524,7.0033205430932695
4525,2.781655844155844
4526,2.0558589138134593
4527,0.43012101534828806
4528,1.6036747343565525
4529,1.344598583234947
4530,0.962293388429752
4531,3.5441263282172373
4532,2.0038370720188903
4533,2.1184327036599764
4534,1.3263724911452184
4535,1.0101829988193625
4536,2.240702479338843
4537,0.31456611570247933
4538,0.8916765053128689
4539,0.3565525383707202
4540,1.9147727272727273
4541,13.181523022432113
4542,2.9149940968122787
4543,2.8791322314049586
4544,4.383633412042503
4545,1.5889167650531286
4546,4.507378984651711
4547,0.8987603305785123
4548,1.2694067296340024
4549,1.2205578512396695
4550,1.0695838252656433
4551,0.40547520661157027
4552,0.2431375442739079
4553,2.1279515938606846
4554,2.516086186540732
4555,0.510551948051948
4556,0.3320543093270366
4557,0.22675619834710742
4558,1.5645661157024793
4559,0.6773907910271546
4560,1.207939787485242
4561,0.15200708382526565
4562,5.412485242030697
4563,1.9755755608028336
4564,1.3722697756788667
4565,1.7875590318772137
4566,1.0486275088547816
4567,0.31891971664698937
4568,0.753025383707202
4569,0.4018595041322314
4570,0.5200708382526564
4571,0.4290879574970484
4572,0.6341499409681228
4573,1.2170897284533648
4574,0.09961629279811099
4575,0.07969303423848878
4576,0.9009002361275089
4577,0.752435064935065
4578,0.09688606847697757
4579,0.16706021251475797
4580,0.9978600944510035
4581,0.08109504132231404
4582,2.9536599763872493
4583,1.7195247933884297
4584,1.1030106257378984
4585,0.6444805194805195
4586,0.8789846517119244
4587,0.880534238488784
4588,0.6503837072018891
4589,2.6103896103896105
4590,1.296487603305785
4591,1.5650088547815821
4592,1.3783205430932706
4593,1.034607438016529
4594,0.49217827626918537
4595,0.3045306965761511
4596,0.3961776859504132
4597,0.25678866587957494
4598,0.43853305785123964
4599,7.955504722550177
4600,2.9882674144037775
4601,2.950413223140496
4602,2.859651711924439
4603,2.0492916174734357
4604,1.5988783943329399
4605,1.4811097992916176
4606,1.515495867768595
4607,0.8052685950413223
4608,1.1544421487603307
4609,0.6461038961038962
4610,0.2522136953955135
4611,1.9040731995277451
4612,2.1435212514757973
4613,1.1863193624557262
4614,0.2652744982290437
4615,0.38902007083825263
4616,1.1534828807556081
4617,0.9314492325855963
4618,0.5393299881936245
4619,0.9323347107438017
4620,4.5046487603305785
4621,1.428645218417946
4622,1.3564787485242031
4623,1.333530106257379
4624,0.3725649350649351
4625,0.3629722550177096
4626,0.5769628099173554
4627,1.2468270365997638
4628,0.47682998819362454
4629,0.30836776859504134
4630,0.5720188902007084
4631,0.41750295159386064
4632,0.049808146399055495
4633,0.029884887839433293
4634,0.7342089728453365
4635,0.8451889020070837
4636,0.21059622195985833
4637,0.14743211334120426
4638,0.32792207792207795
4639,0.28460743801652894
4640,7.805416174734357
4641,2.572018890200708
4642,1.501254427390791
4643,0.7198199527744983
4644,0.7063902007083824
4645,0.3818624557260921
4646,0.5698789846517119
4647,2.062131050767414
4648,1.688090318772137
4649,1.0377066115702478
4650,1.7122195985832351
4651,1.0121753246753247
4652,1.411525974025974
4653,0.6243358913813459
4654,0.41772432113341207
4655,0.30644923258559625
4656,0.3647432113341204
4657,4.625442739079102
4658,2.6404220779220777
4659,2.3873966942148757
4660,2.5694362455726094
4661,1.063606847697757
4662,1.6954693034238488
4663,1.7899940968122787
4664,0.9867916174734357
4665,0.7065377804014168
4666,0.9550619834710744
4667,0.5719451003541912
4668,0.6951003541912633
4669,0.8006198347107438
4670,2.3883559622195984
4671,1.60271546635183
4672,0.4296782762691854
4673,0.38459268004722547
4674,0.9068034238488782
4675,1.6004279811097994
4676,1.0818329397874853
4677,0.502435064935065
4678,1.6624114521841795
4679,2.5706906729634005
4680,1.6762101534828808
4681,0.8825265643447462
4682,0.8374409681227862
4683,0.6298701298701299
4684,1.1724468713105076
4685,0.47653482880755604
4686,0.6857290436835891
4687,0.7329545454545454
4688,0.7705135773317592
4689,0.8717532467532467
4690,0.06973140495867769
4691,0.2590023612750886
4692,0.3181818181818182
4693,0.16971664698937425
4694,0.33116883116883117
4695,0.25332054309327035
4696,0.59349173553719
4697,0.5836038961038961
4698,4.792945690672964
4699,1.9496015348288078
4700,0.9853896103896103
4701,0.4988931523022432
4702,0.18587662337662336
4703,0.6046340023612751
4704,1.4608175914994095
4705,2.093417945690673
4706,1.636068476977568
4707,1.2120720188902006
4708,0.8925619834710744
4709,1.3660714285714286
4710,0.37367178276269186
4711,0.6890495867768595
4712,0.5441263282172373
4713,0.48457792207792205
4714,0.13931523022432113
4715,5.780253837072019
4716,3.428645218417946
4717,1.0413223140495869
4718,2.2549439197166468
4719,1.7975944510035418
4720,1.2570838252656436
4721,2.3198051948051948
4722,0.9387544273907911
4723,0.615038370720189
4724,0.18794273907910272
4725,0.6751770956316411
4726,0.7829102715466352
4727,3.579840613931523
4728,0.19104191263282172
4729,1.2474173553719008
4730,1.2799586776859504
4731,1.1920749704840614
4732,0.208530106257379
4733,0.4804456906729634
4734,0.21280991735537189
4735,0.29619244391971666
4736,1.0411747343565525
4737,1.5558589138134593
4738,0.6032319952774499
4739,0.46155548996458085
4740,0.7634297520661157
4741,0.6978305785123967
4742,0.6172520661157025
4743,0.4328512396694215
4744,0.931891971664699
4745,0.5231700118063755
4746,0.6224173553719008
4747,0.17547225501770958
4748,0.0
4749,0.20919421487603307
4750,0.7771546635183
4751,0.06700118063754427
4752,0.13023907910271548
4753,0.40008854781582054
4754,0.32991440377804016
4755,0.13127213695395512
4756,6.636953955135773
4757,2.3418683589138136
4758,2.0573347107438016
4759,2.2998081463990556
4760,1.4247343565525383
4761,0.7224763872491146
4762,0.8665141676505312
4763,1.978896103896104
4764,1.528482880755608
4765,1.998155253837072
4766,1.2324380165289255
4767,1.6133412042502953
4768,0.41432998819362454
4769,0.9125590318772137
4770,0.7318476977567887
4771,0.7663813459268005
4772,0.37433589138134593
4773,14.60094451003542
4774,3.469598583234947
4775,2.8305785123966944
4776,3.479634002361275
4777,5.341499409681228
4778,1.9439935064935066
4779,0.8265938606847698
4780,1.9715909090909092
4781,1.4821428571428572
4782,0.6122343565525383
4783,1.1252213695395514
4784,1.2928719008264462
4785,2.072387839433294
4786,1.2876328217237307
4787,1.4935064935064934
4788,1.2691115702479339
4789,0.9582349468713105
4790,0.9371310507674144
4791,1.1607142857142856
4792,1.328586186540732
4793,0.38547815820543097
4794,2.2944952774498226
4795,2.5081906729634005
4796,1.6176948051948052
4797,1.1902302243211333
4798,0.9957939787485243
4799,1.3863636363636362
4800,1.726018299881936
4801,0.9596369539551358
4802,1.0605814639905549
4803,0.8733766233766234
4804,0.7390791027154663
4805,0.4394923258559622
4806,0.32873376623376627
4807,0.20919421487603307
4808,0.7657910271546635
4809,0.13916765053128688
4810,0.3865112160566706
4811,0.4816263282172373
4812,0.8281434474616293
4813,0.32556080283353006
4814,5.086998229043683
4815,4.198273317591499
4816,2.748155253837072
4817,1.449822904368359
4818,0.9849468713105077
4819,0.8775088547815821
4820,0.9780106257378984
4821,1.130534238488784
4822,2.767857142857143
4823,1.717384887839433
4824,0.6452184179456907
4825,1.283353010625738
4826,0.30231700118063753
4827,0.762987012987013
4828,0.6073642266824085
4829,0.609504132231405
4830,0.1630017709563164
4831,7.5987308146399055
4832,2.341720779220779
4833,0.6353305785123966
4834,3.2735389610389607
4835,3.7274940968122787
4836,1.511806375442739
4837,1.8266676505312869
4838,1.4037780401416766
4839,0.806965761511216
4840,1.041396103896104
4841,0.8944805194805194
4842,1.1009445100354192
4843,2.261880165289256
4844,1.3989079102715465
4845,0.9973435655253838
4846,0.7268299881936245
4847,0.5666322314049587
4848,0.7066115702479339
4849,1.394923258559622
4850,1.0932703659976386
4851,0.3977272727272727
4852,3.213695395513578
4853,2.029737308146399
4854,2.403704250295159
4855,1.0725354191263283
4856,1.0818329397874853
4857,0.5904663518299882
4858,1.832423258559622
4859,1.3233471074380165
4860,1.6054456906729633
4861,1.5374114521841795
4862,0.7901416765053129
4863,0.3857733175914994
4864,0.14942443919716647
4865,0.23907910271546634
4866,0.8984651711924438
4867,0.0858913813459268
4868,0.1889757969303424
4869,0.1890495867768595
4870,0.6424144037780402
4871,0.4887101534828807
4872,4.939935064935065
4873,5.365259740259741
4874,3.8419421487603307
4875,1.650236127508855
4876,1.255608028335301
4877,0.9863488783943329
4878,0.7683736717827627
4879,7.2990702479338845
4880,2.952848288075561
4881,2.5249409681227863
4882,0.9977125147579693
4883,2.2972992916174735
4884,0.6397579693034239
4885,3.7182703659976384
4886,0.8465909090909092
4887,1.0410271546635184
4888,0.8060802833530105
4889,15.003763282172374
4890,4.146472845336482
4891,3.941115702479339
4892,3.5144628099173554
4893,3.854412632821724
4894,2.084120425029516
4895,2.439418536009445
4896,3.232659386068477
4897,1.3975059031877213
4898,0.4493801652892562
4899,1.4620720188902006
4900,1.2133264462809918
4901,4.84836186540732
4902,2.621900826446281
4903,1.3729338842975207
4904,1.5208087367178276
4905,0.7292650531286895
4906,2.831759149940968
4907,1.862160566706021
4908,1.0262691853600945
4909,1.258043093270366
4910,7.273538961038961
4911,0.588547815820543
4912,3.0430194805194803
4913,2.167871900826446
4914,1.9471664698937428
4915,1.6223435655253837
4916,2.50103305785124
4917,2.001918536009445
4918,1.5943034238488782
4919,1.000664108618654
4920,1.1083972845336483
4921,0.7166469893742621
4922,0.19923258559622198
4923,0.3386953955135773
4924,1.4382378984651711
4925,0.08729338842975207
4926,0.24837662337662336
4927,0.5955578512396694
4928,0.9206021251475797
4929,0.0
4930,7.643373671782763
4931,2.159607438016529
4932,1.2211481700118063
4933,1.1208677685950414
4934,1.7520661157024793
4935,1.1874262101534827
4936,0.75
4937,3.091499409681228
4938,2.5062721369539553
4939,2.095926800472255
4940,2.2404811097992914
4941,2.0862603305785123
4942,0.6239669421487604
4943,0.8537485242030697
4944,1.3828217237308147
4945,0.8381788665879576
4946,0.20233175914994098
4947,13.721664698937424
4948,6.252508854781582
4949,1.7634297520661157
4950,5.76586481700118
4951,1.8494687131050767
4952,2.507526564344746
4953,1.602641676505313
4954,1.6924439197166468
4955,1.5154220779220782
4956,0.5500295159386068
4957,1.3389167650531286
4958,0.7305194805194806
4959,2.0061245572609208
4960,2.8636363636363633
4961,1.0028778040141675
4962,1.0912042502951593
4963,0.2488931523022432
4964,1.0393299881936247
4965,0.610758559622196
4966,0.47409976387249114
4967,0.662780401416765
4968,2.366956906729634
4969,1.264905548996458
4970,0.9656877213695394
4971,1.67827626918536
4972,0.7595926800472255
4973,0.31220484061393156
4974,0.9265053128689492
4975,0.4145513577331759
4976,1.357733175914994
4977,0.698568476977568
4978,0.42945690672963405
4979,0.5770365997638724
4980,0.4881198347107438
4981,0.10957792207792208
4982,1.475280401416765
4983,1.1997491145218417
4984,0.13503541912632822
4985,0.22609208972845338
4986,1.005460448642267
4987,0.07526564344746163
4988,5.894406729634002
4989,2.1568772136953953
4990,1.134814049586777
4991,0.7420306965761512
4992,0.630608028335301
4993,0.44974911452184185
4994,0.6195395513577331
4995,2.9634002361275087
4996,1.8097697756788667
4997,1.6579102715466352
4998,1.633043093270366
4999,0.6954693034238488
5000,2.208456316410862
5001,0.3068919716646989
5002,0.493875442739079
5003,0.7170159386068476
5004,0.6385773317591499
5005,5.995867768595041
5006,3.201520070838253
5007,2.8512396694214877
5008,1.9312278630460447
5009,1.026564344746163
5010,2.017857142857143
5011,1.510551948051948
5012,0.7634297520661156
5013,0.7302243211334121
5014,1.0202184179456908
5015,0.3212072018890201
5016,0.4533648170011806
5017,1.089064344746163
5018,2.4438459268004724
5019,1.451667650531287
5020,0.5157172373081464
5021,0.47033648170011805
5022,1.6841794569067297
5023,1.6190968122786304
5024,0.9709268004722551
5025,1.3671044864226682
5026,1.887839433293979
5027,1.9845779220779218
5028,2.0561540731995276
5029,1.137322904368359
5030,0.6486127508854782
5031,0.5693624557260921
5032,1.1656582054309328
5033,0.7992178276269184
5034,0.458530106257379
5035,0.4364669421487603
5036,0.7149498229043684
5037,1.0503984651711924
5038,0.22911747343565525
5039,0.5478896103896104
5040,0.6898612750885479
5041,0.24837662337662336
5042,0.6269185360094451
5043,0.2013724911452184
5044,0.9144775678866588
5045,0.6401269185360094
5046,2.3505755608028336
5047,2.3368506493506493
5048,1.8709415584415585
5049,0.5248671782762692
5050,0.5796930342384887
5051,0.3358913813459268
5052,0.4343270365997639
5053,1.3365554899645808
5054,1.2477125147579693
5055,0.9033353010625739
5056,1.203659976387249
5057,0.7171635182998819
5058,0.6601977567886659
5059,0.5101829988193625
5060,0.412116292798111
5061,0.287116292798111
5062,0.4567591499409681
5063,3.774055489964581
5064,1.565746753246753
5065,1.6735537190082646
5066,1.4290141676505312
5067,1.4274645808736717
5068,1.5205873671782761
5069,1.5839728453364816
5070,0.5423553719008265
5071,0.5203659976387249
5072,1.149129279811098
5073,0.3761068476977568
5074,0.3568476977567887
5075,2.706611570247934
5076,1.108987603305785
5077,0.9874557260920898
5078,0.46841794569067297
5079,0.29766824085005905
5080,1.5681818181818181
5081,1.021620425029516
5082,0.6476534828807556
5083,0.21273612750885476
5084,2.087662337662338
5085,1.6395365997638724
5086,2.2304456906729633
5087,0.7919126328217237
5088,0.6976829988193625
5089,0.5467089728453365
5090,0.8722697756788667
5091,0.7805489964580873
5092,0.5841942148760331
5093,0.48420897284533654
5094,0.6314197166469893
5095,0.6996753246753247
5096,0.049808146399055495
5097,0.32873376623376627
5098,0.8631198347107438
5099,0.09998524203069659
5100,0.2277892561983471
5101,0.1649940968122786
5102,0.4162485242030697
5103,0.12750885478158205
5104,7.0033205430932695
5105,2.781655844155844
5106,2.0558589138134593
5107,0.43012101534828806
5108,1.6036747343565525
5109,1.344598583234947
5110,0.962293388429752
5111,3.5441263282172373
5112,2.0038370720188903
5113,2.1184327036599764
5114,1.3263724911452184
5115,1.0101829988193625
5116,2.240702479338843
5117,0.31456611570247933
5118,0.8916765053128689
5119,0.3565525383707202
5120,1.9147727272727273
5121,13.181523022432113
5122,2.9149940968122787
5123,2.8791322314049586
5124,4.383633412042503
5125,1.5889167650531286
5126,4.507378984651711
5127,0.8987603305785123
5128,1.2694067296340024
5129,1.2205578512396695
5130,1.0695838252656433
5131,0.40547520661157027
5132,0.2431375442739079
5133,2.1279515938606846
5134,2.516086186540732
5135,0.510551948051948
5136,0.3320543093270366
5137,0.22675619834710742
5138,1.5645661157024793
5139,0.6773907910271546
5140,1.207939787485242
5141,0.15200708382526565
5142,5.412485242030697
5143,1.9755755608028336
5144,1.3722697756788667
5145,1.7875590318772137
5146,1.0486275088547816
5147,0.31891971664698937
5148,0.753025383707202
5149,0.4018595041322314
5150,0.5200708382526564
5151,0.4290879574970484
5152,0.6341499409681228
5153,1.2170897284533648
5154,0.09961629279811099
5155,0.07969303423848878
5156,0.9009002361275089
5157,0.752435064935065
5158,0.09688606847697757
5159,0.16706021251475797
5160,0.9978600944510035
5161,0.08109504132231404
5162,2.9536599763872493
5163,1.7195247933884297
5164,1.1030106257378984
5165,0.6444805194805195
5166,0.8789846517119244
5167,0.880534238488784
5168,0.6503837072018891
5169,2.6103896103896105
5170,1.296487603305785
5171,1.5650088547815821
5172,1.3783205430932706
5173,1.034607438016529
5174,0.49217827626918537
5175,0.3045306965761511
5176,0.3961776859504132
5177,0.25678866587957494
5178,0.43853305785123964
5179,7.955504722550177
5180,2.9882674144037775
5181,2.950413223140496
5182,2.859651711924439
5183,2.0492916174734357
5184,1.5988783943329399
5185,1.4811097992916176
5186,1.515495867768595
5187,0.8052685950413223
5188,1.1544421487603307
5189,0.6461038961038962
5190,0.2522136953955135
5191,1.9040731995277451
5192,2.1435212514757973
5193,1.1863193624557262
5194,0.2652744982290437
5195,0.38902007083825263
5196,1.1534828807556081
5197,0.9314492325855963
5198,0.5393299881936245
5199,0.9323347107438017
5200,4.5046487603305785
5201,1.428645218417946
5202,1.3564787485242031
5203,1.333530106257379
5204,0.3725649350649351
5205,0.3629722550177096
5206,0.5769628099173554
5207,1.2468270365997638
5208,0.47682998819362454
5209,0.30836776859504134
5210,0.5720188902007084
5211,0.41750295159386064
5212,0.049808146399055495
5213,0.029884887839433293
5214,0.7342089728453365
5215,0.8451889020070837
5216,0.21059622195985833
5217,0.14743211334120426
5218,0.32792207792207795
5219,0.28460743801652894
5220,7.805416174734357
5221,2.572018890200708
5222,1.501254427390791
5223,0.7198199527744983
5224,0.7063902007083824
5225,0.3818624557260921
5226,0.5698789846517119
5227,2.062131050767414
5228,1.688090318772137
5229,1.0377066115702478
5230,1.7122195985832351
5231,1.0121753246753247
5232,1.411525974025974
5233,0.6243358913813459
5234,0.41772432113341207
5235,0.30644923258559625
5236,0.3647432113341204
5237,4.625442739079102
5238,2.6404220779220777
5239,2.3873966942148757
5240,2.5694362455726094
5241,1.063606847697757
5242,1.6954693034238488
5243,1.7899940968122787
5244,0.9867916174734357
5245,0.7065377804014168
5246,0.9550619834710744
5247,0.5719451003541912
5248,0.6951003541912633
5249,0.8006198347107438
5250,2.3883559622195984
5251,1.60271546635183
5252,0.4296782762691854
5253,0.38459268004722547
5254,0.9068034238488782
5255,1.6004279811097994
5256,1.0818329397874853
5257,0.502435064935065
5258,1.6624114521841795
5259,2.5706906729634005
5260,1.6762101534828808
5261,0.8825265643447462
5262,0.8374409681227862
5263,0.6298701298701299
5264,1.1724468713105076
5265,0.47653482880755604
5266,0.6857290436835891
5267,0.7329545454545454
5268,0.7705135773317592
5269,0.8717532467532467
5270,0.06973140495867769
5271,0.2590023612750886
5272,0.3181818181818182
5273,0.16971664698937425
5274,0.33116883116883117
5275,0.25332054309327035
5276,0.59349173553719
5277,0.5836038961038961
5278,4.792945690672964
5279,1.9496015348288078
5280,0.9853896103896103
5281,0.4988931523022432
5282,0.18587662337662336
5283,0.6046340023612751
5284,1.4608175914994095
5285,2.093417945690673
5286,1.636068476977568
5287,1.2120720188902006
5288,0.8925619834710744
5289,1.3660714285714286
5290,0.37367178276269186
5291,0.6890495867768595
5292,0.5441263282172373
5293,0.48457792207792205
5294,0.13931523022432113
5295,5.780253837072019
5296,3.428645218417946
5297,1.0413223140495869
5298,2.2549439197166468
5299,1.7975944510035418
5300,1.2570838252656436
5301,2.3198051948051948
5302,0.9387544273907911
5303,0.615038370720189
5304,0.18794273907910272
5305,0.6751770956316411
5306,0.7829102715466352
5307,3.579840613931523
5308,0.19104191263282172
5309,1.2474173553719008
5310,1.2799586776859504
5311,1.1920749704840614
5312,0.208530106257379
5313,0.4804456906729634
5314,0.21280991735537189
5315,0.29619244391971666
5316,1.0411747343565525
5317,1.5558589138134593
5318,0.6032319952774499
5319,0.46155548996458085
5320,0.7634297520661157
5321,0.6978305785123967
5322,0.6172520661157025
5323,0.4328512396694215
5324,0.931891971664699
5325,0.5231700118063755
5326,0.6224173553719008
5327,0.17547225501770958
5328,0.0
5329,0.20919421487603307
5330,0.7771546635183
5331,0.06700118063754427
5332,0.13023907910271548
5333,0.40008854781582054
5334,0.32991440377804016
5335,0.13127213695395512
5336,6.636953955135773
5337,2.3418683589138136
5338,2.0573347107438016
5339,2.2998081463990556
5340,1.4247343565525383
5341,0.7224763872491146
5342,0.8665141676505312
5343,1.978896103896104
5344,1.528482880755608
5345,1.998155253837072
5346,1.2324380165289255
5347,1.6133412042502953
5348,0.41432998819362454
5349,0.9125590318772137
5350,0.7318476977567887
5351,0.7663813459268005
5352,0.37433589138134593
5353,14.60094451003542
5354,3.469598583234947
5355,2.8305785123966944
5356,3.479634002361275
5357,5.341499409681228
5358,1.9439935064935066
5359,0.8265938606847698
5360,1.9715909090909092
5361,1.4821428571428572
5362,0.6122343565525383
5363,1.1252213695395514
5364,1.2928719008264462
5365,2.072387839433294
5366,1.2876328217237307
5367,1.4935064935064934
5368,1.2691115702479339
5369,0.9582349468713105
5370,0.9371310507674144
5371,1.1607142857142856
5372,1.328586186540732
5373,0.38547815820543097
5374,2.2944952774498226
5375,2.5081906729634005
5376,1.6176948051948052
5377,1.1902302243211333
5378,0.9957939787485243
5379,1.3863636363636362
5380,1.726018299881936
5381,0.9596369539551358
5382,1.0605814639905549
5383,0.8733766233766234
5384,0.7390791027154663
5385,0.4394923258559622
5386,0.32873376623376627
5387,0.20919421487603307
5388,0.7657910271546635
5389,0.13916765053128688
5390,0.3865112160566706
5391,0.4816263282172373
5392,0.8281434474616293
5393,0.32556080283353006
5394,5.086998229043683
5395,4.198273317591499
5396,2.748155253837072
5397,1.449822904368359
5398,0.9849468713105077
5399,0.8775088547815821
5400,0.9780106257378984
5401,1.130534238488784
5402,2.767857142857143
5403,1.717384887839433
5404,0.6452184179456907
5405,1.283353010625738
5406,0.30231700118063753
5407,0.762987012987013
5408,0.6073642266824085
5409,0.609504132231405
5410,0.1630017709563164
5411,7.5987308146399055
5412,2.341720779220779
5413,0.6353305785123966
5414,3.2735389610389607
5415,3.7274940968122787
5416,1.511806375442739
5417,1.8266676505312869
5418,1.4037780401416766
5419,0.806965761511216
5420,1.041396103896104
5421,0.8944805194805194
5422,1.1009445100354192
5423,2.261880165289256
5424,1.3989079102715465
5425,0.9973435655253838
5426,0.7268299881936245
5427,0.5666322314049587
5428,0.7066115702479339
5429,1.394923258559622
5430,1.0932703659976386
5431,0.3977272727272727
5432,3.213695395513578
5433,2.029737308146399
5434,2.403704250295159
5435,1.0725354191263283
5436,1.0818329397874853
5437,0.5904663518299882
5438,1.832423258559622
5439,1.3233471074380165
5440,1.6054456906729633
5441,1.5374114521841795
5442,0.7901416765053129
5443,0.3857733175914994
5444,0.14942443919716647
5445,0.23907910271546634
5446,0.8984651711924438
5447,0.0858913813459268
5448,0.1889757969303424
5449,0.1890495867768595
5450,0.6424144037780402
5451,0.4887101534828807
5452,4.939935064935065
5453,5.365259740259741
5454,3.8419421487603307
5455,1.650236127508855
5456,1.255608028335301
5457,0.9863488783943329
5458,0.7683736717827627
5459,7.2990702479338845
5460,2.952848288075561
5461,2.5249409681227863
5462,0.9977125147579693
5463,2.2972992916174735
5464,0.6397579693034239
5465,3.7182703659976384
5466,0.8465909090909092
5467,1.0410271546635184
5468,0.8060802833530105
5469,15.003763282172374
5470,4.146472845336482
5471,3.941115702479339
5472,3.5144628099173554
5473,3.854412632821724
5474,2.084120425029516
5475,2.439418536009445
5476,3.232659386068477
5477,1.3975059031877213
5478,0.4493801652892562
5479,1.4620720188902006
5480,1.2133264462809918
5481,4.84836186540732
5482,2.621900826446281
5483,1.3729338842975207
5484,1.5208087367178276
5485,0.7292650531286895
5486,2.831759149940968
5487,1.862160566706021
5488,1.0262691853600945
5489,1.258043093270366
5490,7.273538961038961
5491,0.588547815820543
5492,3.0430194805194803
5493,2.167871900826446
5494,1.9471664698937428
5495,1.6223435655253837
5496,2.50103305785124
5497,2.001918536009445
5498,1.5943034238488782
5499,1.000664108618654
5500,1.1083972845336483
5501,0.7166469893742621
5502,0.19923258559622198
5503,0.3386953955135773
5504,1.4382378984651711
5505,0.08729338842975207
5506,0.24837662337662336
5507,0.5955578512396694
5508,0.9206021251475797
5509,0.0
5510,7.643373671782763
5511,2.159607438016529
5512,1.2211481700118063
5513,1.1208677685950414
5514,1.7520661157024793
5515,1.1874262101534827
5516,0.75
5517,3.091499409681228
5518,2.5062721369539553
5519,2.095926800472255
5520,2.2404811097992914
5521,2.0862603305785123
5522,0.6239669421487604
5523,0.8537485242030697
5524,1.3828217237308147
5525,0.8381788665879576
5526,0.20233175914994098
5527,13.721664698937424
5528,6.252508854781582
5529,1.7634297520661157
5530,5.76586481700118
5531,1.8494687131050767
5532,2.507526564344746
5533,1.602641676505313
5534,1.6924439197166468
5535,1.5154220779220782
5536,0.5500295159386068
5537,1.3389167650531286
5538,0.7305194805194806
5539,2.0061245572609208
5540,2.8636363636363633
5541,1.0028778040141675
5542,1.0912042502951593
5543,0.2488931523022432
5544,1.0393299881936247
5545,0.610758559622196
5546,0.47409976387249114
5547,0.662780401416765
5548,2.366956906729634
5549,1.264905548996458
5550,0.9656877213695394
5551,1.67827626918536
5552,0.7595926800472255
5553,0.31220484061393156
5554,0.9265053128689492
5555,0.4145513577331759
5556,1.357733175914994
5557,0.698568476977568
5558,0.42945690672963405
5559,0.5770365997638724
5560,0.4881198347107438
5561,0.10957792207792208
5562,1.475280401416765
5563,1.1997491145218417
5564,0.13503541912632822
5565,0.22609208972845338
5566,1.005460448642267
5567,0.07526564344746163
5568,5.894406729634002
5569,2.1568772136953953
5570,1.134814049586777
5571,0.7420306965761512
5572,0.630608028335301
5573,0.44974911452184185
5574,0.6195395513577331
5575,2.9634002361275087
5576,1.8097697756788667
5577,1.6579102715466352
5578,1.633043093270366
5579,0.6954693034238488
5580,2.208456316410862
5581,0.3068919716646989
5582,0.493875442739079
5583,0.7170159386068476
5584,0.6385773317591499
5585,5.995867768595041
5586,3.201520070838253
5587,2.8512396694214877
5588,1.9312278630460447
5589,1.026564344746163
5590,2.017857142857143
5591,1.510551948051948
5592,0.7634297520661156
5593,0.7302243211334121
5594,1.0202184179456908
5595,0.3212072018890201
5596,0.4533648170011806
5597,1.089064344746163
5598,2.4438459268004724
5599,1.451667650531287
5600,0.5157172373081464
5601,0.47033648170011805
5602,1.6841794569067297
5603,1.6190968122786304
5604,0.9709268004722551
5605,1.3671044864226682
5606,1.887839433293979
5607,1.9845779220779218
5608,2.0561540731995276
5609,1.137322904368359
5610,0.6486127508854782
5611,0.5693624557260921
5612,1.1656582054309328
5613,0.7992178276269184
5614,0.458530106257379
5615,0.4364669421487603
5616,0.7149498229043684
5617,1.0503984651711924
5618,0.22911747343565525
5619,0.5478896103896104
5620,0.6898612750885479
5621,0.24837662337662336
5622,0.6269185360094451
5623,0.2013724911452184
5624,0.9144775678866588
5625,0.6401269185360094
5626,2.3505755608028336
5627,2.3368506493506493
5628,1.8709415584415585
5629,0.5248671782762692
5630,0.5796930342384887
5631,0.3358913813459268
5632,0.4343270365997639
5633,1.3365554899645808
5634,1.2477125147579693
5635,0.9033353010625739
5636,1.203659976387249
5637,0.7171635182998819
5638,0.6601977567886659
5639,0.5101829988193625
5640,0.412116292798111
5641,0.287116292798111
5642,0.4567591499409681
5643,3.774055489964581
5644,1.565746753246753
5645,1.6735537190082646
5646,1.4290141676505312
5647,1.4274645808736717
5648,1.5205873671782761
5649,1.5839728453364816
5650,0.5423553719008265
5651,0.5203659976387249
5652,1.149129279811098
5653,0.3761068476977568
5654,0.3568476977567887
5655,2.706611570247934
5656,1.108987603305785
5657,0.9874557260920898
5658,0.46841794569067297
5659,0.29766824085005905
5660,1.5681818181818181
5661,1.021620425029516
5662,0.6476534828807556
5663,0.21273612750885476
5664,2.087662337662338
5665,1.6395365997638724
5666,2.2304456906729633
5667,0.7919126328217237
5668,0.6976829988193625
5669,0.5467089728453365
5670,0.8722697756788667
5671,0.7805489964580873
5672,0.5841942148760331
5673,0.48420897284533654
5674,0.6314197166469893
5675,0.6996753246753247
5676,0.049808146399055495
5677,0.32873376623376627
5678,0.8631198347107438
5679,0.09998524203069659
5680,0.2277892561983471
5681,0.1649940968122786
5682,0.4162485242030697
5683,0.12750885478158205
5684,7.0033205430932695
5685,2.781655844155844
5686,2.0558589138134593
5687,0.43012101534828806
5688,1.6036747343565525
5689,1.344598583234947
5690,0.962293388429752
5691,3.5441263282172373
5692,2.0038370720188903
5693,2.1184327036599764
5694,1.3263724911452184
5695,1.0101829988193625
5696,2.240702479338843
5697,0.31456611570247933
5698,0.8916765053128689
5699,0.3565525383707202
5700,1.9147727272727273
5701,13.181523022432113
5702,2.9149940968122787
5703,2.8791322314049586
5704,4.383633412042503
5705,1.5889167650531286
5706,4.507378984651711
5707,0.8987603305785123
5708,1.2694067296340024
5709,1.2205578512396695
5710,1.0695838252656433
5711,0.40547520661157027
5712,0.2431375442739079
5713,2.1279515938606846
5714,2.516086186540732
5715,0.510551948051948
5716,0.3320543093270366
5717,0.22675619834710742
5718,1.5645661157024793
5719,0.6773907910271546
5720,1.207939787485242
5721,0.15200708382526565
5722,5.412485242030697
5723,1.9755755608028336
5724,1.3722697756788667
5725,1.7875590318772137
5726,1.0486275088547816
5727,0.31891971664698937
5728,0.753025383707202
5729,0.4018595041322314
5730,0.5200708382526564
5731,0.4290879574970484
5732,0.6341499409681228
5733,1.2170897284533648
5734,0.09961629279811099
5735,0.07969303423848878
5736,0.9009002361275089
5737,0.752435064935065
5738,0.09688606847697757
5739,0.16706021251475797
5740,0.9978600944510035
5741,0.08109504132231404
5742,2.9536599763872493
5743,1.7195247933884297
5744,1.1030106257378984
5745,0.6444805194805195
5746,0.8789846517119244
5747,0.880534238488784
5748,0.6503837072018891
5749,2.6103896103896105
5750,1.296487603305785
5751,1.5650088547815821
5752,1.3783205430932706
5753,1.034607438016529
5754,0.49217827626918537
5755,0.3045306965761511
5756,0.3961776859504132
5757,0.25678866587957494
5758,0.43853305785123964
5759,7.955504722550177
5760,2.9882674144037775
5761,2.950413223140496
5762,2.859651711924439
5763,2.0492916174734357
5764,1.5988783943329399
5765,1.4811097992916176
5766,1.515495867768595
5767,0.8052685950413223
5768,1.1544421487603307
5769,0.6461038961038962
5770,0.2522136953955135
5771,1.9040731995277451
5772,2.1435212514757973
5773,1.1863193624557262
5774,0.2652744982290437
5775,0.38902007083825263
5776,1.1534828807556081
5777,0.9314492325855963
5778,0.5393299881936245
5779,0.9323347107438017
5780,4.5046487603305785
5781,1.428645218417946
5782,1.3564787485242031
5783,1.333530106257379
5784,0.3725649350649351
5785,0.3629722550177096
5786,0.5769628099173554
5787,1.2468270365997638
5788,0.47682998819362454
5789,0.30836776859504134
5790,0.5720188902007084
5791,0.41750295159386064
5792,0.049808146399055495
5793,0.029884887839433293
5794,0.7342089728453365
5795,0.8451889020070837
5796,0.21059622195985833
5797,0.14743211334120426
5798,0.32792207792207795
5799,0.28460743801652894
5800,7.805416174734357
5801,2.572018890200708
5802,1.501254427390791
5803,0.7198199527744983
5804,0.7063902007083824
5805,0.3818624557260921
5806,0.5698789846517119
5807,2.062131050767414
5808,1.688090318772137
5809,1.0377066115702478
5810,1.7122195985832351
5811,1.0121753246753247
5812,1.411525974025974
5813,0.6243358913813459
5814,0.41772432113341207
5815,0.30644923258559625
5816,0.3647432113341204
5817,4.625442739079102
5818,2.6404220779220777
5819,2.3873966942148757
5820,2.5694362455726094
5821,1.063606847697757
5822,1.6954693034238488
5823,1.7899940968122787
5824,0.9867916174734357
5825,0.7065377804014168
5826,0.9550619834710744
5827,0.5719451003541912
5828,0.6951003541912633
5829,0.8006198347107438
5830,2.3883559622195984
5831,1.60271546635183
5832,0.4296782762691854
5833,0.38459268004722547
5834,0.9068034238488782
5835,1.6004279811097994
5836,1.0818329397874853
5837,0.502435064935065
5838,1.6624114521841795
5839,2.5706906729634005
5840,1.6762101534828808
5841,0.8825265643447462
5842,0.8374409681227862
5843,0.6298701298701299
5844,1.1724468713105076
5845,0.47653482880755604
5846,0.6857290436835891
5847,0.7329545454545454
5848,0.7705135773317592
5849,0.8717532467532467
5850,0.06973140495867769
5851,0.2590023612750886
5852,0.3181818181818182
5853,0.16971664698937425
5854,0.33116883116883117
5855,0.25332054309327035
5856,0.59349173553719
5857,0.5836038961038961
5858,4.792945690672964
5859,1.9496015348288078
5860,0.9853896103896103
5861,0.4988931523022432
5862,0.18587662337662336
5863,0.6046340023612751
5864,1.4608175914994095
5865,2.093417945690673
5866,1.636068476977568
5867,1.2120720188902006
5868,0.8925619834710744
5869,1.3660714285714286
5870,0.37367178276269186
5871,0.6890495867768595
5872,0.5441263282172373
5873,0.48457792207792205
5874,0.13931523022432113
5875,5.780253837072019
5876,3.428645218417946
5877,1.0413223140495869
5878,2.2549439197166468
5879,1.7975944510035418
5880,1.2570838252656436
5881,2.3198051948051948
5882,0.9387544273907911
5883,0.615038370720189
5884,0.18794273907910272
5885,0.6751770956316411
5886,0.7829102715466352
5887,3.579840613931523
5888,0.19104191263282172
5889,1.2474173553719008
5890,1.2799586776859504
5891,1.1920749704840614
5892,0.208530106257379
5893,0.4804456906729634
5894,0.21280991735537189
5895,0.29619244391971666
5896,1.0411747343565525
5897,1.5558589138134593
5898,0.6032319952774499
5899,0.46155548996458085
5900,0.7634297520661157
5901,0.6978305785123967
5902,0.6172520661157025
5903,0.4328512396694215
5904,0.931891971664699
5905,0.5231700118063755
5906,0.6224173553719008
5907,0.17547225501770958
5908,0.0
5909,0.20919421487603307
5910,0.7771546635183
5911,0.06700118063754427
5912,0.13023907910271548
5913,0.40008854781582054
5914,0.32991440377804016
5915,0.13127213695395512
5916,6.636953955135773
5917,2.3418683589138136
5918,2.0573347107438016
5919,2.2998081463990556
5920,1.4247343565525383
5921,0.7224763872491146
5922,0.8665141676505312
5923,1.978896103896104
5924,1.528482880755608
5925,1.998155253837072
5926,1.2324380165289255
5927,1.6133412042502953
5928,0.41432998819362454
5929,0.9125590318772137
5930,0.7318476977567887
5931,0.7663813459268005
5932,0.37433589138134593
5933,14.60094451003542
5934,3.469598583234947
5935,2.8305785123966944
5936,3.479634002361275
5937,5.341499409681228
5938,1.9439935064935066
5939,0.8265938606847698
5940,1.9715909090909092
5941,1.4821428571428572
5942,0.6122343565525383
5943,1.1252213695395514
5944,1.2928719008264462
5945,2.072387839433294
5946,1.2876328217237307
5947,1.4935064935064934
5948,1.2691115702479339
5949,0.9582349468713105
5950,0.9371310507674144
5951,1.1607142857142856
5952,1.328586186540732
5953,0.38547815820543097
5954,2.2944952774498226
5955,2.5081906729634005
5956,1.6176948051948052
5957,1.1902302243211333
5958,0.9957939787485243
5959,1.3863636363636362
5960,1.726018299881936
5961,0.9596369539551358
5962,1.0605814639905549
5963,0.8733766233766234
5964,0.7390791027154663
5965,0.4394923258559622
5966,0.32873376623376627
5967,0.20919421487603307
5968,0.7657910271546635
5969,0.13916765053128688
5970,0.3865112160566706
5971,0.4816263282172373
5972,0.8281434474616293
5973,0.32556080283353006
5974,5.086998229043683
5975,4.198273317591499
5976,2.748155253837072
5977,1.449822904368359
5978,0.9849468713105077
5979,0.8775088547815821
5980,0.9780106257378984
5981,1.130534238488784
5982,2.767857142857143
5983,1.717384887839433
5984,0.6452184179456907
5985,1.283353010625738
5986,0.30231700118063753
5987,0.762987012987013
5988,0.6073642266824085
5989,0.609504132231405
5990,0.1630017709563164
5991,7.5987308146399055
5992,2.341720779220779
5993,0.6353305785123966
5994,3.2735389610389607
5995,3.7274940968122787
5996,1.511806375442739
5997,1.8266676505312869
5998,1.4037780401416766
5999,0.806965761511216
6000,1.041396103896104
6001,0.8944805194805194
6002,1.1009445100354192
6003,2.261880165289256
6004,1.3989079102715465
6005,0.9973435655253838
6006,0.7268299881936245
6007,0.5666322314049587
6008,0.7066115702479339
6009,1.394923258559622
6010,1.0932703659976386
6011,0.3977272727272727
6012,3.213695395513578
6013,2.029737308146399
6014,2.403704250295159
6015,1.0725354191263283
6016,1.0818329397874853
6017,0.5904663518299882
6018,1.832423258559622
6019,1.3233471074380165
6020,1.6054456906729633
6021,1.5374114521841795
6022,0.7901416765053129
6023,0.3857733175914994
6024,0.14942443919716647
6025,0.23907910271546634
6026,0.8984651711924438
6027,0.0858913813459268
6028,0.1889757969303424
6029,0.1890495867768595
6030,0.6424144037780402
6031,0.4887101534828807
6032,4.939935064935065
6033,5.365259740259741
6034,3.8419421487603307
6035,1.650236127508855
6036,1.255608028335301
6037,0.9863488783943329
6038,0.7683736717827627
6039,7.2990702479338845
6040,2.952848288075561
6041,2.5249409681227863
6042,0.9977125147579693
6043,2.2972992916174735
6044,0.6397579693034239
6045,3.7182703659976384
6046,0.8465909090909092
6047,1.0410271546635184
6048,0.8060802833530105
6049,15.003763282172374
6050,4.146472845336482
6051,3.941115702479339
6052,3.5144628099173554
6053,3.854412632821724
6054,2.084120425029516
6055,2.439418536009445
6056,3.232659386068477
6057,1.3975059031877213
6058,0.4493801652892562
6059,1.4620720188902006
6060,1.2133264462809918
6061,4.84836186540732
6062,2.621900826446281
6063,1.3729338842975207
6064,1.5208087367178276
6065,0.7292650531286895
6066,2.831759149940968
6067,1.862160566706021
6068,1.0262691853600945
6069,1.258043093270366
6070,7.273538961038961
6071,0.588547815820543
6072,3.0430194805194803
6073,2.167871900826446
6074,1.9471664698937428
6075,1.6223435655253837
6076,2.50103305785124
6077,2.001918536009445
6078,1.5943034238488782
6079,1.000664108618654
6080,1.1083972845336483
6081,0.7166469893742621
6082,0.19923258559622198
6083,0.3386953955135773
6084,1.4382378984651711
6085,0.08729338842975207
6086,0.24837662337662336
6087,0.5955578512396694
6088,0.9206021251475797
6089,0.0
6090,7.643373671782763
6091,2.159607438016529
6092,1.2211481700118063
6093,1.1208677685950414
6094,1.7520661157024793
6095,1.1874262101534827
6096,0.75
6097,3.091499409681228
6098,2.5062721369539553
6099,2.095926800472255
6100,2.2404811097992914
6101,2.0862603305785123
6102,0.6239669421487604
6103,0.8537485242030697
6104,1.3828217237308147
6105,0.8381788665879576
6106,0.20233175914994098
6107,13.721664698937424
6108,6.252508854781582
6109,1.7634297520661157
6110,5.76586481700118
6111,1.8494687131050767
6112,2.507526564344746
6113,1.602641676505313
6114,1.6924439197166468
6115,1.5154220779220782
6116,0.5500295159386068
6117,1.3389167650531286
6118,0.7305194805194806
6119,2.0061245572609208
6120,2.8636363636363633
6121,1.0028778040141675
6122,1.0912042502951593
6123,0.2488931523022432
6124,1.0393299881936247
6125,0.610758559622196
6126,0.47409976387249114
6127,0.662780401416765
6128,2.366956906729634
6129,1.264905548996458
6130,0.9656877213695394
6131,1.67827626918536
6132,0.7595926800472255
6133,0.31220484061393156
6134,0.9265053128689492
6135,0.4145513577331759
6136,1.357733175914994
6137,0.698568476977568
6138,0.42945690672963405
6139,0.5770365997638724
6140,0.4881198347107438
6141,0.10957792207792208
6142,1.475280401416765
6143,1.1997491145218417
6144,0.13503541912632822
6145,0.22609208972845338
6146,1.005460448642267
6147,0.07526564344746163
6148,5.894406729634002
6149,2.1568772136953953
6150,1.134814049586777
6151,0.7420306965761512
6152,0.630608028335301
6153,0.44974911452184185
6154,0.6195395513577331
6155,2.9634002361275087
6156,1.8097697756788667
6157,1.6579102715466352
6158,1.633043093270366
6159,0.6954693034238488
6160,2.208456316410862
6161,0.3068919716646989
6162,0.493875442739079
6163,0.7170159386068476
6164,0.6385773317591499
6165,5.995867768595041
6166,3.201520070838253
6167,2.8512396694214877
6168,1.9312278630460447
6169,1.026564344746163
6170,2.017857142857143
6171,1.510551948051948
6172,0.7634297520661156
6173,0.7302243211334121
6174,1.0202184179456908
6175,0.3212072018890201
6176,0.4533648170011806
6177,1.089064344746163
6178,2.4438459268004724
6179,1.451667650531287
6180,0.5157172373081464
6181,0.47033648170011805
6182,1.6841794569067297
6183,1.6190968122786304
6184,0.9709268004722551
6185,1.3671044864226682
6186,1.887839433293979
6187,1.9845779220779218
6188,2.0561540731995276
6189,1.137322904368359
6190,0.6486127508854782
6191,0.5693624557260921
6192,1.1656582054309328
6193,0.7992178276269184
6194,0.458530106257379
6195,0.4364669421487603
6196,0.7149498229043684
6197,1.0503984651711924
6198,0.22911747343565525
6199,0.5478896103896104
6200,0.6898612750885479
6201,0.24837662337662336
6202,0.6269185360094451
6203,0.2013724911452184
6204,0.9144775678866588
6205,0.6401269185360094
6206,2.3505755608028336
6207,2.3368506493506493
6208,1.8709415584415585
6209,0.5248671782762692
6210,0.5796930342384887
6211,0.3358913813459268
6212,0.4343270365997639
6213,1.3365554899645808
6214,1.2477125147579693
6215,0.9033353010625739
6216,1.203659976387249
6217,0.7171635182998819
6218,0.6601977567886659
6219,0.5101829988193625
6220,0.412116292798111
6221,0.287116292798111
6222,0.4567591499409681
6223,3.774055489964581
6224,1.565746753246753
6225,1.6735537190082646
6226,1.4290141676505312
6227,1.4274645808736717
6228,1.5205873671782761
6229,1.5839728453364816
6230,0.5423553719008265
6231,0.5203659976387249
6232,1.149129279811098
6233,0.3761068476977568
6234,0.3568476977567887
6235,2.706611570247934
6236,1.108987603305785
6237,0.9874557260920898
6238,0.46841794569067297
6239,0.29766824085005905
6240,1.5681818181818181
6241,1.021620425029516
6242,0.6476534828807556
6243,0.21273612750885476
6244,2.087662337662338
6245,1.6395365997638724
6246,2.2304456906729633
6247,0.7919126328217237
6248,0.6976829988193625
6249,0.5467089728453365
6250,0.8722697756788667
6251,0.7805489964580873
6252,0.5841942148760331
6253,0.48420897284533654
6254,0.6314197166469893
6255,0.6996753246753247
6256,0.049808146399055495
6257,0.32873376623376627
6258,0.8631198347107438
6259,0.09998524203069659
6260,0.2277892561983471
6261,0.1649940968122786
6262,0.4162485242030697
6263,0.12750885478158205
6264,7.0033205430932695
6265,2.781655844155844
6266,2.0558589138134593
6267,0.43012101534828806
6268,1.6036747343565525
6269,1.344598583234947
6270,0.962293388429752
6271,3.5441263282172373
6272,2.0038370720188903
6273,2.1184327036599764
6274,1.3263724911452184
6275,1.0101829988193625
6276,2.240702479338843
6277,0.31456611570247933
6278,0.8916765053128689
6279,0.3565525383707202
6280,1.9147727272727273
6281,13.181523022432113
6282,2.9149940968122787
6283,2.8791322314049586
6284,4.383633412042503
6285,1.5889167650531286
6286,4.507378984651711
6287,0.8987603305785123
6288,1.2694067296340024
6289,1.2205578512396695
6290,1.0695838252656433
6291,0.40547520661157027
6292,0.2431375442739079
6293,2.1279515938606846
6294,2.516086186540732
6295,0.510551948051948
6296,0.3320543093270366
6297,0.22675619834710742
6298,1.5645661157024793
6299,0.6773907910271546
6300,1.207939787485242
6301,0.15200708382526565
6302,5.412485242030697
6303,1.9755755608028336
6304,1.3722697756788667
6305,1.7875590318772137
6306,1.0486275088547816
6307,0.31891971664698937
6308,0.753025383707202
6309,0.4018595041322314
6310,0.5200708382526564
6311,0.4290879574970484
6312,0.6341499409681228
6313,1.2170897284533648
6314,0.09961629279811099
6315,0.07969303423848878
6316,0.9009002361275089
6317,0.752435064935065
6318,0.09688606847697757
6319,0.16706021251475797
6320,0.9978600944510035
6321,0.08109504132231404
6322,2.9536599763872493
6323,1.7195247933884297
6324,1.1030106257378984
6325,0.6444805194805195
6326,0.8789846517119244
6327,0.880534238488784
6328,0.6503837072018891
6329,2.6103896103896105
6330,1.296487603305785
6331,1.5650088547815821
6332,1.3783205430932706
6333,1.034607438016529
6334,0.49217827626918537
6335,0.3045306965761511
6336,0.3961776859504132
6337,0.25678866587957494
6338,0.43853305785123964
6339,7.955504722550177
6340,2.9882674144037775
6341,2.950413223140496
6342,2.859651711924439
6343,2.0492916174734357
6344,1.5988783943329399
6345,1.4811097992916176
6346,1.515495867768595
6347,0.8052685950413223
6348,1.1544421487603307
6349,0.6461038961038962
6350,0.2522136953955135
6351,1.9040731995277451
6352,2.1435212514757973
6353,1.1863193624557262
6354,0.2652744982290437
6355,0.38902007083825263
6356,1.1534828807556081
6357,0.9314492325855963
6358,0.5393299881936245
6359,0.9323347107438017
6360,4.5046487603305785
6361,1.428645218417946
6362,1.3564787485242031
6363,1.333530106257379
6364,0.3725649350649351
6365,0.3629722550177096
6366,0.5769628099173554
6367,1.2468270365997638
6368,0.47682998819362454
6369,0.30836776859504134
6370,0.5720188902007084
6371,0.41750295159386064
6372,0.049808146399055495
6373,0.029884887839433293
6374,0.7342089728453365
6375,0.8451889020070837
6376,0.21059622195985833
6377,0.14743211334120426
6378,0.32792207792207795
6379,0.28460743801652894
6380,7.805416174734357
6381,2.572018890200708
6382,1.501254427390791
6383,0.7198199527744983
6384,0.7063902007083824
6385,0.3818624557260921
6386,0.5698789846517119
6387,2.062131050767414
6388,1.688090318772137
6389,1.0377066115702478
6390,1.7122195985832351
6391,1.0121753246753247
6392,1.411525974025974
6393,0.6243358913813459
6394,0.41772432113341207
6395,0.30644923258559625
6396,0.3647432113341204
6397,4.625442739079102
6398,2.6404220779220777
6399,2.3873966942148757
6400,2.5694362455726094
6401,1.063606847697757
6402,1.6954693034238488
6403,1.7899940968122787
6404,0.9867916174734357
6405,0.7065377804014168
6406,0.9550619834710744
6407,0.5719451003541912
6408,0.6951003541912633
6409,0.8006198347107438
6410,2.3883559622195984
6411,1.60271546635183
6412,0.4296782762691854
6413,0.38459268004722547
6414,0.9068034238488782
6415,1.6004279811097994
6416,1.0818329397874853
6417,0.502435064935065
6418,1.6624114521841795
6419,2.5706906729634005
6420,1.6762101534828808
6421,0.8825265643447462
6422,0.8374409681227862
6423,0.6298701298701299
6424,1.1724468713105076
6425,0.47653482880755604
6426,0.6857290436835891
6427,0.7329545454545454
6428,0.7705135773317592
6429,0.8717532467532467
6430,0.06973140495867769
6431,0.2590023612750886
6432,0.3181818181818182
6433,0.16971664698937425
6434,0.33116883116883117
6435,0.25332054309327035
6436,0.59349173553719
6437,0.5836038961038961
6438,4.792945690672964
6439,1.9496015348288078
6440,0.9853896103896103
6441,0.4988931523022432
6442,0.18587662337662336
6443,0.6046340023612751
6444,1.4608175914994095
6445,2.093417945690673
6446,1.636068476977568
6447,1.2120720188902006
6448,0.8925619834710744
6449,1.3660714285714286
6450,0.37367178276269186
6451,0.6890495867768595
6452,0.5441263282172373
6453,0.48457792207792205
6454,0.13931523022432113
6455,5.780253837072019
6456,3.428645218417946
6457,1.0413223140495869
6458,2.2549439197166468
6459,1.7975944510035418
6460,1.2570838252656436
6461,2.3198051948051948
6462,0.9387544273907911
6463,0.615038370720189
6464,0.18794273907910272
6465,0.6751770956316411
6466,0.7829102715466352
6467,3.579840613931523
6468,0.19104191263282172
6469,1.2474173553719008
6470,1.2799586776859504
6471,1.1920749704840614
6472,0.208530106257379
6473,0.4804456906729634
6474,0.21280991735537189
6475,0.29619244391971666
6476,1.0411747343565525
6477,1.5558589138134593
6478,0.6032319952774499
6479,0.46155548996458085
6480,0.7634297520661157
6481,0.6978305785123967
6482,0.6172520661157025
6483,0.4328512396694215
6484,0.931891971664699
6485,0.5231700118063755
6486,0.6224173553719008
6487,0.17547225501770958
6488,0.0
6489,0.20919421487603307
6490,0.7771546635183
6491,0.06700118063754427
6492,0.13023907910271548
6493,0.40008854781582054
6494,0.32991440377804016
6495,0.13127213695395512
6496,6.636953955135773
6497,2.3418683589138136
6498,2.0573347107438016
6499,2.2998081463990556
6500,1.4247343565525383
6501,0.7224763872491146
6502,0.8665141676505312
6503,1.978896103896104
6504,1.528482880755608
6505,1.998155253837072
6506,1.2324380165289255
6507,1.6133412042502953
6508,0.41432998819362454
6509,0.9125590318772137
6510,0.7318476977567887
6511,0.7663813459268005
6512,0.37433589138134593
6513,14.60094451003542
6514,3.469598583234947
6515,2.8305785123966944
6516,3.479634002361275
6517,5.341499409681228
6518,1.9439935064935066
6519,0.8265938606847698
6520,1.9715909090909092
6521,1.4821428571428572
6522,0.6122343565525383
6523,1.1252213695395514
6524,1.2928719008264462
6525,2.072387839433294
6526,1.2876328217237307
6527,1.4935064935064934
6528,1.2691115702479339
6529,0.9582349468713105
6530,0.9371310507674144
6531,1.1607142857142856
6532,1.328586186540732
6533,0.38547815820543097
6534,2.2944952774498226
6535,2.5081906729634005
6536,1.6176948051948052
6537,1.1902302243211333
6538,0.9957939787485243
6539,1.3863636363636362
6540,1.726018299881936
6541,0.9596369539551358
6542,1.0605814639905549
6543,0.8733766233766234
6544,0.7390791027154663
6545,0.4394923258559622
6546,0.32873376623376627
6547,0.20919421487603307
6548,0.7657910271546635
6549,0.13916765053128688
6550,0.3865112160566706
6551,0.4816263282172373
6552,0.8281434474616293
6553,0.32556080283353006
6554,5.086998229043683
6555,4.198273317591499
6556,2.748155253837072
6557,1.449822904368359
6558,0.9849468713105077
6559,0.8775088547815821
6560,0.9780106257378984
6561,1.130534238488784
6562,2.767857142857143
6563,1.717384887839433
6564,0.6452184179456907
6565,1.283353010625738
6566,0.30231700118063753
6567,0.762987012987013
6568,0.6073642266824085
6569,0.609504132231405
6570,0.1630017709563164
6571,7.5987308146399055
6572,2.341720779220779
6573,0.6353305785123966
6574,3.2735389610389607
6575,3.7274940968122787
6576,1.511806375442739
6577,1.8266676505312869
6578,1.4037780401416766
6579,0.806965761511216
6580,1.041396103896104
6581,0.8944805194805194
6582,1.1009445100354192
6583,2.261880165289256
6584,1.3989079102715465
6585,0.9973435655253838
6586,0.7268299881936245
6587,0.5666322314049587
6588,0.7066115702479339
6589,1.394923258559622
6590,1.0932703659976386
6591,0.3977272727272727
6592,3.213695395513578
6593,2.029737308146399
6594,2.403704250295159
6595,1.0725354191263283
6596,1.0818329397874853
6597,0.5904663518299882
6598,1.832423258559622
6599,1.3233471074380165
6600,1.6054456906729633
6601,1.5374114521841795
6602,0.7901416765053129
6603,0.3857733175914994
6604,0.14942443919716647
6605,0.23907910271546634
6606,0.8984651711924438
6607,0.0858913813459268
6608,0.1889757969303424
6609,0.1890495867768595
6610,0.6424144037780402
6611,0.4887101534828807
6612,4.939935064935065
6613,5.365259740259741
6614,3.8419421487603307
6615,1.650236127508855
6616,1.255608028335301
6617,0.9863488783943329
6618,0.7683736717827627
6619,7.2990702479338845
6620,2.952848288075561
6621,2.5249409681227863
6622,0.9977125147579693
6623,2.2972992916174735
6624,0.6397579693034239
6625,3.7182703659976384
6626,0.8465909090909092
6627,1.0410271546635184
6628,0.8060802833530105
6629,15.003763282172374
6630,4.146472845336482
6631,3.941115702479339
6632,3.5144628099173554
6633,3.854412632821724
6634,2.084120425029516
6635,2.439418536009445
6636,3.232659386068477
6637,1.3975059031877213
6638,0.4493801652892562
6639,1.4620720188902006
6640,1.2133264462809918
6641,4.84836186540732
6642,2.621900826446281
6643,1.3729338842975207
6644,1.5208087367178276
6645,0.7292650531286895
6646,2.831759149940968
6647,1.862160566706021
6648,1.0262691853600945
6649,1.258043093270366
6650,7.273538961038961
6651,0.588547815820543
6652,3.0430194805194803
6653,2.167871900826446
6654,1.9471664698937428
6655,1.6223435655253837
6656,2.50103305785124
6657,2.001918536009445
6658,1.5943034238488782
6659,1.000664108618654
6660,1.1083972845336483
6661,0.7166469893742621
6662,0.19923258559622198
6663,0.3386953955135773
6664,1.4382378984651711
6665,0.08729338842975207
6666,0.24837662337662336
6667,0.5955578512396694
6668,0.9206021251475797
6669,0.0
6670,7.643373671782763
6671,2.159607438016529
6672,1.2211481700118063
6673,1.1208677685950414
6674,1.7520661157024793
6675,1.1874262101534827
6676,0.75
6677,3.091499409681228
6678,2.5062721369539553
6679,2.095926800472255
6680,2.2404811097992914
6681,2.0862603305785123
6682,0.6239669421487604
6683,0.8537485242030697
6684,1.3828217237308147
6685,0.8381788665879576
6686,0.20233175914994098
6687,13.721664698937424
6688,6.252508854781582
6689,1.7634297520661157
6690,5.76586481700118
6691,1.8494687131050767
6692,2.507526564344746
6693,1.602641676505313
6694,1.6924439197166468
6695,1.5154220779220782
6696,0.5500295159386068
6697,1.3389167650531286
6698,0.7305194805194806
6699,2.0061245572609208
6700,2.8636363636363633
6701,1.0028778040141675
6702,1.0912042502951593
6703,0.2488931523022432
6704,1.0393299881936247
6705,0.610758559622196
6706,0.47409976387249114
6707,0.662780401416765
6708,2.366956906729634
6709,1.264905548996458
6710,0.9656877213695394
6711,1.67827626918536
6712,0.7595926800472255
6713,0.31220484061393156
6714,0.9265053128689492
6715,0.4145513577331759
6716,1.357733175914994
6717,0.698568476977568
6718,0.42945690672963405
6719,0.5770365997638724
6720,0.4881198347107438
6721,0.10957792207792208
6722,1.475280401416765
6723,1.1997491145218417
6724,0.13503541912632822
6725,0.22609208972845338
6726,1.005460448642267
6727,0.07526564344746163
6728,5.894406729634002
6729,2.1568772136953953
6730,1.134814049586777
6731,0.7420306965761512
6732,0.630608028335301
6733,0.44974911452184185
6734,0.6195395513577331
6735,2.9634002361275087
6736,1.8097697756788667
6737,1.6579102715466352
6738,1.633043093270366
6739,0.6954693034238488
6740,2.208456316410862
6741,0.3068919716646989
6742,0.493875442739079
6743,0.7170159386068476
6744,0.6385773317591499
6745,5.995867768595041
6746,3.201520070838253
6747,2.8512396694214877
6748,1.9312278630460447
6749,1.026564344746163
6750,2.017857142857143
6751,1.510551948051948
6752,0.7634297520661156
6753,0.7302243211334121
6754,1.0202184179456908
6755,0.3212072018890201
6756,0.4533648170011806
6757,1.089064344746163
6758,2.4438459268004724
6759,1.451667650531287
6760,0.5157172373081464
6761,0.47033648170011805
6762,1.6841794569067297
6763,1.6190968122786304
6764,0.9709268004722551
6765,1.3671044864226682
6766,1.887839433293979
6767,1.9845779220779218
6768,2.0561540731995276
6769,1.137322904368359
6770,0.6486127508854782
6771,0.5693624557260921
6772,1.1656582054309328
6773,0.7992178276269184
6774,0.458530106257379
6775,0.4364669421487603
6776,0.7149498229043684
6777,1.0503984651711924
6778,0.22911747343565525
6779,0.5478896103896104
6780,0.6898612750885479
6781,0.24837662337662336
6782,0.6269185360094451
6783,0.2013724911452184
6784,0.9144775678866588
6785,0.6401269185360094
6786,2.3505755608028336
6787,2.3368506493506493
6788,1.8709415584415585
6789,0.5248671782762692
6790,0.5796930342384887
6791,0.3358913813459268
6792,0.4343270365997639
6793,1.3365554899645808
6794,1.2477125147579693
6795,0.9033353010625739
6796,1.203659976387249
6797,0.7171635182998819
6798,0.6601977567886659
6799,0.5101829988193625
6800,0.412116292798111
6801,0.287116292798111
6802,0.4567591499409681
6803,3.774055489964581
6804,1.565746753246753
6805,1.6735537190082646
6806,1.4290141676505312
6807,1.4274645808736717
6808,1.5205873671782761
6809,1.5839728453364816
6810,0.5423553719008265
6811,0.5203659976387249
6812,1.149129279811098
6813,0.3761068476977568
6814,0.3568476977567887
6815,2.706611570247934
6816,1.108987603305785
6817,0.9874557260920898
6818,0.46841794569067297
6819,0.29766824085005905
6820,1.5681818181818181
6821,1.021620425029516
6822,0.6476534828807556
6823,0.21273612750885476
6824,2.087662337662338
6825,1.6395365997638724
6826,2.2304456906729633
6827,0.7919126328217237
6828,0.6976829988193625
6829,0.5467089728453365
6830,0.8722697756788667
6831,0.7805489964580873
6832,0.5841942148760331
6833,0.48420897284533654
6834,0.6314197166469893
6835,0.6996753246753247
6836,0.049808146399055495
6837,0.32873376623376627
6838,0.8631198347107438
6839,0.09998524203069659
6840,0.2277892561983471
6841,0.1649940968122786
6842,0.4162485242030697
6843,0.12750885478158205
6844,7.0033205430932695
6845,2.781655844155844
6846,2.0558589138134593
6847,0.43012101534828806
6848,1.6036747343565525
6849,1.344598583234947
6850,0.962293388429752
6851,3.5441263282172373
6852,2.0038370720188903
6853,2.1184327036599764
6854,1.3263724911452184
6855,1.0101829988193625
6856,2.240702479338843
6857,0.31456611570247933
6858,0.8916765053128689
6859,0.3565525383707202
6860,1.9147727272727273
6861,13.181523022432113
6862,2.9149940968122787
6863,2.8791322314049586
6864,4.383633412042503
6865,1.5889167650531286
6866,4.507378984651711
6867,0.8987603305785123
6868,1.2694067296340024
6869,1.2205578512396695
6870,1.0695838252656433
6871,0.40547520661157027
6872,0.2431375442739079
6873,2.1279515938606846
6874,2.516086186540732
6875,0.510551948051948
6876,0.3320543093270366
6877,0.22675619834710742
6878,1.5645661157024793
6879,0.6773907910271546
6880,1.207939787485242
6881,0.15200708382526565
6882,5.412485242030697
6883,1.9755755608028336
6884,1.3722697756788667
6885,1.7875590318772137
6886,1.0486275088547816
6887,0.31891971664698937
6888,0.753025383707202
6889,0.4018595041322314
6890,0.5200708382526564
6891,0.4290879574970484
6892,0.6341499409681228
6893,1.2170897284533648
6894,0.09961629279811099
6895,0.07969303423848878
6896,0.9009002361275089
6897,0.752435064935065
6898,0.09688606847697757
6899,0.16706021251475797
6900,0.9978600944510035
6901,0.08109504132231404
6902,2.9536599763872493
6903,1.7195247933884297
6904,1.1030106257378984
6905,0.6444805194805195
6906,0.8789846517119244
6907,0.880534238488784
6908,0.6503837072018891
6909,2.6103896103896105
6910,1.296487603305785
6911,1.5650088547815821
6912,1.3783205430932706
6913,1.034607438016529
6914,0.49217827626918537
6915,0.3045306965761511
6916,0.3961776859504132
6917,0.25678866587957494
6918,0.43853305785123964
6919,7.955504722550177
6920,2.9882674144037775
6921,2.950413223140496
6922,2.859651711924439
6923,2.0492916174734357
6924,1.5988783943329399
6925,1.4811097992916176
6926,1.515495867768595
6927,0.8052685950413223
6928,1.1544421487603307
6929,0.6461038961038962
6930,0.2522136953955135
6931,1.9040731995277451
6932,2.1435212514757973
6933,1.1863193624557262
6934,0.2652744982290437
6935,0.38902007083825263
6936,1.1534828807556081
6937,0.9314492325855963
6938,0.5393299881936245
6939,0.9323347107438017
6940,4.5046487603305785
6941,1.428645218417946
6942,1.3564787485242031
6943,1.333530106257379
6944,0.3725649350649351
6945,0.3629722550177096
6946,0.5769628099173554
6947,1.2468270365997638
6948,0.47682998819362454
6949,0.30836776859504134
6950,0.5720188902007084
6951,0.41750295159386064
6952,0.049808146399055495
6953,0.029884887839433293
6954,0.7342089728453365
6955,0.8451889020070837
6956,0.21059622195985833
6957,0.14743211334120426
6958,0.32792207792207795
6959,0.28460743801652894
6960,7.805416174734357
6961,2.572018890200708
6962,1.501254427390791
6963,0.7198199527744983
6964,0.7063902007083824
6965,0.3818624557260921
6966,0.5698789846517119
6967,2.062131050767414
6968,1.688090318772137
6969,1.0377066115702478
6970,1.7122195985832351
6971,1.0121753246753247
6972,1.411525974025974
6973,0.6243358913813459
6974,0.41772432113341207
6975,0.30644923258559625
6976,0.3647432113341204
6977,4.625442739079102
6978,2.6404220779220777
6979,2.3873966942148757
6980,2.5694362455726094
6981,1.063606847697757
6982,1.6954693034238488
6983,1.7899940968122787
6984,0.9867916174734357
6985,0.7065377804014168
6986,0.9550619834710744
6987,0.5719451003541912
6988,0.6951003541912633
6989,0.8006198347107438
6990,2.3883559622195984
6991,1.60271546635183
6992,0.4296782762691854
6993,0.38459268004722547
6994,0.9068034238488782
6995,1.6004279811097994
6996,1.0818329397874853
6997,0.502435064935065
6998,1.6624114521841795
6999,2.5706906729634005
7000,1.6762101534828808
7001,0.8825265643447462
7002,0.8374409681227862
7003,0.6298701298701299
7004,1.1724468713105076
7005,0.47653482880755604
7006,0.6857290436835891
7007,0.7329545454545454
7008,0.7705135773317592
7009,0.8717532467532467
7010,0.06973140495867769
7011,0.2590023612750886
7012,0.3181818181818182
7013,0.16971664698937425
7014,0.33116883116883117
7015,0.25332054309327035
7016,0.59349173553719
7017,0.5836038961038961
7018,4.792945690672964
7019,1.9496015348288078
7020,0.9853896103896103
7021,0.4988931523022432
7022,0.18587662337662336
7023,0.6046340023612751
7024,1.4608175914994095
7025,2.093417945690673
7026,1.636068476977568
7027,1.2120720188902006
7028,0.8925619834710744
7029,1.3660714285714286
7030,0.37367178276269186
7031,0.6890495867768595
7032,0.5441263282172373
7033,0.48457792207792205
7034,0.13931523022432113
7035,5.780253837072019
7036,3.428645218417946
7037,1.0413223140495869
7038,2.2549439197166468
7039,1.7975944510035418
7040,1.2570838252656436
7041,2.3198051948051948
7042,0.9387544273907911
7043,0.615038370720189
7044,0.18794273907910272
7045,0.6751770956316411
7046,0.7829102715466352
7047,3.579840613931523
7048,0.19104191263282172
7049,1.2474173553719008
7050,1.2799586776859504
7051,1.1920749704840614
7052,0.208530106257379
7053,0.4804456906729634
7054,0.21280991735537189
7055,0.29619244391971666
7056,1.0411747343565525
7057,1.5558589138134593
7058,0.6032319952774499
7059,0.46155548996458085
7060,0.7634297520661157
7061,0.6978305785123967
7062,0.6172520661157025
7063,0.4328512396694215
7064,0.931891971664699
7065,0.5231700118063755
7066,0.6224173553719008
7067,0.17547225501770958
7068,0.0
7069,0.20919421487603307
7070,0.7771546635183
7071,0.06700118063754427
7072,0.13023907910271548
7073,0.40008854781582054
7074,0.32991440377804016
7075,0.13127213695395512
7076,6.636953955135773
7077,2.3418683589138136
7078,2.0573347107438016
7079,2.2998081463990556
7080,1.4247343565525383
7081,0.7224763872491146
7082,0.8665141676505312
7083,1.978896103896104
7084,1.528482880755608
7085,1.998155253837072
7086,1.2324380165289255
7087,1.6133412042502953
7088,0.41432998819362454
7089,0.9125590318772137
7090,0.7318476977567887
7091,0.7663813459268005
7092,0.37433589138134593
7093,14.60094451003542
7094,3.469598583234947
7095,2.8305785123966944
7096,3.479634002361275
7097,5.341499409681228
7098,1.9439935064935066
7099,0.8265938606847698
7100,1.9715909090909092
7101,1.4821428571428572
7102,0.6122343565525383
7103,1.1252213695395514
7104,1.2928719008264462
7105,2.072387839433294
7106,1.2876328217237307
7107,1.4935064935064934
7108,1.2691115702479339
7109,0.9582349468713105
7110,0.9371310507674144
7111,1.1607142857142856
7112,1.328586186540732
7113,0.38547815820543097
7114,2.2944952774498226
7115,2.5081906729634005
7116,1.6176948051948052
7117,1.1902302243211333
7118,0.9957939787485243
7119,1.3863636363636362
7120,1.726018299881936
7121,0.9596369539551358
7122,1.0605814639905549
7123,0.8733766233766234
7124,0.7390791027154663
7125,0.4394923258559622
7126,0.32873376623376627
7127,0.20919421487603307
7128,0.7657910271546635
7129,0.13916765053128688
7130,0.3865112160566706
7131,0.4816263282172373
7132,0.8281434474616293
7133,0.32556080283353006
7134,5.086998229043683
7135,4.198273317591499
7136,2.748155253837072
7137,1.449822904368359
7138,0.9849468713105077
7139,0.8775088547815821
7140,0.9780106257378984
7141,1.130534238488784
7142,2.767857142857143
7143,1.717384887839433
7144,0.6452184179456907
7145,1.283353010625738
7146,0.30231700118063753
7147,0.762987012987013
7148,0.6073642266824085
7149,0.609504132231405
7150,0.1630017709563164
7151,7.5987308146399055
7152,2.341720779220779
7153,0.6353305785123966
7154,3.2735389610389607
7155,3.7274940968122787
7156,1.511806375442739
7157,1.8266676505312869
7158,1.4037780401416766
7159,0.806965761511216
7160,1.041396103896104
7161,0.8944805194805194
7162,1.1009445100354192
7163,2.261880165289256
7164,1.3989079102715465
7165,0.9973435655253838
7166,0.7268299881936245
7167,0.5666322314049587
7168,0.7066115702479339
7169,1.394923258559622
7170,1.0932703659976386
7171,0.3977272727272727
7172,3.213695395513578
7173,2.029737308146399
7174,2.403704250295159
7175,1.0725354191263283
7176,1.0818329397874853
7177,0.5904663518299882
7178,1.832423258559622
7179,1.3233471074380165
7180,1.6054456906729633
7181,1.5374114521841795
7182,0.7901416765053129
7183,0.3857733175914994
7184,0.14942443919716647
7185,0.23907910271546634
7186,0.8984651711924438
7187,0.0858913813459268
7188,0.1889757969303424
7189,0.1890495867768595
7190,0.6424144037780402
7191,0.4887101534828807
7192,4.939935064935065
7193,5.365259740259741
7194,3.8419421487603307
7195,1.650236127508855
7196,1.255608028335301
7197,0.9863488783943329
7198,0.7683736717827627
7199,7.2990702479338845
7200,2.952848288075561
7201,2.5249409681227863
7202,0.9977125147579693
7203,2.2972992916174735
7204,0.6397579693034239
7205,3.7182703659976384
7206,0.8465909090909092
7207,1.0410271546635184
7208,0.8060802833530105
7209,15.003763282172374
7210,4.146472845336482
7211,3.941115702479339
7212,3.5144628099173554
7213,3.854412632821724
7214,2.084120425029516
7215,2.439418536009445
7216,3.232659386068477
7217,1.3975059031877213
7218,0.4493801652892562
7219,1.4620720188902006
7220,1.2133264462809918
7221,4.84836186540732
7222,2.621900826446281
7223,1.3729338842975207
7224,1.5208087367178276
7225,0.7292650531286895
7226,2.831759149940968
7227,1.862160566706021
7228,1.0262691853600945
7229,1.258043093270366
7230,7.273538961038961
7231,0.588547815820543
7232,3.0430194805194803
7233,2.167871900826446
7234,1.9471664698937428
7235,1.6223435655253837
7236,2.50103305785124
7237,2.001918536009445
7238,1.5943034238488782
7239,1.000664108618654
7240,1.1083972845336483
7241,0.7166469893742621
7242,0.19923258559622198
7243,0.3386953955135773
7244,1.4382378984651711
7245,0.08729338842975207
7246,0.24837662337662336
7247,0.5955578512396694
7248,0.9206021251475797
7249,0.0
7250,7.643373671782763
7251,2.159607438016529
7252,1.2211481700118063
7253,1.1208677685950414
7254,1.7520661157024793
7255,1.1874262101534827
7256,0.75
7257,3.091499409681228
7258,2.5062721369539553
7259,2.095926800472255
7260,2.2404811097992914
7261,2.0862603305785123
7262,0.6239669421487604
7263,0.8537485242030697
7264,1.3828217237308147
7265,0.8381788665879576
7266,0.20233175914994098
7267,13.721664698937424
7268,6.252508854781582
7269,1.7634297520661157
7270,5.76586481700118
7271,1.8494687131050767
7272,2.507526564344746
7273,1.602641676505313
7274,1.6924439197166468
7275,1.5154220779220782
7276,0.5500295159386068
7277,1.3389167650531286
7278,0.7305194805194806
7279,2.0061245572609208
7280,2.8636363636363633
7281,1.0028778040141675
7282,1.0912042502951593
7283,0.2488931523022432
7284,1.0393299881936247
7285,0.610758559622196
7286,0.47409976387249114
7287,0.662780401416765
7288,2.366956906729634
7289,1.264905548996458
7290,0.9656877213695394
7291,1.67827626918536
7292,0.7595926800472255
7293,0.31220484061393156
7294,0.9265053128689492
7295,0.4145513577331759
7296,1.357733175914994
7297,0.698568476977568
7298,0.42945690672963405
7299,0.5770365997638724
7300,0.4881198347107438
7301,0.10957792207792208
7302,1.475280401416765
7303,1.1997491145218417
7304,0.13503541912632822
7305,0.22609208972845338
7306,1.005460448642267
7307,0.07526564344746163
7308,5.894406729634002
7309,2.1568772136953953
7310,1.134814049586777
7311,0.7420306965761512
7312,0.630608028335301
7313,0.44974911452184185
7314,0.6195395513577331
7315,2.9634002361275087
7316,1.8097697756788667
7317,1.6579102715466352
7318,1.633043093270366
7319,0.6954693034238488
7320,2.208456316410862
7321,0.3068919716646989
7322,0.493875442739079
7323,0.7170159386068476
7324,0.6385773317591499
7325,5.995867768595041
7326,3.201520070838253
7327,2.8512396694214877
7328,1.9312278630460447
7329,1.026564344746163
7330,2.017857142857143
7331,1.510551948051948
7332,0.7634297520661156
7333,0.7302243211334121
7334,1.0202184179456908
7335,0.3212072018890201
7336,0.4533648170011806
7337,1.089064344746163
7338,2.4438459268004724
7339,1.451667650531287
7340,0.5157172373081464
7341,0.47033648170011805
7342,1.6841794569067297
7343,1.6190968122786304
7344,0.9709268004722551
7345,1.3671044864226682
7346,1.887839433293979
7347,1.9845779220779218
7348,2.0561540731995276
7349,1.137322904368359
7350,0.6486127508854782
7351,0.5693624557260921
7352,1.1656582054309328
7353,0.7992178276269184
7354,0.458530106257379
7355,0.4364669421487603
7356,0.7149498229043684
7357,1.0503984651711924
7358,0.22911747343565525
7359,0.5478896103896104
7360,0.6898612750885479
7361,0.24837662337662336
7362,0.6269185360094451
7363,0.2013724911452184
7364,0.9144775678866588
7365,0.6401269185360094
7366,2.3505755608028336
7367,2.3368506493506493
7368,1.8709415584415585
7369,0.5248671782762692
7370,0.5796930342384887
7371,0.3358913813459268
7372,0.4343270365997639
7373,1.3365554899645808
7374,1.2477125147579693
7375,0.9033353010625739
7376,1.203659976387249
7377,0.7171635182998819
7378,0.6601977567886659
7379,0.5101829988193625
7380,0.412116292798111
7381,0.287116292798111
7382,0.4567591499409681
7383,3.774055489964581
7384,1.565746753246753
7385,1.6735537190082646
7386,1.4290141676505312
7387,1.4274645808736717
7388,1.5205873671782761
7389,1.5839728453364816
7390,0.5423553719008265
7391,0.5203659976387249
7392,1.149129279811098
7393,0.3761068476977568
7394,0.3568476977567887
7395,2.706611570247934
7396,1.108987603305785
7397,0.9874557260920898
7398,0.46841794569067297
7399,0.29766824085005905
7400,1.5681818181818181
7401,1.021620425029516
7402,0.6476534828807556
7403,0.21273612750885476
7404,2.087662337662338
7405,1.6395365997638724
7406,2.2304456906729633
7407,0.7919126328217237
7408,0.6976829988193625
7409,0.5467089728453365
7410,0.8722697756788667
7411,0.7805489964580873
7412,0.5841942148760331
7413,0.48420897284533654
7414,0.6314197166469893
7415,0.6996753246753247
7416,0.049808146399055495
7417,0.32873376623376627
7418,0.8631198347107438
7419,0.09998524203069659
7420,0.2277892561983471
7421,0.1649940968122786
7422,0.4162485242030697
7423,0.12750885478158205
7424,7.0033205430932695
7425,2.781655844155844
7426,2.0558589138134593
7427,0.43012101534828806
7428,1.6036747343565525
7429,1.344598583234947
7430,0.962293388429752
7431,3.5441263282172373
7432,2.0038370720188903
7433,2.1184327036599764
7434,1.3263724911452184
7435,1.0101829988193625
7436,2.240702479338843
7437,0.31456611570247933
7438,0.8916765053128689
7439,0.3565525383707202
7440,1.9147727272727273
7441,13.181523022432113
7442,2.9149940968122787
7443,2.8791322314049586
7444,4.383633412042503
7445,1.5889167650531286
7446,4.507378984651711
7447,0.8987603305785123
7448,1.2694067296340024
7449,1.2205578512396695
7450,1.0695838252656433
7451,0.40547520661157027
7452,0.2431375442739079
7453,2.1279515938606846
7454,2.516086186540732
7455,0.510551948051948
7456,0.3320543093270366
7457,0.22675619834710742
7458,1.5645661157024793
7459,0.6773907910271546
7460,1.207939787485242
7461,0.15200708382526565
7462,5.412485242030697
7463,1.9755755608028336
7464,1.3722697756788667
7465,1.7875590318772137
7466,1.0486275088547816
7467,0.31891971664698937
7468,0.753025383707202
7469,0.4018595041322314
7470,0.5200708382526564
7471,0.4290879574970484
7472,0.6341499409681228
7473,1.2170897284533648
7474,0.09961629279811099
7475,0.07969303423848878
7476,0.9009002361275089
7477,0.752435064935065
7478,0.09688606847697757
7479,0.16706021251475797
7480,0.9978600944510035
7481,0.08109504132231404
7482,2.9536599763872493
7483,1.7195247933884297
7484,1.1030106257378984
7485,0.6444805194805195
7486,0.8789846517119244
7487,0.880534238488784
7488,0.6503837072018891
7489,2.6103896103896105
7490,1.296487603305785
7491,1.5650088547815821
7492,1.3783205430932706
7493,1.034607438016529
7494,0.49217827626918537
7495,0.3045306965761511
7496,0.3961776859504132
7497,0.25678866587957494
7498,0.43853305785123964
7499,7.955504722550177
7500,2.9882674144037775
7501,2.950413223140496
7502,2.859651711924439
7503,2.0492916174734357
7504,1.5988783943329399
7505,1.4811097992916176
7506,1.515495867768595
7507,0.8052685950413223
7508,1.1544421487603307
7509,0.6461038961038962
7510,0.2522136953955135
7511,1.9040731995277451
7512,2.1435212514757973
7513,1.1863193624557262
7514,0.2652744982290437
7515,0.38902007083825263
7516,1.1534828807556081
7517,0.9314492325855963
7518,0.5393299881936245
7519,0.9323347107438017
7520,4.5046487603305785
7521,1.428645218417946
7522,1.3564787485242031
7523,1.333530106257379
7524,0.3725649350649351
7525,0.3629722550177096
7526,0.5769628099173554
7527,1.2468270365997638
7528,0.47682998819362454
7529,0.30836776859504134
7530,0.5720188902007084
7531,0.41750295159386064
7532,0.049808146399055495
7533,0.029884887839433293
7534,0.7342089728453365
7535,0.8451889020070837
7536,0.21059622195985833
7537,0.14743211334120426
7538,0.32792207792207795
7539,0.28460743801652894
7540,7.805416174734357
7541,2.572018890200708
7542,1.501254427390791
7543,0.7198199527744983
7544,0.7063902007083824
7545,0.3818624557260921
7546,0.5698789846517119
7547,2.062131050767414
7548,1.688090318772137
7549,1.0377066115702478
7550,1.7122195985832351
7551,1.0121753246753247
7552,1.411525974025974
7553,0.6243358913813459
7554,0.41772432113341207
7555,0.30644923258559625
7556,0.3647432113341204
7557,4.625442739079102
7558,2.6404220779220777
7559,2.3873966942148757
7560,2.5694362455726094
7561,1.063606847697757
7562,1.6954693034238488
7563,1.7899940968122787
7564,0.9867916174734357
7565,0.7065377804014168
7566,0.9550619834710744
7567,0.5719451003541912
7568,0.6951003541912633
7569,0.8006198347107438
7570,2.3883559622195984
7571,1.60271546635183
7572,0.4296782762691854
7573,0.38459268004722547
7574,0.9068034238488782
7575,1.6004279811097994
7576,1.0818329397874853
7577,0.502435064935065
7578,1.6624114521841795
7579,2.5706906729634005
7580,1.6762101534828808
7581,0.8825265643447462
7582,0.8374409681227862
7583,0.6298701298701299
7584,1.1724468713105076
7585,0.47653482880755604
7586,0.6857290436835891
7587,0.7329545454545454
7588,0.7705135773317592
7589,0.8717532467532467
7590,0.06973140495867769
7591,0.2590023612750886
7592,0.3181818181818182
7593,0.16971664698937425
7594,0.33116883116883117
7595,0.25332054309327035
7596,0.59349173553719
7597,0.5836038961038961
7598,4.792945690672964
7599,1.9496015348288078
7600,0.9853896103896103
7601,0.4988931523022432
7602,0.18587662337662336
7603,0.6046340023612751
7604,1.4608175914994095
7605,2.093417945690673
7606,1.636068476977568
7607,1.2120720188902006
7608,0.8925619834710744
7609,1.3660714285714286
7610,0.37367178276269186
7611,0.6890495867768595
7612,0.5441263282172373
7613,0.48457792207792205
7614,0.13931523022432113
7615,5.780253837072019
7616,3.428645218417946
7617,1.0413223140495869
7618,2.2549439197166468
7619,1.7975944510035418
7620,1.2570838252656436
7621,2.3198051948051948
7622,0.9387544273907911
7623,0.615038370720189
7624,0.18794273907910272
7625,0.6751770956316411
7626,0.7829102715466352
7627,3.579840613931523
7628,0.19104191263282172
7629,1.2474173553719008
7630,1.2799586776859504
7631,1.1920749704840614
7632,0.208530106257379
7633,0.4804456906729634
7634,0.21280991735537189
7635,0.29619244391971666
7636,1.0411747343565525
7637,1.5558589138134593
7638,0.6032319952774499
7639,0.46155548996458085
7640,0.7634297520661157
7641,0.6978305785123967
7642,0.6172520661157025
7643,0.4328512396694215
7644,0.931891971664699
7645,0.5231700118063755
7646,0.6224173553719008
7647,0.17547225501770958
7648,0.0
7649,0.20919421487603307
7650,0.7771546635183
7651,0.06700118063754427
7652,0.13023907910271548
7653,0.40008854781582054
7654,0.32991440377804016
7655,0.13127213695395512
7656,6.636953955135773
7657,2.3418683589138136
7658,2.0573347107438016
7659,2.2998081463990556
7660,1.4247343565525383
7661,0.7224763872491146
7662,0.8665141676505312
7663,1.978896103896104
7664,1.528482880755608
7665,1.998155253837072
7666,1.2324380165289255
7667,1.6133412042502953
7668,0.41432998819362454
7669,0.9125590318772137
7670,0.7318476977567887
7671,0.7663813459268005
7672,0.37433589138134593
7673,14.60094451003542
7674,3.469598583234947
7675,2.8305785123966944
7676,3.479634002361275
7677,5.341499409681228
7678,1.9439935064935066
7679,0.8265938606847698
7680,1.9715909090909092
7681,1.4821428571428572
7682,0.6122343565525383
7683,1.1252213695395514
7684,1.2928719008264462
7685,2.072387839433294
7686,1.2876328217237307
7687,1.4935064935064934
7688,1.2691115702479339
7689,0.9582349468713105
7690,0.9371310507674144
7691,1.1607142857142856
7692,1.328586186540732
7693,0.38547815820543097
7694,2.2944952774498226
7695,2.5081906729634005
7696,1.6176948051948052
7697,1.1902302243211333
7698,0.9957939787485243
7699,1.3863636363636362
7700,1.726018299881936
7701,0.9596369539551358
7702,1.0605814639905549
7703,0.8733766233766234
7704,0.7390791027154663
7705,0.4394923258559622
7706,0.32873376623376627
7707,0.20919421487603307
7708,0.7657910271546635
7709,0.13916765053128688
7710,0.3865112160566706
7711,0.4816263282172373
7712,0.8281434474616293
7713,0.32556080283353006
7714,5.086998229043683
7715,4.198273317591499
7716,2.748155253837072
7717,1.449822904368359
7718,0.9849468713105077
7719,0.8775088547815821
7720,0.9780106257378984
7721,1.130534238488784
7722,2.767857142857143
7723,1.717384887839433
7724,0.6452184179456907
7725,1.283353010625738
7726,0.30231700118063753
7727,0.762987012987013
7728,0.6073642266824085
7729,0.609504132231405
7730,0.1630017709563164
7731,7.5987308146399055
7732,2.341720779220779
7733,0.6353305785123966
7734,3.2735389610389607
7735,3.7274940968122787
7736,1.511806375442739
7737,1.8266676505312869
7738,1.4037780401416766
7739,0.806965761511216
7740,1.041396103896104
7741,0.8944805194805194
7742,1.1009445100354192
7743,2.261880165289256
7744,1.3989079102715465
7745,0.9973435655253838
7746,0.7268299881936245
7747,0.5666322314049587
7748,0.7066115702479339
7749,1.394923258559622
7750,1.0932703659976386
7751,0.3977272727272727
7752,3.213695395513578
7753,2.029737308146399
7754,2.403704250295159
7755,1.0725354191263283
7756,1.0818329397874853
7757,0.5904663518299882
7758,1.832423258559622
7759,1.3233471074380165
7760,1.6054456906729633
7761,1.5374114521841795
7762,0.7901416765053129
7763,0.3857733175914994
7764,0.14942443919716647
7765,0.23907910271546634
7766,0.8984651711924438
7767,0.0858913813459268
7768,0.1889757969303424
7769,0.1890495867768595
7770,0.6424144037780402
7771,0.4887101534828807
7772,4.939935064935065
7773,5.365259740259741
7774,3.8419421487603307
7775,1.650236127508855
7776,1.255608028335301
7777,0.9863488783943329
7778,0.7683736717827627
7779,7.2990702479338845
7780,2.952848288075561
7781,2.5249409681227863
7782,0.9977125147579693
7783,2.2972992916174735
7784,0.6397579693034239
7785,3.7182703659976384
7786,0.8465909090909092
7787,1.0410271546635184
7788,0.8060802833530105
7789,15.003763282172374
7790,4.146472845336482
7791,3.941115702479339
7792,3.5144628099173554
7793,3.854412632821724
7794,2.084120425029516
7795,2.439418536009445
7796,3.232659386068477
7797,1.3975059031877213
7798,0.4493801652892562
7799,1.4620720188902006
7800,1.2133264462809918
7801,4.84836186540732
7802,2.621900826446281
7803,1.3729338842975207
7804,1.5208087367178276
7805,0.7292650531286895
7806,2.831759149940968
7807,1.862160566706021
7808,1.0262691853600945
7809,1.258043093270366
7810,7.273538961038961
7811,0.588547815820543
7812,3.0430194805194803
7813,2.167871900826446
7814,1.9471664698937428
7815,1.6223435655253837
7816,2.50103305785124
7817,2.001918536009445
7818,1.5943034238488782
7819,1.000664108618654
7820,1.1083972845336483
7821,0.7166469893742621
7822,0.19923258559622198
7823,0.3386953955135773
7824,1.4382378984651711
7825,0.08729338842975207
7826,0.24837662337662336
7827,0.5955578512396694
7828,0.9206021251475797
7829,0.0
7830,7.643373671782763
7831,2.159607438016529
7832,1.2211481700118063
7833,1.1208677685950414
7834,1.7520661157024793
7835,1.1874262101534827
7836,0.75
7837,3.091499409681228
7838,2.5062721369539553
7839,2.095926800472255
7840,2.2404811097992914
7841,2.0862603305785123
7842,0.6239669421487604
7843,0.8537485242030697
7844,1.3828217237308147
7845,0.8381788665879576
7846,0.20233175914994098
7847,13.721664698937424
7848,6.252508854781582
7849,1.7634297520661157
7850,5.76586481700118
7851,1.8494687131050767
7852,2.507526564344746
7853,1.602641676505313
7854,1.6924439197166468
7855,1.5154220779220782
7856,0.5500295159386068
7857,1.3389167650531286
7858,0.7305194805194806
7859,2.0061245572609208
7860,2.8636363636363633
7861,1.0028778040141675
7862,1.0912042502951593
7863,0.2488931523022432
7864,1.0393299881936247
7865,0.610758559622196
7866,0.47409976387249114
7867,0.662780401416765
7868,2.366956906729634
7869,1.264905548996458
7870,0.9656877213695394
7871,1.67827626918536
7872,0.7595926800472255
7873,0.31220484061393156
7874,0.9265053128689492
7875,0.4145513577331759
7876,1.357733175914994
7877,0.698568476977568
7878,0.42945690672963405
7879,0.5770365997638724
7880,0.4881198347107438
7881,0.10957792207792208
7882,1.475280401416765
7883,1.1997491145218417
7884,0.13503541912632822
7885,0.22609208972845338
7886,1.005460448642267
7887,0.07526564344746163
7888,5.894406729634002
7889,2.1568772136953953
7890,1.134814049586777
7891,0.7420306965761512
7892,0.630608028335301
7893,0.44974911452184185
7894,0.6195395513577331
7895,2.9634002361275087
7896,1.8097697756788667
7897,1.6579102715466352
7898,1.633043093270366
7899,0.6954693034238488
7900,2.208456316410862
7901,0.3068919716646989
7902,0.493875442739079
7903,0.7170159386068476
7904,0.6385773317591499
7905,5.995867768595041
7906,3.201520070838253
7907,2.8512396694214877
7908,1.9312278630460447
7909,1.026564344746163
7910,2.017857142857143
7911,1.510551948051948
7912,0.7634297520661156
7913,0.7302243211334121
7914,1.0202184179456908
7915,0.3212072018890201
7916,0.4533648170011806
7917,1.089064344746163
7918,2.4438459268004724
7919,1.451667650531287
7920,0.5157172373081464
7921,0.47033648170011805
7922,1.6841794569067297
7923,1.6190968122786304
7924,0.9709268004722551
7925,1.3671044864226682
7926,1.887839433293979
7927,1.9845779220779218
7928,2.0561540731995276
7929,1.137322904368359
7930,0.6486127508854782
7931,0.5693624557260921
7932,1.1656582054309328
7933,0.7992178276269184
7934,0.458530106257379
7935,0.4364669421487603
7936,0.7149498229043684
7937,1.0503984651711924
7938,0.22911747343565525
7939,0.5478896103896104
7940,0.6898612750885479
7941,0.24837662337662336
7942,0.6269185360094451
7943,0.2013724911452184
7944,0.9144775678866588
7945,0.6401269185360094
7946,2.3505755608028336
7947,2.3368506493506493
7948,1.8709415584415585
7949,0.5248671782762692
7950,0.5796930342384887
7951,0.3358913813459268
7952,0.4343270365997639
7953,1.3365554899645808
7954,1.2477125147579693
7955,0.9033353010625739
7956,1.203659976387249
7957,0.7171635182998819
7958,0.6601977567886659
7959,0.5101829988193625
7960,0.412116292798111
7961,0.287116292798111
7962,0.4567591499409681
7963,3.774055489964581
7964,1.565746753246753
7965,1.6735537190082646
7966,1.4290141676505312
7967,1.4274645808736717
7968,1.5205873671782761
7969,1.5839728453364816
7970,0.5423553719008265
7971,0.5203659976387249
7972,1.149129279811098
7973,0.3761068476977568
7974,0.3568476977567887
7975,2.706611570247934
7976,1.108987603305785
7977,0.9874557260920898
7978,0.46841794569067297
7979,0.29766824085005905
7980,1.5681818181818181
7981,1.021620425029516
7982,0.6476534828807556
7983,0.21273612750885476
7984,2.087662337662338
7985,1.6395365997638724
7986,2.2304456906729633
7987,0.7919126328217237
7988,0.6976829988193625
7989,0.5467089728453365
7990,0.8722697756788667
7991,0.7805489964580873
7992,0.5841942148760331
7993,0.48420897284533654
7994,0.6314197166469893
7995,0.6996753246753247
7996,0.049808146399055495
7997,0.32873376623376627
7998,0.8631198347107438
7999,0.09998524203069659
8000,0.2277892561983471
8001,0.1649940968122786
8002,0.4162485242030697
8003,0.12750885478158205
8004,7.0033205430932695
8005,2.781655844155844
8006,2.0558589138134593
8007,0.43012101534828806
8008,1.6036747343565525
8009,1.344598583234947
8010,0.962293388429752
8011,3.5441263282172373
8012,2.0038370720188903
8013,2.1184327036599764
8014,1.3263724911452184
8015,1.0101829988193625
8016,2.240702479338843
8017,0.31456611570247933
8018,0.8916765053128689
8019,0.3565525383707202
8020,1.9147727272727273
8021,13.181523022432113
8022,2.9149940968122787
8023,2.8791322314049586
8024,4.383633412042503
8025,1.5889167650531286
8026,4.507378984651711
8027,0.8987603305785123
8028,1.2694067296340024
8029,1.2205578512396695
8030,1.0695838252656433
8031,0.40547520661157027
8032,0.2431375442739079
8033,2.1279515938606846
8034,2.516086186540732
8035,0.510551948051948
8036,0.3320543093270366
8037,0.22675619834710742
8038,1.5645661157024793
8039,0.6773907910271546
8040,1.207939787485242
8041,0.15200708382526565
8042,5.412485242030697
8043,1.9755755608028336
8044,1.3722697756788667
8045,1.7875590318772137
8046,1.0486275088547816
8047,0.31891971664698937
8048,0.753025383707202
8049,0.4018595041322314
8050,0.5200708382526564
8051,0.4290879574970484
8052,0.6341499409681228
8053,1.2170897284533648
8054,0.09961629279811099
8055,0.07969303423848878
8056,0.9009002361275089
8057,0.752435064935065
8058,0.09688606847697757
8059,0.16706021251475797
8060,0.9978600944510035
8061,0.08109504132231404
8062,2.9536599763872493
8063,1.7195247933884297
8064,1.1030106257378984
8065,0.6444805194805195
8066,0.8789846517119244
8067,0.880534238488784
8068,0.6503837072018891
8069,2.6103896103896105
8070,1.296487603305785
8071,1.5650088547815821
8072,1.3783205430932706
8073,1.034607438016529
8074,0.49217827626918537
8075,0.3045306965761511
8076,0.3961776859504132
8077,0.25678866587957494
8078,0.43853305785123964
8079,7.955504722550177
8080,2.9882674144037775
8081,2.950413223140496
8082,2.859651711924439
8083,2.0492916174734357
8084,1.5988783943329399
8085,1.4811097992916176
8086,1.515495867768595
8087,0.8052685950413223
8088,1.1544421487603307
8089,0.6461038961038962
8090,0.2522136953955135
8091,1.9040731995277451
8092,2.1435212514757973
8093,1.1863193624557262
8094,0.2652744982290437
8095,0.38902007083825263
8096,1.1534828807556081
8097,0.9314492325855963
8098,0.5393299881936245
8099,0.9323347107438017
8100,4.5046487603305785
8101,1.428645218417946
8102,1.3564787485242031
8103,1.333530106257379
8104,0.3725649350649351
8105,0.3629722550177096
8106,0.5769628099173554
8107,1.2468270365997638
8108,0.47682998819362454
8109,0.30836776859504134
8110,0.5720188902007084
8111,0.41750295159386064
8112,0.049808146399055495
8113,0.029884887839433293
8114,0.7342089728453365
8115,0.8451889020070837
8116,0.21059622195985833
8117,0.14743211334120426
8118,0.32792207792207795
8119,0.28460743801652894
