row_id,demand
0,7.556745816113906
1,2.979405284968724
2,1.408645104979726
3,0.6116346767226669
4,0.6907636666534718
5,0.2530256105062516
6,0.5203212323894512
7,2.5072335487922075
8,2.114800290038673
9,0.7526902335007023
10,1.9326738520412727
11,1.231737156229277
12,1.5629044070146936
13,0.7478045080506247
14,0.656949785061644
15,0.24988234861791292
16,0.3810710545088827
17,3.910644658135058
18,2.276365288924863
19,0.0
20,2.2258293293695033
21,1.6855708874010675
22,1.684531466017365
23,1.89933543194896
24,1.127693068298316
25,0.6578649944918283
26,1.1093889157008916
27,0.7311521895105239
28,1.0256010668252906
29,1.0559881451180753
30,1.6286688357631276
31,2.5649031391536274
32,0.425685971001753
33,0.5023114485434427
34,0.8993369157634228
35,1.561568230207392
36,1.0625783993770725
37,0.5705283499593443
38,1.4421017857122447
39,2.701804099445548
40,1.86455130335086
41,0.8719013711555352
42,0.595492983719701
43,0.7414905590341694
44,1.2845569345337093
45,0.026210205153921695
46,0.8509305052762046
47,0.66463510985949
48,0.6631490011530711
49,1.123490260568808
50,0.43595874071425633
51,1.2508068508385095
52,1.883698446486345
53,0.8590629253808496
54,1.0646882016984502
55,0.7154015483677999
56,2.3317007433060635
57,1.9438117647419046
58,5.799275714937994
59,1.8988511111887156
60,1.1317937077102094
61,0.5844168958505656
62,0.3641184797431196
63,0.529602772285678
64,1.3647329424363859
65,2.981526015777409
66,2.451579032664946
67,1.2185531892116632
68,1.1016940894202791
69,2.282899706970502
70,0.4348775799475305
71,0.9099446114088343
72,0.6128433925285192
73,0.6969304033213766
74,0.33025458184843925
75,9.900112275215463
76,3.0309413110327714
77,0.0066247579813005775
78,2.05794986661534
79,2.265453227210787
80,1.1747803570525122
81,2.571933695008193
82,0.9437869097869707
83,0.5806276251345809
84,0.28893923671055366
85,0.7841021270548724
86,1.1488735386279079
87,4.779699540233803
88,0.23462552121402092
89,1.3308131450833378
90,1.1397603597587187
91,1.3323438701484802
92,0.18599345467913997
93,0.3192511218619054
94,0.07292495344783734
95,0.35022564852629956
96,1.113166940803942
97,1.8417532004655128
98,0.6987159763859898
99,0.4607870849308786
100,0.6056102233096119
101,0.7680641472849573
102,0.6386870267803818
103,0.027491080115946476
104,1.2040185052253887
105,0.5218442427769214
106,0.6952960948131458
107,0.19319698407474384
108,0.17237273448924295
109,0.9957668490137671
110,3.094460880981372
111,0.16179260239129034
112,0.454490650733299
113,1.094705322307237
114,1.2435179961584952
115,0.4458142347969617
116,7.060182376149948
117,2.1262067035945598
118,2.1434550992726717
119,2.1988130297960167
120,1.075866349205043
121,0.8055040037021112
122,0.6561732570407319
123,2.9835833850052174
124,1.794794105846108
125,1.9037789461732655
126,1.4610675454644921
127,1.9067650500894207
128,0.46109525822535424
129,0.5814071875069337
130,0.8435796268642157
131,0.9406669560642933
132,0.3897803971066922
133,16.035560488072417
134,3.1908751614151485
135,0.0
136,3.2619061541683654
137,4.267734071350594
138,1.700686084050997
139,1.5089184607273634
140,2.288151790830381
141,1.3422157812399396
142,0.6194523038232477
143,1.257052282120275
144,1.1272481144331183
145,2.2349701839517917
146,1.0450363678910428
147,1.1439982193892475
148,1.1169575557771285
149,0.7484156507460868
150,0.6551903792329139
151,0.9014024264078025
152,1.147347489681975
153,0.1978047432584209
154,1.9713010313124593
155,2.8562964473441874
156,1.992144708711948
157,1.1624151892741263
158,0.7362477762456355
159,1.3828325029753303
160,1.7544699042231788
161,0.656334802900852
162,1.0962302197383431
163,0.6781831473559631
164,0.5621879780019312
165,0.43211256810251786
166,1.5987084111550731
167,0.7161548647594409
168,2.6864426811398396
169,0.5118434905862824
170,2.0700795615524257
171,1.31927787359425
172,4.1789814598025306
173,0.8380150135771103
174,6.966288993183218
175,3.015027622379069
176,2.3620379704720653
177,1.2604619316635435
178,1.228918461185237
179,0.6721952614878722
180,1.3988546015255512
181,1.9048364589159301
182,3.5510014422949254
183,1.9135118612979725
184,0.9732794120286712
185,2.3739871915011723
186,0.523082143547311
187,1.9623440934547745
188,1.0300553764223705
189,0.8856883884861703
190,0.4334984713268437
191,11.385082099568328
192,2.4756135785439235
193,0.005476111761405056
194,3.7077400060259786
195,8.516354384540929
196,1.7456656172677927
197,1.8338774131255908
198,1.4326313925670044
199,0.6102839996665934
200,0.9680954467765801
201,0.9175546784516664
202,1.0970904566791755
203,1.5956151236392226
204,1.1073897875524652
205,1.0758095388175106
206,0.785970610109342
207,0.5239773947359522
208,0.7225236725751929
209,2.025771735445317
210,1.1153942126484897
211,0.42307908948323225
212,2.476144222290273
213,1.8768109010498502
214,2.1391824725026707
215,0.8963209099822065
216,0.9319116266988114
217,0.5122657080502939
218,1.558739027339088
219,0.0
220,1.784667439754931
221,1.323894789025146
222,0.768153877955128
223,0.47020046585518627
224,0.6967955223569309
225,1.1474470096010894
226,3.3185907889847033
227,0.34644372580030836
228,0.52798580928787
229,0.5910402244466916
230,2.2266575957179136
231,1.339754338730634
232,3.3417894104985084
233,3.7116193475254766
234,3.5228927319930707
235,1.3349553948337716
236,1.0817764077263998
237,0.42797208918927754
238,1.0483631218980536
239,11.011969291471505
240,3.759691428689566
241,3.0056290258340352
242,1.069946756698178
243,2.7610887336341783
244,0.6188223623725242
245,0.9618780779490992
246,1.1962192368424114
247,1.5016413505402353
248,1.0019165063248898
249,24.842842993193237
250,3.3812633797390066
251,0.0
252,2.9597938349892106
253,3.990777803467376
254,2.0421168768583247
255,2.6966064743109115
256,3.9600605991991333
257,1.223934676357643
258,0.006276264768166895
259,1.4954116884108388
260,0.16992550448525967
261,3.237875647710424
262,2.4665855812455453
263,0.13526453440568287
264,1.672106941134507
265,0.7851706732102552
266,3.1591548824631612
267,2.676381795235666
268,0.22892551902667924
269,1.048709048590416
270,5.6701463685021745
271,2.3627786431942384
272,2.8897163367337027
273,2.874849191526546
274,1.9509553826181096
275,1.9479640511760148
276,2.4128172770412135
277,1.5177049569111933
278,1.3819843364035196
279,0.7383647483131095
280,0.904347291022091
281,0.76624898846443
282,0.7347493909598954
283,1.8712008770792656
284,4.893597960281699
285,0.5608323243215927
286,1.1594193807247246
287,2.132178895680001
288,4.171959860082298
289,0.10552440480291603
290,8.772455919358718
291,2.1713540310814348
292,1.078472827194355
293,0.931262010206766
294,1.6392208616189416
295,1.0078165364451108
296,0.6900619517303525
297,3.3396848682323332
298,2.855266716103933
299,2.203523610989981
300,2.736384165774744
301,3.0488330830827146
302,0.45421731390389675
303,0.807134483411256
304,1.8722914470859326
305,0.9900993944337088
306,0.2727820536631682
307,15.740444831053614
308,5.2431337370168904
309,0.0
310,3.524160476158262
311,2.0245895050085965
312,2.2602734293687297
313,1.7804350682255525
314,2.2168355319680133
315,1.043840307128899
316,0.6657952547839262
317,1.1967610374253594
318,0.7407250016018138
319,1.8120938864143408
320,1.670478851923054
321,0.5010231371058809
322,0.8462023518843399
323,0.2618275548655462
324,0.7184780656313907
325,0.6146998181413017
326,0.25217766743726333
327,0.6189052006835519
328,1.4863639189609565
329,1.117471529961623
330,1.0546428738235913
331,1.617423694006146
332,0.38051848746186523
333,0.2686700708102654
334,0.6908446684016187
335,0.10811336350019163
336,1.2689762959433333
337,0.77181499597492
338,0.43617315482142105
339,0.65225700202301
340,2.0177125815929604
341,0.6695735740761752
342,4.6937562309956515
343,3.8501963739181457
344,0.6596013205778101
345,0.5851559056766211
346,3.947232123841488
347,0.301650320573817
348,10.494204709984508
349,3.1293809367393166
350,1.3929059280905565
351,1.075381378898702
352,0.8855894397300217
353,0.4953957897008
354,0.8632482911176104
355,3.2813068937088783
356,2.3999011955615392
357,2.419970695320637
358,2.1455283099564664
359,0.6534743751943362
360,2.7364029892715314
361,0.697276959279549
362,1.1714810506192652
363,1.2453704351052988
364,0.8414157869225679
365,18.7021406548156
366,4.351037785351872
367,0.0
368,2.0534304642422256
369,1.641607214569596
370,2.6693605583117526
371,2.1325486758164938
372,0.13498232672680532
373,0.7673219678100723
374,2.3003213991986047
375,0.5522017755503923
376,1.174101568089098
377,1.2018034752062918
378,2.7547504232565014
379,1.2092764836920584
380,0.7387174428179796
381,0.5612914462292256
382,1.5746956237627212
383,3.4561964683149697
384,1.020441194672434
385,2.1824001357268132
386,2.0114017828866877
387,2.142935438681705
388,2.3695991279125286
389,1.435838467625073
390,0.09660145014037735
391,0.8365065653216008
392,1.7630217861638693
393,0.1331789075371541
394,0.6762055895158056
395,0.16363079772034794
396,0.9417411465028978
397,0.6969572936292341
398,0.7785850137634697
399,2.7332117700246146
400,2.789628502910179
401,1.0433773275374671
402,2.3069663842259973
403,0.77561077063704
404,3.4146361665729565
405,1.669045640011272
406,2.7234700956540774
407,1.7061821940736657
408,1.914700127191622
409,0.2622377735847883
410,0.37469102887268735
411,0.09544063119794566
412,0.5275784640140803
413,1.2579762046764094
414,1.2273492901750005
415,0.9879801856980795
416,1.2651796095130547
417,1.017603778356414
418,0.8110589334484909
419,0.5604527745447323
420,0.5558444958866634
421,0.27625158513258885
422,0.3022930628314697
423,3.924263595409496
424,1.4380493027139567
425,0.0
426,1.0395768367031406
427,1.601048886658589
428,1.4600633900000826
429,1.8825122978145996
430,0.027783137769534116
431,0.20467502582805053
432,1.3074445366461747
433,0.4379565148377469
434,0.37043301834701736
435,1.9367055196303942
436,1.0072847911173322
437,0.5057594455126637
438,0.433705375419303
439,0.34424618439475085
440,0.0
441,1.3022916532092828
442,0.2912781340160997
443,0.13879531931445355
444,1.9051032772125285
445,1.4436251018018924
446,2.618387096253837
447,0.7868155174504968
448,0.4767904132650004
449,0.5932678251591239
450,0.9404901085557784
451,0.0
452,0.6035641216141033
453,0.468889180377011
454,0.5323186550908776
455,0.6765996581492139
456,0.3092440831506156
457,1.161832544471485
458,3.055501869046495
459,0.6858603368232405
460,0.709094473373276
461,0.5445698987580896
462,1.2210120473630965
463,0.6253093334729639
464,2.1775922550399667
465,3.767989557275845
466,2.4845714650829738
467,0.5238787146020678
468,1.8792387415713327
469,1.6667891879526424
470,0.9764071700547843
471,7.93418000390483
472,2.60122386737525
473,2.6257025392455304
474,1.4742502208501496
475,1.3780914114875484
476,3.2751059902074795
477,0.43836054502431254
478,1.1528393405751836
479,0.4850389012887095
480,2.5003198650384366
481,20.510908852035413
482,2.9560275816811643
483,0.0
484,4.0587195050442535
485,2.4294071830458703
486,4.547756918459175
487,1.2557783246611893
488,1.2341811383153825
489,1.0206066346907183
490,1.2854958966346213
491,0.3591062097430806
492,0.3590347883919569
493,2.413706089551297
494,3.6452910713759006
495,0.44412576174567353
496,0.38530928782479235
497,0.3017760828773206
498,1.7059649271810096
499,0.8995244422758347
500,0.061796276260173366
501,0.3069914830664784
502,3.1862809799208955
503,2.6847769731213385
504,1.4259902883466795
505,1.967479399413133
506,1.0825076917596577
507,0.494305703669351
508,0.7266660468077231
509,0.030310788388795196
510,0.48254469833017233
511,0.551579354180407
512,0.4725028135954106
513,1.2491857544292406
514,0.4096811622221166
515,0.597440207819038
516,3.2479296739111536
517,2.986022684381606
518,0.44708193277987507
519,0.6202415545625868
520,4.732363126037875
521,0.37781474629547673
522,2.9971399812258626
523,1.8791476345400082
524,1.2201202807614675
525,0.7328153700847733
526,1.0327535398376988
527,1.0912547204804106
528,0.8143956482940543
529,5.144033646279668
530,2.0796787028308774
531,1.992307669414263
532,1.3107286071168387
533,1.8624794949317611
534,0.48031762874855555
535,0.47064507747266204
536,0.6548007301493426
537,0.2827375738947997
538,0.46494970400482416
539,13.125406014863724
540,3.27536744462788
541,0.0
542,2.5511725294663044
543,3.0867599734940487
544,1.540491645252313
545,1.5391090882973004
546,2.0699792796151133
547,0.866256836703239
548,1.2491156078993546
549,0.8937403227278975
550,0.3335573542790131
551,2.0219604539169826
552,2.1003919508277424
553,1.1096303490135804
554,0.3304879959603264
555,0.11477005628968007
556,1.0188986972444753
557,1.1516162208052976
558,0.4528171063811035
559,1.1791934485030795
560,4.551608352636819
561,1.5326916091083962
562,1.693547079973325
563,1.0450188840308812
564,0.0
565,0.5343666240686723
566,0.6965579425090664
567,1.7657842505036163
568,0.5416019860820537
569,0.3745633252524444
570,0.63589927924543
571,0.13862236450397059
572,0.42861511411710107
573,0.43696245003201106
574,2.730445727268899
575,3.0658642557194264
576,0.682305244832776
577,0.39603422772585084
578,1.1581272498272552
579,0.813876043662759
580,6.84576199509576
581,2.884684845950397
582,1.2106148387950864
583,0.6154756834061264
584,0.7692338491795899
585,0.3707083505233535
586,0.6310468501949421
587,2.040971039445631
588,1.9343006581814275
589,0.7233628675284717
590,1.1399469561637168
591,1.0263096712537487
592,1.1620778719951288
593,0.6786522152650328
594,0.5397736171446301
595,0.23045602178134916
596,0.18675093070348736
597,3.330549246477768
598,2.7488999962820513
599,0.010325850095710853
600,2.2689841597812057
601,1.6035842842974244
602,1.5141071805304465
603,1.894583583994269
604,1.0095891359746483
605,0.6853696163094309
606,0.9577733720144896
607,0.6551960663239748
608,0.6649167818109091
609,0.9272810539555852
610,1.952124517068743
611,1.5570482778523185
612,0.38343680527083535
613,0.47446057402613895
614,0.8479281681266729
615,1.5165488520284072
616,0.3252374477520905
617,0.649242823968722
618,1.043262012026904
619,2.6009368851773926
620,1.6286945136024396
621,0.886047860275591
622,0.5307773365651293
623,0.6074348077733465
624,1.2070012487317432
625,0.05418922897665279
626,0.6894457216626552
627,0.6331650973906042
628,0.66669315221873
629,0.9515645365773677
630,0.4072318314199064
631,1.4323348434372967
632,1.7850316818558656
633,0.6987959570327931
634,1.462032971083369
635,0.7371400123010102
636,1.8195874341184657
637,1.866848379373116
638,5.983876265200031
639,1.9095595463322677
640,1.0954810549655103
641,0.5197578487679168
642,0.28432928154456283
643,0.7024382868351451
644,1.2039401482902434
645,2.40948501227245
646,2.0741628251655784
647,1.3868946514655698
648,0.9065535325235771
649,1.8205835164410578
650,0.3571105336029552
651,1.1112103492674477
652,0.6553295198498248
653,0.6141941689130737
654,0.32382803446113395
655,9.373979209446233
656,2.834914709266986
657,0.08194196821889621
658,2.201365263427337
659,2.5734746242629996
660,1.1353456751663544
661,2.490329242100106
662,1.1336227644586347
663,0.5750182355441199
664,0.2565079889632995
665,0.6269519646384581
666,1.0866685491514194
667,3.6231445585729465
668,0.33436685256423204
669,1.0711785009115231
670,1.268277720386481
671,1.1239070821732375
672,0.16573312035532384
673,0.4349143059586069
674,0.16086182349009048
675,0.4503146174961242
676,1.0817249179585238
677,2.0234765403325374
678,0.6192306516703677
679,0.37546571515702665
680,0.555181053240058
681,0.8011632813985561
682,0.6325392526270656
683,0.055960870040973276
684,1.116086947676761
685,0.5583436312864186
686,0.6941901760901312
687,0.18190569993884154
688,0.2269099954211964
689,0.9166511033859661
690,3.325873975048761
691,0.28741829484163506
692,0.5036298742398163
693,1.1656564293466385
694,1.205472590861574
695,0.55448345236377
696,5.811233730244099
697,1.7220728581202065
698,1.7890337325353616
699,2.197783868798348
700,1.2246492219934546
701,0.8547768561343951
702,0.7666187959346725
703,2.5191872579029466
704,1.6953479920519259
705,1.9457214217011138
706,1.1300138380743885
707,1.8432376225451539
708,0.4134787468811344
709,0.8217618417316646
710,1.0696850847933965
711,0.7445012215038771
712,0.34611491758629587
713,14.857366202825402
714,2.705717423072385
715,0.04486062565081572
716,3.2593581399122713
717,3.8006257669685106
718,1.7978594329597037
719,1.262034912085697
720,2.030150758615103
721,1.1833074651532929
722,0.5817863941144209
723,1.0359172081498804
724,1.0601376905706252
725,2.1508959888047
726,1.0691645988496523
727,1.4384267554337744
728,1.0563292268900493
729,0.7739690652439684
730,0.5873029216943708
731,1.2298865666223593
732,1.1945710462068346
733,0.23428527926953624
734,1.7009228183638598
735,2.4019904712171036
736,1.8631078773401681
737,1.0708096808408274
738,0.5720433467999985
739,1.201094768074205
740,1.401169918073938
741,0.682747647766138
742,0.765556835750152
743,0.6860799428600096
744,0.6679326927265984
745,0.519329774822709
746,1.4267863366523088
747,0.8101390254159581
748,3.0749017396038436
749,0.6974363324622965
750,1.8839712497151924
751,1.5995896229858193
752,3.4674025369253907
753,0.807646306293786
754,6.3698323581805525
755,3.6973681982051985
756,2.1948215380816376
757,1.4484839026846312
758,1.1681972482732461
759,0.8942672452999274
760,1.0778369122133884
761,1.5757153328292075
762,3.5318746305906434
763,2.2962781043393754
764,0.9014343092695594
765,1.7471055718252297
766,0.5470983810336859
767,1.544790564490615
768,0.8058999324044764
769,0.9810382842934485
770,0.3885850820929099
771,11.62838793739412
772,1.9955536033118246
773,0.07347839208821205
774,3.308236088045331
775,7.825684648110333
776,1.7744792012331891
777,1.9735118933350928
778,1.7413987916886993
779,0.6835698416554002
780,0.9408793545115209
781,1.0587063369873377
782,1.2281931293431354
783,1.6659967911047018
784,1.12745021132947
785,0.26498179491552176
786,0.6390320879441831
787,0.5821820557730903
788,0.5323013659651082
789,2.1977584436690014
790,1.1526999750386264
791,0.42307911102428186
792,2.16306155789318
793,1.8875078653755186
794,2.435029061867822
795,1.133296301704622
796,0.7091658874817629
797,0.5056972265397639
798,1.46655310540171
799,0.0
800,1.8288315309032077
801,1.3484844943196894
802,0.6654947787457329
803,0.45423989930781183
804,0.7249589703111939
805,0.8530589250497821
806,3.362344206883732
807,0.39918632296529044
808,0.7438564434061706
809,0.4709440675988634
810,2.2419021537001753
811,1.4908531012764916
812,3.7104583985334223
813,3.8519845159353263
814,3.4261004756163898
815,1.5186980561952383
816,1.2853225100635766
817,0.6019434096145236
818,0.8815604500541561
819,9.600809299416548
820,3.3495082252320705
821,2.826394701553201
822,0.9051346577478032
823,2.296724965068109
824,0.6242531970424757
825,4.178902207300072
826,1.1799109902100615
827,1.3857387019736824
828,0.83864102866772
829,19.53620114791665
830,2.880409433107372
831,0.0
832,2.704962223871501
833,4.24071577343953
834,1.7673669975213455
835,2.7614009882027113
836,3.1585744379245364
837,1.2922445971533512
838,0.04317738854946063
839,1.2090284475801172
840,0.3758089248954486
841,3.1707738424872844
842,2.225893631369928
843,0.5340202276893844
844,1.513544282621569
845,1.1486111254337816
846,3.400849040147617
847,2.5825818809415635
848,0.6662582772549677
849,0.9553131360229159
850,5.091305435336884
851,2.338555703173304
852,2.2899485937699353
853,2.3668418698235425
854,1.7953205957587537
855,1.6066653796316113
856,1.906779848060657
857,1.577737497515919
858,1.59381509856023
859,0.9358041597302573
860,1.060163266810938
861,0.690033992726315
862,0.8602902723668754
863,1.8117570567903831
864,5.095969932338041
865,0.36804020292561646
866,1.2345211307980832
867,1.5577118347985435
868,3.5126848862008617
869,0.12186287281937225
870,7.52497905206454
871,2.1631673751326286
872,0.9868161944950399
873,1.0217457049872758
874,1.4949737695742362
875,0.8232237179749824
876,0.8386927855110204
877,2.6248391299778335
878,2.559418232639284
879,2.2483730779720528
880,2.0642322317178787
881,2.1098886621726756
882,0.4282394635844343
883,0.7491670172400772
884,1.7566940924540408
885,0.7857986494419987
886,0.18439473836668685
887,16.239058676435313
888,4.533632521794481
889,0.0
890,3.3094778922793604
891,2.1645353935962124
892,2.155683070480461
893,1.3878990206958395
894,2.2853427634486416
895,1.1073849789388661
896,0.6090500132329016
897,1.0130323988290324
898,0.6866196430655918
899,1.6455093406040746
900,2.0235228959689104
901,0.896684252741107
902,0.8174596654718532
903,0.3696419064772989
904,0.8554977746684252
905,0.749775765937396
906,0.35179425063651015
907,0.6310353804041136
908,1.3669636374280043
909,1.091792997375956
910,0.9192289242742748
911,1.5093846741478403
912,0.43983456360391204
913,0.1707967756871025
914,0.7869409560233184
915,0.2166895232517605
916,1.189344285730356
917,0.6812637375555504
918,0.38929604090558445
919,0.4466194198310639
920,1.928222591703454
921,0.5147968894443221
922,3.809132376578532
923,3.9438282671288087
924,0.6378208865619743
925,0.6882673089801173
926,4.080677540412037
927,0.3393260855525315
928,7.321687689310327
929,3.2200669921902167
930,1.4440288805171764
931,0.9975712384318841
932,0.7166816152068817
933,0.460450370513925
934,0.7357186081064074
935,2.9490637589146935
936,1.9987266436490363
937,2.1286729546644523
938,1.9782016033204344
939,0.6482790898389136
940,2.286263863898635
941,0.4959133944133294
942,0.7337262142141578
943,0.835863688186979
944,0.8870558227720644
945,13.207812019432309
946,4.294957533297499
947,0.16026859135574933
948,1.9747152756155446
949,1.5596433542510835
950,2.4580026008089764
951,1.8736012964821565
952,0.33858216912033856
953,0.6937103691327348
954,2.1313612960212813
955,0.5417023669034597
956,1.2770842305375971
957,1.3896161413078132
958,2.6401729484638845
959,1.2278406102347963
960,0.7298204394436921
961,0.6247429419127203
962,1.4527145725363773
963,2.7638411039094612
964,0.8788325903837995
965,1.7983940504096065
966,1.6812674385412834
967,2.1015490055486836
968,2.0404339785623815
969,1.3102957817803949
970,0.22085290591879914
971,0.7194003479302992
972,1.3509264831109185
973,0.1859454308024846
974,0.5399114292678527
975,0.23790413502437824
976,0.9646745103607945
977,0.7516162515274961
978,0.7843664444204377
979,2.727488273603058
980,2.894278030829817
981,1.2915545601863807
982,2.556596558966394
983,0.6900844199141754
984,3.3160742413496607
985,1.6253512897933287
986,2.3692416282016886
987,1.9131529216407914
988,1.5491789486783678
989,0.3884285211576679
990,0.48450002538763826
991,0.17392908380433436
992,0.426038722525519
993,1.0834879283495458
994,1.3224120977104337
995,0.914567588058715
996,1.0072396409556705
997,0.8862989650365789
998,0.5394492822219334
999,0.46084613248242867
1000,0.4977869421910749
1001,0.21337395765107292
1002,0.29348505558847626
1003,3.608371114298292
1004,1.7355163982701358
1005,0.10121032798892182
1006,0.9810230673734955
1007,1.385686351258605
1008,1.4055200810379664
1009,1.4949157972984204
1010,0.10589182859125423
1011,0.19395381310204107
1012,1.208314825452762
1013,0.4671669894724736
1014,0.3552816440659692
1015,2.1119936811499356
1016,1.0290025329993058
1017,0.9436437297687845
1018,0.4536713971709281
1019,0.3238385076425212
1020,0.0
1021,1.3497296320178322
1022,0.40281495087902097
1023,0.21819070997649392
1024,1.566773584408763
1025,1.4409084519902267
1026,2.2120954672436612
1027,0.7218729062628358
1028,0.38378221955239356
1029,0.4872289726640491
1030,0.7040809232039048
1031,0.00657404212750623
1032,0.5516948695591288
1033,0.4713777029521462
1034,0.5366589782073212
1035,0.5369618074664837
1036,0.3769342703512585
1037,1.3768165750129162
1038,2.3434171401799793
1039,0.5741022660659354
1040,0.7325092000228752
1041,0.6058119958428207
1042,1.1537079202107647
1043,0.6178504497643256
1044,2.3732378265124687
1045,3.5357748350774276
1046,2.0592464653974143
1047,0.5256056176532635
1048,1.7408522822671109
1049,1.8365307355393685
1050,0.8266180545169735
1051,5.312307160546949
1052,2.0519170858266724
1053,2.386102873762739
1054,1.049577802805321
1055,1.059300075720571
1056,2.823732524350382
1057,0.36315638684373286
1058,0.9796511742207685
1059,0.28533606352744223
1060,1.8487558104052566
1061,15.733859085321248
1062,2.424771629889806
1063,0.06897021058607122
1064,3.6872418685811437
1065,1.6961937393736415
1066,4.242132863271781
1067,1.0351707035880333
1068,1.0653111691997696
1069,1.1637168665811661
1070,1.1591873705938425
1071,0.4464733571890742
1072,0.3592437658129011
1073,2.4768347527465773
1074,3.285506550458247
1075,0.46846260963814823
1076,0.34313627182505657
1077,0.3046683598548474
1078,1.8562257564253577
1079,0.7958020373029114
1080,1.0331181824618623
1081,0.3564202162043868
1082,2.9360704478218835
1083,1.7375507839700257
1084,1.2229131929217838
1085,1.699202177478179
1086,0.8999875831475752
1087,0.3246382095205762
1088,0.723117590482675
1089,0.03593248308784225
1090,0.3476277004939994
1091,0.5106614191970752
1092,0.5233124763064056
1093,1.136405986561689
1094,0.47121638770898533
1095,0.46004532162461576
1096,3.2503038358419705
1097,2.8974423031432384
1098,0.4737946280269367
1099,0.5887774526638678
1100,4.334514604293551
1101,0.3419216050796612
1102,3.3810058532548264
1103,1.5172982728229918
1104,1.0554065985087844
1105,0.6674107777034491
1106,0.9836665929552896
1107,1.0907418054815805
1108,0.736727668124914
1109,3.8510312287146564
1110,1.7302220406165925
1111,1.9593462585441723
1112,1.2968376461879936
1113,1.4139282364734345
1114,0.3622286495473297
1115,0.40386595852764506
1116,0.5652069602273784
1117,0.30815928434911477
1118,0.434214275218217
1119,13.700306157526635
1120,2.3936442204197004
1121,0.01143782167881846
1122,2.7291109327056793
1123,2.8843507302935034
1124,1.2982734901336603
1125,1.6338014510286274
1126,1.7803938715961969
1127,0.8754845213092068
1128,1.090868367676863
1129,0.7889097993861964
1130,0.30452298786635423
1131,1.8823533953955123
1132,2.1786075207123616
1133,1.1017220600894244
1134,0.22397255153323536
1135,0.2336942612282873
1136,1.0291822345908872
1137,1.1645502719581893
1138,0.6381745320852575
1139,1.3928492619940676
1140,4.157255704167843
1141,1.3201308375412495
1142,1.4667960743803812
1143,1.122939536099774
1144,0.012697836892864967
1145,0.4674898135350771
1146,0.5435633391779836
1147,1.751083119585214
1148,0.5073775469970264
1149,0.35389563575974314
1150,0.6253144094409923
1151,0.1927892401539868
1152,0.3891137151259644
1153,0.39474601901140693
1154,2.6985723236257337
1155,2.530963007294634
1156,0.653243154170536
1157,0.5062291551196975
1158,1.0545206024252438
1159,0.8388367294216347
1160,7.644513443354758
1161,2.7855667168515534
1162,1.2644670217302931
1163,0.7740264397720679
1164,0.8372458789760814
1165,0.4630663581714376
1166,0.5395100474680969
1167,2.3620832466300388
1168,2.1226242858571744
1169,0.7144139883441237
1170,1.4286649729430976
1171,1.1927123231220031
1172,1.4982970484040614
1173,0.6923069120585363
1174,0.550791361221558
1175,0.26366057950073807
1176,0.2976306184934485
1177,3.812373526562095
1178,2.4532785256969243
1179,0.08763041133620297
1180,2.460078998044869
1181,1.607033981150306
1182,1.6316151967085761
1183,1.7246930381009868
1184,0.977011180605152
1185,0.7215785815806834
1186,1.0247150939961747
1187,0.5029479274709321
1188,0.6921891703682576
1189,1.0327010700772825
1190,2.091374042745107
1191,1.6078972804027512
1192,0.46191611266561017
1193,0.47831725102755396
1194,1.0555824324920482
1195,1.9627269128894549
1196,1.0169363436159586
1197,0.5571419168342782
1198,1.2865449217482416
1199,2.3589322085655713
1200,1.7627867908435897
1201,0.8428207753054822
1202,0.5561511560244119
1203,0.5785011526946298
1204,1.1646115686224807
1205,0.07004741431211503
1206,0.6572043388643638
1207,0.7820955143840204
1208,0.7452567020935738
1209,0.9082797258231687
1210,0.678807471286433
1211,1.3469779766175034
1212,1.8017769084402533
1213,0.8454293059161851
1214,1.3370454781556715
1215,0.736647117343949
1216,1.951678804585186
1217,1.5879552790641
1218,6.057378657799802
1219,1.8453779712166263
1220,0.9250344732776019
1221,0.46455588315944274
1222,0.28318746546424833
1223,0.6280514672991978
1224,1.1457023334766259
1225,1.6400353470947895
1226,1.709943213784641
1227,1.2034297842706767
1228,0.8745753527973318
1229,1.5102340393747078
1230,0.25645828638015744
1231,0.7309138182765681
1232,0.4286654881620441
1233,0.5100954524436768
1234,0.1997329738970861
1235,8.438267700754515
1236,2.873994060435452
1237,0.6970841448154186
1238,2.0078006294621478
1239,2.1807296981464774
1240,0.9896931682972763
1241,2.172032545661314
1242,0.9617353235931385
1243,0.4913678354726383
1244,0.2416067485995943
1245,0.6714915084781969
1246,0.8725827981286184
1247,3.93363647867298
1248,0.3398944198233662
1249,1.2661302605634523
1250,1.03470208042587
1251,1.20764044910812
1252,0.15155635633561726
1253,0.4739015960740788
1254,0.15028184620581486
1255,0.37715415892283655
1256,0.9257735742688296
1257,1.476308743521256
1258,0.49840381940879586
1259,0.3670153967687826
1260,0.46963886920900977
1261,0.7374273664266873
1262,0.5725128070162351
1263,0.05037982654388129
1264,1.032711684667544
1265,0.33893407286533406
1266,0.5274802932573542
1267,0.1828446136779276
1268,0.2850811189162723
1269,0.7092731160027459
1270,3.174394356918599
1271,0.24003913522667508
1272,0.5216302191528928
1273,0.9142796708974743
1274,1.025943649599875
1275,0.6742893445146921
1276,5.376612481674807
1277,1.7626977413685476
1278,1.6308475373578275
1279,1.7929208721602325
1280,1.4688758858792412
1281,0.57637464445109
1282,0.551323097872493
1283,1.7342276123651872
1284,1.15800741361128
1285,1.604330687729711
1286,0.7239752868448907
1287,1.5034148690445825
1288,0.20504411689938462
1289,0.7735075450030617
1290,0.6896497120433872
1291,0.6638200921235676
1292,0.27903130357411254
1293,13.275880169555002
1294,2.9834054690393508
1295,0.8105958611764644
1296,3.050949632368723
1297,3.959164979849033
1298,1.695715265585549
1299,1.3641298410230553
1300,1.9135289500232922
1301,1.1064185477724702
1302,0.4968964521928242
1303,0.8907290730837916
1304,1.1582651835782536
1305,1.9020771701389807
1306,0.9876873502632949
1307,1.2283571757126366
1308,0.8239809463781488
1309,0.9144353411558721
1310,0.6658535972145226
1311,1.3592567064950662
1312,1.2389092016503767
1313,0.2812415566822164
1314,1.5188250779520271
1315,2.2114093667944994
1316,1.6720670189848992
1317,1.0163143597135407
1318,0.5554417428758374
1319,1.0700697683314588
1320,1.504471229002162
1321,0.6921287489248188
1322,0.8049827859479591
1323,0.6528830083630263
1324,0.6235369941748586
1325,0.5201005236534819
1326,1.398873119969329
1327,0.6864227978624718
1328,2.6374304303845815
1329,0.5306947431523128
1330,1.644859663496381
1331,1.4210150970401823
1332,3.6700279327359877
1333,0.8323720907148308
1334,6.596539743673266
1335,3.930259964576021
1336,2.312617145347812
1337,1.3278968844979286
1338,0.9439835389775342
1339,0.6861609580218828
1340,0.9058226340460189
1341,1.23541685709151
1342,3.5237230472036014
1343,1.4229490803049274
1344,0.7508932486522378
1345,1.74366748136464
1346,0.2996679100511288
1347,1.6068074188577195
1348,0.6825985145714065
1349,0.6397832060742425
1350,0.26328797686272676
1351,12.401478057962626
1352,2.39960744431586
1353,0.6822395880268453
1354,3.4276305643417873
1355,5.675228677984913
1356,1.2419240832839944
1357,1.2922082485404287
1358,1.4700061421712163
1359,0.6636167121471649
1360,0.8511906100440433
1361,0.8139675880527962
1362,0.876451127220863
1363,2.0465709234675806
1364,1.1156859116261169
1365,0.6067006095789441
1366,0.6108244274808924
1367,0.49952829694673284
1368,0.5383216573010803
1369,2.0263228720642097
1370,1.3369073607355004
1371,0.41416954989179944
1372,2.425785328512511
1373,1.6400144759607416
1374,1.9322022070763523
1375,0.9053035137538651
1376,0.7545968779136113
1377,0.5116083182468337
1378,1.3790541332212591
1379,0.0
1380,1.7224859746224834
1381,1.116233083608575
1382,0.7616098704516248
1383,0.37584577585193746
1384,0.6513285309574026
1385,0.9095792479665485
1386,3.028453886082408
1387,0.35339194895559833
1388,0.5415491660169025
1389,0.5747874514339176
1390,1.9189622783141245
1391,1.2641949579981266
1392,4.074071009093256
1393,3.033737889804201
1394,3.7527796502941744
1395,1.4805557970254293
1396,1.1699901650529057
1397,0.7077927324495343
1398,0.8482656637649577
1399,8.300875438024837
1400,2.845403259993085
1401,2.5323152070171937
1402,0.5881774190603926
1403,1.9388490322677203
1404,0.47301531348012593
1405,6.174210608690974
1406,1.0937649593895233
1407,1.006095561949961
1408,0.752219503229819
1409,21.63044171526343
1410,2.776449670536169
1411,0.0
1412,2.572972510543794
1413,3.5653065675916658
1414,1.605459168000408
1415,2.0886683063818308
1416,4.167952200109241
1417,1.2518868257003415
1418,0.14984171037690053
1419,1.153058352355059
1420,0.45320501833823545
1421,4.2586445706194045
1422,2.0739729606728785
1423,0.6498580184283221
1424,1.4625541571828686
1425,0.5824571328588347
1426,3.7014918097733873
1427,2.3189657930525147
1428,0.8310394698925301
1429,0.9200838809776712
1430,3.900394246896497
1431,1.6769166585209183
1432,2.2845258458843456
1433,2.382874266890502
1434,1.6685721897505268
1435,1.5393485469891683
1436,2.4193269171573273
1437,1.5856374412487928
1438,1.4167019440157265
1439,0.7701085782821673
1440,1.0726609326373318
1441,0.5759532973496829
1442,0.966847510547064
1443,1.5374225692288142
1444,4.368497265899281
1445,0.3497262379345163
1446,1.3845997058122712
1447,1.5972921535396822
1448,3.265565342080648
1449,0.17040954693454324
1450,7.792964674989512
1451,1.7584151153140233
1452,1.3426647051655471
1453,1.256494788260258
1454,1.4893095926524393
1455,0.9353859367404059
1456,0.7589438314113427
1457,2.842980369025002
1458,2.644781603110572
1459,2.094526467750343
1460,2.017917323067393
1461,2.302408527580879
1462,0.532974666161697
1463,0.8239538740520809
1464,1.7428864544501677
1465,0.7199986359268761
1466,0.2161274308573191
1467,18.685171626897773
1468,4.843523352764027
1469,0.0
1470,4.320737416061603
1471,2.179781320105478
1472,2.313140764936791
1473,1.5404711760411922
1474,2.1141111045949765
1475,1.2052345516738971
1476,0.6521899433010961
1477,1.074760351092203
1478,0.66310951692017
1479,2.1330538148645823
1480,2.166562183171588
1481,0.7353840411038084
1482,1.000384984567209
1483,0.26860996459269115
1484,0.792891099971394
1485,0.6875586203739037
1486,0.30388671040857806
1487,0.7352736784483217
1488,1.420797998595825
1489,1.0533493548898643
1490,0.9200531152847939
1491,1.7561831485534984
1492,0.3919589078185859
1493,0.17679821243602278
1494,0.6312800126793419
1495,0.20183255153040602
1496,1.3609856869430932
1497,0.5758356596128007
1498,0.5256101815179864
1499,0.4521149294964948
1500,1.9907893487322408
1501,0.7348875932441755
1502,4.232396085532458
1503,3.457927487521397
1504,0.5735495097607881
1505,0.7206737234794884
1506,4.006170191569812
1507,0.3211765446785082
1508,8.690641893760635
1509,3.002557120889139
1510,1.6547693477934646
1511,1.0560387608710593
1512,0.8570932302538811
1513,0.41971663874266274
1514,0.8453945554202705
1515,2.869049211558176
1516,1.9574253584069017
1517,2.7146861487250655
1518,2.063149403414254
1519,0.796147237201481
1520,2.643904852223825
1521,0.5499546877269494
1522,0.7921696005448825
1523,0.8739627681862452
1524,1.1222286348642125
1525,17.3628972545406
1526,3.8146580098194116
1527,1.124531444626991
1528,2.061370658968828
1529,1.9869022438079502
1530,2.456207273161504
1531,2.271182781484696
1532,0.5436418584310038
1533,0.7780297098405351
1534,1.5341710012623648
1535,0.5610611872000744
1536,1.1446763900534196
1537,2.069631689780011
1538,2.329548854198639
1539,1.4202957829896652
1540,0.640801856164143
1541,0.5123825748947098
1542,1.628017135725529
1543,3.1875725496692686
1544,1.226116551218318
1545,1.9991784255448448
1546,1.8922181168734082
1547,2.1231527459249393
1548,2.1582791222712228
1549,1.337321992754025
1550,0.26181501018508313
1551,0.7029367264818474
1552,1.3942886090492967
1553,0.3258204682939194
1554,0.6041413942295968
1555,0.268127343215256
1556,1.1243149154041547
1557,1.007729317954432
1558,0.859992749340229
1559,3.413162320173385
1560,2.5931310030666115
1561,0.9632232775503642
1562,2.5465128567480786
1563,0.779263397357417
1564,2.817517119160497
1565,1.5905663272593338
1566,2.7633433342379954
1567,2.1118943441295355
1568,1.7200819336082585
1569,0.44823303220660615
1570,0.5681342906375954
1571,0.22165683825133398
1572,0.39512889683358354
1573,1.240701168222686
1574,1.3403288920414973
1575,0.9238343276911971
1576,1.0054053988705975
1577,0.8056288324210492
1578,0.6895930146879494
1579,0.45129700291317554
1580,0.4898619421407524
1581,0.22943526668672454
1582,0.3686052355682543
1583,3.905125426694699
1584,1.6918855499949923
1585,0.7911373583592034
1586,1.3130715255645662
1587,1.3922187039142926
1588,1.6174548939316522
1589,1.5768617174600785
1590,0.24003427208257544
1591,0.27023233748119724
1592,1.01202784796089
1593,0.37327309034055345
1594,0.3674071497082656
1595,2.0357203937331603
1596,1.082726148084104
1597,0.7845875467794686
1598,0.41390623289685335
1599,0.30407670039259216
1600,0.0
1601,1.2767371390898297
1602,0.5393770197063339
1603,0.2538956897454654
1604,1.794381026503636
1605,1.6823568374660052
1606,2.4650236809485886
1607,0.7664446521266497
1608,0.438410534606101
1609,0.5200255408678806
1610,0.8186571223309365
1611,0.0
1612,0.5905228157692973
1613,0.45419977906416775
1614,0.48927760222689665
1615,0.6145298030691126
1616,0.3764829417291897
1617,1.0497578846723834
1618,2.846183283087746
1619,0.5373905966270928
1620,0.8839036087854075
1621,0.5719610867486846
1622,1.1229010245749675
1623,0.4553224985176745
1624,2.8632234201021474
1625,3.5100998357061908
1626,2.4464468930305925
1627,0.5550160864665312
1628,2.074294138489588
1629,1.5695205950111482
1630,0.7667416853139395
1631,5.283834324944652
1632,2.795962980829147
1633,2.6236575329651575
1634,1.463446801897509
1635,1.2150111816308002
1636,2.5382292789291214
1637,0.4481258932811859
1638,1.0504415538274676
1639,0.3360723861976598
1640,2.581598089821503
1641,19.02054981452622
1642,2.5748649080332067
1643,1.196780436079648
1644,4.1571225119334425
1645,2.506779447190871
1646,4.391850905348749
1647,1.0938195901185994
1648,1.2293025055763496
1649,1.1519603262223859
1650,1.0534107861790343
1651,0.4029421866512479
1652,0.3787726100987676
1653,2.300796811865449
1654,3.9547611554857287
1655,0.7360936771282496
1656,0.338320660808884
1657,0.3302692437441035
1658,2.168411728241152
1659,1.2769223407627166
1660,1.233920426410075
1661,0.42219846515955095
1662,3.100445775505889
1663,1.962100851167603
1664,1.6185050504736354
1665,1.6459422083004522
1666,0.9607386772698066
1667,0.37994331238636725
1668,0.6757493650994397
1669,0.06121635849908169
1670,0.4316932351014595
1671,0.5570101125029491
1672,0.6066874195804909
1673,1.2429618351707719
1674,0.7032331087743786
1675,0.575947708760281
1676,3.234666783095281
1677,2.7892828077027763
1678,0.5430181099757928
1679,0.6440731020015925
1680,4.364532536980793
1681,0.4471006475931175
1682,2.6602217923326945
1683,2.2910213249233964
1684,0.9918194267206917
1685,0.7224182803656107
1686,0.9794737573394876
1687,0.9845780727264982
1688,0.8579869154743476
1689,4.325983075872592
1690,1.890142381801655
1691,1.8619206253111118
1692,1.4066674881962076
1693,1.516496052120453
1694,0.43382088787242534
1695,0.42108402304313
1696,0.654085598623153
1697,0.331603512762112
1698,0.416638860523038
1699,14.891536093377933
1700,2.9343722184986643
1701,0.0
1702,2.9451687675958316
1703,3.2376662864498478
1704,1.7489549309482197
1705,1.5460464119954511
1706,1.9083145014157141
1707,0.797662233634057
1708,0.9996555434958263
1709,0.6816426641807654
1710,0.34424338881070504
1711,0.9238348196876345
1712,2.2606296739204046
1713,1.1148674470543494
1714,0.250492227911155
1715,0.2750436335839508
1716,1.0841318366144241
1717,1.2623073309419195
1718,0.6938796207660806
1719,1.353605220676269
1720,4.553066626468304
1721,1.6336695481925967
1722,1.517116093316782
1723,1.1956813212299455
1724,0.0
1725,0.4030994376353816
1726,0.7296185981056681
1727,1.5960686004946814
1728,0.5305773873152502
1729,0.3189917309298167
1730,0.5798043517148006
1731,0.2278199900457143
1732,0.42295385419930553
1733,0.435115071787777
1734,2.6348591900270772
1735,2.7018079791389917
1736,0.6852941640516623
1737,0.45935410158732204
1738,1.0830647133985134
1739,0.8823747650278086
1740,7.723080830145143
1741,2.8749515703784017
1742,1.3405913446146132
1743,0.6892437880231489
1744,0.996941702150943
1745,0.4594935844082577
1746,0.644516010747971
1747,2.2296223118674154
1748,1.778135817612466
1749,0.7077536108638043
1750,1.7947493987783614
1751,0.9453159954930328
1752,1.4138705400491864
1753,0.7193249104906163
1754,0.4615872877621354
1755,0.2714345025770364
1756,0.4126211479925844
1757,3.9047835463491367
1758,2.384264572725546
1759,0.9175722289915356
1760,2.9151683870365694
1761,1.6301719871314742
1762,1.6079752312055562
1763,1.838672353585559
1764,0.9132927537427935
1765,0.6339027057911196
1766,0.9046155598855264
1767,0.4766338896724628
1768,0.6377677617869204
1769,0.8970839429862397
1770,2.4576571502888127
1771,1.2864514300972083
1772,0.33223665142758163
1773,0.46157117296333294
1774,1.2677791190769487
1775,2.249907849248651
1776,1.0320996535242268
1777,0.6187061070469952
1778,1.4298421651266289
1779,2.7034090712436902
1780,2.17451191016294
1781,0.9848957477181584
1782,0.7685777700405031
1783,0.4426818878297831
1784,1.4532865441559057
1785,0.052007537844593
1786,0.7046715044423711
1787,0.7714313445179495
1788,0.8237231743082031
1789,0.9732356869796028
1790,0.4410030578247559
1791,1.6825522041738923
1792,1.7444081391818413
1793,0.7450413413072677
1794,1.1766995786699255
1795,0.728620567241724
1796,1.9330349407304999
1797,2.0463707003604585
1798,6.791956712335483
1799,2.3503357668102396
1800,0.9117938393749694
1801,0.5576906023389181
1802,0.24620120856363914
1803,0.5843683152701316
1804,1.6540427919977445
1805,1.7665555913203117
1806,1.4169813730783332
1807,0.9832655858046236
1808,0.6990053836513944
1809,1.5567148325831202
1810,0.20277744289208144
1811,0.7277856728190194
1812,0.4062044743042993
1813,0.479503719175285
1814,0.20720060341014968
1815,9.339172335059777
1816,3.3420225197226765
1817,1.8684179381230346
1818,2.5754035675099423
1819,1.924025342212297
1820,1.087412229874888
1821,2.60366087213965
1822,0.766013760275265
1823,0.40373100166814624
1824,0.20417493434765044
1825,0.6938700355649511
1826,0.9567719071685978
1827,3.8253880737835186
1828,0.3655513598553941
1829,1.7976847091418
1830,1.0999918275514955
1831,1.6735819346232863
1832,0.13278204345958078
1833,0.4950449668341429
1834,0.17597356628407068
1835,0.39064170868988024
1836,0.7892952251316776
1837,1.6489620023989984
1838,0.48442725341838233
1839,0.19865684633143554
1840,0.5280556267187161
1841,0.5261205574894003
1842,0.5970606067066222
1843,0.04681914483980387
1844,0.9478038415141483
1845,0.529478870445243
1846,0.6574832282217229
1847,0.13618583229901016
1848,0.2711074131941271
1849,0.906262823943991
1850,2.954942348079658
1851,0.23191670549302823
1852,0.6096518052495601
1853,1.2744918615848573
1854,1.0815916001805905
1855,0.6087726411034695
1856,6.670847269992051
1857,1.9911611539484484
1858,2.065350809739055
1859,1.7736090291525333
1860,1.413121698685431
1861,0.6792279865324816
1862,0.7256538465940435
1863,1.6278383367379465
1864,1.5152686322678857
1865,1.7763663010991937
1866,0.7815001069553551
1867,1.165207067953229
1868,0.22449533945972378
1869,0.830486700546245
1870,0.6772747186832474
1871,0.44883629690535
1872,0.255732123881824
1873,16.242093316189887
1874,3.169374321710075
1875,3.0494921545611735
1876,4.296061481833306
1877,4.414926897816862
1878,1.826278351986713
1879,1.2893597567747324
1880,1.8811117635425267
1881,1.143994952127173
1882,0.532373077567264
1883,0.830131399073015
1884,1.1034447542143813
1885,1.7442363454510748
1886,1.044223145430112
1887,1.4146077152659557
1888,1.0511192329812604
1889,0.7430356976336333
1890,0.6386999838465455
1891,1.1013079908703975
1892,1.0627147949359317
1893,0.276985603029797
1894,1.8827764655654526
1895,2.1961681452215163
1896,1.4564158619373961
1897,0.8975884020680174
1898,0.6641301919960704
1899,0.9559623423220018
1900,1.557719028581467
1901,0.7297266504570606
1902,0.8484124760895672
1903,0.6409179988325935
1904,0.6069379196716668
1905,0.40609755294892913
1906,1.4438054879538036
1907,0.5959030478860249
1908,2.7840531106285495
1909,0.39948531716163793
1910,1.4683755476242752
1911,1.041357560736075
1912,4.090767798549271
1913,0.8467645822403238
1914,5.47712623011453
1915,4.079158045210235
1916,2.126208561743182
1917,1.427439232171281
1918,0.9878178723399953
1919,0.8905414338195662
1920,1.030960483751048
1921,1.2884061472700548
1922,2.906818168640929
1923,1.4070311643946674
1924,0.5783455575707127
1925,1.4061435342403723
1926,0.20884079709076464
1927,1.3974060646534912
1928,0.6621729570547421
1929,0.5542357781436293
1930,0.24835557900936656
1931,13.433543486051843
1932,2.7332867018735025
1933,1.5985133607235547
1934,4.405055618842045
1935,6.64099078582905
1936,1.5013985583220277
1937,1.9161473691531437
1938,1.5472138052119355
1939,0.5626379686773612
1940,0.9217680347808708
1941,0.8229265009289155
1942,1.1199637249661838
1943,1.754100150114048
1944,1.1417082615305554
1945,1.1987848868150766
1946,0.6245555084012291
1947,0.4559905604999692
1948,0.4798904742804303
1949,2.343723627261909
1950,1.4240421110132395
1951,0.4110716873258291
1952,2.1124652474940353
1953,1.7291605524220623
1954,1.8805429352403547
1955,0.900804107373752
1956,0.7084906765752307
1957,0.42793293633555096
1958,1.3278571514773756
1959,0.0
1960,1.5823956831573147
1961,1.4228702845174928
1962,0.8478762774801459
1963,0.38870129039881207
1964,0.6792846688655225
1965,0.7117457520452901
1966,3.031475888323979
1967,0.32820190838321417
1968,0.5353154834828958
1969,0.5312878543930256
1970,1.9452030780586658
1971,1.3060388089958868
1972,4.191526729997486
1973,7.854917142056555
1974,3.525632745088952
1975,1.6042707099344062
1976,1.0743666952043314
1977,0.8405277044864083
1978,0.808251757428826
1979,7.7544164259571655
1980,3.237049063014357
1981,2.4081443593617404
1982,0.6542137445682182
1983,2.2304974217935425
1984,0.45511265843505955
1985,2.991636882142371
1986,0.81255105786918
1987,0.9243466586406397
1988,0.693213937094905
1989,24.55486571046723
1990,3.3961507852945787
1991,0.0
1992,3.168754661320773
1993,3.9139671261148345
1994,1.6742780303091385
1995,2.5750694405251613
1996,3.7386383903672527
1997,1.251730355474588
1998,0.10437294477453651
1999,1.0496721594374643
2000,0.4368143157584756
2001,3.192053139044413
2002,2.3267992636480996
2003,1.3397950159751784
2004,1.7177885585376251
2005,0.5318770445332727
2006,3.3187686591025045
2007,2.681731417533498
2008,1.0346837188210523
2009,0.7861299392403488
2010,5.338579919440456
2011,1.7535707745614044
2012,2.6693484225022046
2013,2.2368761879924097
2014,1.8577755792593855
2015,1.5995853239416613
2016,2.3931596153491865
2017,2.068661130215586
2018,1.4780159803830633
2019,0.8228178194116126
2020,0.9112409964679692
2021,0.6111546535706883
2022,0.6833158883291054
2023,1.780372638904193
2024,4.389715364285497
2025,0.3219311276959733
2026,1.3274271234275854
2027,2.7632443631583175
2028,3.6468327857250484
2029,0.18563306597837625
2030,8.199014912832082
2031,2.2448465846367984
2032,1.1172582609766817
2033,1.5026438042578882
2034,1.9157699552899152
2035,1.127654439556299
2036,0.9569658214751651
2037,2.9314461896663784
2038,2.944780099638147
2039,1.8434131467251669
2040,2.364723076497535
2041,2.133295055659127
2042,0.4512243503492902
2043,0.9992383875865454
2044,1.5315379575798909
2045,0.7309792308324612
2046,0.1974687491273448
2047,20.95313565395406
2048,5.2179241064797255
2049,0.017189095976559488
2050,4.829720224996627
2051,2.4452711255594486
2052,2.267355617639574
2053,1.9306104775959527
2054,1.9818208874425718
2055,1.438769987734924
2056,0.5067016704220071
2057,1.2879939643082379
2058,0.6400738747655601
2059,2.2153416530328442
2060,2.487345586769525
2061,1.0347116456257803
2062,0.9218371861280287
2063,0.270180849124384
2064,1.0828695222515512
2065,0.7622632959978817
2066,0.4312551075734704
2067,0.700974832601534
2068,1.7599034895986934
2069,1.0968877062933435
2070,0.9686018918779525
2071,1.7320625209945182
2072,0.5152882443393482
2073,0.1720146224344996
2074,0.9140890790472858
2075,0.2285450366016344
2076,1.212628819040849
2077,0.5573966061674492
2078,0.3652624042959993
2079,0.3998358394439536
2080,1.595021532928731
2081,0.9292206219006738
2082,4.957329274947623
2083,3.8146501956309478
2084,0.7111806148553635
2085,0.5586605822712783
2086,4.143756981835768
2087,0.2723467669137143
2088,8.947599945013259
2089,3.7264963756194898
2090,1.6711100161292307
2091,1.1233908489849513
2092,0.7427842019881885
2093,0.6295209123098245
2094,0.8621933192566037
2095,2.8659637346225946
2096,2.1151998977897666
2097,2.6266633708761926
2098,2.0364496035456536
2099,0.8405095105794063
2100,2.7695644277378233
2101,0.5395409050584014
2102,0.6780003528967449
2103,0.9229045119341317
2104,0.8893036780790996
2105,15.143529487225786
2106,4.030447247734655
2107,5.238834299909494
2108,2.753516811105727
2109,2.0796190504905208
2110,2.690293398723689
2111,1.8504751242561932
2112,0.5185607463453026
2113,0.8019428942585078
2114,1.989187824719239
2115,0.5463585814662981
2116,1.1873975507482117
2117,1.4039912831891372
2118,2.7645240962213453
2119,1.469370845683867
2120,0.5649474830651982
2121,0.5906310183356874
2122,1.9264145788202585
2123,2.768030462485419
2124,1.01440451702815
2125,1.9588083264207161
2126,1.8584491934539404
2127,2.1035746765869967
2128,2.1450590507409686
2129,1.4382748571213178
2130,0.33426169929772165
2131,0.7912804641984802
2132,1.4754436532661457
2133,0.28203330506535385
2134,0.5506634713445545
2135,0.2789662817156455
2136,1.2204618921723838
2137,0.9010427630248715
2138,1.0242823989023415
2139,4.018271169455868
2140,2.6183815942817104
2141,0.762865636219357
2142,3.087275594554981
2143,0.8205732465615176
2144,3.110111225517259
2145,1.7267335977599703
2146,2.872585009054841
2147,2.123145876881673
2148,2.239743720240746
2149,0.42661540111528473
2150,0.41131755071081655
2151,0.18444686879535754
2152,0.4010899236712052
2153,1.0962955998822321
2154,1.1447783568991892
2155,0.846438874465033
2156,0.951548292357547
2157,0.6758906493647399
2158,0.5638789338980277
2159,0.47315744292580897
2160,0.3915397461573754
2161,0.20115904989354494
2162,0.38968799907259544
2163,3.946250067388929
2164,2.006953431027293
2165,2.059514964267533
2166,1.5189237397127164
2167,2.108314045832108
2168,1.6283911806518625
2169,1.3639120615843745
2170,0.3791013602317642
2171,0.16711034732282037
2172,1.199399671229194
2173,0.3792466698615663
2174,0.4076821679251236
2175,7.219735664044036
2176,0.9873076432029919
2177,0.9680898643609034
2178,0.40354562943970496
2179,0.3370889125214467
2180,0.02906667532186935
2181,1.0541604491531018
2182,0.37632001618012023
2183,0.29036425278702804
2184,2.0523009016516816
2185,1.6981042458214701
2186,2.85157532336641
2187,0.6695908365578129
2188,0.34588917703290467
2189,0.4492764821503096
2190,0.7696754426937765
2191,0.0
2192,0.4971269709649342
2193,0.382596060359392
2194,0.5686750892347184
2195,0.546073087986609
2196,0.3548605297246461
2197,1.032234781645582
2198,2.423475071619542
2199,0.5048439468843752
2200,0.8136329925368816
2201,0.5943675877093244
2202,1.1343193403688925
2203,0.49607885356193515
2204,2.5198011471846526
2205,3.8840047203526487
2206,2.117850070713402
2207,0.5393418292909974
2208,2.130346321695945
2209,1.572014705631631
2210,1.068876889348545
2211,5.8014027548325755
2212,2.366763979954777
2213,2.4018517232285763
2214,1.2487791110731012
2215,1.089871389310971
2216,2.872065206805316
2217,0.39362660080578427
2218,0.8730484713746287
2219,0.3763344321482195
2220,2.6431312608404873
2221,21.08108037976725
2222,2.9601217579464816
2223,5.188267904604364
2224,4.7172256558600445
2225,3.308062450794455
2226,4.655547048274828
2227,1.1018849872952505
2228,1.2121661928034486
2229,1.2250245777162434
2230,1.435997550071407
2231,0.3923661589264026
2232,0.26650431714392364
2233,2.842911353521023
2234,4.149309857016168
2235,0.4744192732335971
2236,0.2735322612866735
2237,0.31420685860772846
2238,1.9624360708588853
2239,1.059992671737092
2240,0.7782445427155547
2241,0.3988139455534806
2242,3.614120927498321
2243,2.212080738125156
2244,1.7974904276019108
2245,1.8125696002821423
2246,1.1618879455498163
2247,0.3738028697330772
2248,0.7688287441214463
2249,0.07192262594926269
2250,0.4213337702503007
2251,0.5026298862298058
2252,0.7106315765651463
2253,1.2791419924588343
2254,0.6573937380010105
2255,0.6297374796903306
2256,3.368348828490829
2257,2.7428469662772477
2258,0.4713251926262313
2259,0.5664270501366119
2260,4.357884215227515
2261,0.5288424158796559
2262,3.050379036015833
2263,1.9895035533189134
2264,1.0507721267785608
2265,0.7139864772941437
2266,1.0026327993257818
2267,0.9755952817464159
2268,0.8416055350041524
2269,4.477995569895485
2270,2.113213480639291
2271,1.876434533055841
2272,1.2984817804066948
2273,1.915237301189726
2274,0.4011269360061166
2275,0.42987937474229454
2276,0.5454750446793043
2277,0.22001704174894354
2278,0.49265893745004086
2279,16.59792103332979
2280,3.3942425159056775
2281,0.0
2282,4.050673714672946
2283,3.123690705202197
2284,1.876859618960102
2285,1.875099683256325
2286,1.6166804705404305
2287,0.7726970731286419
2288,1.1281313787345923
2289,0.7100460971480136
2290,0.28069414224716405
2291,1.802730358723132
2292,2.512121158038357
2293,1.372960150604583
2294,0.26910431754897624
2295,0.25930331625179104
2296,1.116547758526009
2297,1.4231446460465855
2298,0.3887728478202491
2299,1.4515806249699492
2300,4.741125536542706
2301,1.5530353557834928
2302,1.6510678888669006
2303,1.1857635464356668
2304,0.0
2305,0.3541382054912925
2306,0.6864495498088042
2307,1.7280816995177724
2308,0.4575731186076104
2309,0.273703096030641
2310,0.6800387445492114
2311,0.23188035139612673
2312,0.4266754432319164
2313,0.5252401529399828
2314,2.966409673788833
2315,2.6460792903837307
2316,0.6940413080531522
2317,0.32141960619724963
2318,1.0215342840109156
2319,0.8480298721924816
2320,9.330556971899448
2321,3.7224977626305247
2322,1.789698289720748
2323,0.7475952440546557
2324,0.8027614457893338
2325,0.4470051694779317
2326,0.7169446590281665
2327,2.3291946227030573
2328,2.006294963785137
2329,0.9700856092100615
2330,2.0370923743200997
2331,1.244627412250379
2332,1.5389302138865277
2333,0.7873654625521024
2334,0.5307455576727735
2335,0.28387324528881175
2336,0.5253489835605455
2337,4.1140157456280715
2338,3.1339581414823776
2339,3.5387308327236475
2340,3.658037225235856
2341,2.2460854952147797
2342,1.8064540896334176
2343,2.1234618399223946
2344,1.072805209016328
2345,0.6037915658985351
2346,0.9660539237604608
2347,0.5151790335300789
2348,0.9754339091479751
2349,1.28819863628243
2350,2.899453488624699
2351,1.1351637594375226
2352,0.42635266220399026
2353,0.5084682768849893
2354,1.0963030856543476
2355,2.0537200310545147
2356,0.8014169536880948
2357,0.6835517752794509
2358,1.6784216261346683
2359,2.8442811637378784
2360,2.101341332887619
2361,0.9750792659565986
2362,0.8077448447433948
2363,0.6092257549561012
2364,1.4411924513824492
2365,0.05996968648560563
2366,0.7823547697139498
2367,0.8206368410629834
2368,0.9292675994766066
2369,1.1030275492807298
2370,0.4999474091301471
2371,1.338969788636029
2372,1.9020159122540283
2373,0.9638380520923504
2374,1.5272077940056032
2375,0.7116652371863886
2376,2.4055401354191743
2377,1.586649835475185
2378,8.941169616494236
2379,2.5431529636951407
2380,0.9614813081928342
2381,0.4848020750707296
2382,0.2962935104463289
2383,0.7336991734110339
2384,1.5939151498956727
2385,2.203787922080013
2386,2.189096607897665
2387,1.1344876403779427
2388,0.8027601100101419
2389,1.5594057010435973
2390,0.2949656013471089
2391,0.8650212417472499
2392,0.44550330156586604
2393,0.48898286247378475
2394,0.22815383923388932
2395,10.985078888380068
2396,3.5244635605142336
2397,3.6488085087709368
2398,3.0285976984169416
2399,2.0649316167354117
2400,1.1485379897361996
2401,2.7248042098632808
2402,0.8749194422613196
2403,0.4868302237320865
2404,0.2804381288287978
2405,0.6124092994656146
2406,0.8540297577675631
2407,3.806335447634256
2408,0.28248647320187725
2409,0.5361391659024657
2410,1.3267136229604113
2411,1.3001604332913332
2412,0.1905588249535619
2413,0.4599407149636394
2414,0.1519917145935059
2415,0.461532209628846
2416,1.0110283084203784
2417,1.6360000110562494
2418,0.5375924170910201
2419,0.3577689326071922
2420,0.5208188107863647
2421,0.6387181214441636
2422,0.7012576487420713
2423,0.035230364344727816
2424,1.0124962226132461
2425,0.6270451075375302
2426,0.6664943342589641
2427,0.15359320827317635
2428,0.2320940999137402
2429,0.7025815166152949
2430,3.059997421498203
2431,0.18668870260735249
2432,0.7225659855027391
2433,1.049116287571061
2434,1.1404137735064785
2435,0.5213383848980447
2436,7.817227884469107
2437,2.7050525367758267
2438,2.1266765098101663
2439,2.244774344566411
2440,1.7889726755313642
2441,0.9804932310832426
2442,0.8008713499745278
2443,2.025783520673205
2444,1.7982977042224109
2445,2.5399429388834793
2446,0.9344689760792326
2447,1.5745473249432953
2448,0.31047673514811414
2449,0.8653906405474469
2450,0.6104823948042776
2451,0.7601304790747473
2452,0.2546590161044888
2453,17.732914450417063
2454,4.032025091476882
2455,6.316570500430013
2456,5.725692737720555
2457,4.864439178573046
2458,1.8368204368351
2459,1.4197203642819969
2460,2.7011893772294187
2461,1.4536831957472771
2462,0.6158765852760837
2463,1.0587048087572128
2464,1.1590872297997319
2465,1.9170394834262765
2466,1.4053718411477563
2467,0.4766313653064388
2468,1.334298411366884
2469,1.5418676949801933
2470,1.178693883700153
2471,1.4284631541522408
2472,1.4421974419903962
2473,0.3563751493728917
2474,2.439682359898047
2475,2.4778226341466407
2476,1.6822606645079654
2477,1.1849916144586876
2478,0.8612786392443745
2479,1.3858991119986972
2480,1.7690796564663613
2481,0.9923981933750812
2482,1.2373283887922495
2483,0.9764244248150211
2484,0.6958773988054958
2485,0.4394111327745729
2486,1.8678326987002876
2487,1.129826044792488
2488,2.805707030834866
2489,0.5723267355901223
2490,1.533809767605197
2491,1.4350857770637704
2492,4.130873109549671
2493,1.1357090958458895
2494,9.043440749160585
2495,4.882780060643423
2496,2.9311734338227944
2497,1.6047035641929461
2498,1.2793034541629251
2499,0.8774283202699319
2500,0.9798898482792251
2501,1.441171343587569
2502,3.573362534802247
2503,1.6662466594547376
2504,0.6750128211080669
2505,1.6494478615718284
2506,0.23662617402935537
2507,1.7388370838939744
2508,0.8147918833926183
2509,0.8691270727130913
2510,0.2403511739188986
2511,16.4391214776893
2512,2.6638549830385845
2513,3.056905384900791
2514,6.6023538601920535
2515,7.738221828166082
2516,1.8872948145018695
2517,1.9567778748434221
2518,1.8515226302124772
2519,0.9041352134608556
2520,1.1541271127686512
2521,0.8568313928494067
2522,1.3226075915597348
2523,2.664794984151916
2524,1.3313537430036035
2525,0.44011760061780036
2526,0.7033434602510382
2527,0.8082052784793635
2528,0.7588295414510724
2529,3.02851082330814
2530,0.6713215939182235
2531,0.3926766209398729
2532,3.122404428412509
2533,2.2446239783221906
2534,2.7837829993140755
2535,1.017881713242332
2536,1.1475699305988356
2537,0.588361936372202
2538,1.8481002128040476
2539,0.15787985803948668
2540,1.761406115982967
2541,1.4761854447976652
2542,0.9595311146638403
2543,0.39175521737950547
2544,0.6523903068532501
2545,0.8984062699756028
2546,2.6643314513674667
2547,0.3752410208698359
2548,0.469040325676362
2549,0.6498534068031446
2550,2.0749602506733087
2551,1.3875501753823432
2552,4.744311680134114
2553,6.016434159513149
2554,3.701025156540158
2555,1.514029292010146
2556,1.4913785013946343
2557,1.2104887251582892
2558,0.7354598792527071
2559,8.265612718982915
2560,3.3366960661442846
2561,2.500396582889815
2562,0.9139867166313143
2563,2.4101414240588035
2564,0.5274009558902818
2565,2.2004078969756957
2566,1.0805956415913507
2567,0.8019081162129384
2568,0.9822299544271236
2569,27.29508182034859
2570,3.906713625955427
2571,0.0
2572,4.589154205368509
2573,4.0251421612666745
2574,2.3244514341603075
2575,2.3948219415191447
2576,3.550653727711887
2577,1.2928793900182765
2578,0.16362024734413327
2579,1.499621220001997
2580,0.8763883847948191
2581,3.5130371347884024
2582,2.572846916987982
2583,1.1310036734093254
2584,1.7895499569925268
2585,0.49151581959607005
2586,3.3396174081311507
2587,2.369287969480908
2588,0.837041650835999
2589,1.2124149174032368
2590,5.36476138394023
2591,2.008445402963244
2592,2.6386683596309384
2593,2.4859848650142515
2594,2.232700563265677
2595,1.507600951304719
2596,2.694853736636377
2597,2.933861654121202
2598,1.6098625456831055
2599,0.9215766654989992
2600,1.0656313401902127
2601,0.690076609978451
2602,0.8774854291099419
2603,1.7706042095503878
2604,5.145858484291649
2605,0.34792002788293663
2606,1.2828152959720247
2607,1.4942833406481626
2608,5.036462513133051
2609,0.19443048714723887
2610,11.247711822694088
2611,2.7489722090635036
2612,1.5247553246286825
2613,1.5454186450326644
2614,2.213480751454377
2615,1.175967226971589
2616,0.8479337092445689
2617,3.1182150635965846
2618,2.664943750090761
2619,1.8538590612379495
2620,2.5774659475319703
2621,2.14815375408942
2622,0.5736577570810302
2623,1.0360472174738584
2624,2.0087601428067994
2625,0.986198297697226
2626,0.20576626806187837
2627,29.427482094360258
2628,6.141551327630616
2629,0.0
2630,6.270535871624463
2631,2.7033405836894557
2632,2.747374022254009
2633,1.8693296410528148
2634,2.1561782513984116
2635,1.3617555896753548
2636,0.5550292019331168
2637,1.3202555913197604
2638,0.9802912166795048
2639,2.7975090764162616
2640,3.244343312543335
2641,1.2132679686855907
2642,1.4143158706546752
2643,0.369413931084251
2644,0.9709904981604751
2645,0.6992974458634031
2646,0.6274176745800041
2647,0.980894987749404
2648,2.2037883766829767
2649,1.4452130793342541
2650,1.3003716227239595
2651,2.0137546228736882
2652,0.8862667772558224
2653,0.24269919563354891
2654,1.0332354798712418
2655,0.3964886264522781
2656,1.4639193421764511
2657,0.6611216582940279
2658,0.3822074020992522
2659,0.6510435444090883
2660,1.8085335922929324
2661,0.695401626441778
2662,4.921365147638086
2663,3.1511580140092326
2664,0.4775764545711043
2665,0.6867656334536589
2666,4.213049887490077
2667,0.25862277745369444
2668,13.562901353934063
2669,4.521265749429061
2670,1.8518241098804173
2671,1.0366751520782505
2672,0.7815754408855561
2673,0.65285013476225
2674,1.0051059078046156
2675,3.09093662739503
2676,2.3254276158063507
2677,2.908124647837951
2678,1.8175987412227486
2679,0.822765972403331
2680,2.5334661810874213
2681,0.6507417184267509
2682,0.6357104711087874
2683,0.8458355443925102
2684,1.6186574570134336
2685,17.488720286965997
2686,4.658679246404812
2687,6.897076295597652
2688,3.1560147717535507
2689,2.038072142230928
2690,2.5928435047097205
2691,1.9367692320664727
2692,0.779934334955497
2693,0.725932338164228
2694,1.9711958214220706
2695,0.5548350459316408
2696,1.1585151815344554
2697,1.071935907459169
2698,2.8312335492896055
2699,1.7879871012899156
2700,0.6218350742976338
2701,0.5134189014166726
2702,1.6357066541982448
2703,2.6089675151438048
2704,0.9705630712274078
2705,2.101130422380626
2706,2.2380676486797566
2707,2.4913036868654967
2708,2.581299091299142
2709,1.429327087330834
2710,0.4052733308492268
2711,0.6970401764509422
2712,1.6627035582847822
2713,0.4699256950544882
2714,0.5786767717615716
2715,0.3215989364062486
2716,1.2277068975608298
2717,1.2386502365464132
2718,0.9009051607390277
2719,3.4510473086863422
2720,2.9064257479265994
2721,0.8473844070297257
2722,2.5257023643578913
2723,1.0027855680209499
2724,3.1914644272141586
2725,1.7365994058020544
2726,3.1361470334920383
2727,4.13607613005296
2728,2.618854446603425
2729,0.48475417598987136
2730,0.499195623335829
2731,0.16172669026392028
2732,0.4231604044808748
2733,1.3354944843236027
2734,1.6165663365273284
2735,1.0198458394597891
2736,1.2347518797983512
2737,0.8045874164910859
2738,0.6561776445365007
2739,0.49177369849756714
2740,0.47929192146599464
2741,0.235672620661447
2742,0.38152300719170107
2743,4.305248940065793
2744,1.8618785631318717
2745,4.21801247706076
2746,1.6056402418001618
2747,1.8960087069979037
2748,1.8180386193922575
2749,1.325566708328935
2750,0.2381561173409894
2751,0.2896011989703371
2752,1.1682008265510495
2753,0.46769771537731053
2754,0.3428376911548028
2755,3.3430766634586817
2756,1.0762115149806255
2757,0.786796585486017
2758,0.45776192679703653
2759,0.36487563467895656
2760,0.3473843868336879
2761,1.0672924466436784
2762,0.34893609810962634
2763,0.27586683492456365
2764,2.454024032517889
2765,2.0421963295526475
2766,2.7079742273600047
2767,0.8656003946307519
2768,0.6578323902731054
2769,0.5358080641404711
2770,0.776974555270533
2771,0.0
2772,0.5710918977969147
2773,0.5173513888327026
2774,0.5767101122494049
2775,0.7712533799474991
2776,0.36154038841402825
2777,1.3915648675061127
2778,2.9956904786804097
2779,0.5737381658212379
2780,0.6641609516012937
2781,0.5079234328921964
2782,1.273859525271522
2783,0.39916516115422906
2784,3.227864287147211
2785,4.089564770353125
2786,2.2437898014411015
2787,0.433623168068054
2788,1.9345459050613716
2789,2.0519379259359543
2790,1.057044980076895
2791,5.282381532823221
2792,2.2539792558044445
2793,2.49417612687288
2794,1.1663734073216916
2795,1.06941222311723
2796,2.71191238010675
2797,0.32034002339772805
2798,0.8598568369436779
2799,0.24155857777822032
2800,2.4416149048886684
2801,23.78967637692521
2802,3.1005381409839092
2803,6.593174856745864
2804,4.590332771462933
2805,2.665516905123028
2806,4.557960033803361
2807,0.9373395319806954
2808,1.4414456902554496
2809,1.275524948252248
2810,0.9835596085485687
2811,0.2865666036307737
2812,0.21592649367650263
2813,2.2104465495467305
2814,4.325258241873895
2815,0.353087497391938
2816,0.3710745596575874
2817,0.3750623489362267
2818,2.0840040252549943
2819,0.9105196031109166
2820,1.2018990041495068
2821,0.296052213010348
2822,3.6679967213827576
2823,2.4614175511493688
2824,1.790258395074783
2825,2.147721175427664
2826,1.130657980984672
2827,0.32456227671446136
2828,0.7004965698178283
2829,0.04661590712870067
2830,0.42055501600905265
2831,0.46130635180179935
2832,0.6750817405583357
2833,1.2354339452242238
2834,0.3678089544941643
2835,0.5658046265290381
2836,2.8242686956211784
2837,3.2509208438214525
2838,0.45533243757837627
2839,0.5507776454228863
2840,4.7984206117346435
2841,0.42601690855133456
2842,3.794636853023522
2843,2.358946107919115
2844,1.227273015125953
2845,0.7668597700805723
2846,1.3127292803175887
2847,1.0987333181545462
2848,1.0126077436765428
2849,4.752528937506811
2850,1.930046270530795
2851,2.244469224077535
2852,1.4656137598802215
2853,1.6373818072081208
2854,0.3970899347756516
2855,0.37729889199530886
2856,0.5384461505842636
2857,0.25741020009903726
2858,0.3630608291531563
2859,17.626086607938763
2860,3.2045639864483073
2861,0.0
2862,4.353325161106477
2863,3.348317165737247
2864,1.9827675680005483
2865,1.6045102352550384
2866,1.7802677646288405
2867,0.777637359765416
2868,1.0026825460759166
2869,0.6645423690923686
2870,0.2783439827893768
2871,2.609514163853075
2872,2.519724580730225
2873,1.5173954904629847
2874,0.311227453444028
2875,0.30902125897846244
2876,1.212898407909914
2877,1.2931033718152505
2878,0.5952055736128432
2879,1.3523767840516911
2880,5.831370729806661
2881,1.9297743026176701
2882,1.9737867532196722
2883,1.6735426313217538
2884,0.0
2885,0.3759870292855919
2886,0.6969243885309371
2887,1.8105109609965402
2888,0.509034277683475
2889,0.261098470974114
2890,0.5872792559224412
2891,0.22188079226991686
2892,0.4143847536973929
2893,0.48494386195598016
2894,3.0482317689926033
2895,2.353115828406705
2896,0.6669501224741843
2897,0.5381036952023075
2898,1.125914046317286
2899,1.052243469615082
2900,9.371728354479197
2901,3.6431529921443677
2902,1.7410397452586075
2903,0.908525511472822
2904,0.9065924206875993
2905,0.5137068304925876
2906,0.6205747174200243
2907,2.1181633369251314
2908,2.304755108186076
2909,0.9415538374402123
2910,1.8810643747837408
2911,1.2896875146412787
2912,1.8435015923338232
2913,0.8173938966588451
2914,0.5717601359138645
2915,0.396469884477354
2916,0.5971097854664552
2917,4.17247395287597
2918,3.388697928210773
2919,6.835345927360759
2920,4.800354860876996
2921,1.8558346051691208
2922,2.086968582279923
2923,2.434335948412164
2924,1.332309973085707
2925,0.7608842894108667
2926,1.3421498337253785
2927,0.5720450040790996
2928,0.6649708673388856
2929,1.1471336921966901
2930,2.9844696285149346
2931,1.6591026925906198
2932,0.5104848837827144
2933,0.5764161137943341
2934,0.9677005452511416
2935,1.8767652983277139
2936,1.147277491822222
2937,0.8515565970909931
2938,2.1574570683788385
2939,3.1255845721670585
2940,2.329308423647447
2941,1.3565429703541205
2942,0.9669110155094125
2943,0.7172891590222316
2944,1.6242519851055985
2945,0.23944228444961668
2946,0.8860467367028733
2947,1.0297099427645158
2948,1.0740184705347169
2949,0.984340107803427
2950,0.4956333752232309
2951,1.6089440430728825
2952,1.8530927284388914
2953,0.8889277569953867
2954,1.4202669426205121
2955,0.8773037198404572
2956,2.8257869232470596
2957,2.374200999724561
2958,8.684468474279841
2959,2.4804657186225127
2960,1.2770478822157656
2961,0.5196428036324632
2962,0.30351509277892874
2963,0.7613655936831334
2964,1.2150189677163088
2965,2.59689431042571
2966,2.2942139010261564
2967,1.155639779865492
2968,1.4236679216575412
2969,2.4795547725588634
2970,0.4094610799689745
2971,1.0188523448977373
2972,0.6705838665113888
2973,0.6209931117569649
2974,0.2981971194177402
2975,11.121726905761877
2976,4.1227591654900415
2977,4.550290744200581
2978,3.9822157549578394
2979,2.5299470186322948
2980,1.1737728084919472
2981,2.8880957515150243
2982,1.1611658216907124
2983,0.6661059807171488
2984,0.3909297405295845
2985,0.9847324803867009
2986,0.9693348133046876
2987,4.312197645863172
2988,0.3567259533252456
2989,1.058033508887792
2990,1.3536201607564584
2991,1.1406790557612911
2992,0.22864131206278437
2993,0.43485733532167703
2994,0.22676928451229617
2995,0.4582639870548538
2996,1.3892876515253592
2997,1.7219053642130475
2998,0.8166646896202127
2999,0.40135512122921246
3000,0.8644836769228731
3001,0.6793143786600764
3002,0.8155599724515481
3003,0.10663861774953265
3004,1.1629608434938894
3005,0.6165831467932866
3006,0.7119823212432199
3007,0.19065839249693295
3008,0.34975238502404205
3009,0.9341288665170693
3010,3.5483613372432896
3011,0.31332235847522893
3012,0.6540179551408362
3013,1.0456594351813644
3014,1.225186016472939
3015,0.5316233269033829
3016,9.90968318074315
3017,2.9459163548862817
3018,2.5993306657909296
3019,2.9656797819615424
3020,1.8726838384716626
3021,1.1350929566635548
3022,0.835622509969161
3023,2.568820193291401
3024,1.9360967487948948
3025,2.201123654281236
3026,1.6489247016550972
3027,2.132736947616716
3028,0.5617191444338476
3029,0.9256458462571231
3030,0.9681502594270739
3031,1.0949409982228344
3032,0.3744518446862959
3033,19.589453296086543
3034,4.504613903436828
3035,9.635216160034293
3036,7.12221200374017
3037,6.338726305232746
3038,2.287004295725907
3039,1.7899604544248213
3040,2.7622008680255177
3041,1.8822008404080326
3042,0.8328453051911423
3043,1.7933566239773022
3044,1.2814562262701452
3045,2.7378336629829594
3046,1.5463372116229372
3047,2.2685360148627898
3048,1.581012938004772
3049,1.3372055752172987
3050,1.5375768660925238
3051,1.586896823815486
3052,1.7753903507323714
3053,0.6172602001801997
3054,3.4019730750100483
3055,3.5515154038421515
3056,2.4600986123388977
3057,1.4766381603194894
3058,1.1158657465855057
3059,1.817334963689551
3060,2.2832955987947106
3061,1.1125969469520065
3062,1.3669150162636352
3063,1.3752435021783047
3064,0.9519079875683591
3065,0.4305572648015211
3066,1.4535173935713
3067,0.929518881023631
3068,3.118328877144539
3069,0.48712877724572157
3070,1.7062947059490186
3071,1.2449573442385602
3072,4.359824806298549
3073,1.334876438455931
3074,8.42897915775455
3075,5.374733197953306
3076,3.3545727436857318
3077,1.4717364465801972
3078,1.4899978311428346
3079,1.105799700698967
3080,1.6800468243729514
3081,1.94407392430104
3082,4.387573335151905
3083,2.0424010750922483
3084,0.7868925575331651
3085,1.952298870560885
3086,0.35735321978640977
3087,1.773244871131975
3088,1.1940989862304632
3089,0.8042118656344863
3090,0.35833925819427526
3091,18.419687910786987
3092,3.3598864400726933
3093,4.143496059792707
3094,6.861840223751572
3095,8.690851175820232
3096,2.4424088328924554
3097,2.520008299751715
3098,2.109678304763806
3099,0.8679721697920433
3100,1.4992238971453764
3101,1.1906814098087455
3102,1.8059046480434997
3103,3.293381781186012
3104,1.916679798580308
3105,1.425414371264009
3106,0.7429943179643388
3107,1.009303418296458
3108,0.9437590938417292
3109,2.4250964398914028
3110,1.2603766131736744
3111,0.4926488028586632
3112,4.1700799362146155
3113,2.942327731670498
3114,3.0553514203292806
3115,1.847852079380636
3116,1.657477204697629
3117,0.7227477166496232
3118,2.3037806743514726
3119,0.7294358622659586
3120,2.4108369226747985
3121,2.2183992029381776
3122,1.0730510690835477
3123,0.5452911126838608
3124,0.9351841644189418
3125,0.9191790761733557
3126,2.8081390351803694
3127,0.6418315423341963
3128,0.6446316584620623
3129,0.7131751652748686
3130,2.7659942286881423
3131,2.4015726490538154
3132,5.091546756611143
3133,6.389207507705379
3134,6.293558534767619
3135,1.72168457511475
3136,1.5317689860925567
3137,1.2526839743164215
3138,1.0581146833534905
3139,10.506795515353538
3140,3.812727587958439
3141,2.717910747863796
3142,1.0554563411787121
3143,2.95704297584836
3144,0.7636907667766256
3145,3.2309767424863844
3146,1.1874198189321674
3147,1.5869338316383643
3148,0.9522411011087009
3149,34.243706284027134
3150,4.111382965780783
3151,0.0
3152,5.067253662132294
3153,5.836970031327689
3154,2.548450462140793
3155,2.267998857193655
3156,4.316764918167893
3157,1.4170263706754298
3158,0.41523007334326123
3159,1.6686661056822716
3160,1.008687703394636
3161,3.4844369933647354
3162,2.880930293455931
3163,1.2025135415337456
3164,1.7585097562483951
3165,1.012189091432258
3166,3.17249341642441
3167,2.3459517089648325
3168,0.9386475397650089
3169,1.4285201017725315
3170,6.305919265282232
3171,2.207807183306781
3172,3.909013437169125
3173,2.8542032307011667
3174,2.554417051440237
3175,1.9633438137015307
3176,2.990666738084614
3177,3.368252571154316
3178,1.8350056348799857
3179,1.44531720949842
3180,1.3554596256027953
3181,0.9633452863870638
3182,0.8027580131085621
3183,1.8084395102631854
3184,4.226480646981583
3185,0.4120394175730894
3186,1.4902346645346416
3187,1.6460760184737955
3188,4.073600171618423
3189,0.24365422730248043
3190,11.94542496954253
3191,3.2086475351677155
3192,1.5556267592833115
3193,1.2624346929218084
3194,2.587875794088953
3195,1.5033554540733753
3196,0.8656953351558792
3197,4.851889438945013
3198,3.1193805346807073
3199,2.377593360637788
3200,2.9359279557934563
3201,2.717670490505334
3202,0.8883673641582834
3203,1.389975022556071
3204,2.443464238611787
3205,1.2788525484747097
3206,0.32549669245681523
3207,27.386430869866647
3208,7.029126288198337
3209,0.11106338095359924
3210,7.248628865255621
3211,3.712592232364915
3212,3.2259539411830955
3213,2.4539216824498755
3214,2.558002030044822
3215,1.8205610714454934
3216,0.7685909502698925
3217,1.8147234476652114
3218,0.8529325179350633
3219,3.009913906702808
3220,3.8535999576625475
3221,1.3019070423336805
3222,1.3156954658987714
3223,0.4017520586111748
3224,1.3307821404264513
3225,0.853210565921754
3226,0.5183096285711971
3227,0.9757444901412853
3228,2.7341736195357997
3229,1.608850550906149
3230,1.6045732802773474
3231,2.6121091656244557
3232,0.9347352197733545
3233,0.3031808173094068
3234,1.2560134925032607
3235,0.3612626118193527
3236,2.109844951244417
3237,0.8708399200599894
3238,0.47771608016619116
3239,0.7217097952147951
3240,1.9559996177885992
3241,1.078163874576755
3242,4.349249136292645
3243,4.7967132638587815
3244,0.5992082785552416
3245,0.732853943963509
3246,5.485716298960262
3247,0.40333788710596163
3248,15.560479756041316
3249,5.253449910496242
3250,1.3955116789023372
3251,1.1173649948814541
3252,0.7259700656520955
3253,0.5129335383886171
3254,0.848547471365757
3255,3.2494912350142675
3256,2.2090035870158538
3257,2.6521542929659256
3258,2.267965666655573
3259,1.0146571068990453
3260,2.9146818140157174
3261,0.6812350059313154
3262,0.806891581415186
3263,1.1187230660917065
3264,1.9615393804703103
3265,17.226890236332295
3266,4.730925998594424
3267,10.459855122190158
3268,3.1973923455468674
3269,1.6587860390456242
3270,3.1626370804195525
3271,2.571171111192334
3272,1.0025282494939893
3273,0.815836102418585
3274,2.052992809180713
3275,0.5083881250791196
3276,1.3200004836340866
3277,1.379020681915112
3278,3.263075151399689
3279,1.6307805661032777
3280,0.9578739099873659
3281,0.6812034590211671
3282,1.7339867669293438
3283,2.3857631743851666
3284,1.5352287286481898
3285,1.9054145693083973
3286,2.5946619540130964
3287,2.96561239024701
3288,2.732023702927455
3289,1.6713528174195054
3290,0.6312306517444458
3291,0.8047454022772156
3292,1.7719624783459065
3293,0.9239883444077674
3294,0.6563713118845355
3295,0.5072059028271563
3296,1.1057791468226585
3297,1.1085626037590515
3298,1.7003573081734467
3299,2.9825003535178354
3300,2.8689234335353877
3301,0.9941260655270643
3302,2.6701855825592915
3303,0.9955624579561639
3304,3.743575270445115
3305,2.052668364225471
3306,3.4613681332405095
3307,3.0095051446735193
3308,2.564355269975953
3309,0.4373508822542518
3310,0.7046921989233554
3311,0.22891586681521114
3312,0.5133536432629399
3313,1.392438963289
3314,1.5762521981610416
3315,1.122070496733612
3316,1.3013388494799614
3317,0.8611283080213511
3318,0.7893804276005801
3319,0.7354334524164609
3320,0.5409118584058032
3321,0.33559483878114715
3322,0.805164893393259
3323,5.055427482378445
3324,1.8081803345109133
3325,5.315684473504943
3326,1.9008288567148162
3327,1.6818026592366282
3328,1.8701753960735612
3329,1.7741227220295166
3330,0.3006935504485788
3331,0.41912858233318595
3332,1.3432476868790466
3333,0.5008844167780067
3334,0.46130576648964927
3335,3.444001816931518
3336,1.3111046908953226
3337,1.517051508016393
3338,0.4582909239720695
3339,0.38477189304451864
3340,0.710867504615392
3341,1.195137578165952
3342,0.5657988059439992
3343,0.2917934941759164
3344,2.8800316172926688
3345,1.9447767129893734
3346,3.0960010493039825
3347,0.9728390220589997
3348,0.6881278512586831
3349,0.6871866586409878
3350,0.8492259276828467
3351,0.048434378157289126
3352,0.7755476760351119
3353,0.5848318571452418
3354,0.7381091142289702
3355,0.8426685913222963
3356,0.4057114767869898
3357,1.2382876437763017
3358,2.813513273300666
3359,0.5270703939190424
3360,0.8533315381815026
3361,0.6157530607192068
3362,1.2687543559370933
3363,0.5212683711977989
3364,3.6953948186822445
3365,4.863391963587022
3366,2.584273673796001
3367,0.6651904794271764
3368,2.2545822227417363
3369,1.8148983019006737
3370,1.2534868789767608
3371,6.039423009291356
3372,3.1914649228959147
3373,2.5820598304960414
3374,1.688946893804382
3375,1.3837706738408626
3376,3.100393542417427
3377,0.5167920498642345
3378,1.5982733783112573
3379,0.45753570818694267
3380,3.0020715805299423
3381,25.720613234958105
3382,3.545898177472645
3383,13.118991663147332
3384,5.601831269638962
3385,2.4916887443378464
3386,5.221855354345813
3387,1.2136248125338713
3388,1.6198506196276627
3389,1.3091109863185215
3390,1.1767334348992255
3391,0.4617599899890461
3392,0.3774200858840575
3393,1.9164243651287736
3394,4.241069154949654
3395,0.7587709833743753
3396,0.4979533200283274
3397,0.3960359904109405
3398,1.86076850499891
3399,1.0096105986612278
3400,1.1696621918935137
3401,0.4101153372571055
3402,4.129934053905776
3403,2.292329183242961
3404,1.9729467208125797
3405,2.712093580779639
3406,1.465363417621192
3407,0.4832141332296942
3408,0.9910304266527032
3409,0.2884797478828649
3410,0.7602744713320105
3411,0.6543197123923042
3412,0.8790904611202495
3413,1.3658354011153082
3414,0.4976690634966966
3415,0.737835083882955
3416,3.447233187155112
3417,3.2810388986934136
3418,0.5859906107077648
3419,0.646272407102472
3420,4.832077166146559
3421,0.49527674105007913
3422,4.326581930092161
3423,3.0946758117122584
3424,1.4910800572402092
3425,0.875525361472706
3426,1.4035654350685
3427,1.364645267631208
3428,1.0100220845558685
3429,5.856465326867609
3430,2.175544693902217
3431,1.9956305108415047
3432,1.814703501355475
3433,1.9400918327541068
3434,0.7521740986014928
3435,0.5800930974374886
3436,0.782257450528137
3437,0.4910152899539626
3438,0.8804301336053546
3439,20.727650841514265
3440,4.411033654187348
3441,0.04762913729598628
3442,5.286578357616438
3443,4.270146512161007
3444,2.0660613655873767
3445,2.1833080282934807
3446,2.3385573688320136
3447,1.1157337260609566
3448,1.2687630287327798
3449,0.717195848621939
3450,0.3923475603084079
3451,3.3286880236202463
3452,2.6283732059820046
3453,1.5662615469375236
3454,0.2965645587698118
3455,0.41387950214620495
3456,1.4258459018942795
3457,1.3785522222285387
3458,0.9202640606828549
3459,1.4467708515770767
3460,6.318347337025339
3461,2.4079903613076747
3462,2.205785081002057
3463,1.941788023868209
3464,0.053320743980323604
3465,0.5720281495876096
3466,0.9387018736144235
3467,2.372781784955452
3468,0.6100922635769969
3469,0.450401786539086
3470,0.8610031806077455
3471,0.3838039418546402
3472,0.5534976809439939
3473,0.5849412165562073
3474,2.955617002881787
3475,3.274608320181583
3476,0.7450157726761127
3477,0.5124562584057151
3478,1.833862667820835
3479,0.9232742839117265
3480,9.07023745414738
3481,2.993211545424095
3482,1.8654673151550392
3483,0.7794936419899352
3484,1.0174870937535918
3485,0.520546421231556
3486,0.6101738332933867
3487,3.2456238178107286
3488,2.3806429865295016
3489,1.169963683984249
3490,2.399269521435972
3491,1.7378620892111876
3492,2.2837905502915294
3493,1.0135924713587647
3494,0.6700015174059901
3495,0.47560760285429626
3496,0.5551015527908547
3497,4.358031699312152
3498,3.357455804849754
3499,8.6032143909489
3500,3.622765629657563
3501,1.9491683828368516
3502,2.2340707670114823
3503,2.6857129287978063
3504,1.1750054817210076
3505,1.024120253410999
3506,1.3998718297241701
3507,0.7825190533090183
3508,0.9895672128890415
3509,1.2969392990076993
3510,2.57309603669972
3511,2.0955765163775286
3512,0.5537419756500258
3513,0.5043481455353255
3514,1.2425896396405955
3515,2.1171011280132563
3516,1.2284278847789862
3517,0.7471504715831285
3518,1.9219130042157473
3519,3.1318654914618467
3520,2.349143368811146
3521,1.4263741813635076
3522,0.8452635015351191
3523,0.9459806128405028
3524,1.7976644063467198
3525,0.3669510333215269
3526,0.8729351252097242
3527,0.9520274657421213
3528,0.8400807213690389
3529,1.1467146539410393
3530,0.5821363460304522
3531,1.6383993424219496
3532,2.0717821731846735
3533,1.1073301818541363
3534,1.512751018905699
3535,0.9552783814799801
3536,2.8260546175800756
3537,2.219927967469045
3538,7.484239412234153
3539,2.619959952838742
3540,1.1149837283637876
3541,0.49134356983010485
3542,0.37596141497107805
3543,0.8223852496303105
3544,1.5448403474568009
3545,3.376925084412071
3546,2.311098149699177
3547,1.1585153708673448
3548,1.5240678832286232
3549,2.4423775804453323
3550,0.44680510732298784
3551,0.9312924054603096
3552,1.049561102755474
3553,0.8416851574047747
3554,0.33903522514637663
3555,10.090788051298823
3556,3.974290127218562
3557,5.073783743702631
3558,3.0056366833036514
3559,2.7088088994098554
3560,1.6100232023295
3561,2.987107119289375
3562,1.2613437370530267
3563,0.7016766445734539
3564,0.39283354751405886
3565,1.0718156431956276
3566,1.1002786942259994
3567,2.9399779897146057
3568,0.4308605300677183
3569,2.1018378315192283
3570,1.2503663903442215
3571,1.4426316060609201
3572,0.2780602953424651
3573,0.435470873294319
3574,0.2777989897688571
3575,0.5533032397537858
3576,1.394237505023597
3577,1.7497149654777788
3578,0.8939608469954551
3579,0.526113360187221
3580,0.7160292641688075
3581,0.8598631948383861
3582,0.8157762628958533
3583,0.24975516087025373
3584,1.1882646613239884
3585,0.6654699076277271
3586,0.6431919963215252
3587,0.2587844401881778
3588,0.43549337491466644
3589,1.0871693514667067
3590,3.5319670341753437
3591,0.40651413078586485
3592,0.6719814887915382
3593,1.3879766030782257
3594,1.2408446354957676
3595,0.5086310182403199
3596,7.823308612039209
3597,2.738550314625974
3598,2.5288391343698304
3599,2.6555523725542765
3600,1.6294553093914654
3601,0.7623310917126607
3602,0.9802494501459968
3603,2.7681902351073715
3604,2.2102306872738375
3605,2.1064382231984387
3606,1.573290052066281
3607,2.4992781790027365
3608,0.5954779336152344
3609,0.9429031832564658
3610,1.2385982981330625
3611,1.184396990200682
3612,0.3507883133848886
3613,18.879384705415738
3614,3.86241554783483
3615,14.193427456308411
3616,4.513920608681648
3617,14.283951310297793
3618,2.1639158000797067
3619,1.6033783626293974
3620,2.7585689191001554
3621,1.771223054325264
3622,0.7735879996144549
3623,1.6479487421407786
3624,1.5513393865800562
3625,2.5538899391623944
3626,1.4626209096542742
3627,2.4702820390177163
3628,1.2662767723872688
3629,1.4111015136454081
3630,1.17654725124264
3631,1.6253324532502567
3632,1.0660562091659047
3633,0.3881842317710703
3634,3.000486112279984
3635,3.5290783798503584
3636,2.358387795741475
3637,1.538893819908718
3638,0.9536291807153536
3639,1.5166237028982317
3640,2.417956560786958
3641,1.3118756021486042
3642,1.5506474244777952
3643,1.3058210354837174
3644,0.8848027438097996
3645,0.5198884350705579
3646,1.892390613209046
3647,0.8368622676699139
3648,3.758188320079815
3649,0.5672491637447208
3650,1.8287732993928323
3651,1.466381496435181
3652,4.36054730905084
3653,1.2118200904825809
3654,7.975700335235627
3655,4.109221694631147
3656,3.01106429940464
3657,1.5907627564817186
3658,1.1317258693649976
3659,1.000766379933165
3660,0.9863724453400216
3661,2.2413470076308233
3662,4.2844774105593615
3663,2.056086102211856
3664,1.4461558308325386
3665,2.4679387270458077
3666,0.43196129382833204
3667,1.6434161929429134
3668,1.2015982590471281
3669,1.2534637477642991
3670,0.37188238057002376
3671,14.923962339131915
3672,3.0501187424301013
3673,4.124990517480633
3674,5.376931685548425
3675,8.666339469182624
3676,2.033686871655207
3677,2.3298964992315634
3678,2.046424052920713
3679,0.9761711399888018
3680,1.3307130608502356
3681,1.0514438596901203
3682,1.2692566737143491
3683,3.260047773139964
3684,1.78245218170107
3685,1.0943225467829654
3686,0.8608585302812225
3687,0.7842763539584228
3688,0.6334046865524336
3689,2.353084696706737
3690,1.2240819523446427
3691,0.551195349087707
3692,3.153168180682127
3693,2.946373719679339
3694,3.218831656619278
3695,1.4837596833797888
3696,1.3838615265553624
3697,0.6843681039170847
3698,2.0314023131378067
3699,0.6894012117133174
3700,2.2084280437619324
3701,2.1062734839735184
3702,0.8995190797404882
3703,0.6638196358551637
3704,0.9160256734704508
3705,1.2700451811023012
3706,3.476142311653235
3707,0.5454479293738694
3708,0.7562336352435663
3709,0.7415770274247542
3710,2.820806032270438
3711,1.441465273192469
3712,4.7954330965750325
3713,5.927139621133226
3714,4.744147131227944
3715,1.7906977750442608
3716,1.5189157676734315
3717,0.9714246983223996
3718,0.9954347955395657
3719,12.918877261711003
3720,3.806546757484961
3721,2.7394898276733888
3722,1.1263745523495787
3723,2.8308831482538768
3724,0.799702405801331
3725,2.8513065329869107
3726,1.2835250520058097
3727,1.7966211712968674
3728,1.1362822080661192
3729,30.14989919302975
3730,4.454537760579086
3731,0.0
3732,4.229399849171239
3733,6.965837065657585
3734,2.471409193849408
3735,2.9091296484244564
3736,3.984583959210594
3737,1.61859007806825
3738,0.37524839406963495
3739,1.6637802556866417
3740,1.381291921477159
3741,3.5795755774153175
3742,2.829030900714723
3743,1.5785771261250154
3744,1.6904911978071655
3745,1.001690020897921
3746,3.3632623881571666
3747,2.3871356355887077
3748,0.7974475852505986
3749,1.1558115605362613
3750,6.417943274746759
3751,1.9940279485956396
3752,3.5663007873490438
3753,3.4244417808505974
3754,2.4819744925326868
3755,2.1878822400056963
3756,3.226657204514766
3757,3.261305310312464
3758,1.8783715475033276
3759,1.447853303952356
3760,1.2810583301814977
3761,0.7729212955196065
3762,1.1845277838090207
3763,1.7911635231712406
3764,5.604506773946287
3765,0.6843921275657308
3766,1.2508844931902474
3767,1.6579629052635876
3768,4.08423748650196
3769,0.2812932995693622
3770,10.386548272745443
3771,2.2005628462488516
3772,1.4239001356543404
3773,1.2099406214215211
3774,1.9744142516011864
3775,1.1002762216861548
3776,0.8678438739813568
3777,5.206222293588114
3778,3.593200340516826
3779,2.5039802518878105
3780,2.783857589413746
3781,3.6283586764224443
3782,0.8835302045255631
3783,1.0080583893722181
3784,2.299930773182611
3785,1.3508000205689699
3786,0.32281624291764355
3787,24.69576051313703
3788,6.21886597346927
3789,0.7720839852299236
3790,6.1224535441190895
3791,2.9289039145767344
3792,2.538629087217265
3793,2.69789623727387
3794,2.4922255589063207
3795,1.8052763510044947
3796,0.869192993128885
3797,1.958065120857864
3798,0.94217201157957
3799,1.9891319112822443
3800,3.1056891441358783
3801,1.0248049998178326
3802,1.039713356184541
3803,0.3477518927659322
3804,1.1639360274881858
3805,0.6206868559017533
3806,0.5246971743650926
3807,1.0177587421963235
3808,2.211891265160185
3809,1.7223634592152508
3810,1.4742765809885798
3811,2.5366103442273396
3812,0.7503017015214013
3813,0.3895026707912572
3814,1.1789727877563394
3815,0.4729551651573858
3816,1.6868620958690677
3817,0.7481770501156305
3818,0.4654054510516986
3819,0.6313433336084817
3820,2.1990038692063942
3821,1.098577331612012
3822,4.528463411953248
3823,4.77158610867895
3824,0.7374180259774832
3825,0.7852512739944256
3826,4.285086494769102
3827,0.48633724583876614
3828,13.863929288001419
3829,4.145994108509209
3830,1.551810196166287
3831,1.2728706050319927
3832,1.042849052528573
3833,0.5971439322471868
3834,0.807782630237433
3835,4.345254627215189
3836,2.518111254542937
3837,2.896874627524771
3838,2.7039921953610664
3839,1.3463031438618107
3840,3.368116943477143
3841,0.7586654222615502
3842,1.03166929516302
3843,1.2128140850359126
3844,1.4229884965440602
3845,16.134195794639563
3846,4.530847648863457
3847,16.151834296056727
3848,2.6391691154201706
3849,2.015781839847598
3850,2.6797835304301745
3851,2.6890252395386387
3852,1.2438791387872312
3853,0.9612498667335347
3854,2.083040739968256
3855,0.7214677007990115
3856,1.2173736998091056
3857,1.6449007502222213
3858,3.6039961134323564
3859,1.6938380712224124
3860,0.6644120906409835
3861,0.9050509102661761
3862,1.8653753112753135
3863,2.243734543769439
3864,1.3173421737222368
3865,2.290753340916356
3866,2.7653382077506663
3867,2.6366560701165733
3868,3.10172361580624
3869,1.6373012616469709
3870,0.6934725392678042
3871,1.039382704496931
3872,2.187277117492107
3873,0.9853974077689179
3874,0.7702433466649222
3875,0.5575356231262643
3876,1.1328044128505739
3877,1.173756777277136
3878,1.2391673045467961
3879,3.8704942063140266
3880,3.0022777698047722
3881,1.0708040618932035
3882,2.945117993976954
3883,0.9401066067830866
3884,3.6642285103405197
3885,2.3187722991392774
3886,3.216278722647817
3887,2.3354901598263873
3888,2.340888419803678
3889,0.4687273723291764
3890,0.6434794138028117
3891,0.2841375396147938
3892,0.5530923851032855
3893,2.2102640767791346
3894,2.0275203561885773
3895,1.3988430860439938
3896,1.2328417899148858
3897,1.069058103871344
3898,0.7990691102003881
3899,0.8396134531250175
3900,0.7277762602393767
3901,0.3986321067233317
3902,0.565627189263722
3903,5.17861465331962
3904,1.9400080042308245
3905,7.522357376843283
3906,1.843460556023643
3907,1.8448974654750439
3908,1.6146554903265486
3909,2.1424886242442183
3910,0.6132468940104333
3911,0.5767668296941748
3912,1.5664816429431054
3913,0.552152792213275
3914,0.5371071715665034
3915,3.6282233066858467
3916,1.4469529797707783
3917,1.930428890215729
3918,0.49120588110666985
3919,0.3847828318865203
3920,0.8915760394713483
3921,1.499235569257307
3922,0.8245957235484064
3923,0.35945577260273054
3924,2.6747992390772897
3925,2.161541227312787
3926,3.0519697803405084
3927,1.148389130994267
3928,0.8396233629318056
3929,0.7477907861859111
3930,1.1560360133428258
3931,0.24192691181878656
3932,0.7608724999279662
3933,0.5957531459194366
3934,0.6470143053345557
3935,0.9028826519580246
3936,0.4160021857061723
3937,1.8903152858680752
3938,3.3313566055752633
3939,0.7554569968191853
3940,0.9719325936250014
3941,0.5819165630616112
3942,1.607850428742955
3943,0.6480453477851321
3944,3.8307444616419986
3945,3.9541082056834584
3946,2.7715744186595197
3947,0.6515685904194628
3948,2.1194894185830826
3949,1.9560657289279004
3950,1.1691504541668958
3951,7.3082586086317445
3952,2.742139437259216
3953,2.3500527668753532
3954,1.8925835669442508
3955,1.6377381816866876
3956,3.1823264103135527
3957,0.5038472770856313
3958,1.4835442618612606
3959,0.700943805624231
3960,4.1228336083282215
3961,22.07176961574603
3962,4.218881255439662
3963,16.85077384084166
3964,4.597166022914557
3965,2.161946735952619
3966,4.752953491673294
3967,1.2943326210500121
3968,1.6166349352236573
3969,1.418857718250854
3970,1.248321914464501
3971,0.5258110729801856
3972,0.41148046362746593
3973,2.020405565343409
3974,4.399097089564198
3975,0.48068824439110025
3976,0.43278808313016426
3977,0.4186287618317931
3978,1.9520962142656968
3979,0.8872099660496745
3980,1.2654833963406937
3981,0.41526318447410626
3982,3.919026687486233
3983,2.572291962153299
3984,1.7587709991821396
3985,2.773510476576599
3986,1.3696176884484654
3987,0.5088863723461878
3988,1.1568361607800228
3989,0.3100304153439004
3990,0.7445740123889835
3991,0.7085179367923211
3992,0.7795619570483202
3993,1.5411263019185912
3994,0.6187831297880425
3995,0.9513596734327192
3996,3.630433628603041
3997,3.0539309693910868
3998,0.5537593600628465
3999,0.7267446166532419
4000,4.171460830126117
4001,0.5964637022715239
4002,3.4908247224103093
4003,2.5071122425728003
4004,1.204854671617999
4005,1.1624316544425013
4006,1.089948827615971
4007,1.177551143600411
4008,0.8527253809719599
4009,7.148701626159293
4010,1.8051917783597633
4011,2.0374542743014485
4012,1.850046579474905
4013,2.234751557618819
4014,0.7769187408634896
4015,0.5188967886791608
4016,0.8140257940371954
4017,0.47254672743077086
4018,0.7826130255150748
4019,18.614707342636137
4020,5.205721204120525
4021,1.1185205863962477
4022,3.7051002121493752
4023,3.8888819437659294
4024,1.8815889975577231
4025,2.569354762892203
4026,2.728134086545663
4027,1.0611497554096438
4028,1.368800875740789
4029,0.9289590728744401
4030,0.4324196153861454
4031,2.421022411166215
4032,2.5535182804803163
4033,1.4343174094738085
4034,0.3651946253402458
4035,0.4360837725558204
4036,1.07933786141457
4037,1.3863866206757578
4038,0.6735916447011897
4039,1.517896977645451
4040,6.269762751133592
4041,2.3377717580616273
4042,2.1929346607914835
4043,2.049717673424257
4044,0.12916727925831317
4045,0.6190964515312041
4046,1.040670135685945
4047,2.7042015535214827
4048,0.6373962453552061
4049,0.4696536305008384
4050,0.8917741650364388
4051,0.5562901265029951
4052,0.5401706197402436
4053,0.6529136116841993
4054,2.6037084609765904
4055,3.3571125147792658
4056,0.9632314780163784
4057,0.5295695795562251
4058,1.502727401337963
4059,0.9933404069524087
4060,7.9414668245912186
4061,2.7824220597278195
4062,1.3146580544536628
4063,0.7707709094758745
4064,0.6862967203498981
4065,0.42978007415458297
4066,0.5748018912879022
4067,2.157957507755931
4068,1.9210799734939785
4069,1.2718489089318297
4070,1.7343995067971123
4071,1.132237868735087
4072,1.3707580422724361
4073,0.7073747433930662
4074,0.6577949655371044
4075,0.3242047808399495
4076,0.3284505928421706
4077,3.7282264276550476
4078,2.3988802261710482
4079,8.317316642069848
4080,2.122370606379895
4081,1.6542967496249008
4082,1.7101959350688418
4083,1.9141391532561265
4084,1.1707884789490208
4085,0.6710744256267429
4086,1.0564908300165594
4087,0.8095275168153191
4088,1.007899294987359
4089,1.1430015942502623
4090,1.6701526010748053
4091,1.9464505326445671
4092,0.4545007458178214
4093,0.5238354530200318
4094,0.9229393237695532
4095,1.632134734465142
4096,1.1836538013205855
4097,0.6131076134842008
4098,1.3673245495859658
4099,2.6003760376271154
4100,1.818259506224045
4101,0.9202139174998822
4102,0.7113340307784507
4103,0.6854882103818586
4104,1.230547337803703
4105,0.21419395654451745
4106,0.7677619501156073
4107,0.6730241584045916
4108,0.7236583652132723
4109,1.0330226064211616
4110,0.5217692294838296
4111,1.379721161957193
4112,1.8462511153609054
4113,0.8262457553523221
4114,1.2115718397600452
4115,0.767240831108695
4116,2.7780627459220133
4117,2.0279615984454256
4118,6.2146211776951965
4119,1.845565099479023
4120,0.9792884709098031
4121,0.49488143717811883
4122,0.370660211923728
4123,0.5722446292904655
4124,1.4946449546620186
4125,2.4438476015889954
4126,2.2350855027438272
4127,1.1337241416472075
4128,0.9612745559120104
4129,2.130094838354604
4130,0.3346663140161632
4131,0.7531702178853554
4132,0.6687312801325066
4133,0.6953367564277592
4134,0.24861748873164458
4135,9.020372018468954
4136,3.446165417778343
4137,4.6935489093238045
4138,1.8889326133547877
4139,2.060911820585268
4140,1.1600555411424605
4141,2.6082146565737703
4142,0.8398521206115024
4143,0.5596878891781374
4144,0.3293627944915951
4145,0.781421711427587
4146,1.0131193071996378
4147,3.916937292300221
4148,0.2862806134838838
4149,1.3857236151329049
4150,1.1978030990025905
4151,1.2668505978093616
4152,0.23323948971192165
4153,0.40654673240459527
4154,0.2895656758895151
4155,0.4349703843649614
4156,1.007149072518322
4157,1.6250033588148642
4158,0.6453057425024135
4159,0.5488361304071392
4160,0.6476109725401503
4161,0.7708082812816321
4162,0.6165736453387278
4163,0.24433114221245344
4164,0.9970555757341016
4165,0.5281348475187121
4166,0.7013488548275616
4167,0.3169633803915366
4168,0.41569296799190414
4169,0.9193377194862744
4170,3.470913843912219
4171,0.3636320491932987
4172,0.5903524346899682
4173,1.047574513823334
4174,1.1950736471363586
4175,0.470250572875778
4176,8.020031706292265
4177,2.421899569456193
4178,1.9907280234333933
4179,2.3808894994370506
4180,1.1001539277808488
4181,0.8135919693834925
4182,0.7891507109653493
4183,2.4922724847974544
4184,1.6430860627842896
4185,1.5943017020450874
4186,1.4864327836488198
4187,1.8875470710298212
4188,0.3845765840621904
4189,0.653897549813643
4190,0.7991635226178622
4191,0.906599914607205
4192,0.29382808836998864
4193,18.62258567902399
4194,3.384235185287416
4195,11.145163832971035
4196,2.7347514060508287
4197,4.9801158029411035
4198,1.7803899691632108
4199,1.664030224411504
4200,2.047787922144815
4201,1.301735439669316
4202,0.6979465195378246
4203,1.2799417012813983
4204,1.165153441506436
4205,2.1362532288709515
4206,0.9570907873875343
4207,1.049038891067881
4208,1.1846547786439774
4209,0.705485325765924
4210,0.763799380571067
4211,0.9383032366670712
4212,1.1678119887688667
4213,0.32394038099861655
4214,1.9307262158855938
4215,2.908421339333362
4216,1.75398028201288
4217,1.2265581221890476
4218,0.8078933677280752
4219,1.352638640106068
4220,1.8389096907800202
4221,0.7889007129799822
4222,1.0983488453155708
4223,0.7025786850660026
4224,0.5592692583974684
4225,0.5398157908144817
4226,1.7270638813799861
4227,0.7733334252983324
4228,3.028652995112598
4229,0.5228829393422254
4230,1.7187013079214883
4231,1.5424514152259965
4232,3.7216378620315833
4233,0.8877855483412176
4234,6.856309386178117
4235,3.230631363168781
4236,2.325010647109913
4237,1.2221111949248782
4238,1.211337090359744
4239,0.6614214533887551
4240,1.1551046991501406
4241,1.533834771681619
4242,2.9832832783180816
4243,1.6339411198586187
4244,0.8167233489579491
4245,2.1919523131764915
4246,0.3415564698443745
4247,1.777987370772811
4248,0.9642541265112169
4249,0.813272429330617
4250,0.30715518407026643
4251,11.802829572905823
4252,2.3802324686978054
4253,2.8554181846210085
4254,3.483529579556168
4255,7.103061356234403
4256,1.6880438598634318
4257,1.8598104162552194
4258,1.284913432499193
4259,0.615684437482426
4260,0.9826626523328833
4261,0.844228754316312
4262,1.0016902740237044
4263,1.7509370474011776
4264,1.0665272959488183
4265,1.5292569287321665
4266,0.7982020547444553
4267,0.517001861475316
4268,0.7332210406428437
4269,1.5694465885395141
4270,0.971164818622344
4271,0.43832324186388816
4272,2.5857342294705274
4273,1.809336375386688
4274,2.0881996978118202
4275,0.8973281954823593
4276,0.9164054056071669
4277,0.5749893212823763
4278,1.4571068864807546
4279,0.837850522215265
4280,1.6743695261046607
4281,1.2483620198410725
4282,0.818947607393665
4283,0.4808100781027701
4284,0.7300120724711743
4285,1.0453276984780204
4286,3.52436514426243
4287,0.390501127490944
4288,0.49461847638573475
4289,0.7385566560164052
4290,2.4231386269794513
4291,1.3620503999940794
4292,4.16862466126215
4293,4.083138244505857
4294,3.154092080606449
4295,1.448109801743599
4296,1.0232873504807474
4297,0.7320107177914665
4298,0.925975790339742
4299,9.799266325279392
4300,3.4456884604625553
4301,2.7800991688682037
4302,1.0439917751827363
4303,2.6893133416135484
4304,0.6571781534264661
4305,3.8204917672252425
4306,1.0626551397661108
4307,1.2937272273943854
4308,0.8464859980376813
4309,25.257589335986328
4310,3.556783072497144
4311,0.0
4312,2.855016917818128
4313,4.217742386925995
4314,2.0760979936844057
4315,2.592355151125175
4316,3.6105754722960937
4317,1.258833254862292
4318,0.3720332805207205
4319,1.3946789656419907
4320,1.1271506469573687
4321,3.6245923943994884
4322,2.619710620606136
4323,1.165763601439797
4324,1.6248912990249071
4325,0.847577407015394
4326,3.0739336241789497
4327,2.328363823187005
4328,0.6124990035206916
4329,1.2029244192326165
4330,5.4450610537122275
4331,2.2403191238044045
4332,3.327710072924436
4333,3.0391537040877212
4334,1.8695480405445326
4335,1.8477259276390112
4336,2.436854469573089
4337,2.017673427988176
4338,1.398370139621119
4339,0.7721128073638129
4340,0.9152644637079319
4341,0.907245996349948
4342,0.7939334589816847
4343,1.9329230954109025
4344,4.694214611877695
4345,0.6118852355147428
4346,1.1050875545822516
4347,2.166512530184001
4348,4.322054929844735
4349,0.36185937770379173
4350,8.027187810698088
4351,2.172380266930033
4352,1.075163847608038
4353,0.8668422753168769
4354,1.654461540345474
4355,1.093333671468375
4356,0.7268898758440797
4357,2.919543426803723
4358,2.6942327878614143
4359,2.03375368330109
4360,2.49811454854491
4361,2.629038596070299
4362,0.468131490084586
4363,0.8030475020694885
4364,1.610215590302808
4365,0.9072589741034873
4366,0.22788026840573772
4367,19.468114234624444
4368,5.108591157337506
4369,1.6678877544807684
4370,3.4295039337990976
4371,1.9830488912552928
4372,2.249231939939285
4373,1.7158759659468437
4374,2.272034635953984
4375,1.034477615579858
4376,0.6324782179802467
4377,1.132312567587925
4378,0.7183321357054618
4379,1.580991105213716
4380,1.9318639573972396
4381,0.70735536486382
4382,0.9303641595745806
4383,0.3657477844646466
4384,0.8400277920581436
4385,0.5841918738638361
4386,0.380436934627278
4387,0.6834135271047495
4388,1.397129372902688
4389,1.1753321582820497
4390,1.0250077911389075
4391,1.5641368739509762
4392,0.5288019183546824
4393,0.39716479701733465
4394,0.7513927764781722
4395,0.30703698888347697
4396,1.2674002994966116
4397,0.7964872396190243
4398,0.488850756654136
4399,0.6588308817889109
4400,2.1209843327118
4401,0.742191219185178
4402,4.173406154066351
4403,4.0578820148294525
4404,0.7689923453993829
4405,0.678581605027594
4406,4.17225308858446
4407,0.41362719826750227
4408,9.537174660789963
4409,2.7939661764850428
4410,1.3471356066026905
4411,0.9159328413781103
4412,0.8689742202460945
4413,0.5274090550097031
4414,0.7681630695721765
4415,3.429312859140498
4416,2.206192529081024
4417,2.1714807328523884
4418,1.8765621634085612
4419,0.9768720789226366
4420,2.4288885627932872
4421,0.6299511464872899
4422,0.9958411465456571
4423,1.2060410129737182
4424,0.7668497991315297
4425,12.780958351005385
4426,3.7481459717435466
4427,12.860155930019173
4428,1.8996312037949157
4429,1.6894479546073145
4430,2.500049469863136
4431,2.065830375097745
4432,0.9752196043841055
4433,0.7989049663317764
4434,1.7578768911879
4435,0.5349359470076233
4436,0.9619496896990609
4437,1.304935248320934
4438,2.8602880444065275
4439,1.3076433790971038
4440,0.7765950469298477
4441,0.6548689668785751
4442,1.631569233610709
4443,3.5602615645616065
4444,1.0263815922789914
4445,2.109356105959513
4446,1.794623619906229
4447,2.1086663171666986
4448,2.4446833244546147
4449,1.4193290945989494
4450,0.41177011167861144
4451,0.7847262019489177
4452,1.664710892338398
4453,0.8341109562088855
4454,0.6657277752210156
4455,0.4606660844586049
4456,0.8686657488282266
4457,1.0424901537910163
4458,0.8813476190924909
4459,2.8651014676073183
4460,2.6352032403836696
4461,0.8055037062192495
4462,2.4536948565119268
4463,0.850262755519545
4464,3.663347215074119
4465,1.7088281629662592
4466,2.430689607023573
4467,1.9043559086596273
4468,1.9404354754397213
4469,0.390558852637359
4470,0.5674319198904874
4471,0.3593392784546394
4472,0.5476397034309564
4473,1.1305894079905758
4474,1.1181709717504067
4475,0.9263758449219099
4476,1.1808627743101086
4477,0.9963462137312014
4478,0.6437701494784931
4479,0.5769986000536851
4480,0.5392295342745838
4481,0.39731096250207687
4482,0.31144859515767687
4483,4.449194322750388
4484,1.436393506981072
4485,5.632052389022603
4486,0.9042130220066675
4487,1.6855773028553043
4488,1.3242814115816222
4489,1.9485071816484103
4490,0.5392493773952421
4491,0.427689227318902
4492,1.2032555659574704
4493,0.5592397662790681
4494,0.39871234959458657
4495,1.7757975938159707
4496,1.0152587941161626
4497,0.8534784060398661
4498,0.4097244893254276
4499,0.39664376342212004
4500,0.6809688707988124
4501,1.0393106684872389
4502,0.4744056277664134
4503,0.2809531310310249
4504,1.7314343190784411
4505,1.4454232285924908
4506,2.415778211144916
4507,0.805801191531429
4508,0.5049225701490672
4509,0.553973677880529
4510,0.8621218147966717
4511,0.16896097571036384
4512,0.5505013862460709
4513,0.47714765385774616
4514,0.6440419992544845
4515,0.7511599373979826
4516,0.40918018944618384
4517,1.509702809692278
4518,3.232991324721804
4519,0.7365398347279675
4520,0.6666623463614314
4521,0.6166770084963468
4522,1.2211949323108362
4523,0.6139986397744414
4524,2.5304040571026336
4525,3.2974078271060394
4526,2.1531940964241367
4527,0.5031210744898428
4528,1.7706432722390462
4529,1.3687828984949306
4530,0.9860759000356994
4531,4.9795086701339875
4532,2.240092437633299
4533,2.3222348323817528
4534,1.274464267521978
4535,1.236612595521749
4536,2.586034401338833
4537,0.4223645235638924
4538,1.0928006233300709
4539,0.513736360249542
4540,1.6708836145074244
4541,20.838264629879642
4542,2.7631904391718094
4543,10.543544536550597
4544,3.119624339588716
4545,2.335413979016304
4546,3.7877478825148834
4547,1.185335482629933
4548,1.2724048169656885
4549,0.888762353387123
4550,1.0549097046871576
4551,0.42226736633189355
4552,0.25917689029828317
4553,2.4034072414753602
4554,3.4073807307077244
4555,0.5242968521566418
4556,0.36175451919189605
4557,0.45354364130864744
4558,1.719911879274703
4559,0.8315696145235645
4560,1.676454336374219
4561,0.28905595223776004
4562,3.0009244739103114
4563,2.5669055938008087
4564,1.2177811760369563
4565,1.840764876106844
4566,0.867243134580851
4567,0.4537546984819134
4568,0.6749892300476011
4569,0.17341038471768355
4570,0.5472797884777209
4571,0.4746249889652825
4572,0.46570151115784053
4573,1.1370231473733339
4574,0.5072756374029569
4575,0.5926316629039218
4576,3.388072766430506
4577,2.864538609142202
4578,0.5246600609136857
4579,0.7482361181660023
4580,4.047195479787378
4581,0.4380130685331065
4582,3.189801206750584
4583,2.1524551467775574
4584,1.1178307316233391
4585,0.7274048402334147
4586,0.9721391318380246
4587,1.0506536045627535
4588,0.8070563832841287
4589,4.183032178001831
4590,1.69044266113889
4591,1.850032679973177
4592,1.3103779297391092
4593,1.6519812304052262
4594,0.5239374893098029
4595,0.4479877307837171
4596,0.6245608249606349
4597,0.29232518619210013
4598,0.4322635372893353
4599,14.148119392246665
4600,3.1839322845422227
4601,4.319332695913448
4602,2.338075126407366
4603,2.81694873691871
4604,1.6236320144440097
4605,1.469265140244478
4606,2.0579471931775006
4607,0.7964107368665155
4608,1.1777373045466146
4609,0.8867466353256688
4610,0.3919728356582708
4611,1.8004458751349615
4612,2.1571487455918286
4613,1.4637913989482338
4614,0.36055396150290164
4615,0.42148971998503804
4616,1.0637394118444596
4617,1.3442922743925736
4618,0.5469313936795674
4619,1.1072947298967408
4620,4.2302217273940705
4621,1.487692078867256
4622,1.5572560984794124
4623,1.1314825517566698
4624,0.05752777582970414
4625,0.5381035345489495
4626,0.6793657668179572
4627,1.5573955478660604
4628,0.4724767747108637
4629,0.4483953557242867
4630,0.7169012982908404
4631,0.43199971455918984
4632,0.4999802216319986
4633,0.5523928317683795
4634,2.5500259952969344
4635,3.005560621126966
4636,0.6489429450342472
4637,0.5097629686282832
4638,1.1722016310988659
4639,0.8407992099086797
4640,7.179862752810068
4641,2.9438116268075056
4642,1.1801939079751433
4643,0.7221307046352957
4644,0.7528211004859046
4645,0.4503973116757045
4646,0.6443122987854402
4647,2.1006727292418077
4648,1.8743528046994968
4649,1.027794283645872
4650,1.1493577929198064
4651,1.1019461132116464
4652,1.1696575530666304
4653,0.6980666009206167
4654,0.5588708646459739
4655,0.32883064309229293
4656,0.2764769232081612
4657,3.652577435807829
4658,2.6095835950318156
4659,7.847296130969315
4660,2.217696783975312
4661,1.7479629617943018
4662,1.6158553712098103
4663,1.9420307031961315
4664,1.0010544762954892
4665,0.6702334631550536
4666,0.976749111380342
4667,0.6874296182096388
4668,0.6894726452270384
4669,0.9728221831151171
4670,2.1319576866096086
4671,1.224977152929744
4672,0.3901113512216593
4673,0.48676916154235905
4674,0.909628215235109
4675,1.6072694157318907
4676,0.39431189555212187
4677,0.6109295203810274
4678,1.008736510643876
4679,2.7067478628451553
4680,1.5925184600963784
4681,0.8964633464989955
4682,0.6027059695553183
4683,0.5900698925035505
4684,1.1465618302388714
4685,0.25742116882133415
4686,0.7351264247676662
4687,0.6337609331731944
4688,0.7216029817256057
4689,0.9511242152661923
4690,0.5172462099169277
4691,1.4551036769518189
4692,1.7521110893909682
4693,0.6843793224966309
4694,1.4615805700175974
4695,0.7450836927920624
4696,1.9594060449368618
4697,1.8900889975157615
4698,5.453248264323273
4699,1.927182998195914
4700,0.9850801091774548
4701,0.49189910072924337
4702,0.2762588661216634
4703,0.6601357960480992
4704,1.2397999350649165
4705,1.9817932074194395
4706,1.8030893357677478
4707,1.2943147945479774
4708,0.751705046157962
4709,1.5673094080412784
4710,0.2637690446688683
4711,0.858749218558923
4712,0.6854874964617356
4713,0.5182301475975503
4714,0.26296734541351574
4715,8.018692694751756
4716,2.6641273981351614
4717,3.9421866745187573
4718,1.914756687880156
4719,2.3899684089761415
4720,1.0730632383674363
4721,2.3499841824864807
4722,1.0257319130764586
4723,0.5567126861310896
4724,0.3022001111798398
4725,0.6115346278677863
4726,0.9665841248907212
4727,3.1164073485329817
4728,0.3555952908222346
4729,1.0397372202021242
4730,1.190588820106939
4731,1.009128564674852
4732,0.22952222953986534
4733,0.518060575300562
4734,0.39427711423523437
4735,0.4225476801593485
4736,0.8878862594357606
4737,1.6110353057829836
4738,0.5531944519993405
4739,0.3855205033594721
4740,0.5370704352962301
4741,0.7255000209531354
4742,0.5644756401237165
4743,0.1567159768278108
4744,0.974824381183063
4745,0.502355488107008
4746,0.6166025582887737
4747,0.3045068594458429
4748,0.4062603485928178
4749,0.8618105157641315
4750,2.823772556135599
4751,0.4351313727907924
4752,0.5576384520288521
4753,1.0546365186221809
4754,1.1096165300448895
4755,0.5292939507626515
4756,6.551938410126963
4757,1.911280070377311
4758,1.6510911400427197
4759,2.249852573970429
4760,1.1536218842748347
4761,0.8269399248683028
4762,0.8051925307280674
4763,1.9414817076798752
4764,1.3838282647949258
4765,1.6493971120052808
4766,0.9665595670647134
4767,1.9161230987951503
4768,0.3308023809915459
4769,0.8150029132493067
4770,0.9823182826340109
4771,0.6743275448394435
4772,0.25708121995741506
4773,15.056383747986173
4774,2.4380484600992096
4775,9.121900808528718
4776,3.0241363563475963
4777,4.152545444450595
4778,1.7827505691942007
4779,1.339251348361752
4780,1.9401866416928761
4781,1.047296509566349
4782,0.581046326812929
4783,1.021678906052514
4784,0.9807690234915453
4785,2.10950778591361
4786,1.0270520006611346
4787,1.1069564591743182
4788,0.990091242085453
4789,0.6831218534526876
4790,0.633689149879
4791,1.147903985892727
4792,1.051961963939032
4793,0.33003295776102837
4794,1.684724593838926
4795,2.174125295316526
4796,1.5791992014829197
4797,1.1045136241512659
4798,0.6929626192586696
4799,1.0247319616352843
4800,1.336911454705294
4801,0.7762051400840743
4802,0.7682193454020483
4803,0.6877574737495581
4804,0.6728949987993024
4805,0.5469652493021264
4806,1.5954836054955577
4807,0.8228427099917648
4808,2.9992035252085554
4809,0.6314509774639593
4810,1.7401680777709534
4811,1.6651630087947946
4812,3.3944215306272625
4813,0.8436622038120875
4814,7.3201857492076705
4815,3.397638541344731
4816,2.0937919214042235
4817,1.376613381988289
4818,1.0830573896261584
4819,0.8108292289383113
4820,0.944586025614985
4821,1.2685543072990884
4822,2.9081371717365387
4823,1.7198500769250689
4824,0.653875147915995
4825,1.5187813949357256
4826,0.3042660564766806
4827,1.4117764399746497
4828,0.6870906709168885
4829,0.8271241179932245
4830,0.2696537872974172
4831,12.125647542261332
4832,1.8059724530874943
4833,2.8822731157981103
4834,2.987625699084046
4835,5.929202908244517
4836,1.6158522380170752
4837,2.1253335088514214
4838,1.592966623911688
4839,0.6027557293491393
4840,0.9404514914013853
4841,1.02613723899678
4842,1.0993026309890608
4843,1.7176523040100884
4844,1.158920532830333
4845,0.39041132861134564
4846,0.6424307348581417
4847,0.5757136808056851
4848,0.5346083600207484
4849,1.749680879722192
4850,0.9807403480335686
4851,0.40832104934620883
4852,1.7020733178812657
4853,1.6256284372301206
4854,2.2169966941161547
4855,1.0897825301719015
4856,0.6832730369390091
4857,0.4679982846219173
4858,1.317960294233304
4859,0.7855817827629107
4860,1.5024665255278826
4861,1.2074183829840404
4862,0.6803014346816804
4863,0.4090775663746873
4864,0.6930881347466858
4865,0.7152238257732331
4866,3.103878314252715
4867,0.434540723595214
4868,0.7086403995709687
4869,0.5460101160525033
4870,2.288682917157914
4871,1.2938006811438574
4872,4.134191819639668
4873,4.472713516077368
4874,3.278551874984545
4875,1.6022076252478032
4876,1.219907488321214
4877,0.7595343287449401
4878,0.825654740172987
4879,8.119290108568299
4880,3.03315319828366
4881,2.5193804077709814
4882,0.8437494596700411
4883,2.146074016635363
4884,0.5540039302021458
4885,2.643365296138685
4886,1.0530659196398906
4887,1.1360584358762615
4888,0.6894191173597358
4889,22.0528663966167
4890,2.864140552720737
4891,0.0
4892,2.538375803487896
4893,4.611011672461233
4894,1.6723918973137013
4895,3.0070329991562863
4896,2.8873491586781324
4897,1.1523176111324192
4898,0.38896292445970804
4899,1.2361447850341316
4900,1.1245414269797198
4901,3.2428922306175245
4902,2.344986887390957
4903,1.2846304056631543
4904,1.4656666384804107
4905,1.1726311375288159
4906,3.0808320916021597
4907,2.658850341050966
4908,0.9832705163255313
4909,1.0203844233035653
4910,4.817274573616293
4911,2.2420755622004718
4912,2.2905632200005637
4913,2.2478908735050025
4914,1.6185358955443117
4915,1.4439036676959929
4916,1.8148217766042745
4917,1.906023698777935
4918,1.6055985087194176
4919,0.9146220625671091
4920,1.0694804996895408
4921,0.7564073165041683
4922,0.8230092169721125
4923,1.5115302228814835
4924,4.697475861349436
4925,0.44233319128199755
4926,1.1261856852607757
4927,1.5104743414138093
4928,3.3088879428104523
4929,0.35581969477501474
4930,7.085718775508615
4931,2.225295981188119
4932,0.9359547204036162
4933,1.0048224903604244
4934,1.4949604299296022
4935,0.9641122855380135
4936,0.8703919701696
4937,2.348129116640219
4938,2.594866391371765
4939,2.2028748760063133
4940,2.004459292214748
4941,1.986025623030084
4942,0.464662402097171
4943,0.789288350963853
4944,1.500988592298919
4945,0.752391422271173
4946,0.1896576316944678
4947,17.241894501672817
4948,4.510083174745317
4949,3.6770059290255532
4950,3.2886255159513187
4951,2.05562425583972
4952,2.2117712621861116
4953,1.4571283658448222
4954,2.2126432757363954
4955,1.0318958163052443
4956,0.5698792787714694
4957,0.9419235744770149
4958,0.6840377689196404
4959,1.0696490835984487
4960,2.250928530063426
4961,0.9101081946209989
4962,0.8174558720677602
4963,0.3803884582095399
4964,0.9474014190017006
4965,0.6884895918291202
4966,0.3925540820800164
4967,0.6420268594183428
4968,1.353973202445468
4969,1.1045344549176055
4970,0.8968551295801268
4971,1.48847405393396
4972,0.4641018610599078
4973,0.2651123191971452
4974,0.8108074167926828
4975,0.2665731664986255
4976,1.0864368611805157
4977,0.6327612584223274
4978,0.42558232844883925
4979,0.4781029510617957
4980,2.0104318521651274
4981,0.6782093002410208
4982,4.0595024384294
4983,3.6777357081806774
4984,0.6333304706760386
4985,0.6823925718199728
4986,3.784774920113545
4987,0.36445926394048955
4988,9.056711307035883
4989,3.1626057460900796
4990,1.3833515530303258
4991,1.0091682823667016
4992,0.7742286203691024
4993,0.5095206781936172
4994,0.7349246285814955
4995,3.488941819849952
4996,2.0458166459747296
4997,1.9748832571269488
4998,1.909522902474981
4999,0.8007520101987343
5000,2.3401091593020955
5001,0.4816531517536635
5002,0.7206415331493411
5003,0.9045458810375027
5004,0.838406690771389
5005,10.1339785037319
5006,3.8157770785386194
5007,10.483730972567837
5008,1.942021407276262
5009,1.600087216287326
5010,2.3284557200349383
5011,1.798248821857252
5012,0.9667184884120911
5013,0.736678800781666
5014,1.5631752563359793
5015,0.49825501866916166
5016,1.0478818042543105
5017,1.4260889865000586
5018,2.6972697739788085
5019,1.5197856186190728
5020,0.6622630850286394
5021,0.7178072282797815
5022,1.593893984212471
5023,2.664883133333788
5024,0.9966587015857453
5025,1.7670103200314318
5026,1.5487063548348532
5027,2.2084396978782683
5028,1.9943259283299062
5029,1.2952810669633235
5030,0.4958675243060904
5031,0.7031253604712441
5032,1.4063427544212994
5033,0.6755564120710148
5034,0.5248542951216139
5035,0.43370652034833646
5036,0.8888961631051404
5037,0.9219617123362764
5038,0.8551387702294376
5039,2.566364816243542
5040,2.8430932247501097
5041,0.9651083161437026
5042,2.134313982318891
5043,0.7429711347995684
5044,3.6101570337938806
5045,1.6946292988776497
5046,2.402555987576628
5047,2.0851045524734912
5048,1.631226034587264
5049,0.4420856350784831
5050,0.5782337624086713
5051,0.33059189075430795
5052,0.42005240499334917
5053,1.141951248148215
5054,1.3075048682505674
5055,0.9655159506858222
5056,0.9740978401565847
5057,0.9466562309620264
5058,0.4966030038525716
5059,0.5090430162693103
5060,0.5330477406044603
5061,0.21085681721786997
5062,0.38350390959651126
5063,3.6656987229940126
5064,1.634304567941855
5065,5.524806151752506
5066,0.9881487766764248
5067,1.5414754548914367
5068,1.2831147090817805
5069,1.5316657898469508
5070,0.5123756583144923
5071,0.31028587650366846
5072,1.1856390519408555
5073,0.7371083284472865
5074,0.3854614415519232
5075,2.1210620097846866
5076,1.044806011806444
5077,1.172948900422863
5078,0.42987744793066374
5079,0.35644360674743436
5080,0.8001397271337546
5081,1.014196793493843
5082,0.5106575602741491
5083,0.26677367227795123
5084,1.5529323207344963
5085,1.5314133072391432
5086,2.0889590941543354
5087,0.7926871662837682
5088,0.42313959516792987
5089,0.4644533859531491
5090,0.6239668547304974
5091,0.3257243644254908
5092,0.4639265084673838
5093,0.5074486892550656
5094,0.5365590243215059
5095,0.5742792156636272
5096,0.39435336406759214
5097,1.52457855207913
5098,2.3958517453763415
5099,0.6143833961498534
5100,0.7156545413399468
5101,0.5993858363209223
5102,1.1036679668037832
5103,0.6481649236598114
5104,2.9364407719801005
5105,3.2506695942161112
5106,2.0054640625142843
5107,0.4908213919233695
5108,1.643312242155809
5109,1.7376617969572217
5110,0.8902927863109085
5111,4.56794964286548
5112,1.9811875108211339
5113,2.338790933780385
5114,1.0324443341993006
5115,1.0439866979238217
5116,2.2398676326987133
5117,0.40864292351689524
5118,1.0703369025608995
5119,0.35370081634930095
5120,1.8470672865048592
5121,14.657663199556044
5122,2.4331639111574095
5123,10.37576279757129
5124,3.2860714665742314
5125,1.7503415627538654
5126,3.5359803921979527
5127,1.0129562299148747
5128,1.1055280915639303
5129,1.0968897703203062
5130,1.0689383942831867
5131,0.508247857447905
5132,0.29973381974293334
5133,2.4740430872748806
5134,3.275559056570529
5135,0.72804594040013
5136,0.2867484534635434
5137,0.30431143138591943
5138,1.9355501744648802
5139,0.8067961245904826
5140,1.1481131837922167
5141,0.24940262243093336
5142,2.893264407927484
5143,1.7570862846030333
5144,1.1514425502897772
5145,1.6825808243885212
5146,0.7995956274339531
5147,0.3408768033773355
5148,0.7490009996287753
5149,0.17789298055582337
5150,0.4495704584308233
5151,0.4748090824771737
5152,0.49788035352947213
5153,1.0655419799672243
5154,0.5115165749854166
5155,0.5648982969134924
5156,3.2030289874996285
5157,2.784469367867655
5158,0.498771058886875
5159,0.6561097319228988
5160,3.8625431295493664
5161,0.4407073683805388
5162,3.7665582190058577
5163,1.7914464537570587
5164,1.163063579543495
5165,0.6784883208110895
5166,0.970374850350451
5167,1.0664562051226223
5168,0.7330173995485152
5169,3.451805272911327
5170,1.576410096589063
5171,1.7324111992039137
5172,1.3537723568232165
5173,1.3842298620445908
5174,0.47074153616845915
5175,0.42341409446360967
5176,0.534577765016399
5177,0.3186321397294365
5178,0.44934078511395803
5179,13.576268846310263
5180,2.3817742217358515
5181,6.404388367215688
5182,2.5307644594467167
5183,2.6247081970270534
5184,1.4004917411554196
5185,1.6766289006545438
5186,1.748954362234179
5187,0.877670055923834
5188,1.0057353860402651
5189,0.7573529655786171
5190,0.297857987079547
5191,1.7382157810245427
5192,2.185469171136832
5193,1.3467977367461665
5194,0.28568425026459643
5195,0.4481541194350652
5196,1.1985454082153906
5197,1.0735425237460392
5198,0.6657125830956921
5199,1.3053551710520825
5200,3.7017279161732146
5201,1.3082634497159604
5202,1.4835477649643392
5203,1.2988845888474363
5204,0.08511959216504184
5205,0.4842200529441968
5206,0.5421952907482858
5207,1.556132297315153
5208,0.46237219983230615
5209,0.31929277590277394
5210,0.6596082166905477
5211,0.3749163944839289
5212,0.4749908439887579
5213,0.5197573567362574
5214,2.4624675392879487
5215,2.0993430371948056
5216,0.6474567524851131
5217,0.6072268233800487
5218,1.0758575202671383
5219,0.82063919926396
5220,6.76111379814882
5221,2.6773687249622182
5222,1.1573618307935725
5223,0.7910081677502366
5224,0.8095464979417024
5225,0.5168719001598616
5226,0.5517194409075815
5227,2.0613333881251035
5228,1.815519315428231
5229,0.6496543184814715
5230,1.1499751042035151
5231,1.0220944484625618
5232,1.0931108615783292
5233,0.5899856041819799
5234,0.5132484898234063
5235,0.28315040185683915
5236,0.25013377183834073
5237,3.718431768739109
5238,2.3590245462180253
5239,9.18859066102608
5240,2.336524043695009
5241,1.4658950675922384
5242,1.557967145947911
5243,1.7036730692860647
5244,0.9514692708652106
5245,0.6526455883179096
5246,0.9650279145349907
5247,0.4954337359887734
5248,0.6614867460200303
5249,1.0214414011990285
5250,2.1190194820870274
5251,1.6623755920313439
5252,0.46834228463617766
5253,0.4762240104535137
5254,0.9850927532692363
5255,2.035099682574021
5256,0.9573672653828476
5257,0.5261128552496358
5258,1.1238919606626572
5259,2.216138737219456
5260,1.5606952930728522
5261,0.839506796098271
5262,0.5833043155511793
5263,0.5056200662623367
5264,1.0129842661462396
5265,0.2724335133660889
5266,0.6414759955319261
5267,0.7027476306712973
5268,0.7337616202175108
5269,0.8031888626204646
5270,0.6848294925055173
5271,1.3127136544166833
5272,1.8661853698685316
5273,0.7220436577534777
5274,1.2715701378905009
5275,0.7305735858048793
5276,1.9182080294924297
5277,1.4955242811887728
5278,5.841016426384504
5279,1.9075352590738857
5280,0.9088037888491114
5281,0.4553870166599483
5282,0.3026094364293117
5283,0.6370724966892026
5284,1.9350301481103214
5285,1.6055776828827188
5286,1.5925226664176286
5287,1.1658171832310997
5288,0.8828953922506293
5289,1.4150194947009762
5290,0.25705625379348707
5291,0.6985828767880086
5292,0.5111650681774962
5293,0.4983972070667735
5294,0.2461615527105414
5295,8.027242440475323
5296,2.846178260592643
5297,3.5636442710724343
5298,1.8322452598055636
5299,2.293708692103345
5300,0.9902753847118679
5301,2.085213100884539
5302,0.9519453967618015
5303,0.5353001359523791
5304,0.29741301324986225
5305,0.6571321849645363
5306,0.7842720021723916
5307,3.4209392011112776
5308,0.33059499798634073
5309,1.263650618753615
5310,0.9663375744831054
5311,1.1608441791392876
5312,0.22640083892133211
5313,0.5651323243875639
5314,0.31532608510585547
5315,0.35826541991620675
5316,0.8849390909371273
5317,1.2559011280805772
5318,0.4810027970390073
5319,0.43373031963430486
5320,0.5292056605005023
5321,0.7817890619924761
5322,0.5618729909052164
5323,0.14363950377868884
5324,0.9274220310178667
5325,0.351835177378349
5326,0.49960872738710416
5327,0.2791596856056071
5328,0.36650376473084667
5329,0.715845448759633
5330,3.039101939332715
5331,0.3350030903756074
5332,0.5847973773321519
5333,0.9118743728214259
5334,1.0175262563698773
5335,0.6981737216633178
5336,5.717801238649186
5337,2.226085990498081
5338,1.5526223270715933
5339,1.9653351842594353
5340,1.5248601355094937
5341,0.5692885749346861
5342,0.5705463342437554
5343,1.6189933694539447
5344,1.0893621416987107
5345,1.5681610824232117
5346,0.7054790556145533
5347,1.4581514729164469
5348,0.168392906514109
5349,0.7970467050135791
5350,0.7379101295553177
5351,0.736300495370515
5352,0.25428032291962355
5353,15.552799024652268
5354,2.767906280073058
5355,7.860009312663711
5356,2.7038398924302625
5357,4.379447254657444
5358,1.8752093448745624
5359,1.4328388226698288
5360,1.9245635480541383
5361,1.1648875302643875
5362,0.4909436144708358
5363,0.8553775979163754
5364,1.1072051561269478
5365,1.846274657367819
5366,1.083602268690215
5367,1.1738687362144018
5368,0.802439639340518
5369,0.9186909421229679
5370,0.656675680210719
5371,1.4012758328984105
5372,1.2903647922958361
5373,0.3358305356188058
5374,1.5303321691865819
5375,2.180539169107983
5376,1.4074607581563163
5377,1.068118551227733
5378,0.6039492353612065
5379,0.9796716558906291
5380,1.436256019629701
5381,0.697300225781069
5382,0.794541723374374
5383,0.6513986441988756
5384,0.633853089662728
5385,0.5424668474250565
5386,1.5976082066589765
5387,0.7246389500842471
5388,2.47782028332578
5389,0.4968898372204451
5390,2.1409136747284467
5391,1.5691840101825894
5392,3.6199915180717777
5393,0.860762586544597
5394,6.415004805119824
5395,3.9090811093984086
5396,2.342008548556899
5397,1.2681219846344602
5398,0.9193576317239613
5399,0.6741414599321474
5400,0.8925648066586569
5401,1.1756555441945753
5402,2.8843880025487496
5403,1.3502235003821363
5404,0.7218801637803572
5405,1.672077657679349
5406,0.2510036170725305
5407,1.5773051150772404
5408,0.6894143762309464
5409,0.6344373910064919
5410,0.23998708120577383
5411,12.792555188798346
5412,2.3559193292460927
5413,3.1160998655998178
5414,3.1792632384417168
5415,4.9162622996328835
5416,1.2495837155353033
5417,1.266544769633889
5418,1.3776080539035647
5419,0.6229948635654179
5420,0.9100096044886883
5421,0.76502827617184
5422,0.85852396141624
5423,2.1205615977085435
5424,1.0698190605162154
5425,0.8024842917506328
5426,0.6090894829623278
5427,0.4605131202222934
5428,0.584849773139313
5429,1.7016723471567377
5430,1.2474501693809326
5431,0.41453130979531994
5432,2.013993861696314
5433,1.6652162639272987
5434,1.9320915033985615
5435,0.8859629889699951
5436,0.6849098471270498
5437,0.5156172707568327
5438,1.291251147790625
5439,0.8476092027347475
5440,1.5565210096000002
5441,1.1349939419909796
5442,0.7538393383232951
5443,0.37306748595008377
5444,0.6723998940712614
5445,0.8143088513655358
5446,3.1119938736936836
5447,0.41304878517545995
5448,0.580755439775545
5449,0.6343276258880952
5450,2.392847196066172
5451,1.33212837250014
5452,4.243421165703753
5453,3.470242723478833
5454,3.61366752755248
5455,1.5358585345651328
5456,1.104982624945741
5457,0.8565333470163172
5458,0.8764670775397299
5459,8.168752639034274
5460,2.5484290551718347
5461,2.4296986478124034
5462,0.6740616520051036
5463,1.9326054313244978
5464,0.4694116284474643
5465,3.988419559458954
5466,0.9636598191487449
5467,0.9405385750578072
5468,0.6567193046194182
5469,25.991384441312547
5470,2.623134507804826
5471,0.0
5472,2.503813015245772
5473,3.8080248068758458
5474,1.590432601963731
5475,2.113379818161207
5476,3.8099256388792164
5477,1.2669624367988508
5478,0.4299633773337357
5479,1.1477562326279027
5480,0.8149538550174212
5481,3.033521852974475
5482,2.1859403865919877
5483,1.3863519912917919
5484,1.4128207727152189
5485,0.6241807741920155
5486,3.5355275743860513
5487,2.1520726090557067
5488,1.0034011396828846
5489,1.0584612600060344
5490,4.244870022281167
5491,1.636737249611246
5492,2.445232826839769
5493,2.4376180096818745
5494,1.572898105068557
5495,1.507841307029537
5496,2.2333521700531547
5497,1.744882189429484
5498,1.4797695848642283
5499,0.7561900563827584
5500,0.9941424459091259
5501,0.6302912373075706
5502,0.9001651530108687
5503,1.6222321891564722
5504,4.404630656271369
5505,0.42972650406912805
5506,1.2436315397921618
5507,1.3451167304264788
5508,3.184653784861932
5509,0.362957364053617
5510,7.005789427257959
5511,1.6163730855008343
5512,1.0928547817233605
5513,1.052778041981317
5514,1.4056790605265033
5515,0.9968878198626867
5516,0.7434700401812868
5517,2.41517269347504
5518,2.3877228020570915
5519,1.6869123900336809
5520,1.749009488689123
5521,2.014294800886368
5522,0.44533581039824444
5523,0.8031176239642217
5524,1.3865135670290143
5525,0.6381877127258004
5526,0.2143255759404048
5527,19.27770201357485
5528,4.723110539728599
5529,4.834118055380874
5530,4.009425511141821
5531,2.055544446038006
5532,2.1723033665835945
5533,1.435041235280903
5534,2.062205030052474
5535,1.0603575075733866
5536,0.5521790305706682
5537,0.961841624557632
5538,0.6068060090666034
5539,1.6635062426643592
5540,2.340297541442658
5541,0.9465416785482152
5542,1.0432454257867927
5543,0.2823413572460358
5544,0.827092196808551
5545,0.6181712662279812
5546,0.40834123190228955
5547,0.6584068381829291
5548,1.4310212470401513
5549,1.0307967706358785
5550,0.907891451004408
5551,1.6640205677916533
5552,0.44374243728353524
5553,0.2870336480047604
5554,0.5942938365834122
5555,0.2747589745779011
5556,1.1596337688614338
5557,0.578016635935079
5558,0.5398527829494649
5559,0.4758464156469624
5560,2.234628079414965
5561,0.6463529291496759
5562,4.147469071936397
5563,3.280713183020002
5564,0.5646427016917983
5565,0.6718814423678672
5566,3.555679386333461
5567,0.3955465157357059
5568,8.916680241430843
5569,2.5318453618495798
5570,1.4823421896742712
5571,0.8182576851660852
5572,0.8016289784608573
5573,0.4330625762121213
5574,0.7829549279328333
5575,2.592772466616446
5576,1.9982901717892965
5577,2.1945458807755025
5578,1.8468312994755904
5579,0.7709833039046341
5580,2.1478408196739784
5581,0.41012769362519574
5582,0.6460189517968139
5583,0.7765194324092115
5584,0.8797680324632282
5585,10.8232563323555
5586,3.2964983140797823
5587,9.802539478863388
5588,1.8736030565444284
5589,1.8497028299612346
5590,2.059778224400948
5591,1.7656650082051168
5592,0.9294584737579348
5593,0.7643049624483147
5594,1.2842419274099826
5595,0.4381436305763756
5596,0.7005077288206708
5597,2.0274021625084586
5598,2.480068755641791
5599,1.3306799954229227
5600,0.5846175214843351
5601,0.4896715384983328
5602,1.7410212286913986
5603,3.690965037877991
5604,1.2560008437377301
5605,2.107812175571471
5606,1.544547648443588
5607,2.067939923679786
5608,2.0733974667796677
5609,1.065533726011143
5610,0.4656005878320767
5611,0.6343483483776301
5612,1.3014865384289238
5613,0.7444716219848888
5614,0.5178384937545195
5615,0.3815528192170017
5616,0.9406705504420709
5617,1.0480754741323834
5618,0.8222007659935255
5619,2.795973600568586
5620,2.410038817479427
5621,0.8675617654478135
5622,2.3335626946433035
5623,0.7861496316599811
5624,2.775869512172349
5625,1.6776936856637554
5626,2.7494551128213045
5627,2.1891625708628903
5628,1.6007789826536396
5629,0.5024509495744438
5630,0.6131835543465218
5631,0.3285372739870973
5632,0.3733586972849142
5633,1.0277126558371907
5634,1.2076644306067679
5635,0.8594596856490484
5636,0.8139782666880147
5637,0.7284112878830137
5638,0.5022005769569812
5639,0.40403947949900565
5640,0.40897364695493454
5641,0.2623243931960142
5642,0.31346668416562906
5643,3.4213472052649414
5644,1.468697531662831
5645,5.44489169216546
5646,1.2559817296032938
5647,1.3756346498677603
5648,1.349021399815161
5649,1.477691096983278
5650,0.8020052489008355
5651,0.304602139925914
5652,0.8954490117413482
5653,0.39014494492228047
5654,0.3767318734369349
5655,2.0158958010796892
5656,1.0462418960099382
5657,1.0622134335093214
5658,0.36351557595280193
5659,0.29031291203548193
5660,0.9191689840038866
5661,1.0711238387433544
5662,0.6498586719075735
5663,0.239860488925703
5664,1.4529716597398334
5665,1.630336239777474
5666,2.139139937832914
5667,0.7721490989555299
5668,0.42597060836102085
5669,0.4517502931700983
5670,0.669614972553713
5671,0.21955951552726716
5672,0.483321788828708
5673,0.43273624363601526
5674,0.49386773397240946
5675,0.5929609987759357
5676,0.40729818592386013
5677,1.2140341676272208
5678,3.0037459400171085
5679,0.5348365443441302
5680,0.8117524125205646
5681,0.5532526179584205
5682,1.0505390130355634
5683,0.46376077728466103
5684,2.690031821064691
5685,3.0230764704996096
5686,2.135082447266189
5687,0.43976018591411137
5688,1.8636166503591722
5689,1.336334941190357
5690,0.7053172564115281
5691,3.9509562160269915
5692,2.2669761476013837
5693,2.2958028300019793
5694,1.1728531735935948
5695,1.0112185024176057
5696,1.8631855962300172
5697,0.37718907306844995
5698,1.0025399264303414
5699,0.32854612758355084
5700,1.8516307253790019
5701,16.325979063033436
5702,2.2503314080864345
5703,9.656890661768655
5704,3.198922532889635
5705,2.275612898091307
5706,3.795131421475876
5707,0.8540328089594319
5708,1.2057104054766161
5709,0.9678436625479814
5710,0.8262454993753278
5711,0.4009304301896782
5712,0.2824053021751989
5713,2.150680417173402
5714,3.5507643114362444
5715,0.760964447441524
5716,0.30077473621312323
5717,0.2921422457632745
5718,1.8302365198440713
5719,0.9760055243758444
5720,0.9501120624484289
5721,0.30322155322760613
5722,2.851963094218842
5723,1.806126786900673
5724,1.3310420875531634
5725,1.5061583376229792
5726,0.7350127143350933
5727,0.3214677815490401
5728,0.6139274247821164
5729,0.19470765565581316
5730,0.4635225708611018
5731,0.4482745964125907
5732,0.5300217660777147
5733,1.0319254061293144
5734,0.709905202873374
5735,0.529918043443171
5736,2.9957439010118865
5737,2.371985145984734
5738,0.5817448324533064
5739,0.669765994264225
5740,3.7520154110335104
5741,0.46814529275464467
5742,2.403672242423298
5743,2.3248853214364416
5744,0.9334076574080425
5745,0.7123239784376088
5746,0.9446189725720785
5747,0.9165668789255057
5748,0.7805321526395866
5749,3.335880375221739
5750,1.5883230003344744
5751,1.6804492761487477
5752,1.1949038460218286
5753,1.2779767529890547
5754,0.4413049945731634
5755,0.41163181567352947
5756,0.5143075757879672
5757,0.2760784899458839
5758,0.28785004232825684
5759,14.58781292076004
5760,2.6483943850596647
5761,8.091235566287336
5762,2.5175156783578436
5763,3.0238446221566795
5764,1.7511165009597836
5765,1.535952257528498
5766,1.7960445723292127
5767,0.7152384450231632
5768,0.873182160647053
5769,0.6240544712035188
5770,0.30680432295487625
5771,0.7998279713053404
5772,2.167872896107741
5773,1.1907851876109836
5774,0.2796021489855809
5775,0.4474624094528459
5776,1.1391578895950731
5777,1.0758299326579455
5778,0.7093095176760116
5779,1.225478088072884
5780,3.6389700168311894
5781,1.5251201761402557
5782,1.3551096537340483
5783,1.233277494473532
5784,0.07436474994210007
5785,0.3591420489193815
5786,0.6537593918297564
5787,1.4029422124169555
5788,0.4614029731447642
5789,0.3221061854474583
5790,0.6073194210790301
5791,0.35023224100333405
5792,0.4623453382159617
5793,0.4598878342597449
5794,2.280939994951377
5795,2.2397677182116373
5796,0.5914450994531416
5797,0.548666345534553
5798,1.0216942365485024
5799,0.8233560015370882
5800,6.59002555197068
5801,2.6724456069937848
5802,1.204568167491603
5803,0.6920895391895504
5804,0.9445678230680321
5805,0.5071857186467156
5806,0.6190690258381777
5807,1.7283387938297978
5808,1.4678861732193822
5809,0.6231678910896868
5810,1.4701701294729463
5811,0.7999201625938261
5812,0.967301659148964
5813,0.620117573582527
5814,0.4388599552351813
5815,0.275351188796352
5816,0.33800245796177975
5817,3.621760003740144
5818,2.3471778561327494
5819,6.262702042521529
5820,2.6347901329256347
5821,1.4475896560976598
5822,1.5036079996461842
5823,1.7927957556138454
5824,0.8426927879995082
5825,0.5435217890166936
5826,0.7997437074926433
5827,0.463643295098218
5828,0.5960836694882425
5829,0.8831083436850908
5830,2.3753696879234227
5831,0.7281616189925372
5832,0.3280637375536821
5833,0.4159854694875045
5834,1.1813436434951945
5835,2.018344696050976
5836,1.1036222085188765
5837,0.5243535065843492
5838,1.2635261423883923
5839,2.584870716833451
5840,1.8563062298784092
5841,0.9096405232637006
5842,0.7631628271447043
5843,0.3507571190456571
5844,1.3131405494587105
5845,0.2886047395651128
5846,0.6312376356994513
5847,0.6609944785949382
5848,0.7818792986866183
5849,0.8573236133497693
5850,0.44782201442240666
5851,1.614191870051872
5852,1.8048782130304222
5853,0.7184461827585082
5854,0.9339431472158678
5855,0.6884664622634079
5856,1.943670496846044
5857,1.9060068929947376
5858,5.672117595966867
5859,2.2569577759641564
5860,0.9264679383094667
5861,0.5318052436610031
5862,0.2375552558485181
5863,0.6219111388996059
5864,1.6562846181793145
5865,1.6241631899017208
5866,1.3339945640657571
5867,1.0263604721230708
5868,0.7660850719138379
5869,1.4873176723155628
5870,0.139225575823422
5871,0.695095336437293
5872,0.4703252930418199
5873,0.4435234749632492
5874,0.21514483131417617
5875,8.765959053620335
5876,3.382776452303999
5877,3.0032891948158484
5878,2.263911858428376
5879,2.0302740613212205
5880,1.0755527056099465
5881,2.4301545800473576
5882,0.7453440483638719
5883,0.4469855972697474
5884,0.2476109410048084
5885,0.6316255485933286
5886,0.7998907869676645
5887,3.1798177525710205
5888,0.37104772923093643
5889,1.6665883797022327
5890,1.0748389404345062
5891,1.6014796123628505
5892,0.18717140198329885
5893,0.5738070014725899
5894,0.3269498900801542
5895,0.3127601263645252
5896,0.8179551911678004
5897,1.4130984625286065
5898,0.5024895880047355
5899,0.28445040641818364
5900,0.5641834292381537
5901,0.5550035891946787
5902,0.5793794648710261
5903,0.21298737738335327
5904,0.8580619871209553
5905,0.537297003634899
5906,0.6348787255428171
5907,0.2515788295753314
5908,0.30816723530682455
5909,0.7885078100935358
5910,2.475221969488807
5911,0.2973444000920311
5912,0.5903356773789294
5913,1.2603960854940803
5914,1.036694793539539
5915,0.5807437385604997
5916,7.152009896740656
5917,2.244792021673306
5918,1.9219027575840344
5919,1.946316959208785
5920,1.378050143003797
5921,0.6864640532037652
5922,0.7400809725802917
5923,1.5498812934698811
5924,1.5379048504155968
5925,1.8421339993298156
5926,0.7405049765781481
5927,1.1723417323839707
5928,0.18583775807947012
5929,0.8737292026860539
5930,0.7068883561872189
5931,0.4592830447678059
5932,0.20460228293089044
5933,18.322100439394934
5934,3.172266459091979
5935,8.014185855703413
5936,3.918449141959587
5937,4.338812222518516
5938,1.8500446689979202
5939,1.4924869972857966
5940,1.862066649598969
5941,1.10321723081796
5942,0.5143580707820121
5943,0.8334866060942294
5944,1.0373891997934868
5945,1.815349990028868
5946,1.0939939148098683
5947,1.2658678780192902
5948,1.0100118138558283
5949,0.7587388964561183
5950,0.6201153917793106
5951,0.9990339981670854
5952,1.0662689254049393
5953,0.2879118281955588
5954,1.8864945566293234
5955,2.1121396973398814
5956,1.309050924791575
5957,0.896369111593132
5958,0.7516685807714485
5959,0.829381127466282
5960,1.4500003090971227
5961,0.7654529490019542
5962,0.856480468228921
5963,0.6384225891882043
5964,0.6111255191837556
5965,0.44706261364644695
5966,1.5398666189287804
5967,0.700092724362775
5968,2.544194849721414
5969,0.40521752683371004
5970,2.135573939501456
5971,1.1092845460005283
5972,3.3570868058563916
5973,0.8209559999525821
5974,6.722348412803259
5975,4.110225436806157
5976,2.2196265766280114
5977,1.4353166303826679
5978,0.9179575512934143
5979,0.8520130404499712
5980,0.9073734158175348
5981,1.1348630724308952
5982,2.56934170524259
5983,1.326262194441935
5984,0.5330308058982179
5985,1.3170661451441124
5986,0.20028070421349575
5987,1.6617222032594618
5988,0.6708906991149998
5989,0.5364756863169642
5990,0.21025814334272552
5991,14.288566509045085
5992,2.5771792290540976
5993,2.769312251048488
5994,3.778981420841119
5995,6.400083264566092
5996,1.4488610529145807
5997,1.7382752715179466
5998,1.4433855132398954
5999,0.5733025912175479
6000,0.9328222134618638
6001,0.7894378816169162
6002,1.0622147077607553
6003,1.8790975524095743
6004,1.1118822651090838
6005,1.3353502608484997
6006,0.5850660937601723
6007,0.4870977867487122
6008,0.5272462952108248
6009,1.8263048788604412
6010,0.7855908403379278
6011,0.41450102044225134
6012,2.2203753679021094
6013,1.7293534546471727
6014,1.9275701187114493
6015,0.8042623788448272
6016,0.697490765772899
6017,0.4341466228240156
6018,1.363550262058869
6019,0.8181365882318773
6020,1.5327834245937035
6021,1.2768702969648862
6022,0.785198644501226
6023,0.4121916748156026
6024,0.610431190997436
6025,0.6370286170079715
6026,3.1209495407270755
6027,0.37692792643692274
6028,0.5482279135655681
6029,0.5762574717832475
6030,2.356480496446924
6031,1.2985481506705012
6032,4.382657351436927
6033,7.693543536365743
6034,3.49561219340061
6035,1.5943235316613498
6036,1.2005317720094009
6037,1.0098921925534468
6038,0.7654499748909611
6039,7.111440818343814
6040,3.0927066081060355
6041,2.199227172369099
6042,0.6790177265452733
6043,2.1313727867133174
6044,0.44893098198101933
6045,2.769512229437359
6046,0.773956802122863
6047,0.8603816545717294
6048,0.6424980294186489
6049,29.402465603502712
6050,3.3929978315658897
6051,0.0
6052,3.194397256112719
6053,4.403050665380141
6054,1.5564136624588258
6055,2.4876662181728793
6056,3.679272480639667
6057,1.2001615371808263
6058,0.33689602075728486
6059,1.083734973732417
6060,0.686899845642102
6061,3.2846150537911507
6062,2.404534267742047
6063,1.8209524121502456
6064,1.5560756786612944
6065,0.5849002343699355
6066,2.8140425461653575
6067,2.5894675273955574
6068,1.1553260690949927
6069,0.8298616312460642
6070,5.157539771945741
6071,1.7053973592856237
6072,2.6724967387991114
6073,2.191641066190159
6074,1.6883575892555218
6075,1.4413177933747108
6076,2.281980344825514
6077,2.268971584500916
6078,1.4983513508995092
6079,0.7977757525999852
6080,0.8827160861833224
6081,0.6337097539298875
6082,0.5962239419553073
6083,1.8292348760647625
6084,4.330166411388763
6085,0.39969031838492386
6086,1.2372799195168644
6087,2.158361153361164
6088,3.3851144588469246
6089,0.33341443054386044
6090,7.0123628308741
6091,2.1516901011125995
6092,1.1183177846610979
6093,1.3667383949279117
6094,1.8337250592329648
6095,1.1686816811476435
6096,0.9042013100087785
6097,2.513884402473619
6098,2.624786961700257
6099,1.6329778280884333
6100,2.114923327391678
6101,1.839685358665057
6102,0.3845812863095762
6103,0.8748265367023375
6104,1.2649277899617293
6105,0.6479803229210047
6106,0.18617128368409674
6107,21.26389656878672
6108,4.836250059019369
6109,6.133884772835174
6110,4.3515688060208495
6111,2.3122351465284705
6112,2.1435732220879773
6113,1.8144721947095714
6114,1.827737396075107
6115,1.344427683439037
6116,0.5030124088432573
6117,1.1886512761058459
6118,0.6017170222557887
6119,1.8767777955461418
6120,2.6266468882705816
6121,1.1378254981646634
6122,0.8772918407284163
6123,0.3072200732272292
6124,1.0657923997366825
6125,0.6252419851836266
6126,0.5764607746815879
6127,0.7073446014805586
6128,1.6724346181294947
6129,1.0920210724009556
6130,0.9800985285144409
6131,1.606550312322176
6132,0.5331944864806426
6133,0.25748251976517533
6134,0.8629436012244653
6135,0.27793923399312304
6136,1.0670035604851136
6137,0.5353416527017575
6138,0.36112704455002853
6139,0.42575925922427627
6140,1.499769133771276
6141,0.8326127783085672
6142,5.064935763106744
6143,3.6670918946483018
6144,0.7087671366656935
6145,0.5801713884707086
6146,3.576338615177737
6147,0.37552317646907396
6148,9.154102228436098
6149,3.3775562502105525
6150,1.5617596157939417
6151,0.907172193752334
6152,0.7509612861376683
6153,0.5653320674103315
6154,0.831909841192084
6155,2.4525513820259963
6156,1.9444325531020605
6157,2.0699797104684414
6158,1.7073343007615769
6159,0.7897334592808414
6160,2.4331106056070944
6161,0.37143355750176
6162,0.5716971675352033
6163,0.7786421069231666
6164,0.7667689831724801
6165,12.605887375089488
6166,3.53349090418611
6167,8.315828351016261
6168,2.403031427952774
6169,1.8338741629267068
6170,2.288826115534706
6171,1.774554519782443
6172,0.7777278676199657
6173,0.7085586086318167
6174,1.6020304703572656
6175,0.5135384257134481
6176,0.694679672490309
6177,1.359902839240169
6178,2.7988026397059906
6179,1.3016017806532125
6180,0.4781845072844242
6181,0.5981076698198556
6182,1.9452257394923498
6183,2.3994107119622177
6184,0.9436453888302245
6185,1.8692912749095798
6186,1.627237988454877
6187,2.0675460238884256
6188,2.0944533094646363
6189,1.2075994415925972
6190,0.5120903962022364
6191,0.6289488596734487
6192,1.2796856790212416
6193,0.5692745924259075
6194,0.46409987035305333
6195,0.4175498810186399
6196,0.9759298584516201
6197,0.9633372277111456
6198,0.9505598589082795
6199,2.9238547073685948
6200,2.233831434044048
6201,0.6925866305644724
6202,2.715673158386021
6203,0.7163617786317209
6204,3.068070147499024
6205,1.790268814277854
6206,2.7457061623040433
6207,2.07929571118329
6208,2.02326638172627
6209,0.46154798784653706
6210,0.46805500830232505
6211,0.272594397242649
6212,0.36548870658902644
6213,0.8600038209743207
6214,0.8870764084684022
6215,0.7790616528525455
6216,0.7104488256537673
6217,0.6194649707786574
6218,0.37287769846947005
6219,0.4470628596552063
6220,0.36420399326127906
6221,0.2016537716832829
6222,0.3138172162411019
6223,3.627069129373303
6224,1.677233081383326
6225,4.569098607301925
6226,1.4095546757537962
6227,2.271306458315909
6228,1.3986990107092399
6229,1.4764585897084006
6230,0.6591563479266023
6231,0.1625790191444354
6232,1.1074592654755184
6233,0.3607385394767644
6234,0.3853536832505643
6235,8.858383570779496
6236,0.9945332916381509
6237,1.140535493722421
6238,0.2877390497327048
6239,0.3143830960859606
6240,1.1150246712372645
6241,0.8405122175705305
6242,0.39042508715761337
6243,0.28898171530533
6244,1.536815517402198
6245,1.6128698108263244
6246,2.1451979764870432
6247,0.6378070671461176
6248,0.34255144309665764
6249,0.3714866691914882
6250,0.7357019187264799
6251,0.2512266235501279
6252,0.37878899594477966
6253,0.3531523826345824
6254,0.5414620736351035
6255,0.5269902014849137
6256,0.37446097693145963
6257,1.2596256018134762
6258,2.4396095268379976
6259,0.5275794564503431
6260,0.7615628988826532
6261,0.5286919220030607
6262,1.0754564577560481
6263,0.45496632387845215
6264,2.707125018938499
6265,3.0326942840402995
6266,1.8236919998390597
6267,0.4203041053033334
6268,1.7850882824855436
6269,1.2199622922507523
6270,0.9855087536945252
6271,4.20686647038935
6272,1.8441367350888582
6273,2.02944628066517
6274,1.0381554879905353
6275,0.8498377974241611
6276,2.274895206249242
6277,0.34514432579905385
6278,0.8004548439753095
6279,0.33413898897602845
6280,1.6113063670769667
6281,17.190041674422645
6282,2.6292747273875516
6283,6.797665096439956
6284,3.9360654399327353
6285,2.9454705120015556
6286,3.7573614017980943
6287,1.0062605602476153
6288,1.1595367924228621
6289,1.056781652133853
6290,1.133732694521285
6291,0.3888362389537038
6292,0.28206253845450013
6293,2.6046758243336967
6294,3.6648123932623236
6295,0.6028315013650941
6296,0.2315047704054165
6297,0.2597720347879462
6298,1.8529707910175564
6299,0.8108956085818085
6300,0.5370224946162221
6301,0.27959117602494055
6302,3.335667020546001
6303,2.087159067556673
6304,1.3982459760401404
6305,1.6992740578281513
6306,0.9154670352439305
6307,0.32690044802960094
6308,0.6413553756225873
6309,0.264131056782166
6310,0.4629403396076912
6311,0.4218722360508248
6312,0.6568705419024071
6313,1.0977701535523068
6314,0.6506051934850625
6315,0.532914059942163
6316,3.2035149786814636
6317,2.5554366495337955
6318,0.43693020833517415
6319,0.5907880434020736
6320,3.467974020866437
6321,0.45451987802526816
6322,2.9889875790283176
6323,2.0283785233364395
6324,0.8663047227126969
6325,0.6409694824239207
6326,0.9067445009926705
6327,0.8637425798927297
6328,0.8021766312073106
6329,3.2077158298758284
6330,1.6695688942670266
6331,1.5194592533511557
6332,1.2341434910297613
6333,1.4977815594060155
6334,0.32985282000534455
6335,0.32934145585913743
6336,0.4484254127696059
6337,0.1841298850463431
6338,0.38407184980361997
6339,16.236610179390155
6340,3.0647364137377
6341,9.366244854306782
6342,3.2814082073645325
6343,2.6207720343910483
6344,1.8163411523553776
6345,1.7537914952635387
6346,1.477317532021041
6347,0.7094220240673279
6348,0.9765437859370358
6349,0.6237841005242792
6350,0.29194242420308436
6351,1.5821200884393325
6352,2.408176295465653
6353,1.4395259877434552
6354,0.27774856073670473
6355,0.3792806000916622
6356,1.14731252480596
6357,1.1664998421942663
6358,0.4025402410157348
6359,1.2931242383074018
6360,4.236994376510797
6361,1.3154285291572159
6362,1.426434328493686
6363,1.2400622455969663
6364,0.12867541929981496
6365,0.3198801192606844
6366,0.5924360594795667
6367,1.5340879429911283
6368,0.4050289660578881
6369,0.2941634434868239
6370,0.6778470017041198
6371,0.31279648632237844
6372,0.4254489108273025
6373,0.4613056823741494
6374,2.621912997618942
6375,2.4433902079093306
6376,0.5396094291882002
6377,0.41115780104898514
6378,0.9498507770128972
6379,0.7236525884390671
6380,8.536777734861023
6381,3.571325873542592
6382,1.6324818474774812
6383,0.7484668659736633
6384,0.7353189328118283
6385,0.5031146735949069
6386,0.6903186240084426
6387,1.763644507720478
6388,1.6769481902970464
6389,0.8925956788717566
6390,1.672849690136273
6391,1.0181592186066428
6392,1.1011384410027536
6393,0.7068817743631388
6394,0.4568424910062565
6395,0.2849386303671897
6396,0.4025166393933093
6397,3.9954907458337354
6398,2.9547883247581956
6399,7.710292235165022
6400,3.471570135031362
6401,1.846958148271376
6402,1.6743274987995413
6403,2.123701065292759
6404,1.0894767969983967
6405,0.5363846812613755
6406,0.8433051159378027
6407,0.4877342746262926
6408,0.9135854686400002
6409,1.2596593389592365
6410,2.8096383123090742
6411,0.9085068194946513
6412,0.40027208660614
6413,0.48932598576347275
6414,0.983602380632284
6415,2.0232703642328875
6416,0.8090911602694405
6417,0.6251073675392939
6418,1.5445399270613742
6419,2.8495175317287216
6420,1.7802291086545696
6421,0.8863934400300097
6422,0.798393230006337
6423,0.495436312646102
6424,1.2778035332143698
6425,0.3223517403430529
6426,0.7282167866540765
6427,0.7774577717606318
6428,0.8753062421691596
6429,0.9512071425005117
6430,0.45876631262366274
6431,1.304423655958621
6432,1.8863520479164158
6433,0.9468881019701468
6434,1.1669575290609693
6435,0.6903263117764599
6436,2.3984041825718085
6437,1.6187179428573422
6438,7.944378128652752
6439,2.4850155270220764
6440,0.895344172904406
6441,0.4545348101618174
6442,0.2967192968756709
6443,0.6891291386265749
6444,1.5764856530989317
6445,2.0747049356861065
6446,1.9998977514633522
6447,1.0914209929440695
6448,0.7681800111417707
6449,1.5437487197176936
6450,0.20752343382051985
6451,0.8089140008059104
6452,0.4509039219192372
6453,0.4619707258077408
6454,0.16657374774109135
6455,10.354548504390012
6456,3.5039328566686216
6457,3.121069206608681
6458,2.868173478700535
6459,2.1971688341940494
6460,1.2201491802461968
6461,2.2309410757672787
6462,0.8419367427590738
6463,0.4831502548030555
6464,0.3014981544187325
6465,0.6025946996729946
6466,0.6990617420668236
6467,3.685528148059392
6468,0.3936029234603161
6469,0.7597391933744111
6470,1.2637340614301706
6471,1.3660400110692295
6472,0.24099988112404547
6473,0.5150017347095265
6474,0.24445071063708013
6475,0.39976360295082347
6476,1.000399584403905
6477,1.3715163174803668
6478,0.5180027454567763
6479,0.4789197953164428
6480,0.5487501145844769
6481,0.6005243949864918
6482,0.6620764935206374
6483,0.2286008909386945
6484,0.9359519871582218
6485,0.6135278688228741
6486,0.6062652455512784
6487,0.2558330863813294
6488,0.3179080262706311
6489,0.6966680020401883
6490,2.5728260404385592
6491,0.26467791771904103
6492,0.7073922962017511
6493,0.9508416870711813
6494,1.0545285582980128
6495,0.5419611740116221
6496,7.775938661465435
6497,3.009011263853264
6498,2.0207977708368645
6499,2.1877389729164767
6500,1.6413195915190761
6501,0.9700226525420046
6502,0.8321500109523178
6503,2.014394756245619
6504,1.7433956038449734
6505,2.6044526687320464
6506,0.8953850721298283
6507,1.7808526038283938
6508,0.26169195510751675
6509,0.9823475241215389
6510,0.6235672255809211
6511,0.7960413314096092
6512,0.1853403474055122
6513,20.544204366273387
6514,3.932324513891902
6515,9.778011436789608
6516,4.842908678001054
6517,5.40961129387598
6518,1.851509954573375
6519,1.635542999700179
6520,2.5654811041462575
6521,1.4320255237473216
6522,0.6079660384309352
6523,0.9970315210402476
6524,1.1593081492552
6525,2.0998182928476687
6526,1.4765998646212812
6527,0.41490051215002466
6528,1.3444288716930786
6529,1.5338069381055828
6530,1.189666604510847
6531,1.2770728602846027
6532,1.2710376944460173
6533,0.36163289730688963
6534,2.412238290182643
6535,2.4407219075576103
6536,1.5274176811435325
6537,1.1818761012818555
6538,0.9588404421559479
6539,1.140095443438746
6540,1.6592457613524347
6541,1.0153042311529799
6542,1.2471025321937872
6543,1.0194792261711831
6544,0.7500701170653731
6545,0.4437312556843225
6546,2.014545752809493
6547,1.08498075884142
6548,2.71222254115254
6549,0.5348506761908909
6550,2.1067180288502043
6551,1.6634387936136779
6552,3.3767499630554196
6553,1.0602184827013472
6554,9.074169792967254
6555,5.374381647317758
6556,2.80470812346657
6557,1.5985174308931063
6558,1.217339186044762
6559,0.9039159987569025
6560,0.9486593119569688
6561,1.2347826772186101
6562,3.357735952136053
6563,1.6226344956982395
6564,0.624768075987347
6565,1.650387844413502
6566,0.24062149923012055
6567,1.8998852996276283
6568,0.7205343385236471
6569,0.850344017458328
6570,0.24393459918333926
6571,17.767574150189667
6572,2.5398556744982725
6573,2.551717804118813
6574,5.519694396403837
6575,6.411977492970151
6576,1.6558400326358358
6577,1.7237997568499401
6578,1.815265842109858
6579,0.8928039361602667
6580,1.163856157408557
6581,0.7105640970157452
6582,1.1568676846220516
6583,2.6483083975135053
6584,1.2996037087597805
6585,0.617940785841721
6586,0.6305003125020234
6587,0.8050371665579927
6588,0.7543879349686173
6589,2.2501681170566723
6590,0.6595657099835889
6591,0.4025018835054708
6592,3.333485791821107
6593,2.3712020889239804
6594,2.816034182905289
6595,1.0071681080944201
6596,1.1643711837159676
6597,0.5757062165352222
6598,1.8392523080893306
6599,1.4569226464639757
6600,1.7112731804899624
6601,1.4763294040860744
6602,0.9099663350491158
6603,0.43075429899376094
6604,0.6238473083616123
6605,0.7518746887023595
6606,2.6125835070347456
6607,0.38644373458273196
6608,0.4608769575236433
6609,0.6579183386826117
6610,2.4144578852083116
6611,1.3703297389445959
6612,5.1877741729907445
6613,6.3429924432884945
6614,3.965413821667079
6615,1.5153474052726985
6616,1.473762538475543
6617,1.247856622450143
6618,0.6859210633035371
6619,7.821120838911902
6620,3.1964655180654082
6621,2.4902486448932177
6622,0.9365495657198037
6623,2.348708178310108
6624,0.49438971436779255
6625,2.862400886660271
6626,1.0154473941149949
6627,0.7360985852143477
6628,0.928870407519357
6629,31.078875148202524
6630,3.9250628097863673
6631,0.0
6632,4.299394811169908
6633,4.041395703606119
6634,2.1684918161940483
6635,2.4014896791432703
6636,3.3371796948624586
6637,1.2671539209036475
6638,0.34810390865524843
6639,1.5404684243996598
6640,1.0833807091795522
6641,3.566150491591069
6642,2.904353065098521
6643,1.4842728622516155
6644,1.7744305960613094
6645,0.5272158377552716
6646,3.248202499273971
6647,2.288212741560509
6648,1.0021962692257222
6649,1.2211278174674767
6650,5.68116821167726
6651,1.8668091476522934
6652,2.8137168626735054
6653,2.4971679691525774
6654,2.141684477110376
6655,1.3849427587925343
6656,2.6130468104737234
6657,2.698300814148431
6658,1.5929354321237672
6659,0.912232240346682
6660,1.0821922330896034
6661,0.7310434429330412
6662,0.8406962692737773
6663,1.6707645539187976
6664,5.461970882836757
6665,0.41919810669109325
6666,1.1225387598183942
6667,1.4823558069856255
6668,4.959630308456349
6669,0.3346833948866068
6670,10.565018812707097
6671,2.8123971827187546
6672,1.6236878687129406
6673,1.4126196067570365
6674,2.1345784547145805
6675,1.2678246675087197
6676,0.8209902680214155
6677,3.2125028008343826
6678,2.690155482125057
6679,1.8236539753944097
6680,2.502715919513185
6681,2.092218186901728
6682,0.5849791001412972
6683,0.9905887504918311
6684,1.8869130827265141
6685,0.9405859579521674
6686,0.2509025113167791
6687,28.55897311827131
6688,5.962069311670339
6689,6.954764618693764
6690,5.819503914569768
6691,2.757333692865636
6692,2.708867318834837
6693,1.8581406598450263
6694,2.1532836539428133
6695,1.4076251324730211
6696,0.5266589560366933
6697,1.2372677392104925
6698,0.965988940219221
6699,2.6064437017020667
6700,3.563524321315445
6701,1.38911623579808
6702,1.469428184621477
6703,0.41125514212179626
6704,1.0318039815059015
6705,0.67476603511839
6706,0.57778366832827
6707,0.9981499035582795
6708,2.3352486315894216
6709,1.5247645038221467
6710,1.320005888993724
6711,1.979907483990747
6712,0.924393603823958
6713,0.30297716257146123
6714,0.993712549812576
6715,0.4800955410965758
6716,1.25945011297461
6717,0.6654926010059017
6718,0.41383539720644735
6719,0.6798338329656461
6720,1.7462070627891935
6721,0.699778812006424
6722,4.775551529530118
6723,3.0393608414346565
6724,0.5536844965936597
6725,0.690330893435324
6726,3.8070568519117125
6727,0.33753874789737814
6728,11.303781739300454
6729,3.9417529629668553
6730,1.7322805785670077
6731,1.0369720912708655
6732,0.7933172618294754
6733,0.6260804006093793
6734,0.8865710663856223
6735,2.690853685534848
6736,2.1287711403216636
6737,2.357002170031339
6738,1.56789950922323
6739,0.7816704497251635
6740,2.250155069913823
6741,0.46189911861251964
6742,0.5550239815155326
6743,0.7427865920912062
6744,1.2005693912001822
6745,14.508885522501398
6746,3.7265155039875304
6747,8.779569955578108
6748,2.8447150855622967
6749,1.7799269802391557
6750,2.186687474540622
6751,1.8365007599660417
6752,0.8124372812001115
6753,0.648258114720239
6754,1.676355570812491
6755,0.45902920940030645
6756,0.6852611356246393
6757,1.1379384361441234
6758,2.7033142515316544
6759,1.6252168879575946
6760,0.5796063503928842
6761,0.5139067366941961
6762,1.670342079896543
6763,2.353883143204879
6764,0.9240336976436645
6765,2.089974705820283
6766,2.0113409281723365
6767,2.3906328993624237
6768,2.476397953848342
6769,1.1486352171459435
6770,0.7150032150474214
6771,0.6021507431140567
6772,1.618641028548467
6773,0.8341187904461623
6774,0.48321505706200074
6775,0.456385257027208
6776,1.0060393882019107
6777,1.255767360532439
6778,0.7766147917867968
6779,3.1686174163593144
6780,2.412648136517669
6781,0.7340297925817527
6782,2.2092132672087765
6783,0.8630091128318679
6784,3.3214195612419948
6785,1.8247329348328565
6786,3.0064836845520895
6787,3.1210836020133903
6788,2.4730640041021617
6789,0.5076946252006707
6790,0.5419325257955354
6791,0.28065514756824417
6792,0.385824057992608
6793,1.0832167708132148
6794,1.3670195458755796
6795,0.9023865383301837
6796,1.0258420628271598
6797,0.74653343552118
6798,0.46511020208579357
6799,0.4187377763301854
6800,0.42253111607437976
6801,0.240003231977576
6802,0.28781571978612797
6803,4.404148932842339
6804,1.7798046622383268
6805,5.2190148891239385
6806,1.5237057292715386
6807,1.884663340317163
6808,1.571590679362941
6809,1.2288166291900269
6810,0.592966645033056
6811,0.3315351715309194
6812,0.9597978725656848
6813,0.4691478138657609
6814,0.3325583377078276
6815,3.455032475124004
6816,1.0732408102423783
6817,0.7703681852082033
6818,0.3600817149522417
6819,0.37242544559393476
6820,1.7428901521569236
6821,0.8578012468672446
6822,0.31145341078024935
6823,0.25509104330072674
6824,1.9469522917008153
6825,1.8417346933186065
6826,2.274231324717048
6827,0.8538710716387177
6828,0.6290081650723646
6829,0.4271219616641361
6830,0.713759618000971
6831,0.5742387470878164
6832,0.5172461009332353
6833,0.4486796188242298
6834,0.5547729747864095
6835,0.7052594749261262
6836,0.38020785647989885
6837,1.721636323037838
6838,3.001064219305543
6839,0.5517909550958933
6840,0.6285607350446772
6841,0.41095630383993487
6842,1.2388048167855175
6843,0.38969498446025763
6844,3.438924068314889
6845,3.3364629702359982
6846,2.0321486715252144
6847,0.40286295207967604
6848,1.7956594108703694
6849,2.008281555597346
6850,1.0068123641722568
6851,4.472118846665964
6852,2.1326299198354444
6853,2.3749026211240176
6854,1.0907439660630827
6855,1.0295831487761595
6856,2.2822746771486586
6857,0.4017389724232676
6858,0.8050398204422803
6859,0.30221944756686514
6860,1.8623929312421876
6861,24.09556552425191
6862,3.001071577931982
6863,8.422508232264011
6864,4.4458051864447405
6865,2.3611751872648528
6866,4.250530613902617
6867,1.0252685926696394
6868,1.5701689982596125
6869,1.1644064317643246
6870,0.8866709978273855
6871,0.32774550580120465
6872,0.2881562100823287
6873,2.2854902780320856
6874,3.791131276115273
6875,0.6217629111699828
6876,0.29409277760391617
6877,0.31205883232089815
6878,2.043041123060971
6879,0.8037537547781056
6880,1.0155118896820146
6881,0.2944041957973049
6882,3.8326693980923485
6883,2.488696817768689
6884,1.601657379911598
6885,2.0649154510013186
6886,1.0120870096409622
6887,0.3247262116293834
6888,0.6605709560616864
6889,0.29228424364949634
6890,0.4962907956029682
6891,0.4018072849711094
6892,0.6307574195844571
6893,1.3393620846792278
6894,0.4471135742147859
6895,0.5219583853493406
6896,2.4634409044009464
6897,3.168219337418724
6898,0.45925469595673774
6899,0.5988795060427106
6900,3.8054836979921585
6901,0.44741384622657365
6902,3.9500492103563483
6903,2.4800420138941406
6904,1.206149906254032
6905,0.7184049443860434
6906,1.2576995542027112
6907,1.0732085791407133
6908,0.9934554851281694
6909,4.23662558996444
6910,1.9750673299869028
6911,1.9268927258825017
6912,1.517243344932499
6913,1.624177348269246
6914,0.451768423488799
6915,0.39029433151330206
6916,0.5172109237765974
6917,0.19995623748288915
6918,0.36162030071421114
6919,18.58577558832061
6920,3.27028936523124
6921,12.124734707853092
6922,3.941181395925924
6923,3.3247619042719396
6924,2.15087293125232
6925,1.6926220152531708
6926,1.7934897778346535
6927,0.7962090908327455
6928,0.9629984736873193
6929,0.6216972838930126
6930,0.3285515940205497
6931,2.4163617242078868
6932,2.511925709607965
6933,1.559412339714115
6934,0.32510107913355313
6935,0.4450413677051487
6936,1.3567107915543242
6937,1.0054147177859512
6938,0.5915214564057529
6939,1.2864309576954194
6940,5.861935408746024
6941,1.8778550949095778
6942,1.6489151651848117
6943,1.7376823478889498
6944,0.09814347461621775
6945,0.3634717508143077
6946,0.6600928041640008
6947,1.6206496251540177
6948,0.44029867028175695
6949,0.2567130345798969
6950,0.5676882405748147
6951,0.3378851324533738
6952,0.4321875259170552
6953,0.4640088857780913
6954,2.859579000880479
6955,2.361415397270766
6956,0.5396692652637824
6957,0.5868496303520195
6958,1.0886552852470546
6959,0.9756291199376076
6960,10.214199797341609
6961,3.6689244067363425
6962,1.7729121310055287
6963,0.9541132314529808
6964,0.8699457044657577
6965,0.5780565743267068
6966,0.6262602032658338
6967,2.012648119060637
6968,2.1470029819887615
6969,1.0488562915334394
6970,1.7680939339116544
6971,1.2880887289056278
6972,1.6639612882204513
6973,0.805000997120907
6974,0.6292958451421914
6975,0.3939903793555045
6976,0.5360317398319335
6977,4.336600547008603
6978,3.5684892332438785
6979,9.19808284854301
6980,4.239294665004788
6981,1.8385840946639793
6982,2.1655075118974305
6983,2.404504199044803
6984,1.3768435523589215
6985,0.7240608837374707
6986,1.2960874378034515
6987,0.6027107054835024
6988,0.6555207058526555
6989,1.1843176577638082
6990,2.966929062176159
6991,1.316593184525955
6992,0.4819019778353698
6993,0.5911968308001436
6994,0.9794905282013011
6995,1.759036604657167
6996,1.1167650576861936
6997,0.7512742301649831
6998,2.096836193314141
6999,3.2039094785095403
7000,1.984633715708668
7001,1.3398904642555467
7002,0.9717219940096815
7003,0.6668416531482015
7004,1.55018808607008
7005,0.5256188354356647
7006,0.875746020708422
7007,1.0390191489445615
7008,1.073470412342952
7009,0.9200606876867743
7010,0.5188673714226262
7011,1.5446376975771285
7012,1.953222104276751
7013,0.7836581471240176
7014,1.088110027028996
7015,0.7981160356804428
7016,2.8366282180334204
7017,2.268950716366842
7018,8.369849044942857
7019,2.4496540008035836
7020,1.1674782878699486
7021,0.48329483440862286
7022,0.22169290938188912
7023,0.7198816827601578
7024,1.1430075741501544
7025,2.4045702950177414
7026,2.0680024382515305
7027,1.1827251136573467
7028,1.3672609518204282
7029,2.322285455325009
7030,0.32923538340783987
7031,0.9431803991435092
7032,0.7161772250425441
7033,0.5660070976795915
7034,0.21911080477166744
7035,12.304463129795597
7036,4.072303316730027
7037,3.741069789885912
7038,3.7548438737591616
7039,2.638829193336246
7040,1.135853805121235
7041,2.7792938360652384
7042,1.0661677868141561
7043,0.6900104332412269
7044,0.37681026953132624
7045,0.9707215376093564
7046,0.8112365461516977
7047,4.076070778211625
7048,0.4586356156471597
7049,0.9784073508863426
7050,1.3099378201985425
7051,1.1567925895892355
7052,0.2956448520769128
7053,0.4142942159583062
7054,0.25704734907659077
7055,0.3880105459863692
7056,1.2801739617657555
7057,1.6269680202166048
7058,0.8420082220304043
7059,0.4683856395985223
7060,0.8840147716629676
7061,0.6586083390084886
7062,0.7805271747167142
7063,0.39433068925220705
7064,0.9854996248936356
7065,0.6181355521979648
7066,0.6467192532762487
7067,0.3046993035718826
7068,0.38032175139097324
7069,0.7590684447776803
7070,3.4167943392936837
7071,0.34926736331062713
7072,0.7105045338356935
7073,1.0464119641312117
7074,1.1572258287627202
7075,0.5252902557015993
7076,10.149169419605702
7077,2.9760717515521016
7078,2.4591475305967343
7079,2.8744742269805275
7080,1.8169738973554417
7081,1.211119158819376
7082,0.8605667674966263
7083,2.3867555059790124
7084,1.8899098640229428
7085,2.0952169608019275
7086,1.617443907493379
7087,2.07010682453729
7088,0.578384949988805
7089,0.9995641077374045
7090,0.9476202515528341
7091,1.0882684763533406
7092,0.2936865422103043
7093,22.322061361767673
7094,4.5010919980647
7095,12.00280395291221
7096,5.780461528395175
7097,6.483087591887572
7098,2.291814539872158
7099,1.9670385610851764
7100,2.7015644467845386
7101,1.81001498169851
7102,0.862005474927317
7103,1.861429080489095
7104,1.289537046875379
7105,2.754034044173199
7106,1.6141777724888549
7107,2.1535773913559284
7108,1.552619225711992
7109,1.365170631391974
7110,1.6669764910655829
7111,1.4228559970414447
7112,1.5964514907623926
7113,0.601939879351773
7114,3.6908588572719876
7115,3.6854461010625306
7116,2.245694463269316
7117,1.4904612443542797
7118,1.221460839820455
7119,1.56270651924579
7120,2.203815279333574
7121,1.2434626877638315
7122,1.3701252324830115
7123,1.4137376049428454
7124,0.9512269951686387
7125,0.4705212878824423
7126,1.5053581198668549
7127,0.9142615750688612
7128,2.7408436395302425
7129,0.553541660203663
7130,1.8247466539645152
7131,1.4245079794261848
7132,3.655240051269526
7133,1.412420616627131
7134,9.393961737694006
7135,5.324111798705828
7136,3.3007466544081017
7137,1.4324187161282336
7138,1.438996179270366
7139,1.1781993329653415
7140,1.5691447662349387
7141,1.5967550546208944
7142,3.832850561901512
7143,1.9571205984119433
7144,0.7470748120668382
7145,1.8391777145801262
7146,0.3104808397698635
7147,2.0300427820982043
7148,1.0915466383115588
7149,0.7194146363350467
7150,0.31601593604242595
7151,18.987494604834456
7152,3.3354338399561856
7153,3.3527770319278676
7154,6.06528051783868
7155,7.414693206550169
7156,2.268114793192939
7157,2.5646489804997894
7158,2.0193500294657345
7159,0.8295505468632116
7160,1.5316835521757772
7161,1.1084398318898083
7162,1.7098549863251153
7163,3.457901839662219
7164,1.8232912413539912
7165,1.5832931835411175
7166,0.7155716637155166
7167,0.9847207514580616
7168,0.9554117256245016
7169,2.4201486417813465
7170,1.3860976430507757
7171,0.4747524421153553
7172,4.3446103555553925
7173,2.793320077400937
7174,3.2265784261972423
7175,1.8493658286499954
7176,1.590976379815388
7177,0.7060629131822339
7178,2.2803765255772914
7179,2.0290975626486376
7180,2.3193227424197618
7181,2.122304259801408
7182,1.0413639654032607
7183,0.5365379798327063
7184,0.9456332489681644
7185,0.7573222193154325
7186,2.6786212771804463
7187,0.6364899038591476
7188,0.663700016494535
7189,0.7651667264484414
7190,3.3588233070983975
7191,2.289116703281124
7192,6.010437242532056
7193,6.643036886578923
7194,6.082348919107254
7195,1.8106871550554815
7196,1.5275802246210284
7197,1.4084565981732389
7198,0.987446806145643
7199,9.47489067797405
7200,3.6172672802082624
7201,2.5504885476472503
7202,1.053508482296565
7203,2.9746387849244016
7204,0.6971363309711843
7205,3.1758946722131443
7206,1.0927463783831182
7207,1.4752590677042288
7208,0.8950008355682206
7209,35.28394623505554
7210,4.102262562918531
7211,0.0
7212,4.759089691247437
7213,6.591984227659131
7214,2.5190965200444353
7215,2.5988432662797885
7216,3.783390000224634
7217,1.3912865514041903
7218,0.6282467777718045
7219,1.645524945478658
7220,1.278040569228588
7221,3.494825150381694
7222,3.1129557469700417
7223,1.378105298089328
7224,1.7787323777154804
7225,1.0231489928162258
7226,3.303939802040998
7227,2.5267807933586304
7228,1.0429814498358663
7229,1.6078734954127976
7230,6.822944193647643
7231,2.2324260981127884
7232,4.096937119513278
7233,2.8368158361898628
7234,2.4171399652264336
7235,1.9026198138908108
7236,2.9982414163390128
7237,2.877901925584694
7238,1.8983347783588311
7239,1.4673878968865748
7240,1.3772794665605912
7241,0.9974191751518086
7242,0.7082458599903784
7243,1.690817838350422
7244,4.1667891891131035
7245,0.4900787532048019
7246,1.5218596363765347
7247,1.5651395306275022
7248,4.1624880157362245
7249,0.353899419977461
7250,10.332228761982206
7251,3.2498802376072717
7252,1.4880323580044323
7253,1.2010514216618284
7254,2.4022503710021814
7255,1.5861623178324986
7256,0.7873920975422339
7257,4.316736737476392
7258,2.9773246070274357
7259,2.177998996461877
7260,2.6169340177271296
7261,2.5120152371555458
7262,0.7598835401921605
7263,1.1999719195269454
7264,2.1810276315048207
7265,1.1011002475506286
7266,0.28793995954794815
7267,29.045873974654366
7268,4.226111488936975
7269,9.230475209311098
7270,6.476679608839503
7271,3.4479923941862918
7272,3.2295555493577632
7273,2.115091205277923
7274,2.4842334419861603
7275,1.8260708956295852
7276,0.7039152374410889
7277,1.721867780950935
7278,0.7994861145874157
7279,2.787452521423151
7280,4.243185500869471
7281,1.3941601087388102
7282,1.2939586578046065
7283,0.42257582337396205
7284,1.3756761501788726
7285,0.8031547157481
7286,0.46457418863242894
7287,0.9774691219586014
7288,2.71840849032051
7289,1.6882161217960336
7290,1.4945846513149121
7291,2.582078654929416
7292,0.972726787478092
7293,0.37713626062416006
7294,1.207598809073996
7295,0.48635703291610255
7296,1.8952419458865526
7297,0.8711025321028745
7298,0.520979784282749
7299,0.7624697965852419
7300,1.863687941077893
7301,0.9626699791976234
7302,4.7979078351385755
7303,4.642592276805168
7304,0.6168963382533794
7305,0.7227653818823195
7306,5.313140031421277
7307,0.5154817578913196
7308,14.26910353750431
7309,5.149951306975392
7310,1.1348315535100986
7311,1.1157932627410063
7312,0.7616788254343919
7313,0.5342885134727435
7314,0.8098455494402031
7315,3.5272199393079453
7316,2.1776776166797913
7317,2.3100465947688265
7318,2.205582526763932
7319,1.1226044673781461
7320,2.644893452363962
7321,0.5958238997763114
7322,0.8135428430254392
7323,1.1143110865179868
7324,1.4644928532058428
7325,14.860756402689681
7326,4.567787999047481
7327,10.207557734550969
7328,3.1799480808003624
7329,1.7169963958095216
7330,2.9136492817794437
7331,2.565316071028639
7332,1.0310361504740628
7333,0.812489909156939
7334,1.7774417674296559
7335,0.47031904051958806
7336,0.8483145960896916
7337,1.517128315735771
7338,3.40783987750805
7339,1.752317700703957
7340,0.8140777981521222
7341,0.7071535447858558
7342,1.8649991263150045
7343,2.3659080275002036
7344,1.4225850068092871
7345,1.9658292244168802
7346,2.3751795295662106
7347,2.9896664433745883
7348,2.623612684404664
7349,1.4862067190409227
7350,0.7767645879979638
7351,0.7825857876984378
7352,1.7686222022078517
7353,1.1094979687942284
7354,0.6186676300625533
7355,0.5928544712523219
7356,1.043898925434865
7357,1.2375329020874961
7358,1.3023627789154093
7359,2.946860771657214
7360,2.516027511278417
7361,1.0068808118691248
7362,2.5188806843808376
7363,0.9366803627805776
7364,3.3977784418716275
7365,1.9291745018558264
7366,3.6247480155058285
7367,3.138666040618809
7368,2.5342329350417643
7369,0.5046932620315795
7370,0.7342645789171445
7371,0.3516874901992604
7372,0.49696765804854603
7373,1.4559337161830668
7374,1.5364550907868413
7375,1.1718044794682982
7376,1.2657932937202652
7377,0.9230350508691958
7378,0.7334829606008413
7379,0.7449092703413209
7380,0.5772626486499894
7381,0.3539795779336554
7382,0.7973065791578464
7383,4.588317978661816
7384,1.8119932947432154
7385,5.769064386332575
7386,1.9014769851426725
7387,1.746351175405699
7388,1.6652730469529122
7389,1.7677936274304682
7390,0.5535622644890934
7391,0.4677790551615394
7392,1.322865975071001
7393,0.5645618388754287
7394,0.44355007966908155
7395,3.2659854153810635
7396,1.378257897140637
7397,1.4932051387635565
7398,0.3915353672811336
7399,0.385156443318754
7400,1.5011128440288495
7401,1.053489178942441
7402,0.525432672439602
7403,0.3534832442371778
7404,2.6888145594313357
7405,1.9176481268475596
7406,2.676546360656202
7407,0.9485613982566445
7408,0.6973152099867619
7409,0.632003023809095
7410,0.8319208626970545
7411,0.7457183860050642
7412,0.7424697355901727
7413,0.5734194021230061
7414,0.7025172870294314
7415,0.8277135556442236
7416,0.41811495879239624
7417,1.3526778273047815
7418,2.5941778230529673
7419,0.631373065787744
7420,0.880073196104191
7421,0.6157246971613127
7422,1.2943299952110054
7423,0.5007316734765621
7424,3.83053632912303
7425,3.511681961352953
7426,2.1071690688276172
7427,0.5584996540144429
7428,2.0657543625386325
7429,1.6013884573790005
7430,1.234711425140551
7431,4.78429238339168
7432,2.703332440938535
7433,2.2270556712102336
7434,1.4741458188148595
7435,1.1745565778988234
7436,2.3142394161050746
7437,0.4506317391488738
7438,1.3322762546478046
7439,0.41443157342716375
7440,1.9066543139735046
7441,24.99121740299735
7442,3.37823546112492
7443,11.690387518115006
7444,4.870508783156573
7445,2.3269944337168327
7446,4.721393921235901
7447,1.1151763100183463
7448,1.5390978122981345
7449,1.1206543187889644
7450,1.0173334847828612
7451,0.4510477275573216
7452,0.3521636748771064
7453,2.0347862454745345
7454,3.3613617920388963
7455,0.7987493730331621
7456,0.4565049151951802
7457,0.3676569986257885
7458,1.6059546794540516
7459,0.838769846362127
7460,0.7867609351726544
7461,0.3115928283419569
7462,3.565031171251892
7463,2.1094784457356646
7464,1.5497699359947656
7465,2.4927261545202266
7466,1.1298378994992624
7467,0.3993035615846693
7468,0.9068742645411678
7469,0.5107091929833322
7470,0.6931553165366693
7471,0.5564682547567346
7472,0.7724050911983089
7473,1.1834192611998235
7474,0.49989824918371506
7475,0.5714047021600737
7476,3.337585984002517
7477,2.84093469358219
7478,0.5621649648608136
7479,0.6581751552852589
7480,4.333640698405792
7481,0.4445729128529501
7482,4.578294574789053
7483,3.1949955780111505
7484,1.4096895954346529
7485,0.8180070681545522
7486,1.2762755908165495
7487,1.220238916261922
7488,0.9598905343258487
7489,4.385902658217981
7490,1.9523575114980452
7491,1.7725781387249313
7492,1.5715933383141987
7493,1.8124437154129929
7494,0.6151445750735369
7495,0.5029831744984661
7496,0.6561928363351202
7497,0.40007261379583114
7498,0.7044069835092447
7499,21.549612231358896
7500,4.651412178681688
7501,15.409219308232322
7502,4.785916715741754
7503,3.5027339893297795
7504,1.955460850378166
7505,2.1511118634636155
7506,2.117323213789808
7507,1.0089469037793681
7508,1.1939725076909355
7509,0.6598100190123268
7510,0.4026216683252013
7511,3.2231105352195484
7512,2.4727278226203273
7513,1.4322926730622856
7514,0.3200056522460948
7515,0.5435575737736694
7516,1.5106797548297795
7517,0.9853436457163871
7518,0.8636906103390245
7519,1.3079663897827278
7520,6.175503437935559
7521,2.230740256193744
7522,1.902997951451923
7523,2.019702325709164
7524,0.20836157377357933
7525,0.4825878238773603
7526,0.8217806213920142
7527,2.0375143015228714
7528,0.528710481455976
7529,0.4517183741038102
7530,0.7810669733473227
7531,0.43454074524326936
7532,0.493058196964969
7533,0.5191569473292273
7534,2.7704483580058463
7535,2.8916573706971906
7536,0.6538017997875425
7537,0.5265725516169719
7538,1.7962924047821318
7539,0.8062332538927148
7540,8.767442840843362
7541,2.775669947365735
7542,1.7670530407526517
7543,0.7738117842930211
7544,0.9817879949552952
7545,0.5609590854948342
7546,0.6085345928849778
7547,2.69565311632618
7548,2.0206987732365187
7549,1.0547079812470408
7550,1.995215527148106
7551,1.5347657370243035
7552,1.8244644567456467
7553,0.8834539117532734
7554,0.6059461733995998
7555,0.4492651354254553
7556,0.4126024346157733
7557,4.158471048139309
7558,3.356302139537695
7559,8.888377642996083
7560,3.3276005613791755
7561,1.843190085282267
7562,2.204705583387362
7563,2.4822493303394384
7564,1.2269289739555067
7565,0.9119065937131092
7566,1.24322707412512
7567,0.7200149247386977
7568,0.8826452376788099
7569,1.2362178594530608
7570,2.4370885790917542
7571,1.8961427981986638
7572,0.4944841694540413
7573,0.5087234854897689
7574,1.07088796628608
7575,2.0164959236227653
7576,1.1481398729245293
7577,0.6422547370226928
7578,1.7324085384185648
7579,3.1068805650784075
7580,2.0706340994487795
7581,1.3594756853421301
7582,0.8138430924784564
7583,0.794510509999148
7584,1.6549644873382559
7585,0.5817676589186965
7586,0.8245788396381062
7587,0.8594521925850667
7588,0.8123190135052387
7589,0.9940653764859948
7590,0.5496755409438762
7591,1.5406041718118646
7592,2.1613230044158405
7593,0.9124673591468904
7594,1.231448641857966
7595,0.8317091368658173
7596,2.7294919243512576
7597,2.121050711614609
7598,7.921147411930352
7599,2.476160351066473
7600,1.108162805554554
7601,0.4417848273336872
7602,0.27881792030758534
7603,0.7879071097401236
7604,1.3707206686334488
7605,3.1980696890947913
7606,2.030759662102103
7607,1.193888847646348
7608,1.5087580756636347
7609,2.5628758675798764
7610,0.39487935773057414
7611,0.8718097268139964
7612,1.0361665003514426
7613,0.7889007388300919
7614,0.25066990689514146
7615,8.739353950792566
7616,3.7414094590280316
7617,4.230150462377567
7618,2.7202660796148557
7619,2.804199162408306
7620,1.5851182707910856
7621,3.0707574136956386
7622,1.2357430698011835
7623,0.6776878675997393
7624,0.3101479405061096
7625,1.0065166063338677
7626,1.0286358628406178
7627,3.0539189782902767
7628,0.49662297804167777
7629,1.9702699014939538
7630,1.2207335767950842
7631,1.385647750919063
7632,0.341730543971583
7633,0.4577820999054315
7634,0.29025668924619663
7635,0.4764599480692583
7636,1.3312394610964748
7637,1.65915286314623
7638,0.8749253101285978
7639,0.6322365864831988
7640,0.7160406485156244
7641,0.7995740639921397
7642,0.7761157606974834
7643,0.4701477611515812
7644,1.040315548857128
7645,0.6474776574168062
7646,0.5983626241809842
7647,0.3311795166636118
7648,0.46235994226344734
7649,0.9526609351429052
7650,3.4265808687262838
7651,0.3773658035143247
7652,0.6515326923343085
7653,1.321047767009581
7654,1.1996512181116123
7655,0.506427207589796
7656,8.566249270857105
7657,2.964285864082421
7658,2.3693825166613527
7659,2.47354374464485
7660,1.6216258836870319
7661,0.7760549028214143
7662,0.9668478504105296
7663,2.5216815214456267
7664,2.1754943664779725
7665,1.9860984008375124
7666,1.5365283470759163
7667,2.2562082981444833
7668,0.607891511988484
7669,0.9886068523758758
7670,1.2176079240619855
7671,1.2477121688817294
7672,0.3639098227675248
7673,21.782917703717587
7674,3.8927838870124427
7675,9.946441601496929
7676,4.279089535871757
7677,14.494186146804656
7678,2.221441238604969
7679,1.8895607328874489
7680,2.6709541517683313
7681,1.7308265910874097
7682,0.811294104822266
7683,1.606727553801583
7684,1.587590849295144
7685,2.5934213340257566
7686,1.476521648422723
7687,1.6704343835836064
7688,1.3065227172221971
7689,1.3966484857628294
7690,1.1641203589681086
7691,1.3721861637727715
7692,0.949812414760886
7693,0.4568420634180237
7694,3.1353406306029097
7695,3.595372294963639
7696,2.273659460224686
7697,1.6012814815858754
7698,1.028023713578072
7699,1.5721606928653338
7700,2.1992113995293403
7701,1.418411160162188
7702,1.5420861580679388
7703,1.2806261940980006
7704,0.8970155108026745
7705,0.5594990287809263
7706,1.9311504313500554
7707,0.7167178044800055
7708,3.7212122450219938
7709,0.5860513999522318
7710,1.8926802853086668
7711,1.533460206292623
7712,4.051469087320327
7713,1.3092623488135942
7714,8.552999646397378
7715,4.5017805456090345
7716,2.818754493931253
7717,1.499063058711362
7718,1.045261532938024
7719,1.001317597249689
7720,0.7869402779667942
7721,1.8995410254175864
7722,3.9085143435715874
7723,1.926425453677957
7724,1.3856195469113464
7725,2.2882568879710714
7726,0.41581108623527274
7727,1.7520251381130594
7728,1.0251712470668046
7729,1.194197807314817
7730,0.30027060845145637
7731,15.90691394007507
7732,2.910723463001366
7733,3.3340771772132825
7734,4.632251270512125
7735,6.743028412797842
7736,1.808811932244501
7737,2.3128205806883075
7738,1.8556889625628827
7739,0.9378655318180481
7740,1.306715412309609
7741,0.9019839615956651
7742,1.265006849401483
7743,3.245835508605267
7744,1.7174662155359246
7745,1.328366579666146
7746,0.8014716349354153
7747,0.763576155744955
7748,0.6631515435854168
7749,2.253614258287534
7750,1.249719060101964
7751,0.5311426458866355
7752,3.203020301015536
7753,2.803624738047102
7754,3.2449149775422415
7755,1.5058970000924194
7756,1.3230058881531355
7757,0.6744238557221612
7758,2.1869609725562915
7759,1.4096861881776421
7760,2.0755835946677617
7761,1.921774579277176
7762,0.8603251324856626
7763,0.6200550760472797
7764,0.8646697074089877
7765,1.0248875448118067
7766,3.7764460508255633
7767,0.5516472258168638
7768,0.7418064096682695
7769,0.7317381031553026
7770,3.597925491686594
7771,1.47804012681629
7772,5.198187679626601
7773,5.799458071946937
7774,4.627337795939957
7775,1.888667807310603
7776,1.503607347175189
7777,1.0292994890479843
7778,0.9039079771069947
7779,11.952719285516707
7780,3.913168789171318
7781,2.7126194670688486
7782,1.0924642799097781
7783,2.841275490848785
7784,0.7970218997185897
7785,3.0146617237958595
7786,1.2382744002146735
7787,1.7552865725643765
7788,1.0655917629315297
7789,29.84240393382959
7790,5.114082339134277
7791,0.0
7792,4.24243431842484
7793,7.263336281006662
7794,2.5093770486704687
7795,2.9104781683526832
7796,3.7732913432219335
7797,1.5684438973502632
7798,0.5912287776187487
7799,1.6251557438975701
7800,1.5306319331798972
7801,4.360843011437682
7802,2.7559024044716947
7803,1.839171597925821
7804,1.6755937418563136
7805,1.0262198562839004
7806,3.3673514138588194
7807,2.4355441600078267
7808,0.9052495563894937
7809,1.191380325234873
7810,6.311675283383719
7811,1.7303100050831206
7812,3.6304411549241995
7813,3.3023923481672526
7814,2.313828583378028
7815,2.075108186331147
7816,3.2919104641337498
7817,2.894039625568616
7818,2.0898785285659796
7819,1.4761326036678752
7820,1.341535063099193
7821,0.8299262923615932
7822,1.1075643768888739
7823,1.685313834310161
7824,5.741905414740454
7825,0.67246419795611
7826,1.420913976318127
7827,1.4807225299212405
7828,4.253525510084794
7829,0.38181532903298243
7830,8.826998280120822
7831,2.1468315980321018
7832,1.31277508144297
7833,1.1864398375673533
7834,1.8024902170465742
7835,1.1390965939695532
7836,0.7859686364016776
7837,4.531124567809689
7838,3.3706369819345423
7839,2.263235642495253
7840,2.58507708686892
7841,3.4531910865238977
7842,0.794576634950116
7843,0.8784537252412494
7844,2.049143465715042
7845,1.2352499886466923
7846,0.33375909445054575
7847,24.991588765694207
7848,5.287485414835238
7849,6.415824556149527
7850,5.284492932619333
7851,2.8496364631073123
7852,2.507124538917747
7853,2.516408122977131
7854,2.301233308647363
7855,1.7760687334940488
7856,0.8292420357365019
7857,1.817043883101115
7858,0.8814277708803886
7859,2.005112647896084
7860,3.112205232277776
7861,1.186157630022517
7862,0.9572440955339516
7863,0.4110644177871635
7864,1.2473579239130812
7865,0.6354572056928788
7866,0.5590650761362778
7867,1.076201564784967
7868,2.431044092551411
7869,1.6829990259570857
7870,1.3896509706561053
7871,2.5361452713094534
7872,0.7496422926993028
7873,0.42341284841140736
7874,1.1094198951914789
7875,0.5935558494220907
7876,1.7228702140285825
7877,0.745332781247791
7878,0.5140979542740398
7879,0.662216883886065
7880,2.0964271650944264
7881,0.8972121273562123
7882,4.936745141375864
7883,4.696234844323925
7884,0.6921234517042759
7885,0.8199286036699523
7886,4.406550670818232
7887,0.5769905273422216
7888,14.692519107941466
7889,3.4874975764787086
7890,1.3321149160232002
7891,1.2253733960192608
7892,1.0252259351852164
7893,0.563516189496708
7894,0.7030675754616028
7895,3.8769840181153663
7896,2.273303348459212
7897,2.593252269535621
7898,2.2711306870852153
7899,1.2576743513463866
7900,2.8547136882947464
7901,0.5954191742073941
7902,0.936753848637533
7903,1.0857807320005932
7904,1.0295449329069428
7905,12.865285443087606
7906,4.370809675270463
7907,10.861009325228638
7908,2.530575847117805
7909,1.9574495672484087
7910,2.619034920767334
7911,2.5216173433791877
7912,1.2701136997705753
7913,0.8784832066513442
7914,1.7323237449686268
7915,0.5875194926088619
7916,0.8631138510995576
7917,1.6853966734630035
7918,3.5859890680272613
7919,1.8832576122107372
7920,0.5974359843881317
7921,0.9296086940219931
7922,1.9267737669416665
7923,2.185249734519223
7924,1.0778649761126062
7925,2.3715832112696886
7926,2.444224400837763
7927,2.629656930858979
7928,2.8889155303623064
7929,1.4777777582113618
7930,0.7492879963027982
7931,0.9787539638934178
7932,1.9989877640581222
7933,1.133915561163095
7934,0.6446847203483405
7935,0.5954782424886886
7936,0.9733181243268394
7937,1.2163773962692108
7938,1.064516993575194
7939,3.0220932608296667
7940,2.5012821971135155
7941,0.9596848829177645
7942,2.4732265965628017
7943,0.8679098044087332
7944,3.636195811278072
7945,2.1975539502194366
7946,2.8751899764813884
7947,2.3566622030263833
7948,2.1239286342086614
7949,0.5176669686487537
7950,0.6348983253007473
7951,0.3064779189920528
7952,0.4983769299236247
7953,1.9873749079848688
7954,1.835513122886857
7955,1.319435532064482
7956,1.031964594889788
7957,0.9794499315550556
7958,0.5977095826467724
7959,0.7235322431562232
7960,0.5894125611342083
7961,0.35311635654046536
7962,0.4561836000766394
7963,4.310326654916802
7964,1.7692359048832644
7965,6.28219384939195
7966,1.7125605401115078
7967,1.864495683377922
7968,1.4267843133006242
7969,2.095400889737045
7970,0.6935017563699765
7971,0.5931467051303356
7972,1.4791211602800167
7973,0.5888678592676413
7974,0.483778338741508
7975,3.503740805605719
7976,1.4458998503073213
7977,1.8098779001900014
7978,0.42458973462411953
7979,0.4605474400602043
7980,1.3790277319314184
7981,1.1700568352960194
7982,0.8497064591557516
7983,0.32548281625563424
7984,2.2181659572373382
7985,2.0007837639149884
7986,2.7555533015357243
7987,1.078102173849872
7988,0.768977606520522
7989,0.6402664317222156
7990,1.060637060298618
7991,0.8038592967614896
7992,0.6529628881950462
7993,0.5301326007865103
7994,0.6495833914163828
7995,0.8132781794174281
7996,0.4812438741996343
7997,1.9785762115574936
7998,3.522270365455281
7999,0.7164404867263979
8000,0.8716336392823998
8001,0.6088169095874381
8002,1.5343116886395114
8003,0.5855594405895375
8004,3.3305202956607145
8005,3.4018888673849177
8006,2.317620307037623
8007,0.4815904512501059
8008,1.8834715817643612
8009,1.6635520030054898
8010,1.0827432703062203
8011,5.341352790778981
8012,2.4009444845367156
8013,2.096529672437004
8014,1.508301465237272
8015,1.501053305524466
8016,2.518998398984576
8017,0.4682829608443908
8018,1.251524506527691
8019,0.5996904014826355
8020,2.187043985081018
8021,19.987015711331132
8022,3.757557790277041
8023,9.487698506764573
8024,4.315748275312622
8025,2.0807338350641342
8026,4.309600594176046
8027,1.1775087102984871
8028,1.5771552903950803
8029,1.2642147719185215
8030,1.138167491886418
8031,0.5759288298126535
8032,0.3940625063154056
8033,2.140151167376619
8034,3.378853126322031
8035,0.5310112086349899
8036,0.38366789581051874
8037,0.435608181661005
8038,1.8099539228955936
8039,0.6805248404926888
8040,0.9652869148688659
8041,0.38269152599279377
8042,3.696433840560117
8043,2.396128544543852
8044,1.3782923209516527
8045,2.5069883411218807
8046,0.9870187475632424
8047,0.4370628118162133
8048,0.9985019545143592
8049,0.4840454119012648
8050,0.6757959926885326
8051,0.579692518425996
8052,0.7036776134798066
8053,1.4105552254295728
8054,0.5335260797072646
8055,0.7728459843452272
8056,3.7662207963265457
8057,2.4720277254336307
8058,0.5105644751044591
8059,0.6670701903976931
8060,4.2856796435396305
8061,0.5319278142638483
8062,3.5498314003325513
8063,2.5323207301790323
8064,1.0314490885704553
8065,1.076787467196655
8066,0.9582839369544892
8067,1.0754048959877913
8068,0.798345945898537
8069,5.367680229360252
8070,1.6236671107678684
8071,1.7221316662145951
8072,1.630077065913118
8073,2.0089053926696545
8074,0.6315107375563312
8075,0.4404140873776944
8076,0.6775810555987861
8077,0.45530728610642324
8078,0.5948727497689892
8079,17.780082906786713
8080,5.377700060039973
8081,10.892760073709372
8082,3.4779942276453455
8083,3.547622162145425
8084,1.7768379773498808
8085,2.5079363110354347
8086,2.506629460733181
8087,0.9315434381176044
8088,1.3099158027286524
8089,0.782581665791687
8090,0.43336935886335515
8091,2.3634471169253777
8092,2.500557683167495
8093,1.2790390560528926
8094,0.3720956285419924
8095,0.4929340238550126
8096,1.1200617095283782
8097,0.9770124048781413
8098,0.5854588232612122
8099,1.3267912708736678
8100,5.497427666162965
8101,2.1590356978108396
8102,1.7956318826514022
8103,2.014074832185739
8104,0.19711250722381246
8105,0.5410347642943014
8106,0.8843870949335975
8107,2.285354794964693
8108,0.585506346630102
8109,0.457444347083504
8110,0.8181555213259033
8111,0.5817986453221882
8112,0.5270702684800104
8113,0.546223308562188
8114,2.735028342971588
8115,3.763277390888089
8116,0.8287748387930196
8117,0.5552228957281479
8118,1.5184817418458567
8119,0.8754519976598106
