row_id,demand
0,5.9909943759196675
1,3.4007944040708478
2,1.1893806980489143
3,0.7700945043673658
4,0.5191643383658794
5,0.48644746842944353
6,0.6974095373189796
7,2.4641889506774204
8,2.51310406323424
9,0.08234026956590353
10,1.7846862052237376
11,1.0672795195298117
12,1.566089216451879
13,0.7790261811367387
14,0.8165586812424064
15,0.10287859625663949
16,0.2652187600430376
17,3.3311071234610568
18,2.429347822857861
19,0.0
20,2.53009041944986
21,1.4572975913114397
22,2.0410049782383957
23,1.7525037081273014
24,1.0563375424234152
25,0.7790148152441538
26,1.4697248501878515
27,0.8226383052470337
28,1.0449257777836511
29,1.140849067894525
30,2.185141055486905
31,3.4271980749323054
32,0.54224103228097
33,0.31691180575199795
34,0.8838261746613948
35,0.8360621627777407
36,0.7494238163669363
37,0.8825738411402103
38,1.5703886117228574
39,2.150099294317107
40,1.7979507640161663
41,0.7022727546294634
42,0.5982168103944768
43,0.570211889037757
44,1.3504682282773308
45,0.047491115975128714
46,0.6963865678955351
47,0.7205160004084377
48,0.4570353638848522
49,0.8334467946198053
50,0.41430127974841746
51,0.9431368882403879
52,1.6117339657192118
53,0.8021762467084682
54,0.8002196893605694
55,0.9505556831963127
56,2.2234601739701056
57,1.8499991010436656
58,5.186834455354152
59,2.378723035745801
60,1.6305525637543554
61,0.7131960540160694
62,0.34535094528767446
63,0.6483825879852978
64,1.6936305706765213
65,3.371371785439258
66,2.739854792286589
67,0.8532059305883098
68,1.0438903193066853
69,2.0061247353775715
70,0.2977016619582812
71,0.9328451585736058
72,0.566148957102169
73,0.6150922486958195
74,0.32336879837261095
75,7.726101316007397
76,2.7731142758642435
77,0.0
78,1.7917456505262468
79,1.2904138375471907
80,0.8527681106834567
81,2.4862508746182037
82,1.117405044130515
83,0.6434930524935037
84,0.44409133424440744
85,0.9476073250841074
86,1.4010764629414443
87,3.0910841192133
88,0.15142596972572644
89,1.3080407434999743
90,1.0422395626908756
91,2.075511928169464
92,0.19337912562078305
93,0.35218689891816085
94,0.0
95,0.5111549239323275
96,1.4291953720560135
97,1.755865098770261
98,0.558200367370893
99,0.3142219479503106
100,0.6472362060525149
101,0.47979252275611334
102,0.5518818774516476
103,0.026672381710993166
104,1.4323240845126408
105,0.5643591984914882
106,0.5951333261653505
107,0.07381027481485537
108,0.03258523994933648
109,0.9314619670279662
110,2.2699499853245837
111,0.16211832211458924
112,0.32606738251002215
113,1.272161252987815
114,1.0741258638792819
115,0.26989886466908064
116,5.414052571245982
117,2.0622754277719118
118,1.8514117795582428
119,1.8426371945597988
120,0.987817522993778
121,0.8826059383373492
122,0.683061015126747
123,2.9722846313918545
124,1.9337174441937472
125,1.6711807897769555
126,1.383328163135697
127,1.4995205682720814
128,0.23231313247584237
129,0.2855974152945358
130,0.8131984192250813
131,0.9377672973596641
132,0.742156571026402
133,11.428434066596106
134,3.5873121689461573
135,0.23674136803653287
136,4.214206043905038
137,4.505461616155288
138,2.48385659601271
139,1.6998935530662234
140,2.337387780818976
141,1.3159101577504717
142,0.722704984207328
143,1.0204276228566398
144,0.8669105318494505
145,2.305573457073422
146,0.8418790106390084
147,1.094970922864003
148,1.0730226039028057
149,0.5472268575023688
150,0.7315620498956248
151,0.37543987735678713
152,1.009838040547558
153,0.15627067324945237
154,1.5424784076176774
155,3.780267167326795
156,1.5477138197754807
157,0.7572442110751612
158,0.56183852135348
159,1.2699060447419461
160,2.081675839757598
161,0.8700211660239554
162,1.050302552119376
163,0.7307366716041853
164,0.4260243861314129
165,0.2818823357371367
166,1.8333485677582397
167,0.6248251769351166
168,0.6090316932200875
169,0.62445273262214
170,2.578395880477005
171,2.417470847033894
172,5.933651128866816
173,0.8517033699155344
174,6.113301734610731
175,4.3030752659165294
176,2.4271572014458487
177,1.166762025859325
178,1.5482218258119917
179,0.7705965248495255
180,1.4919875494727342
181,2.322540898329555
182,4.406853242282462
183,1.7911376792209448
184,1.394106904518706
185,2.793955007622114
186,0.5144445594446889
187,1.936977700951793
188,1.672298066745226
189,1.018647038414809
190,0.3906089343721972
191,12.477562667484644
192,2.6861266481380937
193,0.07729822932692046
194,4.922689864480536
195,10.849269297188565
196,1.617546798825384
197,1.9424019639111232
198,1.1588308845774682
199,0.8085019469203495
200,0.8957984281805882
201,1.077451737233017
202,1.1580479108620725
203,1.532113780461637
204,1.0330155732894815
205,2.118544782595084
206,0.9910783769953004
207,0.39098553740223696
208,0.8264714255625234
209,2.2482377275153658
210,0.7076024983408801
211,0.5527575345758817
212,1.245843283877757
213,1.4991601619200716
214,2.046358439582899
215,0.8041196726975854
216,0.8291059720594607
217,0.3707167627958822
218,1.4585234876177904
219,0.0
220,1.681666352242837
221,1.1461220093534825
222,0.5671306936878484
223,0.24472752012033003
224,0.663419881637186
225,1.724513619823351
226,3.6904537772702164
227,0.2280435903422658
228,0.4545516664019879
229,0.5533476089052369
230,1.7947730184203938
231,0.8106367401963908
232,3.4860281572986223
233,2.531094534901798
234,3.9806235841313877
235,1.6864439220080283
236,0.9392856275543073
237,0.2678883518286306
238,0.9799454872685008
239,10.109801465008967
240,4.017017301549531
241,2.5613094414561113
242,0.7664697999056239
243,2.1845255460972632
244,0.5485774883422416
245,1.675211789969512
246,1.1042263206604763
247,1.3716697948070535
248,1.4184888222297756
249,27.39510264052292
250,4.209724714541315
251,0.048571956780387913
252,3.727441282575379
253,3.976334652599188
254,2.2276818307332857
255,2.068448667931643
256,5.161369160247576
257,0.8801279158940893
258,0.22169484493671976
259,1.347598628518947
260,0.07006885274217463
261,3.1433547809293665
262,2.076489567515833
263,0.0
264,1.0017245267040567
265,0.5511612400884855
266,2.7335503044027796
267,2.602582183125411
268,0.29138555048660286
269,0.6828875156352073
270,4.982601975012884
271,3.104788379883823
272,2.4767413363459108
273,2.671293066288178
274,1.7165724771338529
275,1.7236885751576407
276,2.43376464174995
277,1.8914440126312506
278,1.136411285536172
279,0.7209185470329795
280,0.6224976295920303
281,0.6985001691939827
282,0.7936847928021804
283,2.4016467925914586
284,5.707236364086963
285,1.1922169550629873
286,0.9760266814643404
287,2.4192822996617607
288,4.962368700641991
289,0.0050263952031747135
290,4.668768890611456
291,2.387428427250146
292,1.0144106171057568
293,0.7940199232091073
294,1.696051089599269
295,0.6571305898194678
296,0.7705311398887147
297,3.35984326962797
298,3.5252569065751405
299,2.0245237790997
300,2.1864430119335023
301,2.3909127237358336
302,0.32255427260638175
303,0.7078415814002216
304,1.1972209884482248
305,0.8767530597527042
306,0.5137445768744331
307,14.259742434559687
308,5.458057102561478
309,0.16263587391284878
310,3.3610218595110313
311,2.1119632260304013
312,2.3781740754638103
313,1.6295690113005064
314,2.761477296395322
315,1.0127302995434455
316,0.5113147160580431
317,0.9476019524916804
318,0.7273739866359442
319,1.900553473536336
320,1.3786272206897856
321,0.06051438019402882
322,0.7086339856447698
323,0.04869229423232108
324,0.7792855711476085
325,0.797230295703366
326,0.470874361227935
327,0.77629143203293
328,1.504387181571142
329,0.7438246792675829
330,1.1367345561447886
331,1.4361535179081144
332,0.391612979136767
333,0.17802242644399496
334,0.5863698651504008
335,0.28640186237929705
336,0.9391213031293217
337,0.6301955736827535
338,0.22448016272084628
339,0.4491139649728878
340,2.0814098733045645
341,0.4278527245088298
342,6.248627896221492
343,3.3973280384027915
344,1.5477809181052231
345,0.5875103383349518
346,4.8478340417574675
347,0.28473413463266356
348,12.610813454537551
349,4.943818600718207
350,1.9274061865636671
351,1.3259833046586846
352,0.797516417386395
353,0.5528798441122849
354,1.0940951132360615
355,3.7787972785037254
356,2.639210722444781
357,2.653783368923265
358,2.2507426627242366
359,0.4031740399349632
360,2.8929392447602096
361,0.8763254532691166
362,1.8394379900969182
363,1.179187804893024
364,1.7747343066587442
365,16.29854613523266
366,5.105988972109779
367,0.0051290300126148386
368,1.9198490502102998
369,1.8800486251450068
370,2.890840953614425
371,2.039145361918142
372,0.034544680316162056
373,0.6786818359353316
374,3.4519405292788137
375,0.6733972502229831
376,2.0137026256676482
377,1.458497000488043
378,2.5800240386588538
379,0.5782992982053133
380,0.9516766328148593
381,0.3349015410669815
382,1.4429253853406203
383,5.23091379857747
384,1.6984595354798164
385,2.1847858251641634
386,1.8047072837205678
387,1.2947017083228824
388,2.3644320834577752
389,0.6829223491031187
390,0.13982360936764418
391,0.5176349082409637
392,2.0800422087268715
393,0.04207807390150196
394,0.8795578856163346
395,0.14917448012989437
396,0.5461775223337556
397,0.4686661053669359
398,0.47479626879545755
399,1.873976020335626
400,2.0313044259603275
401,0.8656214897748962
402,1.8267481624321238
403,0.8957182351054936
404,2.7376745455831752
405,1.3786160103337735
406,4.7771911609289335
407,2.1957940639843145
408,2.7407893788658977
409,0.3623110139794514
410,0.5003434536849674
411,0.1562701212677589
412,0.6551145965973414
413,1.2752474025762697
414,1.2120536777635254
415,0.8699270398586338
416,1.3533477239071192
417,0.606081761411745
418,0.8813591039643526
419,0.6649691416096917
420,0.5001392079145727
421,0.23399148919795293
422,0.26496984598922957
423,4.196232997691295
424,1.4868137191187318
425,0.15554028793977073
426,1.051072843691613
427,1.2242601793542973
428,1.187309262980679
429,1.6565149140569142
430,0.0
431,0.19866493311388755
432,1.4037938924995539
433,0.5676781437090102
434,0.3943841625026931
435,3.1182230580947197
436,0.6457993017038229
437,0.02232305100782569
438,0.46221146754829684
439,0.14381950664527693
440,0.2460426654450676
441,1.5257746389098117
442,0.150088005809106
443,0.3712894108607806
444,1.4039367564619252
445,1.2096355451896
446,2.5004865957246136
447,0.4351028112267392
448,0.4861043117033898
449,0.2567325594065318
450,0.8035339950639699
451,0.0
452,0.4867589838833034
453,0.3859712550451798
454,0.4116529725978726
455,0.5242857236290162
456,0.31799826661467867
457,1.5921132848883104
458,4.359298121386935
459,0.6330641263611887
460,0.6764755707523553
461,0.8581307085315697
462,1.1847604523924844
463,0.5789398288067129
464,2.3020643287666247
465,6.474848277196783
466,2.7172408610478405
467,0.4803467927968704
468,1.9830504327123704
469,1.4219904734729423
470,0.8527878747287749
471,6.626150343759202
472,2.7967723777772897
473,2.7792528714012033
474,1.4314583829727086
475,1.2694261318322229
476,4.574452715448099
477,0.34086444461537396
478,1.0046526065111452
479,0.3581098552558402
480,2.9897921480938754
481,23.774846984473733
482,2.3025516945747357
483,0.0
484,4.076811139643136
485,3.8944103735515476
486,4.565126448067966
487,2.417454580015644
488,0.8708194480077444
489,0.8962663815292919
490,1.3969946848128565
491,0.31544919939970995
492,0.4731860542383254
493,2.526252872171995
494,5.674052786572923
495,0.07226227428420529
496,0.23264818437864182
497,0.16422976024085326
498,1.0444946790046978
499,0.9872185931585328
500,0.4735016131271415
501,0.3822882261014838
502,2.8610679514661004
503,2.691774210380097
504,1.367305697978114
505,1.3923100622352733
506,1.015406821863864
507,0.20058141352178627
508,0.6479599835159557
509,0.0
510,0.48082800015553295
511,0.40045384616322194
512,0.2550081437937223
513,0.9753717738331383
514,0.13349636559087158
515,0.37659802356885974
516,3.4377845126974624
517,2.2403390292241587
518,0.4682485232813258
519,0.631667391919316
520,5.8780519490887535
521,0.1721827848517355
522,4.280212594329715
523,3.0866156566797955
524,1.4214747327689425
525,0.8533102853327782
526,1.0319875427244314
527,1.125996885222371
528,0.8941357317349119
529,8.28693176361071
530,2.214244833372867
531,1.4254569751354962
532,1.3538771074144356
533,1.8868117251457825
534,0.3329812395958168
535,0.42393202415612447
536,0.6206855650825659
537,0.07808297700693272
538,0.8968682531285008
539,12.28899494001757
540,2.4163801310581743
541,0.05322590984123999
542,3.148938510602783
543,3.8281112737531022
544,1.5638147483735034
545,2.3395056770092295
546,2.6260666589412462
547,0.798087976691674
548,1.31257562200547
549,1.0376264043261454
550,0.45106779700940086
551,2.4622733505926075
552,2.043949971734983
553,0.42591238602037834
554,0.3241388410083766
555,0.0020620121168160137
556,0.7638839444103297
557,1.5782380638950257
558,0.3616313372482876
559,1.7751428420200064
560,3.237437639988947
561,0.8878387899173449
562,1.5209289917308142
563,0.7427748038172932
564,0.05461564928159034
565,0.3692863051520758
566,0.5328570526622229
567,2.79722305444914
568,0.4138623437820175
569,0.41568601952215734
570,0.39398895911837084
571,0.0
572,0.21032475670821105
573,0.31263979454925217
574,2.6068632159078433
575,2.9126255100204532
576,0.8010762036917995
577,0.37832120889820703
578,0.7904630645720678
579,0.5915338628897581
580,5.894603708704615
581,3.628013622330347
582,1.0042334936737747
583,0.5445302017256739
584,0.6083240178188928
585,0.3147308583705083
586,0.6071262150857226
587,2.4173478781622006
588,2.1471293785213175
589,0.10497212339330152
590,1.205009359878318
591,1.0412933588570288
592,1.2212073442853775
593,0.7074678371526001
594,0.4425654479533863
595,0.21048378761426403
596,0.11277223253153862
597,3.2245507953843284
598,2.944591578286125
599,0.0
600,2.8149963430795246
601,1.148358088525062
602,2.1641762039793684
603,2.203823264578118
604,1.1020544696720556
605,0.5394382951100247
606,1.0356649561678042
607,0.6695164882030116
608,0.5300971231762827
609,0.8916469483531111
610,2.437075065909902
611,2.405327583939684
612,0.49536902732880056
613,0.298632105420193
614,0.7101592668481734
615,0.9059619359659714
616,1.0154231712458583
617,0.6648226061012612
618,0.8631248338926435
619,2.3076245770261985
620,1.6271584444941964
621,0.8315270309317845
622,0.5541877246440454
623,0.6496337568173773
624,1.4865718235619936
625,0.06557476684251141
626,0.7387905453203276
627,0.5803047286373518
628,0.6167693959572282
629,0.8994486012565207
630,0.18961292259405663
631,1.553367407310735
632,1.7935880645762077
633,0.5436052230353166
634,3.0819699441274526
635,0.6206240465713899
636,1.064373807839295
637,1.6025132567817426
638,5.377739029137338
639,2.5633649540553898
640,1.2668892564210876
641,0.47785553464912756
642,0.3249899843837891
643,0.6808921847056345
644,1.581063980473467
645,2.403290834149726
646,2.3655640815827867
647,1.2771232240300978
648,0.5747435252060793
649,1.2620433751450255
650,0.19396176761127953
651,1.0348932094051153
652,0.5980765037029988
653,0.36884734470010866
654,0.3821853694510972
655,8.027106827393244
656,1.484775127978164
657,0.0
658,1.9241788352555733
659,2.0314950153208127
660,0.8351958509326948
661,2.4853565508753617
662,1.200837218405265
663,0.44580386663221955
664,0.40601744144239243
665,0.5818213565308566
666,1.1862037727581387
667,3.874797725207032
668,0.2817669405653413
669,0.8172849230605208
670,1.0583217178117228
671,1.6711753146620085
672,0.16710345847591332
673,0.3585989845012265
674,0.03557117482099527
675,0.5735144028981504
676,1.2103640935460858
677,1.868897442293916
678,0.5504182616850006
679,0.30807018499885386
680,0.5864030634184324
681,0.7360834957363005
682,0.5519932627296722
683,0.0
684,1.113163639645698
685,0.43241699452821153
686,0.5694399550339295
687,0.03006973444322672
688,0.06139964884595483
689,0.9615200373587838
690,1.8844426440094733
691,0.2941354361087341
692,0.415970285352055
693,1.2383704708335022
694,0.8181813208491326
695,0.2603332863350369
696,5.126243750832211
697,1.9902534615753806
698,1.8738826937519686
699,1.0725057903422934
700,0.9571247009902465
701,0.6158859360081439
702,0.791105704233283
703,1.876468146351187
704,1.5575182980391615
705,1.6150937762415105
706,0.8134424269007041
707,1.4658680157468842
708,0.13046191434987717
709,0.49717264296181946
710,0.9846755846262331
711,0.6071694954115632
712,0.5176764610268666
713,9.750090723155477
714,2.7823369131563913
715,0.22311382600609173
716,4.774459662979026
717,4.115611788191854
718,2.669175865780391
719,1.1314041615315076
720,1.638068227431117
721,1.0807777463930532
722,0.5383381720048926
723,0.7876861392598173
724,0.8453951650318486
725,2.609813907687113
726,0.7174181207627094
727,1.29691206477685
728,1.0693213212480892
729,0.633675068661128
730,0.39286498636625417
731,0.6501114022644585
732,0.7094425011409506
733,0.14546949969997108
734,1.3033088964923052
735,2.5471460296018957
736,1.7267140932620895
737,0.7743854254299979
738,0.4244664416356884
739,0.9901757542387654
740,1.5985834734585027
741,0.7907114661317536
742,0.7643883293914221
743,0.5809518917216938
744,0.5586816552837933
745,0.3998937685699137
746,1.1125766451854802
747,1.3305172684217184
748,2.3522927897634776
749,1.788244497828633
750,3.851797870402004
751,2.7280474620417925
752,3.5783323470909494
753,0.7955713435237777
754,4.571412758928444
755,5.051265351919189
756,1.9853873247600888
757,1.5728924927320824
758,1.5280520996029354
759,0.7129290305418232
760,1.4186458720294404
761,2.7281750584324627
762,4.832264442621045
763,2.021532851883362
764,0.8721508226706584
765,1.7512943976063304
766,0.5604558521972243
767,1.4914980942939227
768,0.8336118558012822
769,1.0760078030257558
770,0.466978389150273
771,12.619957369817795
772,1.6782105086773014
773,0.05771490140732032
774,5.1266704130482985
775,8.122237710936307
776,1.763421424440412
777,2.776487506435492
778,1.609558989404594
779,0.6010548413681509
780,0.7873843611807109
781,1.0223220050626791
782,1.1387685243686905
783,1.659563737716847
784,0.9574307007746135
785,0.1412120163146676
786,0.7518141741609514
787,0.31312875195591044
788,0.3677834458869055
789,2.5206775672657913
790,0.8464630424623159
791,0.38126885636189384
792,1.5416490355888532
793,1.597193427632244
794,2.2301203125195537
795,0.9831785013273447
796,0.568015817024433
797,0.2941305880924415
798,1.6916347919638977
799,0.0
800,1.9120113837116226
801,1.0578287700773834
802,0.5265511322445567
803,0.13942227118089276
804,0.6511388849617565
805,0.46042001736063104
806,4.27218483145444
807,0.17996526756436443
808,2.5829319740279955
809,0.34272533289991103
810,1.8667339395476839
811,1.2209469539905229
812,3.9949105475099036
813,2.618059877458769
814,3.172209200813298
815,1.7648795244772082
816,1.3566693748887695
817,0.35484078937532737
818,0.7787897711615948
819,9.042982896770381
820,3.2137036863721673
821,2.4725662794649534
822,0.45287550666788423
823,1.9504397792424
824,0.4419184415536834
825,1.2886526639060336
826,1.09947876030334
827,1.422017482124353
828,1.2740484350362882
829,26.907148779314394
830,3.6028275181014364
831,0.15035350453542692
832,3.325545034171294
833,5.264263407593995
834,1.8715728064120356
835,3.0485231848787357
836,4.349135625340412
837,0.8241988290736161
838,0.0406460331431829
839,1.0172968541393403
840,0.44344079897978483
841,3.347789091905624
842,1.7705374828860618
843,0.24134701836137815
844,1.1260903338433221
845,1.3321277630178257
846,3.001151187773764
847,3.453753440113057
848,0.202278015003872
849,0.7587175940081552
850,4.8205106553009545
851,3.8892852802625186
852,2.284845784951557
853,2.297861368650877
854,1.6838922632485396
855,1.5335543892388346
856,1.5143620121431525
857,1.9478693958264046
858,1.2736326124977495
859,0.7580659794783026
860,0.8063752493861318
861,0.607625453428455
862,1.0278806384075132
863,1.401749805975653
864,6.402895713568053
865,0.16803812566903598
866,0.963584560651361
867,1.1370217172202457
868,2.7926755735433386
869,0.006278776517278221
870,5.472780311066561
871,2.6297887702785343
872,0.8824816777251067
873,0.931785685789529
874,1.5629252419712185
875,0.731624765239693
876,0.725455860426222
877,3.268590037696251
878,3.354443582003838
879,2.8676304172276375
880,1.4351517101380162
881,1.4489327067598687
882,0.3061401697171757
883,0.6946135138150084
884,1.5228426891751339
885,0.8022060357094412
886,0.462852416080149
887,17.863236147397267
888,5.3694273191535435
889,0.10629662832029378
890,4.222572141203315
891,2.2483176626947126
892,2.3691052841801254
893,1.8204596529594692
894,2.6471617796796467
895,1.1337937228191954
896,0.529616597978959
897,0.9277955334449788
898,0.6371085835683754
899,2.3796721603923148
900,1.7131078271384919
901,0.3202025100361467
902,0.6855094157285954
903,0.232742755449645
904,0.6837969492825239
905,0.9815682219617861
906,0.45657175703779646
907,0.8031195374949238
908,1.5225539604774982
909,0.7833558134608994
910,0.8670072228374539
911,1.3784747231738326
912,0.5437145901272628
913,0.1427893080401219
914,0.6752437451677505
915,0.30388204723662837
916,0.8854935836545954
917,0.5745040804105055
918,0.33909707191212657
919,0.41596782621114065
920,1.9315012899846966
921,0.3087871602085276
922,4.120024446812496
923,4.222764673675432
924,0.7904141485223494
925,0.8450863204666867
926,5.065298369547021
927,0.12676691943048796
928,11.170990140394753
929,5.701363660467921
930,1.8677477430138547
931,1.603797921447524
932,0.7711852206411888
933,0.5240868332030784
934,0.969765182715179
935,3.3432954374736097
936,2.210432081435651
937,2.2388203114176077
938,2.122437802467033
939,0.3383967067136509
940,2.620891569056081
941,0.8492544828588813
942,1.153931457482054
943,0.8873782142200777
944,1.3953457494899866
945,15.909905987603192
946,4.904616790618471
947,0.16094032926686935
948,2.112924354377006
949,1.611366531561361
950,2.5851100284114046
951,1.9477499963886356
952,0.30804521160773174
953,0.6694418389108158
954,3.4539237936424323
955,0.7380467387177654
956,2.130498079744206
957,1.6891381741361085
958,2.6014289651433202
959,1.4108152813768657
960,0.9598799299046702
961,0.6172137633536797
962,1.3023706684771892
963,4.2689120978520565
964,1.2422483406904816
965,1.8106948531372977
966,1.6283956324627564
967,1.467104900857854
968,1.8232501297662165
969,0.8352069885671385
970,0.1796333119958072
971,0.624940521408747
972,1.9779024394683404
973,0.0
974,0.7720183549801152
975,0.14385056856417566
976,0.834019449942141
977,0.5221577550223534
978,0.4839650048451631
979,1.632881179744904
980,4.00407265766344
981,2.406834321938734
982,1.5129952561422628
983,0.761979654354552
984,3.5450634537981607
985,1.471400948350929
986,3.6566976249128755
987,2.70740971070744
988,2.69539398874534
989,0.29589347431939284
990,0.49128348886835416
991,0.05298584590394898
992,0.29366543091035724
993,1.1788747160799746
994,1.105363065616758
995,0.7080875736695889
996,1.0006182788614093
997,0.4687651187623442
998,0.608571144257626
999,0.5205933906300073
1000,0.4243352741238221
1001,0.14382297616806256
1002,0.5192532463069266
1003,3.398214718343978
1004,1.6675878123703067
1005,0.2056360472235779
1006,1.0195553075028254
1007,1.0335627231058129
1008,1.2852944877490555
1009,1.3713621103455156
1010,0.03334141806215753
1011,0.08953938871943405
1012,1.285509032342551
1013,0.34455255939895346
1014,0.302256425476061
1015,3.5268483939183985
1016,0.6676644316450759
1017,0.6065811833919514
1018,0.4162336206811249
1019,0.13975495137542646
1020,0.16028776708275433
1021,1.378044570114618
1022,0.4095222770503429
1023,0.2820324243012536
1024,1.2922608117962893
1025,1.2078078888357147
1026,1.9110134594011186
1027,0.572021891376893
1028,0.3972463871073933
1029,0.29234521527814594
1030,0.7205483919915734
1031,0.0
1032,0.42931466379314964
1033,0.3621191855786923
1034,0.41564234484080687
1035,0.4063387662692255
1036,0.1383513285107425
1037,2.0099217263994245
1038,2.112493090339932
1039,0.6836286503503056
1040,0.769119715197696
1041,0.7195605241525499
1042,1.0105827019365174
1043,0.41957155919692074
1044,3.5102155462595825
1045,5.530350018992987
1046,2.2301497261346155
1047,0.4519116415780128
1048,1.810257514315388
1049,1.5022243171362684
1050,0.7108104051818882
1051,6.662186599496608
1052,2.044788856296657
1053,2.5810310972114108
1054,0.9748716364620685
1055,0.8279669224947058
1056,3.5867340857674614
1057,0.2685228797576391
1058,0.856714211914502
1059,0.21419167476184267
1060,1.74511306092688
1061,18.35199396298496
1062,2.1117100248931484
1063,0.00964610281760542
1064,4.186701132525083
1065,0.6724247136392851
1066,4.5634796813156155
1067,1.9682290385951535
1068,0.996559191992735
1069,0.7776124804669037
1070,1.219666503373945
1071,0.36729569570602777
1072,0.4173491034348105
1073,2.2084047101260547
1074,5.098711210960764
1075,0.45189473120604257
1076,0.26850212173783117
1077,0.09015095861622954
1078,1.7795151157171099
1079,0.7852325115160645
1080,0.01196331356730808
1081,0.3111357713391369
1082,3.6562768170328077
1083,1.115991776431153
1084,1.3482396256403542
1085,1.1810158509738993
1086,1.006816672734376
1087,0.16156966693961555
1088,0.6883841070504709
1089,0.0
1090,0.4140623415660086
1091,0.3291810213964618
1092,0.47890055063387643
1093,0.9166770694512668
1094,0.0832841958879045
1095,0.027004923201078033
1096,4.745888060663799
1097,2.676076633376105
1098,0.17086109287864157
1099,0.44589737179530836
1100,5.786642305010684
1101,0.15676982229034486
1102,4.521005188408791
1103,2.4338398335259632
1104,1.5301672344348098
1105,0.6338617787691172
1106,1.0033198375056622
1107,1.1203306633160552
1108,0.660777731500143
1109,5.563449206121626
1110,1.4838258963988447
1111,1.1764579709789913
1112,1.3135614529264907
1113,1.3303428415886502
1114,0.22242927637283705
1115,0.40857103717729715
1116,0.5634414575088805
1117,0.21441345690092575
1118,0.6301069850325997
1119,11.322507293868188
1120,2.31564673428095
1121,0.10533356267215337
1122,3.1751185227107563
1123,3.649269650126198
1124,1.5176433803388383
1125,2.4893863145707646
1126,2.005628981114915
1127,0.8460172960814902
1128,1.2580501015775842
1129,0.9295071325026966
1130,0.2948441301224213
1131,1.4823527421861067
1132,1.6717441404128397
1133,0.6042366429968651
1134,0.21359237469597692
1135,0.07688224727224732
1136,0.6583841083425903
1137,1.1185834312073222
1138,0.4223838856048923
1139,1.7624797016999019
1140,4.9254097205302845
1141,0.8425877304598445
1142,1.471447048189772
1143,1.011363716554855
1144,0.0
1145,0.33926311361080047
1146,0.35547585956323013
1147,2.1505649835891703
1148,0.41687168074687103
1149,0.25059677482049275
1150,0.4628604979859072
1151,0.0
1152,0.14586205653617776
1153,0.30548094700765666
1154,4.262986510387232
1155,2.389738588210069
1156,0.6985443400138974
1157,0.5816999408024424
1158,0.6742565583789677
1159,0.8957423052806921
1160,6.942546347164914
1161,3.2027571413429934
1162,0.9682587161478752
1163,0.7235531420411282
1164,0.8061051097466391
1165,0.3932723322852288
1166,0.5309604420817313
1167,2.59140664340169
1168,2.2117813478527673
1169,0.03582051478374425
1170,1.0479006017806913
1171,0.9792074478460446
1172,1.3670132885522905
1173,0.5517439099475748
1174,0.41019438666054053
1175,0.14860977846646714
1176,0.1301456085223065
1177,3.6781248334873937
1178,3.096797346317443
1179,0.08165530392667612
1180,2.64670167584477
1181,1.0062025515437714
1182,1.9828723015687773
1183,1.8212596648903527
1184,0.9098210678805907
1185,0.5473294513597566
1186,1.1227790344072126
1187,0.35148938316652534
1188,0.5266213347545404
1189,1.121125018873737
1190,2.405396131664501
1191,3.0543941996941153
1192,0.49551476905195335
1193,0.247370920505015
1194,0.5483147486154393
1195,1.5031672855121248
1196,0.5256662633463071
1197,0.5771300738350829
1198,1.0058209366064648
1199,1.9465758938289586
1200,1.528447666146627
1201,0.6004793937993108
1202,0.48940638027301897
1203,0.4191650366759342
1204,1.0967796420622369
1205,0.0
1206,0.4108102788089897
1207,0.6249152787748476
1208,0.5754148311647748
1209,0.8076138737285493
1210,0.777276771429193
1211,0.917200848514094
1212,2.296030497448125
1213,0.7737443431116169
1214,2.418868385788411
1215,0.725430581381507
1216,0.8674561622508508
1217,1.283942880606562
1218,6.3076478046486315
1219,2.3478177459488636
1220,1.1634713892726476
1221,0.49863918525187334
1222,0.36806219938549595
1223,0.6437192525274591
1224,3.203849853575521
1225,1.889617772905573
1226,1.7416164312182167
1227,1.1608024176149387
1228,0.8582142396961684
1229,1.3559857145974004
1230,0.20295760044814462
1231,0.7338724087766175
1232,0.37368981807614987
1233,0.27405244866263173
1234,0.3767626847001312
1235,9.926630917690748
1236,2.2097705540406225
1237,0.0
1238,1.884144796606202
1239,1.6970001868012796
1240,0.6543003764418425
1241,2.3654209473361343
1242,1.0502327254077366
1243,0.4146510969205698
1244,0.2996317632046905
1245,0.7090587255067731
1246,0.999483723015907
1247,4.61721986447007
1248,0.37304973855189205
1249,1.0058114427881002
1250,0.8027797735431391
1251,2.1025571311150526
1252,0.20043012759068773
1253,0.44165243345554217
1254,0.0
1255,0.482266174577951
1256,1.0712539298144825
1257,1.6179249182597235
1258,0.487864202625741
1259,0.40965725878553294
1260,0.6332461974090501
1261,0.7646313115828324
1262,0.6235752623935946
1263,0.0
1264,1.2757237967541648
1265,0.25794343998321034
1266,0.456206130141929
1267,0.09393535676687237
1268,0.0670411249172214
1269,0.36257213915737985
1270,2.7906847808930175
1271,0.11338013128192174
1272,0.6024220272338642
1273,0.7062583783252866
1274,0.7469969127050698
1275,0.9201360133512744
1276,5.358529707377936
1277,2.0972898947590273
1278,1.6754839886787787
1279,0.8419527855564658
1280,1.432087453376522
1281,0.3472310866577592
1282,0.5783998244891774
1283,1.3691467638908736
1284,1.2817422692806886
1285,1.5731664787252133
1286,0.5650559985385529
1287,1.2454457975389919
1288,0.056941497968781
1289,0.5272252316868001
1290,0.7238600599353471
1291,0.5643387839767903
1292,0.5068517745007122
1293,14.544183479202166
1294,2.867375966488597
1295,0.1846245256603874
1296,4.835000432762852
1297,4.84287671487995
1298,2.466477253264083
1299,1.4536506221625853
1300,1.7974790828879974
1301,1.0703533505000444
1302,0.4197553117641568
1303,0.7691651308630586
1304,0.9222476196985625
1305,2.6584931720857936
1306,0.943716611678218
1307,1.1554100630119282
1308,1.122882242427186
1309,0.8178010752200507
1310,0.5197467263372668
1311,0.9896577982563364
1312,1.1948226378110478
1313,0.20915415347143318
1314,1.2035648839864395
1315,2.019695805817706
1316,1.1945282825021495
1317,0.7442825225800813
1318,0.45566911358773204
1319,1.2062151611805105
1320,1.830211513815908
1321,0.7247809013992488
1322,0.8989220797253005
1323,0.697855918528856
1324,0.6096155156228449
1325,0.48300374428725296
1326,1.0007084214922775
1327,0.582489217832071
1328,2.3590447507927927
1329,0.6500814255429403
1330,2.0808227487166753
1331,2.6046604103433166
1332,6.566374291026639
1333,1.0428595293474414
1334,5.057135517323238
1335,5.743159053319439
1336,2.0835680845569464
1337,1.423114532790125
1338,1.0987042401337601
1339,0.603377109117397
1340,1.3499337246935081
1341,2.3867907232501726
1342,4.481518971954087
1343,1.6352551395034074
1344,1.071991703219704
1345,1.6976575703390053
1346,0.5399414034183577
1347,1.7300783325752462
1348,0.7577199728428832
1349,0.31461246515040253
1350,0.43283817607580244
1351,14.956998823015974
1352,2.2257319469516794
1353,0.11486816199299228
1354,5.334921793846736
1355,8.053643174710114
1356,1.4281429653595972
1357,1.1955048430086441
1358,1.3405611444161527
1359,0.5432957511137351
1360,0.774905084135999
1361,0.7923007136908402
1362,0.8564658361245612
1363,2.0549823597065795
1364,0.9367970939669714
1365,0.1489540032736494
1366,0.7600295213036816
1367,0.3775369581732462
1368,0.5376637497865321
1369,2.3518142982817407
1370,1.181394241496618
1371,0.4750661098179569
1372,1.3124857574945326
1373,1.467762264954778
1374,2.063037691408524
1375,0.8319295140889452
1376,0.5821431282849798
1377,0.47157759661677806
1378,1.6306551789180153
1379,0.06661413353133168
1380,1.9975008754578194
1381,0.889059589053346
1382,0.7218727380586605
1383,0.20148167620462396
1384,0.1819555255895977
1385,0.6674861353174844
1386,4.434350805347661
1387,0.20767490619804274
1388,0.5157442058457058
1389,0.4303501743018393
1390,1.2891703022186938
1391,0.8365136405649986
1392,4.865199278392733
1393,3.371777712072258
1394,4.282236537702046
1395,1.6339701479462463
1396,1.2117519726945516
1397,0.43115678991761286
1398,0.7560936312258135
1399,8.409070303507924
1400,3.0808533104371283
1401,2.653019063573106
1402,0.24198472202369958
1403,1.519898950918722
1404,0.37910962108105145
1405,4.781647186167274
1406,1.158095590455041
1407,1.3155555474913687
1408,1.06296153105453
1409,28.12724288971214
1410,2.8648400957929945
1411,0.13446557883115348
1412,3.125752766637959
1413,5.517783964396668
1414,1.7880607884318767
1415,2.0301047071095004
1416,5.742816413443074
1417,0.7909612950109566
1418,0.0560312395377491
1419,1.1062027517401412
1420,0.12768778790790133
1421,3.488851833867762
1422,1.995025011575432
1423,0.13523294056181218
1424,1.039222967337809
1425,0.33545459259297983
1426,3.3922323291631553
1427,2.263800684756807
1428,0.5696731394469985
1429,0.8018859562065557
1430,4.092011133649606
1431,1.6478569243008618
1432,2.181605168028519
1433,2.531769346226767
1434,1.7121080688255648
1435,1.4597282284167954
1436,2.1194165425823206
1437,1.6534742810075065
1438,1.3399367800370476
1439,0.6744467869382822
1440,0.9715776167846764
1441,0.6194089206605011
1442,1.872631290583501
1443,1.1082537103228383
1444,5.0737900849375315
1445,0.24639212799706184
1446,2.0762851317885764
1447,0.5639044093348003
1448,2.4825139737962143
1449,0.011920252588544835
1450,6.2872194836763695
1451,1.8069331179078796
1452,1.2175370741398759
1453,0.9260666481955839
1454,1.5401932956209736
1455,0.6301684727778651
1456,0.5972869255205344
1457,3.7057840089627025
1458,3.0409416279608905
1459,2.0547394114534216
1460,1.467561462677849
1461,1.7016436955102519
1462,0.3133863163070664
1463,0.610558276938416
1464,1.3587940604962045
1465,0.38955906533457757
1466,0.42475985453971815
1467,18.456882850460584
1468,5.020043524436616
1469,0.09784600474737562
1470,3.996673966614166
1471,2.0706705522916886
1472,2.4263298714039903
1473,1.6403530258396715
1474,2.5397658880629566
1475,1.1725348051726936
1476,0.434636781323408
1477,0.8867015840589076
1478,0.5463082539513204
1479,2.204823206013456
1480,1.5464196630888873
1481,0.22878488331347543
1482,0.8408630733031501
1483,0.0639236879472453
1484,0.5170658342227145
1485,0.8345255188309899
1486,0.46859450211340514
1487,0.7211728721144915
1488,1.6977608915429294
1489,0.769302695619225
1490,0.8286298487878943
1491,1.3776560807530926
1492,0.43111773676314136
1493,0.09756459147390562
1494,0.5136877978208315
1495,0.28335237450992884
1496,0.7061839710412354
1497,0.421460663698054
1498,0.4708032793435857
1499,0.34394624217220826
1500,2.042546508764876
1501,0.36715772880468894
1502,4.5040508601535185
1503,2.1469508163904933
1504,0.5847460544955378
1505,0.8103175572248839
1506,4.607891388550087
1507,0.1808597869208043
1508,11.647636007149785
1509,4.505777292185772
1510,2.45132525220067
1511,1.281016043697696
1512,0.7817674146335478
1513,0.4231224443826517
1514,1.0111060966964798
1515,3.256405615249109
1516,2.5834283401767957
1517,2.8600191857093353
1518,2.145778325728364
1519,0.3431498449510992
1520,2.5036091765616337
1521,0.7234062405631592
1522,1.1268652462605637
1523,0.5079060133729849
1524,1.9930215695388942
1525,18.66971778108566
1526,4.987090465569962
1527,0.17066048814090906
1528,2.116946802643162
1529,2.5041508943041255
1530,2.4126474379731233
1531,2.007273096418861
1532,0.09307848945551268
1533,0.6729473467212492
1534,2.288163421305401
1535,0.5574956550654666
1536,1.0274842664939228
1537,3.6694961017445173
1538,2.120663299245536
1539,1.070297684890976
1540,0.5836170155003547
1541,0.14772493442272414
1542,1.5733133143350297
1543,4.811183493761059
1544,1.5703183349625298
1545,2.076522367563007
1546,1.7907189526535432
1547,1.3064229794140176
1548,1.7700861415253775
1549,0.5498464624943447
1550,0.049705028448763865
1551,0.23614164784359298
1552,1.7519753122136725
1553,0.0
1554,0.6623800443464002
1555,0.03910068967440642
1556,0.8605200199823627
1557,0.6218690293727117
1558,0.8457892895350285
1559,2.039897253805229
1560,2.405241927270823
1561,1.6727202126913596
1562,2.8478988097933975
1563,0.8582477160479354
1564,1.2753435698004556
1565,1.2999564796613048
1566,4.574636310539925
1567,2.938193628896363
1568,3.072316626960907
1569,0.3952432701501702
1570,0.6300183516345332
1571,0.005515353297866078
1572,0.26080514501926627
1573,1.2089009893536422
1574,1.2556152086579002
1575,0.7921201203551631
1576,0.9679139215277023
1577,0.37565180648736857
1578,0.6110927827928109
1579,0.3622103147299446
1580,0.35881622151728043
1581,0.12924405484875298
1582,0.5097767974389247
1583,3.815599128426765
1584,1.6414246991388095
1585,0.359102344584847
1586,1.263528749563964
1587,1.012732617592448
1588,1.4086555532659202
1589,1.3775972301282264
1590,0.004530148003640877
1591,0.05418979924069194
1592,1.1198260442574595
1593,0.41688326484303484
1594,0.29362198007998125
1595,2.946702016373401
1596,0.5821068471108582
1597,0.12202421375111815
1598,0.38350229665051994
1599,0.12239159846480166
1600,0.18127907645129165
1601,1.4851925896491762
1602,0.7707685764909824
1603,0.2916014496125185
1604,1.3572660456016519
1605,1.4226301964111532
1606,2.2233918390630185
1607,0.47351406311020966
1608,0.4345362926695934
1609,0.24882515850352632
1610,0.6660176092134832
1611,0.0
1612,0.41503157118482903
1613,0.29874994183762604
1614,0.3336171898006237
1615,0.4499244877134575
1616,0.0916758510065432
1617,0.9459634569545178
1618,3.7914390848463326
1619,0.35439667280046017
1620,1.4766616269494135
1621,0.5520133382004216
1622,1.0856727731600606
1623,0.30320356144991745
1624,3.7356315536422455
1625,6.227578709805841
1626,3.1020904945855783
1627,0.37511427994913105
1628,2.395884030519509
1629,1.695364721529017
1630,0.4266492912253571
1631,4.99414439145902
1632,3.2459452037166843
1633,3.2088630323159015
1634,1.3804230963051247
1635,0.9235617871736203
1636,4.2096420142438955
1637,0.19669875109011598
1638,0.9273178605389713
1639,0.14394705372537211
1640,3.4681325460661867
1641,21.186570478036206
1642,2.1649941549834293
1643,0.06441301262510844
1644,4.67674483995361
1645,3.884116571623963
1646,5.2807800367263935
1647,2.1063491293157357
1648,1.0992910575469492
1649,0.8550619952882955
1650,1.452524694097103
1651,0.21130368554762205
1652,0.4536365534404758
1653,2.5083363462195516
1654,5.907823145800794
1655,0.3708316423892047
1656,0.22637853096641028
1657,0.06610717187886897
1658,2.2008459020188655
1659,1.2727225709812187
1660,0.6759294931615536
1661,0.4644531005302054
1662,3.281403131382842
1663,1.4972284762506889
1664,1.606721203152637
1665,1.511914096283519
1666,0.9591713305654139
1667,0.12373356807506783
1668,0.5829885301334324
1669,0.0
1670,0.4118607454446497
1671,0.2657709869460517
1672,0.496584425556138
1673,0.9818390761471689
1674,0.7738942269642621
1675,0.1823127565853259
1676,4.011586902952429
1677,2.540443083668426
1678,0.915060727395831
1679,0.8989928375553803
1680,5.043713446891268
1681,0.3579340546130731
1682,3.603983136071719
1683,3.5152636780148505
1684,1.7452904173336683
1685,0.7092340562995815
1686,0.8008095698079375
1687,1.025160669799955
1688,0.8279881421460312
1689,7.190306236169151
1690,2.105877254286661
1691,1.6085183360610602
1692,1.4631407644323782
1693,1.5936867187276333
1694,0.24676264274548496
1695,0.4108116435825179
1696,0.5410396656134568
1697,0.0986448499284881
1698,0.5208346054386772
1699,14.072447009406508
1700,2.7203712390506327
1701,0.13825339240471424
1702,3.770067354386401
1703,4.90895097955456
1704,2.2690253109729683
1705,2.56784039781279
1706,2.402673234356418
1707,0.7918859748226684
1708,1.2976278844353268
1709,0.5672996944800214
1710,0.3657402450355342
1711,1.3723771549698278
1712,2.031567217676591
1713,0.4684647841531862
1714,0.2570351835841991
1715,0.02764782767789098
1716,0.6414367066961325
1717,1.024494301822521
1718,0.5081329005645202
1719,1.7760465751385375
1720,3.401114218055339
1721,0.9451582304228848
1722,1.4685283428970044
1723,0.7810265655744687
1724,0.0
1725,0.28262589369587915
1726,0.46398290944404535
1727,2.4247859651080335
1728,0.28158897025733387
1729,0.24353121046625292
1730,0.2807150946997245
1731,0.0
1732,0.1222613891353517
1733,0.13491083225913864
1734,2.719953531349405
1735,2.185398790342373
1736,0.7301810203774196
1737,0.5672560148870358
1738,0.5982751850959193
1739,0.6429079632057529
1740,5.9544522494817045
1741,2.6267127964480417
1742,1.0273276217874858
1743,0.5167827292693034
1744,0.9448483410385244
1745,0.3856652265903082
1746,0.5637506780516579
1747,2.287098832153432
1748,2.0448794839764903
1749,0.0
1750,1.5180169003380686
1751,0.799161552875377
1752,1.059497691394118
1753,0.6503438469747682
1754,0.30608440578156665
1755,0.12297885017058985
1756,0.6580941334488881
1757,3.960395809225041
1758,2.5854403803331416
1759,0.0
1760,2.990784346626942
1761,1.0213448862298975
1762,2.091498687578081
1763,2.0090940946969003
1764,0.6189625319960427
1765,0.5667518474415343
1766,1.1061235121065354
1767,0.3858469965892981
1768,0.4784845949401738
1769,0.9200919304425463
1770,2.2833637271623526
1771,1.8729618163301507
1772,0.3758438187515711
1773,0.20846438407351817
1774,0.8151404289274602
1775,1.6339034176535516
1776,0.7093836246867942
1777,0.5807295747460325
1778,1.165720847342129
1779,1.874932283384029
1780,1.8170976264943859
1781,0.803194325892912
1782,0.7517282891168193
1783,0.3434039140016206
1784,1.2586525580530228
1785,0.0
1786,0.5077526233475878
1787,0.611354886407573
1788,0.6269918419952527
1789,0.8613477749216497
1790,0.1730646930179468
1791,2.679918354663695
1792,1.5777037742699853
1793,0.5900105715067226
1794,1.2154407573798365
1795,0.8823400048067181
1796,0.686043401682776
1797,1.8474300486241786
1798,6.672816450558578
1799,3.1772479866636423
1800,1.2107825014547213
1801,0.7707556475566213
1802,0.3112869018563745
1803,0.6284216135124049
1804,1.8909739729123647
1805,1.6762461489905194
1806,1.5693321100440858
1807,0.7232917046050581
1808,0.6587924347151222
1809,1.264270955461616
1810,0.09868472516525531
1811,0.7543010514478372
1812,0.33843421110267474
1813,0.18827633971490007
1814,0.33469544217045083
1815,9.348808126908388
1816,2.875701754660803
1817,0.0
1818,2.483157646924118
1819,1.7889308457345998
1820,0.6469055291063011
1821,2.7454480035840807
1822,0.9502415824981489
1823,0.324912419825902
1824,0.35122827782036825
1825,0.6541047829634373
1826,0.9673176908753199
1827,4.8714688777475805
1828,0.4567656067778339
1829,1.3369015505694055
1830,0.9030579061649237
1831,2.225248730297289
1832,0.2026000523717953
1833,0.4796100978883324
1834,0.0
1835,0.4417537284352821
1836,0.8351353090222383
1837,1.6452652834816894
1838,0.5461734319646621
1839,0.2112745029854033
1840,0.646263714765148
1841,0.4444729469551001
1842,0.7345604814762273
1843,0.0
1844,1.1210855723208024
1845,0.537536282570926
1846,0.7133021402882969
1847,0.11960357059991687
1848,0.05228134827517994
1849,1.3729988289860076
1850,1.3216442092431526
1851,0.09216475531844039
1852,0.9665217733371477
1853,1.3726169320127009
1854,0.8641109361242147
1855,0.8021774459704915
1856,5.228493625121563
1857,1.9071740749250585
1858,1.8869757846349273
1859,1.2496364713679218
1860,1.2998319278283117
1861,0.5166732740857066
1862,0.7109038484807954
1863,1.473557305614238
1864,1.4974984783094116
1865,1.798389340919933
1866,0.6363885216801989
1867,0.6868360657470274
1868,0.06287217560895769
1869,0.6359801884851598
1870,0.6602396770996615
1871,0.33050533088364753
1872,0.4991315529436317
1873,15.985130089152875
1874,3.100735038135683
1875,0.22538140373704427
1876,4.571588255515121
1877,4.859188217737641
1878,2.4583590135825566
1879,1.4303594407624256
1880,1.5472545346234163
1881,0.9410985100914097
1882,0.45027952424459694
1883,0.706357309184327
1884,0.749256061001412
1885,1.9453103841642956
1886,0.9319834828269136
1887,1.4960558643530577
1888,1.173396356153271
1889,0.797823996151955
1890,0.5213798678690513
1891,0.704518017885564
1892,1.0996980006786172
1893,0.22065809751369989
1894,1.5501658820288196
1895,1.7613615788205006
1896,1.444171556934635
1897,0.7146374038976823
1898,0.529709567507994
1899,1.168462019106653
1900,1.6755319310244918
1901,0.7440476275863082
1902,0.8601996619268432
1903,0.6453914393794027
1904,0.6054384719951506
1905,0.38220966748889107
1906,1.0276717219541454
1907,0.770267954211885
1908,0.6322821581870112
1909,0.31855428626906734
1910,1.4715735096776736
1911,1.5794779122352343
1912,4.914399943505038
1913,0.8038554417747188
1914,4.426423107704286
1915,5.916012987909076
1916,1.9780244097226736
1917,1.4892221730985842
1918,1.1191201231744732
1919,0.7045060649694104
1920,1.1605565328681546
1921,2.342093921894712
1922,3.6289969357776926
1923,1.5822200914920463
1924,0.6663295617818944
1925,0.912208037783681
1926,0.5131848536100524
1927,1.4679288596492168
1928,0.8748882694028813
1929,0.2413626831386695
1930,0.3066036237652587
1931,16.531819614155832
1932,2.714103891333731
1933,0.08319025686152408
1934,6.157585273008154
1935,8.334606966569929
1936,1.5595484066848935
1937,1.7020181790068676
1938,1.353466931745435
1939,0.599260870289385
1940,0.770556233367775
1941,0.7528864814803714
1942,1.201741514808157
1943,1.6427145529693283
1944,1.3238999191286573
1945,1.450303143729093
1946,0.7209704292341059
1947,0.40132235902900143
1948,0.49353701719809717
1949,2.5084567758886425
1950,0.6071181615115334
1951,0.4729858320493864
1952,1.1621948011450336
1953,1.3711746417536088
1954,2.2684134265105067
1955,0.776201027655409
1956,0.55387331925819
1957,0.38370209730142785
1958,1.5670852873693006
1959,0.0
1960,1.9471819000549984
1961,1.076344136626927
1962,0.875208466541577
1963,0.2947507821137468
1964,0.6250678455649469
1965,0.40135725680580325
1966,4.4951445766126605
1967,0.16439136767215026
1968,0.5314396952838508
1969,0.3372393125870517
1970,1.2900134249188133
1971,0.877063285782332
1972,4.592883448420789
1973,6.71653080082437
1974,3.7162220436243474
1975,1.875234489140184
1976,1.2344555433468665
1977,0.502914624900675
1978,0.662874128280907
1979,6.791156457750788
1980,3.29331737647136
1981,2.587514128133231
1982,0.34924263872562455
1983,1.83293201794646
1984,0.39338907740269075
1985,1.2324899569485028
1986,1.0332500876700914
1987,1.1511738466928727
1988,1.1165068638719549
1989,29.82195684906578
1990,4.056445633422267
1991,0.10302045407454516
1992,3.336006471477472
1993,4.916362455922504
1994,1.8231159438862496
1995,2.1634051134469017
1996,4.289978185400938
1997,0.8364595033528865
1998,0.033190323306290744
1999,0.9718593197814657
2000,0.0
2001,3.043879254044927
2002,2.0526941970028916
2003,0.0
2004,1.0360039088810817
2005,0.3367037342868725
2006,3.1365903201974596
2007,3.629314563519249
2008,0.5830623184287027
2009,0.49060998059607613
2010,5.112050912030655
2011,1.7587948644620672
2012,2.6210849597762045
2013,2.225271725644935
2014,1.8874916935480754
2015,1.484898164164438
2016,2.499329172899737
2017,1.7044214853194593
2018,1.1501991442641457
2019,0.6890919821281088
2020,0.7466011033317345
2021,0.6105129550305904
2022,0.2976971345518305
2023,1.7221054826205542
2024,5.438475859228012
2025,0.22424509993319558
2026,2.0719137011179924
2027,2.4170967987432994
2028,3.7781480902289513
2029,0.0
2030,4.711486246108492
2031,2.6287590846285256
2032,0.9562224658642171
2033,1.1818323442597205
2034,1.8721814604172127
2035,0.7305969378865649
2036,0.9935589424553856
2037,3.777292504631356
2038,3.3677493277016985
2039,1.9101190778752808
2040,2.069307286511463
2041,1.7765503420552455
2042,0.22432290302942848
2043,0.7780485352802037
2044,1.2165823337533197
2045,0.42721892923112825
2046,0.4769588097886539
2047,18.485880250213018
2048,4.958941211555489
2049,0.16852479603630927
2050,4.619436512713785
2051,2.2350056655738166
2052,2.481863993021939
2053,1.7218945936612617
2054,2.421620041387431
2055,1.131588951006275
2056,0.3511815129633078
2057,1.095879630892292
2058,0.5111813767953719
2059,2.408480346585779
2060,1.8081142581840248
2061,0.48380465682209967
2062,0.7602748794316516
2063,0.07695687814967012
2064,0.7961416523359534
2065,0.8347592551459263
2066,0.9482947342240382
2067,0.8148626810307645
2068,1.4228295803056894
2069,0.7763478347754402
2070,0.944113798874112
2071,1.3492240610400452
2072,0.4741474010763991
2073,0.13088500822834936
2074,0.8302475124941036
2075,0.3283279942928398
2076,0.6900461749919482
2077,0.454138303657639
2078,0.26576058252235707
2079,0.3816951271958185
2080,0.6080003615714019
2081,1.0427273045126786
2082,6.973585934607576
2083,3.7776330186876046
2084,2.623416461890082
2085,0.5472531907731921
2086,4.416696553776749
2087,0.26864111279629366
2088,11.215039873703763
2089,5.648983970059885
2090,2.2501147603798297
2091,1.3711128736983793
2092,0.5822051406169263
2093,0.6192826084799048
2094,1.0364991853282401
2095,2.8535623347216954
2096,2.1060735891375058
2097,2.5577158413652143
2098,1.8021861533046661
2099,0.3208321254193194
2100,2.50089192938046
2101,0.6992357354196004
2102,0.972883958994452
2103,0.6626013334213277
2104,1.9499734362771521
2105,20.20013951896784
2106,4.199804702776448
2107,0.0
2108,2.260467063783698
2109,2.172903688520804
2110,2.6908429361265185
2111,1.7752007079143175
2112,0.01674237982017897
2113,0.6628735393532353
2114,3.081743242168998
2115,0.7424631451610204
2116,1.3759142272351255
2117,2.0704344908036725
2118,2.796721497472175
2119,0.234350634067423
2120,0.4235945495090693
2121,0.2665923762716058
2122,1.4615951394227997
2123,3.975389113751072
2124,1.5425800091005495
2125,2.1574707326976683
2126,1.4689376561803522
2127,1.487872566670231
2128,1.7520851104059694
2129,0.528292986414187
2130,0.0
2131,0.2440031876729468
2132,1.9239876526622646
2133,0.0
2134,0.5259044095936374
2135,0.030120693148010757
2136,0.7981539552541509
2137,0.5366001096489694
2138,1.1704436257534552
2139,2.9297641430360226
2140,1.6508498994168308
2141,0.6578662096152856
2142,6.1669307194380245
2143,0.7843219255973073
2144,2.1675181947349533
2145,1.2930978270226485
2146,5.533242565828686
2147,2.053381217666625
2148,2.8373815177306114
2149,0.30965853896380363
2150,0.3001912631888714
2151,0.0
2152,0.24272742348376852
2153,1.116099955336808
2154,0.987200381523945
2155,0.7357119775181306
2156,1.0145882490458522
2157,0.24738402975166937
2158,0.40892643468455175
2159,0.4589924061280716
2160,0.3198292257682977
2161,0.11616326080395649
2162,0.5158080510685172
2163,3.7475341484907516
2164,1.6812147825176207
2165,0.2128225752780543
2166,1.2246992428514214
2167,1.931571738091071
2168,1.359546035246444
2169,1.1831959669711336
2170,0.0
2171,0.0
2172,1.4122033600429655
2173,0.404291343829404
2174,0.28087055485563506
2175,8.609182479235248
2176,0.49657042702626203
2177,0.532525453779179
2178,0.3167948733843565
2179,0.1031313580367325
2180,0.07877300473449436
2181,1.2102588845119266
2182,0.2598327762489552
2183,0.3736416383913324
2184,1.200223684452642
2185,1.505032188579494
2186,2.317272847542081
2187,0.3835906942701239
2188,0.3481918536021993
2189,0.19236109979754162
2190,0.6695775205870653
2191,0.0
2192,0.3816642883369955
2193,0.2176332072716496
2194,0.4106462418013038
2195,0.409482824386991
2196,0.07691607436450176
2197,0.7970123251727997
2198,2.8885640656632234
2199,0.30438126463907217
2200,1.4639537607008826
2201,0.643297912667231
2202,0.9799823273636034
2203,0.3195749317657612
2204,2.9305445524610567
2205,5.916896692456432
2206,2.350525588567394
2207,0.37504527078174427
2208,2.018743628655664
2209,1.3908791216951413
2210,0.6585350707523817
2211,6.37858523586019
2212,2.652577261251678
2213,2.8391793627327435
2214,1.0946391680270977
2215,0.6550924823068288
2216,4.049820608542396
2217,0.17584701595823463
2218,0.7559815228260797
2219,0.08565493471453736
2220,3.2922244440656496
2221,20.22823744165318
2222,1.8910058744467817
2223,0.0
2224,6.027981252131211
2225,5.072960801231605
2226,5.185479121926886
2227,2.5101118124818407
2228,0.947043631999971
2229,0.9093172085096105
2230,1.6899295843179631
2231,0.19975382156327484
2232,0.4152037097109648
2233,2.821455059975347
2234,5.912912046186033
2235,0.3206107726608316
2236,0.24370194863522066
2237,0.04980057561947934
2238,1.6443373946437103
2239,0.9774877842533627
2240,0.3634485344450698
2241,0.5950624934173832
2242,3.2419667746689234
2243,1.8405241973583952
2244,1.8148146687856594
2245,1.5795783075384706
2246,1.0294232986287501
2247,0.10926671557797037
2248,0.5557121543381903
2249,0.0
2250,0.45857405951005475
2251,0.24169954092702287
2252,0.6691986218697289
2253,0.9296027162472077
2254,0.6534787569786654
2255,0.1654554329584838
2256,4.745273295880455
2257,2.287322565840724
2258,0.1494565735019318
2259,0.4314499938557367
2260,4.3687362460630155
2261,0.4552516009065001
2262,4.0538518404917
2263,2.623771785608665
2264,1.54455710165454
2265,0.7419032339912596
2266,0.8131789014114689
2267,0.8864107696615104
2268,0.8123977123999004
2269,6.865889693990369
2270,2.140018949573444
2271,1.401771606167398
2272,1.31799507433726
2273,1.8372822260365744
2274,0.14698392535951293
2275,0.2889641546065055
2276,0.42897648348931855
2277,0.08033883057942691
2278,0.9140647492544643
2279,14.802828473735385
2280,2.1760569018547247
2281,0.03748139563161895
2282,3.2361329827469794
2283,4.487841459300328
2284,2.137278213888123
2285,2.610613008187287
2286,2.2280572531476284
2287,0.7112995303051716
2288,1.3641568148852208
2289,0.785686432796271
2290,0.20694999350262255
2291,1.5008783143703115
2292,2.1647281468817248
2293,0.7927750392493058
2294,0.2684089695089544
2295,0.009831190679871905
2296,0.5614501508101872
2297,1.1711119021859642
2298,0.2564841513830406
2299,1.7312869440530345
2300,3.5659789767639682
2301,0.8321283441866899
2302,1.407855697116332
2303,0.7689524628455924
2304,0.0
2305,0.26310340038291374
2306,0.5378867564267915
2307,2.4561399539961672
2308,0.2681195315732833
2309,0.23432822830192523
2310,0.5087529700813345
2311,0.0
2312,0.11041527702363277
2313,0.13452126417224322
2314,5.015219702485586
2315,2.688008997935023
2316,0.7094608020280089
2317,0.2260522418157049
2318,0.5598784824068835
2319,0.847677631423832
2320,7.315243853185848
2321,2.6365002157256523
2322,1.4679295258570826
2323,0.5419188653589541
2324,0.5424607315701636
2325,0.341778267881667
2326,0.5369446437153003
2327,2.154414009701371
2328,2.2232888649696494
2329,0.0
2330,1.7040360256495455
2331,0.9258115980571191
2332,1.2057224529168569
2333,0.5906882361481947
2334,0.2909370656791387
2335,0.09558621718431161
2336,0.7631208533618168
2337,4.67967193008976
2338,2.328589320208922
2339,0.0
2340,3.1746981177828864
2341,2.4998334284410966
2342,2.3525265101732655
2343,2.1301253170047243
2344,1.0721460769201343
2345,0.5544668049530779
2346,1.1028631236342727
2347,0.39880107340152093
2348,0.8757914509641886
2349,1.4121086443281867
2350,2.3981512560993163
2351,1.9997967697319468
2352,0.37632687923237845
2353,0.25495177165141036
2354,0.6048400116616055
2355,1.8951802281225416
2356,0.8510827210886541
2357,0.7479006947730216
2358,1.513997724383243
2359,2.1273349377053274
2360,1.7974583492025895
2361,0.7652039600650629
2362,0.7064779838849599
2363,0.4335531309495117
2364,1.3624727851236382
2365,0.0
2366,0.4516950421792086
2367,0.6541439370252514
2368,0.6452725586001846
2369,1.0262308770556656
2370,0.2733984823014668
2371,0.9782249356619899
2372,2.8090108914217793
2373,1.236383463680764
2374,3.1800870843641578
2375,0.6031685744553308
2376,1.1158231404765087
2377,1.1971514058501957
2378,9.402565482981018
2379,3.557971668253076
2380,1.275276120610168
2381,0.6584649528738289
2382,0.3211653410342055
2383,0.6841881649507456
2384,1.7098496824687732
2385,2.1408121678717356
2386,2.2890139568522945
2387,0.8804764350084386
2388,0.7867606964526002
2389,1.4528194262511367
2390,0.13965463926527358
2391,0.8976570713115803
2392,0.2283293541697027
2393,0.15028964723188337
2394,0.3450378161137872
2395,11.33875177772994
2396,2.7464032440611414
2397,0.0
2398,2.8861125846357862
2399,1.9120578696077555
2400,0.8437753536110764
2401,2.8026335324960834
2402,1.0344155024412869
2403,0.3726286703033096
2404,0.34269429269161944
2405,0.5367262619257722
2406,0.6884985185952821
2407,4.816422807082521
2408,0.7252665058788715
2409,0.9517842725512609
2410,1.0655351465913248
2411,1.8843246075104796
2412,0.24520327669786515
2413,0.376567307513748
2414,0.0
2415,0.5903935339456583
2416,1.2291409755887202
2417,1.7293681898417743
2418,0.486280400070419
2419,0.38215541091073896
2420,0.5767105859711668
2421,0.557754512362094
2422,0.7532708494172069
2423,0.0
2424,1.1868907010625347
2425,0.528165246483811
2426,0.6669407151256708
2427,0.12246103507308737
2428,0.04986759181550908
2429,0.47582119773105797
2430,1.3926327927568969
2431,0.1544128380556823
2432,2.509905054897935
2433,0.9397825971851362
2434,0.996592117730619
2435,0.6802786287275485
2436,8.155556335829543
2437,2.303572184498353
2438,1.9035093658550672
2439,0.984687556034075
2440,1.5642755297130446
2441,0.7877056340277083
2442,0.5972014345727797
2443,1.7045344597465628
2444,1.93041521586754
2445,2.4462567788587193
2446,0.8195573057152032
2447,1.5216095073166265
2448,0.10828023796789123
2449,0.5913431603001879
2450,0.5969568474654552
2451,0.6033599870752756
2452,0.455665160960965
2453,18.74878256192495
2454,3.6502067785772896
2455,0.2816090723408761
2456,6.230119163812809
2457,4.757598953030042
2458,2.627398905359464
2459,1.762640257995862
2460,3.0876919425195117
2461,1.3180117739066795
2462,0.5049934553492645
2463,0.9125435816598236
2464,0.930851650417473
2465,2.1968015598896464
2466,1.2092058559874694
2467,0.6604226507771382
2468,1.3821482542932522
2469,1.5252408298996019
2470,0.7635986975735787
2471,1.1045640392971392
2472,1.239306323373096
2473,0.21529208692731958
2474,1.7361674349988092
2475,2.1489296895394716
2476,1.6666780347992691
2477,0.872413003201212
2478,0.4880089468492907
2479,1.4137375013080273
2480,1.7896227636570896
2481,0.828112341026369
2482,1.3231459033233608
2483,0.8854511441379412
2484,0.6925351929743171
2485,0.3258532673103593
2486,2.759041027048246
2487,2.9657675588824444
2488,0.7271340699278356
2489,0.9579450318519941
2490,4.201162815359261
2491,2.5948603776325037
2492,4.688001897192742
2493,1.2315799765597766
2494,8.833055637722502
2495,6.837215018890824
2496,3.902187398501792
2497,1.7520537453992142
2498,1.4226872042544334
2499,0.7848908961020731
2500,1.2664682362262951
2501,2.2887942280781512
2502,4.7780677884336304
2503,1.6731156110556147
2504,0.9032372129285198
2505,1.4411754394122176
2506,0.4659672274992189
2507,2.0343312473895137
2508,1.0440783247487235
2509,1.0291233362383998
2510,0.4160861845194954
2511,19.759223681236435
2512,2.7487524047296263
2513,0.11577394833143237
2514,6.512899700197447
2515,9.343440884630045
2516,2.192624821534458
2517,1.9674406213106628
2518,1.815683155727271
2519,0.7238428084455942
2520,0.9280151564411889
2521,0.7644834178068135
2522,1.2800814031559906
2523,2.8368652463976347
2524,1.7320019368098305
2525,0.06144336592232285
2526,0.67698569295032
2527,0.8532963312924626
2528,0.6254882663766822
2529,4.959411152057802
2530,0.5576582055248241
2531,0.4697382629527254
2532,1.7187142038417798
2533,1.922940166749572
2534,2.666892209178964
2535,0.9048368892307312
2536,1.039902474082197
2537,0.5620105579977985
2538,1.9803358219755351
2539,0.0
2540,1.8639847353252317
2541,1.4057638312604597
2542,0.8358109642445272
2543,0.33591613013899535
2544,0.24700053680353912
2545,0.6845242539021071
2546,2.6492073263005382
2547,0.16474406888234305
2548,0.3731409459444784
2549,0.6507085432907942
2550,1.2853008089788545
2551,0.7757665493858888
2552,4.695299138989293
2553,6.976843928797863
2554,4.325288907584465
2555,1.7324044808165562
2556,1.6032797424161298
2557,0.6914396953325569
2558,0.5459419535526805
2559,7.813958120118643
2560,3.6383684817990987
2561,2.6818186806292403
2562,0.4685936428580022
2563,1.8736616659719347
2564,0.38056201213353347
2565,0.6793675563174186
2566,1.1159191357708322
2567,0.9794379529373308
2568,1.4953999974456118
2569,29.81844111999008
2570,3.9172249152979157
2571,0.1499367381661158
2572,4.52905376209467
2573,4.5589973602028735
2574,2.4693105213746818
2575,1.9229096332625517
2576,3.623622108812428
2577,0.8516203175259328
2578,0.01237224098858779
2579,1.4681786514179744
2580,0.09978643975148814
2581,2.935457654735576
2582,3.0514600289607894
2583,0.0
2584,1.096491933355435
2585,0.26298731553880567
2586,2.8719515407191882
2587,2.639065929542247
2588,0.03158190642449212
2589,0.7145053689025069
2590,5.066071577466386
2591,2.4149588441779315
2592,2.3421468117852267
2593,2.304222540322709
2594,2.2348838101113113
2595,1.4689298343821804
2596,2.5232804376487215
2597,2.861317850145169
2598,1.273116851177661
2599,0.7641560188803167
2600,0.8869447352656855
2601,0.5990739251489829
2602,0.9754088334601668
2603,1.8326410126513564
2604,7.543331010368707
2605,0.23555205875814625
2606,1.2474998474302237
2607,0.9203099490729594
2608,7.738586023940972
2609,0.0
2610,13.091945520027014
2611,3.579002487435465
2612,1.4071475170832581
2613,1.2688452157839378
2614,2.456388077223317
2615,0.8716745576396256
2616,0.6209564764605545
2617,3.512975889968088
2618,3.0626591311950015
2619,2.3157045587514724
2620,2.2493938789675507
2621,1.6275130801935924
2622,0.4544698730260315
2623,0.8897971199367983
2624,2.1206918996230617
2625,0.8149954092582752
2626,0.4414454414378966
2627,26.245051695347996
2628,6.186686886906885
2629,0.18235293095570485
2630,5.92195222603826
2631,3.1536571087313785
2632,2.731267861208722
2633,1.9491624926395301
2634,2.5236287769991543
2635,1.1687136769612188
2636,0.4371235115555993
2637,1.2281547850417678
2638,0.695660689515817
2639,3.418035096387825
2640,2.544672514982403
2641,0.4516599120386281
2642,1.2777653563412634
2643,0.3518803597903579
2644,0.7900124748043867
2645,0.9307984740744525
2646,0.9853498687351597
2647,1.1494993017370694
2648,1.9569061380843031
2649,1.3048738654904364
2650,1.5465330163636808
2651,1.5593664870736144
2652,0.8551141252810784
2653,0.17871645953479448
2654,0.9287200217804474
2655,0.46640824695207117
2656,1.247092192033246
2657,0.5184738854397931
2658,0.36792724048121667
2659,0.6399170287170655
2660,0.9732802662588161
2661,0.3739575243787108
2662,6.958314380150082
2663,1.7530504224894388
2664,0.5894357921894403
2665,0.9540988002864037
2666,5.615135323146853
2667,0.17596936952101838
2668,14.255151637553174
2669,6.649038932259729
2670,2.3260134237737033
2671,1.429870749909769
2672,0.5932964877366907
2673,0.6507492357118442
2674,1.2242534359157258
2675,2.624293954514387
2676,2.1293673868532133
2677,3.0433539632356164
2678,1.838956320975031
2679,0.21669670213770753
2680,2.151462747577108
2681,0.7334731533885788
2682,0.7600459161496258
2683,0.4251776070690309
2684,3.3999456073327368
2685,23.284590378030153
2686,4.688740948979391
2687,0.024835312790018722
2688,2.6610883252486546
2689,2.4424179216851116
2690,2.715515257337059
2691,1.7209742538780168
2692,0.0
2693,0.7041308142818058
2694,3.1165088403683785
2695,0.7661132774321853
2696,0.9593048338455604
2697,1.3170243050314125
2698,2.802346186908836
2699,0.3995867720749706
2700,0.43933522736990765
2701,0.18919081746375957
2702,1.1821571503076305
2703,4.086005168470703
2704,1.3414621940973115
2705,2.0398560724379937
2706,2.164107262172092
2707,2.0464278842766834
2708,2.006046245308881
2709,0.5438573119803706
2710,0.0
2711,0.22544755371638592
2712,2.3641779715697706
2713,0.0
2714,0.5870949665181528
2715,0.044266479860200846
2716,0.820816347515987
2717,0.5221952422313676
2718,0.8427261402407853
2719,3.4901593633498935
2720,2.477561618807483
2721,0.7872731555644331
2722,1.5754504301247716
2723,1.0521332353817063
2724,2.4094349372733666
2725,1.3503771602203507
2726,6.08593132152375
2727,3.5366545301578682
2728,2.7850097678723027
2729,0.41617197412288337
2730,0.4176480739033889
2731,0.0
2732,0.28672966466840716
2733,0.9912562420583423
2734,1.4468697339954957
2735,0.6847324365131797
2736,1.1575920402675373
2737,0.4215552094272294
2738,0.5414723566250502
2739,0.4018327020725661
2740,0.3492134791089089
2741,0.09937806989117474
2742,0.4452783607043488
2743,4.134608770074067
2744,1.7652630203026454
2745,0.27530447648244294
2746,1.3530362472180877
2747,1.406177781077375
2748,1.7096766015667766
2749,1.0384963385973869
2750,0.0
2751,0.07222453537544848
2752,1.2324899008382777
2753,0.5732669220600972
2754,0.2591824393272083
2755,4.856822440471175
2756,0.8856070223686348
2757,0.14921123694470967
2758,0.35679180632386837
2759,0.2574682298177809
2760,0.0
2761,1.0651595444279016
2762,0.10002087741992562
2763,0.31714427870762607
2764,2.16629306669247
2765,1.6021071439512637
2766,2.4291459365760764
2767,0.5118340732507953
2768,0.6322814922452323
2769,0.22622868711530966
2770,0.7153606326011721
2771,0.0
2772,0.48515236363093805
2773,0.3228410468720254
2774,0.4463379877968488
2775,0.5943508410831182
2776,0.3185617643102583
2777,2.5696423654692655
2778,4.771747783401479
2779,0.3348893804109928
2780,0.36653141888284685
2781,0.4528821701362495
2782,1.0742194609762459
2783,0.1739570035822421
2784,3.698911722421391
2785,6.775784885238661
2786,2.04534715268218
2787,0.37042929905846717
2788,1.8147381782907763
2789,1.7584571884901947
2790,0.7032863228233546
2791,5.9801065664763575
2792,2.0984138481054595
2793,2.2511068050118297
2794,0.9329733834851226
2795,0.7727474630171703
2796,3.2580080738528716
2797,0.27675001884371153
2798,0.6238913792655776
2799,0.08953628209250082
2800,2.307994279869831
2801,20.625180619835692
2802,1.9858532604573942
2803,0.0
2804,5.749301171442025
2805,2.249816298224615
2806,5.786600219091422
2807,2.320260890220073
2808,1.3903126625708924
2809,0.8611499796368478
2810,1.0345450064985449
2811,0.21264849573306188
2812,0.5200424926348032
2813,2.3815616026162703
2814,5.536434685666117
2815,0.2591208526981114
2816,0.3717543042604009
2817,0.10911729411033502
2818,1.6312958129354518
2819,0.9689865896170774
2820,0.07407679510270512
2821,0.3787811125425041
2822,3.8054776426826287
2823,2.0207461411683036
2824,1.950939698552745
2825,1.7842481290532768
2826,1.0769989797653927
2827,0.1437504543861367
2828,0.6658306721582936
2829,0.0
2830,0.4605059277308503
2831,0.3091094905420738
2832,0.6786808497055081
2833,1.341058594247716
2834,0.0693321307726086
2835,0.09447964865379631
2836,2.6361291103535076
2837,3.5232529627528355
2838,0.2677409359699729
2839,0.46649333174814994
2840,6.0603492764207045
2841,0.36479529877329453
2842,4.943407261096291
2843,3.148719226668515
2844,1.7085600844897957
2845,0.7661803162872158
2846,1.216894433691049
2847,1.059844136394992
2848,1.057587160622325
2849,6.699405743781207
2850,2.0594023425326116
2851,1.2796885281050685
2852,1.505781822642629
2853,1.3873863337884813
2854,0.22735271892529
2855,0.3858234324293174
2856,0.5409324540168706
2857,0.13817912322785103
2858,0.5452416865963035
2859,19.876341330102058
2860,2.0840096560069754
2861,0.07591895766127979
2862,3.2604738041275523
2863,4.051784586657906
2864,2.4167509229312976
2865,2.323476460402339
2866,2.0030738014154807
2867,0.7287544164772056
2868,1.1420479144899862
2869,0.8183739724518665
2870,0.3914073944175162
2871,2.4380533292784623
2872,2.544393033210069
2873,0.9479126064532145
2874,0.25349381174556396
2875,0.03597465264190311
2876,0.7599631432923243
2877,0.9515109490029279
2878,0.5061458385028639
2879,1.6912426543058647
2880,5.705796207800061
2881,1.5724978180895928
2882,1.9792098315651345
2883,1.255265403816627
2884,0.0
2885,0.3202961335163042
2886,0.6835378714419166
2887,1.963222835158927
2888,0.5918170048831766
2889,0.24556272940698878
2890,0.3314455194377368
2891,0.0
2892,0.11230048307223987
2893,0.07086598369038838
2894,4.140254217203596
2895,2.180589763991611
2896,0.663364452003339
2897,0.6360893844227024
2898,0.9346342715175403
2899,1.2933493470411008
2900,8.243398020942557
2901,3.382144610864082
2902,1.557415888281807
2903,0.9691843617246191
2904,0.649171464320694
2905,0.5217190419326139
2906,0.6220969567437699
2907,1.9774328759122684
2908,2.322616875592408
2909,0.0
2910,1.6608122823974167
2911,1.2562247450998663
2912,1.8759475742485945
2913,0.7937106453627705
2914,0.6010242624811205
2915,0.27918879540022523
2916,1.0310478310506328
2917,4.141548586652502
2918,3.661661233972533
2919,0.044261041228143505
2920,4.967541522560422
2921,1.7987323386348342
2922,2.3118152582661247
2923,2.103922931979138
2924,1.2319052674452238
2925,0.5762507887662006
2926,1.7015957745920842
2927,0.5342628983043486
2928,0.5995521083737605
2929,0.9241927071914775
2930,2.206342355005466
2931,2.7256672757318654
2932,0.6017930679066856
2933,0.7600403777994401
2934,0.9831241319111984
2935,1.3339686703849103
2936,1.1548500147114058
2937,1.0981626694772164
2938,2.029252459773723
2939,2.5112668048040865
2940,2.2759450103354726
2941,1.3154793693715392
2942,0.8905393148756088
2943,0.770269058539579
2944,1.8793430968080997
2945,0.09211212650108608
2946,0.8713914930502992
2947,0.950582051566287
2948,0.9110416715905948
2949,1.019125632697652
2950,0.18206150221955142
2951,2.2064027961777777
2952,1.383757725482745
2953,0.7905425831662733
2954,2.1339673531423013
2955,0.9784687810135653
2956,2.605005026969563
2957,2.8515242030268872
2958,9.13656347812348
2959,3.4403827591269858
2960,1.820472488646338
2961,0.5456098698461845
2962,0.25492627275807367
2963,0.9087616682899265
2964,1.1803269411516504
2965,2.2177588081920208
2966,2.4056841874517825
2967,0.9127565661716465
2968,1.8481157492629174
2969,2.08070660058625
2970,0.1850482396848187
2971,1.1264003915619807
2972,0.6563601286109086
2973,0.4371683212126096
2974,0.35115226051460874
2975,11.971813046837216
2976,3.8634457815372287
2977,0.0
2978,4.657896376921575
2979,2.7203869548248925
2980,0.6838143600432268
2981,2.7377774823708543
2982,1.3915842513498033
2983,0.4482154657608496
2984,0.3692990285198308
2985,1.1438417852109757
2986,1.0497279095589693
2987,4.749973103158089
2988,0.772243767470136
2989,1.21237882150368
2990,1.363247985477501
2991,1.5364082811164124
2992,0.30899432505667174
2993,0.3586919145908191
2994,0.0
2995,0.5118223013688439
2996,1.793877163545994
2997,1.8659273301208992
2998,0.7886873084326602
2999,0.3104876528607689
3000,0.8758043739028065
3001,0.4165034137238958
3002,0.9744747552612916
3003,0.0
3004,1.5140105633377883
3005,0.5693640514169276
3006,0.7243452433532872
3007,0.14160764515973853
3008,0.040055844029607
3009,0.5253161849648255
3010,4.027089678968849
3011,0.15759890138646795
3012,1.5671782656108981
3013,0.9571782826443246
3014,1.040908007859884
3015,0.3124138750591608
3016,10.057314270616109
3017,2.490618615819905
3018,2.2743747327766233
3019,2.523811680200209
3020,1.6719766029824379
3021,1.28488345132615
3022,0.9981598223979183
3023,2.234992239732179
3024,1.8475183289425792
3025,1.943097945347505
3026,1.5278137625440174
3027,1.958661683742476
3028,0.4046386717385307
3029,0.6125299031883457
3030,0.9674541639203164
3031,1.0915913184560544
3032,0.5949017573205346
3033,20.123804100262028
3034,3.8548184158509526
3035,0.15902013587280125
3036,6.908800806917614
3037,5.928853823630368
3038,3.002046051581769
3039,2.4811625190954993
3040,3.4298642117926272
3041,1.6797608452851227
3042,0.8454371596931183
3043,1.9090996115784908
3044,1.1847304439139368
3045,3.0311596381594903
3046,1.4390990074330858
3047,2.479108738117614
3048,2.137591853240101
3049,1.381892856349681
3050,1.5338855623636323
3051,1.339894871066883
3052,1.534780946491274
3053,0.4002369635225585
3054,3.335300203353748
3055,3.320653223769749
3056,2.03933350101434
3057,1.1895921543676924
3058,0.6977190804429257
3059,1.7894026055308287
3060,2.422013001516753
3061,1.181526891438674
3062,1.5142863462285747
3063,1.639013558594578
3064,0.7961902529244983
3065,0.2461434702531269
3066,1.0559283673454676
3067,2.161371824251906
3068,0.7427873891050985
3069,0.5611912119139566
3070,3.1607743443128413
3071,1.7139846188299228
3072,6.26712770470879
3073,1.8318641653540608
3074,9.074412090166271
3075,6.937166858967336
3076,4.516881646219688
3077,1.8099336622471576
3078,1.7043641123642355
3079,1.3488547431833575
3080,1.6898432529889944
3081,2.480384877927708
3082,6.222661888762669
3083,1.8554904865793147
3084,1.0745408650412382
3085,2.0299117947909795
3086,0.5127558026368613
3087,2.353831660642905
3088,1.8859286535738842
3089,0.4762719529335076
3090,0.5136082342809641
3091,20.005038504432093
3092,3.3462706806103673
3093,0.024363578097470955
3094,7.899968092039006
3095,11.314827450801076
3096,2.6553948177019486
3097,2.230643579491603
3098,2.2318220849021553
3099,0.8381268226119074
3100,1.569272189175002
3101,1.336797961361028
3102,2.3692059895943487
3103,3.967199587851292
3104,2.238133593106826
3105,1.90301899985812
3106,0.7830789414501921
3107,1.1441435087425182
3108,1.1947843717833875
3109,2.5530030122780296
3110,1.3376315418871463
3111,0.4945577423020947
3112,2.4054636689745137
3113,2.416171377798469
3114,2.8517711815674214
3115,2.099148488385631
3116,1.757753763506497
3117,0.6344689583896135
3118,2.8463138538529633
3119,0.3203387318630876
3120,2.7346766801228646
3121,2.2277936504516003
3122,1.0483060004723235
3123,0.44285853095294875
3124,1.5305807842197494
3125,0.32481735725148386
3126,2.5237501240332803
3127,1.2026487445028387
3128,0.8105874823065341
3129,0.7050598566788079
3130,2.6668020247637587
3131,2.418851747607759
3132,6.119919422157433
3133,7.699776142023158
3134,6.34066271167508
3135,2.1065965500853547
3136,1.4396030466944625
3137,0.9457862586798885
3138,0.9281239006379841
3139,9.807540683560786
3140,4.944981838723719
3141,3.0261512963728965
3142,0.5109538788782272
3143,3.195698398559587
3144,0.6090545809350507
3145,1.196959451991692
3146,1.295142275119479
3147,1.9523293557292591
3148,1.4520310123271258
3149,32.50275112345892
3150,4.330275017583814
3151,0.10892843265066227
3152,5.859593423646742
3153,5.586092203686797
3154,2.8424327189809815
3155,2.426179460407889
3156,4.009544901845918
3157,0.9004176714186738
3158,0.20258438574198545
3159,1.757353246453652
3160,0.3345857408002134
3161,3.1295223550409355
3162,3.1313075487991844
3163,0.0
3164,1.2206916321213976
3165,0.8571841440332092
3166,3.101266234622645
3167,2.093011262687551
3168,0.0
3169,0.8265630269339999
3170,6.172813376742617
3171,5.505927657125602
3172,3.8172260315856166
3173,3.252231639581549
3174,2.448482258555974
3175,1.7080091488285503
3176,2.9845415656937435
3177,3.7156373514961953
3178,2.0708136142860587
3179,1.2642160673494989
3180,1.2751080473870016
3181,0.8507931368685825
3182,0.4043877413401438
3183,1.6324966221984851
3184,5.065283953132578
3185,0.24230590963456886
3186,4.2238063517044
3187,0.8495121758010554
3188,5.16628546095029
3189,0.0
3190,13.750310201844904
3191,3.171558976044578
3192,1.4315300079735374
3193,1.0235293458072576
3194,2.739692267313422
3195,1.1516479083871234
3196,0.9150847334124564
3197,5.331828762852682
3198,3.241510274080721
3199,2.145858690419365
3200,2.391309432220781
3201,2.484146544817641
3202,0.6461373852747321
3203,1.1100816259207387
3204,2.198414497882624
3205,1.1671064381906227
3206,0.5454579872433406
3207,25.017500400827892
3208,7.028114192760539
3209,0.33302091257271416
3210,7.295553680396811
3211,3.7403005186747706
3212,3.7834768306841156
3213,2.3805291590625433
3214,2.985485903567814
3215,1.4046053666766436
3216,1.0932464657537313
3217,1.7690376322495913
3218,0.9722920569937267
3219,3.8158325468334433
3220,2.05269668493118
3221,0.8426496944136426
3222,1.160477134692605
3223,0.1713557391479862
3224,1.1714400879170244
3225,0.6583033520221849
3226,0.44805317929404453
3227,1.0266641774922793
3228,2.5133973292535794
3229,1.7589098455751278
3230,1.9052776999547674
3231,2.2765032920266495
3232,0.8718035659164982
3233,0.16439216995111258
3234,1.1204972104702866
3235,0.4553501862585625
3236,1.581263808040285
3237,0.8095406943336653
3238,0.34033553018164736
3239,0.5815061991365861
3240,1.011620713776267
3241,1.153434289606619
3242,6.375196043364297
3243,5.41653514288512
3244,0.2989364538539155
3245,0.9777459825811433
3246,6.995738167021573
3247,0.31101745747468085
3248,13.782444830762785
3249,7.939801464538773
3250,2.090183340223337
3251,1.739943530021543
3252,0.781021912256817
3253,0.5792171845233748
3254,1.1541565988002702
3255,2.9693149079836823
3256,2.0538293411522472
3257,2.6140705664335684
3258,2.508110327478466
3259,0.5281440593949043
3260,3.722616328646845
3261,0.98589336743486
3262,1.214616216478878
3263,1.1259209231574114
3264,3.3529851193251834
3265,23.619063403700284
3266,5.310287282749403
3267,0.05879782392323189
3268,3.847441964076133
3269,1.2740170128294994
3270,4.440249860178956
3271,2.8133234937245875
3272,0.14462379123134766
3273,0.6994114290185833
3274,3.489289836144542
3275,0.7511223605034653
3276,1.4886843459224386
3277,1.7963089076319338
3278,3.4704184726403797
3279,0.7374784416332172
3280,1.101651892341893
3281,0.798760262129363
3282,1.5325814597975016
3283,3.3630041758322906
3284,1.7395068712456008
3285,2.0511868077854545
3286,2.4436258044073673
3287,2.414671117953393
3288,2.583427080481417
3289,1.0720558277460452
3290,0.20799531722683492
3291,0.7881034983727799
3292,2.3843590719468546
3293,0.13634414523745947
3294,1.0310830483964475
3295,0.19488489914284657
3296,1.1296107204262777
3297,0.7309834733894098
3298,3.74767529271705
3299,2.70567844651893
3300,2.0639914114614903
3301,1.6768712937128425
3302,2.3350057233881154
3303,1.2631791160609571
3304,2.8064719962937685
3305,1.7575960110641407
3306,5.65448274564049
3307,2.997440067364823
3308,2.8198259944883657
3309,0.393596179854049
3310,0.5626412217400492
3311,0.17726602166301528
3312,0.5310219938268751
3313,1.3267488308941917
3314,1.5488778406502715
3315,1.1083151693220286
3316,1.439796813680538
3317,0.4794242647251445
3318,0.9999330099438377
3319,0.6203659289783637
3320,0.4669483932373232
3321,0.21038897321059108
3322,1.1603057203677176
3323,4.455766694040992
3324,1.7911018850009852
3325,0.14331432146769335
3326,2.081409660193823
3327,0.9610881719874875
3328,1.6180843304893775
3329,1.474009445379459
3330,0.0007853033203806573
3331,0.2015796486671245
3332,1.5024974051895215
3333,0.4367287096600644
3334,0.4405476427812441
3335,4.710659995888894
3336,1.153390766866477
3337,1.427858126543346
3338,0.483725113964759
3339,0.148768608466659
3340,0.15956569026679482
3341,1.2728265826817726
3342,0.28519388296134207
3343,0.3472856223156931
3344,2.924599817854402
3345,1.538414825229761
3346,3.069225637349256
3347,0.7551489909023822
3348,0.5621285576629704
3349,0.5812760027568737
3350,0.9226401564302511
3351,0.03474167322096944
3352,0.8818966656356707
3353,0.4416010965291464
3354,0.772499582000154
3355,0.7425200633865076
3356,0.12755076339779708
3357,0.8693960602810112
3358,3.216566177315511
3359,0.3342939728841673
3360,1.820942255645225
3361,0.7630915608572971
3362,1.2322294319503055
3363,0.281096075640229
3364,3.763370089423634
3365,6.988934766847373
3366,3.1817441537978333
3367,0.7940757828904145
3368,2.523339294730893
3369,1.9152946123319765
3370,0.939489119225361
3371,6.00568965613077
3372,3.113443233197838
3373,2.651679062774552
3374,1.517602579701894
3375,1.0492288696042398
3376,4.320368337027041
3377,0.31985460267395405
3378,1.4825405956373467
3379,0.16649962050829006
3380,3.466309004383758
3381,23.553903064171667
3382,1.958733414192437
3383,0.0
3384,7.469052396758152
3385,3.8985142112611033
3386,6.844564835769526
3387,2.6930035891159907
3388,1.3405676287083883
3389,0.8506601023702144
3390,1.5134861997036717
3391,0.2841254701038002
3392,0.3959428671256267
3393,1.684688702798657
3394,5.961058316893744
3395,0.5569981477786986
3396,0.41079404258460994
3397,0.07944530384875448
3398,0.7597845397089723
3399,0.7728702857487197
3400,0.8216548962392489
3401,0.412750753396393
3402,4.179351104198419
3403,1.8968988889474874
3404,1.8791629923671027
3405,2.2660558429123188
3406,1.2074783263376123
3407,0.1428448129137942
3408,0.988162936165168
3409,0.0055536579941468
3410,0.6544464010784851
3411,0.5309182005279903
3412,0.7731558086614341
3413,0.939013604152963
3414,0.061555665693928924
3415,0.26878096109739424
3416,3.8517194923211866
3417,3.2700853497607607
3418,0.5187176953797588
3419,0.4658160077452294
3420,5.927301035147176
3421,0.18468888462031302
3422,6.560274707490609
3423,3.593108948777651
3424,2.332068282637339
3425,0.9322002960184916
3426,1.1179445276817837
3427,1.4751265158445235
3428,1.0746417865167726
3429,8.142517380739575
3430,2.3204212404410494
3431,1.3222119852778838
3432,1.830106113936643
3433,1.7788222455558704
3434,0.3189523991809018
3435,0.4600050502043323
3436,0.7515472389062732
3437,0.12226588230994274
3438,1.327353044261814
3439,21.12972407265129
3440,2.6674921436502093
3441,0.0036427670851870504
3442,5.422993703528091
3443,5.170400404254192
3444,2.5240195340971363
3445,2.842923126645828
3446,2.7058110161974276
3447,0.9788699977123102
3448,1.4066318713417663
3449,0.7495182642102263
3450,0.46997536004480855
3451,2.1780180163488416
3452,2.5555975087567244
3453,0.48777202344024423
3454,0.327106117726159
3455,0.05214076624263972
3456,1.1166750775688898
3457,1.097336597851469
3458,0.9603110056648708
3459,1.8615593487402768
3460,4.771832600347168
3461,1.755975837394219
3462,2.426255154274532
3463,1.5153230975537513
3464,0.04824195424569149
3465,0.3462975460416097
3466,0.7170418139149123
3467,2.6132369108011733
3468,0.4202540470200701
3469,0.3150686138350717
3470,0.5677943530694641
3471,0.0
3472,0.154253905725364
3473,0.17066098274056787
3474,4.316031816287273
3475,3.663707565404269
3476,0.7211412930475283
3477,0.4356883334149132
3478,2.129281607750213
3479,0.5384716853633598
3480,7.378375990709405
3481,2.698306012034952
3482,1.3875406237531798
3483,0.7833720291867124
3484,1.0431303319577883
3485,0.5841282247951796
3486,0.7240755488893137
3487,2.7089397943488205
3488,2.264057845056829
3489,0.0
3490,1.8968490529166246
3491,1.5613232134312423
3492,2.1331649121313148
3493,0.9002238984483933
3494,0.6088617777507703
3495,0.28185353276241865
3496,0.36950488057932546
3497,4.121063784063301
3498,3.072561986351387
3499,0.06829992652029745
3500,3.517061469824084
3501,1.6193487908174558
3502,2.193808425591302
3503,2.184715068528812
3504,1.241658581448207
3505,0.9246128044601009
3506,1.5124208106425365
3507,0.7804520746327375
3508,0.8278921713962304
3509,1.0509658354530744
3510,2.1714561788958884
3511,3.131024250887473
3512,0.5760312965195047
3513,0.24490825066751637
3514,0.8789675354460993
3515,1.323224253603019
3516,1.255488387257959
3517,0.9207032923738704
3518,1.5813028549951829
3519,2.2719892491021856
3520,2.02801643943668
3521,1.1490870117708945
3522,0.546700212044641
3523,0.7356397076117364
3524,1.84824337853669
3525,0.02880539038802681
3526,0.7104492956677907
3527,0.7503136136767777
3528,0.5282106605705982
3529,0.8427547657770342
3530,0.19185046171531853
3531,1.7293686450771333
3532,1.9228607437597824
3533,1.164733854587511
3534,2.381894773781248
3535,0.9598794834878148
3536,1.8826564000505748
3537,2.3485750475511074
3538,8.162040028073806
3539,3.3913095783975864
3540,1.5827895440125623
3541,0.4639399074048805
3542,0.3569648821839585
3543,1.0356504066015242
3544,1.3755101955704745
3545,2.8487507085750816
3546,2.288048758316456
3547,0.8542325440344242
3548,1.858980927915281
3549,2.0386182225130205
3550,0.24887560513208723
3551,1.0770894873815218
3552,0.9682053988601278
3553,0.6945323819561803
3554,0.3205275114433038
3555,9.720018075340503
3556,3.631086604071695
3557,0.12072403451750123
3558,2.99386563563434
3559,2.5852395642296755
3560,1.0151136627903579
3561,2.759211898277371
3562,1.5588194067931977
3563,0.461678957922825
3564,0.3346467848824187
3565,1.1505791560027638
3566,1.429231039955451
3567,3.8041595264466745
3568,0.6378629566776058
3569,2.2551031895411207
3570,1.0321996965869986
3571,2.1675704114279233
3572,0.21576795580314162
3573,0.43460240608107814
3574,0.0
3575,0.5866568307748158
3576,1.5966513245822784
3577,1.982008692896045
3578,0.74407059397155
3579,0.45364849385319245
3580,0.6088926278584766
3581,0.573871046742316
3582,0.9263196928360766
3583,0.0
3584,1.5826482193001712
3585,0.6110337830542646
3586,0.4656480870128419
3587,0.1599788891370361
3588,0.04139583224908064
3589,1.0671652009367056
3590,2.693999836222784
3591,0.10848542276843762
3592,0.6052110312502982
3593,1.4946444070719995
3594,1.0704508663819847
3595,0.15032251899940133
3596,6.839768938013249
3597,2.1249604190900646
3598,2.2791693713580434
3599,1.1329795472026625
3600,1.5694880999508947
3601,0.7490639321561695
3602,0.8584992158381911
3603,2.597052196917226
3604,2.3238353424788896
3605,1.864057547963815
3606,1.400512372569176
3607,2.329271451690656
3608,0.39430890862458123
3609,0.5548790328925932
3610,1.0872071406659285
3611,1.2715141836932953
3612,0.6043646562722537
3613,21.105410785590948
3614,4.050465587840747
3615,0.19915010375427925
3616,5.977353379736474
3617,6.433214922789507
3618,2.5023864572757852
3619,2.454400823942089
3620,3.115670964461179
3621,1.7285689957285808
3622,0.7430070368365796
3623,1.6634559796235284
3624,1.1860362002989202
3625,2.135180587007365
3626,1.2416467877463875
3627,1.9493705376797865
3628,1.4470718423000364
3629,1.640210367666064
3630,1.0454225646393378
3631,1.3827709447994108
3632,1.8017211479447939
3633,0.24209250754967668
3634,2.7724097958142306
3635,2.976229062624951
3636,2.065460230426517
3637,1.2619968660659262
3638,0.48524818156565447
3639,1.6849039965923158
3640,2.499363315206027
3641,1.3144750034772639
3642,1.7125415882849067
3643,1.2894325333721133
3644,0.7774812056501066
3645,0.28306865517222424
3646,2.8392057254567415
3647,0.8454962654480727
3648,4.595944207365789
3649,0.5562670622589307
3650,2.4472365138322885
3651,1.84350163399318
3652,5.924518456434587
3653,1.555111040343077
3654,7.223386308382848
3655,5.393470782125567
3656,3.402244053572713
3657,1.7250299113342846
3658,1.2224214334426502
3659,1.0482303108487763
3660,0.9197242082795641
3661,2.712816582570986
3662,6.017191985310835
3663,1.7599866429547226
3664,2.609904097631064
3665,2.4344405678964103
3666,0.5995072705628244
3667,1.6980715937383513
3668,1.7490051370599478
3669,1.7377371704658668
3670,0.37870307070535725
3671,17.523332829171842
3672,3.058632353268546
3673,0.06139417322484131
3674,6.901245314514248
3675,12.396614280901854
3676,1.7807602174248758
3677,1.8913907985523823
3678,1.7885095172069048
3679,0.8665385036132155
3680,1.1025689654148607
3681,1.0303374317869107
3682,1.5511843273487498
3683,3.7766329577734026
3684,2.215090939771791
3685,0.7735679195511052
3686,0.8394641130621349
3687,0.7584976456695777
3688,0.7607308875456568
3689,2.708689117846951
3690,1.3577122104242896
3691,0.5717138902579623
3692,1.7475985217537788
3693,2.0632578388167877
3694,2.8005300888549973
3695,1.5845410056476819
3696,1.1328143238303585
3697,0.5373073516971386
3698,2.2727968471448965
3699,0.24210322125520814
3700,2.0655067324298995
3701,1.9017026319939583
3702,0.6755579505255358
3703,0.5127147471101329
3704,0.9682373665385838
3705,1.7090604885910679
3706,4.223182528433037
3707,0.5130681452301025
3708,1.6722535869301483
3709,0.5616902710110545
3710,2.399192627124373
3711,1.2004173223325945
3712,5.35767313680523
3713,6.713000530324289
3714,4.366744431170977
3715,1.9393226677849287
3716,1.3503859224139259
3717,0.43829073813305647
3718,0.7739712803610153
3719,12.3219425842652
3720,4.5999045530056115
3721,2.8332395954528904
3722,0.5280765398368137
3723,2.4770791624620676
3724,0.6385424521533444
3725,0.27178359006021285
3726,1.3158922133958193
3727,2.6291757864127137
3728,1.6597927586720815
3729,30.07474264296263
3730,4.537071236929095
3731,0.014284397490024574
3732,5.374851443826514
3733,5.686729443756756
3734,2.6057133379155237
3735,2.716729022044074
3736,3.9816247763288004
3737,1.0712715261177463
3738,0.2132863649180784
3739,1.5890006312064482
3740,0.9073244324734745
3741,3.465298359364107
3742,2.9700511705453727
3743,0.0
3744,1.2437632512821863
3745,0.8353225548621152
3746,3.01009768481716
3747,2.5364016813849313
3748,0.5012601725110752
3749,0.5979039818244664
3750,5.358258289930583
3751,1.9681278381881748
3752,3.141019376257536
3753,2.7113478072575248
3754,2.3299722237597122
3755,2.2999185746609805
3756,3.233440220659465
3757,3.7122288990567776
3758,2.2437488141837285
3759,1.3288985074166195
3760,1.0372896256352653
3761,0.6939989009081087
3762,2.127085212845491
3763,1.8368589227951104
3764,8.328605846191877
3765,1.2097669320666538
3766,2.775997975972325
3767,0.8713863685241883
3768,4.778392913583016
3769,0.0
3770,8.690901144131002
3771,2.2109270539082817
3772,1.1972365354348171
3773,1.0484505263399
3774,1.874418456176835
3775,0.6097866554862147
3776,0.8534265140005439
3777,5.131071939874433
3778,4.1033227310610325
3779,2.371252023469254
3780,2.237833116121199
3781,2.8949340125367518
3782,0.738000185292537
3783,0.7435609865780778
3784,1.9535643753336038
3785,1.2738307502464399
3786,0.5152983177580568
3787,18.418001710130458
3788,6.368619752936044
3789,0.15945251702185256
3790,5.639767156196584
3791,2.710878549724872
3792,2.4950182915142967
3793,2.793940249483595
3794,2.7852523773668723
3795,1.4383987831024296
3796,1.361818068229381
3797,1.628983275655176
3798,0.9208233292004585
3799,1.9856349427158113
3800,2.0681292033975662
3801,0.6027047432897648
3802,0.6783796162067096
3803,0.06601789576578815
3804,0.9002053773626242
3805,0.461700864823947
3806,0.5241284379095625
3807,1.2361307925882572
3808,1.9296759502444785
3809,1.3599130934630257
3810,1.612838324174186
3811,2.307647493728004
3812,0.4570207889935924
3813,0.1925059249358815
3814,1.1348187783216679
3815,0.531519122507357
3816,1.2989790437602593
3817,0.558709400299338
3818,0.2192930692603766
3819,0.43432469551649533
3820,3.04093752050117
3821,1.1535930372987828
3822,6.414878582893901
3823,4.87435350744357
3824,0.934979860884955
3825,1.2290655884468487
3826,4.698955140644108
3827,0.4055094635256378
3828,17.13279477047252
3829,6.230731764517651
3830,1.8395061482981496
3831,1.7252698069620422
3832,0.7804471478461965
3833,0.5797430944936222
3834,1.0616504498026003
3835,3.4363304322061357
3836,2.6942388185943305
3837,3.552170714273449
3838,2.6887074895422893
3839,0.5829164716481557
3840,3.243971853966245
3841,0.9208018814101997
3842,1.2722426526196997
3843,1.0754173883823348
3844,2.1426541065288287
3845,20.838485455242445
3846,4.898054621655913
3847,0.012887722332082066
3848,2.483292956879315
3849,2.0534221006042723
3850,3.1176538230545354
3851,2.2354244791822233
3852,0.20066956392732446
3853,0.7317884403905394
3854,3.3068927129789984
3855,0.8787871270323281
3856,2.1276027437991667
3857,2.6545572698364746
3858,4.118797610723256
3859,0.6312038338996055
3860,0.5482355598401121
3861,0.80893261702071
3862,1.228947275376885
3863,3.4854702464315297
3864,1.702290551549946
3865,2.3250750537552376
3866,2.153700228727414
3867,1.7578613501492428
3868,2.722941929332286
3869,0.604329552774798
3870,0.06995458173849922
3871,0.6179274602128628
3872,2.570348494205733
3873,0.0
3874,0.9802919605315155
3875,0.16413501943215103
3876,0.7076301472931219
3877,0.44934452511758766
3878,1.928083144179593
3879,3.979327421351635
3880,1.4694210883587595
3881,1.562101892038416
3882,2.1552068494183523
3883,1.013271411126342
3884,2.272817501580138
3885,2.0826961083795763
3886,4.804953881312747
3887,2.3450219737176834
3888,2.56372402159317
3889,0.39418529700694355
3890,0.5792524965469077
3891,0.17961792806537766
3892,0.5792153363425336
3893,2.0071460787356843
3894,1.9982084782334923
3895,1.103406637803758
3896,1.1242118126403662
3897,0.42075980706079513
3898,0.783698570522539
3899,0.6535104646500828
3900,0.495305313465297
3901,0.1945639150322109
3902,0.6735785388169837
3903,4.647197556883934
3904,1.8233510589119324
3905,0.27994729072826424
3906,1.4247990807592792
3907,1.1388952988659722
3908,1.3897915360977178
3909,1.7066321301694163
3910,0.11337208129230071
3911,0.1509745487841342
3912,1.5415143535016578
3913,0.5913253168515173
3914,0.4887055159528527
3915,4.898562373930706
3916,0.9696709777771639
3917,1.1529584420873775
3918,0.5306896284620579
3919,0.20817379814693282
3920,0.10015867365324312
3921,1.262922066187389
3922,0.7288698391033179
3923,0.4518206175685809
3924,2.418405428785719
3925,1.661621626852322
3926,2.7998782808889553
3927,0.8670885055396095
3928,0.6658069022777736
3929,0.4332831099154257
3930,1.180997064942418
3931,0.0
3932,0.5911296416989781
3933,0.4039320038722397
3934,0.4278695712555861
3935,0.626776618404649
3936,0.0889959608814832
3937,4.251139577810414
3938,4.658402057799977
3939,0.4516102248294635
3940,2.139304275360982
3941,0.6351700317797825
3942,1.5602198821771927
3943,0.40988549960450865
3944,3.024262586910741
3945,6.831532681115276
3946,2.5359877315652537
3947,0.5149786832396228
3948,2.150226903154621
3949,1.9709520645677625
3950,0.8290871730032254
3951,7.248389880681983
3952,2.916927688488538
3953,2.2367036021307403
3954,1.575412833822558
3955,1.3913080525980668
3956,4.422114730333352
3957,0.3395871367359372
3958,1.3255691365271502
3959,0.45505524774341327
3960,4.153185846660836
3961,22.996843578988145
3962,2.075114355890514
3963,0.025073143627503524
3964,5.13459713174719
3965,3.0786546304245612
3966,5.657243821676517
3967,2.9513224919978422
3968,1.1762073217999292
3969,1.1071545374089518
3970,1.5746936215295062
3971,0.4119916799337035
3972,0.48821501209464735
3973,1.574134278585751
3974,5.880895217854553
3975,0.36944560375994456
3976,0.23869327842075477
3977,0.08585436207066349
3978,0.7787991628170992
3979,0.5166196567804748
3980,0.5616405550600774
3981,0.41328426137676466
3982,3.688312125114925
3983,2.0054096958781678
3984,1.3509806739061438
3985,2.4994196079137545
3986,1.0283829059631855
3987,0.15273964863357878
3988,1.2825513253940564
3989,0.0
3990,0.6809635690176371
3991,0.648622574721016
3992,0.5460839726841024
3993,1.2172843275346306
3994,0.2969061804358672
3995,0.9489037257698958
3996,4.3521428679267045
3997,1.960931900712831
3998,0.2885090746051508
3999,0.5318822269645274
4000,5.189008545479766
4001,0.40597671303513805
4002,4.541091145346401
4003,3.2367593060490374
4004,1.3977581178268914
4005,1.319224484670256
4006,0.819344907961787
4007,1.10481977426654
4008,0.7332932699074322
4009,9.276274490885198
4010,1.882810288952601
4011,1.4160086029730143
4012,1.8445433600460945
4013,1.888957458018747
4014,0.3661993145345693
4015,0.40174753679602326
4016,0.7896991944509953
4017,0.21650773447265426
4018,1.1996334625076026
4019,17.736350562705304
4020,3.8466097879092764
4021,0.07806334367389853
4022,3.472069412403641
4023,5.5934304864502975
4024,2.0173022962094884
4025,3.110870108008847
4026,2.8073670821579406
4027,0.938128146158696
4028,1.3901945181205335
4029,0.907976946487582
4030,0.4950936260248189
4031,2.094182286769584
4032,2.4019647285813432
4033,0.14220039714065452
4034,0.3275310476712971
4035,0.0
4036,0.7033389087287639
4037,1.0616772452897458
4038,0.415357372567214
4039,1.9304867299015684
4040,3.9439556320648075
4041,1.4953229552681233
4042,2.1605929653745024
4043,1.4338866307859235
4044,0.008662244978349764
4045,0.37917227787624824
4046,0.88881071113925
4047,4.090685708667027
4048,0.733907511685608
4049,0.36989166781372385
4050,0.6016565449884476
4051,0.0
4052,0.37710073723280974
4053,0.1600345122106657
4054,2.7234185524661347
4055,4.109898622257948
4056,1.8632562733219324
4057,0.4576765748712713
4058,1.3398533417802563
4059,0.8992970302375964
4060,5.553195063314081
4061,3.23604421990461
4062,1.0465926631630074
4063,0.7799435209360813
4064,0.5074162521734032
4065,0.45333145850456336
4066,0.6030313184674164
4067,2.251086712901935
4068,2.29853571294747
4069,0.13261631793006706
4070,1.7235594262306482
4071,1.0799019427394112
4072,1.4527689957833299
4073,0.7180073279749145
4074,0.903533520381552
4075,0.1109727508622018
4076,0.24759913820517174
4077,2.9980026754439524
4078,2.3008524705130826
4079,0.0
4080,2.4291468007525747
4081,1.2681518358558692
4082,1.8090765548320515
4083,1.7336752218302982
4084,1.063597396460832
4085,0.7324107270627872
4086,1.3871143784935411
4087,0.8078383667135088
4088,0.937681492004184
4089,1.070139422312474
4090,1.978241030928357
4091,3.1147742030918106
4092,0.5891410939078069
4093,0.4223572314679226
4094,1.0085451193823127
4095,0.9084204883646889
4096,1.0894666828875703
4097,0.8432274228675104
4098,1.4649699721107954
4099,2.187906831625316
4100,1.9861664545359428
4101,0.7521447131293297
4102,0.5905052574502988
4103,0.7222090377347425
4104,1.4304996871217217
4105,0.11021776258802475
4106,0.8028081970370745
4107,0.66704425613242
4108,0.555632106102112
4109,0.8954248277872344
4110,0.42174356053187284
4111,0.9840808941707615
4112,1.636377813333592
4113,0.7661074896495199
4114,0.7967662904359102
4115,0.9506814749827739
4116,2.277184940882736
4117,1.9757535902279313
4118,6.754345689808632
4119,2.62350919717155
4120,1.5038642778964986
4121,0.7149000427164459
4122,0.39185940012696263
4123,0.6206001161190249
4124,1.5838648843194547
4125,2.880301391835565
4126,2.5647534978170943
4127,0.8285097706734846
4128,1.021065159901741
4129,2.0970071341079675
4130,0.2733836507145415
4131,0.8809998729974688
4132,0.5605230277571966
4133,0.5441487423819957
4134,0.3057491765347453
4135,9.386567480648742
4136,2.8802253153790205
4137,0.0
4138,1.891468256263463
4139,1.3377539386137132
4140,0.7418851141778546
4141,2.4838264101248937
4142,1.15810227054079
4143,0.5759047236766993
4144,0.4029379353827679
4145,0.882241826912217
4146,1.4546459104181326
4147,4.072941267623789
4148,0.24450957242446608
4149,1.4097716444221517
4150,0.9924313399507121
4151,2.105383596209
4152,0.1491595101334654
4153,0.3803675070904996
4154,0.0
4155,0.44718797797414495
4156,1.2446960082974996
4157,2.0041636418030393
4158,0.5599649347371419
4159,0.4355045782089482
4160,0.6588846869971494
4161,0.5033627217259041
4162,0.5084265684838463
4163,0.028222743597671452
4164,1.513428923924085
4165,0.5274287551998909
4166,0.6438118419089105
4167,0.16676712811786934
4168,0.04002752073279177
4169,0.9218442235230544
4170,2.717871340148837
4171,0.16917842082807644
4172,0.3335096632934775
4173,1.2678518046707186
4174,1.0264119605536048
4175,0.2769589633825679
4176,5.845845846754416
4177,2.2709173242307696
4178,1.9503013751149674
4179,1.7226417461560577
4180,0.9890383091742907
4181,0.7334370678048717
4182,0.6903669177595727
4183,2.4742949430273375
4184,1.709197202273046
4185,1.7245316200729002
4186,1.4275275594480203
4187,1.7471798338017681
4188,0.23735812526661051
4189,0.3119827550652678
4190,0.731063676924831
4191,0.8903217383012051
4192,0.7157107183638127
4193,18.348873243547157
4194,3.7229000926348492
4195,0.2782146883824939
4196,4.088407067420281
4197,4.62388017003424
4198,2.395476921343184
4199,1.7904261175896554
4200,2.2739951971790187
4201,1.3380389650145228
4202,0.7053238543386986
4203,1.1511469589331582
4204,0.8862935173984581
4205,2.49826494385036
4206,1.08366936306859
4207,1.0071920063847009
4208,1.361666057268819
4209,0.5473573031864593
4210,0.8044389167455166
4211,0.5710862783387827
4212,1.2560798935896356
4213,0.20178490170343866
4214,1.6408161721057617
4215,3.407289215072786
4216,1.6466853478573056
4217,0.879851523146365
4218,0.5445741675572898
4219,1.483820701579958
4220,2.0265659431364798
4221,0.7897333564390971
4222,1.2285559700518605
4223,0.8203486517104772
4224,0.5243759365877482
4225,0.32792392786077207
4226,1.8052975564551872
4227,0.6318852756486043
4228,1.0152693392455916
4229,0.6315128313356273
4230,2.56641292103239
4231,2.478193338225972
4232,5.687781123025078
4233,0.8456494323549044
4234,6.161164770653196
4235,4.700113985032508
4236,2.3292686007493573
4237,1.3346116508379224
4238,1.4567653387834876
4239,0.7032005325628168
4240,1.2290157313964007
4241,2.1818812122904445
4242,4.815455490618216
4243,1.596211775182158
4244,1.3977657804463373
4245,2.9011803548991058
4246,0.6374673534535497
4247,1.9133852806851506
4248,1.575674365908946
4249,0.9727433785188638
4250,0.36392473579679874
4251,12.997355034450313
4252,2.5044082405192025
4253,0.0965907476437129
4254,5.1016157971622365
4255,9.446482435479234
4256,1.5945643479826956
4257,1.772224845819395
4258,1.2475298077933514
4259,0.7847572242514291
4260,0.8129557157978635
4261,1.0259139974081315
4262,1.2445820725519774
4263,1.7061999728636723
4264,1.291383583088155
4265,2.0666569519941564
4266,0.8956764271356561
4267,0.45690949432879535
4268,0.8838252957631471
4269,1.8928130774282022
4270,0.6523732740122801
4271,0.5635301659916595
4272,1.3084793052658288
4273,1.6454973380792837
4274,2.0754373963616146
4275,0.8075632126399547
4276,0.8152829834424642
4277,0.43942747750200534
4278,1.5344644610794849
4279,0.0
4280,1.7358684832299816
4281,1.1520436140624757
4282,0.6268525635871298
4283,0.3343160267329895
4284,0.6613741411693275
4285,1.68815008166768
4286,4.188958277437067
4287,0.2351036890557529
4288,0.46199394718544334
4289,0.5604077076187247
4290,1.7810743115152694
4291,0.864459030870557
4292,4.185943645073423
4293,4.46710111029724
4294,4.14529753195395
4295,1.7026558148677053
4296,0.9741479561834299
4297,0.26644698994110705
4298,0.9721079747391224
4299,9.001798525456845
4300,3.684193850343662
4301,2.5959388461841293
4302,0.6832478631406304
4303,2.3145878707082552
4304,0.550337382797075
4305,1.0136775530803248
4306,1.1193653877529028
4307,1.3908343367488412
4308,1.3021462698812372
4309,27.329678872156446
4310,4.631660267848371
4311,0.12021165127093535
4312,3.1913537585291816
4313,3.834653678202712
4314,2.2544725341958967
4315,1.7475235487688812
4316,4.8000203657515454
4317,0.8208202796589679
4318,0.2457559234063877
4319,1.3802887012741787
4320,0.094271202179513
4321,4.035783361430201
4322,2.865025438812058
4323,0.0
4324,1.2793609903025267
4325,0.618948988021609
4326,2.876499663190256
4327,2.516031822764744
4328,0.5831172107611665
4329,0.7840982083695355
4330,5.160177021700513
4331,3.4972191767987373
4332,3.2312230662881376
4333,2.414223351165008
4334,1.827750846654894
4335,1.7684708739893988
4336,2.4816358354782446
4337,1.833173410602224
4338,1.5052403620042285
4339,0.7382508082186632
4340,0.6933454601796304
4341,0.7081745899846029
4342,0.7916390523343217
4343,2.335681737735549
4344,6.852897817032451
4345,1.1992770537764745
4346,0.9217369307073265
4347,2.412050660545111
4348,5.2767611039143025
4349,0.0
4350,5.176067140285711
4351,2.401781055053248
4352,1.020271465955934
4353,1.0029590855920238
4354,1.908775754578698
4355,0.7561739366334801
4356,0.7967648557093824
4357,2.740316424834447
4358,3.3358015287772838
4359,2.055244238052809
4360,2.2149721003188763
4361,2.327752505195507
4362,0.33005082738294045
4363,0.7888719326663621
4364,1.335370976735355
4365,0.8460125372607767
4366,0.46427059193797415
4367,16.283350568226474
4368,6.0042736865210555
4369,0.15910640800732306
4370,4.048034487009909
4371,2.2156027950758967
4372,2.486606124317821
4373,1.501947096563483
4374,2.6368697116766437
4375,1.0623061362428943
4376,0.5602272644907739
4377,1.0965796399459913
4378,0.7842074447230186
4379,2.2747287518147212
4380,1.631588881421313
4381,0.017448981202931688
4382,0.773944221559831
4383,0.10675318694950002
4384,0.8037648124442553
4385,0.6090038980683368
4386,0.5363717515702074
4387,0.7924877567743952
4388,1.5288296148816742
4389,0.8736466455193963
4390,1.1488331721890783
4391,1.3313772260342775
4392,0.4514659317614217
4393,0.24275470105849462
4394,0.6339146842457342
4395,0.29164592562552966
4396,1.1881326447940617
4397,0.6374621970804323
4398,0.3106653800533826
4399,0.48467578458616883
4400,2.172837636986408
4401,0.24000287593689038
4402,6.786550553509132
4403,3.873032979855249
4404,1.5547063286868716
4405,0.6019445653616814
4406,4.983012685815965
4407,0.29179423334615084
4408,11.918238327832588
4409,5.525977369902679
4410,1.9001317645357463
4411,1.4614536915750158
4412,0.9814232080165434
4413,0.5685543316803411
4414,1.1576397717166786
4415,3.3244807192595442
4416,2.4872921666778347
4417,2.2430566333858613
4418,2.1778975301532024
4419,0.4297976958561739
4420,2.5156098241502707
4421,0.9627302921666337
4422,1.7724861772570977
4423,1.2326315553118548
4424,1.2173883030181447
4425,15.532756737489313
4426,4.630746139625652
4427,0.07460579624532866
4428,2.5650044893081656
4429,1.5896552915017446
4430,3.0439487942194576
4431,1.9105834879336951
4432,0.02200730759090331
4433,0.7367166938450668
4434,3.2560218070258107
4435,0.8365372340592001
4436,2.2043193040473104
4437,1.796901160605441
4438,3.011106363836465
4439,0.8965492099116796
4440,1.0289844486107227
4441,0.43649984695802385
4442,1.4509209990746215
4443,4.943161421607917
4444,1.909612892380229
4445,2.6921721105834244
4446,1.680668573569352
4447,1.4191580996577586
4448,2.5064361989907917
4449,0.8156002210604977
4450,0.20902970346556174
4451,0.7489737629606754
4452,2.2902166954656344
4453,0.1098243440752407
4454,1.0260790868789278
4455,0.20589689888364554
4456,0.7326325901531544
4457,0.5217607202006888
4458,0.5256280224769301
4459,1.9526912789907303
4460,2.4495390132807486
4461,0.9155643392049934
4462,2.275002236230634
4463,0.9684820445499637
4464,2.8679877456038536
4465,1.5706445411366148
4466,4.450220482587387
4467,1.977983826120174
4468,2.427330997995554
4469,0.41436985462444875
4470,0.5653698590035291
4471,0.1603973551361654
4472,0.6324023111719446
4473,1.031236368617101
4474,1.0396352924690218
4475,0.8280127990329279
4476,1.4769783248521133
4477,0.5898361293633761
4478,0.9132645373058814
4479,0.6310769656699746
4480,0.44971873238407634
4481,0.21124554257273576
4482,0.25110484694183083
4483,3.5531085486582263
4484,1.3213616158576929
4485,0.05518896837315033
4486,0.8935909770600896
4487,1.2863068339582646
4488,1.0423593355526275
4489,1.4408791939204733
4490,0.0
4491,0.2557835505151748
4492,1.3420750401143382
4493,0.36424041816672287
4494,0.3635821842623978
4495,3.0126715387845744
4496,0.5806513858277875
4497,0.03827652045072425
4498,0.44300969177677496
4499,0.24992501252503457
4500,0.17404748751355673
4501,1.2180520453994437
4502,0.18705451735297277
4503,0.31811930618562795
4504,1.3358798941414751
4505,1.2011099482252627
4506,2.562654889149231
4507,0.4799584736943661
4508,0.45325394837891214
4509,0.31770900562902105
4510,0.9124930178554062
4511,0.0
4512,0.4983889667211446
4513,0.35936425227933255
4514,0.4896917053138829
4515,0.5921680337368883
4516,0.3254405473981341
4517,1.64195561070081
4518,4.300518431538854
4519,0.6336588169305208
4520,0.6851187383215237
4521,0.8332515689499717
4522,1.1236274303357254
4523,0.5859999275202005
4524,2.5204977445258954
4525,5.564069037008562
4526,1.4961051396660012
4527,0.49984408655027784
4528,1.6045808214000266
4529,1.2454597348804932
4530,0.7327942885120625
4531,5.3462460884823955
4532,2.2048521285158116
4533,2.1336743263115925
4534,1.0943437412927857
4535,1.0847001519529436
4536,3.185168800052333
4537,0.3871684917845074
4538,0.8667968730506077
4539,0.3857426825934021
4540,1.4332250832864506
4541,20.594702716426628
4542,2.292529283674929
4543,0.0
4544,3.786162791411872
4545,2.1621853690307558
4546,4.555329244426464
4547,2.4113014635727166
4548,1.0089487422195242
4549,0.6695697463416492
4550,1.1197065224214042
4551,0.36372456129177505
4552,0.5471999818332457
4553,2.3752341238395016
4554,5.425382506438513
4555,0.1272624249164808
4556,0.2855726043528879
4557,0.15217893937362204
4558,0.9789159569577159
4559,0.6289984663592953
4560,1.0636955378466255
4561,0.35444938928005554
4562,3.6981402742327907
4563,2.458561324097948
4564,1.3229120390436204
4565,1.2853277463712363
4566,1.0111460570011042
4567,0.21256015894659977
4568,0.614910260041413
4569,0.0
4570,0.542560785506978
4571,0.45364475864563014
4572,0.318365336762895
4573,0.9604146551198576
4574,0.13612687977297044
4575,0.17277112936743955
4576,3.586140415959576
4577,2.22626683527606
4578,0.4636495473799539
4579,0.6266862339479758
4580,5.691509471642173
4581,0.17779728264346878
4582,4.375966081152106
4583,2.77103064193788
4584,1.165531998751458
4585,0.7822376091254469
4586,1.0610639589104627
4587,0.9220335080764571
4588,0.8012920566428778
4589,6.740493994983331
4590,1.7867422778101651
4591,0.9084974847283387
4592,1.0995877849167786
4593,1.8849251454192606
4594,0.2985487867267305
4595,0.4166588639963422
4596,0.6634905701568786
4597,0.11937285075680666
4598,0.5764432319362341
4599,11.819525609662886
4600,2.1692430571944317
4601,0.009662923796969232
4602,2.1991905477774685
4603,3.8596882524040663
4604,1.3185325412502265
4605,1.9695818606371656
4606,1.966689556898939
4607,0.7337025394928025
4608,1.2288095423836576
4609,1.1246102801898115
4610,0.44486957491662604
4611,1.9825229397183097
4612,1.8400732840855978
4613,0.32410274351873963
4614,0.2841467237041894
4615,0.03867018370567434
4616,0.7507302766930388
4617,1.7025287866838377
4618,0.3191043776046796
4619,1.817090862830302
4620,4.118789279820471
4621,0.8931878479110729
4622,1.6158421118516182
4623,0.7962369565774371
4624,0.0
4625,0.4129612600606074
4626,0.5182663793189914
4627,2.2957446341647283
4628,0.5172824749916947
4629,0.36950054149982176
4630,0.4731193427295355
4631,0.01834147100079618
4632,0.21632143656991226
4633,0.24925489721777588
4634,2.88750460196202
4635,2.9576720502209097
4636,0.7879566554212265
4637,0.38393570668994026
4638,0.7953517123266483
4639,0.6310694911502414
4640,4.987662512834613
4641,3.1507961524260777
4642,0.8360647472959567
4643,0.5394706241536409
4644,0.5929965418797382
4645,0.31284867371176495
4646,0.6020666375136896
4647,2.373336270557902
4648,2.1517141361627927
4649,0.25991226730380934
4650,1.2213344589563986
4651,1.0116213167997041
4652,1.1613625731322312
4653,0.7027967251140179
4654,0.4844258895453657
4655,0.20821942088555254
4656,0.11430774694378684
4657,3.014504766852973
4658,2.509990573331964
4659,0.0
4660,2.791390196996924
4661,1.2536382729552296
4662,1.9484911837546735
4663,2.1512856715478477
4664,1.087461863645004
4665,0.5187631414910076
4666,1.000985328122174
4667,0.6644569106309786
4668,0.5210115750808024
4669,0.8715013162224937
4670,2.294493884434516
4671,1.9187138516722815
4672,0.493104660600089
4673,0.30054980190240926
4674,0.6726334485904002
4675,0.8636853289344368
4676,1.105038126471647
4677,0.6621383129411046
4678,0.9960156512531763
4679,2.0631889358439097
4680,1.6562030798848326
4681,0.8115874996836528
4682,0.5487459650020443
4683,0.6970855333181124
4684,1.5229036414299144
4685,0.06331040011380001
4686,0.7499063506127848
4687,0.5624012396048171
4688,0.6198714687894177
4689,0.8371141248462106
4690,0.19153061907627292
4691,1.5151303978415451
4692,1.7262373484653084
4693,0.5339461197896855
4694,3.072404049665609
4695,0.6221595609836383
4696,0.7740146946244177
4697,1.7007573775228262
4698,6.133992186026465
4699,2.331707779538895
4700,1.1720638304139053
4701,0.5226555973775806
4702,0.3076679134442855
4703,0.6797691882067797
4704,1.3562419748242305
4705,2.077115954036084
4706,1.8916164693173572
4707,1.2282206758972487
4708,0.6007267105691112
4709,1.3776996639971353
4710,0.14057287296286994
4711,0.9928060084388574
4712,0.5247217064330373
4713,0.2995212768601543
4714,0.36468263938325884
4715,9.296347482114161
4716,1.589470274587018
4717,0.0
4718,1.9267136643363294
4719,2.1848386671187905
4720,0.7148389459142711
4721,2.5781720048677594
4722,1.135046919289757
4723,0.36554292916200387
4724,0.359307039275344
4725,0.5831148804836438
4726,1.2961760594404363
4727,3.8251890249603626
4728,0.37496743503410834
4729,0.987604647424506
4730,1.0488557957888578
4731,1.5858260389694412
4732,0.1616365726026072
4733,0.38482734296770627
4734,0.04283575087575037
4735,0.5722641240203415
4736,0.9924439994670512
4737,1.8476815400892797
4738,0.5470531864321008
4739,0.40026924247386003
4740,0.6240674257280651
4741,0.7496741227495094
4742,0.503619378809512
4743,0.0
4744,1.2707986527094377
4745,0.4443913834411549
4746,0.6035647353054961
4747,0.10211762159950027
4748,0.06895882139943775
4749,0.941114316625743
4750,2.062189724111476
4751,0.301312426592249
4752,0.421702231821291
4753,1.224782302960267
4754,0.8260616276844789
4755,0.26751027681855166
4756,5.209584355004912
4757,1.9697010100786283
4758,1.6711932319203562
4759,1.33780868293396
4760,0.8052589917682781
4761,0.5434692234557928
4762,0.7264249564139802
4763,1.3939130821741352
4764,1.352743069749851
4765,1.6674616035104206
4766,0.81989683999684
4767,1.5564459926141414
4768,0.13355465743478637
4769,0.5101952894483597
4770,0.9296362529812087
4771,0.6171344235205916
4772,0.5047676516243866
4773,14.508804498959051
4774,2.601959473922507
4775,0.24467137200010505
4776,4.3128016701722975
4777,3.9914455610699138
4778,2.397258635637408
4779,1.14149760589258
4780,1.5354360304575543
4781,0.8731349195515481
4782,0.5112615464630725
4783,0.9200814248973566
4784,0.8700986432304392
4785,2.7674190499185243
4786,0.8161019184051467
4787,1.141237544986086
4788,1.2636362738289355
4789,0.5884187976316752
4790,0.4591798416002624
4791,0.672120135499323
4792,0.7798444670881454
4793,0.19110061992398514
4794,1.3336467124577416
4795,2.2182699978472846
4796,1.649026329894176
4797,0.8719441207145213
4798,0.4025300658029381
4799,1.1502925676090168
4800,1.352886224675941
4801,0.6998805654693077
4802,0.924355544486132
4803,0.6614103950619222
4804,0.6650700482875559
4805,0.44765999855657757
4806,0.9949309250869508
4807,1.3376942589052332
4808,2.5589263892524543
4809,1.7954214883121478
4810,3.567211199641644
4811,2.810830133375281
4812,3.582140168674118
4813,0.8027483340072928
4814,4.25851443677158
4815,5.568643284118327
4816,1.7173429376096023
4817,1.5867708986790143
4818,1.3396596060292532
4819,0.7115792706407077
4820,1.2012896096032872
4821,2.487887108266848
4822,4.3140644423018575
4823,1.898594834624207
4824,0.8938954987455072
4825,1.377849711958695
4826,0.6675530241404652
4827,1.4160277661770309
4828,0.7555104861142116
4829,1.0046372809617325
4830,0.3798615205744534
4831,14.553715738548005
4832,1.6758580281430246
4833,0.0649896023385002
4834,5.262433192163397
4835,7.261609050326927
4836,1.6421148418497304
4837,2.4504825005342354
4838,1.5164256370884015
4839,0.5634918618076628
4840,0.737303529888111
4841,0.9391506527942967
4842,1.2292984859072784
4843,1.7528167081047275
4844,1.134590948962961
4845,0.10081368245706701
4846,0.7405191078676251
4847,0.5051990500967022
4848,0.4138879361273137
4849,1.8658982181159913
4850,0.8337488994235979
4851,0.45467850648881875
4852,1.4163119380461457
4853,1.5264744856757653
4854,2.1478433580753267
4855,0.9481953579371633
4856,0.5817472711521903
4857,0.36908765574237434
4858,1.4723134542086622
4859,0.04979719914565049
4860,1.8583287713387628
4861,0.9428043497828764
4862,0.6228622867086493
4863,0.23561147046607947
4864,0.6405074463552423
4865,0.3930057181323168
4866,4.522741811079868
4867,0.18714225804787943
4868,2.4156867293952855
4869,0.3288764654666579
4870,1.8009093253015347
4871,1.0758013856788005
4872,3.951875025741704
4873,3.6590179464193833
4874,3.5937262236044156
4875,1.779686467916912
4876,1.2851630928536972
4877,0.3421811450579049
4878,0.7472112000857931
4879,9.173546262257357
4880,2.6736185222847384
4881,2.420542106525547
4882,0.3806662143699716
4883,1.8455614039743882
4884,0.4357002323149965
4885,0.863498721900079
4886,1.1948742095918474
4887,1.3815034374617978
4888,1.12769196328847
4889,26.308604018464358
4890,3.7715449441343516
4891,0.08258498523236057
4892,2.9551554501235793
4893,5.000246812868015
4894,1.6998417320734034
4895,2.752827912757563
4896,4.3035782837173215
4897,0.6781784866846029
4898,0.05818900885295029
4899,1.0818982591205122
4900,0.5204107555852998
4901,3.366178617275575
4902,1.9878904237362611
4903,0.08716306210843221
4904,1.6274907432416226
4905,1.378823846466867
4906,3.104499530783904
4907,2.944516374143041
4908,0.33934912461757416
4909,0.8455157034122665
4910,4.555913178646138
4911,4.0754275583636765
4912,2.147393853085088
4913,2.565436653185786
4914,1.6902694322051801
4915,1.5126860831015316
4916,1.469271316174605
4917,1.7843945616867547
4918,1.4722838585380489
4919,0.7392844499546606
4920,0.8374304688989582
4921,0.6117854047178727
4922,1.0172491998009987
4923,1.283641685850118
4924,7.419735946628682
4925,0.1752151161525508
4926,0.8988818856714443
4927,1.0595209219264938
4928,3.092963588314256
4929,0.0
4930,5.271764794967429
4931,2.6397982849846713
4932,0.8572672046642705
4933,0.8960377826946265
4934,1.6483978511946078
4935,0.7113317936906438
4936,0.7090479717061267
4937,3.2070907950655254
4938,3.110660439321927
4939,2.8807134966684735
4940,1.4436523114708975
4941,1.347466825808867
4942,0.30102734191409325
4943,0.6721570161020559
4944,1.5484869723969068
4945,0.8121452026832748
4946,0.4328166198101819
4947,19.469064495932518
4948,5.082480106477966
4949,0.10403226159158234
4950,4.186628557680919
4951,2.559769750609753
4952,2.476926749549441
4953,1.6209905211229247
4954,2.8021084723504877
4955,1.1084009668081634
4956,0.520997304763375
4957,0.9649408838699431
4958,0.5872872717021854
4959,2.9619764460510334
4960,1.8188281480761812
4961,0.31514293246411323
4962,0.7293956963146737
4963,0.23255893851879755
4964,0.6325136251035922
4965,0.6829284744551667
4966,0.48178041945393835
4967,0.7811253679060851
4968,1.6465081640335304
4969,0.7786847014223172
4970,0.8863676368992911
4971,1.2689569549855004
4972,0.5180040191819781
4973,0.1477885185755795
4974,0.7090362906208567
4975,0.3016176805079168
4976,0.8914230319200318
4977,0.5594490524523419
4978,0.36078609341625223
4979,0.4261795745679079
4980,2.116947366893829
4981,0.28375595263774256
4982,3.77752985801988
4983,4.568072128711085
4984,0.790504618920319
4985,0.8460579678496237
4986,4.883973746651357
4987,0.12830243384273615
4988,10.12304042048833
4989,5.5734151139126356
4990,1.7940533641133132
4991,1.6832516683285428
4992,0.6857817196245216
4993,0.5222046485443351
4994,0.9632318033623655
4995,3.6969772969040164
4996,2.444338542901437
4997,2.2398849706828328
4998,2.0591116236057494
4999,0.33441551034524225
5000,2.380251614752941
5001,0.8984513296301005
5002,0.962818213672049
5003,0.8145394102634183
5004,1.429579696774166
5005,13.533306309133598
5006,4.8996977920945906
5007,0.14942525693467942
5008,2.5162794182866697
5009,1.6991136049626607
5010,2.9340213754771685
5011,1.7857036956043675
5012,0.30616302694898845
5013,0.6640000792688147
5014,3.116049773903183
5015,0.8208963433840422
5016,2.2257172434702777
5017,2.4148872845018756
5018,2.590122072365296
5019,1.3133009948000445
5020,0.9498064799623334
5021,0.6121541857816468
5022,1.3096010204977953
5023,3.4780408295186915
5024,1.86048772153596
5025,2.0241270498109
5026,1.789086753385541
5027,1.4577341175531606
5028,1.8524008786122177
5029,0.7115966779328887
5030,0.17736894526709582
5031,0.5902225066978912
5032,2.0110373815112705
5033,0.0
5034,0.78475942179723
5035,0.15021879258307747
5036,0.7425662829404313
5037,0.529275428405961
5038,0.47914559277053886
5039,1.6204944722997654
5040,3.849396939807328
5041,2.4039123272499436
5042,1.5289118961994055
5043,0.7629513017374889
5044,3.2019418131599915
5045,1.5729699327591704
5046,3.968540306690107
5047,2.5040768213609037
5048,2.242267683600013
5049,0.2978111708016091
5050,0.49320118535057067
5051,0.054903542386165315
5052,0.29558312739257353
5053,1.2401833034466607
5054,1.0253035346955288
5055,0.7167812665867425
5056,1.1079967295109758
5057,0.46902551929939545
5058,0.5642087330381477
5059,0.5221289050422557
5060,0.4171247482451224
5061,0.14535849058031078
5062,0.520788760719175
5063,2.9156279489577424
5064,1.7139098681608849
5065,0.19755196712169773
5066,0.986552799065456
5067,1.1955076109993117
5068,1.23759646158584
5069,1.4128566080019405
5070,0.035259114544373846
5071,0.09107490313168233
5072,1.2403760244290187
5073,0.3297692962228551
5074,0.2974152016873117
5075,3.1301099956159315
5076,0.5946208326630527
5077,0.7347555842489655
5078,0.4177691350933732
5079,0.14167264785764278
5080,0.1562164759646627
5081,1.0384027047571736
5082,0.42683009578305764
5083,0.2839501207834699
5084,1.3724608493311723
5085,1.3607680444919141
5086,2.0275719584105354
5087,0.56317196397562
5088,0.39275604753198046
5089,0.2835390504413047
5090,0.7014965946873869
5091,0.0
5092,0.48285009874147855
5093,0.36365469999094047
5094,0.4123048349387811
5095,0.3843520169947422
5096,0.14026902499295885
5097,2.0158039948475084
5098,1.8418675229356734
5099,0.683719120748275
5100,0.7624730770388246
5101,0.7210960385647983
5102,0.9056245020720294
5103,0.4211070736091689
5104,3.2125319646976984
5105,5.06573802904072
5106,1.5465728942782888
5107,0.3840930467898691
5108,1.5562038349544247
5109,1.3102866054838975
5110,0.6034254639551698
5111,6.182535799552984
5112,1.698061145972937
5113,2.2612356583943365
5114,0.8297213582143403
5115,0.709271654461468
5116,2.99531684067688
5117,0.21553138875323477
5118,0.7767185790736048
5119,0.14934633912240375
5120,1.6031184556250544
5121,17.519269091842435
5122,2.0007894834311495
5123,0.0
5124,3.8260939860340897
5125,1.0075866771513684
5126,4.425303678350517
5127,1.992024400616664
5128,0.9088050650823614
5129,0.6101944837243003
5130,1.075906309826352
5131,0.30947940907577065
5132,0.3616720529025955
5133,2.2876095719237326
5134,4.588386306705688
5135,0.45079356716821667
5136,0.26331280277048935
5137,0.09473202540954406
5138,1.5571505363997293
5139,0.4783057788464985
5140,0.5226261115149874
5141,0.32196496488510223
5142,3.467830824074272
5143,0.9760880972598981
5144,1.295130861270618
5145,1.3348407262865918
5146,1.007063676025048
5147,0.1524486692889567
5148,0.7177736278468988
5149,0.0
5150,0.4334769142516924
5151,0.3264567970687948
5152,0.4773645625522252
5153,0.8360454149608028
5154,0.07847705899053066
5155,0.021815604233736238
5156,4.697446647790311
5157,2.7354100394616974
5158,0.1642267298970209
5159,0.44070805282796655
5160,5.373430734608532
5161,0.16096870701369126
5162,4.328895888562672
5163,2.4791199935808166
5164,1.353078606592789
5165,0.5485797385892979
5166,0.8139115800371752
5167,1.0061883905532911
5168,0.5659357053557496
5169,5.422000651238433
5170,1.1705946268875478
5171,0.9795572257712192
5172,1.1412534400634897
5173,1.1328096840554471
5174,0.16563790422747304
5175,0.3555795461728925
5176,0.5210629250945388
5177,0.15336800240244652
5178,0.6005204164817212
5179,12.579909282294123
5180,2.258477781829676
5181,0.06625197766008374
5182,2.7188833150125324
5183,3.872302821307034
5184,1.43933030855227
5185,2.253075245261005
5186,1.9180503109349498
5187,0.7305312843497751
5188,1.118913931227346
5189,0.8393548745869418
5190,0.2655717065602695
5191,1.8668163254117311
5192,1.7381637494612863
5193,0.49234296338972744
5194,0.2177912594193232
5195,0.07766343292460229
5196,0.5467561583540812
5197,1.1254946745468433
5198,0.43523301785452734
5199,1.6490768852586242
5200,4.757456404015141
5201,0.751569825009278
5202,1.3830214432221266
5203,0.8901339366532387
5204,0.0
5205,0.31833442131224216
5206,0.33938918822644437
5207,2.0118662369500178
5208,0.4536063579719306
5209,0.2547956595438392
5210,0.45686021670752675
5211,0.006608110975122033
5212,0.15044312332949225
5213,0.30967983173100305
5214,4.154390477130866
5215,2.4893377401224925
5216,0.6833894046630759
5217,0.585898825525789
5218,0.6602465076226701
5219,0.8603551814445506
5220,5.132097085077251
5221,2.9480926290434306
5222,0.8086883961444636
5223,0.673760722749935
5224,0.6603887690985693
5225,0.3931424970616517
5226,0.46434014476194174
5227,2.290913106932754
5228,1.97244055807592
5229,0.0
5230,1.1734661001020144
5231,0.9944273388115605
5232,1.3053767831681535
5233,0.5207794859737802
5234,0.4382124650249706
5235,0.14765765749823714
5236,0.10485759520433952
5237,3.13190712989742
5238,2.475819160681389
5239,0.10264672223233798
5240,2.7844243968370552
5241,0.8571815834903505
5242,1.8042755247923672
5243,1.702846540896344
5244,0.7824118936971316
5245,0.4949060253388362
5246,1.0020116326563335
5247,0.32462470706782953
5248,0.47318097693843186
5249,1.1066656994627524
5250,2.370485815490197
5251,2.70548162481322
5252,0.5875176032938845
5253,0.3480811622983272
5254,0.6981281037945768
5255,1.5437339935003196
5256,0.6279651382521333
5257,0.5886687926880313
5258,1.0609923218151618
5259,1.839370029961838
5260,1.632566549190788
5261,0.6663337296397536
5262,0.5345459066617639
5263,0.5640588284929842
5264,1.2800120169446947
5265,0.060206094002821314
5266,0.5308994927128379
5267,0.6341995310289846
5268,0.6826861692630725
5269,0.7830880109482592
5270,0.7821143769155033
5271,0.8458147067525703
5272,2.271988281424943
5273,0.6854438092402894
5274,2.288775255215988
5275,0.7273182743398021
5276,0.5965042034690887
5277,1.2103404916034848
5278,5.9821076772003305
5279,2.3018053704142587
5280,1.1535036859403025
5281,0.49794462906023773
5282,0.3632693215091313
5283,0.6323587425777889
5284,3.083170055242583
5285,1.8806748632898604
5286,1.7417253523158616
5287,1.1594944577494128
5288,0.8342720777318443
5289,1.4633825827748483
5290,0.17898339658815623
5291,0.7102786882197467
5292,0.3602806462295831
5293,0.2709282489725392
5294,0.29815030782433366
5295,9.668916982340267
5296,2.4492091342766447
5297,0.0
5298,2.0595682658918046
5299,1.9285891446609322
5300,0.5980107118326183
5301,2.342534294383116
5302,0.9687148075609024
5303,0.40290840490093144
5304,0.3287670815364717
5305,0.7018453476512079
5306,0.9789756128610562
5307,4.611833986446974
5308,0.37019500771069536
5309,1.1732195519396589
5310,0.7813653498986741
5311,2.0562657236485156
5312,0.15273414883829223
5313,0.44084856287058594
5314,0.0
5315,0.46233161877554285
5316,1.0358487622750925
5317,1.622434498147722
5318,0.47787712623760553
5319,0.40669289586517215
5320,0.6203160832767916
5321,0.7478826228282851
5322,0.6081874374268454
5323,0.0
5324,1.164788282549957
5325,0.25675738732828585
5326,0.4533513993007322
5327,0.10310087799435869
5328,0.06844400404344379
5329,0.3531203505941717
5330,2.6523725132076192
5331,0.11440082833817604
5332,0.6037664675527558
5333,0.7630227642561026
5334,0.7350037348950484
5335,0.9189499606963502
5336,4.959192964843485
5337,2.118579679283967
5338,1.691766415062247
5339,0.8814412892932125
5340,1.2733470859745581
5341,0.34155607796199766
5342,0.5627145057477875
5343,1.3238320543582105
5344,1.2235966657296815
5345,1.6106021185407733
5346,0.5755356911962893
5347,1.1839333876112423
5348,0.05381729827868854
5349,0.5129117247716428
5350,0.6755048189326388
5351,0.5864471240157924
5352,0.4914712260836971
5353,15.371837850527422
5354,2.7673193392166815
5355,0.19664964974634835
5356,4.4143304881825145
5357,4.708882189322322
5358,2.3955368301615234
5359,1.4697023839702166
5360,1.6249276889940447
5361,1.0223420621116566
5362,0.41496243388779225
5363,0.7507620350389095
5364,0.9045251169053726
5365,2.9243517770343357
5366,0.9258177312745307
5367,1.2137606179358855
5368,1.2434306897261396
5369,0.8083787123055486
5370,0.5118779863192767
5371,0.8764293522963497
5372,1.2450807316725272
5373,0.21055703259765557
5374,1.1941414548412779
5375,2.121018930612388
5376,1.3623285196278836
5377,0.7321483125773296
5378,0.439924433620121
5379,1.14136627077297
5380,1.7299836822966037
5381,0.7170272166710188
5382,0.8024279676457551
5383,0.6869747134241062
5384,0.6067607847816484
5385,0.47410914532654114
5386,0.9878076882031922
5387,0.5938494590929352
5388,2.2854855780171044
5389,0.6488953728880159
5390,1.985828071797271
5391,2.6697609071375963
5392,6.439014178867132
5393,0.9611638330014755
5394,4.73349983354709
5395,5.946701218694346
5396,2.1946894083333093
5397,1.3682309697442
5398,1.0569042222631861
5399,0.5963027122403334
5400,1.1797494101609147
5401,2.3420333926061647
5402,3.8905959276731132
5403,1.52624216276617
5404,1.0728337769306844
5405,1.804168328467331
5406,0.511249607284909
5407,1.7275560711502724
5408,0.7283112896469515
5409,0.3031696566491164
5410,0.34328961319364054
5411,14.800943081977826
5412,2.2607504359294186
5413,0.11588885904924652
5414,5.221701007208149
5415,6.970201337904467
5416,1.236733297283758
5417,1.2819059593124034
5418,1.2527289132237296
5419,0.5174844718594525
5420,0.7653135424655492
5421,0.7773727762939875
5422,0.8658229461144676
5423,2.3022951129084217
5424,1.1019965695308829
5425,0.14320725088140226
5426,0.7789389480601117
5427,0.3746822273320497
5428,0.529795009768542
5429,1.8758450437080265
5430,1.3732503324871062
5431,0.43639915866799844
5432,1.263488849713395
5433,1.5970252082980385
5434,1.8688708077948089
5435,0.8213566463113101
5436,0.6043978268361381
5437,0.46440900502229615
5438,1.5260236006907901
5439,0.09462335241559645
5440,1.6942005552269082
5441,0.8208890862853606
5442,0.7185333122047434
5443,0.20104507291440513
5444,0.17910079474840113
5445,0.6580343467542762
5446,4.278831352392427
5447,0.20648885354311824
5448,0.5119122167605685
5449,0.4271132613906745
5450,1.2164542651186359
5451,0.7690377104562781
5452,3.8826449402575007
5453,3.870096945905659
5454,4.500540666024201
5455,1.6828204415309953
5456,1.2644652143319852
5457,0.42841477229748876
5458,0.7355461164182175
5459,8.113905665283719
5460,2.74182258172917
5461,2.4172039843317363
5462,0.23229289026030153
5463,1.5271718755319197
5464,0.36774470313466934
5465,4.209359577833944
5466,1.1170542141518602
5467,1.2663639258260682
5468,1.0484710439603593
5469,28.530845613433574
5470,2.868688649692448
5471,0.12434958090239577
5472,2.9733395054518796
5473,4.89804278953428
5474,1.7353584955831516
5475,1.9704913368179742
5476,5.692276738171071
5477,0.7405034504101953
5478,0.057434118663971474
5479,1.0667286563298062
5480,0.1630670186574214
5481,3.4873416299211675
5482,1.7690902693865465
5483,0.16578500995911236
5484,0.967794237648618
5485,0.3294224688384932
5486,3.35701709368172
5487,2.1372625571733646
5488,0.5498208474622446
5489,0.8366284479183816
5490,3.808876293226924
5491,1.6319916324976218
5492,2.092238282333429
5493,2.5699381376230814
5494,1.7498027567337624
5495,1.4642328149200121
5496,2.0217830696243775
5497,1.6116539896262632
5498,1.3855473326545835
5499,0.659288324214393
5500,0.9447905435168256
5501,0.6143404902634568
5502,1.869776559742304
5503,1.110381386101465
5504,5.381969202183766
5505,0.24520607534213734
5506,2.079028513433252
5507,0.7288802315050656
5508,2.4698409180077023
5509,0.0
5510,5.507161617875164
5511,1.9723012931534725
5512,1.0957785911051454
5513,1.0441123461973727
5514,1.6182713753044897
5515,0.6695224968110653
5516,0.6241216145251189
5517,3.212466727643907
5518,2.816592221766674
5519,2.24002516165931
5520,1.4104714332410215
5521,1.5116915066416179
5522,0.3204597422929942
5523,0.7240840101831355
5524,1.5074291227415109
5525,0.47613052345531853
5526,0.3944402696996738
5527,20.857214848051587
5528,5.208854328029461
5529,0.12189575840359754
5530,4.642406008721044
5531,2.627034223469737
5532,2.486550426828833
5533,1.4326022857901166
5534,2.581452229978757
5535,1.1384965988072737
5536,0.5139801103979635
5537,0.9285936990694632
5538,0.5509594126398653
5539,2.7818061166229664
5540,1.7560985952001387
5541,0.20067873114726556
5542,0.948519011426396
5543,0.11937990536727931
5544,0.5601210384041923
5545,0.6644216594032395
5546,0.5006663827182464
5547,0.727106961859527
5548,1.6696026837711033
5549,0.7093537763476148
5550,0.9312281775810363
5551,1.315294214494857
5552,0.5181666670724434
5553,0.16657296656953416
5554,0.5344697773945867
5555,0.2988961134407441
5556,0.9905916376277741
5557,0.4535017387623714
5558,0.5534323006221004
5559,0.3885721344396403
5560,2.1417785386081247
5561,0.2202405098376271
5562,4.658033527180499
5563,3.07844264156682
5564,0.5912151006838895
5565,0.8412855405262107
5566,4.786863695146131
5567,0.18531521033714626
5568,9.767520137114529
5569,4.365515758129949
5570,1.9333087312514265
5571,1.3828630686072898
5572,0.767673535640336
5573,0.4667348069593251
5574,1.0155980306405428
5575,3.20450976149838
5576,1.9799871474876436
5577,2.5323561733422344
5578,1.825842000137729
5579,0.396040916453594
5580,2.1889657508498575
5581,0.7880134847977537
5582,1.0779708715213256
5583,0.5420347833315737
5584,1.480390759278668
5585,15.387458212980931
5586,4.343997174844723
5587,0.16369092187707815
5588,2.4901998791593076
5589,2.005768238625577
5590,2.7037951224679087
5591,1.7331646137498513
5592,0.1295298676835598
5593,0.7054265625350906
5594,2.241611133057276
5595,0.6495171686543653
5596,1.1985449408687268
5597,4.052967975214367
5598,2.2334729164502454
5599,1.3725367967421338
5600,0.7364753337467309
5601,0.25837493193530664
5602,1.6287898788117823
5603,4.466338681277364
5604,2.2021390909961704
5605,2.586847741844783
5606,1.7856335844252544
5607,1.3560626299986733
5608,1.9936677348239913
5609,0.6794390661826729
5610,0.1734087573313167
5611,0.47613863476142637
5612,1.8092929679915295
5613,0.0
5614,0.8637958218092721
5615,0.1422304445233136
5616,1.0372457542618456
5617,0.650771024849227
5618,0.8572586997200368
5619,2.050326221394319
5620,2.455289727011459
5621,1.7073403723416287
5622,2.8121275852973198
5623,0.9193963721874604
5624,1.444759679249674
5625,1.3452743712763686
5626,4.211376871808746
5627,2.668185138637281
5628,2.2383825855085746
5629,0.422003073711723
5630,0.5769175866722002
5631,0.04374008585796043
5632,0.2607017449085275
5633,0.9487319906787065
5634,1.0537258277433015
5635,0.7485448603601542
5636,1.0015364698298235
5637,0.34532895102255384
5638,0.665542978525955
5639,0.3464819108626316
5640,0.33866294333188107
5641,0.09770542875962873
5642,0.4852608220738543
5643,2.8543816340855934
5644,1.6179893773168905
5645,0.2500463081727117
5646,1.2953550738058077
5647,0.9005145037502739
5648,1.3529289307883021
5649,1.3241559776771314
5650,0.0
5651,0.10188006844953536
5652,0.9363107190360728
5653,0.10050008298003614
5654,0.29786527038815885
5655,3.035249530608149
5656,0.5669145076995129
5657,0.157684607646338
5658,0.40418125731565335
5659,0.1671081087203463
5660,0.17718785359024514
5661,1.0909938710863074
5662,0.7535392553966024
5663,0.28122855371629724
5664,1.3844693102476142
5665,1.3328578267423055
5666,2.106960676618641
5667,0.524436716447461
5668,0.42611567740473993
5669,0.2947933732575442
5670,0.7739758140175134
5671,0.0
5672,0.5249680611976965
5673,0.31047557829827427
5674,0.4061664305046287
5675,0.5237059576401598
5676,0.13754745792578593
5677,0.8932018512957302
5678,3.520887523111825
5679,0.34171953384620446
5680,1.3639806688735443
5681,0.5564687616167642
5682,0.9338402372141772
5683,0.3076589848662596
5684,3.379123083109277
5685,5.214305851434948
5686,1.7236273337506263
5687,0.3516778095808701
5688,1.8534592216449706
5689,1.036891550792326
5690,0.38722439673264636
5691,4.242113070977507
5692,2.330743580503641
5693,2.3888183306138604
5694,0.8721873143062506
5695,0.6815802117147206
5696,2.6743346910146433
5697,0.18825752005100524
5698,0.6939037621265958
5699,0.11152129847232126
5700,1.6866899244570717
5701,18.010591775807384
5702,2.2610802601083386
5703,0.012699603712587168
5704,3.644053729454937
5705,2.0050526341971606
5706,4.309583170148503
5707,1.931994477279115
5708,1.0818083733164552
5709,0.5499073964019671
5710,0.830134221167093
5711,0.21154533823099053
5712,0.4237553319506195
5713,2.2895690877235055
5714,5.208191855738477
5715,0.43274942326510646
5716,0.2613774328495359
5717,0.10528747638499347
5718,1.9485578200198237
5719,0.8939448950168353
5720,1.3498398988374505
5721,0.34096866831787626
5722,3.5982491608276352
5723,1.1556685326535727
5724,1.4592757016423963
5725,1.2785718411544347
5726,0.9795409225604896
5727,0.14601250085802917
5728,0.5935254073582067
5729,0.0
5730,0.4689700196729718
5731,0.3220548599823977
5732,0.5596012318005282
5733,0.9388073631318727
5734,0.768268518075146
5735,0.0019200203258792471
5736,3.8850971277341
5737,2.6351736529926093
5738,0.9115833294105623
5739,0.8241933689594895
5740,4.81396592454116
5741,0.36131436734467715
5742,3.4219147203899967
5743,3.111713687002532
5744,1.2707116510344665
5745,0.5850928076952322
5746,0.6681408355673825
5747,0.8409898661038855
5748,0.7361591943163069
5749,5.430923903573163
5750,1.1008802321295665
5751,1.0264114597628944
5752,1.0284333977953068
5753,1.3826103775011993
5754,0.1706437535676124
5755,0.3683778272449845
5756,0.44313427836104946
5757,0.08904767983754025
5758,0.20129729045350533
5759,13.53944329173319
5760,2.356005035977652
5761,0.10966298848880289
5762,2.7321162654391347
5763,4.164022413669523
5764,1.8958189808871684
5765,2.1218378561150586
5766,2.0081469620654397
5767,0.6171650244656699
5768,0.9638409913146657
5769,0.5457000224709903
5770,0.3647824630184128
5771,1.6342615975728991
5772,1.7595464226511777
5773,0.5031569415638681
5774,0.22658048432324657
5775,0.078015439461952
5776,0.5599458493648195
5777,1.035281876722882
5778,0.4103730735913727
5779,1.6690136445076857
5780,4.33855985465001
5781,0.8112092539615274
5782,1.586321161929743
5783,0.8114055038182009
5784,0.0
5785,0.3159141169077287
5786,0.44236986535728934
5787,2.043123987466943
5788,0.4601060309666849
5789,0.2464071908568308
5790,0.3694282279540093
5791,0.00579824888214222
5792,0.1260238839369238
5793,0.09302735100838601
5794,2.7219220843415175
5795,2.334870443770281
5796,0.7161321897667096
5797,0.57063632761864
5798,0.5493474163541466
5799,0.6384859487516431
5800,4.753051721024496
5801,2.7191711980112205
5802,0.8344419443094059
5803,0.5231792922746408
5804,0.9219591164567179
5805,0.384535605810325
5806,0.4927403560154468
5807,1.9772578197985364
5808,1.759362991613327
5809,0.0
5810,1.4989995059673327
5811,0.8270777544197341
5812,1.0067942636401443
5813,0.6199143213612712
5814,0.3395647568466591
5815,0.1262275995400667
5816,0.626311011195214
5817,3.630234501040023
5818,2.288189734631922
5819,0.0
5820,3.190592580018315
5821,0.9066601653389574
5822,1.98458405230102
5823,1.8336336870083518
5824,0.5670771612327008
5825,0.523864283051048
5826,0.9782647600802117
5827,0.40089823008547915
5828,0.4288629253918028
5829,0.9029862287240861
5830,2.299362087868402
5831,1.6109516059713747
5832,0.47148537924482975
5833,0.30842746108052715
5834,0.9419799510088338
5835,1.8881662721415755
5836,0.7623360458586447
5837,0.5867026549885328
5838,1.2001711091219782
5839,1.9536975352755352
5840,1.8779744687347992
5841,0.8398154412040917
5842,0.7983763903799299
5843,0.372339445115318
5844,1.4718811561537604
5845,0.061066493033433734
5846,0.6274768545351013
5847,0.6140991806155564
5848,0.7226473961742196
5849,0.8647759007502759
5850,0.17715513371795377
5851,2.572457670450304
5852,1.517231113012079
5853,0.5009628728490924
5854,1.1723928854487553
5855,0.8044555851204966
5856,0.5577143777050054
5857,1.8028113299428088
5858,6.179487900713518
5859,2.8990867532840325
5860,1.1825562722993441
5861,0.7627462945053763
5862,0.30574685919370653
5863,0.6114954649522866
5864,2.110516296833679
5865,1.682815963179305
5866,1.5012901523226554
5867,0.7111840298690847
5868,0.6625049152489476
5869,1.3221575484559662
5870,0.08472190599604743
5871,0.730342348174631
5872,0.36237509579694244
5873,0.18478715730847228
5874,0.2846963336665516
5875,9.550286961238022
5876,3.033202314094597
5877,0.0
5878,2.7209777838158717
5879,1.514799167338766
5880,0.632709214020211
5881,2.6401382874458377
5882,0.9031688416614649
5883,0.3161949842499442
5884,0.33310650526837526
5885,0.6348623704811533
5886,0.9357842295483753
5887,4.446342069796462
5888,0.45316371115033405
5889,1.3702709534641015
5890,0.8785911385163131
5891,2.049144355442471
5892,0.15453909090306456
5893,0.47805906251707264
5894,0.0
5895,0.4210720078465702
5896,0.890450650729358
5897,1.6049525593756964
5898,0.5659227274498952
5899,0.1982728977388826
5900,0.632968617916554
5901,0.4236147768979236
5902,0.713989199968998
5903,0.0
5904,1.0654625937045676
5905,0.524599141302216
5906,0.7241928594492937
5907,0.128404109111068
5908,0.05293706261509896
5909,1.363182057706464
5910,1.1888209163668568
5911,0.0928204696583594
5912,0.9671190488697354
5913,1.4986192252144737
5914,0.8513705935278898
5915,0.8006264105992318
5916,5.39162959699199
5917,1.9120359638696542
5918,1.8188963669656877
5919,1.2998006786361087
5920,1.3122100925670175
5921,0.5061651488378587
5922,0.6814699328642305
5923,1.3718575722191941
5924,1.4129613023963201
5925,1.7362806188798445
5926,0.60949357537094
5927,0.7557559986942539
5928,0.059382993202529995
5929,0.6213016988536668
5930,0.6111372713106497
5931,0.35881632027962007
5932,0.48338602181028145
5933,17.75241885934222
5934,3.1830531118440746
5935,0.23704154510667005
5936,4.819383005259534
5937,4.702331952334241
5938,2.4480324131998885
5939,1.4938661479855315
5940,1.4077601380980391
5941,0.896901362180107
5942,0.4367436148444942
5943,0.689730503941864
5944,0.6854726544177856
5945,1.9061949826211668
5946,0.9845567294232754
5947,1.5165783398930213
5948,1.3112757317682058
5949,0.7202165024866649
5950,0.5131461451347258
5951,0.6594421227525005
5952,1.0846552246154288
5953,0.21584120869201912
5954,1.5040444930426418
5955,1.7587641227713218
5956,1.356419185602476
5957,0.6989608182653052
5958,0.5135999048240475
5959,1.1382721866878354
5960,1.5906553616141692
5961,0.7391063530550328
5962,0.8095348341736758
5963,0.6293267777341728
5964,0.6059837084617554
5965,0.37152185114771413
5966,1.010217034987295
5967,0.7812632127564135
5968,0.5580405504057265
5969,0.3170032508978077
5970,1.4701199249540216
5971,1.6454929279454538
5972,4.801388803202999
5973,0.8002535461472188
5974,4.28025236969564
5975,6.012316664848477
5976,1.8950439680629776
5977,1.5413933843069432
5978,1.0977802934699257
5979,0.6941475484825979
5980,1.160925876122391
5981,2.235535343933702
5982,3.472167382638971
5983,1.4787995334513098
5984,0.6577770540324667
5985,0.922629658330385
5986,0.49352229698867917
5987,1.4487691024232598
5988,0.8447324214206461
5989,0.22955489192104805
5990,0.30311444135883103
5991,15.447960929662989
5992,2.812828263772062
5993,0.08384597120144309
5994,5.964132416385565
5995,7.559025309467515
5996,1.4486593883725358
5997,1.720148337683131
5998,1.326184410817418
5999,0.573084608318767
6000,0.7481230268760869
6001,0.7668797915492058
6002,1.1612810877794832
6003,1.6359894297050313
6004,1.4086755813998606
6005,1.348327805739212
6006,0.7378358744741078
6007,0.47586012383562015
6008,0.48118053324539434
6009,2.0067662504471557
6010,0.6653948053557555
6011,0.4313052412564357
6012,1.171682679303917
6013,1.4648933456856117
6014,2.0691151783603323
6015,0.7660314999546033
6016,0.6090832295873675
6017,0.3761685229906107
6018,1.4643936449223527
6019,0.0
6020,1.6844081436879357
6021,1.033980079168632
6022,0.8595318809091997
6023,0.303145226320284
6024,0.621465949937447
6025,0.39154048552625964
6026,4.42771907831911
6027,0.16284033230089054
6028,0.52686054141241
6029,0.33363741695955174
6030,1.2519188438815922
6031,0.8023008534532016
6032,3.5577918121352656
6033,5.781017414981212
6034,3.7586914299776946
6035,1.784532474204012
6036,1.1571083065123298
6037,0.49460696867010295
6038,0.639680231165835
6039,6.705877172244658
6040,2.7883694140157718
6041,2.53189758545995
6042,0.3391858242458912
6043,1.8399866632111297
6044,0.37826893757995694
6045,0.5968090789375884
6046,1.0031342316633982
6047,0.9780188186735107
6048,1.101651394061449
6049,30.562552184853836
6050,4.113010945127781
6051,0.11468059544417072
6052,3.426217431484691
6053,4.540710209392489
6054,1.8071531660104627
6055,2.229580594091486
6056,4.183001959266578
6057,0.7940297001305993
6058,0.029027563822065023
6059,0.9352355480922697
6060,0.014780192846862463
6061,2.949942310666083
6062,1.9640239227807441
6063,0.0
6064,1.0637254541376508
6065,0.32510597192193785
6066,2.9967254966571626
6067,3.037857918845023
6068,0.5529291272391472
6069,0.48243109221760344
6070,4.970549209112796
6071,1.696855362384118
6072,2.645907270871082
6073,2.2325314334500312
6074,1.8795030031812388
6075,1.528982025069595
6076,2.425003366231382
6077,1.7801727521662882
6078,1.3293819322028553
6079,0.6741039806031585
6080,0.7190668652775787
6081,0.6002610680930659
6082,0.2940952389243305
6083,1.6942756461005664
6084,5.628591134299823
6085,0.2226940645619359
6086,2.073909917976365
6087,2.45121589158032
6088,3.7422859540204936
6089,0.0
6090,4.321075403352358
6091,2.663430214463076
6092,0.9309002230734049
6093,1.2484089945422674
6094,2.0104106121351664
6095,0.8832670352828782
6096,0.926605359186711
6097,2.9947476882356145
6098,3.0039168502425415
6099,2.0439490404607414
6100,1.8884156677799129
6101,1.686983453213836
6102,0.26912856762615917
6103,0.8145896158301097
6104,1.1738848657881842
6105,0.5017706499231228
6106,0.3888281301284386
6107,22.062570423412694
6108,5.452497790009562
6109,0.18976036051628575
6110,5.493323206840301
6111,2.7920023887482737
6112,2.571839777394071
6113,1.5573079642482122
6114,2.4042284651685217
6115,1.1636448214150834
6116,0.4313033667468933
6117,1.0617553516909972
6118,0.5474581906830177
6119,2.520772023035654
6120,1.937497159548394
6121,0.5607543462690407
6122,0.8638674603509259
6123,0.13166593078340072
6124,0.8735130284525628
6125,0.6661708733189061
6126,0.8836954809925446
6127,0.8118408930053359
6128,1.46860385152109
6129,0.7852968493498103
6130,0.9535018164356762
6131,1.2954875935172907
6132,0.5677815164279598
6133,0.17535901910228363
6134,0.8070465074927198
6135,0.3516991425807858
6136,0.7117552765783611
6137,0.4776056830214599
6138,0.3451642486786977
6139,0.4211375629227702
6140,0.8116917907206594
6141,0.8462550181730047
6142,7.145779126984465
6143,4.419083940708921
6144,2.544265176167457
6145,0.5778561913581836
6146,4.533754927532362
6147,0.27273155349630074
6148,9.325480372107304
6149,5.912235665670446
6150,1.9596837104148264
6151,1.4395952358265454
6152,0.7453579174593873
6153,0.6707597072604121
6154,1.1186943396224374
6155,2.6433697947335175
6156,1.6323910639219672
6157,2.2828065691550146
6158,1.634077245171319
6159,0.305444830621885
6160,2.1838237759981514
6161,0.7586818025701465
6162,1.0106269550173006
6163,0.7711292188415263
6164,1.478456223289381
6165,19.17212625656627
6166,4.254934695416573
6167,0.07261148027171249
6168,2.770235830112075
6169,1.7485753180356456
6170,3.0295434431004358
6171,1.617215878939545
6172,0.03629991335870544
6173,0.694767943432341
6174,3.1638816830111622
6175,0.8702690449779209
6176,1.4423283005466692
6177,2.235356495692443
6178,3.165513239313577
6179,0.5161099626779102
6180,0.5760878850391096
6181,0.37175638354296764
6182,1.4854671933005508
6183,3.337826434117319
6184,1.616841473571272
6185,2.4049958161709664
6186,1.622444030554842
6187,1.5085415636242712
6188,1.9949039798331376
6189,0.6644493803448536
6190,0.11902287019570305
6191,0.48185688160900886
6192,1.8570940174217352
6193,0.0
6194,0.7268755559709463
6195,0.12806699145643802
6196,0.9770517810503019
6197,0.5603385573474096
6198,1.1811658711521598
6199,2.9354263831824703
6200,1.7553965436430128
6201,0.6917392044792513
6202,5.713546997009131
6203,0.8451055990204969
6204,2.326530457702839
6205,1.1154333606876423
6206,5.111017649716406
6207,1.8775268079166485
6208,2.3473365247088287
6209,0.34023703079309614
6210,0.33891884586758364
6211,0.0357255516483454
6212,0.24589889655347985
6213,0.8669083593349821
6214,0.8813283668278801
6215,0.7121624287186774
6216,0.9351205037301512
6217,0.22087986255459346
6218,0.5158858462756064
6219,0.4519912926945208
6220,0.3034946358506371
6221,0.09558442532350482
6222,0.4909270929871113
6223,2.812494594076906
6224,1.5480049427164309
6225,0.1079990581584354
6226,1.3311282259558304
6227,1.911363339436451
6228,1.2971134033031402
6229,1.1011551586193664
6230,0.0
6231,0.0429236732387733
6232,1.2096513498895438
6233,0.1836041990801622
6234,0.2883904574258481
6235,9.284177111470225
6236,0.5376637384671169
6237,0.5739654542443161
6238,0.3370292029639276
6239,0.14228222968182877
6240,0.06213171319678208
6241,0.7981631552879039
6242,0.4046741443527986
6243,0.4308216825158843
6244,1.2027016758101452
6245,1.3464011985500748
6246,2.355171188105914
6247,0.43556911366170487
6248,0.3382700746849702
6249,0.23796433183522403
6250,0.6962723145670412
6251,0.0
6252,0.4809543952809355
6253,0.22417538719181784
6254,0.49290527743742524
6255,0.4780808377732143
6256,0.12204051649744099
6257,0.749861410469196
6258,2.516519791824299
6259,0.2909569608985131
6260,1.3505256378387096
6261,0.6473883533672381
6262,0.8563808777196494
6263,0.32366537246576826
6264,2.5716202401517454
6265,5.264616176168874
6266,1.2150162331657295
6267,0.35460857599582
6268,1.8251956802772107
6269,0.7932064262743472
6270,0.6629085703263262
6271,5.640011939226916
6272,1.8168441294585023
6273,1.9330542538932514
6274,0.6650945572531273
6275,0.4341635402560512
6276,2.727093299233979
6277,0.16869299072650784
6278,0.48836037453407066
6279,0.07858097811106976
6280,1.542219493341282
6281,18.477752390328348
6282,2.0763520545479768
6283,0.0
6284,5.0004642724624
6285,2.937739816386285
6286,4.46107756657823
6287,2.180116380158999
6288,0.9273417273934484
6289,0.6510197746876144
6290,1.1108091020000468
6291,0.20090049798405896
6292,0.40419080262612217
6293,2.4119486046536873
6294,5.591995147252293
6295,0.3739019604159172
6296,0.27193633425570574
6297,0.08532005080897762
6298,1.424820584589475
6299,0.7145002832406042
6300,0.6660800578609614
6301,0.5530935533713723
6302,3.2364785356697574
6303,1.3710279469385593
6304,1.5717919765388566
6305,1.2729515258022084
6306,1.0767377771426363
6307,0.1488196381209299
6308,0.5749280987259368
6309,0.0
6310,0.5381882294729766
6311,0.2995744371898064
6312,0.7370387746345411
6313,0.9212933079858054
6314,0.6466508729866929
6315,0.002336686459035167
6316,4.7106579936498125
6317,2.1146878490205823
6318,0.15200649049727738
6319,0.4318515999472348
6320,4.135434596649296
6321,0.45535326639144613
6322,4.224260846712219
6323,2.5550441434115405
6324,1.0894848554828083
6325,0.6119267074405461
6326,0.7879332246696131
6327,0.7508647456563446
6328,0.7112541784135733
6329,5.0340215244080175
6330,1.0843392500123057
6331,0.7376796124974072
6332,0.971989436401695
6333,1.4891900079999991
6334,0.06758638893498206
6335,0.27421919038317066
6336,0.339654670187391
6337,0.07202886629586329
6338,0.5739431144513998
6339,15.669683092776737
6340,1.9148265673619151
6341,0.005612344469049962
6342,2.546983088318063
6343,3.8242127229100835
6344,1.8512165320126495
6345,2.2043843231045814
6346,1.6228893980095314
6347,0.534125034096191
6348,1.0267106992110762
6349,0.7191588260138954
6350,0.20689723522291692
6351,1.6086519631926206
6352,2.026951158218694
6353,0.7247396113578078
6354,0.23497522432252663
6355,0.051719499323162124
6356,0.5678199148232508
6357,1.0919156730418293
6358,0.20421345560318252
6359,1.7128968662314468
6360,4.335602107752326
6361,0.7265200691430679
6362,1.601777120539698
6363,0.8125206997013311
6364,0.0
6365,0.295571630561875
6366,0.5281461359190668
6367,1.9661026982889311
6368,0.4363706647467678
6369,0.22910708762170023
6370,0.6215314270697616
6371,0.0
6372,0.11051694250857885
6373,0.08935913567483265
6374,4.863076964316311
6375,2.6107454248967423
6376,0.7014392863979131
6377,0.22615390730065096
6378,0.5097485385622544
6379,0.8379076846345461
6380,6.8151024752720515
6381,2.714059125048844
6382,1.2343275679807568
6383,0.47069098695840006
6384,0.497663931583316
6385,0.34431461907909255
6386,0.4604571172316001
6387,1.874363960444094
6388,2.1789819851049623
6389,0.0
6390,1.6375521516568752
6391,0.9814958316039215
6392,1.1856578480310411
6393,0.5613006173452056
6394,0.3156757181078635
6395,0.10136062671303943
6396,0.7313377311081426
6397,4.191773872554165
6398,2.1113087768629506
6399,0.04633489769124977
6400,3.31305255547236
6401,2.4842947043812194
6402,2.17213322452832
6403,1.9558879725330462
6404,0.9545456755379031
6405,0.5125300249140236
6406,0.977784508618549
6407,0.41067491398441186
6408,0.8163036115892501
6409,1.7350214399452095
6410,2.7728995863180765
6411,2.011050007561823
6412,0.4639803866676225
6413,0.35198340688351615
6414,0.779437791937087
6415,1.9978808185434864
6416,0.7750808792296733
6417,0.7507065051943113
6418,1.5171068782484207
6419,2.107043233667941
6420,1.9425494844217817
6421,0.8085535434405727
6422,0.7598003888984334
6423,0.5794570790674105
6424,1.587766185050762
6425,0.05511010609627076
6426,0.5654009613409349
6427,0.652834951493803
6428,0.746017633077167
6429,1.0287521287122368
6430,0.27748892300147376
6431,0.7594909904010269
6432,2.7273589588296825
6433,1.1479940856211563
6434,2.9790628173228546
6435,0.6003924446014919
6436,1.0539872993641433
6437,1.1523279279852259
6438,9.007524184886478
6439,3.2696034794883717
6440,1.247049891454791
6441,0.6538458389826
6442,0.3643093980304757
6443,0.6672620163906273
6444,1.7767351777198361
6445,2.117344576477171
6446,2.278042585489541
6447,0.8767243372884659
6448,0.7618976003695144
6449,1.4887231402896695
6450,0.1256918200960656
6451,0.8861208328143575
6452,0.20543131890046515
6453,0.14932612498470643
6454,0.34154863370735955
6455,11.950022190935353
6456,2.7604515895521677
6457,0.0
6458,3.14479953829906
6459,1.7268524680074693
6460,0.8295790385249872
6461,2.7030928211887684
6462,0.9848680837412167
6463,0.3605209955673359
6464,0.36626397241295267
6465,0.5280088263498143
6466,0.6511102245656596
6467,3.8403766012140204
6468,0.7755268940130194
6469,0.9846756591194217
6470,1.0753807952198768
6471,1.707488028236116
6472,0.24365224132660543
6473,0.3750162721424882
6474,0.0
6475,0.5605944994370023
6476,1.2150667960944666
6477,1.6890554657357812
6478,0.506029695555651
6479,0.3790757862818763
6480,0.5634154891225728
6481,0.5652325399725608
6482,0.7638476201059079
6483,0.0
6484,1.0729342722811546
6485,0.5160247548131025
6486,0.6639539331175863
6487,0.12644309976009377
6488,0.050523306155428105
6489,0.4487613975428752
6490,1.2297675877870011
6491,0.15506855239560133
6492,2.4125886245736843
6493,1.0393850522485735
6494,1.043044660034655
6495,0.678727593356289
6496,8.220850530425363
6497,2.343322834658741
6498,1.9260713383572223
6499,1.3008745288537746
6500,1.559319087156994
6501,0.7652724275360193
6502,0.575100679779669
6503,1.6868190704535393
6504,1.9638359609991924
6505,2.386946108176929
6506,0.7721523798914179
6507,1.548252099706254
6508,0.10398500138541611
6509,0.5622603736532743
6510,0.5772099643672134
6511,0.5937779724985526
6512,0.4242503168766766
6513,21.647327564225197
6514,3.5781376126448756
6515,0.2900583212272444
6516,6.453819769762849
6517,5.13909693718179
6518,2.687131153941804
6519,1.7865277508097153
6520,2.8707139915923916
6521,1.363584368752175
6522,0.48806730678914634
6523,0.8555205533284609
6524,0.8681787306037647
6525,2.3023472580282824
6526,1.2370336405380826
6527,0.7009858965879694
6528,1.5802377575560902
6529,1.6295807406404867
6530,0.7656907025827595
6531,1.1016288889195494
6532,1.3117285468157096
6533,0.21101727411134197
6534,1.6002835099380635
6535,2.2606916432188457
6536,1.666380667937977
6537,0.8610242972520449
6538,0.47923244498879797
6539,1.3693195666685507
6540,1.7103101174623911
6541,0.8526907844117323
6542,1.340789789956919
6543,0.8568616944796358
6544,0.6889332973468171
6545,0.31834284388247236
6546,2.6290357890741145
6547,2.9767628174269727
6548,0.6323367991219798
6549,0.9563939964807344
6550,3.9099451208253453
6551,2.6909583926314538
6552,4.6042052043917785
6553,1.29656518806105
6554,8.212821374259372
6555,6.659282127405285
6556,3.0744544643976273
6557,1.7701881553039867
6558,1.4319703308486653
6559,0.7745323796152603
6560,1.2380112642611802
6561,2.205850645375329
6562,4.458505277464234
6563,1.6429390390045917
6564,0.9095503242493468
6565,1.6422350196057787
6566,0.46982140706496167
6567,2.0448392146862053
6568,0.9758271383474892
6569,0.9858360411598913
6570,0.38672220069144714
6571,19.017485498694082
6572,2.9107349475291215
6573,0.11642966267135141
6574,6.228683146316857
6575,8.48148756695589
6576,2.1916296843133454
6577,1.909873019745652
6578,1.77720701133538
6579,0.7086095645618323
6580,0.9087593428627883
6581,0.7784767278756481
6582,1.2573488760609963
6583,2.8090106306222675
6584,1.8621374625108955
6585,0.09294158906129053
6586,0.7715289554257626
6587,0.9154116642440769
6588,0.6108148216277761
6589,4.077439571863622
6590,0.6026892570999939
6591,0.4255056731923181
6592,1.5911131885069383
6593,1.9149480932477003
6594,2.3511481078199226
6595,0.8891603035983547
6596,1.0932466167441939
6597,0.5446062166089775
6598,1.937876637574061
6599,0.0
6600,1.7720697311823146
6601,1.448986832029334
6602,0.8201343786121499
6603,0.3430743400857995
6604,0.2433986411760392
6605,0.6574644537139244
6606,2.5869635964627533
6607,0.16319303351108327
6608,0.35982009343667015
6609,0.6463762425050735
6610,1.228687244619177
6611,0.8098556709335412
6612,3.9645999928116007
6613,6.3921711505751055
6614,4.540975163918317
6615,1.6761003516406283
6616,1.6485775799473337
6617,0.8787982163302017
6618,0.5615699142165825
6619,7.48938767718298
6620,3.2041063189449437
6621,2.7105762174896118
6622,0.4618387751611157
6623,1.807736253170793
6624,0.3654418723108001
6625,0.03853648733926193
6626,1.0512526903855588
6627,0.8610859662043859
6628,1.4716472305435189
6629,31.966535559308145
6630,4.083257784440903
6631,0.15838598705248413
6632,4.541460022494063
6633,4.550193248912129
6634,2.4023431775431168
6635,1.9249134539265444
6636,3.656114688124944
6637,0.8091905143036447
6638,0.008209481504362
6639,1.4776331285037962
6640,0.10044215409140714
6641,2.917040369500812
6642,3.2449878864387327
6643,0.0
6644,1.1786219391184258
6645,0.292664167414299
6646,3.050676666840366
6647,2.3623063193872142
6648,0.0
6649,0.8371725851656983
6650,5.059949594247515
6651,2.3530193420999805
6652,2.190549800911189
6653,2.4253078172177682
6654,2.0520487509003376
6655,1.4090776379315648
6656,2.4880550080476977
6657,2.912208587176207
6658,1.4109324747997338
6659,0.7286580378408384
6660,0.8625878901248196
6661,0.5868862332449785
6662,0.9718069378326669
6663,1.7862098147037655
6664,7.671048804846371
6665,0.23400102338688664
6666,1.240820616334631
6667,1.022849019700329
6668,7.587541484595169
6669,0.0
6670,13.865456382462462
6671,3.6083907603139567
6672,1.4590419426144865
6673,1.2061350297397766
6674,2.4943300605365453
6675,0.8761866052123019
6676,0.6040303279004363
6677,3.19346974313205
6678,3.0159004188947587
6679,2.075436637935475
6680,2.183501643622795
6681,1.6000382771646404
6682,0.44892983036336365
6683,0.8725072589871709
6684,2.0194703814087247
6685,0.7999063367499809
6686,0.4120814576098483
6687,27.363594159923053
6688,6.761659705309227
6689,0.19080217984207312
6690,6.752551496914837
6691,3.149666312471223
6692,2.8647821356240364
6693,1.8895501666113474
6694,2.5637180578341856
6695,1.2168155601265993
6696,0.42066329310214917
6697,1.1675957574848381
6698,0.6724053552465443
6699,3.83766330495497
6700,2.3202073563808177
6701,0.7125198406192025
6702,1.3803564972615134
6703,0.34373254032951706
6704,0.8289966663208512
6705,0.6240909879236439
6706,0.8645293880610214
6707,1.1232584002069201
6708,1.9339492913537772
6709,1.3626457095787277
6710,1.4449516696097273
6711,1.5232698790469874
6712,0.8481219904935626
6713,0.1927133892199514
6714,0.8886825682829783
6715,0.4648572115808115
6716,1.1407260552431544
6717,0.49539149371305735
6718,0.36448584151276886
6719,0.6260365221982871
6720,1.0816052407238332
6721,0.3545882817562192
6722,6.746732362245379
6723,1.9941183812741454
6724,0.576992528989862
6725,0.9461980645631051
6726,5.4778168749050025
6727,0.17441833414975866
6728,11.488834814907467
6729,6.835988905293772
6730,2.2044975772123228
6731,1.5541387054313613
6732,0.7538670665744525
6733,0.7014833598101794
6734,1.3026352609066791
6735,2.4141102559502086
6736,1.9042328030516014
6737,2.612895856166094
6738,1.6777528787852465
6739,0.2581974833911041
6740,1.9063009264484583
6741,0.7919739600838622
6742,0.7925726368985904
6743,0.5607732235772839
6744,2.372620025955297
6745,21.318467505768982
6746,4.756249732664098
6747,0.11473582925743761
6748,3.100607380425885
6749,1.982777981318153
6750,3.0962410359687222
6751,1.5689150554642926
6752,0.0
6753,0.6824714878479026
6754,3.214720959382117
6755,0.8940346940879669
6756,1.1149328839044985
6757,1.4102047319025373
6758,2.818463881924158
6759,0.5677150193698961
6760,0.580421104703394
6761,0.28997633627009545
6762,1.3667913713746307
6763,3.512692194356327
6764,1.6552296971561047
6765,2.4403230448859277
6766,2.085166734198527
6767,1.9919214546704802
6768,2.23841382298958
6769,0.6843498192690334
6770,0.12171406833585398
6771,0.46953056735004345
6772,2.2791132463392474
6773,0.014603952427090887
6774,0.8046314149052969
6775,0.1430094277666296
6776,0.9716297904013466
6777,0.6491236297788867
6778,0.8547718086696584
6779,3.4310864995053976
6780,2.4348490025282676
6781,0.812404451792031
6782,1.5683292733062368
6783,1.1099414917392685
6784,2.5333244602862313
6785,1.3036518762544498
6786,5.740114351750562
6787,3.5961786969617844
6788,2.7542673085527616
6789,0.44579968160074374
6790,0.4563756565821012
6791,0.026050397003109762
6792,0.28947303932679064
6793,0.8279454509473457
6794,1.3717877706453196
6795,0.656610079808548
6796,1.1500114854083519
6797,0.39824738997282627
6798,0.5724424566745783
6799,0.4329288099661535
6800,0.33314356123135785
6801,0.08132489456997359
6802,0.42039740262294273
6803,3.1755009970969366
6804,1.7266778966435166
6805,0.17048095936282417
6806,1.3988646770486428
6807,1.1615146867075643
6808,1.6807885013636026
6809,0.8420146192429967
6810,0.0
6811,0.12411567492199885
6812,1.125982432651895
6813,0.35093619287793326
6814,0.2739236898048631
6815,4.8280599653263465
6816,0.8250041263146866
6817,0.1657191147282767
6818,0.40686347568557796
6819,0.29492043956666797
6820,0.0
6821,0.6558006594516537
6822,0.2448622455237698
6823,0.3012057442009567
6824,1.9246274041184648
6825,1.4446539994649665
6826,2.412979886389161
6827,0.6120538991063845
6828,0.6206298138992344
6829,0.2851652462898912
6830,0.7110175487564196
6831,0.0
6832,0.5904397203469334
6833,0.33017987639019497
6834,0.5091668692080809
6835,0.6264520792433887
6836,0.3636862064431977
6837,2.3378010283475206
6838,4.471575720829351
6839,0.32172974871054355
6840,0.34682904727774816
6841,0.45697261083625657
6842,1.1655722033039237
6843,0.17804744428224922
6844,3.2372007390832818
6845,6.148585591126658
6846,1.6332267036922072
6847,0.2889648780001341
6848,1.8852133982911108
6849,1.6097233056354294
6850,0.6580816927887564
6851,6.015363292559754
6852,2.0065060315854932
6853,1.910362741573388
6854,0.7490284949802613
6855,0.5961741329386603
6856,3.162154800157488
6857,0.2154735648239923
6858,0.48585657821784145
6859,0.024766312779103995
6860,2.12492032671467
6861,21.081334838362977
6862,2.0906275235146867
6863,0.0
6864,5.270383454661382
6865,2.1374404536145706
6866,5.662129162926548
6867,2.1137249733024883
6868,1.2430289099197087
6869,0.7479044673818819
6870,0.8917212229247001
6871,0.11947806483879408
6872,0.44958991454908387
6873,2.104245519687036
6874,5.4908937735934575
6875,0.2558076636544623
6876,0.3514398572898068
6877,0.10989320446804539
6878,1.6337861699142604
6879,0.6932930121254779
6880,0.17262624777764723
6881,0.35695796778720446
6882,3.3923289205982265
6883,1.9253396044386997
6884,1.7975318042495143
6885,1.9237600203584713
6886,1.1086194745608244
6887,0.14955236966531923
6888,0.5920013125046402
6889,0.0
6890,0.47938570070378794
6891,0.29365971763276816
6892,0.6505904042149916
6893,1.2655723108355406
6894,0.0609717419422216
6895,0.14290266402981705
6896,2.5625301609534037
6897,3.423836886712839
6898,0.2690230201670137
6899,0.4610635929054351
6900,5.864505283551776
6901,0.3633644594198262
6902,4.303003871702086
6903,3.143668843143739
6904,1.5324002917455175
6905,0.6691368725747493
6906,1.2045705144421333
6907,0.9694299004606177
6908,0.9176191099843882
6909,6.2464436144077045
6910,1.9562448936685717
6911,1.064915827542229
6912,1.5074428274173033
6913,1.4948863699725736
6914,0.15421739492944161
6915,0.3106843992109545
6916,0.517862534864003
6917,0.07340915391445424
6918,0.5064459039412512
6919,20.121086340437675
6920,2.054754521010435
6921,0.04598718512681626
6922,2.841541509619144
6923,4.497251221568095
6924,2.372875158550218
6925,2.2261393118307056
6926,1.7686311444378027
6927,0.5956223420879891
6928,1.0003442328552026
6929,0.689007395130977
6930,0.34874369354026297
6931,2.1603061391933807
6932,2.599573022729789
6933,0.9417450411017384
6934,0.25335801561520477
6935,0.031932089175468664
6936,0.7849453316233314
6937,0.8737179294663848
6938,0.3948901009790362
6939,1.6930382712933767
6940,5.3127313598411865
6941,1.5546523754820136
6942,2.1565551956619102
6943,1.2874429634625755
6944,0.0
6945,0.2941455110984605
6946,0.691013639642548
6947,1.8819381434099431
6948,0.5985904798668332
6949,0.2401100658273774
6950,0.36523444910466846
6951,0.0
6952,0.1108696437187715
6953,0.0931707454777736
6954,4.0002170524123075
6955,2.076784922255444
6956,0.6540751035749386
6957,0.634658545069234
6958,0.9611547967184009
6959,1.4054322632472707
6960,8.02556095395877
6961,3.3462371718805706
6962,1.4015455092865303
6963,0.9149697965620869
6964,0.6669894584040554
6965,0.5062904318938612
6966,0.5970069297383773
6967,1.819446504499854
6968,2.301667665196102
6969,0.0
6970,1.6466969264640712
6971,1.2553073883878163
6972,1.845881435779562
6973,0.7730803669174097
6974,0.5594583991793027
6975,0.280804969821019
6976,1.0229144544796593
6977,3.930300463068416
6978,3.387310794732538
6979,0.026309780258124405
6980,4.817188597037464
6981,1.8285602702257224
6982,2.3641186350259806
6983,2.174457309043932
6984,1.1641147854968912
6985,0.5619308744505569
6986,1.5851131784745023
6987,0.5139913451231007
6988,0.6229801053110725
6989,1.0105075246529363
6990,2.2226852430013007
6991,2.3446791379867644
6992,0.5922393834653183
6993,0.7523174188898618
6994,0.9918544753789797
6995,1.3687462625113456
6996,0.8861724962420049
6997,1.05067543045596
6998,2.0142250239542614
6999,2.49946493931527
7000,2.095356094082428
7001,1.28560644288791
7002,0.8775953912742251
7003,0.6523994181780622
7004,1.898838672551674
7005,0.09124921582424711
7006,0.8842680251023054
7007,0.9320196460756298
7008,0.9358332387115322
7009,1.01679680947494
7010,0.17899184183153383
7011,1.9681606213430995
7012,1.5223559766564647
7013,0.7585675807753355
7014,1.931582069304155
7015,0.9406654068567877
7016,2.3806735363897014
7017,2.7169015784461816
7018,8.754244399926527
7019,3.262065270002237
7020,1.7899007043186892
7021,0.5382163600543775
7022,0.24343444128153777
7023,0.8858837309159404
7024,1.2199060170635527
7025,2.1625522567897457
7026,2.2913568481969984
7027,0.8978449223279933
7028,1.776659034995892
7029,2.0474585978498756
7030,0.18101736537411356
7031,1.1125691220433098
7032,0.6375326189742477
7033,0.4315087810353846
7034,0.3461444530914231
7035,12.487982489996895
7036,3.8100733199386716
7037,0.0
7038,4.511966241152887
7039,2.145057605080177
7040,0.7033713150489522
7041,2.629980278661551
7042,1.3780331193720985
7043,0.4370211205929943
7044,0.355750484912207
7045,1.127140382111548
7046,0.9235481394583334
7047,3.9938185054399784
7048,0.816552366790416
7049,1.2202905187103321
7050,1.2403947248194447
7051,1.4268475364372586
7052,0.30592466466865403
7053,0.3556222542028014
7054,0.0
7055,0.48532311566757586
7056,1.909967274882248
7057,1.8664429368047308
7058,0.7580612677687343
7059,0.30563968220731486
7060,0.8565574882403447
7061,0.40372539180465744
7062,0.907399303802269
7063,0.0
7064,1.3817875405619353
7065,0.5557049347294611
7066,0.6600973658339723
7067,0.1407447344828996
7068,0.03919293335276803
7069,0.5655525945569279
7070,3.584004090060959
7071,0.15673599070962901
7072,1.468343210269888
7073,0.9898521181632775
7074,1.0215360206077502
7075,0.3093442146711432
7076,10.280981470612804
7077,2.590845660956297
7078,2.2865911187251795
7079,2.8698077533189075
7080,1.7202725346266245
7081,1.2549007851228473
7082,0.855198747904113
7083,2.249327152235462
7084,1.9486861015251078
7085,1.9480186517918616
7086,1.4663934307751534
7087,1.9938700782301642
7088,0.39963086431534506
7089,0.5774953277275643
7090,0.9085670711128307
7091,1.0641069566578218
7092,0.5575351244223784
7093,23.407934231291684
7094,3.912863198089445
7095,0.16755063990892763
7096,7.210321588448732
7097,5.904323866233182
7098,2.849708424923853
7099,2.4453450073732497
7100,3.129322130206959
7101,1.6943878358156446
7102,0.8184734948146117
7103,1.8624061774096112
7104,1.0626815662333136
7105,3.0413898771701398
7106,1.4862023183108308
7107,2.4210795592185312
7108,2.285478762943239
7109,1.3970596747099593
7110,1.52416259038337
7111,1.300520622145622
7112,1.6499425793485236
7113,0.38895325023015265
7114,3.2222305937008433
7115,3.55309062888371
7116,1.960168301008629
7117,1.185696266138778
7118,0.7083724912586148
7119,1.8935711993114694
7120,2.25872792052022
7121,1.2049772196938913
7122,1.5240611302458822
7123,1.5232553370714965
7124,0.7590684775231731
7125,0.23169830421440676
7126,1.0225216267854893
7127,2.1142827265373536
7128,0.7906962386538455
7129,0.558121551525939
7130,2.9689677404149366
7131,1.6823906388643728
7132,6.258966645694627
7133,1.812403170531103
7134,8.460111394446566
7135,6.731110784391392
7136,3.615824132700129
7137,1.6075800825558575
7138,1.6960523201617634
7139,1.332113153247101
7140,1.682310409521059
7141,2.1934364657870327
7142,5.4505301744591925
7143,1.871841983938958
7144,1.0594861049150008
7145,2.1445366965918473
7146,0.44036072246656494
7147,2.18928678411791
7148,1.7704421445257739
7149,0.4485905439263205
7150,0.4827256254361582
7151,19.256268400740552
7152,3.567624859529187
7153,0.023500667420631987
7154,7.620696261005337
7155,9.681293654493057
7156,2.672761698030313
7157,2.3744886691701397
7158,2.2163643211277138
7159,0.7020332590274505
7160,1.4635987299587585
7161,1.285757009197201
7162,2.1653136556508206
7163,3.504344957582778
7164,2.419111856073646
7165,1.8876448733635842
7166,0.8031706743316415
7167,1.1222631189531485
7168,1.1786630552687138
7169,2.5417735981046783
7170,1.30866714529445
7171,0.45864722296578175
7172,2.1601995242821435
7173,2.3842020466023635
7174,2.6430437280482026
7175,2.048016446145078
7176,1.7355638127041637
7177,0.6011670057011608
7178,2.6661574086443336
7179,0.4027765162391163
7180,2.307701011224018
7181,2.1491335505749953
7182,1.026677626026077
7183,0.43319208647535
7184,1.5697111994373192
7185,0.38112650052404157
7186,2.517979124906855
7187,1.1995790841148206
7188,0.7913148409848577
7189,0.6947757670792195
7190,2.605168940788057
7191,2.324926058258985
7192,5.95320400979155
7193,6.806664879429687
7194,6.09801675888819
7195,2.0335640697347963
7196,1.529746409988781
7197,1.1199578101734724
7198,0.9910198485374107
7199,8.690878014408462
7200,4.428058796333682
7201,2.769861295394217
7202,0.5026803861645825
7203,2.4615537648151347
7204,0.5879826522984495
7205,0.6852315230212795
7206,1.2643842698362469
7207,1.7691863262295835
7208,1.4350100350884871
7209,34.851670544753404
7210,4.537526778200743
7211,0.0195585811429452
7212,5.408883494485987
7213,6.1068339256722
7214,2.6830802130861104
7215,2.121768377172754
7216,4.028937866962662
7217,0.920265275003302
7218,0.19690300124100157
7219,1.7143026959836287
7220,0.3036226054697176
7221,2.7896470114654184
7222,3.327899517441474
7223,0.0
7224,1.2572915080467366
7225,0.7291112816316055
7226,3.300542062229475
7227,2.0797095331190314
7228,0.0
7229,0.8225549053398152
7230,6.80441532658316
7231,5.369984101946718
7232,3.861446919669332
7233,3.0464412880092757
7234,2.401005212802636
7235,1.9967084929891241
7236,2.72476749749172
7237,3.6237890510628588
7238,2.1105540669730467
7239,1.303434475427068
7240,1.1978101842070534
7241,0.8363373705831145
7242,0.39483405689877543
7243,1.7270439823067933
7244,5.208581086510277
7245,0.23923624924655115
7246,4.015109652323851
7247,0.8760366190233417
7248,5.0710383937961705
7249,0.0
7250,16.297824644891307
7251,3.569549859540934
7252,1.3737998745565658
7253,1.251851182708277
7254,2.8786965495690935
7255,1.3680000338202043
7256,0.949720392083553
7257,4.633712769969324
7258,3.0830889471118272
7259,2.322716079579101
7260,2.344033937472113
7261,2.3248949363757374
7262,0.6378761774720956
7263,1.1485963507027153
7264,2.4089378415390703
7265,1.1337929193044454
7266,0.47738072703174694
7267,27.76100781236626
7268,7.014958433110036
7269,0.31845664951336655
7270,8.480396396229287
7271,3.308635389901417
7272,3.8725884421191563
7273,2.0701879529934364
7274,2.875443578200726
7275,1.4282772658269227
7276,1.1908889068921307
7277,1.6920855956563716
7278,0.89970590261552
7279,4.039571488195615
7280,2.011289902332014
7281,0.7798035033724411
7282,1.276874985004826
7283,0.21980734131004107
7284,1.3676610443785395
7285,0.8017541628978713
7286,0.39261648428112295
7287,1.0542935267877467
7288,2.6105447073254586
7289,1.7044516834566799
7290,1.970469818013461
7291,2.565633020106185
7292,0.9386288962954995
7293,0.2132832939797143
7294,1.0824134984129408
7295,0.46501243292423466
7296,1.7195434288229274
7297,0.7080660906173849
7298,0.42737844706215894
7299,0.6338982678086875
7300,1.239442368916245
7301,0.9626373701522473
7302,6.666427436280255
7303,5.707191290138873
7304,0.29009917150703873
7305,1.0011742316749535
7306,7.204839901532151
7307,0.3135892731579298
7308,12.317103637204388
7309,7.481230820750303
7310,1.9434319157941495
7311,1.7332901725380283
7312,0.6507753272457586
7313,0.5629068792226943
7314,1.13412122168465
7315,2.827455869751511
7316,1.9483525162692095
7317,2.457369888771972
7318,2.461720961530967
7319,0.4924691648442375
7320,3.1913565189144135
7321,0.8971184437605124
7322,1.0811498285298515
7323,1.0962701426315329
7324,2.947615471596697
7325,22.404881757270836
7326,5.492887195608858
7327,0.03257522850556695
7328,3.661489638855354
7329,1.3831395600806335
7330,4.347613582443523
7331,2.4677005894149144
7332,0.14628654071375935
7333,0.6772662379642215
7334,3.3708930127805106
7335,0.6685615174968054
7336,1.4493963848244062
7337,1.9462369669583672
7338,3.758361268382605
7339,0.7932296625051563
7340,1.0751660093286064
7341,0.6837992075647875
7342,1.5104010192343127
7343,3.3061406669685485
7344,1.6437361884680373
7345,2.085579397260979
7346,2.3257426929533414
7347,2.2890931860635857
7348,2.541791002987052
7349,0.9796516955364934
7350,0.20713240654999596
7351,0.7647999553665972
7352,2.282523930976557
7353,0.12987442903028062
7354,1.0167385886028841
7355,0.19000016423986435
7356,1.1308828981869388
7357,0.643843756747001
7358,3.6220591165930305
7359,2.543426732426151
7360,1.8241150958352284
7361,1.6485530491143248
7362,2.0391257452220177
7363,1.1618162570252382
7364,2.7961558972250686
7365,1.6154600541385178
7366,5.600241174033975
7367,3.0813540468044325
7368,3.0029508026782232
7369,0.38298604363944116
7370,0.5528149404927191
7371,0.1715846371620316
7372,0.5165143125595615
7373,1.3001330752337845
7374,1.4773238915683378
7375,1.0889023237159712
7376,1.435393231927859
7377,0.4629411183738888
7378,0.990955566003663
7379,0.6062196745863533
7380,0.44296483618382554
7381,0.20790682594665616
7382,1.155297912944532
7383,4.087835725618231
7384,1.7660417866523672
7385,0.1293087078247183
7386,2.038991290923551
7387,1.0055968617448776
7388,1.6368390600223814
7389,1.3149404839851182
7390,0.0024480528027923274
7391,0.2007167379902856
7392,1.4157270715347734
7393,0.4332584847528491
7394,0.43553983535805846
7395,4.668356374784388
7396,1.092536709812949
7397,1.5537311722282714
7398,0.39921676034967796
7399,0.14569894807864148
7400,0.23475101829505532
7401,1.2184427960225854
7402,0.37591660402367116
7403,0.3442159619276754
7404,2.729747933790298
7405,1.6167424038438427
7406,2.960778645883505
7407,0.7270771159800669
7408,0.5460072411482969
7409,0.5581817118071414
7410,0.8346688496871941
7411,0.03075319339634213
7412,0.9023516572661974
7413,0.43450961191498544
7414,0.7423348011940507
7415,0.7130607500293581
7416,0.12448110300977938
7417,0.7626214277642304
7418,2.7976377408385043
7419,0.3208218303098166
7420,1.7256589743435082
7421,0.7600219004692795
7422,1.1826663478951773
7423,0.2780264152522113
7424,3.021953808934524
7425,6.109206651214081
7426,1.9869364956857345
7427,0.7589075775859113
7428,2.205698691744758
7429,1.31430939421808
7430,0.974392519286023
7431,5.524966955158589
7432,2.5948660912249735
7433,1.9809287921737724
7434,1.0604721892287177
7435,0.7926310751603776
7436,3.2094493292115454
7437,0.31118195242546953
7438,1.080681647321241
7439,0.14312702647608186
7440,1.988534722372062
7441,22.48351923826363
7442,2.2530012871025367
7443,0.0
7444,5.993187944840251
7445,1.5510819953730905
7446,6.626059076870979
7447,2.158007258219096
7448,1.0814253793404238
7449,0.6847432938089446
7450,1.111066467616735
7451,0.29667022930195
7452,0.3577555190455169
7453,1.6802132299801946
7454,5.9093392727659095
7455,0.5042632829757773
7456,0.4358111412921279
7457,0.11344615402149509
7458,0.8687292706251244
7459,0.761632573309592
7460,0.8669935328167271
7461,0.3692631883336245
7462,3.8652404487349004
7463,1.5732439146897936
7464,1.7747868372145377
7465,1.9547575263145243
7466,1.2417777198148328
7467,0.18481078912331295
7468,0.897373859296877
7469,0.019401601279553277
7470,0.6700640340179509
7471,0.5867578291113932
7472,0.8092962754435487
7473,1.0172325914114735
7474,0.05320915668519827
7475,0.16126138796785963
7476,3.892578495454553
7477,3.270214568502597
7478,0.5200136593984561
7479,0.4604001487241709
7480,5.6508842463346305
7481,0.1832719250885011
7482,5.7241360439423
7483,3.463943012938349
7484,1.7806899716908635
7485,0.7728222605868311
7486,1.1384326013195802
7487,1.282991737841316
7488,0.8880679432701567
7489,6.51093944415289
7490,1.7367527316535514
7491,0.8207600292720167
7492,1.6637323963884634
7493,1.5998267670816715
7494,0.2654777971205712
7495,0.41733981465742487
7496,0.5635221677917533
7497,0.09765728059763838
7498,0.8799882889613524
7499,19.81883719233958
7500,3.231415784154092
7501,0.0
7502,4.031082053163269
7503,4.809696351796502
7504,2.3262892368585004
7505,2.4270776963459246
7506,2.1578132823235148
7507,0.7928912380740883
7508,1.147193257517081
7509,0.65917431523875
7510,0.41851218740197155
7511,1.9380008097514039
7512,2.622143497614021
7513,0.5560630683397747
7514,0.24774730534882342
7515,0.018366858256571274
7516,1.1095160418342356
7517,0.9681336766258711
7518,0.7891646068758095
7519,1.8700219930114617
7520,5.181317313063502
7521,1.6096452271462163
7522,2.3473850419775606
7523,1.4950609779330835
7524,0.004538290548927988
7525,0.38343298857334646
7526,0.7619853651432461
7527,2.351936450201616
7528,0.5590290122480608
7529,0.3059737692323699
7530,0.7482375496253005
7531,0.006155958674438145
7532,0.152836946193552
7533,0.12398022922639945
7534,4.2653874051830885
7535,3.4978853348410857
7536,0.707432660643674
7537,0.4342713738831012
7538,2.0312308973025632
7539,0.5551400254140884
7540,7.459175062371462
7541,2.7952365220781386
7542,1.1995793565439798
7543,0.7273797291122043
7544,0.9837958029553061
7545,0.5022823135918321
7546,0.5671091410120357
7547,2.4765327616138935
7548,1.9908346514804978
7549,0.0
7550,1.837532936528187
7551,1.8549699632899936
7552,2.0775567342098724
7553,0.7895978297417424
7554,0.5407430035372041
7555,0.2717339721215758
7556,0.32127074780253767
7557,3.8921321051767013
7558,3.078704502789031
7559,0.07453695212180686
7560,3.9052180582784346
7561,1.2369040560116873
7562,2.140614696170447
7563,2.201392906470487
7564,1.0540884512477557
7565,0.8666409191542062
7566,1.4014940265772033
7567,0.7559932560107678
7568,0.6810439055902826
7569,1.509886591047139
7570,2.2894210359639025
7571,2.7425847373772396
7572,0.6123878128727133
7573,0.32550715418234566
7574,1.069742894496644
7575,1.4827218469008272
7576,0.7890089739863765
7577,0.8666777781724921
7578,1.5937171260489433
7579,2.429439642039713
7580,2.0728679506183028
7581,1.2404351335511996
7582,0.5777728502079992
7583,0.7998112144827063
7584,2.086366250816593
7585,0.08803830029519115
7586,0.852470720478325
7587,0.6919832188172608
7588,0.6093525496005192
7589,0.9118664695147279
7590,0.18758182190497572
7591,1.465150904423783
7592,1.876898885053802
7593,1.1747729612487627
7594,2.1816988414549554
7595,0.9136637943399388
7596,1.6159859985761416
7597,2.14187852947702
7598,8.189429584418331
7599,3.1563391394160605
7600,1.548393796520105
7601,0.437665347397963
7602,0.33411867705945786
7603,0.9910089231596025
7604,1.4800425592295807
7605,2.540313626726299
7606,2.2045464451987153
7607,0.7984271605295635
7608,1.798083607238587
7609,1.7779048518559908
7610,0.20908844960409356
7611,1.0785715356066718
7612,0.9737710845768084
7613,0.673648489503362
7614,0.3061000429441497
7615,9.032817309446108
7616,3.47406637690005
7617,0.07777086258224257
7618,3.0307353510830968
7619,2.5535574639900904
7620,1.065916182139586
7621,2.6645299957239073
7622,1.5236224159056335
7623,0.4313654931982349
7624,0.31216479370648886
7625,1.1275506977193315
7626,1.3260545015586809
7627,3.387858808017012
7628,0.7667938236790678
7629,2.1563420841701166
7630,1.008987970171136
7631,1.9616547372280344
7632,0.20585783992153192
7633,0.4203594950745846
7634,0.0
7635,0.5467451262133024
7636,1.6294928995594673
7637,1.8711700642864841
7638,0.7081468886345689
7639,0.44605493894829173
7640,0.5775885000553256
7641,0.54182272742859
7642,0.9271166843040773
7643,0.0
7644,1.421045667090866
7645,0.590534210873206
7646,0.42133079909014026
7647,0.15453723509577802
7648,0.0373626854825272
7649,1.1268868539657806
7650,2.539805366651911
7651,0.10453980763366252
7652,0.5817419503262152
7653,1.4879258759134393
7654,1.0399379213603885
7655,0.1404124031177917
7656,7.7973584415755175
7657,2.352213516845201
7658,2.232036107799767
7659,1.5098447901193381
7660,1.6639524618487027
7661,0.7098637913379423
7662,0.8289392141349611
7663,2.292237109629443
7664,2.271754509488967
7665,1.759329443852593
7666,1.3409922751991803
7667,2.21869272408809
7668,0.34944649829937785
7669,0.5690291428617743
7670,1.0489817519055653
7671,1.2287083870208706
7672,0.5834531637197489
7673,22.725442329493657
7674,4.1258510119806076
7675,0.21386427253363607
7676,5.994310995540152
7677,6.476343670950233
7678,2.5126019712601
7679,2.4906693903821324
7680,2.7627336501353237
7681,1.6331555827857518
7682,0.6956660224618884
7683,1.625337662365715
7684,1.1592116171450448
7685,2.2842406205430055
7686,1.2739494516947671
7687,1.824035355406035
7688,1.4474894381602166
7689,1.7069151464030858
7690,0.9907494043037541
7691,1.3907224976572967
7692,1.6120736703074003
7693,0.23148729741647103
7694,2.8552793964541308
7695,3.2028502934717857
7696,2.080977438089735
7697,1.2392870821341206
7698,0.4376755286228176
7699,1.719847421249628
7700,2.3421222737024885
7701,1.376374573744043
7702,1.7959598031730253
7703,1.2573333032983576
7704,0.7550290839272775
7705,0.2951240252626718
7706,2.7429199587003525
7707,0.8546488520293409
7708,4.48665216606192
7709,0.5437777407949446
7710,2.2504529764105095
7711,1.856722299188753
7712,5.718989982371284
7713,1.4778136517143563
7714,6.888304272508262
7715,6.268620578189009
7716,2.9445769462089846
7717,1.6547199783270747
7718,1.4114050630198982
7719,1.0074589287080788
7720,0.909409152251225
7721,2.4696501669640827
7722,6.110919262212051
7723,1.6781726729092168
7724,2.586849962680361
7725,2.8082325926194684
7726,0.49495238883885384
7727,1.6770948335062807
7728,1.6154888401919594
7729,1.6593280346697452
7730,0.3642756022062032
7731,16.19985313836243
7732,3.115032555600938
7733,0.0749919781136904
7734,6.890938747871241
7735,10.936055183689053
7736,1.8476516518675958
7737,2.0243812124221803
7738,1.7943890995739298
7739,0.8534545672533086
7740,1.0648036912329644
7741,0.9870924552190072
7742,1.3660635749581609
7743,3.340819237375655
7744,2.104436851431595
7745,0.8524130461858501
7746,0.85579021472032
7747,0.8305325432504667
7748,0.7338412182057396
7749,2.532218583056598
7750,1.3741660974328935
7751,0.5073331378561655
7752,1.71680427029994
7753,1.924971514789899
7754,3.054255021250436
7755,1.5714827398761744
7756,1.1096113247927224
7757,0.5079123511568846
7758,2.2189589443530684
7759,0.249127050211749
7760,1.914482771343386
7761,1.9221940073801378
7762,0.6433915448311598
7763,0.5229918069351447
7764,0.9533566718956663
7765,1.861448749666352
7766,4.134390789337049
7767,0.5005788237661162
7768,1.558600585776052
7769,0.5734887323289335
7770,2.3300421679917607
7771,1.2119007763074074
7772,5.641705346883587
7773,6.427718095947267
7774,5.125328506271427
7775,1.8099697819129075
7776,1.4407677002747363
7777,0.4040033800457088
7778,0.7612584527728676
7779,12.779441445220025
7780,4.647096339154604
7781,2.6358458634571056
7782,0.46463555807060736
7783,2.1839826715872226
7784,0.5640599995525148
7785,0.1956733359530873
7786,1.2116356861570563
7787,2.4854637599894565
7788,1.6091331446293282
7789,32.04710386033493
7790,4.9868070679072405
7791,0.0
7792,5.056825209186092
7793,6.504157434418833
7794,2.6005117448027386
7795,2.617316022707903
7796,4.097245527070567
7797,1.0884680038765568
7798,0.1962621183110247
7799,1.6116457551237626
7800,0.8836943255382893
7801,3.09612149970825
7802,2.871761263410574
7803,0.0
7804,1.1281022260699163
7805,0.6835510722882343
7806,3.169808811633904
7807,2.3836216385193847
7808,0.18044112173822144
7809,0.596522982162848
7810,5.685567566115738
7811,1.9281110730271431
7812,3.4808114432692645
7813,2.927400550228038
7814,2.310059712105967
7815,2.444454870180226
7816,3.137538668315051
7817,3.6572013071499687
7818,2.3481533768262937
7819,1.303336148242512
7820,0.9862793070358732
7821,0.6928612108215169
7822,2.0973786479843053
7823,1.9207707673836993
7824,8.642832585439665
7825,1.2499197326856533
7826,2.6705000415224873
7827,0.9398154012253211
7828,4.747501139723008
7829,0.0
7830,11.076188691083454
7831,2.414325301881933
7832,1.136887162691317
7833,1.3172552240227935
7834,1.931986787042185
7835,0.6176595680325799
7836,0.8794794860245865
7837,4.90448158035042
7838,3.6135558066035625
7839,2.4148052290996866
7840,2.1492969447261743
7841,2.667991056126944
7842,0.668699001773989
7843,0.7842650996723372
7844,2.039912599325143
7845,1.2309586843296003
7846,0.4387466569257579
7847,21.377038820953267
7848,4.521747015713421
7849,0.1893168854235567
7850,6.60255298046974
7851,3.016566740007818
7852,2.4882751796721436
7853,2.839549584469492
7854,2.7251414615294194
7855,1.3020223766919312
7856,1.2491026635402724
7857,1.7737280351930995
7858,0.8261826559402683
7859,1.90028024800939
7860,2.7315656213354944
7861,0.4446612768236131
7862,0.7869547920556083
7863,0.13880687959949994
7864,1.0689771867381364
7865,0.5921116602626556
7866,0.4910710735395312
7867,1.2083756803926224
7868,1.9997729633813504
7869,1.5085000331104426
7870,1.5598135252992036
7871,2.5653079126011686
7872,0.5326458733905959
7873,0.23338602934515168
7874,1.0642313089639408
7875,0.5291903122710828
7876,1.5911744702513657
7877,0.5673150753274333
7878,0.2974707675464121
7879,0.49442014690758573
7880,3.0251964288486484
7881,0.9533504607510215
7882,6.701259467075737
7883,5.279866194859915
7884,0.9166353858303314
7885,1.2838954693633275
7886,4.807330805237824
7887,0.4012408237152948
7888,14.246226253720229
7889,6.608830323992904
7890,1.6082427513317215
7891,1.7947255538291
7892,0.9322410527063142
7893,0.5619851985046777
7894,1.0707903545746684
7895,3.2582635742276564
7896,2.326227798652413
7897,2.917502371871343
7898,2.544781798032471
7899,0.465446475140028
7900,3.290026807371038
7901,0.873697350568987
7902,1.0936368271042571
7903,1.0326413139952786
7904,1.550557028967396
7905,18.008477403785022
7906,4.972247365074051
7907,0.011159952413792066
7908,2.801172146599567
7909,1.4721933211938953
7910,3.4060603107015326
7911,2.255414744175797
7912,0.2516277006262733
7913,0.6729466198841316
7914,3.1956004018357005
7915,0.8200387069601562
7916,2.0960276636756396
7917,3.2564561626938087
7918,4.93013467453727
7919,0.7202359444345335
7920,0.6464111880274847
7921,0.758365260339593
7922,1.4699408473780404
7923,3.4017421566892394
7924,1.9311767647506732
7925,2.719675807420886
7926,2.0543454904908134
7927,1.797305568540733
7928,2.782451828762635
7929,0.7629691214336216
7930,0.19077933046482953
7931,0.8849830916359277
7932,2.6437270522195284
7933,0.13911598591759608
7934,1.2009397329138767
7935,0.21278722215603088
7936,0.8999209327199544
7937,0.5358100371957396
7938,1.9287980143193664
7939,3.9589501009960406
7940,1.6305765664629988
7941,1.5780208553611788
7942,2.175903734313348
7943,1.0745748735950036
7944,2.4459762365706657
7945,1.9333522676183672
7946,4.250166310335545
7947,2.0598923194117695
7948,2.229131721955334
7949,0.399215076605599
7950,0.5926596545002645
7951,0.1614768110324805
7952,0.4937078639447038
7953,1.779586001991331
7954,1.6831314066462628
7955,1.0117013950346836
7956,1.094627208561193
7957,0.3545776069777176
7958,0.7977578304589207
7959,0.5735389628309917
7960,0.4510771121127839
7961,0.15487486342378734
7962,0.628705288881278
7963,4.2543873183978365
7964,1.6635758134607692
7965,0.19218308037110798
7966,1.3663066171154812
7967,1.104713279990545
7968,1.3131550789251765
7969,1.468134251272051
7970,0.09016133234870186
7971,0.20394391663248312
7972,1.5346626381785382
7973,0.3502611713593065
7974,0.44718624463093276
7975,5.286081653260027
7976,0.9742222215791863
7977,1.054007353608516
7978,0.5085381708412298
7979,0.2372121339211038
7980,0.05521183177718507
7981,1.380452750884162
7982,0.7546321080743086
7983,0.3803675289329776
7984,2.194482692484469
7985,1.664093896986088
7986,2.709709157761769
7987,0.9733471241872683
7988,0.6361461929772186
7989,0.4990865819574277
7990,1.162975850468301
7991,0.0
7992,0.608793812306388
7993,0.35750986880398317
7994,0.48729612693976543
7995,0.6458217505326467
7996,0.08472732107114009
7997,3.993063635807444
7998,4.390486353777957
7999,0.42751230703628784
8000,2.022935796891103
8001,0.6309015261513716
8002,1.4821361762001999
8003,0.40561685979416556
8004,2.6620804219686476
8005,5.5364808779074215
8006,1.4560249068513629
8007,0.4712367844087518
8008,1.9621571299150427
8009,1.5199663356511164
8010,0.8017357556645147
8011,6.620933489380251
8012,2.1446596930315374
8013,1.5147870000600794
8014,1.074316670967988
8015,0.9988227672926958
8016,3.4290252515398616
8017,0.3204500764075996
8018,0.97095141049466
8019,0.4225132868544606
8020,2.9388015622217067
8021,22.230631753530258
8022,2.464417765437262
8023,0.0
8024,5.131474002278659
8025,0.7720311613690812
8026,5.36227489585838
8027,2.356969471901043
8028,1.031670611363988
8029,0.8844199328523918
8030,1.0548718931179901
8031,0.4084697002605782
8032,0.4417658086236266
8033,1.6482200501994686
8034,5.94352748898739
8035,0.22944300104251095
8036,0.25825622376902524
8037,0.14337428208324576
8038,0.9287050938253424
8039,0.5369522842547418
8040,0.690818885715915
8041,0.36392201775388533
8042,3.4018010360232296
8043,1.6156917488142681
8044,1.3487650190443343
8045,2.303102782610968
8046,1.1145051617584742
8047,0.18785241090882354
8048,1.1986553470302375
8049,0.006922409135287022
8050,0.6891214317060353
8051,0.68897132930006
8052,0.596815651801747
8053,1.3219765288203482
8054,0.282877021618602
8055,0.7813148682447406
8056,4.29285785910269
8057,1.8373918096382043
8058,0.28145565160115865
8059,0.5489763193877734
8060,5.3082346005039325
8061,0.39796959222895845
8062,4.657977416125785
8063,2.946292117040337
8064,1.0349628955887578
8065,1.1480765501521182
8066,0.8028117883105429
8067,0.8756698718379894
8068,0.5789219258147063
8069,7.218526928620915
8070,1.2975993751305344
8071,0.7871033936001457
8072,1.6191177526955147
8073,1.4622509586937686
8074,0.24946856925966482
8075,0.32961765340000065
8076,0.5676041787950846
8077,0.18272976590360573
8078,0.7726964950653746
8079,15.771061999352993
8080,4.597304227398199
8081,0.0
8082,2.978047576229777
8083,5.460608703079043
8084,1.7860142584183294
8085,2.9023231914077376
8086,2.38715668983969
8087,0.7701860019010531
8088,1.1439084406013096
8089,0.8630795846240724
8090,0.4343814381560107
8091,1.8268699427307653
8092,2.5055317123389016
8093,0.18096504011425793
8094,0.27244714632227535
8095,0.0009679828315553234
8096,0.7129045893248293
8097,1.0986470602525273
8098,0.3603790153748257
8099,2.03057669604979
8100,4.483655812606625
8101,1.4687498145837687
8102,1.993289414429089
8103,1.483020563864329
8104,0.003959627513618425
8105,0.4146545270075108
8106,0.9007534124279348
8107,3.6963204692161282
8108,0.8844463560916714
8109,0.3120361547335254
8110,0.7006142089977704
8111,0.023812742478932822
8112,0.3690936164266302
8113,0.10790666788134068
8114,2.8453581897149425
8115,3.86011396981046
8116,1.7606161296841933
8117,0.4496695882470239
8118,1.1916953489958793
8119,0.9294112012850632
