row_id,demand
0,7.29228158205431
1,2.476387249114522
2,1.2861324281778828
3,0.4542256985438804
4,0.7830824478551752
5,0.15109700905155452
6,0.5471025186934277
7,2.2111865407319953
8,1.8246015348288076
9,0.8459022038567493
10,1.4755017709563163
11,1.218344155844156
12,1.4466991341991342
13,0.5176357733175915
14,0.44876524990161354
15,0.12595926800472254
16,0.3834858323494687
17,3.4465761511216053
18,2.6182359307359304
19,0.7957988980716253
20,2.9755263675718218
21,1.1164403778040142
22,1.6842040535222353
23,1.8823789846517118
24,0.7813114915387642
25,0.6402744982290436
26,1.1516873278236914
27,0.5477912239275876
28,0.7078905942542306
29,0.9335399449035813
30,2.5342138921684376
31,1.7723337268791814
32,0.5479879968516331
33,0.5091499409681227
34,0.8498868555686738
35,1.6525236127508856
36,1.1463252656434475
37,0.4770021645021645
38,1.3398514364423455
39,2.4283254624163715
40,1.9873081463990556
41,1.008461235733963
42,0.6362898465171193
43,0.829004329004329
44,1.4622441951987406
45,0.20646399055489964
46,0.7761953955135774
47,0.7443181818181819
48,0.7330283353010626
49,1.100108225108225
50,0.18991046831955924
51,0.7053817394726485
52,0.7727272727272727
53,0.4375245966155057
54,0.8722943722943722
55,0.5368211334120425
56,1.3644972451790633
57,1.2659632034632033
58,5.69288665879575
59,1.7689147973238883
60,1.1379870129870129
61,0.5710596221959858
62,0.46672077922077915
63,0.5824970484061393
64,1.4155106257378987
65,2.2692345533254623
66,2.1644037780401413
67,1.118309720582448
68,0.9641873278236914
69,1.7648809523809523
70,0.41027154663518295
71,0.8963498622589532
72,0.46708972845336477
73,0.42343073593073594
74,0.18929555293191655
75,6.307703659976387
76,3.547643644234553
77,0.34710743801652894
78,2.6326003541912635
79,2.1944362455726094
80,1.2285517512790238
81,2.5351731601731604
82,1.2652990948445493
83,0.5145365997638724
84,0.13407615112160565
85,0.6536304604486424
86,1.0704939000393545
87,4.574232585596222
88,0.4684425423061786
89,1.2491391184573004
90,1.0933195592286502
91,1.1354535615899253
92,0.21236717827626916
93,0.42205332546241636
94,0.0709366391184573
95,0.3844451003541912
96,1.156582054309327
97,1.7805243998425817
98,0.6058392365210546
99,0.36813754427390794
100,0.5878099173553719
101,0.7326101928374655
102,0.7057506887052342
103,0.14428374655647383
104,1.239202085792995
105,0.4124852420306966
106,0.7074724517906337
107,0.2013478945297127
108,0.0
109,0.5697314049586777
110,1.9733372687918145
111,0.16519086973632427
112,0.30531778827233375
113,0.8476485635576545
114,0.7528286107831562
115,0.3056621408894136
116,6.97422274695002
117,1.8520513577331759
118,2.1857782369146004
119,2.218983667847304
120,1.66538764266037
121,0.550349271940181
122,0.8364571035025581
123,2.4215367965367967
124,1.604732388823298
125,2.118432703659976
126,1.0774793388429753
127,1.8234946871310507
128,0.4000147579693034
129,0.6137101534828807
130,0.8153778040141676
131,0.731650924832743
132,0.43430243998425816
133,14.152695789059425
134,3.5851042896497445
135,0.9435261707988981
136,4.20749704840614
137,5.875737898465172
138,1.86228354978355
139,1.1326741440377806
140,2.490530303030303
141,1.4464285714285714
142,0.5612209759937032
143,1.1607880755608029
144,1.2642906336088156
145,1.6193673750491933
146,1.0006395120031484
147,1.45021645021645
148,1.2563705234159779
149,1.0813164108618654
150,0.8361865407319953
151,1.4821428571428572
152,1.3714334907516728
153,0.31896890987800075
154,2.026736521054703
155,2.907492129083038
156,2.2773268398268396
157,0.9205529319165683
158,0.7366932310114127
159,1.4621212121212122
160,1.789625147579693
161,0.39130755608028334
162,1.0440033451397088
163,0.8625541125541125
164,0.8177882723337269
165,0.38459268004722547
166,0.8952922077922078
167,0.5697314049586777
168,1.9695493900039358
169,0.332103502558048
170,0.9859799291617475
171,0.9462563951200315
172,1.9665240062967335
173,0.6323297914207006
174,7.148047028728847
175,4.1375196772924046
176,2.7017660369933094
177,1.3880362062180243
178,1.2330775285320739
179,0.863931523022432
180,1.2783844942935851
181,1.6863685556867374
182,2.9702380952380953
183,1.8105568673750492
184,0.9769775678866588
185,2.1420700511609603
186,0.4579151908697363
187,1.3495670995670996
188,0.9405499803227076
189,0.8698347107438017
190,0.2686196379378198
191,8.961481700118064
192,2.6615259740259742
193,0.21177685950413222
194,4.638798701298701
195,6.694878984651711
196,1.7420306965761512
197,1.7279368358913814
198,1.944116489571035
199,0.7927981109799291
200,0.9423701298701299
201,1.1076839826839826
202,1.3193624557260921
203,2.2539600550964187
204,1.3234454939000395
205,0.570543093270366
206,0.6708480913026368
207,0.6888774104683195
208,0.568870523415978
209,2.1792601338055886
210,1.412042502951594
211,0.46590909090909094
212,2.880755608028335
213,2.224198150334514
214,2.3488537977174344
215,1.1432260920897284
216,1.1463252656434475
217,0.6253935458480914
218,1.4917601338055884
219,0.44111570247933884
220,1.7970533254624164
221,1.6315181031090122
222,0.7395710350255804
223,0.36668634395907124
224,0.40695100354191266
225,0.6511216056670601
226,2.2518693427784333
227,0.21910665092483272
228,0.46775383707201884
229,0.3963498622589532
230,1.3569952774498228
231,1.0914748130657221
232,4.4561688311688314
233,4.883658008658009
234,4.613980716253444
235,1.4548406139315229
236,1.323297914207005
237,0.543068673750492
238,0.8037436048799685
239,9.266356749311296
240,3.293806572215663
241,2.698789846517119
242,0.5468565525383707
243,2.3133854781582057
244,0.5942050373868555
245,4.620375836284927
246,1.115530303030303
247,1.2993900039354584
248,0.9829791420700512
249,15.69173061786698
250,3.9297766627312085
251,1.3137052341597797
252,3.838154269972452
253,4.2133756395120034
254,1.9328020464384101
255,2.789329988193624
256,4.1966007477371114
257,1.3467876820149547
258,0.14979338842975207
259,1.5349763872491144
260,0.5711088154269972
261,3.735168240850059
262,2.2073002754820936
263,0.45764462809917356
264,2.0307457693821327
265,0.6478502558048012
266,3.467729240456513
267,2.382624950806769
268,0.580184966548603
269,0.9669667453758364
270,6.305465367965368
271,1.4818968909878
272,3.0381493506493507
273,2.8892906336088156
274,2.1252459661550573
275,1.7788764266036994
276,2.5003443526170797
277,0.8101633215269579
278,1.5790535222353403
279,1.0240308933490754
280,1.1075609996064542
281,0.5245966155057064
282,0.5426013380558835
283,0.9224222746950018
284,3.598460251869343
285,0.19576446280991736
286,0.6542207792207791
287,1.365185950413223
288,2.1640102321920507
289,0.0
290,8.428743604879969
291,2.2198691460055096
292,1.335620818575364
293,1.3736225895316805
294,1.9173553719008265
295,0.967237308146399
296,0.9166666666666666
297,3.125737898465171
298,2.763995474222747
299,2.1748327430145613
300,2.627779417552145
301,2.528753443526171
302,0.5413223140495868
303,0.8560114128295946
304,1.8895120031483668
305,0.922250098386462
306,0.21030106257378983
307,18.66912632821724
308,6.6555981896890986
309,0.5878099173553719
310,5.564812081857536
311,2.33077528532074
312,2.2167945690672965
313,1.843737701692247
314,2.278433687524597
315,1.2432359307359309
316,0.7547717434081069
317,1.3748770169224716
318,0.7673160173160174
319,2.0734700905155448
320,2.287878787878788
321,0.5485783156237702
322,1.0780204643841007
323,0.15439295552931914
324,0.9416814246359702
325,0.6559671389216843
326,0.22946182605273513
327,0.6494982290436837
328,1.9080332546241636
329,0.9930637544273908
330,1.2028482880755609
331,1.9879968516332154
332,0.6341499409681228
333,0.22311589925226288
334,0.7850255804801259
335,0.18580283353010627
336,1.5001967729240457
337,0.685237111373475
338,0.428866587957497
339,0.6209169618260528
340,1.3293732782369145
341,0.29843073593073594
342,3.753664895710351
343,3.0427735143644234
344,0.3307260920897284
345,0.5515545060999606
346,2.3827725304998033
347,0.1679456906729634
348,8.845754624163716
349,2.528482880755608
350,1.2116046831955922
351,0.961629279811098
352,0.7816312475403384
353,0.4594401810310901
354,0.8255608028335301
355,2.7497048406139317
356,2.079447068083432
357,2.362160566706021
358,1.758633412042503
359,0.6842040535222353
360,2.283771153089335
361,0.3642020857929949
362,0.4265299094844549
363,0.8342434081070446
364,0.7366686343959071
365,7.6652892561983474
366,3.9957447855175134
367,0.9504132231404959
368,2.2151711924439197
369,1.29456906729634
370,2.7202380952380953
371,1.622564935064935
372,0.25447658402203854
373,0.7195985832349469
374,1.7686442345533255
375,0.5118309720582447
376,0.9606454151908697
377,1.1487357339630067
378,2.171758166076348
379,1.269603502558048
380,0.6242866981503344
381,0.5377312081857536
382,1.2756788665879575
383,2.253984651711925
384,1.1331660763478943
385,1.7652253049980322
386,1.8673750491932308
387,1.923430735930736
388,2.328241833923652
389,1.117202872884691
390,0.35906139315230223
391,0.7135970090515545
392,1.3647432113341202
393,0.29021546635183
394,0.6290338449429358
395,0.3121556473829201
396,0.8335547028728847
397,0.8977518693427784
398,0.623991538764266
399,1.4921536796536796
400,1.7775728059818972
401,0.6542207792207791
402,1.685163321526958
403,0.4718860684769775
404,2.090540141676505
405,1.5705184966548602
406,2.093048996458087
407,1.707521645021645
408,1.885551948051948
409,0.4368604879968516
410,0.3837072018890201
411,0.3024399842581661
412,0.38287091696182607
413,0.9931375442739079
414,1.2968565525383706
415,0.8725403384494292
416,1.2583628492719403
417,0.691435458480913
418,0.8153040141676506
419,0.312918142463597
420,0.5421340023612751
421,0.16713400236127507
422,0.3427292404565132
423,3.9723042109405746
424,1.5457251082251084
425,0.5578512396694215
426,1.1906237701692248
427,1.3567739079102716
428,1.5782910271546635
429,1.5756099960645416
430,0.18078512396694216
431,0.4591696182605273
432,1.3592335694608422
433,0.38727371113734754
434,0.35704447068083434
435,3.902203856749311
436,0.8696625344352618
437,0.8053423848878394
438,0.7275678866587957
439,0.2896989374262101
440,0.5227272727272727
441,1.4119687131050767
442,0.6206463990554899
443,0.14234061393152303
444,2.1720779220779223
445,1.4750836284927193
446,2.6720533254624166
447,0.6925423061786699
448,0.5420848091302637
449,0.6346172766627312
450,0.9336137347500983
451,0.3554210940574577
452,0.6947314049586777
453,0.44711727666273116
454,0.6628541912632822
455,0.6141774891774892
456,0.13565033451397088
457,0.8952922077922078
458,2.1210399449035813
459,0.2476141282959465
460,0.5759297520661157
461,0.3407123179850452
462,0.8768447461629281
463,0.2805981896890988
464,4.786821133412042
465,3.284361471861472
466,2.280524399842582
467,0.4528974813065722
468,1.844082054309327
469,1.876770956316411
470,0.8207644628099173
471,5.133756395120031
472,2.2869933097205823
473,2.0632870916961825
474,1.180219401810311
475,1.1462514757969302
476,2.746900826446281
477,0.27152203856749313
478,0.8210350255804801
479,0.30932703659976385
480,2.1382575757575757
481,17.012888626524987
482,2.9240456513183783
483,0.9597107438016529
484,4.104068280204643
485,1.4582103502558048
486,4.6929358520267614
487,0.9662534435261708
488,0.970754624163715
489,1.240185950413223
490,1.3327184179456906
491,0.3018250688705234
492,0.39056965761511214
493,2.185507674144038
494,3.6006001574183397
495,0.28923160173160173
496,0.34878000787091695
497,0.2422520661157025
498,1.6881887052341598
499,0.8448445493900039
500,1.4502656434474617
501,0.24114521841794567
502,4.185114128295947
503,1.9680489964580872
504,1.7669470680834316
505,1.9053768201495473
506,1.2781139315230226
507,0.3920208579299488
508,0.6557703659976386
509,0.13395316804407714
510,0.4114521841794569
511,0.4525531286894923
512,0.6875737898465171
513,1.262839433293979
514,0.27130066902794175
515,0.2170405352223534
516,2.2288715072805982
517,1.8936688311688312
518,0.24658107044470684
519,0.341401023219205
520,2.404048602912239
521,0.19369834710743802
522,2.50836284927194
523,1.7398415977961432
524,0.9867178276269185
525,0.691017316017316
526,1.1025186934277842
527,0.9363685556867375
528,0.6453659976387249
529,4.012987012987013
530,1.765495867768595
531,1.926431523022432
532,1.2451544667453758
533,1.5115358126721763
534,0.40215466351829987
535,0.3157959464777647
536,0.6320592286501377
537,0.18083431719795356
538,0.3128443526170799
539,12.389930145611963
540,3.019898661944117
541,0.9834710743801653
542,3.143693427784337
543,2.968811491538764
544,1.4853404171585989
545,1.4460842188114915
546,1.8384986225895317
547,0.7684228650137741
548,1.2181473829201102
549,0.7867965367965367
550,0.274547422274695
551,2.158500590318772
552,2.1192689885871703
553,0.7049635970090515
554,0.3027105470287289
555,0.22491145218417946
556,0.8130657221566313
557,1.334292601338056
558,0.4416814246359701
559,1.1441115702479339
560,5.00154958677686
561,1.5476436442345531
562,1.714064344746163
563,1.2540338449429358
564,0.1479978354978355
565,0.4305145611963794
566,0.6923209366391184
567,1.820370916961826
568,0.5875147579693035
569,0.26945592286501374
570,0.4763872491145218
571,0.32964384100747735
572,0.13565033451397088
573,0.08139020070838252
574,1.8637839433293977
575,2.1388724911452184
576,0.5463892168437623
577,0.3348583234946871
578,0.6807359307359306
579,0.5948691460055097
580,7.29228158205431
581,2.476387249114522
582,1.2861324281778828
583,0.4542256985438804
584,0.7830824478551752
585,0.15109700905155452
586,0.5471025186934277
587,2.2111865407319953
588,1.8246015348288076
589,0.8459022038567493
590,1.4755017709563163
591,1.218344155844156
592,1.4466991341991342
593,0.5176357733175915
594,0.44876524990161354
595,0.12595926800472254
596,0.3834858323494687
597,3.4465761511216053
598,2.6182359307359304
599,0.7957988980716253
600,2.9755263675718218
601,1.1164403778040142
602,1.6842040535222353
603,1.8823789846517118
604,0.7813114915387642
605,0.6402744982290436
606,1.1516873278236914
607,0.5477912239275876
608,0.7078905942542306
609,0.9335399449035813
610,2.5342138921684376
611,1.7723337268791814
612,0.5479879968516331
613,0.5091499409681227
614,0.8498868555686738
615,1.6525236127508856
616,1.1463252656434475
617,0.4770021645021645
618,1.3398514364423455
619,2.4283254624163715
620,1.9873081463990556
621,1.008461235733963
622,0.6362898465171193
623,0.829004329004329
624,1.4622441951987406
625,0.20646399055489964
626,0.7761953955135774
627,0.7443181818181819
628,0.7330283353010626
629,1.100108225108225
630,0.18991046831955924
631,0.7053817394726485
632,0.7727272727272727
633,0.4375245966155057
634,0.8722943722943722
635,0.5368211334120425
636,1.3644972451790633
637,1.2659632034632033
638,5.69288665879575
639,1.7689147973238883
640,1.1379870129870129
641,0.5710596221959858
642,0.46672077922077915
643,0.5824970484061393
644,1.4155106257378987
645,2.2692345533254623
646,2.1644037780401413
647,1.118309720582448
648,0.9641873278236914
649,1.7648809523809523
650,0.41027154663518295
651,0.8963498622589532
652,0.46708972845336477
653,0.42343073593073594
654,0.18929555293191655
655,6.307703659976387
656,3.547643644234553
657,0.34710743801652894
658,2.6326003541912635
659,2.1944362455726094
660,1.2285517512790238
661,2.5351731601731604
662,1.2652990948445493
663,0.5145365997638724
664,0.13407615112160565
665,0.6536304604486424
666,1.0704939000393545
667,4.574232585596222
668,0.4684425423061786
669,1.2491391184573004
670,1.0933195592286502
671,1.1354535615899253
672,0.21236717827626916
673,0.42205332546241636
674,0.0709366391184573
675,0.3844451003541912
676,1.156582054309327
677,1.7805243998425817
678,0.6058392365210546
679,0.36813754427390794
680,0.5878099173553719
681,0.7326101928374655
682,0.7057506887052342
683,0.14428374655647383
684,1.239202085792995
685,0.4124852420306966
686,0.7074724517906337
687,0.2013478945297127
688,0.0
689,0.5697314049586777
690,1.9733372687918145
691,0.16519086973632427
692,0.30531778827233375
693,0.8476485635576545
694,0.7528286107831562
695,0.3056621408894136
696,6.97422274695002
697,1.8520513577331759
698,2.1857782369146004
699,2.218983667847304
700,1.66538764266037
701,0.550349271940181
702,0.8364571035025581
703,2.4215367965367967
704,1.604732388823298
705,2.118432703659976
706,1.0774793388429753
707,1.8234946871310507
708,0.4000147579693034
709,0.6137101534828807
710,0.8153778040141676
711,0.731650924832743
712,0.43430243998425816
713,14.152695789059425
714,3.5851042896497445
715,0.9435261707988981
716,4.20749704840614
717,5.875737898465172
718,1.86228354978355
719,1.1326741440377806
720,2.490530303030303
721,1.4464285714285714
722,0.5612209759937032
723,1.1607880755608029
724,1.2642906336088156
725,1.6193673750491933
726,1.0006395120031484
727,1.45021645021645
728,1.2563705234159779
729,1.0813164108618654
730,0.8361865407319953
731,1.4821428571428572
732,1.3714334907516728
733,0.31896890987800075
734,2.026736521054703
735,2.907492129083038
736,2.2773268398268396
737,0.9205529319165683
738,0.7366932310114127
739,1.4621212121212122
740,1.789625147579693
741,0.39130755608028334
742,1.0440033451397088
743,0.8625541125541125
744,0.8177882723337269
745,0.38459268004722547
746,0.8952922077922078
747,0.5697314049586777
748,1.9695493900039358
749,0.332103502558048
750,0.9859799291617475
751,0.9462563951200315
752,1.9665240062967335
753,0.6323297914207006
754,7.148047028728847
755,4.1375196772924046
756,2.7017660369933094
757,1.3880362062180243
758,1.2330775285320739
759,0.863931523022432
760,1.2783844942935851
761,1.6863685556867374
762,2.9702380952380953
763,1.8105568673750492
764,0.9769775678866588
765,2.1420700511609603
766,0.4579151908697363
767,1.3495670995670996
768,0.9405499803227076
769,0.8698347107438017
770,0.2686196379378198
771,8.961481700118064
772,2.6615259740259742
773,0.21177685950413222
774,4.638798701298701
775,6.694878984651711
776,1.7420306965761512
777,1.7279368358913814
778,1.944116489571035
779,0.7927981109799291
780,0.9423701298701299
781,1.1076839826839826
782,1.3193624557260921
783,2.2539600550964187
784,1.3234454939000395
785,0.570543093270366
786,0.6708480913026368
787,0.6888774104683195
788,0.568870523415978
789,2.1792601338055886
790,1.412042502951594
791,0.46590909090909094
792,2.880755608028335
793,2.224198150334514
794,2.3488537977174344
795,1.1432260920897284
796,1.1463252656434475
797,0.6253935458480914
798,1.4917601338055884
799,0.44111570247933884
800,1.7970533254624164
801,1.6315181031090122
802,0.7395710350255804
803,0.36668634395907124
804,0.40695100354191266
805,0.6511216056670601
806,2.2518693427784333
807,0.21910665092483272
808,0.46775383707201884
809,0.3963498622589532
810,1.3569952774498228
811,1.0914748130657221
812,4.4561688311688314
813,4.883658008658009
814,4.613980716253444
815,1.4548406139315229
816,1.323297914207005
817,0.543068673750492
818,0.8037436048799685
819,9.266356749311296
820,3.293806572215663
821,2.698789846517119
822,0.5468565525383707
823,2.3133854781582057
824,0.5942050373868555
825,4.620375836284927
826,1.115530303030303
827,1.2993900039354584
828,0.9829791420700512
829,15.69173061786698
830,3.9297766627312085
831,1.3137052341597797
832,3.838154269972452
833,4.2133756395120034
834,1.9328020464384101
835,2.789329988193624
836,4.1966007477371114
837,1.3467876820149547
838,0.14979338842975207
839,1.5349763872491144
840,0.5711088154269972
841,3.735168240850059
842,2.2073002754820936
843,0.45764462809917356
844,2.0307457693821327
845,0.6478502558048012
846,3.467729240456513
847,2.382624950806769
848,0.580184966548603
849,0.9669667453758364
850,6.305465367965368
851,1.4818968909878
852,3.0381493506493507
853,2.8892906336088156
854,2.1252459661550573
855,1.7788764266036994
856,2.5003443526170797
857,0.8101633215269579
858,1.5790535222353403
859,1.0240308933490754
860,1.1075609996064542
861,0.5245966155057064
862,0.5426013380558835
863,0.9224222746950018
864,3.598460251869343
865,0.19576446280991736
866,0.6542207792207791
867,1.365185950413223
868,2.1640102321920507
869,0.0
870,8.428743604879969
871,2.2198691460055096
872,1.335620818575364
873,1.3736225895316805
874,1.9173553719008265
875,0.967237308146399
876,0.9166666666666666
877,3.125737898465171
878,2.763995474222747
879,2.1748327430145613
880,2.627779417552145
881,2.528753443526171
882,0.5413223140495868
883,0.8560114128295946
884,1.8895120031483668
885,0.922250098386462
886,0.21030106257378983
887,18.66912632821724
888,6.6555981896890986
889,0.5878099173553719
890,5.564812081857536
891,2.33077528532074
892,2.2167945690672965
893,1.843737701692247
894,2.278433687524597
895,1.2432359307359309
896,0.7547717434081069
897,1.3748770169224716
898,0.7673160173160174
899,2.0734700905155448
900,2.287878787878788
901,0.5485783156237702
902,1.0780204643841007
903,0.15439295552931914
904,0.9416814246359702
905,0.6559671389216843
906,0.22946182605273513
907,0.6494982290436837
908,1.9080332546241636
909,0.9930637544273908
910,1.2028482880755609
911,1.9879968516332154
912,0.6341499409681228
913,0.22311589925226288
914,0.7850255804801259
915,0.18580283353010627
916,1.5001967729240457
917,0.685237111373475
918,0.428866587957497
919,0.6209169618260528
920,1.3293732782369145
921,0.29843073593073594
922,3.753664895710351
923,3.0427735143644234
924,0.3307260920897284
925,0.5515545060999606
926,2.3827725304998033
927,0.1679456906729634
928,8.845754624163716
929,2.528482880755608
930,1.2116046831955922
931,0.961629279811098
932,0.7816312475403384
933,0.4594401810310901
934,0.8255608028335301
935,2.7497048406139317
936,2.079447068083432
937,2.362160566706021
938,1.758633412042503
939,0.6842040535222353
940,2.283771153089335
941,0.3642020857929949
942,0.4265299094844549
943,0.8342434081070446
944,0.7366686343959071
945,7.6652892561983474
946,3.9957447855175134
947,0.9504132231404959
948,2.2151711924439197
949,1.29456906729634
950,2.7202380952380953
951,1.622564935064935
952,0.25447658402203854
953,0.7195985832349469
954,1.7686442345533255
955,0.5118309720582447
956,0.9606454151908697
957,1.1487357339630067
958,2.171758166076348
959,1.269603502558048
960,0.6242866981503344
961,0.5377312081857536
962,1.2756788665879575
963,2.253984651711925
964,1.1331660763478943
965,1.7652253049980322
966,1.8673750491932308
967,1.923430735930736
968,2.328241833923652
969,1.117202872884691
970,0.35906139315230223
971,0.7135970090515545
972,1.3647432113341202
973,0.29021546635183
974,0.6290338449429358
975,0.3121556473829201
976,0.8335547028728847
977,0.8977518693427784
978,0.623991538764266
979,1.4921536796536796
980,1.7775728059818972
981,0.6542207792207791
982,1.685163321526958
983,0.4718860684769775
984,2.090540141676505
985,1.5705184966548602
986,2.093048996458087
987,1.707521645021645
988,1.885551948051948
989,0.4368604879968516
990,0.3837072018890201
991,0.3024399842581661
992,0.38287091696182607
993,0.9931375442739079
994,1.2968565525383706
995,0.8725403384494292
996,1.2583628492719403
997,0.691435458480913
998,0.8153040141676506
999,0.312918142463597
1000,0.5421340023612751
1001,0.16713400236127507
1002,0.3427292404565132
1003,3.9723042109405746
1004,1.5457251082251084
1005,0.5578512396694215
1006,1.1906237701692248
1007,1.3567739079102716
1008,1.5782910271546635
1009,1.5756099960645416
1010,0.18078512396694216
1011,0.4591696182605273
1012,1.3592335694608422
1013,0.38727371113734754
1014,0.35704447068083434
1015,3.902203856749311
1016,0.8696625344352618
1017,0.8053423848878394
1018,0.7275678866587957
1019,0.2896989374262101
1020,0.5227272727272727
1021,1.4119687131050767
1022,0.6206463990554899
1023,0.14234061393152303
1024,2.1720779220779223
1025,1.4750836284927193
1026,2.6720533254624166
1027,0.6925423061786699
1028,0.5420848091302637
1029,0.6346172766627312
1030,0.9336137347500983
1031,0.3554210940574577
1032,0.6947314049586777
1033,0.44711727666273116
1034,0.6628541912632822
1035,0.6141774891774892
1036,0.13565033451397088
1037,0.8952922077922078
1038,2.1210399449035813
1039,0.2476141282959465
1040,0.5759297520661157
1041,0.3407123179850452
1042,0.8768447461629281
1043,0.2805981896890988
1044,4.786821133412042
1045,3.284361471861472
1046,2.280524399842582
1047,0.4528974813065722
1048,1.844082054309327
1049,1.876770956316411
1050,0.8207644628099173
1051,5.133756395120031
1052,2.2869933097205823
1053,2.0632870916961825
1054,1.180219401810311
1055,1.1462514757969302
1056,2.746900826446281
1057,0.27152203856749313
1058,0.8210350255804801
1059,0.30932703659976385
1060,2.1382575757575757
1061,17.012888626524987
1062,2.9240456513183783
1063,0.9597107438016529
1064,4.104068280204643
1065,1.4582103502558048
1066,4.6929358520267614
1067,0.9662534435261708
1068,0.970754624163715
1069,1.240185950413223
1070,1.3327184179456906
1071,0.3018250688705234
1072,0.39056965761511214
1073,2.185507674144038
1074,3.6006001574183397
1075,0.28923160173160173
1076,0.34878000787091695
1077,0.2422520661157025
1078,1.6881887052341598
1079,0.8448445493900039
1080,1.4502656434474617
1081,0.24114521841794567
1082,4.185114128295947
1083,1.9680489964580872
1084,1.7669470680834316
1085,1.9053768201495473
1086,1.2781139315230226
1087,0.3920208579299488
1088,0.6557703659976386
1089,0.13395316804407714
1090,0.4114521841794569
1091,0.4525531286894923
1092,0.6875737898465171
1093,1.262839433293979
1094,0.27130066902794175
1095,0.2170405352223534
1096,2.2288715072805982
1097,1.8936688311688312
1098,0.24658107044470684
1099,0.341401023219205
1100,2.404048602912239
1101,0.19369834710743802
1102,2.50836284927194
1103,1.7398415977961432
1104,0.9867178276269185
1105,0.691017316017316
1106,1.1025186934277842
1107,0.9363685556867375
1108,0.6453659976387249
1109,4.012987012987013
1110,1.765495867768595
1111,1.926431523022432
1112,1.2451544667453758
1113,1.5115358126721763
1114,0.40215466351829987
1115,0.3157959464777647
1116,0.6320592286501377
1117,0.18083431719795356
1118,0.3128443526170799
1119,12.389930145611963
1120,3.019898661944117
1121,0.9834710743801653
1122,3.143693427784337
1123,2.968811491538764
1124,1.4853404171585989
1125,1.4460842188114915
1126,1.8384986225895317
1127,0.7684228650137741
1128,1.2181473829201102
1129,0.7867965367965367
1130,0.274547422274695
1131,2.158500590318772
1132,2.1192689885871703
1133,0.7049635970090515
1134,0.3027105470287289
1135,0.22491145218417946
1136,0.8130657221566313
1137,1.334292601338056
1138,0.4416814246359701
1139,1.1441115702479339
1140,5.00154958677686
1141,1.5476436442345531
1142,1.714064344746163
1143,1.2540338449429358
1144,0.1479978354978355
1145,0.4305145611963794
1146,0.6923209366391184
1147,1.820370916961826
1148,0.5875147579693035
1149,0.26945592286501374
1150,0.4763872491145218
1151,0.32964384100747735
1152,0.13565033451397088
1153,0.08139020070838252
1154,1.8637839433293977
1155,2.1388724911452184
1156,0.5463892168437623
1157,0.3348583234946871
1158,0.6807359307359306
1159,0.5948691460055097
1160,7.29228158205431
1161,2.476387249114522
1162,1.2861324281778828
1163,0.4542256985438804
1164,0.7830824478551752
1165,0.15109700905155452
1166,0.5471025186934277
1167,2.2111865407319953
1168,1.8246015348288076
1169,0.8459022038567493
1170,1.4755017709563163
1171,1.218344155844156
1172,1.4466991341991342
1173,0.5176357733175915
1174,0.44876524990161354
1175,0.12595926800472254
1176,0.3834858323494687
1177,3.4465761511216053
1178,2.6182359307359304
1179,0.7957988980716253
1180,2.9755263675718218
1181,1.1164403778040142
1182,1.6842040535222353
1183,1.8823789846517118
1184,0.7813114915387642
1185,0.6402744982290436
1186,1.1516873278236914
1187,0.5477912239275876
1188,0.7078905942542306
1189,0.9335399449035813
1190,2.5342138921684376
1191,1.7723337268791814
1192,0.5479879968516331
1193,0.5091499409681227
1194,0.8498868555686738
1195,1.6525236127508856
1196,1.1463252656434475
1197,0.4770021645021645
1198,1.3398514364423455
1199,2.4283254624163715
1200,1.9873081463990556
1201,1.008461235733963
1202,0.6362898465171193
1203,0.829004329004329
1204,1.4622441951987406
1205,0.20646399055489964
1206,0.7761953955135774
1207,0.7443181818181819
1208,0.7330283353010626
1209,1.100108225108225
1210,0.18991046831955924
1211,0.7053817394726485
1212,0.7727272727272727
1213,0.4375245966155057
1214,0.8722943722943722
1215,0.5368211334120425
1216,1.3644972451790633
1217,1.2659632034632033
1218,5.69288665879575
1219,1.7689147973238883
1220,1.1379870129870129
1221,0.5710596221959858
1222,0.46672077922077915
1223,0.5824970484061393
1224,1.4155106257378987
1225,2.2692345533254623
1226,2.1644037780401413
1227,1.118309720582448
1228,0.9641873278236914
1229,1.7648809523809523
1230,0.41027154663518295
1231,0.8963498622589532
1232,0.46708972845336477
1233,0.42343073593073594
1234,0.18929555293191655
1235,6.307703659976387
1236,3.547643644234553
1237,0.34710743801652894
1238,2.6326003541912635
1239,2.1944362455726094
1240,1.2285517512790238
1241,2.5351731601731604
1242,1.2652990948445493
1243,0.5145365997638724
1244,0.13407615112160565
1245,0.6536304604486424
1246,1.0704939000393545
1247,4.574232585596222
1248,0.4684425423061786
1249,1.2491391184573004
1250,1.0933195592286502
1251,1.1354535615899253
1252,0.21236717827626916
1253,0.42205332546241636
1254,0.0709366391184573
1255,0.3844451003541912
1256,1.156582054309327
1257,1.7805243998425817
1258,0.6058392365210546
1259,0.36813754427390794
1260,0.5878099173553719
1261,0.7326101928374655
1262,0.7057506887052342
1263,0.14428374655647383
1264,1.239202085792995
1265,0.4124852420306966
1266,0.7074724517906337
1267,0.2013478945297127
1268,0.0
1269,0.5697314049586777
1270,1.9733372687918145
1271,0.16519086973632427
1272,0.30531778827233375
1273,0.8476485635576545
1274,0.7528286107831562
1275,0.3056621408894136
1276,6.97422274695002
1277,1.8520513577331759
1278,2.1857782369146004
1279,2.218983667847304
1280,1.66538764266037
1281,0.550349271940181
1282,0.8364571035025581
1283,2.4215367965367967
1284,1.604732388823298
1285,2.118432703659976
1286,1.0774793388429753
1287,1.8234946871310507
1288,0.4000147579693034
1289,0.6137101534828807
1290,0.8153778040141676
1291,0.731650924832743
1292,0.43430243998425816
1293,14.152695789059425
1294,3.5851042896497445
1295,0.9435261707988981
1296,4.20749704840614
1297,5.875737898465172
1298,1.86228354978355
1299,1.1326741440377806
1300,2.490530303030303
1301,1.4464285714285714
1302,0.5612209759937032
1303,1.1607880755608029
1304,1.2642906336088156
1305,1.6193673750491933
1306,1.0006395120031484
1307,1.45021645021645
1308,1.2563705234159779
1309,1.0813164108618654
1310,0.8361865407319953
1311,1.4821428571428572
1312,1.3714334907516728
1313,0.31896890987800075
1314,2.026736521054703
1315,2.907492129083038
1316,2.2773268398268396
1317,0.9205529319165683
1318,0.7366932310114127
1319,1.4621212121212122
1320,1.789625147579693
1321,0.39130755608028334
1322,1.0440033451397088
1323,0.8625541125541125
1324,0.8177882723337269
1325,0.38459268004722547
1326,0.8952922077922078
1327,0.5697314049586777
1328,1.9695493900039358
1329,0.332103502558048
1330,0.9859799291617475
1331,0.9462563951200315
1332,1.9665240062967335
1333,0.6323297914207006
1334,7.148047028728847
1335,4.1375196772924046
1336,2.7017660369933094
1337,1.3880362062180243
1338,1.2330775285320739
1339,0.863931523022432
1340,1.2783844942935851
1341,1.6863685556867374
1342,2.9702380952380953
1343,1.8105568673750492
1344,0.9769775678866588
1345,2.1420700511609603
1346,0.4579151908697363
1347,1.3495670995670996
1348,0.9405499803227076
1349,0.8698347107438017
1350,0.2686196379378198
1351,8.961481700118064
1352,2.6615259740259742
1353,0.21177685950413222
1354,4.638798701298701
1355,6.694878984651711
1356,1.7420306965761512
1357,1.7279368358913814
1358,1.944116489571035
1359,0.7927981109799291
1360,0.9423701298701299
1361,1.1076839826839826
1362,1.3193624557260921
1363,2.2539600550964187
1364,1.3234454939000395
1365,0.570543093270366
1366,0.6708480913026368
1367,0.6888774104683195
1368,0.568870523415978
1369,2.1792601338055886
1370,1.412042502951594
1371,0.46590909090909094
1372,2.880755608028335
1373,2.224198150334514
1374,2.3488537977174344
1375,1.1432260920897284
1376,1.1463252656434475
1377,0.6253935458480914
1378,1.4917601338055884
1379,0.44111570247933884
1380,1.7970533254624164
1381,1.6315181031090122
1382,0.7395710350255804
1383,0.36668634395907124
1384,0.40695100354191266
1385,0.6511216056670601
1386,2.2518693427784333
1387,0.21910665092483272
1388,0.46775383707201884
1389,0.3963498622589532
1390,1.3569952774498228
1391,1.0914748130657221
1392,4.4561688311688314
1393,4.883658008658009
1394,4.613980716253444
1395,1.4548406139315229
1396,1.323297914207005
1397,0.543068673750492
1398,0.8037436048799685
1399,9.266356749311296
1400,3.293806572215663
1401,2.698789846517119
1402,0.5468565525383707
1403,2.3133854781582057
1404,0.5942050373868555
1405,4.620375836284927
1406,1.115530303030303
1407,1.2993900039354584
1408,0.9829791420700512
1409,15.69173061786698
1410,3.9297766627312085
1411,1.3137052341597797
1412,3.838154269972452
1413,4.2133756395120034
1414,1.9328020464384101
1415,2.789329988193624
1416,4.1966007477371114
1417,1.3467876820149547
1418,0.14979338842975207
1419,1.5349763872491144
1420,0.5711088154269972
1421,3.735168240850059
1422,2.2073002754820936
1423,0.45764462809917356
1424,2.0307457693821327
1425,0.6478502558048012
1426,3.467729240456513
1427,2.382624950806769
1428,0.580184966548603
1429,0.9669667453758364
1430,6.305465367965368
1431,1.4818968909878
1432,3.0381493506493507
1433,2.8892906336088156
1434,2.1252459661550573
1435,1.7788764266036994
1436,2.5003443526170797
1437,0.8101633215269579
1438,1.5790535222353403
1439,1.0240308933490754
1440,1.1075609996064542
1441,0.5245966155057064
1442,0.5426013380558835
1443,0.9224222746950018
1444,3.598460251869343
1445,0.19576446280991736
1446,0.6542207792207791
1447,1.365185950413223
1448,2.1640102321920507
1449,0.0
1450,8.428743604879969
1451,2.2198691460055096
1452,1.335620818575364
1453,1.3736225895316805
1454,1.9173553719008265
1455,0.967237308146399
1456,0.9166666666666666
1457,3.125737898465171
1458,2.763995474222747
1459,2.1748327430145613
1460,2.627779417552145
1461,2.528753443526171
1462,0.5413223140495868
1463,0.8560114128295946
1464,1.8895120031483668
1465,0.922250098386462
1466,0.21030106257378983
1467,18.66912632821724
1468,6.6555981896890986
1469,0.5878099173553719
1470,5.564812081857536
1471,2.33077528532074
1472,2.2167945690672965
1473,1.843737701692247
1474,2.278433687524597
1475,1.2432359307359309
1476,0.7547717434081069
1477,1.3748770169224716
1478,0.7673160173160174
1479,2.0734700905155448
1480,2.287878787878788
1481,0.5485783156237702
1482,1.0780204643841007
1483,0.15439295552931914
1484,0.9416814246359702
1485,0.6559671389216843
1486,0.22946182605273513
1487,0.6494982290436837
1488,1.9080332546241636
1489,0.9930637544273908
1490,1.2028482880755609
1491,1.9879968516332154
1492,0.6341499409681228
1493,0.22311589925226288
1494,0.7850255804801259
1495,0.18580283353010627
1496,1.5001967729240457
1497,0.685237111373475
1498,0.428866587957497
1499,0.6209169618260528
1500,1.3293732782369145
1501,0.29843073593073594
1502,3.753664895710351
1503,3.0427735143644234
1504,0.3307260920897284
1505,0.5515545060999606
1506,2.3827725304998033
1507,0.1679456906729634
1508,8.845754624163716
1509,2.528482880755608
1510,1.2116046831955922
1511,0.961629279811098
1512,0.7816312475403384
1513,0.4594401810310901
1514,0.8255608028335301
1515,2.7497048406139317
1516,2.079447068083432
1517,2.362160566706021
1518,1.758633412042503
1519,0.6842040535222353
1520,2.283771153089335
1521,0.3642020857929949
1522,0.4265299094844549
1523,0.8342434081070446
1524,0.7366686343959071
1525,7.6652892561983474
1526,3.9957447855175134
1527,0.9504132231404959
1528,2.2151711924439197
1529,1.29456906729634
1530,2.7202380952380953
1531,1.622564935064935
1532,0.25447658402203854
1533,0.7195985832349469
1534,1.7686442345533255
1535,0.5118309720582447
1536,0.9606454151908697
1537,1.1487357339630067
1538,2.171758166076348
1539,1.269603502558048
1540,0.6242866981503344
1541,0.5377312081857536
1542,1.2756788665879575
1543,2.253984651711925
1544,1.1331660763478943
1545,1.7652253049980322
1546,1.8673750491932308
1547,1.923430735930736
1548,2.328241833923652
1549,1.117202872884691
1550,0.35906139315230223
1551,0.7135970090515545
1552,1.3647432113341202
1553,0.29021546635183
1554,0.6290338449429358
1555,0.3121556473829201
1556,0.8335547028728847
1557,0.8977518693427784
1558,0.623991538764266
1559,1.4921536796536796
1560,1.7775728059818972
1561,0.6542207792207791
1562,1.685163321526958
1563,0.4718860684769775
1564,2.090540141676505
1565,1.5705184966548602
1566,2.093048996458087
1567,1.707521645021645
1568,1.885551948051948
1569,0.4368604879968516
1570,0.3837072018890201
1571,0.3024399842581661
1572,0.38287091696182607
1573,0.9931375442739079
1574,1.2968565525383706
1575,0.8725403384494292
1576,1.2583628492719403
1577,0.691435458480913
1578,0.8153040141676506
1579,0.312918142463597
1580,0.5421340023612751
1581,0.16713400236127507
1582,0.3427292404565132
1583,3.9723042109405746
1584,1.5457251082251084
1585,0.5578512396694215
1586,1.1906237701692248
1587,1.3567739079102716
1588,1.5782910271546635
1589,1.5756099960645416
1590,0.18078512396694216
1591,0.4591696182605273
1592,1.3592335694608422
1593,0.38727371113734754
1594,0.35704447068083434
1595,3.902203856749311
1596,0.8696625344352618
1597,0.8053423848878394
1598,0.7275678866587957
1599,0.2896989374262101
1600,0.5227272727272727
1601,1.4119687131050767
1602,0.6206463990554899
1603,0.14234061393152303
1604,2.1720779220779223
1605,1.4750836284927193
1606,2.6720533254624166
1607,0.6925423061786699
1608,0.5420848091302637
1609,0.6346172766627312
1610,0.9336137347500983
1611,0.3554210940574577
1612,0.6947314049586777
1613,0.44711727666273116
1614,0.6628541912632822
1615,0.6141774891774892
1616,0.13565033451397088
1617,0.8952922077922078
1618,2.1210399449035813
1619,0.2476141282959465
1620,0.5759297520661157
1621,0.3407123179850452
1622,0.8768447461629281
1623,0.2805981896890988
1624,4.786821133412042
1625,3.284361471861472
1626,2.280524399842582
1627,0.4528974813065722
1628,1.844082054309327
1629,1.876770956316411
1630,0.8207644628099173
1631,5.133756395120031
1632,2.2869933097205823
1633,2.0632870916961825
1634,1.180219401810311
1635,1.1462514757969302
1636,2.746900826446281
1637,0.27152203856749313
1638,0.8210350255804801
1639,0.30932703659976385
1640,2.1382575757575757
1641,17.012888626524987
1642,2.9240456513183783
1643,0.9597107438016529
1644,4.104068280204643
1645,1.4582103502558048
1646,4.6929358520267614
1647,0.9662534435261708
1648,0.970754624163715
1649,1.240185950413223
1650,1.3327184179456906
1651,0.3018250688705234
1652,0.39056965761511214
1653,2.185507674144038
1654,3.6006001574183397
1655,0.28923160173160173
1656,0.34878000787091695
1657,0.2422520661157025
1658,1.6881887052341598
1659,0.8448445493900039
1660,1.4502656434474617
1661,0.24114521841794567
1662,4.185114128295947
1663,1.9680489964580872
1664,1.7669470680834316
1665,1.9053768201495473
1666,1.2781139315230226
1667,0.3920208579299488
1668,0.6557703659976386
1669,0.13395316804407714
1670,0.4114521841794569
1671,0.4525531286894923
1672,0.6875737898465171
1673,1.262839433293979
1674,0.27130066902794175
1675,0.2170405352223534
1676,2.2288715072805982
1677,1.8936688311688312
1678,0.24658107044470684
1679,0.341401023219205
1680,2.404048602912239
1681,0.19369834710743802
1682,2.50836284927194
1683,1.7398415977961432
1684,0.9867178276269185
1685,0.691017316017316
1686,1.1025186934277842
1687,0.9363685556867375
1688,0.6453659976387249
1689,4.012987012987013
1690,1.765495867768595
1691,1.926431523022432
1692,1.2451544667453758
1693,1.5115358126721763
1694,0.40215466351829987
1695,0.3157959464777647
1696,0.6320592286501377
1697,0.18083431719795356
1698,0.3128443526170799
1699,12.389930145611963
1700,3.019898661944117
1701,0.9834710743801653
1702,3.143693427784337
1703,2.968811491538764
1704,1.4853404171585989
1705,1.4460842188114915
1706,1.8384986225895317
1707,0.7684228650137741
1708,1.2181473829201102
1709,0.7867965367965367
1710,0.274547422274695
1711,2.158500590318772
1712,2.1192689885871703
1713,0.7049635970090515
1714,0.3027105470287289
1715,0.22491145218417946
1716,0.8130657221566313
1717,1.334292601338056
1718,0.4416814246359701
1719,1.1441115702479339
1720,5.00154958677686
1721,1.5476436442345531
1722,1.714064344746163
1723,1.2540338449429358
1724,0.1479978354978355
1725,0.4305145611963794
1726,0.6923209366391184
1727,1.820370916961826
1728,0.5875147579693035
1729,0.26945592286501374
1730,0.4763872491145218
1731,0.32964384100747735
1732,0.13565033451397088
1733,0.08139020070838252
1734,1.8637839433293977
1735,2.1388724911452184
1736,0.5463892168437623
1737,0.3348583234946871
1738,0.6807359307359306
1739,0.5948691460055097
1740,7.29228158205431
1741,2.476387249114522
1742,1.2861324281778828
1743,0.4542256985438804
1744,0.7830824478551752
1745,0.15109700905155452
1746,0.5471025186934277
1747,2.2111865407319953
1748,1.8246015348288076
1749,0.8459022038567493
1750,1.4755017709563163
1751,1.218344155844156
1752,1.4466991341991342
1753,0.5176357733175915
1754,0.44876524990161354
1755,0.12595926800472254
1756,0.3834858323494687
1757,3.4465761511216053
1758,2.6182359307359304
1759,0.7957988980716253
1760,2.9755263675718218
1761,1.1164403778040142
1762,1.6842040535222353
1763,1.8823789846517118
1764,0.7813114915387642
1765,0.6402744982290436
1766,1.1516873278236914
1767,0.5477912239275876
1768,0.7078905942542306
1769,0.9335399449035813
1770,2.5342138921684376
1771,1.7723337268791814
1772,0.5479879968516331
1773,0.5091499409681227
1774,0.8498868555686738
1775,1.6525236127508856
1776,1.1463252656434475
1777,0.4770021645021645
1778,1.3398514364423455
1779,2.4283254624163715
1780,1.9873081463990556
1781,1.008461235733963
1782,0.6362898465171193
1783,0.829004329004329
1784,1.4622441951987406
1785,0.20646399055489964
1786,0.7761953955135774
1787,0.7443181818181819
1788,0.7330283353010626
1789,1.100108225108225
1790,0.18991046831955924
1791,0.7053817394726485
1792,0.7727272727272727
1793,0.4375245966155057
1794,0.8722943722943722
1795,0.5368211334120425
1796,1.3644972451790633
1797,1.2659632034632033
1798,5.69288665879575
1799,1.7689147973238883
1800,1.1379870129870129
1801,0.5710596221959858
1802,0.46672077922077915
1803,0.5824970484061393
1804,1.4155106257378987
1805,2.2692345533254623
1806,2.1644037780401413
1807,1.118309720582448
1808,0.9641873278236914
1809,1.7648809523809523
1810,0.41027154663518295
1811,0.8963498622589532
1812,0.46708972845336477
1813,0.42343073593073594
1814,0.18929555293191655
1815,6.307703659976387
1816,3.547643644234553
1817,0.34710743801652894
1818,2.6326003541912635
1819,2.1944362455726094
1820,1.2285517512790238
1821,2.5351731601731604
1822,1.2652990948445493
1823,0.5145365997638724
1824,0.13407615112160565
1825,0.6536304604486424
1826,1.0704939000393545
1827,4.574232585596222
1828,0.4684425423061786
1829,1.2491391184573004
1830,1.0933195592286502
1831,1.1354535615899253
1832,0.21236717827626916
1833,0.42205332546241636
1834,0.0709366391184573
1835,0.3844451003541912
1836,1.156582054309327
1837,1.7805243998425817
1838,0.6058392365210546
1839,0.36813754427390794
1840,0.5878099173553719
1841,0.7326101928374655
1842,0.7057506887052342
1843,0.14428374655647383
1844,1.239202085792995
1845,0.4124852420306966
1846,0.7074724517906337
1847,0.2013478945297127
1848,0.0
1849,0.5697314049586777
1850,1.9733372687918145
1851,0.16519086973632427
1852,0.30531778827233375
1853,0.8476485635576545
1854,0.7528286107831562
1855,0.3056621408894136
1856,6.97422274695002
1857,1.8520513577331759
1858,2.1857782369146004
1859,2.218983667847304
1860,1.66538764266037
1861,0.550349271940181
1862,0.8364571035025581
1863,2.4215367965367967
1864,1.604732388823298
1865,2.118432703659976
1866,1.0774793388429753
1867,1.8234946871310507
1868,0.4000147579693034
1869,0.6137101534828807
1870,0.8153778040141676
1871,0.731650924832743
1872,0.43430243998425816
1873,14.152695789059425
1874,3.5851042896497445
1875,0.9435261707988981
1876,4.20749704840614
1877,5.875737898465172
1878,1.86228354978355
1879,1.1326741440377806
1880,2.490530303030303
1881,1.4464285714285714
1882,0.5612209759937032
1883,1.1607880755608029
1884,1.2642906336088156
1885,1.6193673750491933
1886,1.0006395120031484
1887,1.45021645021645
1888,1.2563705234159779
1889,1.0813164108618654
1890,0.8361865407319953
1891,1.4821428571428572
1892,1.3714334907516728
1893,0.31896890987800075
1894,2.026736521054703
1895,2.907492129083038
1896,2.2773268398268396
1897,0.9205529319165683
1898,0.7366932310114127
1899,1.4621212121212122
1900,1.789625147579693
1901,0.39130755608028334
1902,1.0440033451397088
1903,0.8625541125541125
1904,0.8177882723337269
1905,0.38459268004722547
1906,0.8952922077922078
1907,0.5697314049586777
1908,1.9695493900039358
1909,0.332103502558048
1910,0.9859799291617475
1911,0.9462563951200315
1912,1.9665240062967335
1913,0.6323297914207006
1914,7.148047028728847
1915,4.1375196772924046
1916,2.7017660369933094
1917,1.3880362062180243
1918,1.2330775285320739
1919,0.863931523022432
1920,1.2783844942935851
1921,1.6863685556867374
1922,2.9702380952380953
1923,1.8105568673750492
1924,0.9769775678866588
1925,2.1420700511609603
1926,0.4579151908697363
1927,1.3495670995670996
1928,0.9405499803227076
1929,0.8698347107438017
1930,0.2686196379378198
1931,8.961481700118064
1932,2.6615259740259742
1933,0.21177685950413222
1934,4.638798701298701
1935,6.694878984651711
1936,1.7420306965761512
1937,1.7279368358913814
1938,1.944116489571035
1939,0.7927981109799291
1940,0.9423701298701299
1941,1.1076839826839826
1942,1.3193624557260921
1943,2.2539600550964187
1944,1.3234454939000395
1945,0.570543093270366
1946,0.6708480913026368
1947,0.6888774104683195
1948,0.568870523415978
1949,2.1792601338055886
1950,1.412042502951594
1951,0.46590909090909094
1952,2.880755608028335
1953,2.224198150334514
1954,2.3488537977174344
1955,1.1432260920897284
1956,1.1463252656434475
1957,0.6253935458480914
1958,1.4917601338055884
1959,0.44111570247933884
1960,1.7970533254624164
1961,1.6315181031090122
1962,0.7395710350255804
1963,0.36668634395907124
1964,0.40695100354191266
1965,0.6511216056670601
1966,2.2518693427784333
1967,0.21910665092483272
1968,0.46775383707201884
1969,0.3963498622589532
1970,1.3569952774498228
1971,1.0914748130657221
1972,4.4561688311688314
1973,4.883658008658009
1974,4.613980716253444
1975,1.4548406139315229
1976,1.323297914207005
1977,0.543068673750492
1978,0.8037436048799685
1979,9.266356749311296
1980,3.293806572215663
1981,2.698789846517119
1982,0.5468565525383707
1983,2.3133854781582057
1984,0.5942050373868555
1985,4.620375836284927
1986,1.115530303030303
1987,1.2993900039354584
1988,0.9829791420700512
1989,15.69173061786698
1990,3.9297766627312085
1991,1.3137052341597797
1992,3.838154269972452
1993,4.2133756395120034
1994,1.9328020464384101
1995,2.789329988193624
1996,4.1966007477371114
1997,1.3467876820149547
1998,0.14979338842975207
1999,1.5349763872491144
2000,0.5711088154269972
2001,3.735168240850059
2002,2.2073002754820936
2003,0.45764462809917356
2004,2.0307457693821327
2005,0.6478502558048012
2006,3.467729240456513
2007,2.382624950806769
2008,0.580184966548603
2009,0.9669667453758364
2010,6.305465367965368
2011,1.4818968909878
2012,3.0381493506493507
2013,2.8892906336088156
2014,2.1252459661550573
2015,1.7788764266036994
2016,2.5003443526170797
2017,0.8101633215269579
2018,1.5790535222353403
2019,1.0240308933490754
2020,1.1075609996064542
2021,0.5245966155057064
2022,0.5426013380558835
2023,0.9224222746950018
2024,3.598460251869343
2025,0.19576446280991736
2026,0.6542207792207791
2027,1.365185950413223
2028,2.1640102321920507
2029,0.0
2030,8.428743604879969
2031,2.2198691460055096
2032,1.335620818575364
2033,1.3736225895316805
2034,1.9173553719008265
2035,0.967237308146399
2036,0.9166666666666666
2037,3.125737898465171
2038,2.763995474222747
2039,2.1748327430145613
2040,2.627779417552145
2041,2.528753443526171
2042,0.5413223140495868
2043,0.8560114128295946
2044,1.8895120031483668
2045,0.922250098386462
2046,0.21030106257378983
2047,18.66912632821724
2048,6.6555981896890986
2049,0.5878099173553719
2050,5.564812081857536
2051,2.33077528532074
2052,2.2167945690672965
2053,1.843737701692247
2054,2.278433687524597
2055,1.2432359307359309
2056,0.7547717434081069
2057,1.3748770169224716
2058,0.7673160173160174
2059,2.0734700905155448
2060,2.287878787878788
2061,0.5485783156237702
2062,1.0780204643841007
2063,0.15439295552931914
2064,0.9416814246359702
2065,0.6559671389216843
2066,0.22946182605273513
2067,0.6494982290436837
2068,1.9080332546241636
2069,0.9930637544273908
2070,1.2028482880755609
2071,1.9879968516332154
2072,0.6341499409681228
2073,0.22311589925226288
2074,0.7850255804801259
2075,0.18580283353010627
2076,1.5001967729240457
2077,0.685237111373475
2078,0.428866587957497
2079,0.6209169618260528
2080,1.3293732782369145
2081,0.29843073593073594
2082,3.753664895710351
2083,3.0427735143644234
2084,0.3307260920897284
2085,0.5515545060999606
2086,2.3827725304998033
2087,0.1679456906729634
2088,8.845754624163716
2089,2.528482880755608
2090,1.2116046831955922
2091,0.961629279811098
2092,0.7816312475403384
2093,0.4594401810310901
2094,0.8255608028335301
2095,2.7497048406139317
2096,2.079447068083432
2097,2.362160566706021
2098,1.758633412042503
2099,0.6842040535222353
2100,2.283771153089335
2101,0.3642020857929949
2102,0.4265299094844549
2103,0.8342434081070446
2104,0.7366686343959071
2105,7.6652892561983474
2106,3.9957447855175134
2107,0.9504132231404959
2108,2.2151711924439197
2109,1.29456906729634
2110,2.7202380952380953
2111,1.622564935064935
2112,0.25447658402203854
2113,0.7195985832349469
2114,1.7686442345533255
2115,0.5118309720582447
2116,0.9606454151908697
2117,1.1487357339630067
2118,2.171758166076348
2119,1.269603502558048
2120,0.6242866981503344
2121,0.5377312081857536
2122,1.2756788665879575
2123,2.253984651711925
2124,1.1331660763478943
2125,1.7652253049980322
2126,1.8673750491932308
2127,1.923430735930736
2128,2.328241833923652
2129,1.117202872884691
2130,0.35906139315230223
2131,0.7135970090515545
2132,1.3647432113341202
2133,0.29021546635183
2134,0.6290338449429358
2135,0.3121556473829201
2136,0.8335547028728847
2137,0.8977518693427784
2138,0.623991538764266
2139,1.4921536796536796
2140,1.7775728059818972
2141,0.6542207792207791
2142,1.685163321526958
2143,0.4718860684769775
2144,2.090540141676505
2145,1.5705184966548602
2146,2.093048996458087
2147,1.707521645021645
2148,1.885551948051948
2149,0.4368604879968516
2150,0.3837072018890201
2151,0.3024399842581661
2152,0.38287091696182607
2153,0.9931375442739079
2154,1.2968565525383706
2155,0.8725403384494292
2156,1.2583628492719403
2157,0.691435458480913
2158,0.8153040141676506
2159,0.312918142463597
2160,0.5421340023612751
2161,0.16713400236127507
2162,0.3427292404565132
2163,3.9723042109405746
2164,1.5457251082251084
2165,0.5578512396694215
2166,1.1906237701692248
2167,1.3567739079102716
2168,1.5782910271546635
2169,1.5756099960645416
2170,0.18078512396694216
2171,0.4591696182605273
2172,1.3592335694608422
2173,0.38727371113734754
2174,0.35704447068083434
2175,3.902203856749311
2176,0.8696625344352618
2177,0.8053423848878394
2178,0.7275678866587957
2179,0.2896989374262101
2180,0.5227272727272727
2181,1.4119687131050767
2182,0.6206463990554899
2183,0.14234061393152303
2184,2.1720779220779223
2185,1.4750836284927193
2186,2.6720533254624166
2187,0.6925423061786699
2188,0.5420848091302637
2189,0.6346172766627312
2190,0.9336137347500983
2191,0.3554210940574577
2192,0.6947314049586777
2193,0.44711727666273116
2194,0.6628541912632822
2195,0.6141774891774892
2196,0.13565033451397088
2197,0.8952922077922078
2198,2.1210399449035813
2199,0.2476141282959465
2200,0.5759297520661157
2201,0.3407123179850452
2202,0.8768447461629281
2203,0.2805981896890988
2204,4.786821133412042
2205,3.284361471861472
2206,2.280524399842582
2207,0.4528974813065722
2208,1.844082054309327
2209,1.876770956316411
2210,0.8207644628099173
2211,5.133756395120031
2212,2.2869933097205823
2213,2.0632870916961825
2214,1.180219401810311
2215,1.1462514757969302
2216,2.746900826446281
2217,0.27152203856749313
2218,0.8210350255804801
2219,0.30932703659976385
2220,2.1382575757575757
2221,17.012888626524987
2222,2.9240456513183783
2223,0.9597107438016529
2224,4.104068280204643
2225,1.4582103502558048
2226,4.6929358520267614
2227,0.9662534435261708
2228,0.970754624163715
2229,1.240185950413223
2230,1.3327184179456906
2231,0.3018250688705234
2232,0.39056965761511214
2233,2.185507674144038
2234,3.6006001574183397
2235,0.28923160173160173
2236,0.34878000787091695
2237,0.2422520661157025
2238,1.6881887052341598
2239,0.8448445493900039
2240,1.4502656434474617
2241,0.24114521841794567
2242,4.185114128295947
2243,1.9680489964580872
2244,1.7669470680834316
2245,1.9053768201495473
2246,1.2781139315230226
2247,0.3920208579299488
2248,0.6557703659976386
2249,0.13395316804407714
2250,0.4114521841794569
2251,0.4525531286894923
2252,0.6875737898465171
2253,1.262839433293979
2254,0.27130066902794175
2255,0.2170405352223534
2256,2.2288715072805982
2257,1.8936688311688312
2258,0.24658107044470684
2259,0.341401023219205
2260,2.404048602912239
2261,0.19369834710743802
2262,2.50836284927194
2263,1.7398415977961432
2264,0.9867178276269185
2265,0.691017316017316
2266,1.1025186934277842
2267,0.9363685556867375
2268,0.6453659976387249
2269,4.012987012987013
2270,1.765495867768595
2271,1.926431523022432
2272,1.2451544667453758
2273,1.5115358126721763
2274,0.40215466351829987
2275,0.3157959464777647
2276,0.6320592286501377
2277,0.18083431719795356
2278,0.3128443526170799
2279,12.389930145611963
2280,3.019898661944117
2281,0.9834710743801653
2282,3.143693427784337
2283,2.968811491538764
2284,1.4853404171585989
2285,1.4460842188114915
2286,1.8384986225895317
2287,0.7684228650137741
2288,1.2181473829201102
2289,0.7867965367965367
2290,0.274547422274695
2291,2.158500590318772
2292,2.1192689885871703
2293,0.7049635970090515
2294,0.3027105470287289
2295,0.22491145218417946
2296,0.8130657221566313
2297,1.334292601338056
2298,0.4416814246359701
2299,1.1441115702479339
2300,5.00154958677686
2301,1.5476436442345531
2302,1.714064344746163
2303,1.2540338449429358
2304,0.1479978354978355
2305,0.4305145611963794
2306,0.6923209366391184
2307,1.820370916961826
2308,0.5875147579693035
2309,0.26945592286501374
2310,0.4763872491145218
2311,0.32964384100747735
2312,0.13565033451397088
2313,0.08139020070838252
2314,1.8637839433293977
2315,2.1388724911452184
2316,0.5463892168437623
2317,0.3348583234946871
2318,0.6807359307359306
2319,0.5948691460055097
2320,7.29228158205431
2321,2.476387249114522
2322,1.2861324281778828
2323,0.4542256985438804
2324,0.7830824478551752
2325,0.15109700905155452
2326,0.5471025186934277
2327,2.2111865407319953
2328,1.8246015348288076
2329,0.8459022038567493
2330,1.4755017709563163
2331,1.218344155844156
2332,1.4466991341991342
2333,0.5176357733175915
2334,0.44876524990161354
2335,0.12595926800472254
2336,0.3834858323494687
2337,3.4465761511216053
2338,2.6182359307359304
2339,0.7957988980716253
2340,2.9755263675718218
2341,1.1164403778040142
2342,1.6842040535222353
2343,1.8823789846517118
2344,0.7813114915387642
2345,0.6402744982290436
2346,1.1516873278236914
2347,0.5477912239275876
2348,0.7078905942542306
2349,0.9335399449035813
2350,2.5342138921684376
2351,1.7723337268791814
2352,0.5479879968516331
2353,0.5091499409681227
2354,0.8498868555686738
2355,1.6525236127508856
2356,1.1463252656434475
2357,0.4770021645021645
2358,1.3398514364423455
2359,2.4283254624163715
2360,1.9873081463990556
2361,1.008461235733963
2362,0.6362898465171193
2363,0.829004329004329
2364,1.4622441951987406
2365,0.20646399055489964
2366,0.7761953955135774
2367,0.7443181818181819
2368,0.7330283353010626
2369,1.100108225108225
2370,0.18991046831955924
2371,0.7053817394726485
2372,0.7727272727272727
2373,0.4375245966155057
2374,0.8722943722943722
2375,0.5368211334120425
2376,1.3644972451790633
2377,1.2659632034632033
2378,5.69288665879575
2379,1.7689147973238883
2380,1.1379870129870129
2381,0.5710596221959858
2382,0.46672077922077915
2383,0.5824970484061393
2384,1.4155106257378987
2385,2.2692345533254623
2386,2.1644037780401413
2387,1.118309720582448
2388,0.9641873278236914
2389,1.7648809523809523
2390,0.41027154663518295
2391,0.8963498622589532
2392,0.46708972845336477
2393,0.42343073593073594
2394,0.18929555293191655
2395,6.307703659976387
2396,3.547643644234553
2397,0.34710743801652894
2398,2.6326003541912635
2399,2.1944362455726094
2400,1.2285517512790238
2401,2.5351731601731604
2402,1.2652990948445493
2403,0.5145365997638724
2404,0.13407615112160565
2405,0.6536304604486424
2406,1.0704939000393545
2407,4.574232585596222
2408,0.4684425423061786
2409,1.2491391184573004
2410,1.0933195592286502
2411,1.1354535615899253
2412,0.21236717827626916
2413,0.42205332546241636
2414,0.0709366391184573
2415,0.3844451003541912
2416,1.156582054309327
2417,1.7805243998425817
2418,0.6058392365210546
2419,0.36813754427390794
2420,0.5878099173553719
2421,0.7326101928374655
2422,0.7057506887052342
2423,0.14428374655647383
2424,1.239202085792995
2425,0.4124852420306966
2426,0.7074724517906337
2427,0.2013478945297127
2428,0.0
2429,0.5697314049586777
2430,1.9733372687918145
2431,0.16519086973632427
2432,0.30531778827233375
2433,0.8476485635576545
2434,0.7528286107831562
2435,0.3056621408894136
2436,6.97422274695002
2437,1.8520513577331759
2438,2.1857782369146004
2439,2.218983667847304
2440,1.66538764266037
2441,0.550349271940181
2442,0.8364571035025581
2443,2.4215367965367967
2444,1.604732388823298
2445,2.118432703659976
2446,1.0774793388429753
2447,1.8234946871310507
2448,0.4000147579693034
2449,0.6137101534828807
2450,0.8153778040141676
2451,0.731650924832743
2452,0.43430243998425816
2453,14.152695789059425
2454,3.5851042896497445
2455,0.9435261707988981
2456,4.20749704840614
2457,5.875737898465172
2458,1.86228354978355
2459,1.1326741440377806
2460,2.490530303030303
2461,1.4464285714285714
2462,0.5612209759937032
2463,1.1607880755608029
2464,1.2642906336088156
2465,1.6193673750491933
2466,1.0006395120031484
2467,1.45021645021645
2468,1.2563705234159779
2469,1.0813164108618654
2470,0.8361865407319953
2471,1.4821428571428572
2472,1.3714334907516728
2473,0.31896890987800075
2474,2.026736521054703
2475,2.907492129083038
2476,2.2773268398268396
2477,0.9205529319165683
2478,0.7366932310114127
2479,1.4621212121212122
2480,1.789625147579693
2481,0.39130755608028334
2482,1.0440033451397088
2483,0.8625541125541125
2484,0.8177882723337269
2485,0.38459268004722547
2486,0.8952922077922078
2487,0.5697314049586777
2488,1.9695493900039358
2489,0.332103502558048
2490,0.9859799291617475
2491,0.9462563951200315
2492,1.9665240062967335
2493,0.6323297914207006
2494,7.148047028728847
2495,4.1375196772924046
2496,2.7017660369933094
2497,1.3880362062180243
2498,1.2330775285320739
2499,0.863931523022432
2500,1.2783844942935851
2501,1.6863685556867374
2502,2.9702380952380953
2503,1.8105568673750492
2504,0.9769775678866588
2505,2.1420700511609603
2506,0.4579151908697363
2507,1.3495670995670996
2508,0.9405499803227076
2509,0.8698347107438017
2510,0.2686196379378198
2511,8.961481700118064
2512,2.6615259740259742
2513,0.21177685950413222
2514,4.638798701298701
2515,6.694878984651711
2516,1.7420306965761512
2517,1.7279368358913814
2518,1.944116489571035
2519,0.7927981109799291
2520,0.9423701298701299
2521,1.1076839826839826
2522,1.3193624557260921
2523,2.2539600550964187
2524,1.3234454939000395
2525,0.570543093270366
2526,0.6708480913026368
2527,0.6888774104683195
2528,0.568870523415978
2529,2.1792601338055886
2530,1.412042502951594
2531,0.46590909090909094
2532,2.880755608028335
2533,2.224198150334514
2534,2.3488537977174344
2535,1.1432260920897284
2536,1.1463252656434475
2537,0.6253935458480914
2538,1.4917601338055884
2539,0.44111570247933884
2540,1.7970533254624164
2541,1.6315181031090122
2542,0.7395710350255804
2543,0.36668634395907124
2544,0.40695100354191266
2545,0.6511216056670601
2546,2.2518693427784333
2547,0.21910665092483272
2548,0.46775383707201884
2549,0.3963498622589532
2550,1.3569952774498228
2551,1.0914748130657221
2552,4.4561688311688314
2553,4.883658008658009
2554,4.613980716253444
2555,1.4548406139315229
2556,1.323297914207005
2557,0.543068673750492
2558,0.8037436048799685
2559,9.266356749311296
2560,3.293806572215663
2561,2.698789846517119
2562,0.5468565525383707
2563,2.3133854781582057
2564,0.5942050373868555
2565,4.620375836284927
2566,1.115530303030303
2567,1.2993900039354584
2568,0.9829791420700512
2569,15.69173061786698
2570,3.9297766627312085
2571,1.3137052341597797
2572,3.838154269972452
2573,4.2133756395120034
2574,1.9328020464384101
2575,2.789329988193624
2576,4.1966007477371114
2577,1.3467876820149547
2578,0.14979338842975207
2579,1.5349763872491144
2580,0.5711088154269972
2581,3.735168240850059
2582,2.2073002754820936
2583,0.45764462809917356
2584,2.0307457693821327
2585,0.6478502558048012
2586,3.467729240456513
2587,2.382624950806769
2588,0.580184966548603
2589,0.9669667453758364
2590,6.305465367965368
2591,1.4818968909878
2592,3.0381493506493507
2593,2.8892906336088156
2594,2.1252459661550573
2595,1.7788764266036994
2596,2.5003443526170797
2597,0.8101633215269579
2598,1.5790535222353403
2599,1.0240308933490754
2600,1.1075609996064542
2601,0.5245966155057064
2602,0.5426013380558835
2603,0.9224222746950018
2604,3.598460251869343
2605,0.19576446280991736
2606,0.6542207792207791
2607,1.365185950413223
2608,2.1640102321920507
2609,0.0
2610,8.428743604879969
2611,2.2198691460055096
2612,1.335620818575364
2613,1.3736225895316805
2614,1.9173553719008265
2615,0.967237308146399
2616,0.9166666666666666
2617,3.125737898465171
2618,2.763995474222747
2619,2.1748327430145613
2620,2.627779417552145
2621,2.528753443526171
2622,0.5413223140495868
2623,0.8560114128295946
2624,1.8895120031483668
2625,0.922250098386462
2626,0.21030106257378983
2627,18.66912632821724
2628,6.6555981896890986
2629,0.5878099173553719
2630,5.564812081857536
2631,2.33077528532074
2632,2.2167945690672965
2633,1.843737701692247
2634,2.278433687524597
2635,1.2432359307359309
2636,0.7547717434081069
2637,1.3748770169224716
2638,0.7673160173160174
2639,2.0734700905155448
2640,2.287878787878788
2641,0.5485783156237702
2642,1.0780204643841007
2643,0.15439295552931914
2644,0.9416814246359702
2645,0.6559671389216843
2646,0.22946182605273513
2647,0.6494982290436837
2648,1.9080332546241636
2649,0.9930637544273908
2650,1.2028482880755609
2651,1.9879968516332154
2652,0.6341499409681228
2653,0.22311589925226288
2654,0.7850255804801259
2655,0.18580283353010627
2656,1.5001967729240457
2657,0.685237111373475
2658,0.428866587957497
2659,0.6209169618260528
2660,1.3293732782369145
2661,0.29843073593073594
2662,3.753664895710351
2663,3.0427735143644234
2664,0.3307260920897284
2665,0.5515545060999606
2666,2.3827725304998033
2667,0.1679456906729634
2668,8.845754624163716
2669,2.528482880755608
2670,1.2116046831955922
2671,0.961629279811098
2672,0.7816312475403384
2673,0.4594401810310901
2674,0.8255608028335301
2675,2.7497048406139317
2676,2.079447068083432
2677,2.362160566706021
2678,1.758633412042503
2679,0.6842040535222353
2680,2.283771153089335
2681,0.3642020857929949
2682,0.4265299094844549
2683,0.8342434081070446
2684,0.7366686343959071
2685,7.6652892561983474
2686,3.9957447855175134
2687,0.9504132231404959
2688,2.2151711924439197
2689,1.29456906729634
2690,2.7202380952380953
2691,1.622564935064935
2692,0.25447658402203854
2693,0.7195985832349469
2694,1.7686442345533255
2695,0.5118309720582447
2696,0.9606454151908697
2697,1.1487357339630067
2698,2.171758166076348
2699,1.269603502558048
2700,0.6242866981503344
2701,0.5377312081857536
2702,1.2756788665879575
2703,2.253984651711925
2704,1.1331660763478943
2705,1.7652253049980322
2706,1.8673750491932308
2707,1.923430735930736
2708,2.328241833923652
2709,1.117202872884691
2710,0.35906139315230223
2711,0.7135970090515545
2712,1.3647432113341202
2713,0.29021546635183
2714,0.6290338449429358
2715,0.3121556473829201
2716,0.8335547028728847
2717,0.8977518693427784
2718,0.623991538764266
2719,1.4921536796536796
2720,1.7775728059818972
2721,0.6542207792207791
2722,1.685163321526958
2723,0.4718860684769775
2724,2.090540141676505
2725,1.5705184966548602
2726,2.093048996458087
2727,1.707521645021645
2728,1.885551948051948
2729,0.4368604879968516
2730,0.3837072018890201
2731,0.3024399842581661
2732,0.38287091696182607
2733,0.9931375442739079
2734,1.2968565525383706
2735,0.8725403384494292
2736,1.2583628492719403
2737,0.691435458480913
2738,0.8153040141676506
2739,0.312918142463597
2740,0.5421340023612751
2741,0.16713400236127507
2742,0.3427292404565132
2743,3.9723042109405746
2744,1.5457251082251084
2745,0.5578512396694215
2746,1.1906237701692248
2747,1.3567739079102716
2748,1.5782910271546635
2749,1.5756099960645416
2750,0.18078512396694216
2751,0.4591696182605273
2752,1.3592335694608422
2753,0.38727371113734754
2754,0.35704447068083434
2755,3.902203856749311
2756,0.8696625344352618
2757,0.8053423848878394
2758,0.7275678866587957
2759,0.2896989374262101
2760,0.5227272727272727
2761,1.4119687131050767
2762,0.6206463990554899
2763,0.14234061393152303
2764,2.1720779220779223
2765,1.4750836284927193
2766,2.6720533254624166
2767,0.6925423061786699
2768,0.5420848091302637
2769,0.6346172766627312
2770,0.9336137347500983
2771,0.3554210940574577
2772,0.6947314049586777
2773,0.44711727666273116
2774,0.6628541912632822
2775,0.6141774891774892
2776,0.13565033451397088
2777,0.8952922077922078
2778,2.1210399449035813
2779,0.2476141282959465
2780,0.5759297520661157
2781,0.3407123179850452
2782,0.8768447461629281
2783,0.2805981896890988
2784,4.786821133412042
2785,3.284361471861472
2786,2.280524399842582
2787,0.4528974813065722
2788,1.844082054309327
2789,1.876770956316411
2790,0.8207644628099173
2791,5.133756395120031
2792,2.2869933097205823
2793,2.0632870916961825
2794,1.180219401810311
2795,1.1462514757969302
2796,2.746900826446281
2797,0.27152203856749313
2798,0.8210350255804801
2799,0.30932703659976385
2800,2.1382575757575757
2801,17.012888626524987
2802,2.9240456513183783
2803,0.9597107438016529
2804,4.104068280204643
2805,1.4582103502558048
2806,4.6929358520267614
2807,0.9662534435261708
2808,0.970754624163715
2809,1.240185950413223
2810,1.3327184179456906
2811,0.3018250688705234
2812,0.39056965761511214
2813,2.185507674144038
2814,3.6006001574183397
2815,0.28923160173160173
2816,0.34878000787091695
2817,0.2422520661157025
2818,1.6881887052341598
2819,0.8448445493900039
2820,1.4502656434474617
2821,0.24114521841794567
2822,4.185114128295947
2823,1.9680489964580872
2824,1.7669470680834316
2825,1.9053768201495473
2826,1.2781139315230226
2827,0.3920208579299488
2828,0.6557703659976386
2829,0.13395316804407714
2830,0.4114521841794569
2831,0.4525531286894923
2832,0.6875737898465171
2833,1.262839433293979
2834,0.27130066902794175
2835,0.2170405352223534
2836,2.2288715072805982
2837,1.8936688311688312
2838,0.24658107044470684
2839,0.341401023219205
2840,2.404048602912239
2841,0.19369834710743802
2842,2.50836284927194
2843,1.7398415977961432
2844,0.9867178276269185
2845,0.691017316017316
2846,1.1025186934277842
2847,0.9363685556867375
2848,0.6453659976387249
2849,4.012987012987013
2850,1.765495867768595
2851,1.926431523022432
2852,1.2451544667453758
2853,1.5115358126721763
2854,0.40215466351829987
2855,0.3157959464777647
2856,0.6320592286501377
2857,0.18083431719795356
2858,0.3128443526170799
2859,12.389930145611963
2860,3.019898661944117
2861,0.9834710743801653
2862,3.143693427784337
2863,2.968811491538764
2864,1.4853404171585989
2865,1.4460842188114915
2866,1.8384986225895317
2867,0.7684228650137741
2868,1.2181473829201102
2869,0.7867965367965367
2870,0.274547422274695
2871,2.158500590318772
2872,2.1192689885871703
2873,0.7049635970090515
2874,0.3027105470287289
2875,0.22491145218417946
2876,0.8130657221566313
2877,1.334292601338056
2878,0.4416814246359701
2879,1.1441115702479339
2880,5.00154958677686
2881,1.5476436442345531
2882,1.714064344746163
2883,1.2540338449429358
2884,0.1479978354978355
2885,0.4305145611963794
2886,0.6923209366391184
2887,1.820370916961826
2888,0.5875147579693035
2889,0.26945592286501374
2890,0.4763872491145218
2891,0.32964384100747735
2892,0.13565033451397088
2893,0.08139020070838252
2894,1.8637839433293977
2895,2.1388724911452184
2896,0.5463892168437623
2897,0.3348583234946871
2898,0.6807359307359306
2899,0.5948691460055097
2900,7.29228158205431
2901,2.476387249114522
2902,1.2861324281778828
2903,0.4542256985438804
2904,0.7830824478551752
2905,0.15109700905155452
2906,0.5471025186934277
2907,2.2111865407319953
2908,1.8246015348288076
2909,0.8459022038567493
2910,1.4755017709563163
2911,1.218344155844156
2912,1.4466991341991342
2913,0.5176357733175915
2914,0.44876524990161354
2915,0.12595926800472254
2916,0.3834858323494687
2917,3.4465761511216053
2918,2.6182359307359304
2919,0.7957988980716253
2920,2.9755263675718218
2921,1.1164403778040142
2922,1.6842040535222353
2923,1.8823789846517118
2924,0.7813114915387642
2925,0.6402744982290436
2926,1.1516873278236914
2927,0.5477912239275876
2928,0.7078905942542306
2929,0.9335399449035813
2930,2.5342138921684376
2931,1.7723337268791814
2932,0.5479879968516331
2933,0.5091499409681227
2934,0.8498868555686738
2935,1.6525236127508856
2936,1.1463252656434475
2937,0.4770021645021645
2938,1.3398514364423455
2939,2.4283254624163715
2940,1.9873081463990556
2941,1.008461235733963
2942,0.6362898465171193
2943,0.829004329004329
2944,1.4622441951987406
2945,0.20646399055489964
2946,0.7761953955135774
2947,0.7443181818181819
2948,0.7330283353010626
2949,1.100108225108225
2950,0.18991046831955924
2951,0.7053817394726485
2952,0.7727272727272727
2953,0.4375245966155057
2954,0.8722943722943722
2955,0.5368211334120425
2956,1.3644972451790633
2957,1.2659632034632033
2958,5.69288665879575
2959,1.7689147973238883
2960,1.1379870129870129
2961,0.5710596221959858
2962,0.46672077922077915
2963,0.5824970484061393
2964,1.4155106257378987
2965,2.2692345533254623
2966,2.1644037780401413
2967,1.118309720582448
2968,0.9641873278236914
2969,1.7648809523809523
2970,0.41027154663518295
2971,0.8963498622589532
2972,0.46708972845336477
2973,0.42343073593073594
2974,0.18929555293191655
2975,6.307703659976387
2976,3.547643644234553
2977,0.34710743801652894
2978,2.6326003541912635
2979,2.1944362455726094
2980,1.2285517512790238
2981,2.5351731601731604
2982,1.2652990948445493
2983,0.5145365997638724
2984,0.13407615112160565
2985,0.6536304604486424
2986,1.0704939000393545
2987,4.574232585596222
2988,0.4684425423061786
2989,1.2491391184573004
2990,1.0933195592286502
2991,1.1354535615899253
2992,0.21236717827626916
2993,0.42205332546241636
2994,0.0709366391184573
2995,0.3844451003541912
2996,1.156582054309327
2997,1.7805243998425817
2998,0.6058392365210546
2999,0.36813754427390794
3000,0.5878099173553719
3001,0.7326101928374655
3002,0.7057506887052342
3003,0.14428374655647383
3004,1.239202085792995
3005,0.4124852420306966
3006,0.7074724517906337
3007,0.2013478945297127
3008,0.0
3009,0.5697314049586777
3010,1.9733372687918145
3011,0.16519086973632427
3012,0.30531778827233375
3013,0.8476485635576545
3014,0.7528286107831562
3015,0.3056621408894136
3016,6.97422274695002
3017,1.8520513577331759
3018,2.1857782369146004
3019,2.218983667847304
3020,1.66538764266037
3021,0.550349271940181
3022,0.8364571035025581
3023,2.4215367965367967
3024,1.604732388823298
3025,2.118432703659976
3026,1.0774793388429753
3027,1.8234946871310507
3028,0.4000147579693034
3029,0.6137101534828807
3030,0.8153778040141676
3031,0.731650924832743
3032,0.43430243998425816
3033,14.152695789059425
3034,3.5851042896497445
3035,0.9435261707988981
3036,4.20749704840614
3037,5.875737898465172
3038,1.86228354978355
3039,1.1326741440377806
3040,2.490530303030303
3041,1.4464285714285714
3042,0.5612209759937032
3043,1.1607880755608029
3044,1.2642906336088156
3045,1.6193673750491933
3046,1.0006395120031484
3047,1.45021645021645
3048,1.2563705234159779
3049,1.0813164108618654
3050,0.8361865407319953
3051,1.4821428571428572
3052,1.3714334907516728
3053,0.31896890987800075
3054,2.026736521054703
3055,2.907492129083038
3056,2.2773268398268396
3057,0.9205529319165683
3058,0.7366932310114127
3059,1.4621212121212122
3060,1.789625147579693
3061,0.39130755608028334
3062,1.0440033451397088
3063,0.8625541125541125
3064,0.8177882723337269
3065,0.38459268004722547
3066,0.8952922077922078
3067,0.5697314049586777
3068,1.9695493900039358
3069,0.332103502558048
3070,0.9859799291617475
3071,0.9462563951200315
3072,1.9665240062967335
3073,0.6323297914207006
3074,7.148047028728847
3075,4.1375196772924046
3076,2.7017660369933094
3077,1.3880362062180243
3078,1.2330775285320739
3079,0.863931523022432
3080,1.2783844942935851
3081,1.6863685556867374
3082,2.9702380952380953
3083,1.8105568673750492
3084,0.9769775678866588
3085,2.1420700511609603
3086,0.4579151908697363
3087,1.3495670995670996
3088,0.9405499803227076
3089,0.8698347107438017
3090,0.2686196379378198
3091,8.961481700118064
3092,2.6615259740259742
3093,0.21177685950413222
3094,4.638798701298701
3095,6.694878984651711
3096,1.7420306965761512
3097,1.7279368358913814
3098,1.944116489571035
3099,0.7927981109799291
3100,0.9423701298701299
3101,1.1076839826839826
3102,1.3193624557260921
3103,2.2539600550964187
3104,1.3234454939000395
3105,0.570543093270366
3106,0.6708480913026368
3107,0.6888774104683195
3108,0.568870523415978
3109,2.1792601338055886
3110,1.412042502951594
3111,0.46590909090909094
3112,2.880755608028335
3113,2.224198150334514
3114,2.3488537977174344
3115,1.1432260920897284
3116,1.1463252656434475
3117,0.6253935458480914
3118,1.4917601338055884
3119,0.44111570247933884
3120,1.7970533254624164
3121,1.6315181031090122
3122,0.7395710350255804
3123,0.36668634395907124
3124,0.40695100354191266
3125,0.6511216056670601
3126,2.2518693427784333
3127,0.21910665092483272
3128,0.46775383707201884
3129,0.3963498622589532
3130,1.3569952774498228
3131,1.0914748130657221
3132,4.4561688311688314
3133,4.883658008658009
3134,4.613980716253444
3135,1.4548406139315229
3136,1.323297914207005
3137,0.543068673750492
3138,0.8037436048799685
3139,9.266356749311296
3140,3.293806572215663
3141,2.698789846517119
3142,0.5468565525383707
3143,2.3133854781582057
3144,0.5942050373868555
3145,4.620375836284927
3146,1.115530303030303
3147,1.2993900039354584
3148,0.9829791420700512
3149,15.69173061786698
3150,3.9297766627312085
3151,1.3137052341597797
3152,3.838154269972452
3153,4.2133756395120034
3154,1.9328020464384101
3155,2.789329988193624
3156,4.1966007477371114
3157,1.3467876820149547
3158,0.14979338842975207
3159,1.5349763872491144
3160,0.5711088154269972
3161,3.735168240850059
3162,2.2073002754820936
3163,0.45764462809917356
3164,2.0307457693821327
3165,0.6478502558048012
3166,3.467729240456513
3167,2.382624950806769
3168,0.580184966548603
3169,0.9669667453758364
3170,6.305465367965368
3171,1.4818968909878
3172,3.0381493506493507
3173,2.8892906336088156
3174,2.1252459661550573
3175,1.7788764266036994
3176,2.5003443526170797
3177,0.8101633215269579
3178,1.5790535222353403
3179,1.0240308933490754
3180,1.1075609996064542
3181,0.5245966155057064
3182,0.5426013380558835
3183,0.9224222746950018
3184,3.598460251869343
3185,0.19576446280991736
3186,0.6542207792207791
3187,1.365185950413223
3188,2.1640102321920507
3189,0.0
3190,8.428743604879969
3191,2.2198691460055096
3192,1.335620818575364
3193,1.3736225895316805
3194,1.9173553719008265
3195,0.967237308146399
3196,0.9166666666666666
3197,3.125737898465171
3198,2.763995474222747
3199,2.1748327430145613
3200,2.627779417552145
3201,2.528753443526171
3202,0.5413223140495868
3203,0.8560114128295946
3204,1.8895120031483668
3205,0.922250098386462
3206,0.21030106257378983
3207,18.66912632821724
3208,6.6555981896890986
3209,0.5878099173553719
3210,5.564812081857536
3211,2.33077528532074
3212,2.2167945690672965
3213,1.843737701692247
3214,2.278433687524597
3215,1.2432359307359309
3216,0.7547717434081069
3217,1.3748770169224716
3218,0.7673160173160174
3219,2.0734700905155448
3220,2.287878787878788
3221,0.5485783156237702
3222,1.0780204643841007
3223,0.15439295552931914
3224,0.9416814246359702
3225,0.6559671389216843
3226,0.22946182605273513
3227,0.6494982290436837
3228,1.9080332546241636
3229,0.9930637544273908
3230,1.2028482880755609
3231,1.9879968516332154
3232,0.6341499409681228
3233,0.22311589925226288
3234,0.7850255804801259
3235,0.18580283353010627
3236,1.5001967729240457
3237,0.685237111373475
3238,0.428866587957497
3239,0.6209169618260528
3240,1.3293732782369145
3241,0.29843073593073594
3242,3.753664895710351
3243,3.0427735143644234
3244,0.3307260920897284
3245,0.5515545060999606
3246,2.3827725304998033
3247,0.1679456906729634
3248,8.845754624163716
3249,2.528482880755608
3250,1.2116046831955922
3251,0.961629279811098
3252,0.7816312475403384
3253,0.4594401810310901
3254,0.8255608028335301
3255,2.7497048406139317
3256,2.079447068083432
3257,2.362160566706021
3258,1.758633412042503
3259,0.6842040535222353
3260,2.283771153089335
3261,0.3642020857929949
3262,0.4265299094844549
3263,0.8342434081070446
3264,0.7366686343959071
3265,7.6652892561983474
3266,3.9957447855175134
3267,0.9504132231404959
3268,2.2151711924439197
3269,1.29456906729634
3270,2.7202380952380953
3271,1.622564935064935
3272,0.25447658402203854
3273,0.7195985832349469
3274,1.7686442345533255
3275,0.5118309720582447
3276,0.9606454151908697
3277,1.1487357339630067
3278,2.171758166076348
3279,1.269603502558048
3280,0.6242866981503344
3281,0.5377312081857536
3282,1.2756788665879575
3283,2.253984651711925
3284,1.1331660763478943
3285,1.7652253049980322
3286,1.8673750491932308
3287,1.923430735930736
3288,2.328241833923652
3289,1.117202872884691
3290,0.35906139315230223
3291,0.7135970090515545
3292,1.3647432113341202
3293,0.29021546635183
3294,0.6290338449429358
3295,0.3121556473829201
3296,0.8335547028728847
3297,0.8977518693427784
3298,0.623991538764266
3299,1.4921536796536796
3300,1.7775728059818972
3301,0.6542207792207791
3302,1.685163321526958
3303,0.4718860684769775
3304,2.090540141676505
3305,1.5705184966548602
3306,2.093048996458087
3307,1.707521645021645
3308,1.885551948051948
3309,0.4368604879968516
3310,0.3837072018890201
3311,0.3024399842581661
3312,0.38287091696182607
3313,0.9931375442739079
3314,1.2968565525383706
3315,0.8725403384494292
3316,1.2583628492719403
3317,0.691435458480913
3318,0.8153040141676506
3319,0.312918142463597
3320,0.5421340023612751
3321,0.16713400236127507
3322,0.3427292404565132
3323,3.9723042109405746
3324,1.5457251082251084
3325,0.5578512396694215
3326,1.1906237701692248
3327,1.3567739079102716
3328,1.5782910271546635
3329,1.5756099960645416
3330,0.18078512396694216
3331,0.4591696182605273
3332,1.3592335694608422
3333,0.38727371113734754
3334,0.35704447068083434
3335,3.902203856749311
3336,0.8696625344352618
3337,0.8053423848878394
3338,0.7275678866587957
3339,0.2896989374262101
3340,0.5227272727272727
3341,1.4119687131050767
3342,0.6206463990554899
3343,0.14234061393152303
3344,2.1720779220779223
3345,1.4750836284927193
3346,2.6720533254624166
3347,0.6925423061786699
3348,0.5420848091302637
3349,0.6346172766627312
3350,0.9336137347500983
3351,0.3554210940574577
3352,0.6947314049586777
3353,0.44711727666273116
3354,0.6628541912632822
3355,0.6141774891774892
3356,0.13565033451397088
3357,0.8952922077922078
3358,2.1210399449035813
3359,0.2476141282959465
3360,0.5759297520661157
3361,0.3407123179850452
3362,0.8768447461629281
3363,0.2805981896890988
3364,4.786821133412042
3365,3.284361471861472
3366,2.280524399842582
3367,0.4528974813065722
3368,1.844082054309327
3369,1.876770956316411
3370,0.8207644628099173
3371,5.133756395120031
3372,2.2869933097205823
3373,2.0632870916961825
3374,1.180219401810311
3375,1.1462514757969302
3376,2.746900826446281
3377,0.27152203856749313
3378,0.8210350255804801
3379,0.30932703659976385
3380,2.1382575757575757
3381,17.012888626524987
3382,2.9240456513183783
3383,0.9597107438016529
3384,4.104068280204643
3385,1.4582103502558048
3386,4.6929358520267614
3387,0.9662534435261708
3388,0.970754624163715
3389,1.240185950413223
3390,1.3327184179456906
3391,0.3018250688705234
3392,0.39056965761511214
3393,2.185507674144038
3394,3.6006001574183397
3395,0.28923160173160173
3396,0.34878000787091695
3397,0.2422520661157025
3398,1.6881887052341598
3399,0.8448445493900039
3400,1.4502656434474617
3401,0.24114521841794567
3402,4.185114128295947
3403,1.9680489964580872
3404,1.7669470680834316
3405,1.9053768201495473
3406,1.2781139315230226
3407,0.3920208579299488
3408,0.6557703659976386
3409,0.13395316804407714
3410,0.4114521841794569
3411,0.4525531286894923
3412,0.6875737898465171
3413,1.262839433293979
3414,0.27130066902794175
3415,0.2170405352223534
3416,2.2288715072805982
3417,1.8936688311688312
3418,0.24658107044470684
3419,0.341401023219205
3420,2.404048602912239
3421,0.19369834710743802
3422,2.50836284927194
3423,1.7398415977961432
3424,0.9867178276269185
3425,0.691017316017316
3426,1.1025186934277842
3427,0.9363685556867375
3428,0.6453659976387249
3429,4.012987012987013
3430,1.765495867768595
3431,1.926431523022432
3432,1.2451544667453758
3433,1.5115358126721763
3434,0.40215466351829987
3435,0.3157959464777647
3436,0.6320592286501377
3437,0.18083431719795356
3438,0.3128443526170799
3439,12.389930145611963
3440,3.019898661944117
3441,0.9834710743801653
3442,3.143693427784337
3443,2.968811491538764
3444,1.4853404171585989
3445,1.4460842188114915
3446,1.8384986225895317
3447,0.7684228650137741
3448,1.2181473829201102
3449,0.7867965367965367
3450,0.274547422274695
3451,2.158500590318772
3452,2.1192689885871703
3453,0.7049635970090515
3454,0.3027105470287289
3455,0.22491145218417946
3456,0.8130657221566313
3457,1.334292601338056
3458,0.4416814246359701
3459,1.1441115702479339
3460,5.00154958677686
3461,1.5476436442345531
3462,1.714064344746163
3463,1.2540338449429358
3464,0.1479978354978355
3465,0.4305145611963794
3466,0.6923209366391184
3467,1.820370916961826
3468,0.5875147579693035
3469,0.26945592286501374
3470,0.4763872491145218
3471,0.32964384100747735
3472,0.13565033451397088
3473,0.08139020070838252
3474,1.8637839433293977
3475,2.1388724911452184
3476,0.5463892168437623
3477,0.3348583234946871
3478,0.6807359307359306
3479,0.5948691460055097
3480,7.29228158205431
3481,2.476387249114522
3482,1.2861324281778828
3483,0.4542256985438804
3484,0.7830824478551752
3485,0.15109700905155452
3486,0.5471025186934277
3487,2.2111865407319953
3488,1.8246015348288076
3489,0.8459022038567493
3490,1.4755017709563163
3491,1.218344155844156
3492,1.4466991341991342
3493,0.5176357733175915
3494,0.44876524990161354
3495,0.12595926800472254
3496,0.3834858323494687
3497,3.4465761511216053
3498,2.6182359307359304
3499,0.7957988980716253
3500,2.9755263675718218
3501,1.1164403778040142
3502,1.6842040535222353
3503,1.8823789846517118
3504,0.7813114915387642
3505,0.6402744982290436
3506,1.1516873278236914
3507,0.5477912239275876
3508,0.7078905942542306
3509,0.9335399449035813
3510,2.5342138921684376
3511,1.7723337268791814
3512,0.5479879968516331
3513,0.5091499409681227
3514,0.8498868555686738
3515,1.6525236127508856
3516,1.1463252656434475
3517,0.4770021645021645
3518,1.3398514364423455
3519,2.4283254624163715
3520,1.9873081463990556
3521,1.008461235733963
3522,0.6362898465171193
3523,0.829004329004329
3524,1.4622441951987406
3525,0.20646399055489964
3526,0.7761953955135774
3527,0.7443181818181819
3528,0.7330283353010626
3529,1.100108225108225
3530,0.18991046831955924
3531,0.7053817394726485
3532,0.7727272727272727
3533,0.4375245966155057
3534,0.8722943722943722
3535,0.5368211334120425
3536,1.3644972451790633
3537,1.2659632034632033
3538,5.69288665879575
3539,1.7689147973238883
3540,1.1379870129870129
3541,0.5710596221959858
3542,0.46672077922077915
3543,0.5824970484061393
3544,1.4155106257378987
3545,2.2692345533254623
3546,2.1644037780401413
3547,1.118309720582448
3548,0.9641873278236914
3549,1.7648809523809523
3550,0.41027154663518295
3551,0.8963498622589532
3552,0.46708972845336477
3553,0.42343073593073594
3554,0.18929555293191655
3555,6.307703659976387
3556,3.547643644234553
3557,0.34710743801652894
3558,2.6326003541912635
3559,2.1944362455726094
3560,1.2285517512790238
3561,2.5351731601731604
3562,1.2652990948445493
3563,0.5145365997638724
3564,0.13407615112160565
3565,0.6536304604486424
3566,1.0704939000393545
3567,4.574232585596222
3568,0.4684425423061786
3569,1.2491391184573004
3570,1.0933195592286502
3571,1.1354535615899253
3572,0.21236717827626916
3573,0.42205332546241636
3574,0.0709366391184573
3575,0.3844451003541912
3576,1.156582054309327
3577,1.7805243998425817
3578,0.6058392365210546
3579,0.36813754427390794
3580,0.5878099173553719
3581,0.7326101928374655
3582,0.7057506887052342
3583,0.14428374655647383
3584,1.239202085792995
3585,0.4124852420306966
3586,0.7074724517906337
3587,0.2013478945297127
3588,0.0
3589,0.5697314049586777
3590,1.9733372687918145
3591,0.16519086973632427
3592,0.30531778827233375
3593,0.8476485635576545
3594,0.7528286107831562
3595,0.3056621408894136
3596,6.97422274695002
3597,1.8520513577331759
3598,2.1857782369146004
3599,2.218983667847304
3600,1.66538764266037
3601,0.550349271940181
3602,0.8364571035025581
3603,2.4215367965367967
3604,1.604732388823298
3605,2.118432703659976
3606,1.0774793388429753
3607,1.8234946871310507
3608,0.4000147579693034
3609,0.6137101534828807
3610,0.8153778040141676
3611,0.731650924832743
3612,0.43430243998425816
3613,14.152695789059425
3614,3.5851042896497445
3615,0.9435261707988981
3616,4.20749704840614
3617,5.875737898465172
3618,1.86228354978355
3619,1.1326741440377806
3620,2.490530303030303
3621,1.4464285714285714
3622,0.5612209759937032
3623,1.1607880755608029
3624,1.2642906336088156
3625,1.6193673750491933
3626,1.0006395120031484
3627,1.45021645021645
3628,1.2563705234159779
3629,1.0813164108618654
3630,0.8361865407319953
3631,1.4821428571428572
3632,1.3714334907516728
3633,0.31896890987800075
3634,2.026736521054703
3635,2.907492129083038
3636,2.2773268398268396
3637,0.9205529319165683
3638,0.7366932310114127
3639,1.4621212121212122
3640,1.789625147579693
3641,0.39130755608028334
3642,1.0440033451397088
3643,0.8625541125541125
3644,0.8177882723337269
3645,0.38459268004722547
3646,0.8952922077922078
3647,0.5697314049586777
3648,1.9695493900039358
3649,0.332103502558048
3650,0.9859799291617475
3651,0.9462563951200315
3652,1.9665240062967335
3653,0.6323297914207006
3654,7.148047028728847
3655,4.1375196772924046
3656,2.7017660369933094
3657,1.3880362062180243
3658,1.2330775285320739
3659,0.863931523022432
3660,1.2783844942935851
3661,1.6863685556867374
3662,2.9702380952380953
3663,1.8105568673750492
3664,0.9769775678866588
3665,2.1420700511609603
3666,0.4579151908697363
3667,1.3495670995670996
3668,0.9405499803227076
3669,0.8698347107438017
3670,0.2686196379378198
3671,8.961481700118064
3672,2.6615259740259742
3673,0.21177685950413222
3674,4.638798701298701
3675,6.694878984651711
3676,1.7420306965761512
3677,1.7279368358913814
3678,1.944116489571035
3679,0.7927981109799291
3680,0.9423701298701299
3681,1.1076839826839826
3682,1.3193624557260921
3683,2.2539600550964187
3684,1.3234454939000395
3685,0.570543093270366
3686,0.6708480913026368
3687,0.6888774104683195
3688,0.568870523415978
3689,2.1792601338055886
3690,1.412042502951594
3691,0.46590909090909094
3692,2.880755608028335
3693,2.224198150334514
3694,2.3488537977174344
3695,1.1432260920897284
3696,1.1463252656434475
3697,0.6253935458480914
3698,1.4917601338055884
3699,0.44111570247933884
3700,1.7970533254624164
3701,1.6315181031090122
3702,0.7395710350255804
3703,0.36668634395907124
3704,0.40695100354191266
3705,0.6511216056670601
3706,2.2518693427784333
3707,0.21910665092483272
3708,0.46775383707201884
3709,0.3963498622589532
3710,1.3569952774498228
3711,1.0914748130657221
3712,4.4561688311688314
3713,4.883658008658009
3714,4.613980716253444
3715,1.4548406139315229
3716,1.323297914207005
3717,0.543068673750492
3718,0.8037436048799685
3719,9.266356749311296
3720,3.293806572215663
3721,2.698789846517119
3722,0.5468565525383707
3723,2.3133854781582057
3724,0.5942050373868555
3725,4.620375836284927
3726,1.115530303030303
3727,1.2993900039354584
3728,0.9829791420700512
3729,15.69173061786698
3730,3.9297766627312085
3731,1.3137052341597797
3732,3.838154269972452
3733,4.2133756395120034
3734,1.9328020464384101
3735,2.789329988193624
3736,4.1966007477371114
3737,1.3467876820149547
3738,0.14979338842975207
3739,1.5349763872491144
3740,0.5711088154269972
3741,3.735168240850059
3742,2.2073002754820936
3743,0.45764462809917356
3744,2.0307457693821327
3745,0.6478502558048012
3746,3.467729240456513
3747,2.382624950806769
3748,0.580184966548603
3749,0.9669667453758364
3750,6.305465367965368
3751,1.4818968909878
3752,3.0381493506493507
3753,2.8892906336088156
3754,2.1252459661550573
3755,1.7788764266036994
3756,2.5003443526170797
3757,0.8101633215269579
3758,1.5790535222353403
3759,1.0240308933490754
3760,1.1075609996064542
3761,0.5245966155057064
3762,0.5426013380558835
3763,0.9224222746950018
3764,3.598460251869343
3765,0.19576446280991736
3766,0.6542207792207791
3767,1.365185950413223
3768,2.1640102321920507
3769,0.0
3770,8.428743604879969
3771,2.2198691460055096
3772,1.335620818575364
3773,1.3736225895316805
3774,1.9173553719008265
3775,0.967237308146399
3776,0.9166666666666666
3777,3.125737898465171
3778,2.763995474222747
3779,2.1748327430145613
3780,2.627779417552145
3781,2.528753443526171
3782,0.5413223140495868
3783,0.8560114128295946
3784,1.8895120031483668
3785,0.922250098386462
3786,0.21030106257378983
3787,18.66912632821724
3788,6.6555981896890986
3789,0.5878099173553719
3790,5.564812081857536
3791,2.33077528532074
3792,2.2167945690672965
3793,1.843737701692247
3794,2.278433687524597
3795,1.2432359307359309
3796,0.7547717434081069
3797,1.3748770169224716
3798,0.7673160173160174
3799,2.0734700905155448
3800,2.287878787878788
3801,0.5485783156237702
3802,1.0780204643841007
3803,0.15439295552931914
3804,0.9416814246359702
3805,0.6559671389216843
3806,0.22946182605273513
3807,0.6494982290436837
3808,1.9080332546241636
3809,0.9930637544273908
3810,1.2028482880755609
3811,1.9879968516332154
3812,0.6341499409681228
3813,0.22311589925226288
3814,0.7850255804801259
3815,0.18580283353010627
3816,1.5001967729240457
3817,0.685237111373475
3818,0.428866587957497
3819,0.6209169618260528
3820,1.3293732782369145
3821,0.29843073593073594
3822,3.753664895710351
3823,3.0427735143644234
3824,0.3307260920897284
3825,0.5515545060999606
3826,2.3827725304998033
3827,0.1679456906729634
3828,8.845754624163716
3829,2.528482880755608
3830,1.2116046831955922
3831,0.961629279811098
3832,0.7816312475403384
3833,0.4594401810310901
3834,0.8255608028335301
3835,2.7497048406139317
3836,2.079447068083432
3837,2.362160566706021
3838,1.758633412042503
3839,0.6842040535222353
3840,2.283771153089335
3841,0.3642020857929949
3842,0.4265299094844549
3843,0.8342434081070446
3844,0.7366686343959071
3845,7.6652892561983474
3846,3.9957447855175134
3847,0.9504132231404959
3848,2.2151711924439197
3849,1.29456906729634
3850,2.7202380952380953
3851,1.622564935064935
3852,0.25447658402203854
3853,0.7195985832349469
3854,1.7686442345533255
3855,0.5118309720582447
3856,0.9606454151908697
3857,1.1487357339630067
3858,2.171758166076348
3859,1.269603502558048
3860,0.6242866981503344
3861,0.5377312081857536
3862,1.2756788665879575
3863,2.253984651711925
3864,1.1331660763478943
3865,1.7652253049980322
3866,1.8673750491932308
3867,1.923430735930736
3868,2.328241833923652
3869,1.117202872884691
3870,0.35906139315230223
3871,0.7135970090515545
3872,1.3647432113341202
3873,0.29021546635183
3874,0.6290338449429358
3875,0.3121556473829201
3876,0.8335547028728847
3877,0.8977518693427784
3878,0.623991538764266
3879,1.4921536796536796
3880,1.7775728059818972
3881,0.6542207792207791
3882,1.685163321526958
3883,0.4718860684769775
3884,2.090540141676505
3885,1.5705184966548602
3886,2.093048996458087
3887,1.707521645021645
3888,1.885551948051948
3889,0.4368604879968516
3890,0.3837072018890201
3891,0.3024399842581661
3892,0.38287091696182607
3893,0.9931375442739079
3894,1.2968565525383706
3895,0.8725403384494292
3896,1.2583628492719403
3897,0.691435458480913
3898,0.8153040141676506
3899,0.312918142463597
3900,0.5421340023612751
3901,0.16713400236127507
3902,0.3427292404565132
3903,3.9723042109405746
3904,1.5457251082251084
3905,0.5578512396694215
3906,1.1906237701692248
3907,1.3567739079102716
3908,1.5782910271546635
3909,1.5756099960645416
3910,0.18078512396694216
3911,0.4591696182605273
3912,1.3592335694608422
3913,0.38727371113734754
3914,0.35704447068083434
3915,3.902203856749311
3916,0.8696625344352618
3917,0.8053423848878394
3918,0.7275678866587957
3919,0.2896989374262101
3920,0.5227272727272727
3921,1.4119687131050767
3922,0.6206463990554899
3923,0.14234061393152303
3924,2.1720779220779223
3925,1.4750836284927193
3926,2.6720533254624166
3927,0.6925423061786699
3928,0.5420848091302637
3929,0.6346172766627312
3930,0.9336137347500983
3931,0.3554210940574577
3932,0.6947314049586777
3933,0.44711727666273116
3934,0.6628541912632822
3935,0.6141774891774892
3936,0.13565033451397088
3937,0.8952922077922078
3938,2.1210399449035813
3939,0.2476141282959465
3940,0.5759297520661157
3941,0.3407123179850452
3942,0.8768447461629281
3943,0.2805981896890988
3944,4.786821133412042
3945,3.284361471861472
3946,2.280524399842582
3947,0.4528974813065722
3948,1.844082054309327
3949,1.876770956316411
3950,0.8207644628099173
3951,5.133756395120031
3952,2.2869933097205823
3953,2.0632870916961825
3954,1.180219401810311
3955,1.1462514757969302
3956,2.746900826446281
3957,0.27152203856749313
3958,0.8210350255804801
3959,0.30932703659976385
3960,2.1382575757575757
3961,17.012888626524987
3962,2.9240456513183783
3963,0.9597107438016529
3964,4.104068280204643
3965,1.4582103502558048
3966,4.6929358520267614
3967,0.9662534435261708
3968,0.970754624163715
3969,1.240185950413223
3970,1.3327184179456906
3971,0.3018250688705234
3972,0.39056965761511214
3973,2.185507674144038
3974,3.6006001574183397
3975,0.28923160173160173
3976,0.34878000787091695
3977,0.2422520661157025
3978,1.6881887052341598
3979,0.8448445493900039
3980,1.4502656434474617
3981,0.24114521841794567
3982,4.185114128295947
3983,1.9680489964580872
3984,1.7669470680834316
3985,1.9053768201495473
3986,1.2781139315230226
3987,0.3920208579299488
3988,0.6557703659976386
3989,0.13395316804407714
3990,0.4114521841794569
3991,0.4525531286894923
3992,0.6875737898465171
3993,1.262839433293979
3994,0.27130066902794175
3995,0.2170405352223534
3996,2.2288715072805982
3997,1.8936688311688312
3998,0.24658107044470684
3999,0.341401023219205
4000,2.404048602912239
4001,0.19369834710743802
4002,2.50836284927194
4003,1.7398415977961432
4004,0.9867178276269185
4005,0.691017316017316
4006,1.1025186934277842
4007,0.9363685556867375
4008,0.6453659976387249
4009,4.012987012987013
4010,1.765495867768595
4011,1.926431523022432
4012,1.2451544667453758
4013,1.5115358126721763
4014,0.40215466351829987
4015,0.3157959464777647
4016,0.6320592286501377
4017,0.18083431719795356
4018,0.3128443526170799
4019,12.389930145611963
4020,3.019898661944117
4021,0.9834710743801653
4022,3.143693427784337
4023,2.968811491538764
4024,1.4853404171585989
4025,1.4460842188114915
4026,1.8384986225895317
4027,0.7684228650137741
4028,1.2181473829201102
4029,0.7867965367965367
4030,0.274547422274695
4031,2.158500590318772
4032,2.1192689885871703
4033,0.7049635970090515
4034,0.3027105470287289
4035,0.22491145218417946
4036,0.8130657221566313
4037,1.334292601338056
4038,0.4416814246359701
4039,1.1441115702479339
4040,5.00154958677686
4041,1.5476436442345531
4042,1.714064344746163
4043,1.2540338449429358
4044,0.1479978354978355
4045,0.4305145611963794
4046,0.6923209366391184
4047,1.820370916961826
4048,0.5875147579693035
4049,0.26945592286501374
4050,0.4763872491145218
4051,0.32964384100747735
4052,0.13565033451397088
4053,0.08139020070838252
4054,1.8637839433293977
4055,2.1388724911452184
4056,0.5463892168437623
4057,0.3348583234946871
4058,0.6807359307359306
4059,0.5948691460055097
4060,7.29228158205431
4061,2.476387249114522
4062,1.2861324281778828
4063,0.4542256985438804
4064,0.7830824478551752
4065,0.15109700905155452
4066,0.5471025186934277
4067,2.2111865407319953
4068,1.8246015348288076
4069,0.8459022038567493
4070,1.4755017709563163
4071,1.218344155844156
4072,1.4466991341991342
4073,0.5176357733175915
4074,0.44876524990161354
4075,0.12595926800472254
4076,0.3834858323494687
4077,3.4465761511216053
4078,2.6182359307359304
4079,0.7957988980716253
4080,2.9755263675718218
4081,1.1164403778040142
4082,1.6842040535222353
4083,1.8823789846517118
4084,0.7813114915387642
4085,0.6402744982290436
4086,1.1516873278236914
4087,0.5477912239275876
4088,0.7078905942542306
4089,0.9335399449035813
4090,2.5342138921684376
4091,1.7723337268791814
4092,0.5479879968516331
4093,0.5091499409681227
4094,0.8498868555686738
4095,1.6525236127508856
4096,1.1463252656434475
4097,0.4770021645021645
4098,1.3398514364423455
4099,2.4283254624163715
4100,1.9873081463990556
4101,1.008461235733963
4102,0.6362898465171193
4103,0.829004329004329
4104,1.4622441951987406
4105,0.20646399055489964
4106,0.7761953955135774
4107,0.7443181818181819
4108,0.7330283353010626
4109,1.100108225108225
4110,0.18991046831955924
4111,0.7053817394726485
4112,0.7727272727272727
4113,0.4375245966155057
4114,0.8722943722943722
4115,0.5368211334120425
4116,1.3644972451790633
4117,1.2659632034632033
4118,5.69288665879575
4119,1.7689147973238883
4120,1.1379870129870129
4121,0.5710596221959858
4122,0.46672077922077915
4123,0.5824970484061393
4124,1.4155106257378987
4125,2.2692345533254623
4126,2.1644037780401413
4127,1.118309720582448
4128,0.9641873278236914
4129,1.7648809523809523
4130,0.41027154663518295
4131,0.8963498622589532
4132,0.46708972845336477
4133,0.42343073593073594
4134,0.18929555293191655
4135,6.307703659976387
4136,3.547643644234553
4137,0.34710743801652894
4138,2.6326003541912635
4139,2.1944362455726094
4140,1.2285517512790238
4141,2.5351731601731604
4142,1.2652990948445493
4143,0.5145365997638724
4144,0.13407615112160565
4145,0.6536304604486424
4146,1.0704939000393545
4147,4.574232585596222
4148,0.4684425423061786
4149,1.2491391184573004
4150,1.0933195592286502
4151,1.1354535615899253
4152,0.21236717827626916
4153,0.42205332546241636
4154,0.0709366391184573
4155,0.3844451003541912
4156,1.156582054309327
4157,1.7805243998425817
4158,0.6058392365210546
4159,0.36813754427390794
4160,0.5878099173553719
4161,0.7326101928374655
4162,0.7057506887052342
4163,0.14428374655647383
4164,1.239202085792995
4165,0.4124852420306966
4166,0.7074724517906337
4167,0.2013478945297127
4168,0.0
4169,0.5697314049586777
4170,1.9733372687918145
4171,0.16519086973632427
4172,0.30531778827233375
4173,0.8476485635576545
4174,0.7528286107831562
4175,0.3056621408894136
4176,6.97422274695002
4177,1.8520513577331759
4178,2.1857782369146004
4179,2.218983667847304
4180,1.66538764266037
4181,0.550349271940181
4182,0.8364571035025581
4183,2.4215367965367967
4184,1.604732388823298
4185,2.118432703659976
4186,1.0774793388429753
4187,1.8234946871310507
4188,0.4000147579693034
4189,0.6137101534828807
4190,0.8153778040141676
4191,0.731650924832743
4192,0.43430243998425816
4193,14.152695789059425
4194,3.5851042896497445
4195,0.9435261707988981
4196,4.20749704840614
4197,5.875737898465172
4198,1.86228354978355
4199,1.1326741440377806
4200,2.490530303030303
4201,1.4464285714285714
4202,0.5612209759937032
4203,1.1607880755608029
4204,1.2642906336088156
4205,1.6193673750491933
4206,1.0006395120031484
4207,1.45021645021645
4208,1.2563705234159779
4209,1.0813164108618654
4210,0.8361865407319953
4211,1.4821428571428572
4212,1.3714334907516728
4213,0.31896890987800075
4214,2.026736521054703
4215,2.907492129083038
4216,2.2773268398268396
4217,0.9205529319165683
4218,0.7366932310114127
4219,1.4621212121212122
4220,1.789625147579693
4221,0.39130755608028334
4222,1.0440033451397088
4223,0.8625541125541125
4224,0.8177882723337269
4225,0.38459268004722547
4226,0.8952922077922078
4227,0.5697314049586777
4228,1.9695493900039358
4229,0.332103502558048
4230,0.9859799291617475
4231,0.9462563951200315
4232,1.9665240062967335
4233,0.6323297914207006
4234,7.148047028728847
4235,4.1375196772924046
4236,2.7017660369933094
4237,1.3880362062180243
4238,1.2330775285320739
4239,0.863931523022432
4240,1.2783844942935851
4241,1.6863685556867374
4242,2.9702380952380953
4243,1.8105568673750492
4244,0.9769775678866588
4245,2.1420700511609603
4246,0.4579151908697363
4247,1.3495670995670996
4248,0.9405499803227076
4249,0.8698347107438017
4250,0.2686196379378198
4251,8.961481700118064
4252,2.6615259740259742
4253,0.21177685950413222
4254,4.638798701298701
4255,6.694878984651711
4256,1.7420306965761512
4257,1.7279368358913814
4258,1.944116489571035
4259,0.7927981109799291
4260,0.9423701298701299
4261,1.1076839826839826
4262,1.3193624557260921
4263,2.2539600550964187
4264,1.3234454939000395
4265,0.570543093270366
4266,0.6708480913026368
4267,0.6888774104683195
4268,0.568870523415978
4269,2.1792601338055886
4270,1.412042502951594
4271,0.46590909090909094
4272,2.880755608028335
4273,2.224198150334514
4274,2.3488537977174344
4275,1.1432260920897284
4276,1.1463252656434475
4277,0.6253935458480914
4278,1.4917601338055884
4279,0.44111570247933884
4280,1.7970533254624164
4281,1.6315181031090122
4282,0.7395710350255804
4283,0.36668634395907124
4284,0.40695100354191266
4285,0.6511216056670601
4286,2.2518693427784333
4287,0.21910665092483272
4288,0.46775383707201884
4289,0.3963498622589532
4290,1.3569952774498228
4291,1.0914748130657221
4292,4.4561688311688314
4293,4.883658008658009
4294,4.613980716253444
4295,1.4548406139315229
4296,1.323297914207005
4297,0.543068673750492
4298,0.8037436048799685
4299,9.266356749311296
4300,3.293806572215663
4301,2.698789846517119
4302,0.5468565525383707
4303,2.3133854781582057
4304,0.5942050373868555
4305,4.620375836284927
4306,1.115530303030303
4307,1.2993900039354584
4308,0.9829791420700512
4309,15.69173061786698
4310,3.9297766627312085
4311,1.3137052341597797
4312,3.838154269972452
4313,4.2133756395120034
4314,1.9328020464384101
4315,2.789329988193624
4316,4.1966007477371114
4317,1.3467876820149547
4318,0.14979338842975207
4319,1.5349763872491144
4320,0.5711088154269972
4321,3.735168240850059
4322,2.2073002754820936
4323,0.45764462809917356
4324,2.0307457693821327
4325,0.6478502558048012
4326,3.467729240456513
4327,2.382624950806769
4328,0.580184966548603
4329,0.9669667453758364
4330,6.305465367965368
4331,1.4818968909878
4332,3.0381493506493507
4333,2.8892906336088156
4334,2.1252459661550573
4335,1.7788764266036994
4336,2.5003443526170797
4337,0.8101633215269579
4338,1.5790535222353403
4339,1.0240308933490754
4340,1.1075609996064542
4341,0.5245966155057064
4342,0.5426013380558835
4343,0.9224222746950018
4344,3.598460251869343
4345,0.19576446280991736
4346,0.6542207792207791
4347,1.365185950413223
4348,2.1640102321920507
4349,0.0
4350,8.428743604879969
4351,2.2198691460055096
4352,1.335620818575364
4353,1.3736225895316805
4354,1.9173553719008265
4355,0.967237308146399
4356,0.9166666666666666
4357,3.125737898465171
4358,2.763995474222747
4359,2.1748327430145613
4360,2.627779417552145
4361,2.528753443526171
4362,0.5413223140495868
4363,0.8560114128295946
4364,1.8895120031483668
4365,0.922250098386462
4366,0.21030106257378983
4367,18.66912632821724
4368,6.6555981896890986
4369,0.5878099173553719
4370,5.564812081857536
4371,2.33077528532074
4372,2.2167945690672965
4373,1.843737701692247
4374,2.278433687524597
4375,1.2432359307359309
4376,0.7547717434081069
4377,1.3748770169224716
4378,0.7673160173160174
4379,2.0734700905155448
4380,2.287878787878788
4381,0.5485783156237702
4382,1.0780204643841007
4383,0.15439295552931914
4384,0.9416814246359702
4385,0.6559671389216843
4386,0.22946182605273513
4387,0.6494982290436837
4388,1.9080332546241636
4389,0.9930637544273908
4390,1.2028482880755609
4391,1.9879968516332154
4392,0.6341499409681228
4393,0.22311589925226288
4394,0.7850255804801259
4395,0.18580283353010627
4396,1.5001967729240457
4397,0.685237111373475
4398,0.428866587957497
4399,0.6209169618260528
4400,1.3293732782369145
4401,0.29843073593073594
4402,3.753664895710351
4403,3.0427735143644234
4404,0.3307260920897284
4405,0.5515545060999606
4406,2.3827725304998033
4407,0.1679456906729634
4408,8.845754624163716
4409,2.528482880755608
4410,1.2116046831955922
4411,0.961629279811098
4412,0.7816312475403384
4413,0.4594401810310901
4414,0.8255608028335301
4415,2.7497048406139317
4416,2.079447068083432
4417,2.362160566706021
4418,1.758633412042503
4419,0.6842040535222353
4420,2.283771153089335
4421,0.3642020857929949
4422,0.4265299094844549
4423,0.8342434081070446
4424,0.7366686343959071
4425,7.6652892561983474
4426,3.9957447855175134
4427,0.9504132231404959
4428,2.2151711924439197
4429,1.29456906729634
4430,2.7202380952380953
4431,1.622564935064935
4432,0.25447658402203854
4433,0.7195985832349469
4434,1.7686442345533255
4435,0.5118309720582447
4436,0.9606454151908697
4437,1.1487357339630067
4438,2.171758166076348
4439,1.269603502558048
4440,0.6242866981503344
4441,0.5377312081857536
4442,1.2756788665879575
4443,2.253984651711925
4444,1.1331660763478943
4445,1.7652253049980322
4446,1.8673750491932308
4447,1.923430735930736
4448,2.328241833923652
4449,1.117202872884691
4450,0.35906139315230223
4451,0.7135970090515545
4452,1.3647432113341202
4453,0.29021546635183
4454,0.6290338449429358
4455,0.3121556473829201
4456,0.8335547028728847
4457,0.8977518693427784
4458,0.623991538764266
4459,1.4921536796536796
4460,1.7775728059818972
4461,0.6542207792207791
4462,1.685163321526958
4463,0.4718860684769775
4464,2.090540141676505
4465,1.5705184966548602
4466,2.093048996458087
4467,1.707521645021645
4468,1.885551948051948
4469,0.4368604879968516
4470,0.3837072018890201
4471,0.3024399842581661
4472,0.38287091696182607
4473,0.9931375442739079
4474,1.2968565525383706
4475,0.8725403384494292
4476,1.2583628492719403
4477,0.691435458480913
4478,0.8153040141676506
4479,0.312918142463597
4480,0.5421340023612751
4481,0.16713400236127507
4482,0.3427292404565132
4483,3.9723042109405746
4484,1.5457251082251084
4485,0.5578512396694215
4486,1.1906237701692248
4487,1.3567739079102716
4488,1.5782910271546635
4489,1.5756099960645416
4490,0.18078512396694216
4491,0.4591696182605273
4492,1.3592335694608422
4493,0.38727371113734754
4494,0.35704447068083434
4495,3.902203856749311
4496,0.8696625344352618
4497,0.8053423848878394
4498,0.7275678866587957
4499,0.2896989374262101
4500,0.5227272727272727
4501,1.4119687131050767
4502,0.6206463990554899
4503,0.14234061393152303
4504,2.1720779220779223
4505,1.4750836284927193
4506,2.6720533254624166
4507,0.6925423061786699
4508,0.5420848091302637
4509,0.6346172766627312
4510,0.9336137347500983
4511,0.3554210940574577
4512,0.6947314049586777
4513,0.44711727666273116
4514,0.6628541912632822
4515,0.6141774891774892
4516,0.13565033451397088
4517,0.8952922077922078
4518,2.1210399449035813
4519,0.2476141282959465
4520,0.5759297520661157
4521,0.3407123179850452
4522,0.8768447461629281
4523,0.2805981896890988
4524,4.786821133412042
4525,3.284361471861472
4526,2.280524399842582
4527,0.4528974813065722
4528,1.844082054309327
4529,1.876770956316411
4530,0.8207644628099173
4531,5.133756395120031
4532,2.2869933097205823
4533,2.0632870916961825
4534,1.180219401810311
4535,1.1462514757969302
4536,2.746900826446281
4537,0.27152203856749313
4538,0.8210350255804801
4539,0.30932703659976385
4540,2.1382575757575757
4541,17.012888626524987
4542,2.9240456513183783
4543,0.9597107438016529
4544,4.104068280204643
4545,1.4582103502558048
4546,4.6929358520267614
4547,0.9662534435261708
4548,0.970754624163715
4549,1.240185950413223
4550,1.3327184179456906
4551,0.3018250688705234
4552,0.39056965761511214
4553,2.185507674144038
4554,3.6006001574183397
4555,0.28923160173160173
4556,0.34878000787091695
4557,0.2422520661157025
4558,1.6881887052341598
4559,0.8448445493900039
4560,1.4502656434474617
4561,0.24114521841794567
4562,4.185114128295947
4563,1.9680489964580872
4564,1.7669470680834316
4565,1.9053768201495473
4566,1.2781139315230226
4567,0.3920208579299488
4568,0.6557703659976386
4569,0.13395316804407714
4570,0.4114521841794569
4571,0.4525531286894923
4572,0.6875737898465171
4573,1.262839433293979
4574,0.27130066902794175
4575,0.2170405352223534
4576,2.2288715072805982
4577,1.8936688311688312
4578,0.24658107044470684
4579,0.341401023219205
4580,2.404048602912239
4581,0.19369834710743802
4582,2.50836284927194
4583,1.7398415977961432
4584,0.9867178276269185
4585,0.691017316017316
4586,1.1025186934277842
4587,0.9363685556867375
4588,0.6453659976387249
4589,4.012987012987013
4590,1.765495867768595
4591,1.926431523022432
4592,1.2451544667453758
4593,1.5115358126721763
4594,0.40215466351829987
4595,0.3157959464777647
4596,0.6320592286501377
4597,0.18083431719795356
4598,0.3128443526170799
4599,12.389930145611963
4600,3.019898661944117
4601,0.9834710743801653
4602,3.143693427784337
4603,2.968811491538764
4604,1.4853404171585989
4605,1.4460842188114915
4606,1.8384986225895317
4607,0.7684228650137741
4608,1.2181473829201102
4609,0.7867965367965367
4610,0.274547422274695
4611,2.158500590318772
4612,2.1192689885871703
4613,0.7049635970090515
4614,0.3027105470287289
4615,0.22491145218417946
4616,0.8130657221566313
4617,1.334292601338056
4618,0.4416814246359701
4619,1.1441115702479339
4620,5.00154958677686
4621,1.5476436442345531
4622,1.714064344746163
4623,1.2540338449429358
4624,0.1479978354978355
4625,0.4305145611963794
4626,0.6923209366391184
4627,1.820370916961826
4628,0.5875147579693035
4629,0.26945592286501374
4630,0.4763872491145218
4631,0.32964384100747735
4632,0.13565033451397088
4633,0.08139020070838252
4634,1.8637839433293977
4635,2.1388724911452184
4636,0.5463892168437623
4637,0.3348583234946871
4638,0.6807359307359306
4639,0.5948691460055097
4640,7.29228158205431
4641,2.476387249114522
4642,1.2861324281778828
4643,0.4542256985438804
4644,0.7830824478551752
4645,0.15109700905155452
4646,0.5471025186934277
4647,2.2111865407319953
4648,1.8246015348288076
4649,0.8459022038567493
4650,1.4755017709563163
4651,1.218344155844156
4652,1.4466991341991342
4653,0.5176357733175915
4654,0.44876524990161354
4655,0.12595926800472254
4656,0.3834858323494687
4657,3.4465761511216053
4658,2.6182359307359304
4659,0.7957988980716253
4660,2.9755263675718218
4661,1.1164403778040142
4662,1.6842040535222353
4663,1.8823789846517118
4664,0.7813114915387642
4665,0.6402744982290436
4666,1.1516873278236914
4667,0.5477912239275876
4668,0.7078905942542306
4669,0.9335399449035813
4670,2.5342138921684376
4671,1.7723337268791814
4672,0.5479879968516331
4673,0.5091499409681227
4674,0.8498868555686738
4675,1.6525236127508856
4676,1.1463252656434475
4677,0.4770021645021645
4678,1.3398514364423455
4679,2.4283254624163715
4680,1.9873081463990556
4681,1.008461235733963
4682,0.6362898465171193
4683,0.829004329004329
4684,1.4622441951987406
4685,0.20646399055489964
4686,0.7761953955135774
4687,0.7443181818181819
4688,0.7330283353010626
4689,1.100108225108225
4690,0.18991046831955924
4691,0.7053817394726485
4692,0.7727272727272727
4693,0.4375245966155057
4694,0.8722943722943722
4695,0.5368211334120425
4696,1.3644972451790633
4697,1.2659632034632033
4698,5.69288665879575
4699,1.7689147973238883
4700,1.1379870129870129
4701,0.5710596221959858
4702,0.46672077922077915
4703,0.5824970484061393
4704,1.4155106257378987
4705,2.2692345533254623
4706,2.1644037780401413
4707,1.118309720582448
4708,0.9641873278236914
4709,1.7648809523809523
4710,0.41027154663518295
4711,0.8963498622589532
4712,0.46708972845336477
4713,0.42343073593073594
4714,0.18929555293191655
4715,6.307703659976387
4716,3.547643644234553
4717,0.34710743801652894
4718,2.6326003541912635
4719,2.1944362455726094
4720,1.2285517512790238
4721,2.5351731601731604
4722,1.2652990948445493
4723,0.5145365997638724
4724,0.13407615112160565
4725,0.6536304604486424
4726,1.0704939000393545
4727,4.574232585596222
4728,0.4684425423061786
4729,1.2491391184573004
4730,1.0933195592286502
4731,1.1354535615899253
4732,0.21236717827626916
4733,0.42205332546241636
4734,0.0709366391184573
4735,0.3844451003541912
4736,1.156582054309327
4737,1.7805243998425817
4738,0.6058392365210546
4739,0.36813754427390794
4740,0.5878099173553719
4741,0.7326101928374655
4742,0.7057506887052342
4743,0.14428374655647383
4744,1.239202085792995
4745,0.4124852420306966
4746,0.7074724517906337
4747,0.2013478945297127
4748,0.0
4749,0.5697314049586777
4750,1.9733372687918145
4751,0.16519086973632427
4752,0.30531778827233375
4753,0.8476485635576545
4754,0.7528286107831562
4755,0.3056621408894136
4756,6.97422274695002
4757,1.8520513577331759
4758,2.1857782369146004
4759,2.218983667847304
4760,1.66538764266037
4761,0.550349271940181
4762,0.8364571035025581
4763,2.4215367965367967
4764,1.604732388823298
4765,2.118432703659976
4766,1.0774793388429753
4767,1.8234946871310507
4768,0.4000147579693034
4769,0.6137101534828807
4770,0.8153778040141676
4771,0.731650924832743
4772,0.43430243998425816
4773,14.152695789059425
4774,3.5851042896497445
4775,0.9435261707988981
4776,4.20749704840614
4777,5.875737898465172
4778,1.86228354978355
4779,1.1326741440377806
4780,2.490530303030303
4781,1.4464285714285714
4782,0.5612209759937032
4783,1.1607880755608029
4784,1.2642906336088156
4785,1.6193673750491933
4786,1.0006395120031484
4787,1.45021645021645
4788,1.2563705234159779
4789,1.0813164108618654
4790,0.8361865407319953
4791,1.4821428571428572
4792,1.3714334907516728
4793,0.31896890987800075
4794,2.026736521054703
4795,2.907492129083038
4796,2.2773268398268396
4797,0.9205529319165683
4798,0.7366932310114127
4799,1.4621212121212122
4800,1.789625147579693
4801,0.39130755608028334
4802,1.0440033451397088
4803,0.8625541125541125
4804,0.8177882723337269
4805,0.38459268004722547
4806,0.8952922077922078
4807,0.5697314049586777
4808,1.9695493900039358
4809,0.332103502558048
4810,0.9859799291617475
4811,0.9462563951200315
4812,1.9665240062967335
4813,0.6323297914207006
4814,7.148047028728847
4815,4.1375196772924046
4816,2.7017660369933094
4817,1.3880362062180243
4818,1.2330775285320739
4819,0.863931523022432
4820,1.2783844942935851
4821,1.6863685556867374
4822,2.9702380952380953
4823,1.8105568673750492
4824,0.9769775678866588
4825,2.1420700511609603
4826,0.4579151908697363
4827,1.3495670995670996
4828,0.9405499803227076
4829,0.8698347107438017
4830,0.2686196379378198
4831,8.961481700118064
4832,2.6615259740259742
4833,0.21177685950413222
4834,4.638798701298701
4835,6.694878984651711
4836,1.7420306965761512
4837,1.7279368358913814
4838,1.944116489571035
4839,0.7927981109799291
4840,0.9423701298701299
4841,1.1076839826839826
4842,1.3193624557260921
4843,2.2539600550964187
4844,1.3234454939000395
4845,0.570543093270366
4846,0.6708480913026368
4847,0.6888774104683195
4848,0.568870523415978
4849,2.1792601338055886
4850,1.412042502951594
4851,0.46590909090909094
4852,2.880755608028335
4853,2.224198150334514
4854,2.3488537977174344
4855,1.1432260920897284
4856,1.1463252656434475
4857,0.6253935458480914
4858,1.4917601338055884
4859,0.44111570247933884
4860,1.7970533254624164
4861,1.6315181031090122
4862,0.7395710350255804
4863,0.36668634395907124
4864,0.40695100354191266
4865,0.6511216056670601
4866,2.2518693427784333
4867,0.21910665092483272
4868,0.46775383707201884
4869,0.3963498622589532
4870,1.3569952774498228
4871,1.0914748130657221
4872,4.4561688311688314
4873,4.883658008658009
4874,4.613980716253444
4875,1.4548406139315229
4876,1.323297914207005
4877,0.543068673750492
4878,0.8037436048799685
4879,9.266356749311296
4880,3.293806572215663
4881,2.698789846517119
4882,0.5468565525383707
4883,2.3133854781582057
4884,0.5942050373868555
4885,4.620375836284927
4886,1.115530303030303
4887,1.2993900039354584
4888,0.9829791420700512
4889,15.69173061786698
4890,3.9297766627312085
4891,1.3137052341597797
4892,3.838154269972452
4893,4.2133756395120034
4894,1.9328020464384101
4895,2.789329988193624
4896,4.1966007477371114
4897,1.3467876820149547
4898,0.14979338842975207
4899,1.5349763872491144
4900,0.5711088154269972
4901,3.735168240850059
4902,2.2073002754820936
4903,0.45764462809917356
4904,2.0307457693821327
4905,0.6478502558048012
4906,3.467729240456513
4907,2.382624950806769
4908,0.580184966548603
4909,0.9669667453758364
4910,6.305465367965368
4911,1.4818968909878
4912,3.0381493506493507
4913,2.8892906336088156
4914,2.1252459661550573
4915,1.7788764266036994
4916,2.5003443526170797
4917,0.8101633215269579
4918,1.5790535222353403
4919,1.0240308933490754
4920,1.1075609996064542
4921,0.5245966155057064
4922,0.5426013380558835
4923,0.9224222746950018
4924,3.598460251869343
4925,0.19576446280991736
4926,0.6542207792207791
4927,1.365185950413223
4928,2.1640102321920507
4929,0.0
4930,8.428743604879969
4931,2.2198691460055096
4932,1.335620818575364
4933,1.3736225895316805
4934,1.9173553719008265
4935,0.967237308146399
4936,0.9166666666666666
4937,3.125737898465171
4938,2.763995474222747
4939,2.1748327430145613
4940,2.627779417552145
4941,2.528753443526171
4942,0.5413223140495868
4943,0.8560114128295946
4944,1.8895120031483668
4945,0.922250098386462
4946,0.21030106257378983
4947,18.66912632821724
4948,6.6555981896890986
4949,0.5878099173553719
4950,5.564812081857536
4951,2.33077528532074
4952,2.2167945690672965
4953,1.843737701692247
4954,2.278433687524597
4955,1.2432359307359309
4956,0.7547717434081069
4957,1.3748770169224716
4958,0.7673160173160174
4959,2.0734700905155448
4960,2.287878787878788
4961,0.5485783156237702
4962,1.0780204643841007
4963,0.15439295552931914
4964,0.9416814246359702
4965,0.6559671389216843
4966,0.22946182605273513
4967,0.6494982290436837
4968,1.9080332546241636
4969,0.9930637544273908
4970,1.2028482880755609
4971,1.9879968516332154
4972,0.6341499409681228
4973,0.22311589925226288
4974,0.7850255804801259
4975,0.18580283353010627
4976,1.5001967729240457
4977,0.685237111373475
4978,0.428866587957497
4979,0.6209169618260528
4980,1.3293732782369145
4981,0.29843073593073594
4982,3.753664895710351
4983,3.0427735143644234
4984,0.3307260920897284
4985,0.5515545060999606
4986,2.3827725304998033
4987,0.1679456906729634
4988,8.845754624163716
4989,2.528482880755608
4990,1.2116046831955922
4991,0.961629279811098
4992,0.7816312475403384
4993,0.4594401810310901
4994,0.8255608028335301
4995,2.7497048406139317
4996,2.079447068083432
4997,2.362160566706021
4998,1.758633412042503
4999,0.6842040535222353
5000,2.283771153089335
5001,0.3642020857929949
5002,0.4265299094844549
5003,0.8342434081070446
5004,0.7366686343959071
5005,7.6652892561983474
5006,3.9957447855175134
5007,0.9504132231404959
5008,2.2151711924439197
5009,1.29456906729634
5010,2.7202380952380953
5011,1.622564935064935
5012,0.25447658402203854
5013,0.7195985832349469
5014,1.7686442345533255
5015,0.5118309720582447
5016,0.9606454151908697
5017,1.1487357339630067
5018,2.171758166076348
5019,1.269603502558048
5020,0.6242866981503344
5021,0.5377312081857536
5022,1.2756788665879575
5023,2.253984651711925
5024,1.1331660763478943
5025,1.7652253049980322
5026,1.8673750491932308
5027,1.923430735930736
5028,2.328241833923652
5029,1.117202872884691
5030,0.35906139315230223
5031,0.7135970090515545
5032,1.3647432113341202
5033,0.29021546635183
5034,0.6290338449429358
5035,0.3121556473829201
5036,0.8335547028728847
5037,0.8977518693427784
5038,0.623991538764266
5039,1.4921536796536796
5040,1.7775728059818972
5041,0.6542207792207791
5042,1.685163321526958
5043,0.4718860684769775
5044,2.090540141676505
5045,1.5705184966548602
5046,2.093048996458087
5047,1.707521645021645
5048,1.885551948051948
5049,0.4368604879968516
5050,0.3837072018890201
5051,0.3024399842581661
5052,0.38287091696182607
5053,0.9931375442739079
5054,1.2968565525383706
5055,0.8725403384494292
5056,1.2583628492719403
5057,0.691435458480913
5058,0.8153040141676506
5059,0.312918142463597
5060,0.5421340023612751
5061,0.16713400236127507
5062,0.3427292404565132
5063,3.9723042109405746
5064,1.5457251082251084
5065,0.5578512396694215
5066,1.1906237701692248
5067,1.3567739079102716
5068,1.5782910271546635
5069,1.5756099960645416
5070,0.18078512396694216
5071,0.4591696182605273
5072,1.3592335694608422
5073,0.38727371113734754
5074,0.35704447068083434
5075,3.902203856749311
5076,0.8696625344352618
5077,0.8053423848878394
5078,0.7275678866587957
5079,0.2896989374262101
5080,0.5227272727272727
5081,1.4119687131050767
5082,0.6206463990554899
5083,0.14234061393152303
5084,2.1720779220779223
5085,1.4750836284927193
5086,2.6720533254624166
5087,0.6925423061786699
5088,0.5420848091302637
5089,0.6346172766627312
5090,0.9336137347500983
5091,0.3554210940574577
5092,0.6947314049586777
5093,0.44711727666273116
5094,0.6628541912632822
5095,0.6141774891774892
5096,0.13565033451397088
5097,0.8952922077922078
5098,2.1210399449035813
5099,0.2476141282959465
5100,0.5759297520661157
5101,0.3407123179850452
5102,0.8768447461629281
5103,0.2805981896890988
5104,4.786821133412042
5105,3.284361471861472
5106,2.280524399842582
5107,0.4528974813065722
5108,1.844082054309327
5109,1.876770956316411
5110,0.8207644628099173
5111,5.133756395120031
5112,2.2869933097205823
5113,2.0632870916961825
5114,1.180219401810311
5115,1.1462514757969302
5116,2.746900826446281
5117,0.27152203856749313
5118,0.8210350255804801
5119,0.30932703659976385
5120,2.1382575757575757
5121,17.012888626524987
5122,2.9240456513183783
5123,0.9597107438016529
5124,4.104068280204643
5125,1.4582103502558048
5126,4.6929358520267614
5127,0.9662534435261708
5128,0.970754624163715
5129,1.240185950413223
5130,1.3327184179456906
5131,0.3018250688705234
5132,0.39056965761511214
5133,2.185507674144038
5134,3.6006001574183397
5135,0.28923160173160173
5136,0.34878000787091695
5137,0.2422520661157025
5138,1.6881887052341598
5139,0.8448445493900039
5140,1.4502656434474617
5141,0.24114521841794567
5142,4.185114128295947
5143,1.9680489964580872
5144,1.7669470680834316
5145,1.9053768201495473
5146,1.2781139315230226
5147,0.3920208579299488
5148,0.6557703659976386
5149,0.13395316804407714
5150,0.4114521841794569
5151,0.4525531286894923
5152,0.6875737898465171
5153,1.262839433293979
5154,0.27130066902794175
5155,0.2170405352223534
5156,2.2288715072805982
5157,1.8936688311688312
5158,0.24658107044470684
5159,0.341401023219205
5160,2.404048602912239
5161,0.19369834710743802
5162,2.50836284927194
5163,1.7398415977961432
5164,0.9867178276269185
5165,0.691017316017316
5166,1.1025186934277842
5167,0.9363685556867375
5168,0.6453659976387249
5169,4.012987012987013
5170,1.765495867768595
5171,1.926431523022432
5172,1.2451544667453758
5173,1.5115358126721763
5174,0.40215466351829987
5175,0.3157959464777647
5176,0.6320592286501377
5177,0.18083431719795356
5178,0.3128443526170799
5179,12.389930145611963
5180,3.019898661944117
5181,0.9834710743801653
5182,3.143693427784337
5183,2.968811491538764
5184,1.4853404171585989
5185,1.4460842188114915
5186,1.8384986225895317
5187,0.7684228650137741
5188,1.2181473829201102
5189,0.7867965367965367
5190,0.274547422274695
5191,2.158500590318772
5192,2.1192689885871703
5193,0.7049635970090515
5194,0.3027105470287289
5195,0.22491145218417946
5196,0.8130657221566313
5197,1.334292601338056
5198,0.4416814246359701
5199,1.1441115702479339
5200,5.00154958677686
5201,1.5476436442345531
5202,1.714064344746163
5203,1.2540338449429358
5204,0.1479978354978355
5205,0.4305145611963794
5206,0.6923209366391184
5207,1.820370916961826
5208,0.5875147579693035
5209,0.26945592286501374
5210,0.4763872491145218
5211,0.32964384100747735
5212,0.13565033451397088
5213,0.08139020070838252
5214,1.8637839433293977
5215,2.1388724911452184
5216,0.5463892168437623
5217,0.3348583234946871
5218,0.6807359307359306
5219,0.5948691460055097
5220,7.29228158205431
5221,2.476387249114522
5222,1.2861324281778828
5223,0.4542256985438804
5224,0.7830824478551752
5225,0.15109700905155452
5226,0.5471025186934277
5227,2.2111865407319953
5228,1.8246015348288076
5229,0.8459022038567493
5230,1.4755017709563163
5231,1.218344155844156
5232,1.4466991341991342
5233,0.5176357733175915
5234,0.44876524990161354
5235,0.12595926800472254
5236,0.3834858323494687
5237,3.4465761511216053
5238,2.6182359307359304
5239,0.7957988980716253
5240,2.9755263675718218
5241,1.1164403778040142
5242,1.6842040535222353
5243,1.8823789846517118
5244,0.7813114915387642
5245,0.6402744982290436
5246,1.1516873278236914
5247,0.5477912239275876
5248,0.7078905942542306
5249,0.9335399449035813
5250,2.5342138921684376
5251,1.7723337268791814
5252,0.5479879968516331
5253,0.5091499409681227
5254,0.8498868555686738
5255,1.6525236127508856
5256,1.1463252656434475
5257,0.4770021645021645
5258,1.3398514364423455
5259,2.4283254624163715
5260,1.9873081463990556
5261,1.008461235733963
5262,0.6362898465171193
5263,0.829004329004329
5264,1.4622441951987406
5265,0.20646399055489964
5266,0.7761953955135774
5267,0.7443181818181819
5268,0.7330283353010626
5269,1.100108225108225
5270,0.18991046831955924
5271,0.7053817394726485
5272,0.7727272727272727
5273,0.4375245966155057
5274,0.8722943722943722
5275,0.5368211334120425
5276,1.3644972451790633
5277,1.2659632034632033
5278,5.69288665879575
5279,1.7689147973238883
5280,1.1379870129870129
5281,0.5710596221959858
5282,0.46672077922077915
5283,0.5824970484061393
5284,1.4155106257378987
5285,2.2692345533254623
5286,2.1644037780401413
5287,1.118309720582448
5288,0.9641873278236914
5289,1.7648809523809523
5290,0.41027154663518295
5291,0.8963498622589532
5292,0.46708972845336477
5293,0.42343073593073594
5294,0.18929555293191655
5295,6.307703659976387
5296,3.547643644234553
5297,0.34710743801652894
5298,2.6326003541912635
5299,2.1944362455726094
5300,1.2285517512790238
5301,2.5351731601731604
5302,1.2652990948445493
5303,0.5145365997638724
5304,0.13407615112160565
5305,0.6536304604486424
5306,1.0704939000393545
5307,4.574232585596222
5308,0.4684425423061786
5309,1.2491391184573004
5310,1.0933195592286502
5311,1.1354535615899253
5312,0.21236717827626916
5313,0.42205332546241636
5314,0.0709366391184573
5315,0.3844451003541912
5316,1.156582054309327
5317,1.7805243998425817
5318,0.6058392365210546
5319,0.36813754427390794
5320,0.5878099173553719
5321,0.7326101928374655
5322,0.7057506887052342
5323,0.14428374655647383
5324,1.239202085792995
5325,0.4124852420306966
5326,0.7074724517906337
5327,0.2013478945297127
5328,0.0
5329,0.5697314049586777
5330,1.9733372687918145
5331,0.16519086973632427
5332,0.30531778827233375
5333,0.8476485635576545
5334,0.7528286107831562
5335,0.3056621408894136
5336,6.97422274695002
5337,1.8520513577331759
5338,2.1857782369146004
5339,2.218983667847304
5340,1.66538764266037
5341,0.550349271940181
5342,0.8364571035025581
5343,2.4215367965367967
5344,1.604732388823298
5345,2.118432703659976
5346,1.0774793388429753
5347,1.8234946871310507
5348,0.4000147579693034
5349,0.6137101534828807
5350,0.8153778040141676
5351,0.731650924832743
5352,0.43430243998425816
5353,14.152695789059425
5354,3.5851042896497445
5355,0.9435261707988981
5356,4.20749704840614
5357,5.875737898465172
5358,1.86228354978355
5359,1.1326741440377806
5360,2.490530303030303
5361,1.4464285714285714
5362,0.5612209759937032
5363,1.1607880755608029
5364,1.2642906336088156
5365,1.6193673750491933
5366,1.0006395120031484
5367,1.45021645021645
5368,1.2563705234159779
5369,1.0813164108618654
5370,0.8361865407319953
5371,1.4821428571428572
5372,1.3714334907516728
5373,0.31896890987800075
5374,2.026736521054703
5375,2.907492129083038
5376,2.2773268398268396
5377,0.9205529319165683
5378,0.7366932310114127
5379,1.4621212121212122
5380,1.789625147579693
5381,0.39130755608028334
5382,1.0440033451397088
5383,0.8625541125541125
5384,0.8177882723337269
5385,0.38459268004722547
5386,0.8952922077922078
5387,0.5697314049586777
5388,1.9695493900039358
5389,0.332103502558048
5390,0.9859799291617475
5391,0.9462563951200315
5392,1.9665240062967335
5393,0.6323297914207006
5394,7.148047028728847
5395,4.1375196772924046
5396,2.7017660369933094
5397,1.3880362062180243
5398,1.2330775285320739
5399,0.863931523022432
5400,1.2783844942935851
5401,1.6863685556867374
5402,2.9702380952380953
5403,1.8105568673750492
5404,0.9769775678866588
5405,2.1420700511609603
5406,0.4579151908697363
5407,1.3495670995670996
5408,0.9405499803227076
5409,0.8698347107438017
5410,0.2686196379378198
5411,8.961481700118064
5412,2.6615259740259742
5413,0.21177685950413222
5414,4.638798701298701
5415,6.694878984651711
5416,1.7420306965761512
5417,1.7279368358913814
5418,1.944116489571035
5419,0.7927981109799291
5420,0.9423701298701299
5421,1.1076839826839826
5422,1.3193624557260921
5423,2.2539600550964187
5424,1.3234454939000395
5425,0.570543093270366
5426,0.6708480913026368
5427,0.6888774104683195
5428,0.568870523415978
5429,2.1792601338055886
5430,1.412042502951594
5431,0.46590909090909094
5432,2.880755608028335
5433,2.224198150334514
5434,2.3488537977174344
5435,1.1432260920897284
5436,1.1463252656434475
5437,0.6253935458480914
5438,1.4917601338055884
5439,0.44111570247933884
5440,1.7970533254624164
5441,1.6315181031090122
5442,0.7395710350255804
5443,0.36668634395907124
5444,0.40695100354191266
5445,0.6511216056670601
5446,2.2518693427784333
5447,0.21910665092483272
5448,0.46775383707201884
5449,0.3963498622589532
5450,1.3569952774498228
5451,1.0914748130657221
5452,4.4561688311688314
5453,4.883658008658009
5454,4.613980716253444
5455,1.4548406139315229
5456,1.323297914207005
5457,0.543068673750492
5458,0.8037436048799685
5459,9.266356749311296
5460,3.293806572215663
5461,2.698789846517119
5462,0.5468565525383707
5463,2.3133854781582057
5464,0.5942050373868555
5465,4.620375836284927
5466,1.115530303030303
5467,1.2993900039354584
5468,0.9829791420700512
5469,15.69173061786698
5470,3.9297766627312085
5471,1.3137052341597797
5472,3.838154269972452
5473,4.2133756395120034
5474,1.9328020464384101
5475,2.789329988193624
5476,4.1966007477371114
5477,1.3467876820149547
5478,0.14979338842975207
5479,1.5349763872491144
5480,0.5711088154269972
5481,3.735168240850059
5482,2.2073002754820936
5483,0.45764462809917356
5484,2.0307457693821327
5485,0.6478502558048012
5486,3.467729240456513
5487,2.382624950806769
5488,0.580184966548603
5489,0.9669667453758364
5490,6.305465367965368
5491,1.4818968909878
5492,3.0381493506493507
5493,2.8892906336088156
5494,2.1252459661550573
5495,1.7788764266036994
5496,2.5003443526170797
5497,0.8101633215269579
5498,1.5790535222353403
5499,1.0240308933490754
5500,1.1075609996064542
5501,0.5245966155057064
5502,0.5426013380558835
5503,0.9224222746950018
5504,3.598460251869343
5505,0.19576446280991736
5506,0.6542207792207791
5507,1.365185950413223
5508,2.1640102321920507
5509,0.0
5510,8.428743604879969
5511,2.2198691460055096
5512,1.335620818575364
5513,1.3736225895316805
5514,1.9173553719008265
5515,0.967237308146399
5516,0.9166666666666666
5517,3.125737898465171
5518,2.763995474222747
5519,2.1748327430145613
5520,2.627779417552145
5521,2.528753443526171
5522,0.5413223140495868
5523,0.8560114128295946
5524,1.8895120031483668
5525,0.922250098386462
5526,0.21030106257378983
5527,18.66912632821724
5528,6.6555981896890986
5529,0.5878099173553719
5530,5.564812081857536
5531,2.33077528532074
5532,2.2167945690672965
5533,1.843737701692247
5534,2.278433687524597
5535,1.2432359307359309
5536,0.7547717434081069
5537,1.3748770169224716
5538,0.7673160173160174
5539,2.0734700905155448
5540,2.287878787878788
5541,0.5485783156237702
5542,1.0780204643841007
5543,0.15439295552931914
5544,0.9416814246359702
5545,0.6559671389216843
5546,0.22946182605273513
5547,0.6494982290436837
5548,1.9080332546241636
5549,0.9930637544273908
5550,1.2028482880755609
5551,1.9879968516332154
5552,0.6341499409681228
5553,0.22311589925226288
5554,0.7850255804801259
5555,0.18580283353010627
5556,1.5001967729240457
5557,0.685237111373475
5558,0.428866587957497
5559,0.6209169618260528
5560,1.3293732782369145
5561,0.29843073593073594
5562,3.753664895710351
5563,3.0427735143644234
5564,0.3307260920897284
5565,0.5515545060999606
5566,2.3827725304998033
5567,0.1679456906729634
5568,8.845754624163716
5569,2.528482880755608
5570,1.2116046831955922
5571,0.961629279811098
5572,0.7816312475403384
5573,0.4594401810310901
5574,0.8255608028335301
5575,2.7497048406139317
5576,2.079447068083432
5577,2.362160566706021
5578,1.758633412042503
5579,0.6842040535222353
5580,2.283771153089335
5581,0.3642020857929949
5582,0.4265299094844549
5583,0.8342434081070446
5584,0.7366686343959071
5585,7.6652892561983474
5586,3.9957447855175134
5587,0.9504132231404959
5588,2.2151711924439197
5589,1.29456906729634
5590,2.7202380952380953
5591,1.622564935064935
5592,0.25447658402203854
5593,0.7195985832349469
5594,1.7686442345533255
5595,0.5118309720582447
5596,0.9606454151908697
5597,1.1487357339630067
5598,2.171758166076348
5599,1.269603502558048
5600,0.6242866981503344
5601,0.5377312081857536
5602,1.2756788665879575
5603,2.253984651711925
5604,1.1331660763478943
5605,1.7652253049980322
5606,1.8673750491932308
5607,1.923430735930736
5608,2.328241833923652
5609,1.117202872884691
5610,0.35906139315230223
5611,0.7135970090515545
5612,1.3647432113341202
5613,0.29021546635183
5614,0.6290338449429358
5615,0.3121556473829201
5616,0.8335547028728847
5617,0.8977518693427784
5618,0.623991538764266
5619,1.4921536796536796
5620,1.7775728059818972
5621,0.6542207792207791
5622,1.685163321526958
5623,0.4718860684769775
5624,2.090540141676505
5625,1.5705184966548602
5626,2.093048996458087
5627,1.707521645021645
5628,1.885551948051948
5629,0.4368604879968516
5630,0.3837072018890201
5631,0.3024399842581661
5632,0.38287091696182607
5633,0.9931375442739079
5634,1.2968565525383706
5635,0.8725403384494292
5636,1.2583628492719403
5637,0.691435458480913
5638,0.8153040141676506
5639,0.312918142463597
5640,0.5421340023612751
5641,0.16713400236127507
5642,0.3427292404565132
5643,3.9723042109405746
5644,1.5457251082251084
5645,0.5578512396694215
5646,1.1906237701692248
5647,1.3567739079102716
5648,1.5782910271546635
5649,1.5756099960645416
5650,0.18078512396694216
5651,0.4591696182605273
5652,1.3592335694608422
5653,0.38727371113734754
5654,0.35704447068083434
5655,3.902203856749311
5656,0.8696625344352618
5657,0.8053423848878394
5658,0.7275678866587957
5659,0.2896989374262101
5660,0.5227272727272727
5661,1.4119687131050767
5662,0.6206463990554899
5663,0.14234061393152303
5664,2.1720779220779223
5665,1.4750836284927193
5666,2.6720533254624166
5667,0.6925423061786699
5668,0.5420848091302637
5669,0.6346172766627312
5670,0.9336137347500983
5671,0.3554210940574577
5672,0.6947314049586777
5673,0.44711727666273116
5674,0.6628541912632822
5675,0.6141774891774892
5676,0.13565033451397088
5677,0.8952922077922078
5678,2.1210399449035813
5679,0.2476141282959465
5680,0.5759297520661157
5681,0.3407123179850452
5682,0.8768447461629281
5683,0.2805981896890988
5684,4.786821133412042
5685,3.284361471861472
5686,2.280524399842582
5687,0.4528974813065722
5688,1.844082054309327
5689,1.876770956316411
5690,0.8207644628099173
5691,5.133756395120031
5692,2.2869933097205823
5693,2.0632870916961825
5694,1.180219401810311
5695,1.1462514757969302
5696,2.746900826446281
5697,0.27152203856749313
5698,0.8210350255804801
5699,0.30932703659976385
5700,2.1382575757575757
5701,17.012888626524987
5702,2.9240456513183783
5703,0.9597107438016529
5704,4.104068280204643
5705,1.4582103502558048
5706,4.6929358520267614
5707,0.9662534435261708
5708,0.970754624163715
5709,1.240185950413223
5710,1.3327184179456906
5711,0.3018250688705234
5712,0.39056965761511214
5713,2.185507674144038
5714,3.6006001574183397
5715,0.28923160173160173
5716,0.34878000787091695
5717,0.2422520661157025
5718,1.6881887052341598
5719,0.8448445493900039
5720,1.4502656434474617
5721,0.24114521841794567
5722,4.185114128295947
5723,1.9680489964580872
5724,1.7669470680834316
5725,1.9053768201495473
5726,1.2781139315230226
5727,0.3920208579299488
5728,0.6557703659976386
5729,0.13395316804407714
5730,0.4114521841794569
5731,0.4525531286894923
5732,0.6875737898465171
5733,1.262839433293979
5734,0.27130066902794175
5735,0.2170405352223534
5736,2.2288715072805982
5737,1.8936688311688312
5738,0.24658107044470684
5739,0.341401023219205
5740,2.404048602912239
5741,0.19369834710743802
5742,2.50836284927194
5743,1.7398415977961432
5744,0.9867178276269185
5745,0.691017316017316
5746,1.1025186934277842
5747,0.9363685556867375
5748,0.6453659976387249
5749,4.012987012987013
5750,1.765495867768595
5751,1.926431523022432
5752,1.2451544667453758
5753,1.5115358126721763
5754,0.40215466351829987
5755,0.3157959464777647
5756,0.6320592286501377
5757,0.18083431719795356
5758,0.3128443526170799
5759,12.389930145611963
5760,3.019898661944117
5761,0.9834710743801653
5762,3.143693427784337
5763,2.968811491538764
5764,1.4853404171585989
5765,1.4460842188114915
5766,1.8384986225895317
5767,0.7684228650137741
5768,1.2181473829201102
5769,0.7867965367965367
5770,0.274547422274695
5771,2.158500590318772
5772,2.1192689885871703
5773,0.7049635970090515
5774,0.3027105470287289
5775,0.22491145218417946
5776,0.8130657221566313
5777,1.334292601338056
5778,0.4416814246359701
5779,1.1441115702479339
5780,5.00154958677686
5781,1.5476436442345531
5782,1.714064344746163
5783,1.2540338449429358
5784,0.1479978354978355
5785,0.4305145611963794
5786,0.6923209366391184
5787,1.820370916961826
5788,0.5875147579693035
5789,0.26945592286501374
5790,0.4763872491145218
5791,0.32964384100747735
5792,0.13565033451397088
5793,0.08139020070838252
5794,1.8637839433293977
5795,2.1388724911452184
5796,0.5463892168437623
5797,0.3348583234946871
5798,0.6807359307359306
5799,0.5948691460055097
5800,7.29228158205431
5801,2.476387249114522
5802,1.2861324281778828
5803,0.4542256985438804
5804,0.7830824478551752
5805,0.15109700905155452
5806,0.5471025186934277
5807,2.2111865407319953
5808,1.8246015348288076
5809,0.8459022038567493
5810,1.4755017709563163
5811,1.218344155844156
5812,1.4466991341991342
5813,0.5176357733175915
5814,0.44876524990161354
5815,0.12595926800472254
5816,0.3834858323494687
5817,3.4465761511216053
5818,2.6182359307359304
5819,0.7957988980716253
5820,2.9755263675718218
5821,1.1164403778040142
5822,1.6842040535222353
5823,1.8823789846517118
5824,0.7813114915387642
5825,0.6402744982290436
5826,1.1516873278236914
5827,0.5477912239275876
5828,0.7078905942542306
5829,0.9335399449035813
5830,2.5342138921684376
5831,1.7723337268791814
5832,0.5479879968516331
5833,0.5091499409681227
5834,0.8498868555686738
5835,1.6525236127508856
5836,1.1463252656434475
5837,0.4770021645021645
5838,1.3398514364423455
5839,2.4283254624163715
5840,1.9873081463990556
5841,1.008461235733963
5842,0.6362898465171193
5843,0.829004329004329
5844,1.4622441951987406
5845,0.20646399055489964
5846,0.7761953955135774
5847,0.7443181818181819
5848,0.7330283353010626
5849,1.100108225108225
5850,0.18991046831955924
5851,0.7053817394726485
5852,0.7727272727272727
5853,0.4375245966155057
5854,0.8722943722943722
5855,0.5368211334120425
5856,1.3644972451790633
5857,1.2659632034632033
5858,5.69288665879575
5859,1.7689147973238883
5860,1.1379870129870129
5861,0.5710596221959858
5862,0.46672077922077915
5863,0.5824970484061393
5864,1.4155106257378987
5865,2.2692345533254623
5866,2.1644037780401413
5867,1.118309720582448
5868,0.9641873278236914
5869,1.7648809523809523
5870,0.41027154663518295
5871,0.8963498622589532
5872,0.46708972845336477
5873,0.42343073593073594
5874,0.18929555293191655
5875,6.307703659976387
5876,3.547643644234553
5877,0.34710743801652894
5878,2.6326003541912635
5879,2.1944362455726094
5880,1.2285517512790238
5881,2.5351731601731604
5882,1.2652990948445493
5883,0.5145365997638724
5884,0.13407615112160565
5885,0.6536304604486424
5886,1.0704939000393545
5887,4.574232585596222
5888,0.4684425423061786
5889,1.2491391184573004
5890,1.0933195592286502
5891,1.1354535615899253
5892,0.21236717827626916
5893,0.42205332546241636
5894,0.0709366391184573
5895,0.3844451003541912
5896,1.156582054309327
5897,1.7805243998425817
5898,0.6058392365210546
5899,0.36813754427390794
5900,0.5878099173553719
5901,0.7326101928374655
5902,0.7057506887052342
5903,0.14428374655647383
5904,1.239202085792995
5905,0.4124852420306966
5906,0.7074724517906337
5907,0.2013478945297127
5908,0.0
5909,0.5697314049586777
5910,1.9733372687918145
5911,0.16519086973632427
5912,0.30531778827233375
5913,0.8476485635576545
5914,0.7528286107831562
5915,0.3056621408894136
5916,6.97422274695002
5917,1.8520513577331759
5918,2.1857782369146004
5919,2.218983667847304
5920,1.66538764266037
5921,0.550349271940181
5922,0.8364571035025581
5923,2.4215367965367967
5924,1.604732388823298
5925,2.118432703659976
5926,1.0774793388429753
5927,1.8234946871310507
5928,0.4000147579693034
5929,0.6137101534828807
5930,0.8153778040141676
5931,0.731650924832743
5932,0.43430243998425816
5933,14.152695789059425
5934,3.5851042896497445
5935,0.9435261707988981
5936,4.20749704840614
5937,5.875737898465172
5938,1.86228354978355
5939,1.1326741440377806
5940,2.490530303030303
5941,1.4464285714285714
5942,0.5612209759937032
5943,1.1607880755608029
5944,1.2642906336088156
5945,1.6193673750491933
5946,1.0006395120031484
5947,1.45021645021645
5948,1.2563705234159779
5949,1.0813164108618654
5950,0.8361865407319953
5951,1.4821428571428572
5952,1.3714334907516728
5953,0.31896890987800075
5954,2.026736521054703
5955,2.907492129083038
5956,2.2773268398268396
5957,0.9205529319165683
5958,0.7366932310114127
5959,1.4621212121212122
5960,1.789625147579693
5961,0.39130755608028334
5962,1.0440033451397088
5963,0.8625541125541125
5964,0.8177882723337269
5965,0.38459268004722547
5966,0.8952922077922078
5967,0.5697314049586777
5968,1.9695493900039358
5969,0.332103502558048
5970,0.9859799291617475
5971,0.9462563951200315
5972,1.9665240062967335
5973,0.6323297914207006
5974,7.148047028728847
5975,4.1375196772924046
5976,2.7017660369933094
5977,1.3880362062180243
5978,1.2330775285320739
5979,0.863931523022432
5980,1.2783844942935851
5981,1.6863685556867374
5982,2.9702380952380953
5983,1.8105568673750492
5984,0.9769775678866588
5985,2.1420700511609603
5986,0.4579151908697363
5987,1.3495670995670996
5988,0.9405499803227076
5989,0.8698347107438017
5990,0.2686196379378198
5991,8.961481700118064
5992,2.6615259740259742
5993,0.21177685950413222
5994,4.638798701298701
5995,6.694878984651711
5996,1.7420306965761512
5997,1.7279368358913814
5998,1.944116489571035
5999,0.7927981109799291
6000,0.9423701298701299
6001,1.1076839826839826
6002,1.3193624557260921
6003,2.2539600550964187
6004,1.3234454939000395
6005,0.570543093270366
6006,0.6708480913026368
6007,0.6888774104683195
6008,0.568870523415978
6009,2.1792601338055886
6010,1.412042502951594
6011,0.46590909090909094
6012,2.880755608028335
6013,2.224198150334514
6014,2.3488537977174344
6015,1.1432260920897284
6016,1.1463252656434475
6017,0.6253935458480914
6018,1.4917601338055884
6019,0.44111570247933884
6020,1.7970533254624164
6021,1.6315181031090122
6022,0.7395710350255804
6023,0.36668634395907124
6024,0.40695100354191266
6025,0.6511216056670601
6026,2.2518693427784333
6027,0.21910665092483272
6028,0.46775383707201884
6029,0.3963498622589532
6030,1.3569952774498228
6031,1.0914748130657221
6032,4.4561688311688314
6033,4.883658008658009
6034,4.613980716253444
6035,1.4548406139315229
6036,1.323297914207005
6037,0.543068673750492
6038,0.8037436048799685
6039,9.266356749311296
6040,3.293806572215663
6041,2.698789846517119
6042,0.5468565525383707
6043,2.3133854781582057
6044,0.5942050373868555
6045,4.620375836284927
6046,1.115530303030303
6047,1.2993900039354584
6048,0.9829791420700512
6049,15.69173061786698
6050,3.9297766627312085
6051,1.3137052341597797
6052,3.838154269972452
6053,4.2133756395120034
6054,1.9328020464384101
6055,2.789329988193624
6056,4.1966007477371114
6057,1.3467876820149547
6058,0.14979338842975207
6059,1.5349763872491144
6060,0.5711088154269972
6061,3.735168240850059
6062,2.2073002754820936
6063,0.45764462809917356
6064,2.0307457693821327
6065,0.6478502558048012
6066,3.467729240456513
6067,2.382624950806769
6068,0.580184966548603
6069,0.9669667453758364
6070,6.305465367965368
6071,1.4818968909878
6072,3.0381493506493507
6073,2.8892906336088156
6074,2.1252459661550573
6075,1.7788764266036994
6076,2.5003443526170797
6077,0.8101633215269579
6078,1.5790535222353403
6079,1.0240308933490754
6080,1.1075609996064542
6081,0.5245966155057064
6082,0.5426013380558835
6083,0.9224222746950018
6084,3.598460251869343
6085,0.19576446280991736
6086,0.6542207792207791
6087,1.365185950413223
6088,2.1640102321920507
6089,0.0
6090,8.428743604879969
6091,2.2198691460055096
6092,1.335620818575364
6093,1.3736225895316805
6094,1.9173553719008265
6095,0.967237308146399
6096,0.9166666666666666
6097,3.125737898465171
6098,2.763995474222747
6099,2.1748327430145613
6100,2.627779417552145
6101,2.528753443526171
6102,0.5413223140495868
6103,0.8560114128295946
6104,1.8895120031483668
6105,0.922250098386462
6106,0.21030106257378983
6107,18.66912632821724
6108,6.6555981896890986
6109,0.5878099173553719
6110,5.564812081857536
6111,2.33077528532074
6112,2.2167945690672965
6113,1.843737701692247
6114,2.278433687524597
6115,1.2432359307359309
6116,0.7547717434081069
6117,1.3748770169224716
6118,0.7673160173160174
6119,2.0734700905155448
6120,2.287878787878788
6121,0.5485783156237702
6122,1.0780204643841007
6123,0.15439295552931914
6124,0.9416814246359702
6125,0.6559671389216843
6126,0.22946182605273513
6127,0.6494982290436837
6128,1.9080332546241636
6129,0.9930637544273908
6130,1.2028482880755609
6131,1.9879968516332154
6132,0.6341499409681228
6133,0.22311589925226288
6134,0.7850255804801259
6135,0.18580283353010627
6136,1.5001967729240457
6137,0.685237111373475
6138,0.428866587957497
6139,0.6209169618260528
6140,1.3293732782369145
6141,0.29843073593073594
6142,3.753664895710351
6143,3.0427735143644234
6144,0.3307260920897284
6145,0.5515545060999606
6146,2.3827725304998033
6147,0.1679456906729634
6148,8.845754624163716
6149,2.528482880755608
6150,1.2116046831955922
6151,0.961629279811098
6152,0.7816312475403384
6153,0.4594401810310901
6154,0.8255608028335301
6155,2.7497048406139317
6156,2.079447068083432
6157,2.362160566706021
6158,1.758633412042503
6159,0.6842040535222353
6160,2.283771153089335
6161,0.3642020857929949
6162,0.4265299094844549
6163,0.8342434081070446
6164,0.7366686343959071
6165,7.6652892561983474
6166,3.9957447855175134
6167,0.9504132231404959
6168,2.2151711924439197
6169,1.29456906729634
6170,2.7202380952380953
6171,1.622564935064935
6172,0.25447658402203854
6173,0.7195985832349469
6174,1.7686442345533255
6175,0.5118309720582447
6176,0.9606454151908697
6177,1.1487357339630067
6178,2.171758166076348
6179,1.269603502558048
6180,0.6242866981503344
6181,0.5377312081857536
6182,1.2756788665879575
6183,2.253984651711925
6184,1.1331660763478943
6185,1.7652253049980322
6186,1.8673750491932308
6187,1.923430735930736
6188,2.328241833923652
6189,1.117202872884691
6190,0.35906139315230223
6191,0.7135970090515545
6192,1.3647432113341202
6193,0.29021546635183
6194,0.6290338449429358
6195,0.3121556473829201
6196,0.8335547028728847
6197,0.8977518693427784
6198,0.623991538764266
6199,1.4921536796536796
6200,1.7775728059818972
6201,0.6542207792207791
6202,1.685163321526958
6203,0.4718860684769775
6204,2.090540141676505
6205,1.5705184966548602
6206,2.093048996458087
6207,1.707521645021645
6208,1.885551948051948
6209,0.4368604879968516
6210,0.3837072018890201
6211,0.3024399842581661
6212,0.38287091696182607
6213,0.9931375442739079
6214,1.2968565525383706
6215,0.8725403384494292
6216,1.2583628492719403
6217,0.691435458480913
6218,0.8153040141676506
6219,0.312918142463597
6220,0.5421340023612751
6221,0.16713400236127507
6222,0.3427292404565132
6223,3.9723042109405746
6224,1.5457251082251084
6225,0.5578512396694215
6226,1.1906237701692248
6227,1.3567739079102716
6228,1.5782910271546635
6229,1.5756099960645416
6230,0.18078512396694216
6231,0.4591696182605273
6232,1.3592335694608422
6233,0.38727371113734754
6234,0.35704447068083434
6235,3.902203856749311
6236,0.8696625344352618
6237,0.8053423848878394
6238,0.7275678866587957
6239,0.2896989374262101
6240,0.5227272727272727
6241,1.4119687131050767
6242,0.6206463990554899
6243,0.14234061393152303
6244,2.1720779220779223
6245,1.4750836284927193
6246,2.6720533254624166
6247,0.6925423061786699
6248,0.5420848091302637
6249,0.6346172766627312
6250,0.9336137347500983
6251,0.3554210940574577
6252,0.6947314049586777
6253,0.44711727666273116
6254,0.6628541912632822
6255,0.6141774891774892
6256,0.13565033451397088
6257,0.8952922077922078
6258,2.1210399449035813
6259,0.2476141282959465
6260,0.5759297520661157
6261,0.3407123179850452
6262,0.8768447461629281
6263,0.2805981896890988
6264,4.786821133412042
6265,3.284361471861472
6266,2.280524399842582
6267,0.4528974813065722
6268,1.844082054309327
6269,1.876770956316411
6270,0.8207644628099173
6271,5.133756395120031
6272,2.2869933097205823
6273,2.0632870916961825
6274,1.180219401810311
6275,1.1462514757969302
6276,2.746900826446281
6277,0.27152203856749313
6278,0.8210350255804801
6279,0.30932703659976385
6280,2.1382575757575757
6281,17.012888626524987
6282,2.9240456513183783
6283,0.9597107438016529
6284,4.104068280204643
6285,1.4582103502558048
6286,4.6929358520267614
6287,0.9662534435261708
6288,0.970754624163715
6289,1.240185950413223
6290,1.3327184179456906
6291,0.3018250688705234
6292,0.39056965761511214
6293,2.185507674144038
6294,3.6006001574183397
6295,0.28923160173160173
6296,0.34878000787091695
6297,0.2422520661157025
6298,1.6881887052341598
6299,0.8448445493900039
6300,1.4502656434474617
6301,0.24114521841794567
6302,4.185114128295947
6303,1.9680489964580872
6304,1.7669470680834316
6305,1.9053768201495473
6306,1.2781139315230226
6307,0.3920208579299488
6308,0.6557703659976386
6309,0.13395316804407714
6310,0.4114521841794569
6311,0.4525531286894923
6312,0.6875737898465171
6313,1.262839433293979
6314,0.27130066902794175
6315,0.2170405352223534
6316,2.2288715072805982
6317,1.8936688311688312
6318,0.24658107044470684
6319,0.341401023219205
6320,2.404048602912239
6321,0.19369834710743802
6322,2.50836284927194
6323,1.7398415977961432
6324,0.9867178276269185
6325,0.691017316017316
6326,1.1025186934277842
6327,0.9363685556867375
6328,0.6453659976387249
6329,4.012987012987013
6330,1.765495867768595
6331,1.926431523022432
6332,1.2451544667453758
6333,1.5115358126721763
6334,0.40215466351829987
6335,0.3157959464777647
6336,0.6320592286501377
6337,0.18083431719795356
6338,0.3128443526170799
6339,12.389930145611963
6340,3.019898661944117
6341,0.9834710743801653
6342,3.143693427784337
6343,2.968811491538764
6344,1.4853404171585989
6345,1.4460842188114915
6346,1.8384986225895317
6347,0.7684228650137741
6348,1.2181473829201102
6349,0.7867965367965367
6350,0.274547422274695
6351,2.158500590318772
6352,2.1192689885871703
6353,0.7049635970090515
6354,0.3027105470287289
6355,0.22491145218417946
6356,0.8130657221566313
6357,1.334292601338056
6358,0.4416814246359701
6359,1.1441115702479339
6360,5.00154958677686
6361,1.5476436442345531
6362,1.714064344746163
6363,1.2540338449429358
6364,0.1479978354978355
6365,0.4305145611963794
6366,0.6923209366391184
6367,1.820370916961826
6368,0.5875147579693035
6369,0.26945592286501374
6370,0.4763872491145218
6371,0.32964384100747735
6372,0.13565033451397088
6373,0.08139020070838252
6374,1.8637839433293977
6375,2.1388724911452184
6376,0.5463892168437623
6377,0.3348583234946871
6378,0.6807359307359306
6379,0.5948691460055097
6380,7.29228158205431
6381,2.476387249114522
6382,1.2861324281778828
6383,0.4542256985438804
6384,0.7830824478551752
6385,0.15109700905155452
6386,0.5471025186934277
6387,2.2111865407319953
6388,1.8246015348288076
6389,0.8459022038567493
6390,1.4755017709563163
6391,1.218344155844156
6392,1.4466991341991342
6393,0.5176357733175915
6394,0.44876524990161354
6395,0.12595926800472254
6396,0.3834858323494687
6397,3.4465761511216053
6398,2.6182359307359304
6399,0.7957988980716253
6400,2.9755263675718218
6401,1.1164403778040142
6402,1.6842040535222353
6403,1.8823789846517118
6404,0.7813114915387642
6405,0.6402744982290436
6406,1.1516873278236914
6407,0.5477912239275876
6408,0.7078905942542306
6409,0.9335399449035813
6410,2.5342138921684376
6411,1.7723337268791814
6412,0.5479879968516331
6413,0.5091499409681227
6414,0.8498868555686738
6415,1.6525236127508856
6416,1.1463252656434475
6417,0.4770021645021645
6418,1.3398514364423455
6419,2.4283254624163715
6420,1.9873081463990556
6421,1.008461235733963
6422,0.6362898465171193
6423,0.829004329004329
6424,1.4622441951987406
6425,0.20646399055489964
6426,0.7761953955135774
6427,0.7443181818181819
6428,0.7330283353010626
6429,1.100108225108225
6430,0.18991046831955924
6431,0.7053817394726485
6432,0.7727272727272727
6433,0.4375245966155057
6434,0.8722943722943722
6435,0.5368211334120425
6436,1.3644972451790633
6437,1.2659632034632033
6438,5.69288665879575
6439,1.7689147973238883
6440,1.1379870129870129
6441,0.5710596221959858
6442,0.46672077922077915
6443,0.5824970484061393
6444,1.4155106257378987
6445,2.2692345533254623
6446,2.1644037780401413
6447,1.118309720582448
6448,0.9641873278236914
6449,1.7648809523809523
6450,0.41027154663518295
6451,0.8963498622589532
6452,0.46708972845336477
6453,0.42343073593073594
6454,0.18929555293191655
6455,6.307703659976387
6456,3.547643644234553
6457,0.34710743801652894
6458,2.6326003541912635
6459,2.1944362455726094
6460,1.2285517512790238
6461,2.5351731601731604
6462,1.2652990948445493
6463,0.5145365997638724
6464,0.13407615112160565
6465,0.6536304604486424
6466,1.0704939000393545
6467,4.574232585596222
6468,0.4684425423061786
6469,1.2491391184573004
6470,1.0933195592286502
6471,1.1354535615899253
6472,0.21236717827626916
6473,0.42205332546241636
6474,0.0709366391184573
6475,0.3844451003541912
6476,1.156582054309327
6477,1.7805243998425817
6478,0.6058392365210546
6479,0.36813754427390794
6480,0.5878099173553719
6481,0.7326101928374655
6482,0.7057506887052342
6483,0.14428374655647383
6484,1.239202085792995
6485,0.4124852420306966
6486,0.7074724517906337
6487,0.2013478945297127
6488,0.0
6489,0.5697314049586777
6490,1.9733372687918145
6491,0.16519086973632427
6492,0.30531778827233375
6493,0.8476485635576545
6494,0.7528286107831562
6495,0.3056621408894136
6496,6.97422274695002
6497,1.8520513577331759
6498,2.1857782369146004
6499,2.218983667847304
6500,1.66538764266037
6501,0.550349271940181
6502,0.8364571035025581
6503,2.4215367965367967
6504,1.604732388823298
6505,2.118432703659976
6506,1.0774793388429753
6507,1.8234946871310507
6508,0.4000147579693034
6509,0.6137101534828807
6510,0.8153778040141676
6511,0.731650924832743
6512,0.43430243998425816
6513,14.152695789059425
6514,3.5851042896497445
6515,0.9435261707988981
6516,4.20749704840614
6517,5.875737898465172
6518,1.86228354978355
6519,1.1326741440377806
6520,2.490530303030303
6521,1.4464285714285714
6522,0.5612209759937032
6523,1.1607880755608029
6524,1.2642906336088156
6525,1.6193673750491933
6526,1.0006395120031484
6527,1.45021645021645
6528,1.2563705234159779
6529,1.0813164108618654
6530,0.8361865407319953
6531,1.4821428571428572
6532,1.3714334907516728
6533,0.31896890987800075
6534,2.026736521054703
6535,2.907492129083038
6536,2.2773268398268396
6537,0.9205529319165683
6538,0.7366932310114127
6539,1.4621212121212122
6540,1.789625147579693
6541,0.39130755608028334
6542,1.0440033451397088
6543,0.8625541125541125
6544,0.8177882723337269
6545,0.38459268004722547
6546,0.8952922077922078
6547,0.5697314049586777
6548,1.9695493900039358
6549,0.332103502558048
6550,0.9859799291617475
6551,0.9462563951200315
6552,1.9665240062967335
6553,0.6323297914207006
6554,7.148047028728847
6555,4.1375196772924046
6556,2.7017660369933094
6557,1.3880362062180243
6558,1.2330775285320739
6559,0.863931523022432
6560,1.2783844942935851
6561,1.6863685556867374
6562,2.9702380952380953
6563,1.8105568673750492
6564,0.9769775678866588
6565,2.1420700511609603
6566,0.4579151908697363
6567,1.3495670995670996
6568,0.9405499803227076
6569,0.8698347107438017
6570,0.2686196379378198
6571,8.961481700118064
6572,2.6615259740259742
6573,0.21177685950413222
6574,4.638798701298701
6575,6.694878984651711
6576,1.7420306965761512
6577,1.7279368358913814
6578,1.944116489571035
6579,0.7927981109799291
6580,0.9423701298701299
6581,1.1076839826839826
6582,1.3193624557260921
6583,2.2539600550964187
6584,1.3234454939000395
6585,0.570543093270366
6586,0.6708480913026368
6587,0.6888774104683195
6588,0.568870523415978
6589,2.1792601338055886
6590,1.412042502951594
6591,0.46590909090909094
6592,2.880755608028335
6593,2.224198150334514
6594,2.3488537977174344
6595,1.1432260920897284
6596,1.1463252656434475
6597,0.6253935458480914
6598,1.4917601338055884
6599,0.44111570247933884
6600,1.7970533254624164
6601,1.6315181031090122
6602,0.7395710350255804
6603,0.36668634395907124
6604,0.40695100354191266
6605,0.6511216056670601
6606,2.2518693427784333
6607,0.21910665092483272
6608,0.46775383707201884
6609,0.3963498622589532
6610,1.3569952774498228
6611,1.0914748130657221
6612,4.4561688311688314
6613,4.883658008658009
6614,4.613980716253444
6615,1.4548406139315229
6616,1.323297914207005
6617,0.543068673750492
6618,0.8037436048799685
6619,9.266356749311296
6620,3.293806572215663
6621,2.698789846517119
6622,0.5468565525383707
6623,2.3133854781582057
6624,0.5942050373868555
6625,4.620375836284927
6626,1.115530303030303
6627,1.2993900039354584
6628,0.9829791420700512
6629,15.69173061786698
6630,3.9297766627312085
6631,1.3137052341597797
6632,3.838154269972452
6633,4.2133756395120034
6634,1.9328020464384101
6635,2.789329988193624
6636,4.1966007477371114
6637,1.3467876820149547
6638,0.14979338842975207
6639,1.5349763872491144
6640,0.5711088154269972
6641,3.735168240850059
6642,2.2073002754820936
6643,0.45764462809917356
6644,2.0307457693821327
6645,0.6478502558048012
6646,3.467729240456513
6647,2.382624950806769
6648,0.580184966548603
6649,0.9669667453758364
6650,6.305465367965368
6651,1.4818968909878
6652,3.0381493506493507
6653,2.8892906336088156
6654,2.1252459661550573
6655,1.7788764266036994
6656,2.5003443526170797
6657,0.8101633215269579
6658,1.5790535222353403
6659,1.0240308933490754
6660,1.1075609996064542
6661,0.5245966155057064
6662,0.5426013380558835
6663,0.9224222746950018
6664,3.598460251869343
6665,0.19576446280991736
6666,0.6542207792207791
6667,1.365185950413223
6668,2.1640102321920507
6669,0.0
6670,8.428743604879969
6671,2.2198691460055096
6672,1.335620818575364
6673,1.3736225895316805
6674,1.9173553719008265
6675,0.967237308146399
6676,0.9166666666666666
6677,3.125737898465171
6678,2.763995474222747
6679,2.1748327430145613
6680,2.627779417552145
6681,2.528753443526171
6682,0.5413223140495868
6683,0.8560114128295946
6684,1.8895120031483668
6685,0.922250098386462
6686,0.21030106257378983
6687,18.66912632821724
6688,6.6555981896890986
6689,0.5878099173553719
6690,5.564812081857536
6691,2.33077528532074
6692,2.2167945690672965
6693,1.843737701692247
6694,2.278433687524597
6695,1.2432359307359309
6696,0.7547717434081069
6697,1.3748770169224716
6698,0.7673160173160174
6699,2.0734700905155448
6700,2.287878787878788
6701,0.5485783156237702
6702,1.0780204643841007
6703,0.15439295552931914
6704,0.9416814246359702
6705,0.6559671389216843
6706,0.22946182605273513
6707,0.6494982290436837
6708,1.9080332546241636
6709,0.9930637544273908
6710,1.2028482880755609
6711,1.9879968516332154
6712,0.6341499409681228
6713,0.22311589925226288
6714,0.7850255804801259
6715,0.18580283353010627
6716,1.5001967729240457
6717,0.685237111373475
6718,0.428866587957497
6719,0.6209169618260528
6720,1.3293732782369145
6721,0.29843073593073594
6722,3.753664895710351
6723,3.0427735143644234
6724,0.3307260920897284
6725,0.5515545060999606
6726,2.3827725304998033
6727,0.1679456906729634
6728,8.845754624163716
6729,2.528482880755608
6730,1.2116046831955922
6731,0.961629279811098
6732,0.7816312475403384
6733,0.4594401810310901
6734,0.8255608028335301
6735,2.7497048406139317
6736,2.079447068083432
6737,2.362160566706021
6738,1.758633412042503
6739,0.6842040535222353
6740,2.283771153089335
6741,0.3642020857929949
6742,0.4265299094844549
6743,0.8342434081070446
6744,0.7366686343959071
6745,7.6652892561983474
6746,3.9957447855175134
6747,0.9504132231404959
6748,2.2151711924439197
6749,1.29456906729634
6750,2.7202380952380953
6751,1.622564935064935
6752,0.25447658402203854
6753,0.7195985832349469
6754,1.7686442345533255
6755,0.5118309720582447
6756,0.9606454151908697
6757,1.1487357339630067
6758,2.171758166076348
6759,1.269603502558048
6760,0.6242866981503344
6761,0.5377312081857536
6762,1.2756788665879575
6763,2.253984651711925
6764,1.1331660763478943
6765,1.7652253049980322
6766,1.8673750491932308
6767,1.923430735930736
6768,2.328241833923652
6769,1.117202872884691
6770,0.35906139315230223
6771,0.7135970090515545
6772,1.3647432113341202
6773,0.29021546635183
6774,0.6290338449429358
6775,0.3121556473829201
6776,0.8335547028728847
6777,0.8977518693427784
6778,0.623991538764266
6779,1.4921536796536796
6780,1.7775728059818972
6781,0.6542207792207791
6782,1.685163321526958
6783,0.4718860684769775
6784,2.090540141676505
6785,1.5705184966548602
6786,2.093048996458087
6787,1.707521645021645
6788,1.885551948051948
6789,0.4368604879968516
6790,0.3837072018890201
6791,0.3024399842581661
6792,0.38287091696182607
6793,0.9931375442739079
6794,1.2968565525383706
6795,0.8725403384494292
6796,1.2583628492719403
6797,0.691435458480913
6798,0.8153040141676506
6799,0.312918142463597
6800,0.5421340023612751
6801,0.16713400236127507
6802,0.3427292404565132
6803,3.9723042109405746
6804,1.5457251082251084
6805,0.5578512396694215
6806,1.1906237701692248
6807,1.3567739079102716
6808,1.5782910271546635
6809,1.5756099960645416
6810,0.18078512396694216
6811,0.4591696182605273
6812,1.3592335694608422
6813,0.38727371113734754
6814,0.35704447068083434
6815,3.902203856749311
6816,0.8696625344352618
6817,0.8053423848878394
6818,0.7275678866587957
6819,0.2896989374262101
6820,0.5227272727272727
6821,1.4119687131050767
6822,0.6206463990554899
6823,0.14234061393152303
6824,2.1720779220779223
6825,1.4750836284927193
6826,2.6720533254624166
6827,0.6925423061786699
6828,0.5420848091302637
6829,0.6346172766627312
6830,0.9336137347500983
6831,0.3554210940574577
6832,0.6947314049586777
6833,0.44711727666273116
6834,0.6628541912632822
6835,0.6141774891774892
6836,0.13565033451397088
6837,0.8952922077922078
6838,2.1210399449035813
6839,0.2476141282959465
6840,0.5759297520661157
6841,0.3407123179850452
6842,0.8768447461629281
6843,0.2805981896890988
6844,4.786821133412042
6845,3.284361471861472
6846,2.280524399842582
6847,0.4528974813065722
6848,1.844082054309327
6849,1.876770956316411
6850,0.8207644628099173
6851,5.133756395120031
6852,2.2869933097205823
6853,2.0632870916961825
6854,1.180219401810311
6855,1.1462514757969302
6856,2.746900826446281
6857,0.27152203856749313
6858,0.8210350255804801
6859,0.30932703659976385
6860,2.1382575757575757
6861,17.012888626524987
6862,2.9240456513183783
6863,0.9597107438016529
6864,4.104068280204643
6865,1.4582103502558048
6866,4.6929358520267614
6867,0.9662534435261708
6868,0.970754624163715
6869,1.240185950413223
6870,1.3327184179456906
6871,0.3018250688705234
6872,0.39056965761511214
6873,2.185507674144038
6874,3.6006001574183397
6875,0.28923160173160173
6876,0.34878000787091695
6877,0.2422520661157025
6878,1.6881887052341598
6879,0.8448445493900039
6880,1.4502656434474617
6881,0.24114521841794567
6882,4.185114128295947
6883,1.9680489964580872
6884,1.7669470680834316
6885,1.9053768201495473
6886,1.2781139315230226
6887,0.3920208579299488
6888,0.6557703659976386
6889,0.13395316804407714
6890,0.4114521841794569
6891,0.4525531286894923
6892,0.6875737898465171
6893,1.262839433293979
6894,0.27130066902794175
6895,0.2170405352223534
6896,2.2288715072805982
6897,1.8936688311688312
6898,0.24658107044470684
6899,0.341401023219205
6900,2.404048602912239
6901,0.19369834710743802
6902,2.50836284927194
6903,1.7398415977961432
6904,0.9867178276269185
6905,0.691017316017316
6906,1.1025186934277842
6907,0.9363685556867375
6908,0.6453659976387249
6909,4.012987012987013
6910,1.765495867768595
6911,1.926431523022432
6912,1.2451544667453758
6913,1.5115358126721763
6914,0.40215466351829987
6915,0.3157959464777647
6916,0.6320592286501377
6917,0.18083431719795356
6918,0.3128443526170799
6919,12.389930145611963
6920,3.019898661944117
6921,0.9834710743801653
6922,3.143693427784337
6923,2.968811491538764
6924,1.4853404171585989
6925,1.4460842188114915
6926,1.8384986225895317
6927,0.7684228650137741
6928,1.2181473829201102
6929,0.7867965367965367
6930,0.274547422274695
6931,2.158500590318772
6932,2.1192689885871703
6933,0.7049635970090515
6934,0.3027105470287289
6935,0.22491145218417946
6936,0.8130657221566313
6937,1.334292601338056
6938,0.4416814246359701
6939,1.1441115702479339
6940,5.00154958677686
6941,1.5476436442345531
6942,1.714064344746163
6943,1.2540338449429358
6944,0.1479978354978355
6945,0.4305145611963794
6946,0.6923209366391184
6947,1.820370916961826
6948,0.5875147579693035
6949,0.26945592286501374
6950,0.4763872491145218
6951,0.32964384100747735
6952,0.13565033451397088
6953,0.08139020070838252
6954,1.8637839433293977
6955,2.1388724911452184
6956,0.5463892168437623
6957,0.3348583234946871
6958,0.6807359307359306
6959,0.5948691460055097
6960,7.29228158205431
6961,2.476387249114522
6962,1.2861324281778828
6963,0.4542256985438804
6964,0.7830824478551752
6965,0.15109700905155452
6966,0.5471025186934277
6967,2.2111865407319953
6968,1.8246015348288076
6969,0.8459022038567493
6970,1.4755017709563163
6971,1.218344155844156
6972,1.4466991341991342
6973,0.5176357733175915
6974,0.44876524990161354
6975,0.12595926800472254
6976,0.3834858323494687
6977,3.4465761511216053
6978,2.6182359307359304
6979,0.7957988980716253
6980,2.9755263675718218
6981,1.1164403778040142
6982,1.6842040535222353
6983,1.8823789846517118
6984,0.7813114915387642
6985,0.6402744982290436
6986,1.1516873278236914
6987,0.5477912239275876
6988,0.7078905942542306
6989,0.9335399449035813
6990,2.5342138921684376
6991,1.7723337268791814
6992,0.5479879968516331
6993,0.5091499409681227
6994,0.8498868555686738
6995,1.6525236127508856
6996,1.1463252656434475
6997,0.4770021645021645
6998,1.3398514364423455
6999,2.4283254624163715
7000,1.9873081463990556
7001,1.008461235733963
7002,0.6362898465171193
7003,0.829004329004329
7004,1.4622441951987406
7005,0.20646399055489964
7006,0.7761953955135774
7007,0.7443181818181819
7008,0.7330283353010626
7009,1.100108225108225
7010,0.18991046831955924
7011,0.7053817394726485
7012,0.7727272727272727
7013,0.4375245966155057
7014,0.8722943722943722
7015,0.5368211334120425
7016,1.3644972451790633
7017,1.2659632034632033
7018,5.69288665879575
7019,1.7689147973238883
7020,1.1379870129870129
7021,0.5710596221959858
7022,0.46672077922077915
7023,0.5824970484061393
7024,1.4155106257378987
7025,2.2692345533254623
7026,2.1644037780401413
7027,1.118309720582448
7028,0.9641873278236914
7029,1.7648809523809523
7030,0.41027154663518295
7031,0.8963498622589532
7032,0.46708972845336477
7033,0.42343073593073594
7034,0.18929555293191655
7035,6.307703659976387
7036,3.547643644234553
7037,0.34710743801652894
7038,2.6326003541912635
7039,2.1944362455726094
7040,1.2285517512790238
7041,2.5351731601731604
7042,1.2652990948445493
7043,0.5145365997638724
7044,0.13407615112160565
7045,0.6536304604486424
7046,1.0704939000393545
7047,4.574232585596222
7048,0.4684425423061786
7049,1.2491391184573004
7050,1.0933195592286502
7051,1.1354535615899253
7052,0.21236717827626916
7053,0.42205332546241636
7054,0.0709366391184573
7055,0.3844451003541912
7056,1.156582054309327
7057,1.7805243998425817
7058,0.6058392365210546
7059,0.36813754427390794
7060,0.5878099173553719
7061,0.7326101928374655
7062,0.7057506887052342
7063,0.14428374655647383
7064,1.239202085792995
7065,0.4124852420306966
7066,0.7074724517906337
7067,0.2013478945297127
7068,0.0
7069,0.5697314049586777
7070,1.9733372687918145
7071,0.16519086973632427
7072,0.30531778827233375
7073,0.8476485635576545
7074,0.7528286107831562
7075,0.3056621408894136
7076,6.97422274695002
7077,1.8520513577331759
7078,2.1857782369146004
7079,2.218983667847304
7080,1.66538764266037
7081,0.550349271940181
7082,0.8364571035025581
7083,2.4215367965367967
7084,1.604732388823298
7085,2.118432703659976
7086,1.0774793388429753
7087,1.8234946871310507
7088,0.4000147579693034
7089,0.6137101534828807
7090,0.8153778040141676
7091,0.731650924832743
7092,0.43430243998425816
7093,14.152695789059425
7094,3.5851042896497445
7095,0.9435261707988981
7096,4.20749704840614
7097,5.875737898465172
7098,1.86228354978355
7099,1.1326741440377806
7100,2.490530303030303
7101,1.4464285714285714
7102,0.5612209759937032
7103,1.1607880755608029
7104,1.2642906336088156
7105,1.6193673750491933
7106,1.0006395120031484
7107,1.45021645021645
7108,1.2563705234159779
7109,1.0813164108618654
7110,0.8361865407319953
7111,1.4821428571428572
7112,1.3714334907516728
7113,0.31896890987800075
7114,2.026736521054703
7115,2.907492129083038
7116,2.2773268398268396
7117,0.9205529319165683
7118,0.7366932310114127
7119,1.4621212121212122
7120,1.789625147579693
7121,0.39130755608028334
7122,1.0440033451397088
7123,0.8625541125541125
7124,0.8177882723337269
7125,0.38459268004722547
7126,0.8952922077922078
7127,0.5697314049586777
7128,1.9695493900039358
7129,0.332103502558048
7130,0.9859799291617475
7131,0.9462563951200315
7132,1.9665240062967335
7133,0.6323297914207006
7134,7.148047028728847
7135,4.1375196772924046
7136,2.7017660369933094
7137,1.3880362062180243
7138,1.2330775285320739
7139,0.863931523022432
7140,1.2783844942935851
7141,1.6863685556867374
7142,2.9702380952380953
7143,1.8105568673750492
7144,0.9769775678866588
7145,2.1420700511609603
7146,0.4579151908697363
7147,1.3495670995670996
7148,0.9405499803227076
7149,0.8698347107438017
7150,0.2686196379378198
7151,8.961481700118064
7152,2.6615259740259742
7153,0.21177685950413222
7154,4.638798701298701
7155,6.694878984651711
7156,1.7420306965761512
7157,1.7279368358913814
7158,1.944116489571035
7159,0.7927981109799291
7160,0.9423701298701299
7161,1.1076839826839826
7162,1.3193624557260921
7163,2.2539600550964187
7164,1.3234454939000395
7165,0.570543093270366
7166,0.6708480913026368
7167,0.6888774104683195
7168,0.568870523415978
7169,2.1792601338055886
7170,1.412042502951594
7171,0.46590909090909094
7172,2.880755608028335
7173,2.224198150334514
7174,2.3488537977174344
7175,1.1432260920897284
7176,1.1463252656434475
7177,0.6253935458480914
7178,1.4917601338055884
7179,0.44111570247933884
7180,1.7970533254624164
7181,1.6315181031090122
7182,0.7395710350255804
7183,0.36668634395907124
7184,0.40695100354191266
7185,0.6511216056670601
7186,2.2518693427784333
7187,0.21910665092483272
7188,0.46775383707201884
7189,0.3963498622589532
7190,1.3569952774498228
7191,1.0914748130657221
7192,4.4561688311688314
7193,4.883658008658009
7194,4.613980716253444
7195,1.4548406139315229
7196,1.323297914207005
7197,0.543068673750492
7198,0.8037436048799685
7199,9.266356749311296
7200,3.293806572215663
7201,2.698789846517119
7202,0.5468565525383707
7203,2.3133854781582057
7204,0.5942050373868555
7205,4.620375836284927
7206,1.115530303030303
7207,1.2993900039354584
7208,0.9829791420700512
7209,15.69173061786698
7210,3.9297766627312085
7211,1.3137052341597797
7212,3.838154269972452
7213,4.2133756395120034
7214,1.9328020464384101
7215,2.789329988193624
7216,4.1966007477371114
7217,1.3467876820149547
7218,0.14979338842975207
7219,1.5349763872491144
7220,0.5711088154269972
7221,3.735168240850059
7222,2.2073002754820936
7223,0.45764462809917356
7224,2.0307457693821327
7225,0.6478502558048012
7226,3.467729240456513
7227,2.382624950806769
7228,0.580184966548603
7229,0.9669667453758364
7230,6.305465367965368
7231,1.4818968909878
7232,3.0381493506493507
7233,2.8892906336088156
7234,2.1252459661550573
7235,1.7788764266036994
7236,2.5003443526170797
7237,0.8101633215269579
7238,1.5790535222353403
7239,1.0240308933490754
7240,1.1075609996064542
7241,0.5245966155057064
7242,0.5426013380558835
7243,0.9224222746950018
7244,3.598460251869343
7245,0.19576446280991736
7246,0.6542207792207791
7247,1.365185950413223
7248,2.1640102321920507
7249,0.0
7250,8.428743604879969
7251,2.2198691460055096
7252,1.335620818575364
7253,1.3736225895316805
7254,1.9173553719008265
7255,0.967237308146399
7256,0.9166666666666666
7257,3.125737898465171
7258,2.763995474222747
7259,2.1748327430145613
7260,2.627779417552145
7261,2.528753443526171
7262,0.5413223140495868
7263,0.8560114128295946
7264,1.8895120031483668
7265,0.922250098386462
7266,0.21030106257378983
7267,18.66912632821724
7268,6.6555981896890986
7269,0.5878099173553719
7270,5.564812081857536
7271,2.33077528532074
7272,2.2167945690672965
7273,1.843737701692247
7274,2.278433687524597
7275,1.2432359307359309
7276,0.7547717434081069
7277,1.3748770169224716
7278,0.7673160173160174
7279,2.0734700905155448
7280,2.287878787878788
7281,0.5485783156237702
7282,1.0780204643841007
7283,0.15439295552931914
7284,0.9416814246359702
7285,0.6559671389216843
7286,0.22946182605273513
7287,0.6494982290436837
7288,1.9080332546241636
7289,0.9930637544273908
7290,1.2028482880755609
7291,1.9879968516332154
7292,0.6341499409681228
7293,0.22311589925226288
7294,0.7850255804801259
7295,0.18580283353010627
7296,1.5001967729240457
7297,0.685237111373475
7298,0.428866587957497
7299,0.6209169618260528
7300,1.3293732782369145
7301,0.29843073593073594
7302,3.753664895710351
7303,3.0427735143644234
7304,0.3307260920897284
7305,0.5515545060999606
7306,2.3827725304998033
7307,0.1679456906729634
7308,8.845754624163716
7309,2.528482880755608
7310,1.2116046831955922
7311,0.961629279811098
7312,0.7816312475403384
7313,0.4594401810310901
7314,0.8255608028335301
7315,2.7497048406139317
7316,2.079447068083432
7317,2.362160566706021
7318,1.758633412042503
7319,0.6842040535222353
7320,2.283771153089335
7321,0.3642020857929949
7322,0.4265299094844549
7323,0.8342434081070446
7324,0.7366686343959071
7325,7.6652892561983474
7326,3.9957447855175134
7327,0.9504132231404959
7328,2.2151711924439197
7329,1.29456906729634
7330,2.7202380952380953
7331,1.622564935064935
7332,0.25447658402203854
7333,0.7195985832349469
7334,1.7686442345533255
7335,0.5118309720582447
7336,0.9606454151908697
7337,1.1487357339630067
7338,2.171758166076348
7339,1.269603502558048
7340,0.6242866981503344
7341,0.5377312081857536
7342,1.2756788665879575
7343,2.253984651711925
7344,1.1331660763478943
7345,1.7652253049980322
7346,1.8673750491932308
7347,1.923430735930736
7348,2.328241833923652
7349,1.117202872884691
7350,0.35906139315230223
7351,0.7135970090515545
7352,1.3647432113341202
7353,0.29021546635183
7354,0.6290338449429358
7355,0.3121556473829201
7356,0.8335547028728847
7357,0.8977518693427784
7358,0.623991538764266
7359,1.4921536796536796
7360,1.7775728059818972
7361,0.6542207792207791
7362,1.685163321526958
7363,0.4718860684769775
7364,2.090540141676505
7365,1.5705184966548602
7366,2.093048996458087
7367,1.707521645021645
7368,1.885551948051948
7369,0.4368604879968516
7370,0.3837072018890201
7371,0.3024399842581661
7372,0.38287091696182607
7373,0.9931375442739079
7374,1.2968565525383706
7375,0.8725403384494292
7376,1.2583628492719403
7377,0.691435458480913
7378,0.8153040141676506
7379,0.312918142463597
7380,0.5421340023612751
7381,0.16713400236127507
7382,0.3427292404565132
7383,3.9723042109405746
7384,1.5457251082251084
7385,0.5578512396694215
7386,1.1906237701692248
7387,1.3567739079102716
7388,1.5782910271546635
7389,1.5756099960645416
7390,0.18078512396694216
7391,0.4591696182605273
7392,1.3592335694608422
7393,0.38727371113734754
7394,0.35704447068083434
7395,3.902203856749311
7396,0.8696625344352618
7397,0.8053423848878394
7398,0.7275678866587957
7399,0.2896989374262101
7400,0.5227272727272727
7401,1.4119687131050767
7402,0.6206463990554899
7403,0.14234061393152303
7404,2.1720779220779223
7405,1.4750836284927193
7406,2.6720533254624166
7407,0.6925423061786699
7408,0.5420848091302637
7409,0.6346172766627312
7410,0.9336137347500983
7411,0.3554210940574577
7412,0.6947314049586777
7413,0.44711727666273116
7414,0.6628541912632822
7415,0.6141774891774892
7416,0.13565033451397088
7417,0.8952922077922078
7418,2.1210399449035813
7419,0.2476141282959465
7420,0.5759297520661157
7421,0.3407123179850452
7422,0.8768447461629281
7423,0.2805981896890988
7424,4.786821133412042
7425,3.284361471861472
7426,2.280524399842582
7427,0.4528974813065722
7428,1.844082054309327
7429,1.876770956316411
7430,0.8207644628099173
7431,5.133756395120031
7432,2.2869933097205823
7433,2.0632870916961825
7434,1.180219401810311
7435,1.1462514757969302
7436,2.746900826446281
7437,0.27152203856749313
7438,0.8210350255804801
7439,0.30932703659976385
7440,2.1382575757575757
7441,17.012888626524987
7442,2.9240456513183783
7443,0.9597107438016529
7444,4.104068280204643
7445,1.4582103502558048
7446,4.6929358520267614
7447,0.9662534435261708
7448,0.970754624163715
7449,1.240185950413223
7450,1.3327184179456906
7451,0.3018250688705234
7452,0.39056965761511214
7453,2.185507674144038
7454,3.6006001574183397
7455,0.28923160173160173
7456,0.34878000787091695
7457,0.2422520661157025
7458,1.6881887052341598
7459,0.8448445493900039
7460,1.4502656434474617
7461,0.24114521841794567
7462,4.185114128295947
7463,1.9680489964580872
7464,1.7669470680834316
7465,1.9053768201495473
7466,1.2781139315230226
7467,0.3920208579299488
7468,0.6557703659976386
7469,0.13395316804407714
7470,0.4114521841794569
7471,0.4525531286894923
7472,0.6875737898465171
7473,1.262839433293979
7474,0.27130066902794175
7475,0.2170405352223534
7476,2.2288715072805982
7477,1.8936688311688312
7478,0.24658107044470684
7479,0.341401023219205
7480,2.404048602912239
7481,0.19369834710743802
7482,2.50836284927194
7483,1.7398415977961432
7484,0.9867178276269185
7485,0.691017316017316
7486,1.1025186934277842
7487,0.9363685556867375
7488,0.6453659976387249
7489,4.012987012987013
7490,1.765495867768595
7491,1.926431523022432
7492,1.2451544667453758
7493,1.5115358126721763
7494,0.40215466351829987
7495,0.3157959464777647
7496,0.6320592286501377
7497,0.18083431719795356
7498,0.3128443526170799
7499,12.389930145611963
7500,3.019898661944117
7501,0.9834710743801653
7502,3.143693427784337
7503,2.968811491538764
7504,1.4853404171585989
7505,1.4460842188114915
7506,1.8384986225895317
7507,0.7684228650137741
7508,1.2181473829201102
7509,0.7867965367965367
7510,0.274547422274695
7511,2.158500590318772
7512,2.1192689885871703
7513,0.7049635970090515
7514,0.3027105470287289
7515,0.22491145218417946
7516,0.8130657221566313
7517,1.334292601338056
7518,0.4416814246359701
7519,1.1441115702479339
7520,5.00154958677686
7521,1.5476436442345531
7522,1.714064344746163
7523,1.2540338449429358
7524,0.1479978354978355
7525,0.4305145611963794
7526,0.6923209366391184
7527,1.820370916961826
7528,0.5875147579693035
7529,0.26945592286501374
7530,0.4763872491145218
7531,0.32964384100747735
7532,0.13565033451397088
7533,0.08139020070838252
7534,1.8637839433293977
7535,2.1388724911452184
7536,0.5463892168437623
7537,0.3348583234946871
7538,0.6807359307359306
7539,0.5948691460055097
7540,7.29228158205431
7541,2.476387249114522
7542,1.2861324281778828
7543,0.4542256985438804
7544,0.7830824478551752
7545,0.15109700905155452
7546,0.5471025186934277
7547,2.2111865407319953
7548,1.8246015348288076
7549,0.8459022038567493
7550,1.4755017709563163
7551,1.218344155844156
7552,1.4466991341991342
7553,0.5176357733175915
7554,0.44876524990161354
7555,0.12595926800472254
7556,0.3834858323494687
7557,3.4465761511216053
7558,2.6182359307359304
7559,0.7957988980716253
7560,2.9755263675718218
7561,1.1164403778040142
7562,1.6842040535222353
7563,1.8823789846517118
7564,0.7813114915387642
7565,0.6402744982290436
7566,1.1516873278236914
7567,0.5477912239275876
7568,0.7078905942542306
7569,0.9335399449035813
7570,2.5342138921684376
7571,1.7723337268791814
7572,0.5479879968516331
7573,0.5091499409681227
7574,0.8498868555686738
7575,1.6525236127508856
7576,1.1463252656434475
7577,0.4770021645021645
7578,1.3398514364423455
7579,2.4283254624163715
7580,1.9873081463990556
7581,1.008461235733963
7582,0.6362898465171193
7583,0.829004329004329
7584,1.4622441951987406
7585,0.20646399055489964
7586,0.7761953955135774
7587,0.7443181818181819
7588,0.7330283353010626
7589,1.100108225108225
7590,0.18991046831955924
7591,0.7053817394726485
7592,0.7727272727272727
7593,0.4375245966155057
7594,0.8722943722943722
7595,0.5368211334120425
7596,1.3644972451790633
7597,1.2659632034632033
7598,5.69288665879575
7599,1.7689147973238883
7600,1.1379870129870129
7601,0.5710596221959858
7602,0.46672077922077915
7603,0.5824970484061393
7604,1.4155106257378987
7605,2.2692345533254623
7606,2.1644037780401413
7607,1.118309720582448
7608,0.9641873278236914
7609,1.7648809523809523
7610,0.41027154663518295
7611,0.8963498622589532
7612,0.46708972845336477
7613,0.42343073593073594
7614,0.18929555293191655
7615,6.307703659976387
7616,3.547643644234553
7617,0.34710743801652894
7618,2.6326003541912635
7619,2.1944362455726094
7620,1.2285517512790238
7621,2.5351731601731604
7622,1.2652990948445493
7623,0.5145365997638724
7624,0.13407615112160565
7625,0.6536304604486424
7626,1.0704939000393545
7627,4.574232585596222
7628,0.4684425423061786
7629,1.2491391184573004
7630,1.0933195592286502
7631,1.1354535615899253
7632,0.21236717827626916
7633,0.42205332546241636
7634,0.0709366391184573
7635,0.3844451003541912
7636,1.156582054309327
7637,1.7805243998425817
7638,0.6058392365210546
7639,0.36813754427390794
7640,0.5878099173553719
7641,0.7326101928374655
7642,0.7057506887052342
7643,0.14428374655647383
7644,1.239202085792995
7645,0.4124852420306966
7646,0.7074724517906337
7647,0.2013478945297127
7648,0.0
7649,0.5697314049586777
7650,1.9733372687918145
7651,0.16519086973632427
7652,0.30531778827233375
7653,0.8476485635576545
7654,0.7528286107831562
7655,0.3056621408894136
7656,6.97422274695002
7657,1.8520513577331759
7658,2.1857782369146004
7659,2.218983667847304
7660,1.66538764266037
7661,0.550349271940181
7662,0.8364571035025581
7663,2.4215367965367967
7664,1.604732388823298
7665,2.118432703659976
7666,1.0774793388429753
7667,1.8234946871310507
7668,0.4000147579693034
7669,0.6137101534828807
7670,0.8153778040141676
7671,0.731650924832743
7672,0.43430243998425816
7673,14.152695789059425
7674,3.5851042896497445
7675,0.9435261707988981
7676,4.20749704840614
7677,5.875737898465172
7678,1.86228354978355
7679,1.1326741440377806
7680,2.490530303030303
7681,1.4464285714285714
7682,0.5612209759937032
7683,1.1607880755608029
7684,1.2642906336088156
7685,1.6193673750491933
7686,1.0006395120031484
7687,1.45021645021645
7688,1.2563705234159779
7689,1.0813164108618654
7690,0.8361865407319953
7691,1.4821428571428572
7692,1.3714334907516728
7693,0.31896890987800075
7694,2.026736521054703
7695,2.907492129083038
7696,2.2773268398268396
7697,0.9205529319165683
7698,0.7366932310114127
7699,1.4621212121212122
7700,1.789625147579693
7701,0.39130755608028334
7702,1.0440033451397088
7703,0.8625541125541125
7704,0.8177882723337269
7705,0.38459268004722547
7706,0.8952922077922078
7707,0.5697314049586777
7708,1.9695493900039358
7709,0.332103502558048
7710,0.9859799291617475
7711,0.9462563951200315
7712,1.9665240062967335
7713,0.6323297914207006
7714,7.148047028728847
7715,4.1375196772924046
7716,2.7017660369933094
7717,1.3880362062180243
7718,1.2330775285320739
7719,0.863931523022432
7720,1.2783844942935851
7721,1.6863685556867374
7722,2.9702380952380953
7723,1.8105568673750492
7724,0.9769775678866588
7725,2.1420700511609603
7726,0.4579151908697363
7727,1.3495670995670996
7728,0.9405499803227076
7729,0.8698347107438017
7730,0.2686196379378198
7731,8.961481700118064
7732,2.6615259740259742
7733,0.21177685950413222
7734,4.638798701298701
7735,6.694878984651711
7736,1.7420306965761512
7737,1.7279368358913814
7738,1.944116489571035
7739,0.7927981109799291
7740,0.9423701298701299
7741,1.1076839826839826
7742,1.3193624557260921
7743,2.2539600550964187
7744,1.3234454939000395
7745,0.570543093270366
7746,0.6708480913026368
7747,0.6888774104683195
7748,0.568870523415978
7749,2.1792601338055886
7750,1.412042502951594
7751,0.46590909090909094
7752,2.880755608028335
7753,2.224198150334514
7754,2.3488537977174344
7755,1.1432260920897284
7756,1.1463252656434475
7757,0.6253935458480914
7758,1.4917601338055884
7759,0.44111570247933884
7760,1.7970533254624164
7761,1.6315181031090122
7762,0.7395710350255804
7763,0.36668634395907124
7764,0.40695100354191266
7765,0.6511216056670601
7766,2.2518693427784333
7767,0.21910665092483272
7768,0.46775383707201884
7769,0.3963498622589532
7770,1.3569952774498228
7771,1.0914748130657221
7772,4.4561688311688314
7773,4.883658008658009
7774,4.613980716253444
7775,1.4548406139315229
7776,1.323297914207005
7777,0.543068673750492
7778,0.8037436048799685
7779,9.266356749311296
7780,3.293806572215663
7781,2.698789846517119
7782,0.5468565525383707
7783,2.3133854781582057
7784,0.5942050373868555
7785,4.620375836284927
7786,1.115530303030303
7787,1.2993900039354584
7788,0.9829791420700512
7789,15.69173061786698
7790,3.9297766627312085
7791,1.3137052341597797
7792,3.838154269972452
7793,4.2133756395120034
7794,1.9328020464384101
7795,2.789329988193624
7796,4.1966007477371114
7797,1.3467876820149547
7798,0.14979338842975207
7799,1.5349763872491144
7800,0.5711088154269972
7801,3.735168240850059
7802,2.2073002754820936
7803,0.45764462809917356
7804,2.0307457693821327
7805,0.6478502558048012
7806,3.467729240456513
7807,2.382624950806769
7808,0.580184966548603
7809,0.9669667453758364
7810,6.305465367965368
7811,1.4818968909878
7812,3.0381493506493507
7813,2.8892906336088156
7814,2.1252459661550573
7815,1.7788764266036994
7816,2.5003443526170797
7817,0.8101633215269579
7818,1.5790535222353403
7819,1.0240308933490754
7820,1.1075609996064542
7821,0.5245966155057064
7822,0.5426013380558835
7823,0.9224222746950018
7824,3.598460251869343
7825,0.19576446280991736
7826,0.6542207792207791
7827,1.365185950413223
7828,2.1640102321920507
7829,0.0
7830,8.428743604879969
7831,2.2198691460055096
7832,1.335620818575364
7833,1.3736225895316805
7834,1.9173553719008265
7835,0.967237308146399
7836,0.9166666666666666
7837,3.125737898465171
7838,2.763995474222747
7839,2.1748327430145613
7840,2.627779417552145
7841,2.528753443526171
7842,0.5413223140495868
7843,0.8560114128295946
7844,1.8895120031483668
7845,0.922250098386462
7846,0.21030106257378983
7847,18.66912632821724
7848,6.6555981896890986
7849,0.5878099173553719
7850,5.564812081857536
7851,2.33077528532074
7852,2.2167945690672965
7853,1.843737701692247
7854,2.278433687524597
7855,1.2432359307359309
7856,0.7547717434081069
7857,1.3748770169224716
7858,0.7673160173160174
7859,2.0734700905155448
7860,2.287878787878788
7861,0.5485783156237702
7862,1.0780204643841007
7863,0.15439295552931914
7864,0.9416814246359702
7865,0.6559671389216843
7866,0.22946182605273513
7867,0.6494982290436837
7868,1.9080332546241636
7869,0.9930637544273908
7870,1.2028482880755609
7871,1.9879968516332154
7872,0.6341499409681228
7873,0.22311589925226288
7874,0.7850255804801259
7875,0.18580283353010627
7876,1.5001967729240457
7877,0.685237111373475
7878,0.428866587957497
7879,0.6209169618260528
7880,1.3293732782369145
7881,0.29843073593073594
7882,3.753664895710351
7883,3.0427735143644234
7884,0.3307260920897284
7885,0.5515545060999606
7886,2.3827725304998033
7887,0.1679456906729634
7888,8.845754624163716
7889,2.528482880755608
7890,1.2116046831955922
7891,0.961629279811098
7892,0.7816312475403384
7893,0.4594401810310901
7894,0.8255608028335301
7895,2.7497048406139317
7896,2.079447068083432
7897,2.362160566706021
7898,1.758633412042503
7899,0.6842040535222353
7900,2.283771153089335
7901,0.3642020857929949
7902,0.4265299094844549
7903,0.8342434081070446
7904,0.7366686343959071
7905,7.6652892561983474
7906,3.9957447855175134
7907,0.9504132231404959
7908,2.2151711924439197
7909,1.29456906729634
7910,2.7202380952380953
7911,1.622564935064935
7912,0.25447658402203854
7913,0.7195985832349469
7914,1.7686442345533255
7915,0.5118309720582447
7916,0.9606454151908697
7917,1.1487357339630067
7918,2.171758166076348
7919,1.269603502558048
7920,0.6242866981503344
7921,0.5377312081857536
7922,1.2756788665879575
7923,2.253984651711925
7924,1.1331660763478943
7925,1.7652253049980322
7926,1.8673750491932308
7927,1.923430735930736
7928,2.328241833923652
7929,1.117202872884691
7930,0.35906139315230223
7931,0.7135970090515545
7932,1.3647432113341202
7933,0.29021546635183
7934,0.6290338449429358
7935,0.3121556473829201
7936,0.8335547028728847
7937,0.8977518693427784
7938,0.623991538764266
7939,1.4921536796536796
7940,1.7775728059818972
7941,0.6542207792207791
7942,1.685163321526958
7943,0.4718860684769775
7944,2.090540141676505
7945,1.5705184966548602
7946,2.093048996458087
7947,1.707521645021645
7948,1.885551948051948
7949,0.4368604879968516
7950,0.3837072018890201
7951,0.3024399842581661
7952,0.38287091696182607
7953,0.9931375442739079
7954,1.2968565525383706
7955,0.8725403384494292
7956,1.2583628492719403
7957,0.691435458480913
7958,0.8153040141676506
7959,0.312918142463597
7960,0.5421340023612751
7961,0.16713400236127507
7962,0.3427292404565132
7963,3.9723042109405746
7964,1.5457251082251084
7965,0.5578512396694215
7966,1.1906237701692248
7967,1.3567739079102716
7968,1.5782910271546635
7969,1.5756099960645416
7970,0.18078512396694216
7971,0.4591696182605273
7972,1.3592335694608422
7973,0.38727371113734754
7974,0.35704447068083434
7975,3.902203856749311
7976,0.8696625344352618
7977,0.8053423848878394
7978,0.7275678866587957
7979,0.2896989374262101
7980,0.5227272727272727
7981,1.4119687131050767
7982,0.6206463990554899
7983,0.14234061393152303
7984,2.1720779220779223
7985,1.4750836284927193
7986,2.6720533254624166
7987,0.6925423061786699
7988,0.5420848091302637
7989,0.6346172766627312
7990,0.9336137347500983
7991,0.3554210940574577
7992,0.6947314049586777
7993,0.44711727666273116
7994,0.6628541912632822
7995,0.6141774891774892
7996,0.13565033451397088
7997,0.8952922077922078
7998,2.1210399449035813
7999,0.2476141282959465
8000,0.5759297520661157
8001,0.3407123179850452
8002,0.8768447461629281
8003,0.2805981896890988
8004,4.786821133412042
8005,3.284361471861472
8006,2.280524399842582
8007,0.4528974813065722
8008,1.844082054309327
8009,1.876770956316411
8010,0.8207644628099173
8011,5.133756395120031
8012,2.2869933097205823
8013,2.0632870916961825
8014,1.180219401810311
8015,1.1462514757969302
8016,2.746900826446281
8017,0.27152203856749313
8018,0.8210350255804801
8019,0.30932703659976385
8020,2.1382575757575757
8021,17.012888626524987
8022,2.9240456513183783
8023,0.9597107438016529
8024,4.104068280204643
8025,1.4582103502558048
8026,4.6929358520267614
8027,0.9662534435261708
8028,0.970754624163715
8029,1.240185950413223
8030,1.3327184179456906
8031,0.3018250688705234
8032,0.39056965761511214
8033,2.185507674144038
8034,3.6006001574183397
8035,0.28923160173160173
8036,0.34878000787091695
8037,0.2422520661157025
8038,1.6881887052341598
8039,0.8448445493900039
8040,1.4502656434474617
8041,0.24114521841794567
8042,4.185114128295947
8043,1.9680489964580872
8044,1.7669470680834316
8045,1.9053768201495473
8046,1.2781139315230226
8047,0.3920208579299488
8048,0.6557703659976386
8049,0.13395316804407714
8050,0.4114521841794569
8051,0.4525531286894923
8052,0.6875737898465171
8053,1.262839433293979
8054,0.27130066902794175
8055,0.2170405352223534
8056,2.2288715072805982
8057,1.8936688311688312
8058,0.24658107044470684
8059,0.341401023219205
8060,2.404048602912239
8061,0.19369834710743802
8062,2.50836284927194
8063,1.7398415977961432
8064,0.9867178276269185
8065,0.691017316017316
8066,1.1025186934277842
8067,0.9363685556867375
8068,0.6453659976387249
8069,4.012987012987013
8070,1.765495867768595
8071,1.926431523022432
8072,1.2451544667453758
8073,1.5115358126721763
8074,0.40215466351829987
8075,0.3157959464777647
8076,0.6320592286501377
8077,0.18083431719795356
8078,0.3128443526170799
8079,12.389930145611963
8080,3.019898661944117
8081,0.9834710743801653
8082,3.143693427784337
8083,2.968811491538764
8084,1.4853404171585989
8085,1.4460842188114915
8086,1.8384986225895317
8087,0.7684228650137741
8088,1.2181473829201102
8089,0.7867965367965367
8090,0.274547422274695
8091,2.158500590318772
8092,2.1192689885871703
8093,0.7049635970090515
8094,0.3027105470287289
8095,0.22491145218417946
8096,0.8130657221566313
8097,1.334292601338056
8098,0.4416814246359701
8099,1.1441115702479339
8100,5.00154958677686
8101,1.5476436442345531
8102,1.714064344746163
8103,1.2540338449429358
8104,0.1479978354978355
8105,0.4305145611963794
8106,0.6923209366391184
8107,1.820370916961826
8108,0.5875147579693035
8109,0.26945592286501374
8110,0.4763872491145218
8111,0.32964384100747735
8112,0.13565033451397088
8113,0.08139020070838252
8114,1.8637839433293977
8115,2.1388724911452184
8116,0.5463892168437623
8117,0.3348583234946871
8118,0.6807359307359306
8119,0.5948691460055097
