row_id,demand
0,8.5
1,1.2142857142857142
2,1.0714285714285714
3,0.5
4,0.6607142857142857
5,0.10714285714285714
6,0.5535714285714286
7,2.1607142857142856
8,1.7678571428571428
9,0.7857142857142857
10,1.2857142857142858
11,1.2142857142857142
12,1.5178571428571428
13,0.5535714285714286
14,0.5178571428571429
15,0.017857142857142856
16,0.5357142857142857
17,2.982142857142857
18,2.4464285714285716
19,0.0
20,3.0714285714285716
21,0.8035714285714286
22,1.8214285714285714
23,2.1785714285714284
24,0.5535714285714286
25,0.8392857142857143
26,1.3035714285714286
27,0.42857142857142855
28,0.6428571428571429
29,1.1071428571428572
30,2.5892857142857144
31,1.1607142857142858
32,0.4642857142857143
33,0.9464285714285714
34,0.7678571428571429
35,1.7678571428571428
36,0.9821428571428571
37,0.2857142857142857
38,1.5
39,2.5714285714285716
40,2.0535714285714284
41,0.9464285714285714
42,0.5714285714285714
43,0.9107142857142857
44,1.0178571428571428
45,0.35714285714285715
46,0.75
47,0.8571428571428571
48,1.0
49,1.0535714285714286
50,0.125
51,0.4642857142857143
52,1.125
53,0.44642857142857145
54,0.7678571428571429
55,0.7142857142857143
56,1.75
57,1.6607142857142858
58,6.0
59,1.3035714285714286
60,1.4464285714285714
61,0.6785714285714286
62,0.5892857142857143
63,0.4642857142857143
64,1.0357142857142858
65,2.0892857142857144
66,2.607142857142857
67,1.0178571428571428
68,0.9285714285714286
69,1.75
70,0.4642857142857143
71,0.875
72,0.8035714285714286
73,0.6071428571428571
74,0.19642857142857142
75,4.857142857142857
76,3.5
77,0.0
78,2.7142857142857144
79,2.2142857142857144
80,1.125
81,2.982142857142857
82,1.25
83,0.5892857142857143
84,0.07142857142857142
85,0.7678571428571429
86,1.0178571428571428
87,3.982142857142857
88,0.6785714285714286
89,1.6785714285714286
90,1.1428571428571428
91,1.3214285714285714
92,0.16071428571428573
93,0.5178571428571429
94,0.0
95,0.32142857142857145
96,1.1964285714285714
97,2.875
98,0.6785714285714286
99,0.42857142857142855
100,0.7142857142857143
101,0.8035714285714286
102,0.75
103,0.16071428571428573
104,1.1428571428571428
105,0.35714285714285715
106,0.6071428571428571
107,0.21428571428571427
108,0.0
109,0.375
110,2.267857142857143
111,0.23214285714285715
112,0.5535714285714286
113,1.0714285714285714
114,0.875
115,0.375
116,8.660714285714286
117,0.8035714285714286
118,2.1607142857142856
119,3.142857142857143
120,1.9642857142857142
121,0.23214285714285715
122,1.0714285714285714
123,2.2142857142857144
124,2.1785714285714284
125,2.0357142857142856
126,0.9821428571428571
127,1.8571428571428572
128,0.48214285714285715
129,0.7321428571428571
130,0.8392857142857143
131,0.7321428571428571
132,0.6428571428571429
133,11.607142857142858
134,3.5535714285714284
135,0.0
136,4.339285714285714
137,6.196428571428571
138,1.75
139,0.6428571428571429
140,2.3214285714285716
141,1.4464285714285714
142,0.5178571428571429
143,1.125
144,1.3392857142857142
145,1.7678571428571428
146,1.1071428571428572
147,1.1785714285714286
148,1.5892857142857142
149,1.2857142857142858
150,0.44642857142857145
151,1.5
152,1.1428571428571428
153,0.14285714285714285
154,1.6071428571428572
155,3.0714285714285716
156,2.4642857142857144
157,1.125
158,0.30357142857142855
159,1.2321428571428572
160,1.9285714285714286
161,0.2857142857142857
162,1.1428571428571428
163,0.7857142857142857
164,0.6071428571428571
165,0.3392857142857143
166,0.5892857142857143
167,0.375
168,2.0892857142857144
169,0.5357142857142857
170,1.0714285714285714
171,1.5714285714285714
172,2.0714285714285716
173,1.0357142857142858
174,8.017857142857142
175,4.0
176,2.482142857142857
177,1.5357142857142858
178,1.1964285714285714
179,0.9464285714285714
180,1.1785714285714286
181,1.9642857142857142
182,2.9285714285714284
183,1.8928571428571428
184,1.0535714285714286
185,2.125
186,0.42857142857142855
187,1.4107142857142858
188,1.0714285714285714
189,0.7678571428571429
190,0.4642857142857143
191,6.892857142857143
192,2.4285714285714284
193,0.0
194,4.75
195,6.464285714285714
196,1.625
197,1.625
198,1.75
199,0.6785714285714286
200,0.9821428571428571
201,1.2678571428571428
202,1.4285714285714286
203,2.4464285714285716
204,1.2142857142857142
205,0.9107142857142857
206,0.8214285714285714
207,0.6428571428571429
208,0.32142857142857145
209,1.9285714285714286
210,1.5714285714285714
211,0.39285714285714285
212,2.7857142857142856
213,2.3392857142857144
214,2.642857142857143
215,1.3214285714285714
216,1.6071428571428572
217,0.5892857142857143
218,1.125
219,0.7142857142857143
220,1.9285714285714286
221,1.3928571428571428
222,0.6785714285714286
223,0.30357142857142855
224,0.26785714285714285
225,0.42857142857142855
226,2.8035714285714284
227,0.25
228,0.6071428571428571
229,0.6071428571428571
230,1.9464285714285714
231,1.125
232,3.875
233,5.232142857142857
234,4.696428571428571
235,1.375
236,1.4285714285714286
237,0.5714285714285714
238,0.9821428571428571
239,10.482142857142858
240,3.6964285714285716
241,3.1964285714285716
242,0.5357142857142857
243,2.3392857142857144
244,0.8214285714285714
245,3.3035714285714284
246,1.1071428571428572
247,1.5357142857142858
248,1.0357142857142858
249,11.071428571428571
250,3.3392857142857144
251,0.0
252,4.321428571428571
253,5.321428571428571
254,1.875
255,2.642857142857143
256,3.892857142857143
257,1.1607142857142858
258,0.05357142857142857
259,1.4464285714285714
260,1.125
261,4.857142857142857
262,2.1785714285714284
263,0.0
264,1.6964285714285714
265,0.6607142857142857
266,3.3214285714285716
267,2.107142857142857
268,0.5535714285714286
269,0.8928571428571429
270,6.339285714285714
271,1.7857142857142858
272,3.767857142857143
273,2.892857142857143
274,2.0535714285714284
275,1.6071428571428572
276,2.375
277,0.5535714285714286
278,1.5
279,0.9464285714285714
280,1.1964285714285714
281,0.39285714285714285
282,0.35714285714285715
283,0.6071428571428571
284,4.410714285714286
285,0.4107142857142857
286,0.5357142857142857
287,1.5535714285714286
288,2.8392857142857144
289,0.0
290,10.053571428571429
291,1.7678571428571428
292,1.2142857142857142
293,1.3392857142857142
294,1.7678571428571428
295,1.1964285714285714
296,1.0
297,3.4464285714285716
298,3.017857142857143
299,2.75
300,2.267857142857143
301,2.4642857142857144
302,0.5714285714285714
303,0.8214285714285714
304,2.1785714285714284
305,0.9107142857142857
306,0.23214285714285715
307,14.392857142857142
308,7.125
309,0.0
310,5.678571428571429
311,2.4642857142857144
312,2.0535714285714284
313,1.7321428571428572
314,2.392857142857143
315,1.2857142857142858
316,0.7678571428571429
317,1.25
318,0.8035714285714286
319,2.0535714285714284
320,2.4107142857142856
321,0.39285714285714285
322,1.0714285714285714
323,0.16071428571428573
324,0.6785714285714286
325,0.7321428571428571
326,0.14285714285714285
327,0.5
328,2.1964285714285716
329,1.0892857142857142
330,1.2857142857142858
331,2.232142857142857
332,0.625
333,0.30357142857142855
334,0.9464285714285714
335,0.25
336,1.75
337,0.5714285714285714
338,0.39285714285714285
339,0.48214285714285715
340,0.875
341,0.19642857142857142
342,4.321428571428571
343,3.5357142857142856
344,0.44642857142857145
345,0.5714285714285714
346,2.482142857142857
347,0.21428571428571427
348,8.464285714285714
349,2.0892857142857144
350,1.6607142857142858
351,1.1071428571428572
352,0.7142857142857143
353,0.25
354,0.7321428571428571
355,2.8392857142857144
356,1.8214285714285714
357,2.142857142857143
358,1.6964285714285714
359,0.6607142857142857
360,2.107142857142857
361,0.2857142857142857
362,0.26785714285714285
363,0.6785714285714286
364,1.0178571428571428
365,6.160714285714286
366,3.607142857142857
367,0.0
368,2.357142857142857
369,1.5357142857142858
370,2.107142857142857
371,1.8035714285714286
372,0.0
373,0.8035714285714286
374,1.25
375,0.5357142857142857
376,0.9107142857142857
377,1.8214285714285714
378,2.0
379,1.5535714285714286
380,0.5714285714285714
381,0.5892857142857143
382,1.0892857142857142
383,1.8035714285714286
384,1.25
385,1.5535714285714286
386,1.9464285714285714
387,1.6964285714285714
388,2.5357142857142856
389,0.9642857142857143
390,0.5178571428571429
391,0.6964285714285714
392,1.2321428571428572
393,0.23214285714285715
394,0.5535714285714286
395,0.25
396,0.9464285714285714
397,0.9107142857142857
398,0.4107142857142857
399,0.9821428571428571
400,1.875
401,0.5714285714285714
402,1.25
403,0.42857142857142855
404,2.3392857142857144
405,1.7321428571428572
406,2.142857142857143
407,1.0892857142857142
408,2.5892857142857144
409,0.4642857142857143
410,0.5357142857142857
411,0.30357142857142855
412,0.32142857142857145
413,0.9285714285714286
414,1.4642857142857142
415,0.9642857142857143
416,1.5
417,0.8571428571428571
418,0.75
419,0.4107142857142857
420,0.8214285714285714
421,0.25
422,0.4642857142857143
423,4.875
424,1.6964285714285714
425,0.0
426,1.0
427,1.9285714285714286
428,1.7142857142857142
429,1.2321428571428572
430,0.19642857142857142
431,0.32142857142857145
432,1.4285714285714286
433,0.375
434,0.44642857142857145
435,4.053571428571429
436,0.8035714285714286
437,1.0
438,0.6607142857142857
439,0.32142857142857145
440,0.10714285714285714
441,0.9821428571428571
442,0.6785714285714286
443,0.14285714285714285
444,2.0714285714285716
445,1.6607142857142858
446,2.767857142857143
447,0.5892857142857143
448,0.5535714285714286
449,0.5892857142857143
450,1.0178571428571428
451,0.5
452,0.8214285714285714
453,0.5
454,0.7678571428571429
455,0.5535714285714286
456,0.08928571428571429
457,0.5892857142857143
458,2.982142857142857
459,0.3392857142857143
460,0.6607142857142857
461,0.44642857142857145
462,1.0535714285714286
463,0.44642857142857145
464,4.267857142857143
465,2.732142857142857
466,2.392857142857143
467,0.5
468,2.0357142857142856
469,1.9107142857142858
470,0.6964285714285714
471,4.964285714285714
472,2.642857142857143
473,2.017857142857143
474,0.9107142857142857
475,1.1071428571428572
476,3.267857142857143
477,0.21428571428571427
478,1.125
479,0.39285714285714285
480,2.2142857142857144
481,14.857142857142858
482,3.0714285714285716
483,0.0
484,4.0
485,1.5535714285714286
486,4.75
487,1.0
488,1.5714285714285714
489,1.2857142857142858
490,1.3214285714285714
491,0.30357142857142855
492,0.4642857142857143
493,2.3214285714285716
494,4.625
495,0.4642857142857143
496,0.3392857142857143
497,0.2857142857142857
498,1.3928571428571428
499,0.9107142857142857
500,1.3392857142857142
501,0.19642857142857142
502,4.053571428571429
503,2.232142857142857
504,1.8214285714285714
505,1.6785714285714286
506,1.2678571428571428
507,0.39285714285714285
508,0.48214285714285715
509,0.375
510,0.625
511,0.35714285714285715
512,0.7142857142857143
513,1.3035714285714286
514,0.17857142857142858
515,0.14285714285714285
516,3.0357142857142856
517,2.3392857142857144
518,0.2857142857142857
519,0.42857142857142855
520,2.4464285714285716
521,0.14285714285714285
522,2.6607142857142856
523,2.4107142857142856
524,1.25
525,0.5714285714285714
526,1.0357142857142858
527,0.5714285714285714
528,0.8214285714285714
529,3.857142857142857
530,2.017857142857143
531,1.9285714285714286
532,1.375
533,1.6607142857142858
534,0.5
535,0.30357142857142855
536,0.6071428571428571
537,0.21428571428571427
538,0.42857142857142855
539,9.357142857142858
540,2.9107142857142856
541,0.0
542,3.0714285714285716
543,2.892857142857143
544,1.7678571428571428
545,1.4821428571428572
546,2.3392857142857144
547,0.7857142857142857
548,1.1964285714285714
549,0.8571428571428571
550,0.23214285714285715
551,2.4642857142857144
552,1.75
553,0.7142857142857143
554,0.2857142857142857
555,0.35714285714285715
556,1.0178571428571428
557,1.3214285714285714
558,0.42857142857142855
559,0.8571428571428571
560,4.928571428571429
561,1.5357142857142858
562,1.7142857142857142
563,1.125
564,0.16071428571428573
565,0.4107142857142857
566,0.75
567,2.1964285714285716
568,0.625
569,0.25
570,0.3392857142857143
571,0.35714285714285715
572,0.08928571428571429
573,0.05357142857142857
574,2.1607142857142856
575,2.5357142857142856
576,0.5535714285714286
577,0.39285714285714285
578,0.8392857142857143
579,0.7857142857142857
580,8.5
581,1.2142857142857142
582,1.0714285714285714
583,0.5
584,0.6607142857142857
585,0.10714285714285714
586,0.5535714285714286
587,2.1607142857142856
588,1.7678571428571428
589,0.7857142857142857
590,1.2857142857142858
591,1.2142857142857142
592,1.5178571428571428
593,0.5535714285714286
594,0.5178571428571429
595,0.017857142857142856
596,0.5357142857142857
597,2.982142857142857
598,2.4464285714285716
599,0.0
600,3.0714285714285716
601,0.8035714285714286
602,1.8214285714285714
603,2.1785714285714284
604,0.5535714285714286
605,0.8392857142857143
606,1.3035714285714286
607,0.42857142857142855
608,0.6428571428571429
609,1.1071428571428572
610,2.5892857142857144
611,1.1607142857142858
612,0.4642857142857143
613,0.9464285714285714
614,0.7678571428571429
615,1.7678571428571428
616,0.9821428571428571
617,0.2857142857142857
618,1.5
619,2.5714285714285716
620,2.0535714285714284
621,0.9464285714285714
622,0.5714285714285714
623,0.9107142857142857
624,1.0178571428571428
625,0.35714285714285715
626,0.75
627,0.8571428571428571
628,1.0
629,1.0535714285714286
630,0.125
631,0.4642857142857143
632,1.125
633,0.44642857142857145
634,0.7678571428571429
635,0.7142857142857143
636,1.75
637,1.6607142857142858
638,6.0
639,1.3035714285714286
640,1.4464285714285714
641,0.6785714285714286
642,0.5892857142857143
643,0.4642857142857143
644,1.0357142857142858
645,2.0892857142857144
646,2.607142857142857
647,1.0178571428571428
648,0.9285714285714286
649,1.75
650,0.4642857142857143
651,0.875
652,0.8035714285714286
653,0.6071428571428571
654,0.19642857142857142
655,4.857142857142857
656,3.5
657,0.0
658,2.7142857142857144
659,2.2142857142857144
660,1.125
661,2.982142857142857
662,1.25
663,0.5892857142857143
664,0.07142857142857142
665,0.7678571428571429
666,1.0178571428571428
667,3.982142857142857
668,0.6785714285714286
669,1.6785714285714286
670,1.1428571428571428
671,1.3214285714285714
672,0.16071428571428573
673,0.5178571428571429
674,0.0
675,0.32142857142857145
676,1.1964285714285714
677,2.875
678,0.6785714285714286
679,0.42857142857142855
680,0.7142857142857143
681,0.8035714285714286
682,0.75
683,0.16071428571428573
684,1.1428571428571428
685,0.35714285714285715
686,0.6071428571428571
687,0.21428571428571427
688,0.0
689,0.375
690,2.267857142857143
691,0.23214285714285715
692,0.5535714285714286
693,1.0714285714285714
694,0.875
695,0.375
696,8.660714285714286
697,0.8035714285714286
698,2.1607142857142856
699,3.142857142857143
700,1.9642857142857142
701,0.23214285714285715
702,1.0714285714285714
703,2.2142857142857144
704,2.1785714285714284
705,2.0357142857142856
706,0.9821428571428571
707,1.8571428571428572
708,0.48214285714285715
709,0.7321428571428571
710,0.8392857142857143
711,0.7321428571428571
712,0.6428571428571429
713,11.607142857142858
714,3.5535714285714284
715,0.0
716,4.339285714285714
717,6.196428571428571
718,1.75
719,0.6428571428571429
720,2.3214285714285716
721,1.4464285714285714
722,0.5178571428571429
723,1.125
724,1.3392857142857142
725,1.7678571428571428
726,1.1071428571428572
727,1.1785714285714286
728,1.5892857142857142
729,1.2857142857142858
730,0.44642857142857145
731,1.5
732,1.1428571428571428
733,0.14285714285714285
734,1.6071428571428572
735,3.0714285714285716
736,2.4642857142857144
737,1.125
738,0.30357142857142855
739,1.2321428571428572
740,1.9285714285714286
741,0.2857142857142857
742,1.1428571428571428
743,0.7857142857142857
744,0.6071428571428571
745,0.3392857142857143
746,0.5892857142857143
747,0.375
748,2.0892857142857144
749,0.5357142857142857
750,1.0714285714285714
751,1.5714285714285714
752,2.0714285714285716
753,1.0357142857142858
754,8.017857142857142
755,4.0
756,2.482142857142857
757,1.5357142857142858
758,1.1964285714285714
759,0.9464285714285714
760,1.1785714285714286
761,1.9642857142857142
762,2.9285714285714284
763,1.8928571428571428
764,1.0535714285714286
765,2.125
766,0.42857142857142855
767,1.4107142857142858
768,1.0714285714285714
769,0.7678571428571429
770,0.4642857142857143
771,6.892857142857143
772,2.4285714285714284
773,0.0
774,4.75
775,6.464285714285714
776,1.625
777,1.625
778,1.75
779,0.6785714285714286
780,0.9821428571428571
781,1.2678571428571428
782,1.4285714285714286
783,2.4464285714285716
784,1.2142857142857142
785,0.9107142857142857
786,0.8214285714285714
787,0.6428571428571429
788,0.32142857142857145
789,1.9285714285714286
790,1.5714285714285714
791,0.39285714285714285
792,2.7857142857142856
793,2.3392857142857144
794,2.642857142857143
795,1.3214285714285714
796,1.6071428571428572
797,0.5892857142857143
798,1.125
799,0.7142857142857143
800,1.9285714285714286
801,1.3928571428571428
802,0.6785714285714286
803,0.30357142857142855
804,0.26785714285714285
805,0.42857142857142855
806,2.8035714285714284
807,0.25
808,0.6071428571428571
809,0.6071428571428571
810,1.9464285714285714
811,1.125
812,3.875
813,5.232142857142857
814,4.696428571428571
815,1.375
816,1.4285714285714286
817,0.5714285714285714
818,0.9821428571428571
819,10.482142857142858
820,3.6964285714285716
821,3.1964285714285716
822,0.5357142857142857
823,2.3392857142857144
824,0.8214285714285714
825,3.3035714285714284
826,1.1071428571428572
827,1.5357142857142858
828,1.0357142857142858
829,11.071428571428571
830,3.3392857142857144
831,0.0
832,4.321428571428571
833,5.321428571428571
834,1.875
835,2.642857142857143
836,3.892857142857143
837,1.1607142857142858
838,0.05357142857142857
839,1.4464285714285714
840,1.125
841,4.857142857142857
842,2.1785714285714284
843,0.0
844,1.6964285714285714
845,0.6607142857142857
846,3.3214285714285716
847,2.107142857142857
848,0.5535714285714286
849,0.8928571428571429
850,6.339285714285714
851,1.7857142857142858
852,3.767857142857143
853,2.892857142857143
854,2.0535714285714284
855,1.6071428571428572
856,2.375
857,0.5535714285714286
858,1.5
859,0.9464285714285714
860,1.1964285714285714
861,0.39285714285714285
862,0.35714285714285715
863,0.6071428571428571
864,4.410714285714286
865,0.4107142857142857
866,0.5357142857142857
867,1.5535714285714286
868,2.8392857142857144
869,0.0
870,10.053571428571429
871,1.7678571428571428
872,1.2142857142857142
873,1.3392857142857142
874,1.7678571428571428
875,1.1964285714285714
876,1.0
877,3.4464285714285716
878,3.017857142857143
879,2.75
880,2.267857142857143
881,2.4642857142857144
882,0.5714285714285714
883,0.8214285714285714
884,2.1785714285714284
885,0.9107142857142857
886,0.23214285714285715
887,14.392857142857142
888,7.125
889,0.0
890,5.678571428571429
891,2.4642857142857144
892,2.0535714285714284
893,1.7321428571428572
894,2.392857142857143
895,1.2857142857142858
896,0.7678571428571429
897,1.25
898,0.8035714285714286
899,2.0535714285714284
900,2.4107142857142856
901,0.39285714285714285
902,1.0714285714285714
903,0.16071428571428573
904,0.6785714285714286
905,0.7321428571428571
906,0.14285714285714285
907,0.5
908,2.1964285714285716
909,1.0892857142857142
910,1.2857142857142858
911,2.232142857142857
912,0.625
913,0.30357142857142855
914,0.9464285714285714
915,0.25
916,1.75
917,0.5714285714285714
918,0.39285714285714285
919,0.48214285714285715
920,0.875
921,0.19642857142857142
922,4.321428571428571
923,3.5357142857142856
924,0.44642857142857145
925,0.5714285714285714
926,2.482142857142857
927,0.21428571428571427
928,8.464285714285714
929,2.0892857142857144
930,1.6607142857142858
931,1.1071428571428572
932,0.7142857142857143
933,0.25
934,0.7321428571428571
935,2.8392857142857144
936,1.8214285714285714
937,2.142857142857143
938,1.6964285714285714
939,0.6607142857142857
940,2.107142857142857
941,0.2857142857142857
942,0.26785714285714285
943,0.6785714285714286
944,1.0178571428571428
945,6.160714285714286
946,3.607142857142857
947,0.0
948,2.357142857142857
949,1.5357142857142858
950,2.107142857142857
951,1.8035714285714286
952,0.0
953,0.8035714285714286
954,1.25
955,0.5357142857142857
956,0.9107142857142857
957,1.8214285714285714
958,2.0
959,1.5535714285714286
960,0.5714285714285714
961,0.5892857142857143
962,1.0892857142857142
963,1.8035714285714286
964,1.25
965,1.5535714285714286
966,1.9464285714285714
967,1.6964285714285714
968,2.5357142857142856
969,0.9642857142857143
970,0.5178571428571429
971,0.6964285714285714
972,1.2321428571428572
973,0.23214285714285715
974,0.5535714285714286
975,0.25
976,0.9464285714285714
977,0.9107142857142857
978,0.4107142857142857
979,0.9821428571428571
980,1.875
981,0.5714285714285714
982,1.25
983,0.42857142857142855
984,2.3392857142857144
985,1.7321428571428572
986,2.142857142857143
987,1.0892857142857142
988,2.5892857142857144
989,0.4642857142857143
990,0.5357142857142857
991,0.30357142857142855
992,0.32142857142857145
993,0.9285714285714286
994,1.4642857142857142
995,0.9642857142857143
996,1.5
997,0.8571428571428571
998,0.75
999,0.4107142857142857
1000,0.8214285714285714
1001,0.25
1002,0.4642857142857143
1003,4.875
1004,1.6964285714285714
1005,0.0
1006,1.0
1007,1.9285714285714286
1008,1.7142857142857142
1009,1.2321428571428572
1010,0.19642857142857142
1011,0.32142857142857145
1012,1.4285714285714286
1013,0.375
1014,0.44642857142857145
1015,4.053571428571429
1016,0.8035714285714286
1017,1.0
1018,0.6607142857142857
1019,0.32142857142857145
1020,0.10714285714285714
1021,0.9821428571428571
1022,0.6785714285714286
1023,0.14285714285714285
1024,2.0714285714285716
1025,1.6607142857142858
1026,2.767857142857143
1027,0.5892857142857143
1028,0.5535714285714286
1029,0.5892857142857143
1030,1.0178571428571428
1031,0.5
1032,0.8214285714285714
1033,0.5
1034,0.7678571428571429
1035,0.5535714285714286
1036,0.08928571428571429
1037,0.5892857142857143
1038,2.982142857142857
1039,0.3392857142857143
1040,0.6607142857142857
1041,0.44642857142857145
1042,1.0535714285714286
1043,0.44642857142857145
1044,4.267857142857143
1045,2.732142857142857
1046,2.392857142857143
1047,0.5
1048,2.0357142857142856
1049,1.9107142857142858
1050,0.6964285714285714
1051,4.964285714285714
1052,2.642857142857143
1053,2.017857142857143
1054,0.9107142857142857
1055,1.1071428571428572
1056,3.267857142857143
1057,0.21428571428571427
1058,1.125
1059,0.39285714285714285
1060,2.2142857142857144
1061,14.857142857142858
1062,3.0714285714285716
1063,0.0
1064,4.0
1065,1.5535714285714286
1066,4.75
1067,1.0
1068,1.5714285714285714
1069,1.2857142857142858
1070,1.3214285714285714
1071,0.30357142857142855
1072,0.4642857142857143
1073,2.3214285714285716
1074,4.625
1075,0.4642857142857143
1076,0.3392857142857143
1077,0.2857142857142857
1078,1.3928571428571428
1079,0.9107142857142857
1080,1.3392857142857142
1081,0.19642857142857142
1082,4.053571428571429
1083,2.232142857142857
1084,1.8214285714285714
1085,1.6785714285714286
1086,1.2678571428571428
1087,0.39285714285714285
1088,0.48214285714285715
1089,0.375
1090,0.625
1091,0.35714285714285715
1092,0.7142857142857143
1093,1.3035714285714286
1094,0.17857142857142858
1095,0.14285714285714285
1096,3.0357142857142856
1097,2.3392857142857144
1098,0.2857142857142857
1099,0.42857142857142855
1100,2.4464285714285716
1101,0.14285714285714285
1102,2.6607142857142856
1103,2.4107142857142856
1104,1.25
1105,0.5714285714285714
1106,1.0357142857142858
1107,0.5714285714285714
1108,0.8214285714285714
1109,3.857142857142857
1110,2.017857142857143
1111,1.9285714285714286
1112,1.375
1113,1.6607142857142858
1114,0.5
1115,0.30357142857142855
1116,0.6071428571428571
1117,0.21428571428571427
1118,0.42857142857142855
1119,9.357142857142858
1120,2.9107142857142856
1121,0.0
1122,3.0714285714285716
1123,2.892857142857143
1124,1.7678571428571428
1125,1.4821428571428572
1126,2.3392857142857144
1127,0.7857142857142857
1128,1.1964285714285714
1129,0.8571428571428571
1130,0.23214285714285715
1131,2.4642857142857144
1132,1.75
1133,0.7142857142857143
1134,0.2857142857142857
1135,0.35714285714285715
1136,1.0178571428571428
1137,1.3214285714285714
1138,0.42857142857142855
1139,0.8571428571428571
1140,4.928571428571429
1141,1.5357142857142858
1142,1.7142857142857142
1143,1.125
1144,0.16071428571428573
1145,0.4107142857142857
1146,0.75
1147,2.1964285714285716
1148,0.625
1149,0.25
1150,0.3392857142857143
1151,0.35714285714285715
1152,0.08928571428571429
1153,0.05357142857142857
1154,2.1607142857142856
1155,2.5357142857142856
1156,0.5535714285714286
1157,0.39285714285714285
1158,0.8392857142857143
1159,0.7857142857142857
1160,8.5
1161,1.2142857142857142
1162,1.0714285714285714
1163,0.5
1164,0.6607142857142857
1165,0.10714285714285714
1166,0.5535714285714286
1167,2.1607142857142856
1168,1.7678571428571428
1169,0.7857142857142857
1170,1.2857142857142858
1171,1.2142857142857142
1172,1.5178571428571428
1173,0.5535714285714286
1174,0.5178571428571429
1175,0.017857142857142856
1176,0.5357142857142857
1177,2.982142857142857
1178,2.4464285714285716
1179,0.0
1180,3.0714285714285716
1181,0.8035714285714286
1182,1.8214285714285714
1183,2.1785714285714284
1184,0.5535714285714286
1185,0.8392857142857143
1186,1.3035714285714286
1187,0.42857142857142855
1188,0.6428571428571429
1189,1.1071428571428572
1190,2.5892857142857144
1191,1.1607142857142858
1192,0.4642857142857143
1193,0.9464285714285714
1194,0.7678571428571429
1195,1.7678571428571428
1196,0.9821428571428571
1197,0.2857142857142857
1198,1.5
1199,2.5714285714285716
1200,2.0535714285714284
1201,0.9464285714285714
1202,0.5714285714285714
1203,0.9107142857142857
1204,1.0178571428571428
1205,0.35714285714285715
1206,0.75
1207,0.8571428571428571
1208,1.0
1209,1.0535714285714286
1210,0.125
1211,0.4642857142857143
1212,1.125
1213,0.44642857142857145
1214,0.7678571428571429
1215,0.7142857142857143
1216,1.75
1217,1.6607142857142858
1218,6.0
1219,1.3035714285714286
1220,1.4464285714285714
1221,0.6785714285714286
1222,0.5892857142857143
1223,0.4642857142857143
1224,1.0357142857142858
1225,2.0892857142857144
1226,2.607142857142857
1227,1.0178571428571428
1228,0.9285714285714286
1229,1.75
1230,0.4642857142857143
1231,0.875
1232,0.8035714285714286
1233,0.6071428571428571
1234,0.19642857142857142
1235,4.857142857142857
1236,3.5
1237,0.0
1238,2.7142857142857144
1239,2.2142857142857144
1240,1.125
1241,2.982142857142857
1242,1.25
1243,0.5892857142857143
1244,0.07142857142857142
1245,0.7678571428571429
1246,1.0178571428571428
1247,3.982142857142857
1248,0.6785714285714286
1249,1.6785714285714286
1250,1.1428571428571428
1251,1.3214285714285714
1252,0.16071428571428573
1253,0.5178571428571429
1254,0.0
1255,0.32142857142857145
1256,1.1964285714285714
1257,2.875
1258,0.6785714285714286
1259,0.42857142857142855
1260,0.7142857142857143
1261,0.8035714285714286
1262,0.75
1263,0.16071428571428573
1264,1.1428571428571428
1265,0.35714285714285715
1266,0.6071428571428571
1267,0.21428571428571427
1268,0.0
1269,0.375
1270,2.267857142857143
1271,0.23214285714285715
1272,0.5535714285714286
1273,1.0714285714285714
1274,0.875
1275,0.375
1276,8.660714285714286
1277,0.8035714285714286
1278,2.1607142857142856
1279,3.142857142857143
1280,1.9642857142857142
1281,0.23214285714285715
1282,1.0714285714285714
1283,2.2142857142857144
1284,2.1785714285714284
1285,2.0357142857142856
1286,0.9821428571428571
1287,1.8571428571428572
1288,0.48214285714285715
1289,0.7321428571428571
1290,0.8392857142857143
1291,0.7321428571428571
1292,0.6428571428571429
1293,11.607142857142858
1294,3.5535714285714284
1295,0.0
1296,4.339285714285714
1297,6.196428571428571
1298,1.75
1299,0.6428571428571429
1300,2.3214285714285716
1301,1.4464285714285714
1302,0.5178571428571429
1303,1.125
1304,1.3392857142857142
1305,1.7678571428571428
1306,1.1071428571428572
1307,1.1785714285714286
1308,1.5892857142857142
1309,1.2857142857142858
1310,0.44642857142857145
1311,1.5
1312,1.1428571428571428
1313,0.14285714285714285
1314,1.6071428571428572
1315,3.0714285714285716
1316,2.4642857142857144
1317,1.125
1318,0.30357142857142855
1319,1.2321428571428572
1320,1.9285714285714286
1321,0.2857142857142857
1322,1.1428571428571428
1323,0.7857142857142857
1324,0.6071428571428571
1325,0.3392857142857143
1326,0.5892857142857143
1327,0.375
1328,2.0892857142857144
1329,0.5357142857142857
1330,1.0714285714285714
1331,1.5714285714285714
1332,2.0714285714285716
1333,1.0357142857142858
1334,8.017857142857142
1335,4.0
1336,2.482142857142857
1337,1.5357142857142858
1338,1.1964285714285714
1339,0.9464285714285714
1340,1.1785714285714286
1341,1.9642857142857142
1342,2.9285714285714284
1343,1.8928571428571428
1344,1.0535714285714286
1345,2.125
1346,0.42857142857142855
1347,1.4107142857142858
1348,1.0714285714285714
1349,0.7678571428571429
1350,0.4642857142857143
1351,6.892857142857143
1352,2.4285714285714284
1353,0.0
1354,4.75
1355,6.464285714285714
1356,1.625
1357,1.625
1358,1.75
1359,0.6785714285714286
1360,0.9821428571428571
1361,1.2678571428571428
1362,1.4285714285714286
1363,2.4464285714285716
1364,1.2142857142857142
1365,0.9107142857142857
1366,0.8214285714285714
1367,0.6428571428571429
1368,0.32142857142857145
1369,1.9285714285714286
1370,1.5714285714285714
1371,0.39285714285714285
1372,2.7857142857142856
1373,2.3392857142857144
1374,2.642857142857143
1375,1.3214285714285714
1376,1.6071428571428572
1377,0.5892857142857143
1378,1.125
1379,0.7142857142857143
1380,1.9285714285714286
1381,1.3928571428571428
1382,0.6785714285714286
1383,0.30357142857142855
1384,0.26785714285714285
1385,0.42857142857142855
1386,2.8035714285714284
1387,0.25
1388,0.6071428571428571
1389,0.6071428571428571
1390,1.9464285714285714
1391,1.125
1392,3.875
1393,5.232142857142857
1394,4.696428571428571
1395,1.375
1396,1.4285714285714286
1397,0.5714285714285714
1398,0.9821428571428571
1399,10.482142857142858
1400,3.6964285714285716
1401,3.1964285714285716
1402,0.5357142857142857
1403,2.3392857142857144
1404,0.8214285714285714
1405,3.3035714285714284
1406,1.1071428571428572
1407,1.5357142857142858
1408,1.0357142857142858
1409,11.071428571428571
1410,3.3392857142857144
1411,0.0
1412,4.321428571428571
1413,5.321428571428571
1414,1.875
1415,2.642857142857143
1416,3.892857142857143
1417,1.1607142857142858
1418,0.05357142857142857
1419,1.4464285714285714
1420,1.125
1421,4.857142857142857
1422,2.1785714285714284
1423,0.0
1424,1.6964285714285714
1425,0.6607142857142857
1426,3.3214285714285716
1427,2.107142857142857
1428,0.5535714285714286
1429,0.8928571428571429
1430,6.339285714285714
1431,1.7857142857142858
1432,3.767857142857143
1433,2.892857142857143
1434,2.0535714285714284
1435,1.6071428571428572
1436,2.375
1437,0.5535714285714286
1438,1.5
1439,0.9464285714285714
1440,1.1964285714285714
1441,0.39285714285714285
1442,0.35714285714285715
1443,0.6071428571428571
1444,4.410714285714286
1445,0.4107142857142857
1446,0.5357142857142857
1447,1.5535714285714286
1448,2.8392857142857144
1449,0.0
1450,10.053571428571429
1451,1.7678571428571428
1452,1.2142857142857142
1453,1.3392857142857142
1454,1.7678571428571428
1455,1.1964285714285714
1456,1.0
1457,3.4464285714285716
1458,3.017857142857143
1459,2.75
1460,2.267857142857143
1461,2.4642857142857144
1462,0.5714285714285714
1463,0.8214285714285714
1464,2.1785714285714284
1465,0.9107142857142857
1466,0.23214285714285715
1467,14.392857142857142
1468,7.125
1469,0.0
1470,5.678571428571429
1471,2.4642857142857144
1472,2.0535714285714284
1473,1.7321428571428572
1474,2.392857142857143
1475,1.2857142857142858
1476,0.7678571428571429
1477,1.25
1478,0.8035714285714286
1479,2.0535714285714284
1480,2.4107142857142856
1481,0.39285714285714285
1482,1.0714285714285714
1483,0.16071428571428573
1484,0.6785714285714286
1485,0.7321428571428571
1486,0.14285714285714285
1487,0.5
1488,2.1964285714285716
1489,1.0892857142857142
1490,1.2857142857142858
1491,2.232142857142857
1492,0.625
1493,0.30357142857142855
1494,0.9464285714285714
1495,0.25
1496,1.75
1497,0.5714285714285714
1498,0.39285714285714285
1499,0.48214285714285715
1500,0.875
1501,0.19642857142857142
1502,4.321428571428571
1503,3.5357142857142856
1504,0.44642857142857145
1505,0.5714285714285714
1506,2.482142857142857
1507,0.21428571428571427
1508,8.464285714285714
1509,2.0892857142857144
1510,1.6607142857142858
1511,1.1071428571428572
1512,0.7142857142857143
1513,0.25
1514,0.7321428571428571
1515,2.8392857142857144
1516,1.8214285714285714
1517,2.142857142857143
1518,1.6964285714285714
1519,0.6607142857142857
1520,2.107142857142857
1521,0.2857142857142857
1522,0.26785714285714285
1523,0.6785714285714286
1524,1.0178571428571428
1525,6.160714285714286
1526,3.607142857142857
1527,0.0
1528,2.357142857142857
1529,1.5357142857142858
1530,2.107142857142857
1531,1.8035714285714286
1532,0.0
1533,0.8035714285714286
1534,1.25
1535,0.5357142857142857
1536,0.9107142857142857
1537,1.8214285714285714
1538,2.0
1539,1.5535714285714286
1540,0.5714285714285714
1541,0.5892857142857143
1542,1.0892857142857142
1543,1.8035714285714286
1544,1.25
1545,1.5535714285714286
1546,1.9464285714285714
1547,1.6964285714285714
1548,2.5357142857142856
1549,0.9642857142857143
1550,0.5178571428571429
1551,0.6964285714285714
1552,1.2321428571428572
1553,0.23214285714285715
1554,0.5535714285714286
1555,0.25
1556,0.9464285714285714
1557,0.9107142857142857
1558,0.4107142857142857
1559,0.9821428571428571
1560,1.875
1561,0.5714285714285714
1562,1.25
1563,0.42857142857142855
1564,2.3392857142857144
1565,1.7321428571428572
1566,2.142857142857143
1567,1.0892857142857142
1568,2.5892857142857144
1569,0.4642857142857143
1570,0.5357142857142857
1571,0.30357142857142855
1572,0.32142857142857145
1573,0.9285714285714286
1574,1.4642857142857142
1575,0.9642857142857143
1576,1.5
1577,0.8571428571428571
1578,0.75
1579,0.4107142857142857
1580,0.8214285714285714
1581,0.25
1582,0.4642857142857143
1583,4.875
1584,1.6964285714285714
1585,0.0
1586,1.0
1587,1.9285714285714286
1588,1.7142857142857142
1589,1.2321428571428572
1590,0.19642857142857142
1591,0.32142857142857145
1592,1.4285714285714286
1593,0.375
1594,0.44642857142857145
1595,4.053571428571429
1596,0.8035714285714286
1597,1.0
1598,0.6607142857142857
1599,0.32142857142857145
1600,0.10714285714285714
1601,0.9821428571428571
1602,0.6785714285714286
1603,0.14285714285714285
1604,2.0714285714285716
1605,1.6607142857142858
1606,2.767857142857143
1607,0.5892857142857143
1608,0.5535714285714286
1609,0.5892857142857143
1610,1.0178571428571428
1611,0.5
1612,0.8214285714285714
1613,0.5
1614,0.7678571428571429
1615,0.5535714285714286
1616,0.08928571428571429
1617,0.5892857142857143
1618,2.982142857142857
1619,0.3392857142857143
1620,0.6607142857142857
1621,0.44642857142857145
1622,1.0535714285714286
1623,0.44642857142857145
1624,4.267857142857143
1625,2.732142857142857
1626,2.392857142857143
1627,0.5
1628,2.0357142857142856
1629,1.9107142857142858
1630,0.6964285714285714
1631,4.964285714285714
1632,2.642857142857143
1633,2.017857142857143
1634,0.9107142857142857
1635,1.1071428571428572
1636,3.267857142857143
1637,0.21428571428571427
1638,1.125
1639,0.39285714285714285
1640,2.2142857142857144
1641,14.857142857142858
1642,3.0714285714285716
1643,0.0
1644,4.0
1645,1.5535714285714286
1646,4.75
1647,1.0
1648,1.5714285714285714
1649,1.2857142857142858
1650,1.3214285714285714
1651,0.30357142857142855
1652,0.4642857142857143
1653,2.3214285714285716
1654,4.625
1655,0.4642857142857143
1656,0.3392857142857143
1657,0.2857142857142857
1658,1.3928571428571428
1659,0.9107142857142857
1660,1.3392857142857142
1661,0.19642857142857142
1662,4.053571428571429
1663,2.232142857142857
1664,1.8214285714285714
1665,1.6785714285714286
1666,1.2678571428571428
1667,0.39285714285714285
1668,0.48214285714285715
1669,0.375
1670,0.625
1671,0.35714285714285715
1672,0.7142857142857143
1673,1.3035714285714286
1674,0.17857142857142858
1675,0.14285714285714285
1676,3.0357142857142856
1677,2.3392857142857144
1678,0.2857142857142857
1679,0.42857142857142855
1680,2.4464285714285716
1681,0.14285714285714285
1682,2.6607142857142856
1683,2.4107142857142856
1684,1.25
1685,0.5714285714285714
1686,1.0357142857142858
1687,0.5714285714285714
1688,0.8214285714285714
1689,3.857142857142857
1690,2.017857142857143
1691,1.9285714285714286
1692,1.375
1693,1.6607142857142858
1694,0.5
1695,0.30357142857142855
1696,0.6071428571428571
1697,0.21428571428571427
1698,0.42857142857142855
1699,9.357142857142858
1700,2.9107142857142856
1701,0.0
1702,3.0714285714285716
1703,2.892857142857143
1704,1.7678571428571428
1705,1.4821428571428572
1706,2.3392857142857144
1707,0.7857142857142857
1708,1.1964285714285714
1709,0.8571428571428571
1710,0.23214285714285715
1711,2.4642857142857144
1712,1.75
1713,0.7142857142857143
1714,0.2857142857142857
1715,0.35714285714285715
1716,1.0178571428571428
1717,1.3214285714285714
1718,0.42857142857142855
1719,0.8571428571428571
1720,4.928571428571429
1721,1.5357142857142858
1722,1.7142857142857142
1723,1.125
1724,0.16071428571428573
1725,0.4107142857142857
1726,0.75
1727,2.1964285714285716
1728,0.625
1729,0.25
1730,0.3392857142857143
1731,0.35714285714285715
1732,0.08928571428571429
1733,0.05357142857142857
1734,2.1607142857142856
1735,2.5357142857142856
1736,0.5535714285714286
1737,0.39285714285714285
1738,0.8392857142857143
1739,0.7857142857142857
1740,8.5
1741,1.2142857142857142
1742,1.0714285714285714
1743,0.5
1744,0.6607142857142857
1745,0.10714285714285714
1746,0.5535714285714286
1747,2.1607142857142856
1748,1.7678571428571428
1749,0.7857142857142857
1750,1.2857142857142858
1751,1.2142857142857142
1752,1.5178571428571428
1753,0.5535714285714286
1754,0.5178571428571429
1755,0.017857142857142856
1756,0.5357142857142857
1757,2.982142857142857
1758,2.4464285714285716
1759,0.0
1760,3.0714285714285716
1761,0.8035714285714286
1762,1.8214285714285714
1763,2.1785714285714284
1764,0.5535714285714286
1765,0.8392857142857143
1766,1.3035714285714286
1767,0.42857142857142855
1768,0.6428571428571429
1769,1.1071428571428572
1770,2.5892857142857144
1771,1.1607142857142858
1772,0.4642857142857143
1773,0.9464285714285714
1774,0.7678571428571429
1775,1.7678571428571428
1776,0.9821428571428571
1777,0.2857142857142857
1778,1.5
1779,2.5714285714285716
1780,2.0535714285714284
1781,0.9464285714285714
1782,0.5714285714285714
1783,0.9107142857142857
1784,1.0178571428571428
1785,0.35714285714285715
1786,0.75
1787,0.8571428571428571
1788,1.0
1789,1.0535714285714286
1790,0.125
1791,0.4642857142857143
1792,1.125
1793,0.44642857142857145
1794,0.7678571428571429
1795,0.7142857142857143
1796,1.75
1797,1.6607142857142858
1798,6.0
1799,1.3035714285714286
1800,1.4464285714285714
1801,0.6785714285714286
1802,0.5892857142857143
1803,0.4642857142857143
1804,1.0357142857142858
1805,2.0892857142857144
1806,2.607142857142857
1807,1.0178571428571428
1808,0.9285714285714286
1809,1.75
1810,0.4642857142857143
1811,0.875
1812,0.8035714285714286
1813,0.6071428571428571
1814,0.19642857142857142
1815,4.857142857142857
1816,3.5
1817,0.0
1818,2.7142857142857144
1819,2.2142857142857144
1820,1.125
1821,2.982142857142857
1822,1.25
1823,0.5892857142857143
1824,0.07142857142857142
1825,0.7678571428571429
1826,1.0178571428571428
1827,3.982142857142857
1828,0.6785714285714286
1829,1.6785714285714286
1830,1.1428571428571428
1831,1.3214285714285714
1832,0.16071428571428573
1833,0.5178571428571429
1834,0.0
1835,0.32142857142857145
1836,1.1964285714285714
1837,2.875
1838,0.6785714285714286
1839,0.42857142857142855
1840,0.7142857142857143
1841,0.8035714285714286
1842,0.75
1843,0.16071428571428573
1844,1.1428571428571428
1845,0.35714285714285715
1846,0.6071428571428571
1847,0.21428571428571427
1848,0.0
1849,0.375
1850,2.267857142857143
1851,0.23214285714285715
1852,0.5535714285714286
1853,1.0714285714285714
1854,0.875
1855,0.375
1856,8.660714285714286
1857,0.8035714285714286
1858,2.1607142857142856
1859,3.142857142857143
1860,1.9642857142857142
1861,0.23214285714285715
1862,1.0714285714285714
1863,2.2142857142857144
1864,2.1785714285714284
1865,2.0357142857142856
1866,0.9821428571428571
1867,1.8571428571428572
1868,0.48214285714285715
1869,0.7321428571428571
1870,0.8392857142857143
1871,0.7321428571428571
1872,0.6428571428571429
1873,11.607142857142858
1874,3.5535714285714284
1875,0.0
1876,4.339285714285714
1877,6.196428571428571
1878,1.75
1879,0.6428571428571429
1880,2.3214285714285716
1881,1.4464285714285714
1882,0.5178571428571429
1883,1.125
1884,1.3392857142857142
1885,1.7678571428571428
1886,1.1071428571428572
1887,1.1785714285714286
1888,1.5892857142857142
1889,1.2857142857142858
1890,0.44642857142857145
1891,1.5
1892,1.1428571428571428
1893,0.14285714285714285
1894,1.6071428571428572
1895,3.0714285714285716
1896,2.4642857142857144
1897,1.125
1898,0.30357142857142855
1899,1.2321428571428572
1900,1.9285714285714286
1901,0.2857142857142857
1902,1.1428571428571428
1903,0.7857142857142857
1904,0.6071428571428571
1905,0.3392857142857143
1906,0.5892857142857143
1907,0.375
1908,2.0892857142857144
1909,0.5357142857142857
1910,1.0714285714285714
1911,1.5714285714285714
1912,2.0714285714285716
1913,1.0357142857142858
1914,8.017857142857142
1915,4.0
1916,2.482142857142857
1917,1.5357142857142858
1918,1.1964285714285714
1919,0.9464285714285714
1920,1.1785714285714286
1921,1.9642857142857142
1922,2.9285714285714284
1923,1.8928571428571428
1924,1.0535714285714286
1925,2.125
1926,0.42857142857142855
1927,1.4107142857142858
1928,1.0714285714285714
1929,0.7678571428571429
1930,0.4642857142857143
1931,6.892857142857143
1932,2.4285714285714284
1933,0.0
1934,4.75
1935,6.464285714285714
1936,1.625
1937,1.625
1938,1.75
1939,0.6785714285714286
1940,0.9821428571428571
1941,1.2678571428571428
1942,1.4285714285714286
1943,2.4464285714285716
1944,1.2142857142857142
1945,0.9107142857142857
1946,0.8214285714285714
1947,0.6428571428571429
1948,0.32142857142857145
1949,1.9285714285714286
1950,1.5714285714285714
1951,0.39285714285714285
1952,2.7857142857142856
1953,2.3392857142857144
1954,2.642857142857143
1955,1.3214285714285714
1956,1.6071428571428572
1957,0.5892857142857143
1958,1.125
1959,0.7142857142857143
1960,1.9285714285714286
1961,1.3928571428571428
1962,0.6785714285714286
1963,0.30357142857142855
1964,0.26785714285714285
1965,0.42857142857142855
1966,2.8035714285714284
1967,0.25
1968,0.6071428571428571
1969,0.6071428571428571
1970,1.9464285714285714
1971,1.125
1972,3.875
1973,5.232142857142857
1974,4.696428571428571
1975,1.375
1976,1.4285714285714286
1977,0.5714285714285714
1978,0.9821428571428571
1979,10.482142857142858
1980,3.6964285714285716
1981,3.1964285714285716
1982,0.5357142857142857
1983,2.3392857142857144
1984,0.8214285714285714
1985,3.3035714285714284
1986,1.1071428571428572
1987,1.5357142857142858
1988,1.0357142857142858
1989,11.071428571428571
1990,3.3392857142857144
1991,0.0
1992,4.321428571428571
1993,5.321428571428571
1994,1.875
1995,2.642857142857143
1996,3.892857142857143
1997,1.1607142857142858
1998,0.05357142857142857
1999,1.4464285714285714
2000,1.125
2001,4.857142857142857
2002,2.1785714285714284
2003,0.0
2004,1.6964285714285714
2005,0.6607142857142857
2006,3.3214285714285716
2007,2.107142857142857
2008,0.5535714285714286
2009,0.8928571428571429
2010,6.339285714285714
2011,1.7857142857142858
2012,3.767857142857143
2013,2.892857142857143
2014,2.0535714285714284
2015,1.6071428571428572
2016,2.375
2017,0.5535714285714286
2018,1.5
2019,0.9464285714285714
2020,1.1964285714285714
2021,0.39285714285714285
2022,0.35714285714285715
2023,0.6071428571428571
2024,4.410714285714286
2025,0.4107142857142857
2026,0.5357142857142857
2027,1.5535714285714286
2028,2.8392857142857144
2029,0.0
2030,10.053571428571429
2031,1.7678571428571428
2032,1.2142857142857142
2033,1.3392857142857142
2034,1.7678571428571428
2035,1.1964285714285714
2036,1.0
2037,3.4464285714285716
2038,3.017857142857143
2039,2.75
2040,2.267857142857143
2041,2.4642857142857144
2042,0.5714285714285714
2043,0.8214285714285714
2044,2.1785714285714284
2045,0.9107142857142857
2046,0.23214285714285715
2047,14.392857142857142
2048,7.125
2049,0.0
2050,5.678571428571429
2051,2.4642857142857144
2052,2.0535714285714284
2053,1.7321428571428572
2054,2.392857142857143
2055,1.2857142857142858
2056,0.7678571428571429
2057,1.25
2058,0.8035714285714286
2059,2.0535714285714284
2060,2.4107142857142856
2061,0.39285714285714285
2062,1.0714285714285714
2063,0.16071428571428573
2064,0.6785714285714286
2065,0.7321428571428571
2066,0.14285714285714285
2067,0.5
2068,2.1964285714285716
2069,1.0892857142857142
2070,1.2857142857142858
2071,2.232142857142857
2072,0.625
2073,0.30357142857142855
2074,0.9464285714285714
2075,0.25
2076,1.75
2077,0.5714285714285714
2078,0.39285714285714285
2079,0.48214285714285715
2080,0.875
2081,0.19642857142857142
2082,4.321428571428571
2083,3.5357142857142856
2084,0.44642857142857145
2085,0.5714285714285714
2086,2.482142857142857
2087,0.21428571428571427
2088,8.464285714285714
2089,2.0892857142857144
2090,1.6607142857142858
2091,1.1071428571428572
2092,0.7142857142857143
2093,0.25
2094,0.7321428571428571
2095,2.8392857142857144
2096,1.8214285714285714
2097,2.142857142857143
2098,1.6964285714285714
2099,0.6607142857142857
2100,2.107142857142857
2101,0.2857142857142857
2102,0.26785714285714285
2103,0.6785714285714286
2104,1.0178571428571428
2105,6.160714285714286
2106,3.607142857142857
2107,0.0
2108,2.357142857142857
2109,1.5357142857142858
2110,2.107142857142857
2111,1.8035714285714286
2112,0.0
2113,0.8035714285714286
2114,1.25
2115,0.5357142857142857
2116,0.9107142857142857
2117,1.8214285714285714
2118,2.0
2119,1.5535714285714286
2120,0.5714285714285714
2121,0.5892857142857143
2122,1.0892857142857142
2123,1.8035714285714286
2124,1.25
2125,1.5535714285714286
2126,1.9464285714285714
2127,1.6964285714285714
2128,2.5357142857142856
2129,0.9642857142857143
2130,0.5178571428571429
2131,0.6964285714285714
2132,1.2321428571428572
2133,0.23214285714285715
2134,0.5535714285714286
2135,0.25
2136,0.9464285714285714
2137,0.9107142857142857
2138,0.4107142857142857
2139,0.9821428571428571
2140,1.875
2141,0.5714285714285714
2142,1.25
2143,0.42857142857142855
2144,2.3392857142857144
2145,1.7321428571428572
2146,2.142857142857143
2147,1.0892857142857142
2148,2.5892857142857144
2149,0.4642857142857143
2150,0.5357142857142857
2151,0.30357142857142855
2152,0.32142857142857145
2153,0.9285714285714286
2154,1.4642857142857142
2155,0.9642857142857143
2156,1.5
2157,0.8571428571428571
2158,0.75
2159,0.4107142857142857
2160,0.8214285714285714
2161,0.25
2162,0.4642857142857143
2163,4.875
2164,1.6964285714285714
2165,0.0
2166,1.0
2167,1.9285714285714286
2168,1.7142857142857142
2169,1.2321428571428572
2170,0.19642857142857142
2171,0.32142857142857145
2172,1.4285714285714286
2173,0.375
2174,0.44642857142857145
2175,4.053571428571429
2176,0.8035714285714286
2177,1.0
2178,0.6607142857142857
2179,0.32142857142857145
2180,0.10714285714285714
2181,0.9821428571428571
2182,0.6785714285714286
2183,0.14285714285714285
2184,2.0714285714285716
2185,1.6607142857142858
2186,2.767857142857143
2187,0.5892857142857143
2188,0.5535714285714286
2189,0.5892857142857143
2190,1.0178571428571428
2191,0.5
2192,0.8214285714285714
2193,0.5
2194,0.7678571428571429
2195,0.5535714285714286
2196,0.08928571428571429
2197,0.5892857142857143
2198,2.982142857142857
2199,0.3392857142857143
2200,0.6607142857142857
2201,0.44642857142857145
2202,1.0535714285714286
2203,0.44642857142857145
2204,4.267857142857143
2205,2.732142857142857
2206,2.392857142857143
2207,0.5
2208,2.0357142857142856
2209,1.9107142857142858
2210,0.6964285714285714
2211,4.964285714285714
2212,2.642857142857143
2213,2.017857142857143
2214,0.9107142857142857
2215,1.1071428571428572
2216,3.267857142857143
2217,0.21428571428571427
2218,1.125
2219,0.39285714285714285
2220,2.2142857142857144
2221,14.857142857142858
2222,3.0714285714285716
2223,0.0
2224,4.0
2225,1.5535714285714286
2226,4.75
2227,1.0
2228,1.5714285714285714
2229,1.2857142857142858
2230,1.3214285714285714
2231,0.30357142857142855
2232,0.4642857142857143
2233,2.3214285714285716
2234,4.625
2235,0.4642857142857143
2236,0.3392857142857143
2237,0.2857142857142857
2238,1.3928571428571428
2239,0.9107142857142857
2240,1.3392857142857142
2241,0.19642857142857142
2242,4.053571428571429
2243,2.232142857142857
2244,1.8214285714285714
2245,1.6785714285714286
2246,1.2678571428571428
2247,0.39285714285714285
2248,0.48214285714285715
2249,0.375
2250,0.625
2251,0.35714285714285715
2252,0.7142857142857143
2253,1.3035714285714286
2254,0.17857142857142858
2255,0.14285714285714285
2256,3.0357142857142856
2257,2.3392857142857144
2258,0.2857142857142857
2259,0.42857142857142855
2260,2.4464285714285716
2261,0.14285714285714285
2262,2.6607142857142856
2263,2.4107142857142856
2264,1.25
2265,0.5714285714285714
2266,1.0357142857142858
2267,0.5714285714285714
2268,0.8214285714285714
2269,3.857142857142857
2270,2.017857142857143
2271,1.9285714285714286
2272,1.375
2273,1.6607142857142858
2274,0.5
2275,0.30357142857142855
2276,0.6071428571428571
2277,0.21428571428571427
2278,0.42857142857142855
2279,9.357142857142858
2280,2.9107142857142856
2281,0.0
2282,3.0714285714285716
2283,2.892857142857143
2284,1.7678571428571428
2285,1.4821428571428572
2286,2.3392857142857144
2287,0.7857142857142857
2288,1.1964285714285714
2289,0.8571428571428571
2290,0.23214285714285715
2291,2.4642857142857144
2292,1.75
2293,0.7142857142857143
2294,0.2857142857142857
2295,0.35714285714285715
2296,1.0178571428571428
2297,1.3214285714285714
2298,0.42857142857142855
2299,0.8571428571428571
2300,4.928571428571429
2301,1.5357142857142858
2302,1.7142857142857142
2303,1.125
2304,0.16071428571428573
2305,0.4107142857142857
2306,0.75
2307,2.1964285714285716
2308,0.625
2309,0.25
2310,0.3392857142857143
2311,0.35714285714285715
2312,0.08928571428571429
2313,0.05357142857142857
2314,2.1607142857142856
2315,2.5357142857142856
2316,0.5535714285714286
2317,0.39285714285714285
2318,0.8392857142857143
2319,0.7857142857142857
2320,8.5
2321,1.2142857142857142
2322,1.0714285714285714
2323,0.5
2324,0.6607142857142857
2325,0.10714285714285714
2326,0.5535714285714286
2327,2.1607142857142856
2328,1.7678571428571428
2329,0.7857142857142857
2330,1.2857142857142858
2331,1.2142857142857142
2332,1.5178571428571428
2333,0.5535714285714286
2334,0.5178571428571429
2335,0.017857142857142856
2336,0.5357142857142857
2337,2.982142857142857
2338,2.4464285714285716
2339,0.0
2340,3.0714285714285716
2341,0.8035714285714286
2342,1.8214285714285714
2343,2.1785714285714284
2344,0.5535714285714286
2345,0.8392857142857143
2346,1.3035714285714286
2347,0.42857142857142855
2348,0.6428571428571429
2349,1.1071428571428572
2350,2.5892857142857144
2351,1.1607142857142858
2352,0.4642857142857143
2353,0.9464285714285714
2354,0.7678571428571429
2355,1.7678571428571428
2356,0.9821428571428571
2357,0.2857142857142857
2358,1.5
2359,2.5714285714285716
2360,2.0535714285714284
2361,0.9464285714285714
2362,0.5714285714285714
2363,0.9107142857142857
2364,1.0178571428571428
2365,0.35714285714285715
2366,0.75
2367,0.8571428571428571
2368,1.0
2369,1.0535714285714286
2370,0.125
2371,0.4642857142857143
2372,1.125
2373,0.44642857142857145
2374,0.7678571428571429
2375,0.7142857142857143
2376,1.75
2377,1.6607142857142858
2378,6.0
2379,1.3035714285714286
2380,1.4464285714285714
2381,0.6785714285714286
2382,0.5892857142857143
2383,0.4642857142857143
2384,1.0357142857142858
2385,2.0892857142857144
2386,2.607142857142857
2387,1.0178571428571428
2388,0.9285714285714286
2389,1.75
2390,0.4642857142857143
2391,0.875
2392,0.8035714285714286
2393,0.6071428571428571
2394,0.19642857142857142
2395,4.857142857142857
2396,3.5
2397,0.0
2398,2.7142857142857144
2399,2.2142857142857144
2400,1.125
2401,2.982142857142857
2402,1.25
2403,0.5892857142857143
2404,0.07142857142857142
2405,0.7678571428571429
2406,1.0178571428571428
2407,3.982142857142857
2408,0.6785714285714286
2409,1.6785714285714286
2410,1.1428571428571428
2411,1.3214285714285714
2412,0.16071428571428573
2413,0.5178571428571429
2414,0.0
2415,0.32142857142857145
2416,1.1964285714285714
2417,2.875
2418,0.6785714285714286
2419,0.42857142857142855
2420,0.7142857142857143
2421,0.8035714285714286
2422,0.75
2423,0.16071428571428573
2424,1.1428571428571428
2425,0.35714285714285715
2426,0.6071428571428571
2427,0.21428571428571427
2428,0.0
2429,0.375
2430,2.267857142857143
2431,0.23214285714285715
2432,0.5535714285714286
2433,1.0714285714285714
2434,0.875
2435,0.375
2436,8.660714285714286
2437,0.8035714285714286
2438,2.1607142857142856
2439,3.142857142857143
2440,1.9642857142857142
2441,0.23214285714285715
2442,1.0714285714285714
2443,2.2142857142857144
2444,2.1785714285714284
2445,2.0357142857142856
2446,0.9821428571428571
2447,1.8571428571428572
2448,0.48214285714285715
2449,0.7321428571428571
2450,0.8392857142857143
2451,0.7321428571428571
2452,0.6428571428571429
2453,11.607142857142858
2454,3.5535714285714284
2455,0.0
2456,4.339285714285714
2457,6.196428571428571
2458,1.75
2459,0.6428571428571429
2460,2.3214285714285716
2461,1.4464285714285714
2462,0.5178571428571429
2463,1.125
2464,1.3392857142857142
2465,1.7678571428571428
2466,1.1071428571428572
2467,1.1785714285714286
2468,1.5892857142857142
2469,1.2857142857142858
2470,0.44642857142857145
2471,1.5
2472,1.1428571428571428
2473,0.14285714285714285
2474,1.6071428571428572
2475,3.0714285714285716
2476,2.4642857142857144
2477,1.125
2478,0.30357142857142855
2479,1.2321428571428572
2480,1.9285714285714286
2481,0.2857142857142857
2482,1.1428571428571428
2483,0.7857142857142857
2484,0.6071428571428571
2485,0.3392857142857143
2486,0.5892857142857143
2487,0.375
2488,2.0892857142857144
2489,0.5357142857142857
2490,1.0714285714285714
2491,1.5714285714285714
2492,2.0714285714285716
2493,1.0357142857142858
2494,8.017857142857142
2495,4.0
2496,2.482142857142857
2497,1.5357142857142858
2498,1.1964285714285714
2499,0.9464285714285714
2500,1.1785714285714286
2501,1.9642857142857142
2502,2.9285714285714284
2503,1.8928571428571428
2504,1.0535714285714286
2505,2.125
2506,0.42857142857142855
2507,1.4107142857142858
2508,1.0714285714285714
2509,0.7678571428571429
2510,0.4642857142857143
2511,6.892857142857143
2512,2.4285714285714284
2513,0.0
2514,4.75
2515,6.464285714285714
2516,1.625
2517,1.625
2518,1.75
2519,0.6785714285714286
2520,0.9821428571428571
2521,1.2678571428571428
2522,1.4285714285714286
2523,2.4464285714285716
2524,1.2142857142857142
2525,0.9107142857142857
2526,0.8214285714285714
2527,0.6428571428571429
2528,0.32142857142857145
2529,1.9285714285714286
2530,1.5714285714285714
2531,0.39285714285714285
2532,2.7857142857142856
2533,2.3392857142857144
2534,2.642857142857143
2535,1.3214285714285714
2536,1.6071428571428572
2537,0.5892857142857143
2538,1.125
2539,0.7142857142857143
2540,1.9285714285714286
2541,1.3928571428571428
2542,0.6785714285714286
2543,0.30357142857142855
2544,0.26785714285714285
2545,0.42857142857142855
2546,2.8035714285714284
2547,0.25
2548,0.6071428571428571
2549,0.6071428571428571
2550,1.9464285714285714
2551,1.125
2552,3.875
2553,5.232142857142857
2554,4.696428571428571
2555,1.375
2556,1.4285714285714286
2557,0.5714285714285714
2558,0.9821428571428571
2559,10.482142857142858
2560,3.6964285714285716
2561,3.1964285714285716
2562,0.5357142857142857
2563,2.3392857142857144
2564,0.8214285714285714
2565,3.3035714285714284
2566,1.1071428571428572
2567,1.5357142857142858
2568,1.0357142857142858
2569,11.071428571428571
2570,3.3392857142857144
2571,0.0
2572,4.321428571428571
2573,5.321428571428571
2574,1.875
2575,2.642857142857143
2576,3.892857142857143
2577,1.1607142857142858
2578,0.05357142857142857
2579,1.4464285714285714
2580,1.125
2581,4.857142857142857
2582,2.1785714285714284
2583,0.0
2584,1.6964285714285714
2585,0.6607142857142857
2586,3.3214285714285716
2587,2.107142857142857
2588,0.5535714285714286
2589,0.8928571428571429
2590,6.339285714285714
2591,1.7857142857142858
2592,3.767857142857143
2593,2.892857142857143
2594,2.0535714285714284
2595,1.6071428571428572
2596,2.375
2597,0.5535714285714286
2598,1.5
2599,0.9464285714285714
2600,1.1964285714285714
2601,0.39285714285714285
2602,0.35714285714285715
2603,0.6071428571428571
2604,4.410714285714286
2605,0.4107142857142857
2606,0.5357142857142857
2607,1.5535714285714286
2608,2.8392857142857144
2609,0.0
2610,10.053571428571429
2611,1.7678571428571428
2612,1.2142857142857142
2613,1.3392857142857142
2614,1.7678571428571428
2615,1.1964285714285714
2616,1.0
2617,3.4464285714285716
2618,3.017857142857143
2619,2.75
2620,2.267857142857143
2621,2.4642857142857144
2622,0.5714285714285714
2623,0.8214285714285714
2624,2.1785714285714284
2625,0.9107142857142857
2626,0.23214285714285715
2627,14.392857142857142
2628,7.125
2629,0.0
2630,5.678571428571429
2631,2.4642857142857144
2632,2.0535714285714284
2633,1.7321428571428572
2634,2.392857142857143
2635,1.2857142857142858
2636,0.7678571428571429
2637,1.25
2638,0.8035714285714286
2639,2.0535714285714284
2640,2.4107142857142856
2641,0.39285714285714285
2642,1.0714285714285714
2643,0.16071428571428573
2644,0.6785714285714286
2645,0.7321428571428571
2646,0.14285714285714285
2647,0.5
2648,2.1964285714285716
2649,1.0892857142857142
2650,1.2857142857142858
2651,2.232142857142857
2652,0.625
2653,0.30357142857142855
2654,0.9464285714285714
2655,0.25
2656,1.75
2657,0.5714285714285714
2658,0.39285714285714285
2659,0.48214285714285715
2660,0.875
2661,0.19642857142857142
2662,4.321428571428571
2663,3.5357142857142856
2664,0.44642857142857145
2665,0.5714285714285714
2666,2.482142857142857
2667,0.21428571428571427
2668,8.464285714285714
2669,2.0892857142857144
2670,1.6607142857142858
2671,1.1071428571428572
2672,0.7142857142857143
2673,0.25
2674,0.7321428571428571
2675,2.8392857142857144
2676,1.8214285714285714
2677,2.142857142857143
2678,1.6964285714285714
2679,0.6607142857142857
2680,2.107142857142857
2681,0.2857142857142857
2682,0.26785714285714285
2683,0.6785714285714286
2684,1.0178571428571428
2685,6.160714285714286
2686,3.607142857142857
2687,0.0
2688,2.357142857142857
2689,1.5357142857142858
2690,2.107142857142857
2691,1.8035714285714286
2692,0.0
2693,0.8035714285714286
2694,1.25
2695,0.5357142857142857
2696,0.9107142857142857
2697,1.8214285714285714
2698,2.0
2699,1.5535714285714286
2700,0.5714285714285714
2701,0.5892857142857143
2702,1.0892857142857142
2703,1.8035714285714286
2704,1.25
2705,1.5535714285714286
2706,1.9464285714285714
2707,1.6964285714285714
2708,2.5357142857142856
2709,0.9642857142857143
2710,0.5178571428571429
2711,0.6964285714285714
2712,1.2321428571428572
2713,0.23214285714285715
2714,0.5535714285714286
2715,0.25
2716,0.9464285714285714
2717,0.9107142857142857
2718,0.4107142857142857
2719,0.9821428571428571
2720,1.875
2721,0.5714285714285714
2722,1.25
2723,0.42857142857142855
2724,2.3392857142857144
2725,1.7321428571428572
2726,2.142857142857143
2727,1.0892857142857142
2728,2.5892857142857144
2729,0.4642857142857143
2730,0.5357142857142857
2731,0.30357142857142855
2732,0.32142857142857145
2733,0.9285714285714286
2734,1.4642857142857142
2735,0.9642857142857143
2736,1.5
2737,0.8571428571428571
2738,0.75
2739,0.4107142857142857
2740,0.8214285714285714
2741,0.25
2742,0.4642857142857143
2743,4.875
2744,1.6964285714285714
2745,0.0
2746,1.0
2747,1.9285714285714286
2748,1.7142857142857142
2749,1.2321428571428572
2750,0.19642857142857142
2751,0.32142857142857145
2752,1.4285714285714286
2753,0.375
2754,0.44642857142857145
2755,4.053571428571429
2756,0.8035714285714286
2757,1.0
2758,0.6607142857142857
2759,0.32142857142857145
2760,0.10714285714285714
2761,0.9821428571428571
2762,0.6785714285714286
2763,0.14285714285714285
2764,2.0714285714285716
2765,1.6607142857142858
2766,2.767857142857143
2767,0.5892857142857143
2768,0.5535714285714286
2769,0.5892857142857143
2770,1.0178571428571428
2771,0.5
2772,0.8214285714285714
2773,0.5
2774,0.7678571428571429
2775,0.5535714285714286
2776,0.08928571428571429
2777,0.5892857142857143
2778,2.982142857142857
2779,0.3392857142857143
2780,0.6607142857142857
2781,0.44642857142857145
2782,1.0535714285714286
2783,0.44642857142857145
2784,4.267857142857143
2785,2.732142857142857
2786,2.392857142857143
2787,0.5
2788,2.0357142857142856
2789,1.9107142857142858
2790,0.6964285714285714
2791,4.964285714285714
2792,2.642857142857143
2793,2.017857142857143
2794,0.9107142857142857
2795,1.1071428571428572
2796,3.267857142857143
2797,0.21428571428571427
2798,1.125
2799,0.39285714285714285
2800,2.2142857142857144
2801,14.857142857142858
2802,3.0714285714285716
2803,0.0
2804,4.0
2805,1.5535714285714286
2806,4.75
2807,1.0
2808,1.5714285714285714
2809,1.2857142857142858
2810,1.3214285714285714
2811,0.30357142857142855
2812,0.4642857142857143
2813,2.3214285714285716
2814,4.625
2815,0.4642857142857143
2816,0.3392857142857143
2817,0.2857142857142857
2818,1.3928571428571428
2819,0.9107142857142857
2820,1.3392857142857142
2821,0.19642857142857142
2822,4.053571428571429
2823,2.232142857142857
2824,1.8214285714285714
2825,1.6785714285714286
2826,1.2678571428571428
2827,0.39285714285714285
2828,0.48214285714285715
2829,0.375
2830,0.625
2831,0.35714285714285715
2832,0.7142857142857143
2833,1.3035714285714286
2834,0.17857142857142858
2835,0.14285714285714285
2836,3.0357142857142856
2837,2.3392857142857144
2838,0.2857142857142857
2839,0.42857142857142855
2840,2.4464285714285716
2841,0.14285714285714285
2842,2.6607142857142856
2843,2.4107142857142856
2844,1.25
2845,0.5714285714285714
2846,1.0357142857142858
2847,0.5714285714285714
2848,0.8214285714285714
2849,3.857142857142857
2850,2.017857142857143
2851,1.9285714285714286
2852,1.375
2853,1.6607142857142858
2854,0.5
2855,0.30357142857142855
2856,0.6071428571428571
2857,0.21428571428571427
2858,0.42857142857142855
2859,9.357142857142858
2860,2.9107142857142856
2861,0.0
2862,3.0714285714285716
2863,2.892857142857143
2864,1.7678571428571428
2865,1.4821428571428572
2866,2.3392857142857144
2867,0.7857142857142857
2868,1.1964285714285714
2869,0.8571428571428571
2870,0.23214285714285715
2871,2.4642857142857144
2872,1.75
2873,0.7142857142857143
2874,0.2857142857142857
2875,0.35714285714285715
2876,1.0178571428571428
2877,1.3214285714285714
2878,0.42857142857142855
2879,0.8571428571428571
2880,4.928571428571429
2881,1.5357142857142858
2882,1.7142857142857142
2883,1.125
2884,0.16071428571428573
2885,0.4107142857142857
2886,0.75
2887,2.1964285714285716
2888,0.625
2889,0.25
2890,0.3392857142857143
2891,0.35714285714285715
2892,0.08928571428571429
2893,0.05357142857142857
2894,2.1607142857142856
2895,2.5357142857142856
2896,0.5535714285714286
2897,0.39285714285714285
2898,0.8392857142857143
2899,0.7857142857142857
2900,8.5
2901,1.2142857142857142
2902,1.0714285714285714
2903,0.5
2904,0.6607142857142857
2905,0.10714285714285714
2906,0.5535714285714286
2907,2.1607142857142856
2908,1.7678571428571428
2909,0.7857142857142857
2910,1.2857142857142858
2911,1.2142857142857142
2912,1.5178571428571428
2913,0.5535714285714286
2914,0.5178571428571429
2915,0.017857142857142856
2916,0.5357142857142857
2917,2.982142857142857
2918,2.4464285714285716
2919,0.0
2920,3.0714285714285716
2921,0.8035714285714286
2922,1.8214285714285714
2923,2.1785714285714284
2924,0.5535714285714286
2925,0.8392857142857143
2926,1.3035714285714286
2927,0.42857142857142855
2928,0.6428571428571429
2929,1.1071428571428572
2930,2.5892857142857144
2931,1.1607142857142858
2932,0.4642857142857143
2933,0.9464285714285714
2934,0.7678571428571429
2935,1.7678571428571428
2936,0.9821428571428571
2937,0.2857142857142857
2938,1.5
2939,2.5714285714285716
2940,2.0535714285714284
2941,0.9464285714285714
2942,0.5714285714285714
2943,0.9107142857142857
2944,1.0178571428571428
2945,0.35714285714285715
2946,0.75
2947,0.8571428571428571
2948,1.0
2949,1.0535714285714286
2950,0.125
2951,0.4642857142857143
2952,1.125
2953,0.44642857142857145
2954,0.7678571428571429
2955,0.7142857142857143
2956,1.75
2957,1.6607142857142858
2958,6.0
2959,1.3035714285714286
2960,1.4464285714285714
2961,0.6785714285714286
2962,0.5892857142857143
2963,0.4642857142857143
2964,1.0357142857142858
2965,2.0892857142857144
2966,2.607142857142857
2967,1.0178571428571428
2968,0.9285714285714286
2969,1.75
2970,0.4642857142857143
2971,0.875
2972,0.8035714285714286
2973,0.6071428571428571
2974,0.19642857142857142
2975,4.857142857142857
2976,3.5
2977,0.0
2978,2.7142857142857144
2979,2.2142857142857144
2980,1.125
2981,2.982142857142857
2982,1.25
2983,0.5892857142857143
2984,0.07142857142857142
2985,0.7678571428571429
2986,1.0178571428571428
2987,3.982142857142857
2988,0.6785714285714286
2989,1.6785714285714286
2990,1.1428571428571428
2991,1.3214285714285714
2992,0.16071428571428573
2993,0.5178571428571429
2994,0.0
2995,0.32142857142857145
2996,1.1964285714285714
2997,2.875
2998,0.6785714285714286
2999,0.42857142857142855
3000,0.7142857142857143
3001,0.8035714285714286
3002,0.75
3003,0.16071428571428573
3004,1.1428571428571428
3005,0.35714285714285715
3006,0.6071428571428571
3007,0.21428571428571427
3008,0.0
3009,0.375
3010,2.267857142857143
3011,0.23214285714285715
3012,0.5535714285714286
3013,1.0714285714285714
3014,0.875
3015,0.375
3016,8.660714285714286
3017,0.8035714285714286
3018,2.1607142857142856
3019,3.142857142857143
3020,1.9642857142857142
3021,0.23214285714285715
3022,1.0714285714285714
3023,2.2142857142857144
3024,2.1785714285714284
3025,2.0357142857142856
3026,0.9821428571428571
3027,1.8571428571428572
3028,0.48214285714285715
3029,0.7321428571428571
3030,0.8392857142857143
3031,0.7321428571428571
3032,0.6428571428571429
3033,11.607142857142858
3034,3.5535714285714284
3035,0.0
3036,4.339285714285714
3037,6.196428571428571
3038,1.75
3039,0.6428571428571429
3040,2.3214285714285716
3041,1.4464285714285714
3042,0.5178571428571429
3043,1.125
3044,1.3392857142857142
3045,1.7678571428571428
3046,1.1071428571428572
3047,1.1785714285714286
3048,1.5892857142857142
3049,1.2857142857142858
3050,0.44642857142857145
3051,1.5
3052,1.1428571428571428
3053,0.14285714285714285
3054,1.6071428571428572
3055,3.0714285714285716
3056,2.4642857142857144
3057,1.125
3058,0.30357142857142855
3059,1.2321428571428572
3060,1.9285714285714286
3061,0.2857142857142857
3062,1.1428571428571428
3063,0.7857142857142857
3064,0.6071428571428571
3065,0.3392857142857143
3066,0.5892857142857143
3067,0.375
3068,2.0892857142857144
3069,0.5357142857142857
3070,1.0714285714285714
3071,1.5714285714285714
3072,2.0714285714285716
3073,1.0357142857142858
3074,8.017857142857142
3075,4.0
3076,2.482142857142857
3077,1.5357142857142858
3078,1.1964285714285714
3079,0.9464285714285714
3080,1.1785714285714286
3081,1.9642857142857142
3082,2.9285714285714284
3083,1.8928571428571428
3084,1.0535714285714286
3085,2.125
3086,0.42857142857142855
3087,1.4107142857142858
3088,1.0714285714285714
3089,0.7678571428571429
3090,0.4642857142857143
3091,6.892857142857143
3092,2.4285714285714284
3093,0.0
3094,4.75
3095,6.464285714285714
3096,1.625
3097,1.625
3098,1.75
3099,0.6785714285714286
3100,0.9821428571428571
3101,1.2678571428571428
3102,1.4285714285714286
3103,2.4464285714285716
3104,1.2142857142857142
3105,0.9107142857142857
3106,0.8214285714285714
3107,0.6428571428571429
3108,0.32142857142857145
3109,1.9285714285714286
3110,1.5714285714285714
3111,0.39285714285714285
3112,2.7857142857142856
3113,2.3392857142857144
3114,2.642857142857143
3115,1.3214285714285714
3116,1.6071428571428572
3117,0.5892857142857143
3118,1.125
3119,0.7142857142857143
3120,1.9285714285714286
3121,1.3928571428571428
3122,0.6785714285714286
3123,0.30357142857142855
3124,0.26785714285714285
3125,0.42857142857142855
3126,2.8035714285714284
3127,0.25
3128,0.6071428571428571
3129,0.6071428571428571
3130,1.9464285714285714
3131,1.125
3132,3.875
3133,5.232142857142857
3134,4.696428571428571
3135,1.375
3136,1.4285714285714286
3137,0.5714285714285714
3138,0.9821428571428571
3139,10.482142857142858
3140,3.6964285714285716
3141,3.1964285714285716
3142,0.5357142857142857
3143,2.3392857142857144
3144,0.8214285714285714
3145,3.3035714285714284
3146,1.1071428571428572
3147,1.5357142857142858
3148,1.0357142857142858
3149,11.071428571428571
3150,3.3392857142857144
3151,0.0
3152,4.321428571428571
3153,5.321428571428571
3154,1.875
3155,2.642857142857143
3156,3.892857142857143
3157,1.1607142857142858
3158,0.05357142857142857
3159,1.4464285714285714
3160,1.125
3161,4.857142857142857
3162,2.1785714285714284
3163,0.0
3164,1.6964285714285714
3165,0.6607142857142857
3166,3.3214285714285716
3167,2.107142857142857
3168,0.5535714285714286
3169,0.8928571428571429
3170,6.339285714285714
3171,1.7857142857142858
3172,3.767857142857143
3173,2.892857142857143
3174,2.0535714285714284
3175,1.6071428571428572
3176,2.375
3177,0.5535714285714286
3178,1.5
3179,0.9464285714285714
3180,1.1964285714285714
3181,0.39285714285714285
3182,0.35714285714285715
3183,0.6071428571428571
3184,4.410714285714286
3185,0.4107142857142857
3186,0.5357142857142857
3187,1.5535714285714286
3188,2.8392857142857144
3189,0.0
3190,10.053571428571429
3191,1.7678571428571428
3192,1.2142857142857142
3193,1.3392857142857142
3194,1.7678571428571428
3195,1.1964285714285714
3196,1.0
3197,3.4464285714285716
3198,3.017857142857143
3199,2.75
3200,2.267857142857143
3201,2.4642857142857144
3202,0.5714285714285714
3203,0.8214285714285714
3204,2.1785714285714284
3205,0.9107142857142857
3206,0.23214285714285715
3207,14.392857142857142
3208,7.125
3209,0.0
3210,5.678571428571429
3211,2.4642857142857144
3212,2.0535714285714284
3213,1.7321428571428572
3214,2.392857142857143
3215,1.2857142857142858
3216,0.7678571428571429
3217,1.25
3218,0.8035714285714286
3219,2.0535714285714284
3220,2.4107142857142856
3221,0.39285714285714285
3222,1.0714285714285714
3223,0.16071428571428573
3224,0.6785714285714286
3225,0.7321428571428571
3226,0.14285714285714285
3227,0.5
3228,2.1964285714285716
3229,1.0892857142857142
3230,1.2857142857142858
3231,2.232142857142857
3232,0.625
3233,0.30357142857142855
3234,0.9464285714285714
3235,0.25
3236,1.75
3237,0.5714285714285714
3238,0.39285714285714285
3239,0.48214285714285715
3240,0.875
3241,0.19642857142857142
3242,4.321428571428571
3243,3.5357142857142856
3244,0.44642857142857145
3245,0.5714285714285714
3246,2.482142857142857
3247,0.21428571428571427
3248,8.464285714285714
3249,2.0892857142857144
3250,1.6607142857142858
3251,1.1071428571428572
3252,0.7142857142857143
3253,0.25
3254,0.7321428571428571
3255,2.8392857142857144
3256,1.8214285714285714
3257,2.142857142857143
3258,1.6964285714285714
3259,0.6607142857142857
3260,2.107142857142857
3261,0.2857142857142857
3262,0.26785714285714285
3263,0.6785714285714286
3264,1.0178571428571428
3265,6.160714285714286
3266,3.607142857142857
3267,0.0
3268,2.357142857142857
3269,1.5357142857142858
3270,2.107142857142857
3271,1.8035714285714286
3272,0.0
3273,0.8035714285714286
3274,1.25
3275,0.5357142857142857
3276,0.9107142857142857
3277,1.8214285714285714
3278,2.0
3279,1.5535714285714286
3280,0.5714285714285714
3281,0.5892857142857143
3282,1.0892857142857142
3283,1.8035714285714286
3284,1.25
3285,1.5535714285714286
3286,1.9464285714285714
3287,1.6964285714285714
3288,2.5357142857142856
3289,0.9642857142857143
3290,0.5178571428571429
3291,0.6964285714285714
3292,1.2321428571428572
3293,0.23214285714285715
3294,0.5535714285714286
3295,0.25
3296,0.9464285714285714
3297,0.9107142857142857
3298,0.4107142857142857
3299,0.9821428571428571
3300,1.875
3301,0.5714285714285714
3302,1.25
3303,0.42857142857142855
3304,2.3392857142857144
3305,1.7321428571428572
3306,2.142857142857143
3307,1.0892857142857142
3308,2.5892857142857144
3309,0.4642857142857143
3310,0.5357142857142857
3311,0.30357142857142855
3312,0.32142857142857145
3313,0.9285714285714286
3314,1.4642857142857142
3315,0.9642857142857143
3316,1.5
3317,0.8571428571428571
3318,0.75
3319,0.4107142857142857
3320,0.8214285714285714
3321,0.25
3322,0.4642857142857143
3323,4.875
3324,1.6964285714285714
3325,0.0
3326,1.0
3327,1.9285714285714286
3328,1.7142857142857142
3329,1.2321428571428572
3330,0.19642857142857142
3331,0.32142857142857145
3332,1.4285714285714286
3333,0.375
3334,0.44642857142857145
3335,4.053571428571429
3336,0.8035714285714286
3337,1.0
3338,0.6607142857142857
3339,0.32142857142857145
3340,0.10714285714285714
3341,0.9821428571428571
3342,0.6785714285714286
3343,0.14285714285714285
3344,2.0714285714285716
3345,1.6607142857142858
3346,2.767857142857143
3347,0.5892857142857143
3348,0.5535714285714286
3349,0.5892857142857143
3350,1.0178571428571428
3351,0.5
3352,0.8214285714285714
3353,0.5
3354,0.7678571428571429
3355,0.5535714285714286
3356,0.08928571428571429
3357,0.5892857142857143
3358,2.982142857142857
3359,0.3392857142857143
3360,0.6607142857142857
3361,0.44642857142857145
3362,1.0535714285714286
3363,0.44642857142857145
3364,4.267857142857143
3365,2.732142857142857
3366,2.392857142857143
3367,0.5
3368,2.0357142857142856
3369,1.9107142857142858
3370,0.6964285714285714
3371,4.964285714285714
3372,2.642857142857143
3373,2.017857142857143
3374,0.9107142857142857
3375,1.1071428571428572
3376,3.267857142857143
3377,0.21428571428571427
3378,1.125
3379,0.39285714285714285
3380,2.2142857142857144
3381,14.857142857142858
3382,3.0714285714285716
3383,0.0
3384,4.0
3385,1.5535714285714286
3386,4.75
3387,1.0
3388,1.5714285714285714
3389,1.2857142857142858
3390,1.3214285714285714
3391,0.30357142857142855
3392,0.4642857142857143
3393,2.3214285714285716
3394,4.625
3395,0.4642857142857143
3396,0.3392857142857143
3397,0.2857142857142857
3398,1.3928571428571428
3399,0.9107142857142857
3400,1.3392857142857142
3401,0.19642857142857142
3402,4.053571428571429
3403,2.232142857142857
3404,1.8214285714285714
3405,1.6785714285714286
3406,1.2678571428571428
3407,0.39285714285714285
3408,0.48214285714285715
3409,0.375
3410,0.625
3411,0.35714285714285715
3412,0.7142857142857143
3413,1.3035714285714286
3414,0.17857142857142858
3415,0.14285714285714285
3416,3.0357142857142856
3417,2.3392857142857144
3418,0.2857142857142857
3419,0.42857142857142855
3420,2.4464285714285716
3421,0.14285714285714285
3422,2.6607142857142856
3423,2.4107142857142856
3424,1.25
3425,0.5714285714285714
3426,1.0357142857142858
3427,0.5714285714285714
3428,0.8214285714285714
3429,3.857142857142857
3430,2.017857142857143
3431,1.9285714285714286
3432,1.375
3433,1.6607142857142858
3434,0.5
3435,0.30357142857142855
3436,0.6071428571428571
3437,0.21428571428571427
3438,0.42857142857142855
3439,9.357142857142858
3440,2.9107142857142856
3441,0.0
3442,3.0714285714285716
3443,2.892857142857143
3444,1.7678571428571428
3445,1.4821428571428572
3446,2.3392857142857144
3447,0.7857142857142857
3448,1.1964285714285714
3449,0.8571428571428571
3450,0.23214285714285715
3451,2.4642857142857144
3452,1.75
3453,0.7142857142857143
3454,0.2857142857142857
3455,0.35714285714285715
3456,1.0178571428571428
3457,1.3214285714285714
3458,0.42857142857142855
3459,0.8571428571428571
3460,4.928571428571429
3461,1.5357142857142858
3462,1.7142857142857142
3463,1.125
3464,0.16071428571428573
3465,0.4107142857142857
3466,0.75
3467,2.1964285714285716
3468,0.625
3469,0.25
3470,0.3392857142857143
3471,0.35714285714285715
3472,0.08928571428571429
3473,0.05357142857142857
3474,2.1607142857142856
3475,2.5357142857142856
3476,0.5535714285714286
3477,0.39285714285714285
3478,0.8392857142857143
3479,0.7857142857142857
3480,8.5
3481,1.2142857142857142
3482,1.0714285714285714
3483,0.5
3484,0.6607142857142857
3485,0.10714285714285714
3486,0.5535714285714286
3487,2.1607142857142856
3488,1.7678571428571428
3489,0.7857142857142857
3490,1.2857142857142858
3491,1.2142857142857142
3492,1.5178571428571428
3493,0.5535714285714286
3494,0.5178571428571429
3495,0.017857142857142856
3496,0.5357142857142857
3497,2.982142857142857
3498,2.4464285714285716
3499,0.0
3500,3.0714285714285716
3501,0.8035714285714286
3502,1.8214285714285714
3503,2.1785714285714284
3504,0.5535714285714286
3505,0.8392857142857143
3506,1.3035714285714286
3507,0.42857142857142855
3508,0.6428571428571429
3509,1.1071428571428572
3510,2.5892857142857144
3511,1.1607142857142858
3512,0.4642857142857143
3513,0.9464285714285714
3514,0.7678571428571429
3515,1.7678571428571428
3516,0.9821428571428571
3517,0.2857142857142857
3518,1.5
3519,2.5714285714285716
3520,2.0535714285714284
3521,0.9464285714285714
3522,0.5714285714285714
3523,0.9107142857142857
3524,1.0178571428571428
3525,0.35714285714285715
3526,0.75
3527,0.8571428571428571
3528,1.0
3529,1.0535714285714286
3530,0.125
3531,0.4642857142857143
3532,1.125
3533,0.44642857142857145
3534,0.7678571428571429
3535,0.7142857142857143
3536,1.75
3537,1.6607142857142858
3538,6.0
3539,1.3035714285714286
3540,1.4464285714285714
3541,0.6785714285714286
3542,0.5892857142857143
3543,0.4642857142857143
3544,1.0357142857142858
3545,2.0892857142857144
3546,2.607142857142857
3547,1.0178571428571428
3548,0.9285714285714286
3549,1.75
3550,0.4642857142857143
3551,0.875
3552,0.8035714285714286
3553,0.6071428571428571
3554,0.19642857142857142
3555,4.857142857142857
3556,3.5
3557,0.0
3558,2.7142857142857144
3559,2.2142857142857144
3560,1.125
3561,2.982142857142857
3562,1.25
3563,0.5892857142857143
3564,0.07142857142857142
3565,0.7678571428571429
3566,1.0178571428571428
3567,3.982142857142857
3568,0.6785714285714286
3569,1.6785714285714286
3570,1.1428571428571428
3571,1.3214285714285714
3572,0.16071428571428573
3573,0.5178571428571429
3574,0.0
3575,0.32142857142857145
3576,1.1964285714285714
3577,2.875
3578,0.6785714285714286
3579,0.42857142857142855
3580,0.7142857142857143
3581,0.8035714285714286
3582,0.75
3583,0.16071428571428573
3584,1.1428571428571428
3585,0.35714285714285715
3586,0.6071428571428571
3587,0.21428571428571427
3588,0.0
3589,0.375
3590,2.267857142857143
3591,0.23214285714285715
3592,0.5535714285714286
3593,1.0714285714285714
3594,0.875
3595,0.375
3596,8.660714285714286
3597,0.8035714285714286
3598,2.1607142857142856
3599,3.142857142857143
3600,1.9642857142857142
3601,0.23214285714285715
3602,1.0714285714285714
3603,2.2142857142857144
3604,2.1785714285714284
3605,2.0357142857142856
3606,0.9821428571428571
3607,1.8571428571428572
3608,0.48214285714285715
3609,0.7321428571428571
3610,0.8392857142857143
3611,0.7321428571428571
3612,0.6428571428571429
3613,11.607142857142858
3614,3.5535714285714284
3615,0.0
3616,4.339285714285714
3617,6.196428571428571
3618,1.75
3619,0.6428571428571429
3620,2.3214285714285716
3621,1.4464285714285714
3622,0.5178571428571429
3623,1.125
3624,1.3392857142857142
3625,1.7678571428571428
3626,1.1071428571428572
3627,1.1785714285714286
3628,1.5892857142857142
3629,1.2857142857142858
3630,0.44642857142857145
3631,1.5
3632,1.1428571428571428
3633,0.14285714285714285
3634,1.6071428571428572
3635,3.0714285714285716
3636,2.4642857142857144
3637,1.125
3638,0.30357142857142855
3639,1.2321428571428572
3640,1.9285714285714286
3641,0.2857142857142857
3642,1.1428571428571428
3643,0.7857142857142857
3644,0.6071428571428571
3645,0.3392857142857143
3646,0.5892857142857143
3647,0.375
3648,2.0892857142857144
3649,0.5357142857142857
3650,1.0714285714285714
3651,1.5714285714285714
3652,2.0714285714285716
3653,1.0357142857142858
3654,8.017857142857142
3655,4.0
3656,2.482142857142857
3657,1.5357142857142858
3658,1.1964285714285714
3659,0.9464285714285714
3660,1.1785714285714286
3661,1.9642857142857142
3662,2.9285714285714284
3663,1.8928571428571428
3664,1.0535714285714286
3665,2.125
3666,0.42857142857142855
3667,1.4107142857142858
3668,1.0714285714285714
3669,0.7678571428571429
3670,0.4642857142857143
3671,6.892857142857143
3672,2.4285714285714284
3673,0.0
3674,4.75
3675,6.464285714285714
3676,1.625
3677,1.625
3678,1.75
3679,0.6785714285714286
3680,0.9821428571428571
3681,1.2678571428571428
3682,1.4285714285714286
3683,2.4464285714285716
3684,1.2142857142857142
3685,0.9107142857142857
3686,0.8214285714285714
3687,0.6428571428571429
3688,0.32142857142857145
3689,1.9285714285714286
3690,1.5714285714285714
3691,0.39285714285714285
3692,2.7857142857142856
3693,2.3392857142857144
3694,2.642857142857143
3695,1.3214285714285714
3696,1.6071428571428572
3697,0.5892857142857143
3698,1.125
3699,0.7142857142857143
3700,1.9285714285714286
3701,1.3928571428571428
3702,0.6785714285714286
3703,0.30357142857142855
3704,0.26785714285714285
3705,0.42857142857142855
3706,2.8035714285714284
3707,0.25
3708,0.6071428571428571
3709,0.6071428571428571
3710,1.9464285714285714
3711,1.125
3712,3.875
3713,5.232142857142857
3714,4.696428571428571
3715,1.375
3716,1.4285714285714286
3717,0.5714285714285714
3718,0.9821428571428571
3719,10.482142857142858
3720,3.6964285714285716
3721,3.1964285714285716
3722,0.5357142857142857
3723,2.3392857142857144
3724,0.8214285714285714
3725,3.3035714285714284
3726,1.1071428571428572
3727,1.5357142857142858
3728,1.0357142857142858
3729,11.071428571428571
3730,3.3392857142857144
3731,0.0
3732,4.321428571428571
3733,5.321428571428571
3734,1.875
3735,2.642857142857143
3736,3.892857142857143
3737,1.1607142857142858
3738,0.05357142857142857
3739,1.4464285714285714
3740,1.125
3741,4.857142857142857
3742,2.1785714285714284
3743,0.0
3744,1.6964285714285714
3745,0.6607142857142857
3746,3.3214285714285716
3747,2.107142857142857
3748,0.5535714285714286
3749,0.8928571428571429
3750,6.339285714285714
3751,1.7857142857142858
3752,3.767857142857143
3753,2.892857142857143
3754,2.0535714285714284
3755,1.6071428571428572
3756,2.375
3757,0.5535714285714286
3758,1.5
3759,0.9464285714285714
3760,1.1964285714285714
3761,0.39285714285714285
3762,0.35714285714285715
3763,0.6071428571428571
3764,4.410714285714286
3765,0.4107142857142857
3766,0.5357142857142857
3767,1.5535714285714286
3768,2.8392857142857144
3769,0.0
3770,10.053571428571429
3771,1.7678571428571428
3772,1.2142857142857142
3773,1.3392857142857142
3774,1.7678571428571428
3775,1.1964285714285714
3776,1.0
3777,3.4464285714285716
3778,3.017857142857143
3779,2.75
3780,2.267857142857143
3781,2.4642857142857144
3782,0.5714285714285714
3783,0.8214285714285714
3784,2.1785714285714284
3785,0.9107142857142857
3786,0.23214285714285715
3787,14.392857142857142
3788,7.125
3789,0.0
3790,5.678571428571429
3791,2.4642857142857144
3792,2.0535714285714284
3793,1.7321428571428572
3794,2.392857142857143
3795,1.2857142857142858
3796,0.7678571428571429
3797,1.25
3798,0.8035714285714286
3799,2.0535714285714284
3800,2.4107142857142856
3801,0.39285714285714285
3802,1.0714285714285714
3803,0.16071428571428573
3804,0.6785714285714286
3805,0.7321428571428571
3806,0.14285714285714285
3807,0.5
3808,2.1964285714285716
3809,1.0892857142857142
3810,1.2857142857142858
3811,2.232142857142857
3812,0.625
3813,0.30357142857142855
3814,0.9464285714285714
3815,0.25
3816,1.75
3817,0.5714285714285714
3818,0.39285714285714285
3819,0.48214285714285715
3820,0.875
3821,0.19642857142857142
3822,4.321428571428571
3823,3.5357142857142856
3824,0.44642857142857145
3825,0.5714285714285714
3826,2.482142857142857
3827,0.21428571428571427
3828,8.464285714285714
3829,2.0892857142857144
3830,1.6607142857142858
3831,1.1071428571428572
3832,0.7142857142857143
3833,0.25
3834,0.7321428571428571
3835,2.8392857142857144
3836,1.8214285714285714
3837,2.142857142857143
3838,1.6964285714285714
3839,0.6607142857142857
3840,2.107142857142857
3841,0.2857142857142857
3842,0.26785714285714285
3843,0.6785714285714286
3844,1.0178571428571428
3845,6.160714285714286
3846,3.607142857142857
3847,0.0
3848,2.357142857142857
3849,1.5357142857142858
3850,2.107142857142857
3851,1.8035714285714286
3852,0.0
3853,0.8035714285714286
3854,1.25
3855,0.5357142857142857
3856,0.9107142857142857
3857,1.8214285714285714
3858,2.0
3859,1.5535714285714286
3860,0.5714285714285714
3861,0.5892857142857143
3862,1.0892857142857142
3863,1.8035714285714286
3864,1.25
3865,1.5535714285714286
3866,1.9464285714285714
3867,1.6964285714285714
3868,2.5357142857142856
3869,0.9642857142857143
3870,0.5178571428571429
3871,0.6964285714285714
3872,1.2321428571428572
3873,0.23214285714285715
3874,0.5535714285714286
3875,0.25
3876,0.9464285714285714
3877,0.9107142857142857
3878,0.4107142857142857
3879,0.9821428571428571
3880,1.875
3881,0.5714285714285714
3882,1.25
3883,0.42857142857142855
3884,2.3392857142857144
3885,1.7321428571428572
3886,2.142857142857143
3887,1.0892857142857142
3888,2.5892857142857144
3889,0.4642857142857143
3890,0.5357142857142857
3891,0.30357142857142855
3892,0.32142857142857145
3893,0.9285714285714286
3894,1.4642857142857142
3895,0.9642857142857143
3896,1.5
3897,0.8571428571428571
3898,0.75
3899,0.4107142857142857
3900,0.8214285714285714
3901,0.25
3902,0.4642857142857143
3903,4.875
3904,1.6964285714285714
3905,0.0
3906,1.0
3907,1.9285714285714286
3908,1.7142857142857142
3909,1.2321428571428572
3910,0.19642857142857142
3911,0.32142857142857145
3912,1.4285714285714286
3913,0.375
3914,0.44642857142857145
3915,4.053571428571429
3916,0.8035714285714286
3917,1.0
3918,0.6607142857142857
3919,0.32142857142857145
3920,0.10714285714285714
3921,0.9821428571428571
3922,0.6785714285714286
3923,0.14285714285714285
3924,2.0714285714285716
3925,1.6607142857142858
3926,2.767857142857143
3927,0.5892857142857143
3928,0.5535714285714286
3929,0.5892857142857143
3930,1.0178571428571428
3931,0.5
3932,0.8214285714285714
3933,0.5
3934,0.7678571428571429
3935,0.5535714285714286
3936,0.08928571428571429
3937,0.5892857142857143
3938,2.982142857142857
3939,0.3392857142857143
3940,0.6607142857142857
3941,0.44642857142857145
3942,1.0535714285714286
3943,0.44642857142857145
3944,4.267857142857143
3945,2.732142857142857
3946,2.392857142857143
3947,0.5
3948,2.0357142857142856
3949,1.9107142857142858
3950,0.6964285714285714
3951,4.964285714285714
3952,2.642857142857143
3953,2.017857142857143
3954,0.9107142857142857
3955,1.1071428571428572
3956,3.267857142857143
3957,0.21428571428571427
3958,1.125
3959,0.39285714285714285
3960,2.2142857142857144
3961,14.857142857142858
3962,3.0714285714285716
3963,0.0
3964,4.0
3965,1.5535714285714286
3966,4.75
3967,1.0
3968,1.5714285714285714
3969,1.2857142857142858
3970,1.3214285714285714
3971,0.30357142857142855
3972,0.4642857142857143
3973,2.3214285714285716
3974,4.625
3975,0.4642857142857143
3976,0.3392857142857143
3977,0.2857142857142857
3978,1.3928571428571428
3979,0.9107142857142857
3980,1.3392857142857142
3981,0.19642857142857142
3982,4.053571428571429
3983,2.232142857142857
3984,1.8214285714285714
3985,1.6785714285714286
3986,1.2678571428571428
3987,0.39285714285714285
3988,0.48214285714285715
3989,0.375
3990,0.625
3991,0.35714285714285715
3992,0.7142857142857143
3993,1.3035714285714286
3994,0.17857142857142858
3995,0.14285714285714285
3996,3.0357142857142856
3997,2.3392857142857144
3998,0.2857142857142857
3999,0.42857142857142855
4000,2.4464285714285716
4001,0.14285714285714285
4002,2.6607142857142856
4003,2.4107142857142856
4004,1.25
4005,0.5714285714285714
4006,1.0357142857142858
4007,0.5714285714285714
4008,0.8214285714285714
4009,3.857142857142857
4010,2.017857142857143
4011,1.9285714285714286
4012,1.375
4013,1.6607142857142858
4014,0.5
4015,0.30357142857142855
4016,0.6071428571428571
4017,0.21428571428571427
4018,0.42857142857142855
4019,9.357142857142858
4020,2.9107142857142856
4021,0.0
4022,3.0714285714285716
4023,2.892857142857143
4024,1.7678571428571428
4025,1.4821428571428572
4026,2.3392857142857144
4027,0.7857142857142857
4028,1.1964285714285714
4029,0.8571428571428571
4030,0.23214285714285715
4031,2.4642857142857144
4032,1.75
4033,0.7142857142857143
4034,0.2857142857142857
4035,0.35714285714285715
4036,1.0178571428571428
4037,1.3214285714285714
4038,0.42857142857142855
4039,0.8571428571428571
4040,4.928571428571429
4041,1.5357142857142858
4042,1.7142857142857142
4043,1.125
4044,0.16071428571428573
4045,0.4107142857142857
4046,0.75
4047,2.1964285714285716
4048,0.625
4049,0.25
4050,0.3392857142857143
4051,0.35714285714285715
4052,0.08928571428571429
4053,0.05357142857142857
4054,2.1607142857142856
4055,2.5357142857142856
4056,0.5535714285714286
4057,0.39285714285714285
4058,0.8392857142857143
4059,0.7857142857142857
4060,8.5
4061,1.2142857142857142
4062,1.0714285714285714
4063,0.5
4064,0.6607142857142857
4065,0.10714285714285714
4066,0.5535714285714286
4067,2.1607142857142856
4068,1.7678571428571428
4069,0.7857142857142857
4070,1.2857142857142858
4071,1.2142857142857142
4072,1.5178571428571428
4073,0.5535714285714286
4074,0.5178571428571429
4075,0.017857142857142856
4076,0.5357142857142857
4077,2.982142857142857
4078,2.4464285714285716
4079,0.0
4080,3.0714285714285716
4081,0.8035714285714286
4082,1.8214285714285714
4083,2.1785714285714284
4084,0.5535714285714286
4085,0.8392857142857143
4086,1.3035714285714286
4087,0.42857142857142855
4088,0.6428571428571429
4089,1.1071428571428572
4090,2.5892857142857144
4091,1.1607142857142858
4092,0.4642857142857143
4093,0.9464285714285714
4094,0.7678571428571429
4095,1.7678571428571428
4096,0.9821428571428571
4097,0.2857142857142857
4098,1.5
4099,2.5714285714285716
4100,2.0535714285714284
4101,0.9464285714285714
4102,0.5714285714285714
4103,0.9107142857142857
4104,1.0178571428571428
4105,0.35714285714285715
4106,0.75
4107,0.8571428571428571
4108,1.0
4109,1.0535714285714286
4110,0.125
4111,0.4642857142857143
4112,1.125
4113,0.44642857142857145
4114,0.7678571428571429
4115,0.7142857142857143
4116,1.75
4117,1.6607142857142858
4118,6.0
4119,1.3035714285714286
4120,1.4464285714285714
4121,0.6785714285714286
4122,0.5892857142857143
4123,0.4642857142857143
4124,1.0357142857142858
4125,2.0892857142857144
4126,2.607142857142857
4127,1.0178571428571428
4128,0.9285714285714286
4129,1.75
4130,0.4642857142857143
4131,0.875
4132,0.8035714285714286
4133,0.6071428571428571
4134,0.19642857142857142
4135,4.857142857142857
4136,3.5
4137,0.0
4138,2.7142857142857144
4139,2.2142857142857144
4140,1.125
4141,2.982142857142857
4142,1.25
4143,0.5892857142857143
4144,0.07142857142857142
4145,0.7678571428571429
4146,1.0178571428571428
4147,3.982142857142857
4148,0.6785714285714286
4149,1.6785714285714286
4150,1.1428571428571428
4151,1.3214285714285714
4152,0.16071428571428573
4153,0.5178571428571429
4154,0.0
4155,0.32142857142857145
4156,1.1964285714285714
4157,2.875
4158,0.6785714285714286
4159,0.42857142857142855
4160,0.7142857142857143
4161,0.8035714285714286
4162,0.75
4163,0.16071428571428573
4164,1.1428571428571428
4165,0.35714285714285715
4166,0.6071428571428571
4167,0.21428571428571427
4168,0.0
4169,0.375
4170,2.267857142857143
4171,0.23214285714285715
4172,0.5535714285714286
4173,1.0714285714285714
4174,0.875
4175,0.375
4176,8.660714285714286
4177,0.8035714285714286
4178,2.1607142857142856
4179,3.142857142857143
4180,1.9642857142857142
4181,0.23214285714285715
4182,1.0714285714285714
4183,2.2142857142857144
4184,2.1785714285714284
4185,2.0357142857142856
4186,0.9821428571428571
4187,1.8571428571428572
4188,0.48214285714285715
4189,0.7321428571428571
4190,0.8392857142857143
4191,0.7321428571428571
4192,0.6428571428571429
4193,11.607142857142858
4194,3.5535714285714284
4195,0.0
4196,4.339285714285714
4197,6.196428571428571
4198,1.75
4199,0.6428571428571429
4200,2.3214285714285716
4201,1.4464285714285714
4202,0.5178571428571429
4203,1.125
4204,1.3392857142857142
4205,1.7678571428571428
4206,1.1071428571428572
4207,1.1785714285714286
4208,1.5892857142857142
4209,1.2857142857142858
4210,0.44642857142857145
4211,1.5
4212,1.1428571428571428
4213,0.14285714285714285
4214,1.6071428571428572
4215,3.0714285714285716
4216,2.4642857142857144
4217,1.125
4218,0.30357142857142855
4219,1.2321428571428572
4220,1.9285714285714286
4221,0.2857142857142857
4222,1.1428571428571428
4223,0.7857142857142857
4224,0.6071428571428571
4225,0.3392857142857143
4226,0.5892857142857143
4227,0.375
4228,2.0892857142857144
4229,0.5357142857142857
4230,1.0714285714285714
4231,1.5714285714285714
4232,2.0714285714285716
4233,1.0357142857142858
4234,8.017857142857142
4235,4.0
4236,2.482142857142857
4237,1.5357142857142858
4238,1.1964285714285714
4239,0.9464285714285714
4240,1.1785714285714286
4241,1.9642857142857142
4242,2.9285714285714284
4243,1.8928571428571428
4244,1.0535714285714286
4245,2.125
4246,0.42857142857142855
4247,1.4107142857142858
4248,1.0714285714285714
4249,0.7678571428571429
4250,0.4642857142857143
4251,6.892857142857143
4252,2.4285714285714284
4253,0.0
4254,4.75
4255,6.464285714285714
4256,1.625
4257,1.625
4258,1.75
4259,0.6785714285714286
4260,0.9821428571428571
4261,1.2678571428571428
4262,1.4285714285714286
4263,2.4464285714285716
4264,1.2142857142857142
4265,0.9107142857142857
4266,0.8214285714285714
4267,0.6428571428571429
4268,0.32142857142857145
4269,1.9285714285714286
4270,1.5714285714285714
4271,0.39285714285714285
4272,2.7857142857142856
4273,2.3392857142857144
4274,2.642857142857143
4275,1.3214285714285714
4276,1.6071428571428572
4277,0.5892857142857143
4278,1.125
4279,0.7142857142857143
4280,1.9285714285714286
4281,1.3928571428571428
4282,0.6785714285714286
4283,0.30357142857142855
4284,0.26785714285714285
4285,0.42857142857142855
4286,2.8035714285714284
4287,0.25
4288,0.6071428571428571
4289,0.6071428571428571
4290,1.9464285714285714
4291,1.125
4292,3.875
4293,5.232142857142857
4294,4.696428571428571
4295,1.375
4296,1.4285714285714286
4297,0.5714285714285714
4298,0.9821428571428571
4299,10.482142857142858
4300,3.6964285714285716
4301,3.1964285714285716
4302,0.5357142857142857
4303,2.3392857142857144
4304,0.8214285714285714
4305,3.3035714285714284
4306,1.1071428571428572
4307,1.5357142857142858
4308,1.0357142857142858
4309,11.071428571428571
4310,3.3392857142857144
4311,0.0
4312,4.321428571428571
4313,5.321428571428571
4314,1.875
4315,2.642857142857143
4316,3.892857142857143
4317,1.1607142857142858
4318,0.05357142857142857
4319,1.4464285714285714
4320,1.125
4321,4.857142857142857
4322,2.1785714285714284
4323,0.0
4324,1.6964285714285714
4325,0.6607142857142857
4326,3.3214285714285716
4327,2.107142857142857
4328,0.5535714285714286
4329,0.8928571428571429
4330,6.339285714285714
4331,1.7857142857142858
4332,3.767857142857143
4333,2.892857142857143
4334,2.0535714285714284
4335,1.6071428571428572
4336,2.375
4337,0.5535714285714286
4338,1.5
4339,0.9464285714285714
4340,1.1964285714285714
4341,0.39285714285714285
4342,0.35714285714285715
4343,0.6071428571428571
4344,4.410714285714286
4345,0.4107142857142857
4346,0.5357142857142857
4347,1.5535714285714286
4348,2.8392857142857144
4349,0.0
4350,10.053571428571429
4351,1.7678571428571428
4352,1.2142857142857142
4353,1.3392857142857142
4354,1.7678571428571428
4355,1.1964285714285714
4356,1.0
4357,3.4464285714285716
4358,3.017857142857143
4359,2.75
4360,2.267857142857143
4361,2.4642857142857144
4362,0.5714285714285714
4363,0.8214285714285714
4364,2.1785714285714284
4365,0.9107142857142857
4366,0.23214285714285715
4367,14.392857142857142
4368,7.125
4369,0.0
4370,5.678571428571429
4371,2.4642857142857144
4372,2.0535714285714284
4373,1.7321428571428572
4374,2.392857142857143
4375,1.2857142857142858
4376,0.7678571428571429
4377,1.25
4378,0.8035714285714286
4379,2.0535714285714284
4380,2.4107142857142856
4381,0.39285714285714285
4382,1.0714285714285714
4383,0.16071428571428573
4384,0.6785714285714286
4385,0.7321428571428571
4386,0.14285714285714285
4387,0.5
4388,2.1964285714285716
4389,1.0892857142857142
4390,1.2857142857142858
4391,2.232142857142857
4392,0.625
4393,0.30357142857142855
4394,0.9464285714285714
4395,0.25
4396,1.75
4397,0.5714285714285714
4398,0.39285714285714285
4399,0.48214285714285715
4400,0.875
4401,0.19642857142857142
4402,4.321428571428571
4403,3.5357142857142856
4404,0.44642857142857145
4405,0.5714285714285714
4406,2.482142857142857
4407,0.21428571428571427
4408,8.464285714285714
4409,2.0892857142857144
4410,1.6607142857142858
4411,1.1071428571428572
4412,0.7142857142857143
4413,0.25
4414,0.7321428571428571
4415,2.8392857142857144
4416,1.8214285714285714
4417,2.142857142857143
4418,1.6964285714285714
4419,0.6607142857142857
4420,2.107142857142857
4421,0.2857142857142857
4422,0.26785714285714285
4423,0.6785714285714286
4424,1.0178571428571428
4425,6.160714285714286
4426,3.607142857142857
4427,0.0
4428,2.357142857142857
4429,1.5357142857142858
4430,2.107142857142857
4431,1.8035714285714286
4432,0.0
4433,0.8035714285714286
4434,1.25
4435,0.5357142857142857
4436,0.9107142857142857
4437,1.8214285714285714
4438,2.0
4439,1.5535714285714286
4440,0.5714285714285714
4441,0.5892857142857143
4442,1.0892857142857142
4443,1.8035714285714286
4444,1.25
4445,1.5535714285714286
4446,1.9464285714285714
4447,1.6964285714285714
4448,2.5357142857142856
4449,0.9642857142857143
4450,0.5178571428571429
4451,0.6964285714285714
4452,1.2321428571428572
4453,0.23214285714285715
4454,0.5535714285714286
4455,0.25
4456,0.9464285714285714
4457,0.9107142857142857
4458,0.4107142857142857
4459,0.9821428571428571
4460,1.875
4461,0.5714285714285714
4462,1.25
4463,0.42857142857142855
4464,2.3392857142857144
4465,1.7321428571428572
4466,2.142857142857143
4467,1.0892857142857142
4468,2.5892857142857144
4469,0.4642857142857143
4470,0.5357142857142857
4471,0.30357142857142855
4472,0.32142857142857145
4473,0.9285714285714286
4474,1.4642857142857142
4475,0.9642857142857143
4476,1.5
4477,0.8571428571428571
4478,0.75
4479,0.4107142857142857
4480,0.8214285714285714
4481,0.25
4482,0.4642857142857143
4483,4.875
4484,1.6964285714285714
4485,0.0
4486,1.0
4487,1.9285714285714286
4488,1.7142857142857142
4489,1.2321428571428572
4490,0.19642857142857142
4491,0.32142857142857145
4492,1.4285714285714286
4493,0.375
4494,0.44642857142857145
4495,4.053571428571429
4496,0.8035714285714286
4497,1.0
4498,0.6607142857142857
4499,0.32142857142857145
4500,0.10714285714285714
4501,0.9821428571428571
4502,0.6785714285714286
4503,0.14285714285714285
4504,2.0714285714285716
4505,1.6607142857142858
4506,2.767857142857143
4507,0.5892857142857143
4508,0.5535714285714286
4509,0.5892857142857143
4510,1.0178571428571428
4511,0.5
4512,0.8214285714285714
4513,0.5
4514,0.7678571428571429
4515,0.5535714285714286
4516,0.08928571428571429
4517,0.5892857142857143
4518,2.982142857142857
4519,0.3392857142857143
4520,0.6607142857142857
4521,0.44642857142857145
4522,1.0535714285714286
4523,0.44642857142857145
4524,4.267857142857143
4525,2.732142857142857
4526,2.392857142857143
4527,0.5
4528,2.0357142857142856
4529,1.9107142857142858
4530,0.6964285714285714
4531,4.964285714285714
4532,2.642857142857143
4533,2.017857142857143
4534,0.9107142857142857
4535,1.1071428571428572
4536,3.267857142857143
4537,0.21428571428571427
4538,1.125
4539,0.39285714285714285
4540,2.2142857142857144
4541,14.857142857142858
4542,3.0714285714285716
4543,0.0
4544,4.0
4545,1.5535714285714286
4546,4.75
4547,1.0
4548,1.5714285714285714
4549,1.2857142857142858
4550,1.3214285714285714
4551,0.30357142857142855
4552,0.4642857142857143
4553,2.3214285714285716
4554,4.625
4555,0.4642857142857143
4556,0.3392857142857143
4557,0.2857142857142857
4558,1.3928571428571428
4559,0.9107142857142857
4560,1.3392857142857142
4561,0.19642857142857142
4562,4.053571428571429
4563,2.232142857142857
4564,1.8214285714285714
4565,1.6785714285714286
4566,1.2678571428571428
4567,0.39285714285714285
4568,0.48214285714285715
4569,0.375
4570,0.625
4571,0.35714285714285715
4572,0.7142857142857143
4573,1.3035714285714286
4574,0.17857142857142858
4575,0.14285714285714285
4576,3.0357142857142856
4577,2.3392857142857144
4578,0.2857142857142857
4579,0.42857142857142855
4580,2.4464285714285716
4581,0.14285714285714285
4582,2.6607142857142856
4583,2.4107142857142856
4584,1.25
4585,0.5714285714285714
4586,1.0357142857142858
4587,0.5714285714285714
4588,0.8214285714285714
4589,3.857142857142857
4590,2.017857142857143
4591,1.9285714285714286
4592,1.375
4593,1.6607142857142858
4594,0.5
4595,0.30357142857142855
4596,0.6071428571428571
4597,0.21428571428571427
4598,0.42857142857142855
4599,9.357142857142858
4600,2.9107142857142856
4601,0.0
4602,3.0714285714285716
4603,2.892857142857143
4604,1.7678571428571428
4605,1.4821428571428572
4606,2.3392857142857144
4607,0.7857142857142857
4608,1.1964285714285714
4609,0.8571428571428571
4610,0.23214285714285715
4611,2.4642857142857144
4612,1.75
4613,0.7142857142857143
4614,0.2857142857142857
4615,0.35714285714285715
4616,1.0178571428571428
4617,1.3214285714285714
4618,0.42857142857142855
4619,0.8571428571428571
4620,4.928571428571429
4621,1.5357142857142858
4622,1.7142857142857142
4623,1.125
4624,0.16071428571428573
4625,0.4107142857142857
4626,0.75
4627,2.1964285714285716
4628,0.625
4629,0.25
4630,0.3392857142857143
4631,0.35714285714285715
4632,0.08928571428571429
4633,0.05357142857142857
4634,2.1607142857142856
4635,2.5357142857142856
4636,0.5535714285714286
4637,0.39285714285714285
4638,0.8392857142857143
4639,0.7857142857142857
4640,8.5
4641,1.2142857142857142
4642,1.0714285714285714
4643,0.5
4644,0.6607142857142857
4645,0.10714285714285714
4646,0.5535714285714286
4647,2.1607142857142856
4648,1.7678571428571428
4649,0.7857142857142857
4650,1.2857142857142858
4651,1.2142857142857142
4652,1.5178571428571428
4653,0.5535714285714286
4654,0.5178571428571429
4655,0.017857142857142856
4656,0.5357142857142857
4657,2.982142857142857
4658,2.4464285714285716
4659,0.0
4660,3.0714285714285716
4661,0.8035714285714286
4662,1.8214285714285714
4663,2.1785714285714284
4664,0.5535714285714286
4665,0.8392857142857143
4666,1.3035714285714286
4667,0.42857142857142855
4668,0.6428571428571429
4669,1.1071428571428572
4670,2.5892857142857144
4671,1.1607142857142858
4672,0.4642857142857143
4673,0.9464285714285714
4674,0.7678571428571429
4675,1.7678571428571428
4676,0.9821428571428571
4677,0.2857142857142857
4678,1.5
4679,2.5714285714285716
4680,2.0535714285714284
4681,0.9464285714285714
4682,0.5714285714285714
4683,0.9107142857142857
4684,1.0178571428571428
4685,0.35714285714285715
4686,0.75
4687,0.8571428571428571
4688,1.0
4689,1.0535714285714286
4690,0.125
4691,0.4642857142857143
4692,1.125
4693,0.44642857142857145
4694,0.7678571428571429
4695,0.7142857142857143
4696,1.75
4697,1.6607142857142858
4698,6.0
4699,1.3035714285714286
4700,1.4464285714285714
4701,0.6785714285714286
4702,0.5892857142857143
4703,0.4642857142857143
4704,1.0357142857142858
4705,2.0892857142857144
4706,2.607142857142857
4707,1.0178571428571428
4708,0.9285714285714286
4709,1.75
4710,0.4642857142857143
4711,0.875
4712,0.8035714285714286
4713,0.6071428571428571
4714,0.19642857142857142
4715,4.857142857142857
4716,3.5
4717,0.0
4718,2.7142857142857144
4719,2.2142857142857144
4720,1.125
4721,2.982142857142857
4722,1.25
4723,0.5892857142857143
4724,0.07142857142857142
4725,0.7678571428571429
4726,1.0178571428571428
4727,3.982142857142857
4728,0.6785714285714286
4729,1.6785714285714286
4730,1.1428571428571428
4731,1.3214285714285714
4732,0.16071428571428573
4733,0.5178571428571429
4734,0.0
4735,0.32142857142857145
4736,1.1964285714285714
4737,2.875
4738,0.6785714285714286
4739,0.42857142857142855
4740,0.7142857142857143
4741,0.8035714285714286
4742,0.75
4743,0.16071428571428573
4744,1.1428571428571428
4745,0.35714285714285715
4746,0.6071428571428571
4747,0.21428571428571427
4748,0.0
4749,0.375
4750,2.267857142857143
4751,0.23214285714285715
4752,0.5535714285714286
4753,1.0714285714285714
4754,0.875
4755,0.375
4756,8.660714285714286
4757,0.8035714285714286
4758,2.1607142857142856
4759,3.142857142857143
4760,1.9642857142857142
4761,0.23214285714285715
4762,1.0714285714285714
4763,2.2142857142857144
4764,2.1785714285714284
4765,2.0357142857142856
4766,0.9821428571428571
4767,1.8571428571428572
4768,0.48214285714285715
4769,0.7321428571428571
4770,0.8392857142857143
4771,0.7321428571428571
4772,0.6428571428571429
4773,11.607142857142858
4774,3.5535714285714284
4775,0.0
4776,4.339285714285714
4777,6.196428571428571
4778,1.75
4779,0.6428571428571429
4780,2.3214285714285716
4781,1.4464285714285714
4782,0.5178571428571429
4783,1.125
4784,1.3392857142857142
4785,1.7678571428571428
4786,1.1071428571428572
4787,1.1785714285714286
4788,1.5892857142857142
4789,1.2857142857142858
4790,0.44642857142857145
4791,1.5
4792,1.1428571428571428
4793,0.14285714285714285
4794,1.6071428571428572
4795,3.0714285714285716
4796,2.4642857142857144
4797,1.125
4798,0.30357142857142855
4799,1.2321428571428572
4800,1.9285714285714286
4801,0.2857142857142857
4802,1.1428571428571428
4803,0.7857142857142857
4804,0.6071428571428571
4805,0.3392857142857143
4806,0.5892857142857143
4807,0.375
4808,2.0892857142857144
4809,0.5357142857142857
4810,1.0714285714285714
4811,1.5714285714285714
4812,2.0714285714285716
4813,1.0357142857142858
4814,8.017857142857142
4815,4.0
4816,2.482142857142857
4817,1.5357142857142858
4818,1.1964285714285714
4819,0.9464285714285714
4820,1.1785714285714286
4821,1.9642857142857142
4822,2.9285714285714284
4823,1.8928571428571428
4824,1.0535714285714286
4825,2.125
4826,0.42857142857142855
4827,1.4107142857142858
4828,1.0714285714285714
4829,0.7678571428571429
4830,0.4642857142857143
4831,6.892857142857143
4832,2.4285714285714284
4833,0.0
4834,4.75
4835,6.464285714285714
4836,1.625
4837,1.625
4838,1.75
4839,0.6785714285714286
4840,0.9821428571428571
4841,1.2678571428571428
4842,1.4285714285714286
4843,2.4464285714285716
4844,1.2142857142857142
4845,0.9107142857142857
4846,0.8214285714285714
4847,0.6428571428571429
4848,0.32142857142857145
4849,1.9285714285714286
4850,1.5714285714285714
4851,0.39285714285714285
4852,2.7857142857142856
4853,2.3392857142857144
4854,2.642857142857143
4855,1.3214285714285714
4856,1.6071428571428572
4857,0.5892857142857143
4858,1.125
4859,0.7142857142857143
4860,1.9285714285714286
4861,1.3928571428571428
4862,0.6785714285714286
4863,0.30357142857142855
4864,0.26785714285714285
4865,0.42857142857142855
4866,2.8035714285714284
4867,0.25
4868,0.6071428571428571
4869,0.6071428571428571
4870,1.9464285714285714
4871,1.125
4872,3.875
4873,5.232142857142857
4874,4.696428571428571
4875,1.375
4876,1.4285714285714286
4877,0.5714285714285714
4878,0.9821428571428571
4879,10.482142857142858
4880,3.6964285714285716
4881,3.1964285714285716
4882,0.5357142857142857
4883,2.3392857142857144
4884,0.8214285714285714
4885,3.3035714285714284
4886,1.1071428571428572
4887,1.5357142857142858
4888,1.0357142857142858
4889,11.071428571428571
4890,3.3392857142857144
4891,0.0
4892,4.321428571428571
4893,5.321428571428571
4894,1.875
4895,2.642857142857143
4896,3.892857142857143
4897,1.1607142857142858
4898,0.05357142857142857
4899,1.4464285714285714
4900,1.125
4901,4.857142857142857
4902,2.1785714285714284
4903,0.0
4904,1.6964285714285714
4905,0.6607142857142857
4906,3.3214285714285716
4907,2.107142857142857
4908,0.5535714285714286
4909,0.8928571428571429
4910,6.339285714285714
4911,1.7857142857142858
4912,3.767857142857143
4913,2.892857142857143
4914,2.0535714285714284
4915,1.6071428571428572
4916,2.375
4917,0.5535714285714286
4918,1.5
4919,0.9464285714285714
4920,1.1964285714285714
4921,0.39285714285714285
4922,0.35714285714285715
4923,0.6071428571428571
4924,4.410714285714286
4925,0.4107142857142857
4926,0.5357142857142857
4927,1.5535714285714286
4928,2.8392857142857144
4929,0.0
4930,10.053571428571429
4931,1.7678571428571428
4932,1.2142857142857142
4933,1.3392857142857142
4934,1.7678571428571428
4935,1.1964285714285714
4936,1.0
4937,3.4464285714285716
4938,3.017857142857143
4939,2.75
4940,2.267857142857143
4941,2.4642857142857144
4942,0.5714285714285714
4943,0.8214285714285714
4944,2.1785714285714284
4945,0.9107142857142857
4946,0.23214285714285715
4947,14.392857142857142
4948,7.125
4949,0.0
4950,5.678571428571429
4951,2.4642857142857144
4952,2.0535714285714284
4953,1.7321428571428572
4954,2.392857142857143
4955,1.2857142857142858
4956,0.7678571428571429
4957,1.25
4958,0.8035714285714286
4959,2.0535714285714284
4960,2.4107142857142856
4961,0.39285714285714285
4962,1.0714285714285714
4963,0.16071428571428573
4964,0.6785714285714286
4965,0.7321428571428571
4966,0.14285714285714285
4967,0.5
4968,2.1964285714285716
4969,1.0892857142857142
4970,1.2857142857142858
4971,2.232142857142857
4972,0.625
4973,0.30357142857142855
4974,0.9464285714285714
4975,0.25
4976,1.75
4977,0.5714285714285714
4978,0.39285714285714285
4979,0.48214285714285715
4980,0.875
4981,0.19642857142857142
4982,4.321428571428571
4983,3.5357142857142856
4984,0.44642857142857145
4985,0.5714285714285714
4986,2.482142857142857
4987,0.21428571428571427
4988,8.464285714285714
4989,2.0892857142857144
4990,1.6607142857142858
4991,1.1071428571428572
4992,0.7142857142857143
4993,0.25
4994,0.7321428571428571
4995,2.8392857142857144
4996,1.8214285714285714
4997,2.142857142857143
4998,1.6964285714285714
4999,0.6607142857142857
5000,2.107142857142857
5001,0.2857142857142857
5002,0.26785714285714285
5003,0.6785714285714286
5004,1.0178571428571428
5005,6.160714285714286
5006,3.607142857142857
5007,0.0
5008,2.357142857142857
5009,1.5357142857142858
5010,2.107142857142857
5011,1.8035714285714286
5012,0.0
5013,0.8035714285714286
5014,1.25
5015,0.5357142857142857
5016,0.9107142857142857
5017,1.8214285714285714
5018,2.0
5019,1.5535714285714286
5020,0.5714285714285714
5021,0.5892857142857143
5022,1.0892857142857142
5023,1.8035714285714286
5024,1.25
5025,1.5535714285714286
5026,1.9464285714285714
5027,1.6964285714285714
5028,2.5357142857142856
5029,0.9642857142857143
5030,0.5178571428571429
5031,0.6964285714285714
5032,1.2321428571428572
5033,0.23214285714285715
5034,0.5535714285714286
5035,0.25
5036,0.9464285714285714
5037,0.9107142857142857
5038,0.4107142857142857
5039,0.9821428571428571
5040,1.875
5041,0.5714285714285714
5042,1.25
5043,0.42857142857142855
5044,2.3392857142857144
5045,1.7321428571428572
5046,2.142857142857143
5047,1.0892857142857142
5048,2.5892857142857144
5049,0.4642857142857143
5050,0.5357142857142857
5051,0.30357142857142855
5052,0.32142857142857145
5053,0.9285714285714286
5054,1.4642857142857142
5055,0.9642857142857143
5056,1.5
5057,0.8571428571428571
5058,0.75
5059,0.4107142857142857
5060,0.8214285714285714
5061,0.25
5062,0.4642857142857143
5063,4.875
5064,1.6964285714285714
5065,0.0
5066,1.0
5067,1.9285714285714286
5068,1.7142857142857142
5069,1.2321428571428572
5070,0.19642857142857142
5071,0.32142857142857145
5072,1.4285714285714286
5073,0.375
5074,0.44642857142857145
5075,4.053571428571429
5076,0.8035714285714286
5077,1.0
5078,0.6607142857142857
5079,0.32142857142857145
5080,0.10714285714285714
5081,0.9821428571428571
5082,0.6785714285714286
5083,0.14285714285714285
5084,2.0714285714285716
5085,1.6607142857142858
5086,2.767857142857143
5087,0.5892857142857143
5088,0.5535714285714286
5089,0.5892857142857143
5090,1.0178571428571428
5091,0.5
5092,0.8214285714285714
5093,0.5
5094,0.7678571428571429
5095,0.5535714285714286
5096,0.08928571428571429
5097,0.5892857142857143
5098,2.982142857142857
5099,0.3392857142857143
5100,0.6607142857142857
5101,0.44642857142857145
5102,1.0535714285714286
5103,0.44642857142857145
5104,4.267857142857143
5105,2.732142857142857
5106,2.392857142857143
5107,0.5
5108,2.0357142857142856
5109,1.9107142857142858
5110,0.6964285714285714
5111,4.964285714285714
5112,2.642857142857143
5113,2.017857142857143
5114,0.9107142857142857
5115,1.1071428571428572
5116,3.267857142857143
5117,0.21428571428571427
5118,1.125
5119,0.39285714285714285
5120,2.2142857142857144
5121,14.857142857142858
5122,3.0714285714285716
5123,0.0
5124,4.0
5125,1.5535714285714286
5126,4.75
5127,1.0
5128,1.5714285714285714
5129,1.2857142857142858
5130,1.3214285714285714
5131,0.30357142857142855
5132,0.4642857142857143
5133,2.3214285714285716
5134,4.625
5135,0.4642857142857143
5136,0.3392857142857143
5137,0.2857142857142857
5138,1.3928571428571428
5139,0.9107142857142857
5140,1.3392857142857142
5141,0.19642857142857142
5142,4.053571428571429
5143,2.232142857142857
5144,1.8214285714285714
5145,1.6785714285714286
5146,1.2678571428571428
5147,0.39285714285714285
5148,0.48214285714285715
5149,0.375
5150,0.625
5151,0.35714285714285715
5152,0.7142857142857143
5153,1.3035714285714286
5154,0.17857142857142858
5155,0.14285714285714285
5156,3.0357142857142856
5157,2.3392857142857144
5158,0.2857142857142857
5159,0.42857142857142855
5160,2.4464285714285716
5161,0.14285714285714285
5162,2.6607142857142856
5163,2.4107142857142856
5164,1.25
5165,0.5714285714285714
5166,1.0357142857142858
5167,0.5714285714285714
5168,0.8214285714285714
5169,3.857142857142857
5170,2.017857142857143
5171,1.9285714285714286
5172,1.375
5173,1.6607142857142858
5174,0.5
5175,0.30357142857142855
5176,0.6071428571428571
5177,0.21428571428571427
5178,0.42857142857142855
5179,9.357142857142858
5180,2.9107142857142856
5181,0.0
5182,3.0714285714285716
5183,2.892857142857143
5184,1.7678571428571428
5185,1.4821428571428572
5186,2.3392857142857144
5187,0.7857142857142857
5188,1.1964285714285714
5189,0.8571428571428571
5190,0.23214285714285715
5191,2.4642857142857144
5192,1.75
5193,0.7142857142857143
5194,0.2857142857142857
5195,0.35714285714285715
5196,1.0178571428571428
5197,1.3214285714285714
5198,0.42857142857142855
5199,0.8571428571428571
5200,4.928571428571429
5201,1.5357142857142858
5202,1.7142857142857142
5203,1.125
5204,0.16071428571428573
5205,0.4107142857142857
5206,0.75
5207,2.1964285714285716
5208,0.625
5209,0.25
5210,0.3392857142857143
5211,0.35714285714285715
5212,0.08928571428571429
5213,0.05357142857142857
5214,2.1607142857142856
5215,2.5357142857142856
5216,0.5535714285714286
5217,0.39285714285714285
5218,0.8392857142857143
5219,0.7857142857142857
5220,8.5
5221,1.2142857142857142
5222,1.0714285714285714
5223,0.5
5224,0.6607142857142857
5225,0.10714285714285714
5226,0.5535714285714286
5227,2.1607142857142856
5228,1.7678571428571428
5229,0.7857142857142857
5230,1.2857142857142858
5231,1.2142857142857142
5232,1.5178571428571428
5233,0.5535714285714286
5234,0.5178571428571429
5235,0.017857142857142856
5236,0.5357142857142857
5237,2.982142857142857
5238,2.4464285714285716
5239,0.0
5240,3.0714285714285716
5241,0.8035714285714286
5242,1.8214285714285714
5243,2.1785714285714284
5244,0.5535714285714286
5245,0.8392857142857143
5246,1.3035714285714286
5247,0.42857142857142855
5248,0.6428571428571429
5249,1.1071428571428572
5250,2.5892857142857144
5251,1.1607142857142858
5252,0.4642857142857143
5253,0.9464285714285714
5254,0.7678571428571429
5255,1.7678571428571428
5256,0.9821428571428571
5257,0.2857142857142857
5258,1.5
5259,2.5714285714285716
5260,2.0535714285714284
5261,0.9464285714285714
5262,0.5714285714285714
5263,0.9107142857142857
5264,1.0178571428571428
5265,0.35714285714285715
5266,0.75
5267,0.8571428571428571
5268,1.0
5269,1.0535714285714286
5270,0.125
5271,0.4642857142857143
5272,1.125
5273,0.44642857142857145
5274,0.7678571428571429
5275,0.7142857142857143
5276,1.75
5277,1.6607142857142858
5278,6.0
5279,1.3035714285714286
5280,1.4464285714285714
5281,0.6785714285714286
5282,0.5892857142857143
5283,0.4642857142857143
5284,1.0357142857142858
5285,2.0892857142857144
5286,2.607142857142857
5287,1.0178571428571428
5288,0.9285714285714286
5289,1.75
5290,0.4642857142857143
5291,0.875
5292,0.8035714285714286
5293,0.6071428571428571
5294,0.19642857142857142
5295,4.857142857142857
5296,3.5
5297,0.0
5298,2.7142857142857144
5299,2.2142857142857144
5300,1.125
5301,2.982142857142857
5302,1.25
5303,0.5892857142857143
5304,0.07142857142857142
5305,0.7678571428571429
5306,1.0178571428571428
5307,3.982142857142857
5308,0.6785714285714286
5309,1.6785714285714286
5310,1.1428571428571428
5311,1.3214285714285714
5312,0.16071428571428573
5313,0.5178571428571429
5314,0.0
5315,0.32142857142857145
5316,1.1964285714285714
5317,2.875
5318,0.6785714285714286
5319,0.42857142857142855
5320,0.7142857142857143
5321,0.8035714285714286
5322,0.75
5323,0.16071428571428573
5324,1.1428571428571428
5325,0.35714285714285715
5326,0.6071428571428571
5327,0.21428571428571427
5328,0.0
5329,0.375
5330,2.267857142857143
5331,0.23214285714285715
5332,0.5535714285714286
5333,1.0714285714285714
5334,0.875
5335,0.375
5336,8.660714285714286
5337,0.8035714285714286
5338,2.1607142857142856
5339,3.142857142857143
5340,1.9642857142857142
5341,0.23214285714285715
5342,1.0714285714285714
5343,2.2142857142857144
5344,2.1785714285714284
5345,2.0357142857142856
5346,0.9821428571428571
5347,1.8571428571428572
5348,0.48214285714285715
5349,0.7321428571428571
5350,0.8392857142857143
5351,0.7321428571428571
5352,0.6428571428571429
5353,11.607142857142858
5354,3.5535714285714284
5355,0.0
5356,4.339285714285714
5357,6.196428571428571
5358,1.75
5359,0.6428571428571429
5360,2.3214285714285716
5361,1.4464285714285714
5362,0.5178571428571429
5363,1.125
5364,1.3392857142857142
5365,1.7678571428571428
5366,1.1071428571428572
5367,1.1785714285714286
5368,1.5892857142857142
5369,1.2857142857142858
5370,0.44642857142857145
5371,1.5
5372,1.1428571428571428
5373,0.14285714285714285
5374,1.6071428571428572
5375,3.0714285714285716
5376,2.4642857142857144
5377,1.125
5378,0.30357142857142855
5379,1.2321428571428572
5380,1.9285714285714286
5381,0.2857142857142857
5382,1.1428571428571428
5383,0.7857142857142857
5384,0.6071428571428571
5385,0.3392857142857143
5386,0.5892857142857143
5387,0.375
5388,2.0892857142857144
5389,0.5357142857142857
5390,1.0714285714285714
5391,1.5714285714285714
5392,2.0714285714285716
5393,1.0357142857142858
5394,8.017857142857142
5395,4.0
5396,2.482142857142857
5397,1.5357142857142858
5398,1.1964285714285714
5399,0.9464285714285714
5400,1.1785714285714286
5401,1.9642857142857142
5402,2.9285714285714284
5403,1.8928571428571428
5404,1.0535714285714286
5405,2.125
5406,0.42857142857142855
5407,1.4107142857142858
5408,1.0714285714285714
5409,0.7678571428571429
5410,0.4642857142857143
5411,6.892857142857143
5412,2.4285714285714284
5413,0.0
5414,4.75
5415,6.464285714285714
5416,1.625
5417,1.625
5418,1.75
5419,0.6785714285714286
5420,0.9821428571428571
5421,1.2678571428571428
5422,1.4285714285714286
5423,2.4464285714285716
5424,1.2142857142857142
5425,0.9107142857142857
5426,0.8214285714285714
5427,0.6428571428571429
5428,0.32142857142857145
5429,1.9285714285714286
5430,1.5714285714285714
5431,0.39285714285714285
5432,2.7857142857142856
5433,2.3392857142857144
5434,2.642857142857143
5435,1.3214285714285714
5436,1.6071428571428572
5437,0.5892857142857143
5438,1.125
5439,0.7142857142857143
5440,1.9285714285714286
5441,1.3928571428571428
5442,0.6785714285714286
5443,0.30357142857142855
5444,0.26785714285714285
5445,0.42857142857142855
5446,2.8035714285714284
5447,0.25
5448,0.6071428571428571
5449,0.6071428571428571
5450,1.9464285714285714
5451,1.125
5452,3.875
5453,5.232142857142857
5454,4.696428571428571
5455,1.375
5456,1.4285714285714286
5457,0.5714285714285714
5458,0.9821428571428571
5459,10.482142857142858
5460,3.6964285714285716
5461,3.1964285714285716
5462,0.5357142857142857
5463,2.3392857142857144
5464,0.8214285714285714
5465,3.3035714285714284
5466,1.1071428571428572
5467,1.5357142857142858
5468,1.0357142857142858
5469,11.071428571428571
5470,3.3392857142857144
5471,0.0
5472,4.321428571428571
5473,5.321428571428571
5474,1.875
5475,2.642857142857143
5476,3.892857142857143
5477,1.1607142857142858
5478,0.05357142857142857
5479,1.4464285714285714
5480,1.125
5481,4.857142857142857
5482,2.1785714285714284
5483,0.0
5484,1.6964285714285714
5485,0.6607142857142857
5486,3.3214285714285716
5487,2.107142857142857
5488,0.5535714285714286
5489,0.8928571428571429
5490,6.339285714285714
5491,1.7857142857142858
5492,3.767857142857143
5493,2.892857142857143
5494,2.0535714285714284
5495,1.6071428571428572
5496,2.375
5497,0.5535714285714286
5498,1.5
5499,0.9464285714285714
5500,1.1964285714285714
5501,0.39285714285714285
5502,0.35714285714285715
5503,0.6071428571428571
5504,4.410714285714286
5505,0.4107142857142857
5506,0.5357142857142857
5507,1.5535714285714286
5508,2.8392857142857144
5509,0.0
5510,10.053571428571429
5511,1.7678571428571428
5512,1.2142857142857142
5513,1.3392857142857142
5514,1.7678571428571428
5515,1.1964285714285714
5516,1.0
5517,3.4464285714285716
5518,3.017857142857143
5519,2.75
5520,2.267857142857143
5521,2.4642857142857144
5522,0.5714285714285714
5523,0.8214285714285714
5524,2.1785714285714284
5525,0.9107142857142857
5526,0.23214285714285715
5527,14.392857142857142
5528,7.125
5529,0.0
5530,5.678571428571429
5531,2.4642857142857144
5532,2.0535714285714284
5533,1.7321428571428572
5534,2.392857142857143
5535,1.2857142857142858
5536,0.7678571428571429
5537,1.25
5538,0.8035714285714286
5539,2.0535714285714284
5540,2.4107142857142856
5541,0.39285714285714285
5542,1.0714285714285714
5543,0.16071428571428573
5544,0.6785714285714286
5545,0.7321428571428571
5546,0.14285714285714285
5547,0.5
5548,2.1964285714285716
5549,1.0892857142857142
5550,1.2857142857142858
5551,2.232142857142857
5552,0.625
5553,0.30357142857142855
5554,0.9464285714285714
5555,0.25
5556,1.75
5557,0.5714285714285714
5558,0.39285714285714285
5559,0.48214285714285715
5560,0.875
5561,0.19642857142857142
5562,4.321428571428571
5563,3.5357142857142856
5564,0.44642857142857145
5565,0.5714285714285714
5566,2.482142857142857
5567,0.21428571428571427
5568,8.464285714285714
5569,2.0892857142857144
5570,1.6607142857142858
5571,1.1071428571428572
5572,0.7142857142857143
5573,0.25
5574,0.7321428571428571
5575,2.8392857142857144
5576,1.8214285714285714
5577,2.142857142857143
5578,1.6964285714285714
5579,0.6607142857142857
5580,2.107142857142857
5581,0.2857142857142857
5582,0.26785714285714285
5583,0.6785714285714286
5584,1.0178571428571428
5585,6.160714285714286
5586,3.607142857142857
5587,0.0
5588,2.357142857142857
5589,1.5357142857142858
5590,2.107142857142857
5591,1.8035714285714286
5592,0.0
5593,0.8035714285714286
5594,1.25
5595,0.5357142857142857
5596,0.9107142857142857
5597,1.8214285714285714
5598,2.0
5599,1.5535714285714286
5600,0.5714285714285714
5601,0.5892857142857143
5602,1.0892857142857142
5603,1.8035714285714286
5604,1.25
5605,1.5535714285714286
5606,1.9464285714285714
5607,1.6964285714285714
5608,2.5357142857142856
5609,0.9642857142857143
5610,0.5178571428571429
5611,0.6964285714285714
5612,1.2321428571428572
5613,0.23214285714285715
5614,0.5535714285714286
5615,0.25
5616,0.9464285714285714
5617,0.9107142857142857
5618,0.4107142857142857
5619,0.9821428571428571
5620,1.875
5621,0.5714285714285714
5622,1.25
5623,0.42857142857142855
5624,2.3392857142857144
5625,1.7321428571428572
5626,2.142857142857143
5627,1.0892857142857142
5628,2.5892857142857144
5629,0.4642857142857143
5630,0.5357142857142857
5631,0.30357142857142855
5632,0.32142857142857145
5633,0.9285714285714286
5634,1.4642857142857142
5635,0.9642857142857143
5636,1.5
5637,0.8571428571428571
5638,0.75
5639,0.4107142857142857
5640,0.8214285714285714
5641,0.25
5642,0.4642857142857143
5643,4.875
5644,1.6964285714285714
5645,0.0
5646,1.0
5647,1.9285714285714286
5648,1.7142857142857142
5649,1.2321428571428572
5650,0.19642857142857142
5651,0.32142857142857145
5652,1.4285714285714286
5653,0.375
5654,0.44642857142857145
5655,4.053571428571429
5656,0.8035714285714286
5657,1.0
5658,0.6607142857142857
5659,0.32142857142857145
5660,0.10714285714285714
5661,0.9821428571428571
5662,0.6785714285714286
5663,0.14285714285714285
5664,2.0714285714285716
5665,1.6607142857142858
5666,2.767857142857143
5667,0.5892857142857143
5668,0.5535714285714286
5669,0.5892857142857143
5670,1.0178571428571428
5671,0.5
5672,0.8214285714285714
5673,0.5
5674,0.7678571428571429
5675,0.5535714285714286
5676,0.08928571428571429
5677,0.5892857142857143
5678,2.982142857142857
5679,0.3392857142857143
5680,0.6607142857142857
5681,0.44642857142857145
5682,1.0535714285714286
5683,0.44642857142857145
5684,4.267857142857143
5685,2.732142857142857
5686,2.392857142857143
5687,0.5
5688,2.0357142857142856
5689,1.9107142857142858
5690,0.6964285714285714
5691,4.964285714285714
5692,2.642857142857143
5693,2.017857142857143
5694,0.9107142857142857
5695,1.1071428571428572
5696,3.267857142857143
5697,0.21428571428571427
5698,1.125
5699,0.39285714285714285
5700,2.2142857142857144
5701,14.857142857142858
5702,3.0714285714285716
5703,0.0
5704,4.0
5705,1.5535714285714286
5706,4.75
5707,1.0
5708,1.5714285714285714
5709,1.2857142857142858
5710,1.3214285714285714
5711,0.30357142857142855
5712,0.4642857142857143
5713,2.3214285714285716
5714,4.625
5715,0.4642857142857143
5716,0.3392857142857143
5717,0.2857142857142857
5718,1.3928571428571428
5719,0.9107142857142857
5720,1.3392857142857142
5721,0.19642857142857142
5722,4.053571428571429
5723,2.232142857142857
5724,1.8214285714285714
5725,1.6785714285714286
5726,1.2678571428571428
5727,0.39285714285714285
5728,0.48214285714285715
5729,0.375
5730,0.625
5731,0.35714285714285715
5732,0.7142857142857143
5733,1.3035714285714286
5734,0.17857142857142858
5735,0.14285714285714285
5736,3.0357142857142856
5737,2.3392857142857144
5738,0.2857142857142857
5739,0.42857142857142855
5740,2.4464285714285716
5741,0.14285714285714285
5742,2.6607142857142856
5743,2.4107142857142856
5744,1.25
5745,0.5714285714285714
5746,1.0357142857142858
5747,0.5714285714285714
5748,0.8214285714285714
5749,3.857142857142857
5750,2.017857142857143
5751,1.9285714285714286
5752,1.375
5753,1.6607142857142858
5754,0.5
5755,0.30357142857142855
5756,0.6071428571428571
5757,0.21428571428571427
5758,0.42857142857142855
5759,9.357142857142858
5760,2.9107142857142856
5761,0.0
5762,3.0714285714285716
5763,2.892857142857143
5764,1.7678571428571428
5765,1.4821428571428572
5766,2.3392857142857144
5767,0.7857142857142857
5768,1.1964285714285714
5769,0.8571428571428571
5770,0.23214285714285715
5771,2.4642857142857144
5772,1.75
5773,0.7142857142857143
5774,0.2857142857142857
5775,0.35714285714285715
5776,1.0178571428571428
5777,1.3214285714285714
5778,0.42857142857142855
5779,0.8571428571428571
5780,4.928571428571429
5781,1.5357142857142858
5782,1.7142857142857142
5783,1.125
5784,0.16071428571428573
5785,0.4107142857142857
5786,0.75
5787,2.1964285714285716
5788,0.625
5789,0.25
5790,0.3392857142857143
5791,0.35714285714285715
5792,0.08928571428571429
5793,0.05357142857142857
5794,2.1607142857142856
5795,2.5357142857142856
5796,0.5535714285714286
5797,0.39285714285714285
5798,0.8392857142857143
5799,0.7857142857142857
5800,8.5
5801,1.2142857142857142
5802,1.0714285714285714
5803,0.5
5804,0.6607142857142857
5805,0.10714285714285714
5806,0.5535714285714286
5807,2.1607142857142856
5808,1.7678571428571428
5809,0.7857142857142857
5810,1.2857142857142858
5811,1.2142857142857142
5812,1.5178571428571428
5813,0.5535714285714286
5814,0.5178571428571429
5815,0.017857142857142856
5816,0.5357142857142857
5817,2.982142857142857
5818,2.4464285714285716
5819,0.0
5820,3.0714285714285716
5821,0.8035714285714286
5822,1.8214285714285714
5823,2.1785714285714284
5824,0.5535714285714286
5825,0.8392857142857143
5826,1.3035714285714286
5827,0.42857142857142855
5828,0.6428571428571429
5829,1.1071428571428572
5830,2.5892857142857144
5831,1.1607142857142858
5832,0.4642857142857143
5833,0.9464285714285714
5834,0.7678571428571429
5835,1.7678571428571428
5836,0.9821428571428571
5837,0.2857142857142857
5838,1.5
5839,2.5714285714285716
5840,2.0535714285714284
5841,0.9464285714285714
5842,0.5714285714285714
5843,0.9107142857142857
5844,1.0178571428571428
5845,0.35714285714285715
5846,0.75
5847,0.8571428571428571
5848,1.0
5849,1.0535714285714286
5850,0.125
5851,0.4642857142857143
5852,1.125
5853,0.44642857142857145
5854,0.7678571428571429
5855,0.7142857142857143
5856,1.75
5857,1.6607142857142858
5858,6.0
5859,1.3035714285714286
5860,1.4464285714285714
5861,0.6785714285714286
5862,0.5892857142857143
5863,0.4642857142857143
5864,1.0357142857142858
5865,2.0892857142857144
5866,2.607142857142857
5867,1.0178571428571428
5868,0.9285714285714286
5869,1.75
5870,0.4642857142857143
5871,0.875
5872,0.8035714285714286
5873,0.6071428571428571
5874,0.19642857142857142
5875,4.857142857142857
5876,3.5
5877,0.0
5878,2.7142857142857144
5879,2.2142857142857144
5880,1.125
5881,2.982142857142857
5882,1.25
5883,0.5892857142857143
5884,0.07142857142857142
5885,0.7678571428571429
5886,1.0178571428571428
5887,3.982142857142857
5888,0.6785714285714286
5889,1.6785714285714286
5890,1.1428571428571428
5891,1.3214285714285714
5892,0.16071428571428573
5893,0.5178571428571429
5894,0.0
5895,0.32142857142857145
5896,1.1964285714285714
5897,2.875
5898,0.6785714285714286
5899,0.42857142857142855
5900,0.7142857142857143
5901,0.8035714285714286
5902,0.75
5903,0.16071428571428573
5904,1.1428571428571428
5905,0.35714285714285715
5906,0.6071428571428571
5907,0.21428571428571427
5908,0.0
5909,0.375
5910,2.267857142857143
5911,0.23214285714285715
5912,0.5535714285714286
5913,1.0714285714285714
5914,0.875
5915,0.375
5916,8.660714285714286
5917,0.8035714285714286
5918,2.1607142857142856
5919,3.142857142857143
5920,1.9642857142857142
5921,0.23214285714285715
5922,1.0714285714285714
5923,2.2142857142857144
5924,2.1785714285714284
5925,2.0357142857142856
5926,0.9821428571428571
5927,1.8571428571428572
5928,0.48214285714285715
5929,0.7321428571428571
5930,0.8392857142857143
5931,0.7321428571428571
5932,0.6428571428571429
5933,11.607142857142858
5934,3.5535714285714284
5935,0.0
5936,4.339285714285714
5937,6.196428571428571
5938,1.75
5939,0.6428571428571429
5940,2.3214285714285716
5941,1.4464285714285714
5942,0.5178571428571429
5943,1.125
5944,1.3392857142857142
5945,1.7678571428571428
5946,1.1071428571428572
5947,1.1785714285714286
5948,1.5892857142857142
5949,1.2857142857142858
5950,0.44642857142857145
5951,1.5
5952,1.1428571428571428
5953,0.14285714285714285
5954,1.6071428571428572
5955,3.0714285714285716
5956,2.4642857142857144
5957,1.125
5958,0.30357142857142855
5959,1.2321428571428572
5960,1.9285714285714286
5961,0.2857142857142857
5962,1.1428571428571428
5963,0.7857142857142857
5964,0.6071428571428571
5965,0.3392857142857143
5966,0.5892857142857143
5967,0.375
5968,2.0892857142857144
5969,0.5357142857142857
5970,1.0714285714285714
5971,1.5714285714285714
5972,2.0714285714285716
5973,1.0357142857142858
5974,8.017857142857142
5975,4.0
5976,2.482142857142857
5977,1.5357142857142858
5978,1.1964285714285714
5979,0.9464285714285714
5980,1.1785714285714286
5981,1.9642857142857142
5982,2.9285714285714284
5983,1.8928571428571428
5984,1.0535714285714286
5985,2.125
5986,0.42857142857142855
5987,1.4107142857142858
5988,1.0714285714285714
5989,0.7678571428571429
5990,0.4642857142857143
5991,6.892857142857143
5992,2.4285714285714284
5993,0.0
5994,4.75
5995,6.464285714285714
5996,1.625
5997,1.625
5998,1.75
5999,0.6785714285714286
6000,0.9821428571428571
6001,1.2678571428571428
6002,1.4285714285714286
6003,2.4464285714285716
6004,1.2142857142857142
6005,0.9107142857142857
6006,0.8214285714285714
6007,0.6428571428571429
6008,0.32142857142857145
6009,1.9285714285714286
6010,1.5714285714285714
6011,0.39285714285714285
6012,2.7857142857142856
6013,2.3392857142857144
6014,2.642857142857143
6015,1.3214285714285714
6016,1.6071428571428572
6017,0.5892857142857143
6018,1.125
6019,0.7142857142857143
6020,1.9285714285714286
6021,1.3928571428571428
6022,0.6785714285714286
6023,0.30357142857142855
6024,0.26785714285714285
6025,0.42857142857142855
6026,2.8035714285714284
6027,0.25
6028,0.6071428571428571
6029,0.6071428571428571
6030,1.9464285714285714
6031,1.125
6032,3.875
6033,5.232142857142857
6034,4.696428571428571
6035,1.375
6036,1.4285714285714286
6037,0.5714285714285714
6038,0.9821428571428571
6039,10.482142857142858
6040,3.6964285714285716
6041,3.1964285714285716
6042,0.5357142857142857
6043,2.3392857142857144
6044,0.8214285714285714
6045,3.3035714285714284
6046,1.1071428571428572
6047,1.5357142857142858
6048,1.0357142857142858
6049,11.071428571428571
6050,3.3392857142857144
6051,0.0
6052,4.321428571428571
6053,5.321428571428571
6054,1.875
6055,2.642857142857143
6056,3.892857142857143
6057,1.1607142857142858
6058,0.05357142857142857
6059,1.4464285714285714
6060,1.125
6061,4.857142857142857
6062,2.1785714285714284
6063,0.0
6064,1.6964285714285714
6065,0.6607142857142857
6066,3.3214285714285716
6067,2.107142857142857
6068,0.5535714285714286
6069,0.8928571428571429
6070,6.339285714285714
6071,1.7857142857142858
6072,3.767857142857143
6073,2.892857142857143
6074,2.0535714285714284
6075,1.6071428571428572
6076,2.375
6077,0.5535714285714286
6078,1.5
6079,0.9464285714285714
6080,1.1964285714285714
6081,0.39285714285714285
6082,0.35714285714285715
6083,0.6071428571428571
6084,4.410714285714286
6085,0.4107142857142857
6086,0.5357142857142857
6087,1.5535714285714286
6088,2.8392857142857144
6089,0.0
6090,10.053571428571429
6091,1.7678571428571428
6092,1.2142857142857142
6093,1.3392857142857142
6094,1.7678571428571428
6095,1.1964285714285714
6096,1.0
6097,3.4464285714285716
6098,3.017857142857143
6099,2.75
6100,2.267857142857143
6101,2.4642857142857144
6102,0.5714285714285714
6103,0.8214285714285714
6104,2.1785714285714284
6105,0.9107142857142857
6106,0.23214285714285715
6107,14.392857142857142
6108,7.125
6109,0.0
6110,5.678571428571429
6111,2.4642857142857144
6112,2.0535714285714284
6113,1.7321428571428572
6114,2.392857142857143
6115,1.2857142857142858
6116,0.7678571428571429
6117,1.25
6118,0.8035714285714286
6119,2.0535714285714284
6120,2.4107142857142856
6121,0.39285714285714285
6122,1.0714285714285714
6123,0.16071428571428573
6124,0.6785714285714286
6125,0.7321428571428571
6126,0.14285714285714285
6127,0.5
6128,2.1964285714285716
6129,1.0892857142857142
6130,1.2857142857142858
6131,2.232142857142857
6132,0.625
6133,0.30357142857142855
6134,0.9464285714285714
6135,0.25
6136,1.75
6137,0.5714285714285714
6138,0.39285714285714285
6139,0.48214285714285715
6140,0.875
6141,0.19642857142857142
6142,4.321428571428571
6143,3.5357142857142856
6144,0.44642857142857145
6145,0.5714285714285714
6146,2.482142857142857
6147,0.21428571428571427
6148,8.464285714285714
6149,2.0892857142857144
6150,1.6607142857142858
6151,1.1071428571428572
6152,0.7142857142857143
6153,0.25
6154,0.7321428571428571
6155,2.8392857142857144
6156,1.8214285714285714
6157,2.142857142857143
6158,1.6964285714285714
6159,0.6607142857142857
6160,2.107142857142857
6161,0.2857142857142857
6162,0.26785714285714285
6163,0.6785714285714286
6164,1.0178571428571428
6165,6.160714285714286
6166,3.607142857142857
6167,0.0
6168,2.357142857142857
6169,1.5357142857142858
6170,2.107142857142857
6171,1.8035714285714286
6172,0.0
6173,0.8035714285714286
6174,1.25
6175,0.5357142857142857
6176,0.9107142857142857
6177,1.8214285714285714
6178,2.0
6179,1.5535714285714286
6180,0.5714285714285714
6181,0.5892857142857143
6182,1.0892857142857142
6183,1.8035714285714286
6184,1.25
6185,1.5535714285714286
6186,1.9464285714285714
6187,1.6964285714285714
6188,2.5357142857142856
6189,0.9642857142857143
6190,0.5178571428571429
6191,0.6964285714285714
6192,1.2321428571428572
6193,0.23214285714285715
6194,0.5535714285714286
6195,0.25
6196,0.9464285714285714
6197,0.9107142857142857
6198,0.4107142857142857
6199,0.9821428571428571
6200,1.875
6201,0.5714285714285714
6202,1.25
6203,0.42857142857142855
6204,2.3392857142857144
6205,1.7321428571428572
6206,2.142857142857143
6207,1.0892857142857142
6208,2.5892857142857144
6209,0.4642857142857143
6210,0.5357142857142857
6211,0.30357142857142855
6212,0.32142857142857145
6213,0.9285714285714286
6214,1.4642857142857142
6215,0.9642857142857143
6216,1.5
6217,0.8571428571428571
6218,0.75
6219,0.4107142857142857
6220,0.8214285714285714
6221,0.25
6222,0.4642857142857143
6223,4.875
6224,1.6964285714285714
6225,0.0
6226,1.0
6227,1.9285714285714286
6228,1.7142857142857142
6229,1.2321428571428572
6230,0.19642857142857142
6231,0.32142857142857145
6232,1.4285714285714286
6233,0.375
6234,0.44642857142857145
6235,4.053571428571429
6236,0.8035714285714286
6237,1.0
6238,0.6607142857142857
6239,0.32142857142857145
6240,0.10714285714285714
6241,0.9821428571428571
6242,0.6785714285714286
6243,0.14285714285714285
6244,2.0714285714285716
6245,1.6607142857142858
6246,2.767857142857143
6247,0.5892857142857143
6248,0.5535714285714286
6249,0.5892857142857143
6250,1.0178571428571428
6251,0.5
6252,0.8214285714285714
6253,0.5
6254,0.7678571428571429
6255,0.5535714285714286
6256,0.08928571428571429
6257,0.5892857142857143
6258,2.982142857142857
6259,0.3392857142857143
6260,0.6607142857142857
6261,0.44642857142857145
6262,1.0535714285714286
6263,0.44642857142857145
6264,4.267857142857143
6265,2.732142857142857
6266,2.392857142857143
6267,0.5
6268,2.0357142857142856
6269,1.9107142857142858
6270,0.6964285714285714
6271,4.964285714285714
6272,2.642857142857143
6273,2.017857142857143
6274,0.9107142857142857
6275,1.1071428571428572
6276,3.267857142857143
6277,0.21428571428571427
6278,1.125
6279,0.39285714285714285
6280,2.2142857142857144
6281,14.857142857142858
6282,3.0714285714285716
6283,0.0
6284,4.0
6285,1.5535714285714286
6286,4.75
6287,1.0
6288,1.5714285714285714
6289,1.2857142857142858
6290,1.3214285714285714
6291,0.30357142857142855
6292,0.4642857142857143
6293,2.3214285714285716
6294,4.625
6295,0.4642857142857143
6296,0.3392857142857143
6297,0.2857142857142857
6298,1.3928571428571428
6299,0.9107142857142857
6300,1.3392857142857142
6301,0.19642857142857142
6302,4.053571428571429
6303,2.232142857142857
6304,1.8214285714285714
6305,1.6785714285714286
6306,1.2678571428571428
6307,0.39285714285714285
6308,0.48214285714285715
6309,0.375
6310,0.625
6311,0.35714285714285715
6312,0.7142857142857143
6313,1.3035714285714286
6314,0.17857142857142858
6315,0.14285714285714285
6316,3.0357142857142856
6317,2.3392857142857144
6318,0.2857142857142857
6319,0.42857142857142855
6320,2.4464285714285716
6321,0.14285714285714285
6322,2.6607142857142856
6323,2.4107142857142856
6324,1.25
6325,0.5714285714285714
6326,1.0357142857142858
6327,0.5714285714285714
6328,0.8214285714285714
6329,3.857142857142857
6330,2.017857142857143
6331,1.9285714285714286
6332,1.375
6333,1.6607142857142858
6334,0.5
6335,0.30357142857142855
6336,0.6071428571428571
6337,0.21428571428571427
6338,0.42857142857142855
6339,9.357142857142858
6340,2.9107142857142856
6341,0.0
6342,3.0714285714285716
6343,2.892857142857143
6344,1.7678571428571428
6345,1.4821428571428572
6346,2.3392857142857144
6347,0.7857142857142857
6348,1.1964285714285714
6349,0.8571428571428571
6350,0.23214285714285715
6351,2.4642857142857144
6352,1.75
6353,0.7142857142857143
6354,0.2857142857142857
6355,0.35714285714285715
6356,1.0178571428571428
6357,1.3214285714285714
6358,0.42857142857142855
6359,0.8571428571428571
6360,4.928571428571429
6361,1.5357142857142858
6362,1.7142857142857142
6363,1.125
6364,0.16071428571428573
6365,0.4107142857142857
6366,0.75
6367,2.1964285714285716
6368,0.625
6369,0.25
6370,0.3392857142857143
6371,0.35714285714285715
6372,0.08928571428571429
6373,0.05357142857142857
6374,2.1607142857142856
6375,2.5357142857142856
6376,0.5535714285714286
6377,0.39285714285714285
6378,0.8392857142857143
6379,0.7857142857142857
6380,8.5
6381,1.2142857142857142
6382,1.0714285714285714
6383,0.5
6384,0.6607142857142857
6385,0.10714285714285714
6386,0.5535714285714286
6387,2.1607142857142856
6388,1.7678571428571428
6389,0.7857142857142857
6390,1.2857142857142858
6391,1.2142857142857142
6392,1.5178571428571428
6393,0.5535714285714286
6394,0.5178571428571429
6395,0.017857142857142856
6396,0.5357142857142857
6397,2.982142857142857
6398,2.4464285714285716
6399,0.0
6400,3.0714285714285716
6401,0.8035714285714286
6402,1.8214285714285714
6403,2.1785714285714284
6404,0.5535714285714286
6405,0.8392857142857143
6406,1.3035714285714286
6407,0.42857142857142855
6408,0.6428571428571429
6409,1.1071428571428572
6410,2.5892857142857144
6411,1.1607142857142858
6412,0.4642857142857143
6413,0.9464285714285714
6414,0.7678571428571429
6415,1.7678571428571428
6416,0.9821428571428571
6417,0.2857142857142857
6418,1.5
6419,2.5714285714285716
6420,2.0535714285714284
6421,0.9464285714285714
6422,0.5714285714285714
6423,0.9107142857142857
6424,1.0178571428571428
6425,0.35714285714285715
6426,0.75
6427,0.8571428571428571
6428,1.0
6429,1.0535714285714286
6430,0.125
6431,0.4642857142857143
6432,1.125
6433,0.44642857142857145
6434,0.7678571428571429
6435,0.7142857142857143
6436,1.75
6437,1.6607142857142858
6438,6.0
6439,1.3035714285714286
6440,1.4464285714285714
6441,0.6785714285714286
6442,0.5892857142857143
6443,0.4642857142857143
6444,1.0357142857142858
6445,2.0892857142857144
6446,2.607142857142857
6447,1.0178571428571428
6448,0.9285714285714286
6449,1.75
6450,0.4642857142857143
6451,0.875
6452,0.8035714285714286
6453,0.6071428571428571
6454,0.19642857142857142
6455,4.857142857142857
6456,3.5
6457,0.0
6458,2.7142857142857144
6459,2.2142857142857144
6460,1.125
6461,2.982142857142857
6462,1.25
6463,0.5892857142857143
6464,0.07142857142857142
6465,0.7678571428571429
6466,1.0178571428571428
6467,3.982142857142857
6468,0.6785714285714286
6469,1.6785714285714286
6470,1.1428571428571428
6471,1.3214285714285714
6472,0.16071428571428573
6473,0.5178571428571429
6474,0.0
6475,0.32142857142857145
6476,1.1964285714285714
6477,2.875
6478,0.6785714285714286
6479,0.42857142857142855
6480,0.7142857142857143
6481,0.8035714285714286
6482,0.75
6483,0.16071428571428573
6484,1.1428571428571428
6485,0.35714285714285715
6486,0.6071428571428571
6487,0.21428571428571427
6488,0.0
6489,0.375
6490,2.267857142857143
6491,0.23214285714285715
6492,0.5535714285714286
6493,1.0714285714285714
6494,0.875
6495,0.375
6496,8.660714285714286
6497,0.8035714285714286
6498,2.1607142857142856
6499,3.142857142857143
6500,1.9642857142857142
6501,0.23214285714285715
6502,1.0714285714285714
6503,2.2142857142857144
6504,2.1785714285714284
6505,2.0357142857142856
6506,0.9821428571428571
6507,1.8571428571428572
6508,0.48214285714285715
6509,0.7321428571428571
6510,0.8392857142857143
6511,0.7321428571428571
6512,0.6428571428571429
6513,11.607142857142858
6514,3.5535714285714284
6515,0.0
6516,4.339285714285714
6517,6.196428571428571
6518,1.75
6519,0.6428571428571429
6520,2.3214285714285716
6521,1.4464285714285714
6522,0.5178571428571429
6523,1.125
6524,1.3392857142857142
6525,1.7678571428571428
6526,1.1071428571428572
6527,1.1785714285714286
6528,1.5892857142857142
6529,1.2857142857142858
6530,0.44642857142857145
6531,1.5
6532,1.1428571428571428
6533,0.14285714285714285
6534,1.6071428571428572
6535,3.0714285714285716
6536,2.4642857142857144
6537,1.125
6538,0.30357142857142855
6539,1.2321428571428572
6540,1.9285714285714286
6541,0.2857142857142857
6542,1.1428571428571428
6543,0.7857142857142857
6544,0.6071428571428571
6545,0.3392857142857143
6546,0.5892857142857143
6547,0.375
6548,2.0892857142857144
6549,0.5357142857142857
6550,1.0714285714285714
6551,1.5714285714285714
6552,2.0714285714285716
6553,1.0357142857142858
6554,8.017857142857142
6555,4.0
6556,2.482142857142857
6557,1.5357142857142858
6558,1.1964285714285714
6559,0.9464285714285714
6560,1.1785714285714286
6561,1.9642857142857142
6562,2.9285714285714284
6563,1.8928571428571428
6564,1.0535714285714286
6565,2.125
6566,0.42857142857142855
6567,1.4107142857142858
6568,1.0714285714285714
6569,0.7678571428571429
6570,0.4642857142857143
6571,6.892857142857143
6572,2.4285714285714284
6573,0.0
6574,4.75
6575,6.464285714285714
6576,1.625
6577,1.625
6578,1.75
6579,0.6785714285714286
6580,0.9821428571428571
6581,1.2678571428571428
6582,1.4285714285714286
6583,2.4464285714285716
6584,1.2142857142857142
6585,0.9107142857142857
6586,0.8214285714285714
6587,0.6428571428571429
6588,0.32142857142857145
6589,1.9285714285714286
6590,1.5714285714285714
6591,0.39285714285714285
6592,2.7857142857142856
6593,2.3392857142857144
6594,2.642857142857143
6595,1.3214285714285714
6596,1.6071428571428572
6597,0.5892857142857143
6598,1.125
6599,0.7142857142857143
6600,1.9285714285714286
6601,1.3928571428571428
6602,0.6785714285714286
6603,0.30357142857142855
6604,0.26785714285714285
6605,0.42857142857142855
6606,2.8035714285714284
6607,0.25
6608,0.6071428571428571
6609,0.6071428571428571
6610,1.9464285714285714
6611,1.125
6612,3.875
6613,5.232142857142857
6614,4.696428571428571
6615,1.375
6616,1.4285714285714286
6617,0.5714285714285714
6618,0.9821428571428571
6619,10.482142857142858
6620,3.6964285714285716
6621,3.1964285714285716
6622,0.5357142857142857
6623,2.3392857142857144
6624,0.8214285714285714
6625,3.3035714285714284
6626,1.1071428571428572
6627,1.5357142857142858
6628,1.0357142857142858
6629,11.071428571428571
6630,3.3392857142857144
6631,0.0
6632,4.321428571428571
6633,5.321428571428571
6634,1.875
6635,2.642857142857143
6636,3.892857142857143
6637,1.1607142857142858
6638,0.05357142857142857
6639,1.4464285714285714
6640,1.125
6641,4.857142857142857
6642,2.1785714285714284
6643,0.0
6644,1.6964285714285714
6645,0.6607142857142857
6646,3.3214285714285716
6647,2.107142857142857
6648,0.5535714285714286
6649,0.8928571428571429
6650,6.339285714285714
6651,1.7857142857142858
6652,3.767857142857143
6653,2.892857142857143
6654,2.0535714285714284
6655,1.6071428571428572
6656,2.375
6657,0.5535714285714286
6658,1.5
6659,0.9464285714285714
6660,1.1964285714285714
6661,0.39285714285714285
6662,0.35714285714285715
6663,0.6071428571428571
6664,4.410714285714286
6665,0.4107142857142857
6666,0.5357142857142857
6667,1.5535714285714286
6668,2.8392857142857144
6669,0.0
6670,10.053571428571429
6671,1.7678571428571428
6672,1.2142857142857142
6673,1.3392857142857142
6674,1.7678571428571428
6675,1.1964285714285714
6676,1.0
6677,3.4464285714285716
6678,3.017857142857143
6679,2.75
6680,2.267857142857143
6681,2.4642857142857144
6682,0.5714285714285714
6683,0.8214285714285714
6684,2.1785714285714284
6685,0.9107142857142857
6686,0.23214285714285715
6687,14.392857142857142
6688,7.125
6689,0.0
6690,5.678571428571429
6691,2.4642857142857144
6692,2.0535714285714284
6693,1.7321428571428572
6694,2.392857142857143
6695,1.2857142857142858
6696,0.7678571428571429
6697,1.25
6698,0.8035714285714286
6699,2.0535714285714284
6700,2.4107142857142856
6701,0.39285714285714285
6702,1.0714285714285714
6703,0.16071428571428573
6704,0.6785714285714286
6705,0.7321428571428571
6706,0.14285714285714285
6707,0.5
6708,2.1964285714285716
6709,1.0892857142857142
6710,1.2857142857142858
6711,2.232142857142857
6712,0.625
6713,0.30357142857142855
6714,0.9464285714285714
6715,0.25
6716,1.75
6717,0.5714285714285714
6718,0.39285714285714285
6719,0.48214285714285715
6720,0.875
6721,0.19642857142857142
6722,4.321428571428571
6723,3.5357142857142856
6724,0.44642857142857145
6725,0.5714285714285714
6726,2.482142857142857
6727,0.21428571428571427
6728,8.464285714285714
6729,2.0892857142857144
6730,1.6607142857142858
6731,1.1071428571428572
6732,0.7142857142857143
6733,0.25
6734,0.7321428571428571
6735,2.8392857142857144
6736,1.8214285714285714
6737,2.142857142857143
6738,1.6964285714285714
6739,0.6607142857142857
6740,2.107142857142857
6741,0.2857142857142857
6742,0.26785714285714285
6743,0.6785714285714286
6744,1.0178571428571428
6745,6.160714285714286
6746,3.607142857142857
6747,0.0
6748,2.357142857142857
6749,1.5357142857142858
6750,2.107142857142857
6751,1.8035714285714286
6752,0.0
6753,0.8035714285714286
6754,1.25
6755,0.5357142857142857
6756,0.9107142857142857
6757,1.8214285714285714
6758,2.0
6759,1.5535714285714286
6760,0.5714285714285714
6761,0.5892857142857143
6762,1.0892857142857142
6763,1.8035714285714286
6764,1.25
6765,1.5535714285714286
6766,1.9464285714285714
6767,1.6964285714285714
6768,2.5357142857142856
6769,0.9642857142857143
6770,0.5178571428571429
6771,0.6964285714285714
6772,1.2321428571428572
6773,0.23214285714285715
6774,0.5535714285714286
6775,0.25
6776,0.9464285714285714
6777,0.9107142857142857
6778,0.4107142857142857
6779,0.9821428571428571
6780,1.875
6781,0.5714285714285714
6782,1.25
6783,0.42857142857142855
6784,2.3392857142857144
6785,1.7321428571428572
6786,2.142857142857143
6787,1.0892857142857142
6788,2.5892857142857144
6789,0.4642857142857143
6790,0.5357142857142857
6791,0.30357142857142855
6792,0.32142857142857145
6793,0.9285714285714286
6794,1.4642857142857142
6795,0.9642857142857143
6796,1.5
6797,0.8571428571428571
6798,0.75
6799,0.4107142857142857
6800,0.8214285714285714
6801,0.25
6802,0.4642857142857143
6803,4.875
6804,1.6964285714285714
6805,0.0
6806,1.0
6807,1.9285714285714286
6808,1.7142857142857142
6809,1.2321428571428572
6810,0.19642857142857142
6811,0.32142857142857145
6812,1.4285714285714286
6813,0.375
6814,0.44642857142857145
6815,4.053571428571429
6816,0.8035714285714286
6817,1.0
6818,0.6607142857142857
6819,0.32142857142857145
6820,0.10714285714285714
6821,0.9821428571428571
6822,0.6785714285714286
6823,0.14285714285714285
6824,2.0714285714285716
6825,1.6607142857142858
6826,2.767857142857143
6827,0.5892857142857143
6828,0.5535714285714286
6829,0.5892857142857143
6830,1.0178571428571428
6831,0.5
6832,0.8214285714285714
6833,0.5
6834,0.7678571428571429
6835,0.5535714285714286
6836,0.08928571428571429
6837,0.5892857142857143
6838,2.982142857142857
6839,0.3392857142857143
6840,0.6607142857142857
6841,0.44642857142857145
6842,1.0535714285714286
6843,0.44642857142857145
6844,4.267857142857143
6845,2.732142857142857
6846,2.392857142857143
6847,0.5
6848,2.0357142857142856
6849,1.9107142857142858
6850,0.6964285714285714
6851,4.964285714285714
6852,2.642857142857143
6853,2.017857142857143
6854,0.9107142857142857
6855,1.1071428571428572
6856,3.267857142857143
6857,0.21428571428571427
6858,1.125
6859,0.39285714285714285
6860,2.2142857142857144
6861,14.857142857142858
6862,3.0714285714285716
6863,0.0
6864,4.0
6865,1.5535714285714286
6866,4.75
6867,1.0
6868,1.5714285714285714
6869,1.2857142857142858
6870,1.3214285714285714
6871,0.30357142857142855
6872,0.4642857142857143
6873,2.3214285714285716
6874,4.625
6875,0.4642857142857143
6876,0.3392857142857143
6877,0.2857142857142857
6878,1.3928571428571428
6879,0.9107142857142857
6880,1.3392857142857142
6881,0.19642857142857142
6882,4.053571428571429
6883,2.232142857142857
6884,1.8214285714285714
6885,1.6785714285714286
6886,1.2678571428571428
6887,0.39285714285714285
6888,0.48214285714285715
6889,0.375
6890,0.625
6891,0.35714285714285715
6892,0.7142857142857143
6893,1.3035714285714286
6894,0.17857142857142858
6895,0.14285714285714285
6896,3.0357142857142856
6897,2.3392857142857144
6898,0.2857142857142857
6899,0.42857142857142855
6900,2.4464285714285716
6901,0.14285714285714285
6902,2.6607142857142856
6903,2.4107142857142856
6904,1.25
6905,0.5714285714285714
6906,1.0357142857142858
6907,0.5714285714285714
6908,0.8214285714285714
6909,3.857142857142857
6910,2.017857142857143
6911,1.9285714285714286
6912,1.375
6913,1.6607142857142858
6914,0.5
6915,0.30357142857142855
6916,0.6071428571428571
6917,0.21428571428571427
6918,0.42857142857142855
6919,9.357142857142858
6920,2.9107142857142856
6921,0.0
6922,3.0714285714285716
6923,2.892857142857143
6924,1.7678571428571428
6925,1.4821428571428572
6926,2.3392857142857144
6927,0.7857142857142857
6928,1.1964285714285714
6929,0.8571428571428571
6930,0.23214285714285715
6931,2.4642857142857144
6932,1.75
6933,0.7142857142857143
6934,0.2857142857142857
6935,0.35714285714285715
6936,1.0178571428571428
6937,1.3214285714285714
6938,0.42857142857142855
6939,0.8571428571428571
6940,4.928571428571429
6941,1.5357142857142858
6942,1.7142857142857142
6943,1.125
6944,0.16071428571428573
6945,0.4107142857142857
6946,0.75
6947,2.1964285714285716
6948,0.625
6949,0.25
6950,0.3392857142857143
6951,0.35714285714285715
6952,0.08928571428571429
6953,0.05357142857142857
6954,2.1607142857142856
6955,2.5357142857142856
6956,0.5535714285714286
6957,0.39285714285714285
6958,0.8392857142857143
6959,0.7857142857142857
6960,8.5
6961,1.2142857142857142
6962,1.0714285714285714
6963,0.5
6964,0.6607142857142857
6965,0.10714285714285714
6966,0.5535714285714286
6967,2.1607142857142856
6968,1.7678571428571428
6969,0.7857142857142857
6970,1.2857142857142858
6971,1.2142857142857142
6972,1.5178571428571428
6973,0.5535714285714286
6974,0.5178571428571429
6975,0.017857142857142856
6976,0.5357142857142857
6977,2.982142857142857
6978,2.4464285714285716
6979,0.0
6980,3.0714285714285716
6981,0.8035714285714286
6982,1.8214285714285714
6983,2.1785714285714284
6984,0.5535714285714286
6985,0.8392857142857143
6986,1.3035714285714286
6987,0.42857142857142855
6988,0.6428571428571429
6989,1.1071428571428572
6990,2.5892857142857144
6991,1.1607142857142858
6992,0.4642857142857143
6993,0.9464285714285714
6994,0.7678571428571429
6995,1.7678571428571428
6996,0.9821428571428571
6997,0.2857142857142857
6998,1.5
6999,2.5714285714285716
7000,2.0535714285714284
7001,0.9464285714285714
7002,0.5714285714285714
7003,0.9107142857142857
7004,1.0178571428571428
7005,0.35714285714285715
7006,0.75
7007,0.8571428571428571
7008,1.0
7009,1.0535714285714286
7010,0.125
7011,0.4642857142857143
7012,1.125
7013,0.44642857142857145
7014,0.7678571428571429
7015,0.7142857142857143
7016,1.75
7017,1.6607142857142858
7018,6.0
7019,1.3035714285714286
7020,1.4464285714285714
7021,0.6785714285714286
7022,0.5892857142857143
7023,0.4642857142857143
7024,1.0357142857142858
7025,2.0892857142857144
7026,2.607142857142857
7027,1.0178571428571428
7028,0.9285714285714286
7029,1.75
7030,0.4642857142857143
7031,0.875
7032,0.8035714285714286
7033,0.6071428571428571
7034,0.19642857142857142
7035,4.857142857142857
7036,3.5
7037,0.0
7038,2.7142857142857144
7039,2.2142857142857144
7040,1.125
7041,2.982142857142857
7042,1.25
7043,0.5892857142857143
7044,0.07142857142857142
7045,0.7678571428571429
7046,1.0178571428571428
7047,3.982142857142857
7048,0.6785714285714286
7049,1.6785714285714286
7050,1.1428571428571428
7051,1.3214285714285714
7052,0.16071428571428573
7053,0.5178571428571429
7054,0.0
7055,0.32142857142857145
7056,1.1964285714285714
7057,2.875
7058,0.6785714285714286
7059,0.42857142857142855
7060,0.7142857142857143
7061,0.8035714285714286
7062,0.75
7063,0.16071428571428573
7064,1.1428571428571428
7065,0.35714285714285715
7066,0.6071428571428571
7067,0.21428571428571427
7068,0.0
7069,0.375
7070,2.267857142857143
7071,0.23214285714285715
7072,0.5535714285714286
7073,1.0714285714285714
7074,0.875
7075,0.375
7076,8.660714285714286
7077,0.8035714285714286
7078,2.1607142857142856
7079,3.142857142857143
7080,1.9642857142857142
7081,0.23214285714285715
7082,1.0714285714285714
7083,2.2142857142857144
7084,2.1785714285714284
7085,2.0357142857142856
7086,0.9821428571428571
7087,1.8571428571428572
7088,0.48214285714285715
7089,0.7321428571428571
7090,0.8392857142857143
7091,0.7321428571428571
7092,0.6428571428571429
7093,11.607142857142858
7094,3.5535714285714284
7095,0.0
7096,4.339285714285714
7097,6.196428571428571
7098,1.75
7099,0.6428571428571429
7100,2.3214285714285716
7101,1.4464285714285714
7102,0.5178571428571429
7103,1.125
7104,1.3392857142857142
7105,1.7678571428571428
7106,1.1071428571428572
7107,1.1785714285714286
7108,1.5892857142857142
7109,1.2857142857142858
7110,0.44642857142857145
7111,1.5
7112,1.1428571428571428
7113,0.14285714285714285
7114,1.6071428571428572
7115,3.0714285714285716
7116,2.4642857142857144
7117,1.125
7118,0.30357142857142855
7119,1.2321428571428572
7120,1.9285714285714286
7121,0.2857142857142857
7122,1.1428571428571428
7123,0.7857142857142857
7124,0.6071428571428571
7125,0.3392857142857143
7126,0.5892857142857143
7127,0.375
7128,2.0892857142857144
7129,0.5357142857142857
7130,1.0714285714285714
7131,1.5714285714285714
7132,2.0714285714285716
7133,1.0357142857142858
7134,8.017857142857142
7135,4.0
7136,2.482142857142857
7137,1.5357142857142858
7138,1.1964285714285714
7139,0.9464285714285714
7140,1.1785714285714286
7141,1.9642857142857142
7142,2.9285714285714284
7143,1.8928571428571428
7144,1.0535714285714286
7145,2.125
7146,0.42857142857142855
7147,1.4107142857142858
7148,1.0714285714285714
7149,0.7678571428571429
7150,0.4642857142857143
7151,6.892857142857143
7152,2.4285714285714284
7153,0.0
7154,4.75
7155,6.464285714285714
7156,1.625
7157,1.625
7158,1.75
7159,0.6785714285714286
7160,0.9821428571428571
7161,1.2678571428571428
7162,1.4285714285714286
7163,2.4464285714285716
7164,1.2142857142857142
7165,0.9107142857142857
7166,0.8214285714285714
7167,0.6428571428571429
7168,0.32142857142857145
7169,1.9285714285714286
7170,1.5714285714285714
7171,0.39285714285714285
7172,2.7857142857142856
7173,2.3392857142857144
7174,2.642857142857143
7175,1.3214285714285714
7176,1.6071428571428572
7177,0.5892857142857143
7178,1.125
7179,0.7142857142857143
7180,1.9285714285714286
7181,1.3928571428571428
7182,0.6785714285714286
7183,0.30357142857142855
7184,0.26785714285714285
7185,0.42857142857142855
7186,2.8035714285714284
7187,0.25
7188,0.6071428571428571
7189,0.6071428571428571
7190,1.9464285714285714
7191,1.125
7192,3.875
7193,5.232142857142857
7194,4.696428571428571
7195,1.375
7196,1.4285714285714286
7197,0.5714285714285714
7198,0.9821428571428571
7199,10.482142857142858
7200,3.6964285714285716
7201,3.1964285714285716
7202,0.5357142857142857
7203,2.3392857142857144
7204,0.8214285714285714
7205,3.3035714285714284
7206,1.1071428571428572
7207,1.5357142857142858
7208,1.0357142857142858
7209,11.071428571428571
7210,3.3392857142857144
7211,0.0
7212,4.321428571428571
7213,5.321428571428571
7214,1.875
7215,2.642857142857143
7216,3.892857142857143
7217,1.1607142857142858
7218,0.05357142857142857
7219,1.4464285714285714
7220,1.125
7221,4.857142857142857
7222,2.1785714285714284
7223,0.0
7224,1.6964285714285714
7225,0.6607142857142857
7226,3.3214285714285716
7227,2.107142857142857
7228,0.5535714285714286
7229,0.8928571428571429
7230,6.339285714285714
7231,1.7857142857142858
7232,3.767857142857143
7233,2.892857142857143
7234,2.0535714285714284
7235,1.6071428571428572
7236,2.375
7237,0.5535714285714286
7238,1.5
7239,0.9464285714285714
7240,1.1964285714285714
7241,0.39285714285714285
7242,0.35714285714285715
7243,0.6071428571428571
7244,4.410714285714286
7245,0.4107142857142857
7246,0.5357142857142857
7247,1.5535714285714286
7248,2.8392857142857144
7249,0.0
7250,10.053571428571429
7251,1.7678571428571428
7252,1.2142857142857142
7253,1.3392857142857142
7254,1.7678571428571428
7255,1.1964285714285714
7256,1.0
7257,3.4464285714285716
7258,3.017857142857143
7259,2.75
7260,2.267857142857143
7261,2.4642857142857144
7262,0.5714285714285714
7263,0.8214285714285714
7264,2.1785714285714284
7265,0.9107142857142857
7266,0.23214285714285715
7267,14.392857142857142
7268,7.125
7269,0.0
7270,5.678571428571429
7271,2.4642857142857144
7272,2.0535714285714284
7273,1.7321428571428572
7274,2.392857142857143
7275,1.2857142857142858
7276,0.7678571428571429
7277,1.25
7278,0.8035714285714286
7279,2.0535714285714284
7280,2.4107142857142856
7281,0.39285714285714285
7282,1.0714285714285714
7283,0.16071428571428573
7284,0.6785714285714286
7285,0.7321428571428571
7286,0.14285714285714285
7287,0.5
7288,2.1964285714285716
7289,1.0892857142857142
7290,1.2857142857142858
7291,2.232142857142857
7292,0.625
7293,0.30357142857142855
7294,0.9464285714285714
7295,0.25
7296,1.75
7297,0.5714285714285714
7298,0.39285714285714285
7299,0.48214285714285715
7300,0.875
7301,0.19642857142857142
7302,4.321428571428571
7303,3.5357142857142856
7304,0.44642857142857145
7305,0.5714285714285714
7306,2.482142857142857
7307,0.21428571428571427
7308,8.464285714285714
7309,2.0892857142857144
7310,1.6607142857142858
7311,1.1071428571428572
7312,0.7142857142857143
7313,0.25
7314,0.7321428571428571
7315,2.8392857142857144
7316,1.8214285714285714
7317,2.142857142857143
7318,1.6964285714285714
7319,0.6607142857142857
7320,2.107142857142857
7321,0.2857142857142857
7322,0.26785714285714285
7323,0.6785714285714286
7324,1.0178571428571428
7325,6.160714285714286
7326,3.607142857142857
7327,0.0
7328,2.357142857142857
7329,1.5357142857142858
7330,2.107142857142857
7331,1.8035714285714286
7332,0.0
7333,0.8035714285714286
7334,1.25
7335,0.5357142857142857
7336,0.9107142857142857
7337,1.8214285714285714
7338,2.0
7339,1.5535714285714286
7340,0.5714285714285714
7341,0.5892857142857143
7342,1.0892857142857142
7343,1.8035714285714286
7344,1.25
7345,1.5535714285714286
7346,1.9464285714285714
7347,1.6964285714285714
7348,2.5357142857142856
7349,0.9642857142857143
7350,0.5178571428571429
7351,0.6964285714285714
7352,1.2321428571428572
7353,0.23214285714285715
7354,0.5535714285714286
7355,0.25
7356,0.9464285714285714
7357,0.9107142857142857
7358,0.4107142857142857
7359,0.9821428571428571
7360,1.875
7361,0.5714285714285714
7362,1.25
7363,0.42857142857142855
7364,2.3392857142857144
7365,1.7321428571428572
7366,2.142857142857143
7367,1.0892857142857142
7368,2.5892857142857144
7369,0.4642857142857143
7370,0.5357142857142857
7371,0.30357142857142855
7372,0.32142857142857145
7373,0.9285714285714286
7374,1.4642857142857142
7375,0.9642857142857143
7376,1.5
7377,0.8571428571428571
7378,0.75
7379,0.4107142857142857
7380,0.8214285714285714
7381,0.25
7382,0.4642857142857143
7383,4.875
7384,1.6964285714285714
7385,0.0
7386,1.0
7387,1.9285714285714286
7388,1.7142857142857142
7389,1.2321428571428572
7390,0.19642857142857142
7391,0.32142857142857145
7392,1.4285714285714286
7393,0.375
7394,0.44642857142857145
7395,4.053571428571429
7396,0.8035714285714286
7397,1.0
7398,0.6607142857142857
7399,0.32142857142857145
7400,0.10714285714285714
7401,0.9821428571428571
7402,0.6785714285714286
7403,0.14285714285714285
7404,2.0714285714285716
7405,1.6607142857142858
7406,2.767857142857143
7407,0.5892857142857143
7408,0.5535714285714286
7409,0.5892857142857143
7410,1.0178571428571428
7411,0.5
7412,0.8214285714285714
7413,0.5
7414,0.7678571428571429
7415,0.5535714285714286
7416,0.08928571428571429
7417,0.5892857142857143
7418,2.982142857142857
7419,0.3392857142857143
7420,0.6607142857142857
7421,0.44642857142857145
7422,1.0535714285714286
7423,0.44642857142857145
7424,4.267857142857143
7425,2.732142857142857
7426,2.392857142857143
7427,0.5
7428,2.0357142857142856
7429,1.9107142857142858
7430,0.6964285714285714
7431,4.964285714285714
7432,2.642857142857143
7433,2.017857142857143
7434,0.9107142857142857
7435,1.1071428571428572
7436,3.267857142857143
7437,0.21428571428571427
7438,1.125
7439,0.39285714285714285
7440,2.2142857142857144
7441,14.857142857142858
7442,3.0714285714285716
7443,0.0
7444,4.0
7445,1.5535714285714286
7446,4.75
7447,1.0
7448,1.5714285714285714
7449,1.2857142857142858
7450,1.3214285714285714
7451,0.30357142857142855
7452,0.4642857142857143
7453,2.3214285714285716
7454,4.625
7455,0.4642857142857143
7456,0.3392857142857143
7457,0.2857142857142857
7458,1.3928571428571428
7459,0.9107142857142857
7460,1.3392857142857142
7461,0.19642857142857142
7462,4.053571428571429
7463,2.232142857142857
7464,1.8214285714285714
7465,1.6785714285714286
7466,1.2678571428571428
7467,0.39285714285714285
7468,0.48214285714285715
7469,0.375
7470,0.625
7471,0.35714285714285715
7472,0.7142857142857143
7473,1.3035714285714286
7474,0.17857142857142858
7475,0.14285714285714285
7476,3.0357142857142856
7477,2.3392857142857144
7478,0.2857142857142857
7479,0.42857142857142855
7480,2.4464285714285716
7481,0.14285714285714285
7482,2.6607142857142856
7483,2.4107142857142856
7484,1.25
7485,0.5714285714285714
7486,1.0357142857142858
7487,0.5714285714285714
7488,0.8214285714285714
7489,3.857142857142857
7490,2.017857142857143
7491,1.9285714285714286
7492,1.375
7493,1.6607142857142858
7494,0.5
7495,0.30357142857142855
7496,0.6071428571428571
7497,0.21428571428571427
7498,0.42857142857142855
7499,9.357142857142858
7500,2.9107142857142856
7501,0.0
7502,3.0714285714285716
7503,2.892857142857143
7504,1.7678571428571428
7505,1.4821428571428572
7506,2.3392857142857144
7507,0.7857142857142857
7508,1.1964285714285714
7509,0.8571428571428571
7510,0.23214285714285715
7511,2.4642857142857144
7512,1.75
7513,0.7142857142857143
7514,0.2857142857142857
7515,0.35714285714285715
7516,1.0178571428571428
7517,1.3214285714285714
7518,0.42857142857142855
7519,0.8571428571428571
7520,4.928571428571429
7521,1.5357142857142858
7522,1.7142857142857142
7523,1.125
7524,0.16071428571428573
7525,0.4107142857142857
7526,0.75
7527,2.1964285714285716
7528,0.625
7529,0.25
7530,0.3392857142857143
7531,0.35714285714285715
7532,0.08928571428571429
7533,0.05357142857142857
7534,2.1607142857142856
7535,2.5357142857142856
7536,0.5535714285714286
7537,0.39285714285714285
7538,0.8392857142857143
7539,0.7857142857142857
7540,8.5
7541,1.2142857142857142
7542,1.0714285714285714
7543,0.5
7544,0.6607142857142857
7545,0.10714285714285714
7546,0.5535714285714286
7547,2.1607142857142856
7548,1.7678571428571428
7549,0.7857142857142857
7550,1.2857142857142858
7551,1.2142857142857142
7552,1.5178571428571428
7553,0.5535714285714286
7554,0.5178571428571429
7555,0.017857142857142856
7556,0.5357142857142857
7557,2.982142857142857
7558,2.4464285714285716
7559,0.0
7560,3.0714285714285716
7561,0.8035714285714286
7562,1.8214285714285714
7563,2.1785714285714284
7564,0.5535714285714286
7565,0.8392857142857143
7566,1.3035714285714286
7567,0.42857142857142855
7568,0.6428571428571429
7569,1.1071428571428572
7570,2.5892857142857144
7571,1.1607142857142858
7572,0.4642857142857143
7573,0.9464285714285714
7574,0.7678571428571429
7575,1.7678571428571428
7576,0.9821428571428571
7577,0.2857142857142857
7578,1.5
7579,2.5714285714285716
7580,2.0535714285714284
7581,0.9464285714285714
7582,0.5714285714285714
7583,0.9107142857142857
7584,1.0178571428571428
7585,0.35714285714285715
7586,0.75
7587,0.8571428571428571
7588,1.0
7589,1.0535714285714286
7590,0.125
7591,0.4642857142857143
7592,1.125
7593,0.44642857142857145
7594,0.7678571428571429
7595,0.7142857142857143
7596,1.75
7597,1.6607142857142858
7598,6.0
7599,1.3035714285714286
7600,1.4464285714285714
7601,0.6785714285714286
7602,0.5892857142857143
7603,0.4642857142857143
7604,1.0357142857142858
7605,2.0892857142857144
7606,2.607142857142857
7607,1.0178571428571428
7608,0.9285714285714286
7609,1.75
7610,0.4642857142857143
7611,0.875
7612,0.8035714285714286
7613,0.6071428571428571
7614,0.19642857142857142
7615,4.857142857142857
7616,3.5
7617,0.0
7618,2.7142857142857144
7619,2.2142857142857144
7620,1.125
7621,2.982142857142857
7622,1.25
7623,0.5892857142857143
7624,0.07142857142857142
7625,0.7678571428571429
7626,1.0178571428571428
7627,3.982142857142857
7628,0.6785714285714286
7629,1.6785714285714286
7630,1.1428571428571428
7631,1.3214285714285714
7632,0.16071428571428573
7633,0.5178571428571429
7634,0.0
7635,0.32142857142857145
7636,1.1964285714285714
7637,2.875
7638,0.6785714285714286
7639,0.42857142857142855
7640,0.7142857142857143
7641,0.8035714285714286
7642,0.75
7643,0.16071428571428573
7644,1.1428571428571428
7645,0.35714285714285715
7646,0.6071428571428571
7647,0.21428571428571427
7648,0.0
7649,0.375
7650,2.267857142857143
7651,0.23214285714285715
7652,0.5535714285714286
7653,1.0714285714285714
7654,0.875
7655,0.375
7656,8.660714285714286
7657,0.8035714285714286
7658,2.1607142857142856
7659,3.142857142857143
7660,1.9642857142857142
7661,0.23214285714285715
7662,1.0714285714285714
7663,2.2142857142857144
7664,2.1785714285714284
7665,2.0357142857142856
7666,0.9821428571428571
7667,1.8571428571428572
7668,0.48214285714285715
7669,0.7321428571428571
7670,0.8392857142857143
7671,0.7321428571428571
7672,0.6428571428571429
7673,11.607142857142858
7674,3.5535714285714284
7675,0.0
7676,4.339285714285714
7677,6.196428571428571
7678,1.75
7679,0.6428571428571429
7680,2.3214285714285716
7681,1.4464285714285714
7682,0.5178571428571429
7683,1.125
7684,1.3392857142857142
7685,1.7678571428571428
7686,1.1071428571428572
7687,1.1785714285714286
7688,1.5892857142857142
7689,1.2857142857142858
7690,0.44642857142857145
7691,1.5
7692,1.1428571428571428
7693,0.14285714285714285
7694,1.6071428571428572
7695,3.0714285714285716
7696,2.4642857142857144
7697,1.125
7698,0.30357142857142855
7699,1.2321428571428572
7700,1.9285714285714286
7701,0.2857142857142857
7702,1.1428571428571428
7703,0.7857142857142857
7704,0.6071428571428571
7705,0.3392857142857143
7706,0.5892857142857143
7707,0.375
7708,2.0892857142857144
7709,0.5357142857142857
7710,1.0714285714285714
7711,1.5714285714285714
7712,2.0714285714285716
7713,1.0357142857142858
7714,8.017857142857142
7715,4.0
7716,2.482142857142857
7717,1.5357142857142858
7718,1.1964285714285714
7719,0.9464285714285714
7720,1.1785714285714286
7721,1.9642857142857142
7722,2.9285714285714284
7723,1.8928571428571428
7724,1.0535714285714286
7725,2.125
7726,0.42857142857142855
7727,1.4107142857142858
7728,1.0714285714285714
7729,0.7678571428571429
7730,0.4642857142857143
7731,6.892857142857143
7732,2.4285714285714284
7733,0.0
7734,4.75
7735,6.464285714285714
7736,1.625
7737,1.625
7738,1.75
7739,0.6785714285714286
7740,0.9821428571428571
7741,1.2678571428571428
7742,1.4285714285714286
7743,2.4464285714285716
7744,1.2142857142857142
7745,0.9107142857142857
7746,0.8214285714285714
7747,0.6428571428571429
7748,0.32142857142857145
7749,1.9285714285714286
7750,1.5714285714285714
7751,0.39285714285714285
7752,2.7857142857142856
7753,2.3392857142857144
7754,2.642857142857143
7755,1.3214285714285714
7756,1.6071428571428572
7757,0.5892857142857143
7758,1.125
7759,0.7142857142857143
7760,1.9285714285714286
7761,1.3928571428571428
7762,0.6785714285714286
7763,0.30357142857142855
7764,0.26785714285714285
7765,0.42857142857142855
7766,2.8035714285714284
7767,0.25
7768,0.6071428571428571
7769,0.6071428571428571
7770,1.9464285714285714
7771,1.125
7772,3.875
7773,5.232142857142857
7774,4.696428571428571
7775,1.375
7776,1.4285714285714286
7777,0.5714285714285714
7778,0.9821428571428571
7779,10.482142857142858
7780,3.6964285714285716
7781,3.1964285714285716
7782,0.5357142857142857
7783,2.3392857142857144
7784,0.8214285714285714
7785,3.3035714285714284
7786,1.1071428571428572
7787,1.5357142857142858
7788,1.0357142857142858
7789,11.071428571428571
7790,3.3392857142857144
7791,0.0
7792,4.321428571428571
7793,5.321428571428571
7794,1.875
7795,2.642857142857143
7796,3.892857142857143
7797,1.1607142857142858
7798,0.05357142857142857
7799,1.4464285714285714
7800,1.125
7801,4.857142857142857
7802,2.1785714285714284
7803,0.0
7804,1.6964285714285714
7805,0.6607142857142857
7806,3.3214285714285716
7807,2.107142857142857
7808,0.5535714285714286
7809,0.8928571428571429
7810,6.339285714285714
7811,1.7857142857142858
7812,3.767857142857143
7813,2.892857142857143
7814,2.0535714285714284
7815,1.6071428571428572
7816,2.375
7817,0.5535714285714286
7818,1.5
7819,0.9464285714285714
7820,1.1964285714285714
7821,0.39285714285714285
7822,0.35714285714285715
7823,0.6071428571428571
7824,4.410714285714286
7825,0.4107142857142857
7826,0.5357142857142857
7827,1.5535714285714286
7828,2.8392857142857144
7829,0.0
7830,10.053571428571429
7831,1.7678571428571428
7832,1.2142857142857142
7833,1.3392857142857142
7834,1.7678571428571428
7835,1.1964285714285714
7836,1.0
7837,3.4464285714285716
7838,3.017857142857143
7839,2.75
7840,2.267857142857143
7841,2.4642857142857144
7842,0.5714285714285714
7843,0.8214285714285714
7844,2.1785714285714284
7845,0.9107142857142857
7846,0.23214285714285715
7847,14.392857142857142
7848,7.125
7849,0.0
7850,5.678571428571429
7851,2.4642857142857144
7852,2.0535714285714284
7853,1.7321428571428572
7854,2.392857142857143
7855,1.2857142857142858
7856,0.7678571428571429
7857,1.25
7858,0.8035714285714286
7859,2.0535714285714284
7860,2.4107142857142856
7861,0.39285714285714285
7862,1.0714285714285714
7863,0.16071428571428573
7864,0.6785714285714286
7865,0.7321428571428571
7866,0.14285714285714285
7867,0.5
7868,2.1964285714285716
7869,1.0892857142857142
7870,1.2857142857142858
7871,2.232142857142857
7872,0.625
7873,0.30357142857142855
7874,0.9464285714285714
7875,0.25
7876,1.75
7877,0.5714285714285714
7878,0.39285714285714285
7879,0.48214285714285715
7880,0.875
7881,0.19642857142857142
7882,4.321428571428571
7883,3.5357142857142856
7884,0.44642857142857145
7885,0.5714285714285714
7886,2.482142857142857
7887,0.21428571428571427
7888,8.464285714285714
7889,2.0892857142857144
7890,1.6607142857142858
7891,1.1071428571428572
7892,0.7142857142857143
7893,0.25
7894,0.7321428571428571
7895,2.8392857142857144
7896,1.8214285714285714
7897,2.142857142857143
7898,1.6964285714285714
7899,0.6607142857142857
7900,2.107142857142857
7901,0.2857142857142857
7902,0.26785714285714285
7903,0.6785714285714286
7904,1.0178571428571428
7905,6.160714285714286
7906,3.607142857142857
7907,0.0
7908,2.357142857142857
7909,1.5357142857142858
7910,2.107142857142857
7911,1.8035714285714286
7912,0.0
7913,0.8035714285714286
7914,1.25
7915,0.5357142857142857
7916,0.9107142857142857
7917,1.8214285714285714
7918,2.0
7919,1.5535714285714286
7920,0.5714285714285714
7921,0.5892857142857143
7922,1.0892857142857142
7923,1.8035714285714286
7924,1.25
7925,1.5535714285714286
7926,1.9464285714285714
7927,1.6964285714285714
7928,2.5357142857142856
7929,0.9642857142857143
7930,0.5178571428571429
7931,0.6964285714285714
7932,1.2321428571428572
7933,0.23214285714285715
7934,0.5535714285714286
7935,0.25
7936,0.9464285714285714
7937,0.9107142857142857
7938,0.4107142857142857
7939,0.9821428571428571
7940,1.875
7941,0.5714285714285714
7942,1.25
7943,0.42857142857142855
7944,2.3392857142857144
7945,1.7321428571428572
7946,2.142857142857143
7947,1.0892857142857142
7948,2.5892857142857144
7949,0.4642857142857143
7950,0.5357142857142857
7951,0.30357142857142855
7952,0.32142857142857145
7953,0.9285714285714286
7954,1.4642857142857142
7955,0.9642857142857143
7956,1.5
7957,0.8571428571428571
7958,0.75
7959,0.4107142857142857
7960,0.8214285714285714
7961,0.25
7962,0.4642857142857143
7963,4.875
7964,1.6964285714285714
7965,0.0
7966,1.0
7967,1.9285714285714286
7968,1.7142857142857142
7969,1.2321428571428572
7970,0.19642857142857142
7971,0.32142857142857145
7972,1.4285714285714286
7973,0.375
7974,0.44642857142857145
7975,4.053571428571429
7976,0.8035714285714286
7977,1.0
7978,0.6607142857142857
7979,0.32142857142857145
7980,0.10714285714285714
7981,0.9821428571428571
7982,0.6785714285714286
7983,0.14285714285714285
7984,2.0714285714285716
7985,1.6607142857142858
7986,2.767857142857143
7987,0.5892857142857143
7988,0.5535714285714286
7989,0.5892857142857143
7990,1.0178571428571428
7991,0.5
7992,0.8214285714285714
7993,0.5
7994,0.7678571428571429
7995,0.5535714285714286
7996,0.08928571428571429
7997,0.5892857142857143
7998,2.982142857142857
7999,0.3392857142857143
8000,0.6607142857142857
8001,0.44642857142857145
8002,1.0535714285714286
8003,0.44642857142857145
8004,4.267857142857143
8005,2.732142857142857
8006,2.392857142857143
8007,0.5
8008,2.0357142857142856
8009,1.9107142857142858
8010,0.6964285714285714
8011,4.964285714285714
8012,2.642857142857143
8013,2.017857142857143
8014,0.9107142857142857
8015,1.1071428571428572
8016,3.267857142857143
8017,0.21428571428571427
8018,1.125
8019,0.39285714285714285
8020,2.2142857142857144
8021,14.857142857142858
8022,3.0714285714285716
8023,0.0
8024,4.0
8025,1.5535714285714286
8026,4.75
8027,1.0
8028,1.5714285714285714
8029,1.2857142857142858
8030,1.3214285714285714
8031,0.30357142857142855
8032,0.4642857142857143
8033,2.3214285714285716
8034,4.625
8035,0.4642857142857143
8036,0.3392857142857143
8037,0.2857142857142857
8038,1.3928571428571428
8039,0.9107142857142857
8040,1.3392857142857142
8041,0.19642857142857142
8042,4.053571428571429
8043,2.232142857142857
8044,1.8214285714285714
8045,1.6785714285714286
8046,1.2678571428571428
8047,0.39285714285714285
8048,0.48214285714285715
8049,0.375
8050,0.625
8051,0.35714285714285715
8052,0.7142857142857143
8053,1.3035714285714286
8054,0.17857142857142858
8055,0.14285714285714285
8056,3.0357142857142856
8057,2.3392857142857144
8058,0.2857142857142857
8059,0.42857142857142855
8060,2.4464285714285716
8061,0.14285714285714285
8062,2.6607142857142856
8063,2.4107142857142856
8064,1.25
8065,0.5714285714285714
8066,1.0357142857142858
8067,0.5714285714285714
8068,0.8214285714285714
8069,3.857142857142857
8070,2.017857142857143
8071,1.9285714285714286
8072,1.375
8073,1.6607142857142858
8074,0.5
8075,0.30357142857142855
8076,0.6071428571428571
8077,0.21428571428571427
8078,0.42857142857142855
8079,9.357142857142858
8080,2.9107142857142856
8081,0.0
8082,3.0714285714285716
8083,2.892857142857143
8084,1.7678571428571428
8085,1.4821428571428572
8086,2.3392857142857144
8087,0.7857142857142857
8088,1.1964285714285714
8089,0.8571428571428571
8090,0.23214285714285715
8091,2.4642857142857144
8092,1.75
8093,0.7142857142857143
8094,0.2857142857142857
8095,0.35714285714285715
8096,1.0178571428571428
8097,1.3214285714285714
8098,0.42857142857142855
8099,0.8571428571428571
8100,4.928571428571429
8101,1.5357142857142858
8102,1.7142857142857142
8103,1.125
8104,0.16071428571428573
8105,0.4107142857142857
8106,0.75
8107,2.1964285714285716
8108,0.625
8109,0.25
8110,0.3392857142857143
8111,0.35714285714285715
8112,0.08928571428571429
8113,0.05357142857142857
8114,2.1607142857142856
8115,2.5357142857142856
8116,0.5535714285714286
8117,0.39285714285714285
8118,0.8392857142857143
8119,0.7857142857142857
