row_id,demand
0,6.554730651533965
1,3.467274479100552
2,1.5729316234307305
3,0.4393879055834273
4,0.8679010818123543
5,0.2123490240858976
6,0.5044728604450923
7,2.270673376620489
8,2.1419463202467672
9,0.49173909026472595
10,1.6597745470035046
11,1.0310631376615529
12,1.6175448306106888
13,0.6940487964607943
14,0.5738116319686893
15,0.18492440720029066
16,0.2680994059179528
17,2.948189717841273
18,3.235950672849123
19,0.0586568336505808
20,2.418100920438474
21,1.50552326107394
22,1.7819530277371274
23,1.7627777824004789
24,1.1033526734864316
25,0.7126056148919437
26,1.2963552756764727
27,0.6288920550258355
28,0.8591843480778658
29,0.937258422677464
30,1.8826857075569032
31,1.8222336032881903
32,0.5223198922496441
33,0.5152725403234684
34,1.0123888676007191
35,1.9479403672117157
36,1.694570481071458
37,0.6374769111309742
38,1.3685907514738271
39,2.750422914639811
40,1.9399594275443655
41,1.0052228611719138
42,0.5645364188313413
43,0.6286345341225581
44,1.6318610829447993
45,0.04643322691180375
46,0.7626012873465833
47,0.7449355371486052
48,0.75532969044471
49,1.156144151997283
50,0.3011934436098618
51,1.1621075625568245
52,1.8324814027295155
53,0.6563246997982812
54,1.095141502161182
55,0.6708522860077522
56,1.7157395193959433
57,1.8237371162297933
58,6.132928334144504
59,2.1663380976264897
60,1.1009625969020664
61,0.7197132306875553
62,0.43563297589396766
63,0.47228671986458254
64,1.279644947508201
65,2.753460311735864
66,2.437009645224047
67,1.0142184943862806
68,1.1453498850715067
69,2.361847722288454
70,0.3231595006239163
71,1.022415317528964
72,0.37364153107017395
73,0.6525704153630998
74,0.2974590317275899
75,9.21367967262838
76,3.1479821724024686
77,0.05238274745243815
78,2.373945617918105
79,2.25547326170197
80,1.0307751551368336
81,2.737463388781962
82,0.9542075932697738
83,0.5928515066576103
84,0.2707329485068928
85,0.80467987965811
86,1.255798680063572
87,4.817596043416534
88,0.418070704879763
89,1.052603444723855
90,1.2419668605804661
91,1.1010213817293582
92,0.21944471422508505
93,0.25290064759248404
94,0.04390782026438655
95,0.45640180106205536
96,1.3087123504965388
97,1.664388539952732
98,0.633165843536009
99,0.4535916986907152
100,0.5702821731416929
101,0.7247567552034913
102,0.7988646691007456
103,0.03848101495692045
104,1.3633092649808987
105,0.44896418697858625
106,0.6830955777398554
107,0.18400411851170811
108,0.0492045885117205
109,0.9697104556702865
110,2.8830468354714025
111,0.1413116622376934
112,0.4870765913670042
113,1.0841092830917174
114,1.0104074568182662
115,0.5159386429137784
116,7.21408817080356
117,2.142025772423838
118,2.2167846473803072
119,2.144201014415275
120,1.3819549932666324
121,0.8697348952996975
122,0.6284237620098869
123,2.9748970065323777
124,1.9882499584703222
125,2.007240032582324
126,1.3706716518819118
127,1.94206590656908
128,0.3736979150597638
129,0.5741236809450577
130,0.851314965218493
131,0.9410583816094763
132,0.3871693484102542
133,14.637068185728046
134,3.5886556255529865
135,0.05882254366808475
136,4.748826647388702
137,6.1443688780760795
138,2.0173037268553364
139,1.7337780710752813
140,2.4361254879664784
141,1.473931852639292
142,0.6875743871173035
143,1.339681252551324
144,1.193515830130515
145,2.212926268605197
146,1.0533190955835692
147,1.2367375202424653
148,1.1812706393116668
149,0.9069930819913428
150,0.7858487198770703
151,1.1150777129122273
152,0.9440094895557143
153,0.3491615495242747
154,2.3258446141374804
155,3.3413135486857506
156,2.4906222633724178
157,1.1484753045919565
158,0.809195583736903
159,1.3824159797408622
160,1.7269458699807712
161,0.5067291051209665
162,0.9851290602259744
163,0.8901311834486398
164,0.6742694947241319
165,0.4509328250922398
166,1.7005425864876424
167,0.7216970628233735
168,2.598588809060823
169,0.502198831481818
170,1.9716060838453227
171,1.2378102241196398
172,3.958109336188981
173,0.8863210594132216
174,7.932606978882436
175,3.8269066895010617
176,2.300184445038234
177,1.5526315090032752
178,1.4129220050363598
179,0.7813273415421439
180,1.2083969826828138
181,1.9488555000447705
182,4.015445149697397
183,1.8622568588241535
184,0.865589208152777
185,2.4439814207346995
186,0.5419308702663523
187,1.7091668251384196
188,0.8903817239731424
189,0.9789457576688643
190,0.3932126233653087
191,11.994529938117623
192,2.598115058095315
193,0.07275100256422445
194,4.668131883832828
195,9.504608642802467
196,1.861859926983529
197,1.757971571533967
198,1.918688010729169
199,0.6609655950581044
200,1.0238387647999962
201,0.8513117082456654
202,1.2999025473548604
203,1.7762909110772065
204,0.982378699280603
205,0.8713724340634466
206,0.8016924512612097
207,0.6436865665472273
208,0.6499523200686723
209,2.7947598883939726
210,1.2045669081710972
211,0.42998847278129954
212,2.54712841759552
213,1.9864755153815685
214,2.317916863209542
215,0.9252114082217161
216,1.0876601274616355
217,0.506033883893487
218,1.6764554645389147
219,0.05334816572705295
220,2.116282307186053
221,1.359342317079964
222,0.7801478423817053
223,0.36664068313585396
224,0.6255021486601547
225,0.9383332831902238
226,2.977360986205644
227,0.26352759799945935
228,0.4608913860300233
229,0.43744064537243543
230,1.8336485496978012
231,1.3670522119687392
232,4.630132995123649
233,3.7865911809375037
234,4.904375985462519
235,1.7335248152121197
236,1.1313395984261678
237,0.36777562697249616
238,1.1457774417042772
239,10.48513881828297
240,3.853585479056877
241,2.839764694402346
242,0.7286103851048988
243,2.7014375730929325
244,0.5879542209835111
245,5.336910759121356
246,1.328285695846577
247,1.5325767879975472
248,1.1004233115332798
249,24.582304961367043
250,3.8893240296195737
251,0.0378363785627544
252,3.7443493107279324
253,4.689422850049489
254,2.1211975980856748
255,2.7674053581118248
256,4.959896988209712
257,1.4103072765109137
258,0.0585574153520351
259,1.5354199284920942
260,0.1047640956290649
261,3.3966403129584872
262,2.162219745898987
263,0.13511970864034176
264,2.3430022960820494
265,0.5340575570664186
266,3.77422236311219
267,3.858909826575145
268,0.4026506439369149
269,0.8150763627372994
270,6.128125602451462
271,2.4304725680152046
272,3.1265698425312216
273,3.3709676176034558
274,2.2219804388689535
275,1.961457555477247
276,2.5068238123546687
277,1.0218445236112443
278,1.3938489457824668
279,0.9157635155879617
280,1.1375567862026337
281,0.6290495581621165
282,0.8072763295191778
283,1.9075712388340578
284,4.691902074608967
285,0.2502372658712691
286,1.3521289939958419
287,1.5465969809818008
288,3.5498020518804045
289,0.04368572295128635
290,8.285947561206427
291,2.1935564840905113
292,1.2212449687533797
293,1.4270537716116052
294,1.9861004193927254
295,0.9065366769988257
296,0.9973515218212142
297,3.1982351827255178
298,2.903365027998384
299,1.9158762386038395
300,2.856153288466155
301,2.795188275782498
302,0.49198055449434214
303,0.8233345743510316
304,2.0336402360896604
305,0.9301721902065967
306,0.224490413394702
307,17.96490263004332
308,5.871835535706337
309,0.0368483615993678
310,4.537138322886014
311,2.306322471295428
312,2.2267385056510234
313,1.8596787547823508
314,2.531421481058424
315,1.2140525405513993
316,0.8384843032875595
317,1.3939704315192292
318,0.7096884119576365
319,2.110436407398817
320,2.019691676806112
321,0.6257188210188986
322,1.0557650294128442
323,0.23015248016491485
324,0.8010087005753661
325,0.7287288948096282
326,0.3136762387647185
327,0.8789257736904921
328,1.7604305608679964
329,0.9618711054706479
330,1.382700378471551
331,1.927862572478796
332,0.5532593503845111
333,0.26328304732281826
334,0.7394244736495061
335,0.20009996044621714
336,1.5295017758153227
337,0.8580316933119636
338,0.44013328694633086
339,0.7159400699120159
340,2.1248303766858667
341,0.5557060393016862
342,5.332773020274276
343,3.954955202908565
344,0.6123776414708142
345,0.6080143934065503
346,4.241388010200875
347,0.2297619405304345
348,11.174495214525983
349,4.029595314199259
350,1.205009725272531
351,1.146801556998112
352,0.7053819366800189
353,0.370322388804467
354,1.0027299783752623
355,3.4296538757106636
356,2.5398417368884485
357,3.087778374593028
358,2.261824730608903
359,0.519164666564148
360,2.9100710650765347
361,0.6302181169990424
362,0.8835330791130853
363,1.190182281116189
364,1.1970372318523463
365,14.534358867661403
366,5.511968745313102
367,0.0561938156824478
368,2.534117799878789
369,1.578417308885859
370,3.453471523025582
371,2.2851116034077537
372,0.06001895106711125
373,0.5990707536999231
374,2.700279173954579
375,0.717033401845597
376,1.2946166470324676
377,0.8884431906233728
378,2.802035820797832
379,1.6343490903325355
380,0.7918933537492441
381,0.7219258385967795
382,1.3787985897973183
383,3.7218633691599843
384,0.8986611089468872
385,2.109872276624374
386,2.311994573711996
387,2.404347242754434
388,2.7384322306067976
389,1.3763035167097484
390,0.05341793629969175
391,0.8976644977201201
392,1.8596563998436209
393,0.0532108111820916
394,0.7126343510682966
395,0.0702947712003684
396,1.1061389974525997
397,0.8215827651944962
398,0.8251519411304375
399,2.802454759923492
400,2.8686184192797315
401,1.1019101234888071
402,3.3580158153850297
403,0.7979093889168135
404,2.874629118425778
405,1.6814052547611076
406,2.962025939259571
407,1.8198561056393023
408,2.084437857938907
409,0.2445133955974127
410,0.3600282191263211
411,0.0751089966092727
412,0.47762200244605024
413,1.0815753352857707
414,1.320302967734443
415,1.0033594752734283
416,1.0904707033713736
417,0.853066187152161
418,0.83487900004047
419,0.42660390485645366
420,0.4321156075424411
421,0.2440831754156289
422,0.25944556223044446
423,3.8227767832587154
424,1.7694799965840893
425,0.0446695993915357
426,1.220975957126142
427,1.5711767475615153
428,1.5699182837434935
429,1.8871100634480351
430,0.0607435564370231
431,0.2288033318775002
432,1.3341467691906463
433,0.42606076155457195
434,0.3497208368125827
435,3.1848140518308687
436,1.0955013939025395
437,0.8789045136482438
438,0.5483605640491409
439,0.31941855757401394
440,0.05545854661812605
441,1.3633803870887977
442,0.28925234932511495
443,0.185513474308274
444,2.002966389332017
445,1.7602500327763373
446,3.0340378618588817
447,0.8553302559176303
448,0.4737443558100958
449,0.6979517643621268
450,0.7776606132406915
451,0.0473774426796007
452,0.7212775615918128
453,0.4920108159214301
454,0.6210039396612932
455,0.6409287506087747
456,0.23126402112278094
457,1.1340628677931233
458,2.7572127819482795
459,0.46646831410487705
460,0.8277040207978574
461,0.5490260493910251
462,1.0609711940466324
463,0.43179264071479845
464,3.008241879232758
465,4.489730386491834
466,2.7665668891458033
467,0.584115616040759
468,2.2808766941413876
469,2.2805454228681503
470,0.8798513141065873
471,6.227600341281059
472,2.5783558407766227
473,2.6514674135410834
474,1.289813911199884
475,1.2563933614180691
476,3.535247495326642
477,0.25738854656356486
478,0.9481932259713024
479,0.3529879087924222
480,2.514052962085771
481,21.889762343460806
482,2.7176126771611315
483,0.04309404776509995
484,4.191491843730777
485,2.0744162444117733
486,4.300620249326281
487,0.8867538518970007
488,0.9217625253101829
489,1.1613309836889638
490,1.304279040420363
491,0.2842291345776017
492,0.3653826852982477
493,2.319073944207677
494,4.617980439246105
495,0.3086644370920299
496,0.3499566150349087
497,0.29089246869929664
498,1.8464614617313808
499,0.9755564556625934
500,0.5025988250410465
501,0.477002301512614
502,3.8173389052556272
503,2.4831573253260983
504,1.7608478790281883
505,2.1076940900929557
506,1.225179561450879
507,0.41885197725687945
508,0.700994269897932
509,0.03730770446890235
510,0.39229205432575814
511,0.5746312499598722
512,0.5763312758015295
513,1.3424838899541434
514,0.356540750923122
515,0.44505404693809847
516,2.763498810025672
517,2.531267489885817
518,0.36280686808399454
519,0.5133117636767394
520,4.9944826247672065
521,0.2879001798308156
522,3.1980621758396772
523,1.7413007792723474
524,0.9512214550717095
525,0.7028201196992747
526,1.0854433953645692
527,1.049328005592377
528,0.8417120088157316
529,5.612724322988035
530,2.243168296860964
531,2.139168270946009
532,1.2319071275712759
533,2.1162654885767704
534,0.33614861548431785
535,0.30659424628731247
536,0.6532102502653305
537,0.2547329348104198
538,0.39094164747445465
539,12.407615583890813
540,3.2321737315076096
541,0.04309404776509995
542,3.3441177235611557
543,3.811185684212063
544,1.487249996458175
545,1.706376621616681
546,2.12468764852876
547,0.9523033501185196
548,0.9469939018540793
549,0.7295672144782793
550,0.26483410121964723
551,1.9352654081903404
552,2.263035645352307
553,1.0291949426797733
554,0.2983531597549936
555,0.0757417850713657
556,1.007385330170116
557,1.222247315447396
558,0.4111981209756324
559,1.5046401627032269
560,4.9791816521809515
561,1.534133410149134
562,1.804450460854762
563,1.0711967504841504
564,0.04566099931899895
565,0.48702199276520974
566,0.7666186404606837
567,2.292138805131175
568,0.5384412123800698
569,0.3184737574805586
570,0.49642337829596944
571,0.0702947712003684
572,0.2894022604231621
573,0.23899246023773846
574,2.652682664336278
575,2.818250324068407
576,0.7279968584745602
577,0.28891543986809404
578,0.8809970337945623
579,0.6549844686226115
580,6.0826430097655155
581,3.5763957686402756
582,1.4505102667651149
583,0.41791327142136264
584,0.8993606631217512
585,0.20795550219930609
586,0.5571303419381688
587,2.0259068793831267
588,2.004847495301732
589,0.3817989055229669
590,1.3304780350876095
591,0.9841300847127968
592,1.382779992798854
593,0.7084615075152395
594,0.5173839294992625
595,0.2029470206156872
596,0.2645603356944829
597,2.8187971110825494
598,3.2672601306569344
599,0.0457801292856618
600,2.5049591804407396
601,1.4334526524521878
602,1.6776934262756085
603,1.7442434893036245
604,1.0546961337868601
605,0.7130917477895099
606,1.1612237626685826
607,0.5954993331600826
608,0.6846944022163965
609,0.8954187545739961
610,2.015173152116038
611,1.3865780706410331
612,0.5101718100110507
613,0.5006759874688401
614,0.9939054296477612
615,1.9619912438955533
616,1.75991870586765
617,0.6296863124868691
618,1.1657458072827303
619,2.7820850972992828
620,1.8776824914191286
621,0.9920957856665282
622,0.5480504234165362
623,0.6135630638452025
624,1.6256430695282376
625,0.0460005913758112
626,0.7362723544514302
627,0.7172606381851412
628,0.7480337609234934
629,1.094867636603733
630,0.29893187463057275
631,1.156186390575992
632,1.8608049983506176
633,0.642491733574548
634,1.2076623420636745
635,0.629882162894132
636,1.5217019323046714
637,1.7342260918623613
638,6.160108276963456
639,2.122470824701822
640,1.0846809072866623
641,0.7147558093266835
642,0.43004859108794
643,0.5459590142312375
644,1.1704536915996275
645,2.3889376126920023
646,2.26042370496321
647,1.0621368201268684
648,0.9885641365828757
649,2.2232369128942064
650,0.3011573343495106
651,1.0809124718457432
652,0.3680430887798708
653,0.5980765447881251
654,0.29471819226527296
655,9.007544214237544
656,2.8927398204378303
657,0.04030425757152295
658,2.3752099694456987
659,2.4061057639032004
660,0.9656851816947218
661,2.5697255726984327
662,1.0094924320518524
663,0.5525184172852287
664,0.2679921090445758
665,0.7343515794712676
666,1.2284731266485953
667,4.6020435181611825
668,0.41311328351889115
669,0.8574780585314496
670,1.2245863709545715
671,0.8973204885479081
672,0.21670387476276814
673,0.3110523965788604
674,0.0523499760480887
675,0.4572144562116136
676,1.2690314588170741
677,1.5934465689891937
678,0.6177557295690866
679,0.39436491785520544
680,0.5626587002451624
681,0.7808325742290007
682,0.7934932231575088
683,0.03558800477074845
684,1.3260717802153086
685,0.4407288042525497
686,0.6468047400925268
687,0.18228441881355423
688,0.0474848888135666
689,0.9585016261451111
690,2.7456910630442324
691,0.13959196253953954
692,0.4843357519046873
693,1.0920867789429436
694,0.9640748502561761
695,0.5131978034514615
696,7.111471202993297
697,1.942921623862468
698,2.06340847145632
699,2.118819071252887
700,1.3654028687958064
701,0.8900986833319526
702,0.642350344097017
703,2.5947422667512967
704,1.7910768876564247
705,1.9914100289647982
706,1.1845150517740006
707,1.9072464496182544
708,0.3640903330735325
709,0.6366956848810301
710,0.9565161524045775
711,0.8167552803542089
712,0.3565844658860542
713,13.7662664419227
714,3.370017173628651
715,0.04419500253604645
716,4.805076163234575
717,5.6148906758892405
718,2.02531342549432
719,1.7153079972563554
720,2.401081674689978
721,1.3110661589486583
722,0.6669207803063406
723,1.2238265164852364
724,1.1220412362444088
725,2.266153294179693
726,1.0262827715981409
727,1.284735124700087
728,1.1263218013070309
729,0.8780212200650763
730,0.7302317416059817
731,1.19628968081346
732,0.9216790198797133
733,0.35059665831602016
734,2.186821582518642
735,2.8451077127520676
736,2.4470714173876265
737,1.1090655837122418
738,0.731673996460118
739,1.231993477798842
740,1.5173489464524892
741,0.49889522392639796
742,0.8128388633528508
743,0.8755629802513041
744,0.7310199789414815
745,0.481100823636218
746,1.5986913938124783
747,0.7349295776236316
748,2.705606226213911
749,0.5848604058868423
750,1.9519626393079421
751,1.2934961236811398
752,3.775939834575881
753,0.8748581337225628
754,7.63326136083484
755,3.792598138827585
756,2.2052199646172834
757,1.6681875584570647
758,1.3920838335636598
759,0.8541342996635449
760,1.1362044057606648
761,1.8781640060703295
762,3.842042420141301
763,1.8584933587586536
764,0.8218032664349721
765,2.3041210132963803
766,0.5405269435173556
767,1.6847009232530445
768,0.770796833919146
769,0.96848906151709
770,0.39047178390299186
771,12.121468824100868
772,2.433415844292279
773,0.0406449256213774
774,4.6974884059165
775,8.70106876650588
776,1.8136523088634298
777,1.7810604448489173
778,1.9388163395374476
779,0.6464489576646646
780,0.9934214311847003
781,0.8923944700048698
782,1.3238158311481039
783,1.7777180985834535
784,0.9696703917868343
785,0.5397819057930097
786,0.7431213478874534
787,0.6437142120707723
788,0.535023933355905
789,2.8226193070849126
790,1.178007222742433
791,0.4166527996008833
792,2.3359995855407223
793,1.8769693974825485
794,2.3447972460900903
795,0.9768852200496553
796,0.9647872033899645
797,0.47775642546057173
798,1.6238768856192665
799,0.0381631690258719
800,2.069165858166531
801,1.298550253318157
802,0.7429714683602031
803,0.34542453143008833
804,0.6205447272992828
805,0.9090380480629923
806,2.927997145979028
807,0.26078675853714245
808,0.5710039728213467
809,0.3993958175343171
810,1.8014000798713645
811,1.3459700894357027
812,4.443930075944584
813,3.838050046581724
814,4.830681682882718
815,1.7476165913903268
816,1.1736099823434052
817,0.383020523463248
818,1.0497170846696786
819,9.461780942294897
820,3.5634058969362856
821,2.7859530644739587
822,0.6665314690873468
823,2.462123820103756
824,0.5773506928615842
825,5.4271847947509
826,1.3248817370699442
827,1.5097116018897352
828,1.030563297735477
829,24.31868988491779
830,3.637093415099206
831,0.0417535065212538
832,3.6071773799616498
833,5.032321699167678
834,1.9448161877778514
835,3.079500523092138
836,4.602607295243044
837,1.3650418699011575
838,0.0568377156538812
839,1.4017805912890504
840,0.112135255654439
841,3.2395791065476978
842,2.0282921563100498
843,0.1582620847281199
844,2.2967227018983625
845,0.709218085223265
846,3.73886875607991
847,4.104310838039309
848,0.44832180589209936
849,0.7317906579691367
850,5.807176921734987
851,2.4067454123177083
852,2.7721490735708
853,2.9640816245588155
854,2.1213337520706914
855,1.829410840346751
856,2.2516440743930204
857,0.9685379937239866
858,1.4654673852817037
859,0.9804601641531224
860,1.2391647701398707
861,0.5958218691108421
862,0.8205088443194359
863,1.814338870001818
864,4.63667327308948
865,0.2474964264089522
866,1.3438121989628096
867,1.2542963236480327
868,3.1725755638153186
869,0.04196602325313245
870,8.35716451452786
871,2.2235490256522743
872,1.1362797431549525
873,1.4430817828851323
874,1.8679530919961573
875,0.8295547489040402
876,1.0649528737507723
877,2.7488904794256936
878,2.725634912334434
879,1.9542873240017593
880,2.461533179636143
881,2.4808373019304666
882,0.5083313505191773
883,0.8065498156622926
884,1.9301718585141223
885,0.8796655972756833
886,0.2209513431712321
887,19.253805207945874
888,5.864609767411444
889,0.0259853576033418
890,4.888212720686635
891,2.32567053674573
892,2.206551039837605
893,1.752557599078707
894,2.4450120548884153
895,1.1835379885089758
896,0.7944644158135129
897,1.3305747903573075
898,0.6945600257481218
899,2.1020609902379315
900,2.0827869772398264
901,0.7476023932365078
902,0.9949594611394326
903,0.25137186535719236
904,0.817999534845079
905,0.7442064573505743
906,0.3240325948110312
907,0.860933807944829
908,1.689264370408976
909,0.9253328479688792
910,1.2873064154929355
911,1.8381381511341188
912,0.5876154794808652
913,0.21720959369880088
914,0.7607838930124212
915,0.20693893372899239
916,1.4550210932307706
917,0.8123903356870682
918,0.41655236726719147
919,0.6713990418661968
920,2.0466807137373166
921,0.5233211856438065
922,5.081885528068966
923,4.019938066512649
924,0.5905818946296855
925,0.6035354822817676
926,4.354071079622964
927,0.22750037155114555
928,10.615223087894531
929,4.205068044136209
930,1.196798783573345
931,1.1515463898438651
932,0.6131317411805359
933,0.35536975009228966
934,0.9664654406464545
935,2.9792682957620933
936,2.2392992392671074
937,2.9261639286506487
938,2.125854037670869
939,0.5010631999627985
940,2.6295373299660207
941,0.6112421456220005
942,0.7271761417820832
943,1.0708650498484555
944,1.116242467070382
945,14.127379228029088
946,5.467729108353993
947,0.06236454212568975
948,2.4306470654892256
949,1.481799441019836
950,3.3400759313034545
951,2.083971265660133
952,0.08381294368176805
953,0.5747618596131019
954,2.6684102115937884
955,0.7174218974406605
956,1.2734254973159809
957,0.9940592713587595
958,2.689703848900115
959,1.7230556844312526
960,0.7765973964584347
961,0.7551268222199161
962,1.3043553813304598
963,3.416515111270728
964,0.8271142591556152
965,1.9892546092391041
966,2.150297843345021
967,2.40775516091105
968,2.530696452662285
969,1.3300521716823432
970,0.06421090064247074
971,0.8729336295646455
972,1.7362832646103272
973,0.0411081350654611
974,0.6813624238907088
975,0.07902610398986155
976,1.1109048410872338
977,0.8001627410410102
978,0.82151960309886
979,2.6950733872762145
980,3.0676224060187476
981,1.2729143228966753
982,3.332829570749827
983,0.8057069227101145
984,2.910027950758062
985,1.6459683929020863
986,2.63761780520349
987,1.8072064717633205
988,1.8705557373421309
989,0.24721663913392045
990,0.35563469723972935
991,0.05791597703159975
992,0.3772904395267189
993,0.8761374673624349
994,1.2671877580193374
995,0.9570905097788702
996,0.9305530349000164
997,0.8292439216789776
998,0.7497910568237083
999,0.4033922552608728
1000,0.412139352729953
1001,0.17779918291828584
1002,0.30540655242551185
1003,3.6947128657198065
1004,1.7739875471417488
1005,0.05141373497219105
1006,1.1768354385796105
1007,1.3575409930192208
1008,1.4889641840917403
1009,1.6860950795279912
1010,0.05813914380911435
1011,0.2005059882124472
1012,1.2658729186128812
1013,0.4216277273899762
1014,0.34745926783329373
1015,3.348822890672377
1016,1.0925950697084295
1017,1.0962723058082433
1018,0.5503301448020217
1019,0.29563093444238797
1020,0.05463798962415645
1021,1.31038322541285
1022,0.28345700123294126
1023,0.18325190532898505
1024,1.9011362761210258
1025,1.7611060156478433
1026,2.6867352437897183
1027,0.8189065995911584
1028,0.4262448972491436
1029,0.6875824174300689
1030,0.7093385347083584
1031,0.0586824513190519
1032,0.7196774696096336
1033,0.5108947564475709
1034,0.5794216170919168
1035,0.5788308960406312
1036,0.229002452143492
1037,1.0618461077966426
1038,2.273933872758529
1039,0.4590427998612864
1040,0.8232251096730747
1041,0.546764480411736
1042,1.0307855295003483
1043,0.39470351510102286
1044,2.912836462040019
1045,4.24295131531607
1046,2.5047576395323246
1047,0.5639813301772154
1048,2.0883093410759344
1049,2.2017093014752196
1050,0.8427833250022448
1051,5.467652449197344
1052,2.1641238606407134
1053,2.4328523307774166
1054,1.1095936908493065
1055,1.0742645158969713
1056,3.1151468140419007
1057,0.23239410515318928
1058,0.8628488887548811
1059,0.26702527710091795
1060,1.9616007219176161
1061,19.82254541635663
1062,2.5422881886228943
1063,0.0300897025518924
1064,4.18737501382029
1065,1.4229588844547694
1066,4.333881367711896
1067,0.7501094502770917
1068,0.8238609881468102
1069,1.1767375476115194
1070,1.2573717485755032
1071,0.2952118878491372
1072,0.3630713691313653
1073,2.338020372079579
1074,4.487386834999798
1075,0.4339899713246848
1076,0.34356257237437154
1077,0.2611387063486392
1078,1.8660831580203736
1079,0.9235557475506779
1080,0.5049476344249468
1081,0.47416175346395206
1082,3.844889726585973
1083,1.977638193063029
1084,1.6696271304956216
1085,1.9260390168661412
1086,1.1644373430764074
1087,0.3889883398608136
1088,0.7230388963971968
1089,0.0355281203690169
1090,0.33950687444325534
1091,0.5496441602580301
1092,0.5963303444697787
1093,1.3046748007020217
1094,0.3537002028744599
1095,0.4123486493117492
1096,2.9988769906465205
1097,2.5985117788848666
1098,0.35996632003533247
1099,0.4773838091508307
1100,4.582744467625935
1101,0.2850596317821536
1102,3.400753159441968
1103,1.5029474991247294
1104,0.8978780439528316
1105,0.6285126165228074
1106,1.0064845280142423
1107,0.9988795587042958
1108,0.7651465251516829
1109,4.829195383163862
1110,1.9083205995018477
1111,1.8780172886188673
1112,1.1582724658274435
1113,1.8706066011292641
1114,0.312056048583285
1115,0.30869217575818075
1116,0.6408231822261199
1117,0.26840374877534534
1118,0.3638086805712067
1119,11.80152118505631
1120,3.030306575560874
1121,0.03614937485915655
1122,3.2166562802196896
1123,3.692064176307426
1124,1.3177396199340095
1125,1.6288075379607907
1126,1.8895023218873903
1127,0.9276093012438237
1128,0.8346230204225586
1129,0.6617075355817047
1130,0.26647951710855966
1131,1.830750544608532
1132,2.1091269297368656
1133,0.9959314067014069
1134,0.2955126117063316
1135,0.0739622009714802
1136,1.0143524298901894
1137,1.14134345535239
1138,0.469481615362599
1139,1.533028840821779
1140,5.133048968061978
1141,1.4658421922346883
1142,1.693901868048088
1143,1.0794380564410506
1144,0.0402624574303387
1145,0.48480345439354605
1146,0.7202946055261203
1147,2.097597209326406
1148,0.5254869291768021
1149,0.25952212366510014
1150,0.49885876259473694
1151,0.0685151871004829
1152,0.2865617123745
1153,0.20628706261138915
1154,2.820951785229182
1155,2.6515727718188935
1156,0.7229397285273431
1157,0.286074891819432
1158,0.8661097960341504
1159,0.6853584920037805
1160,6.444311818083079
1161,3.4070751860937305
1162,1.4629531285707884
1163,0.47379441827390534
1164,0.9334067203208793
1165,0.25045077368501856
1166,0.49636930842659427
1167,2.0392761267427755
1168,2.0662711625479355
1169,0.3773889548567749
1170,1.3950119407026227
1171,0.9961962593454302
1172,1.5277606625608753
1173,0.6662590947477638
1174,0.51243297901164
1175,0.19847847758897294
1176,0.2653585664556358
1177,3.0008847968657473
1178,3.1211348138071364
1179,0.05654408319136805
1180,2.474228869453854
1181,1.3631323216513196
1182,1.689107878436832
1183,1.6946411586552474
1184,0.9855572098011551
1185,0.7396861404572487
1186,1.2159813334722178
1187,0.508486585383417
1188,0.6812245416588538
1189,0.895589274934145
1190,2.052640174546762
1191,1.559286826684778
1192,0.5569581923222844
1193,0.5037502115976873
1194,1.0289709981240456
1195,2.139922238623133
1196,1.591325561296284
1197,0.6296812550590509
1198,1.2032841656853246
1199,2.6464641908660704
1200,1.8804283265685995
1201,0.9537390871176296
1202,0.5512968015794875
1203,0.5681178441953311
1204,1.6088019706566787
1205,0.04383038140356025
1206,0.7017398959830061
1207,0.7731291832449463
1208,0.7614698428110716
1209,1.0653183280610419
1210,0.3166425403086749
1211,1.1492140189306064
1212,1.9087408823377037
1213,0.6451158702731061
1214,1.1008128150117171
1215,0.662748733989254
1216,1.539833132481265
1217,1.6848541726683548
1218,6.488930414015531
1219,2.1253131631454067
1220,1.0157996745420372
1221,0.7110094450292437
1222,0.4305206961550256
1223,0.5253704576063671
1224,1.402426408816489
1225,2.1092894683606485
1226,2.115693963898673
1227,1.0023427422952835
1228,1.093600178177364
1229,2.1615160791556143
1230,0.311288383434268
1231,0.9887930245699983
1232,0.3113232189471169
1233,0.5779314950633616
1234,0.29391996150412003
1235,9.473964652780937
1236,2.9659888185147327
1237,0.0396838969361754
1238,2.340114018195849
1239,2.2989871687237353
1240,0.9337632705951837
1241,2.3207648990017784
1242,0.9530133328887707
1243,0.5720259005604542
1244,0.26744201631430176
1245,0.7838658378345005
1246,1.1486858410013239
1247,4.699177174376435
1248,0.41556763070018476
1249,0.9876198500214548
1250,1.1506161828166133
1251,0.9711929144526958
1252,0.2191582219440617
1253,0.3342378026591311
1254,0.0426673910492606
1255,0.45388179698186293
1256,1.2928601499231585
1257,1.4570415836973836
1258,0.5981766458192248
1259,0.4178122528861685
1260,0.5658319929836603
1261,0.7852665636587415
1262,0.8012719952985037
1263,0.03610709943838995
1264,1.3182187563025556
1265,0.35168924957276726
1266,0.6121867877551126
1267,0.1827636892965822
1268,0.04796415929659455
1269,0.9376875532854231
1270,2.9784941919555634
1271,0.1400712330225675
1272,0.48481502238771523
1273,0.9958854655947389
1274,0.9588532994199668
1275,0.546764480411736
1276,7.2288633044254365
1277,2.0054378067086107
1278,2.0183764092557417
1279,1.9295917685272372
1280,1.4794504501272452
1281,0.7444301991060447
1282,0.5728619422120107
1283,2.366627165842322
1284,1.629463558082003
1285,1.865613744554746
1286,1.023705257824451
1287,1.7670703892957949
1288,0.3389893559243512
1289,0.6391009856126716
1290,0.8317576668183487
1291,0.8187181516791375
1292,0.3710062454199808
1293,15.53370588761576
1294,3.443648981823544
1295,0.05170716431716805
1296,4.914429057797154
1297,6.154316037910593
1298,1.9802492252144588
1299,1.7063120220181531
1300,2.329905992238256
1301,1.3226086876307024
1302,0.6236959916276812
1303,1.1644906872881609
1304,1.1659499306913388
1305,2.2291492078558224
1306,1.0424483578396093
1307,1.276187297798419
1308,1.0387303647004722
1309,1.0053456945268298
1310,0.7616202665399296
1311,1.2556155981680353
1312,1.032377805574009
1313,0.35812279997561847
1314,2.072073116769654
1315,2.6370546082771025
1316,2.370109228230279
1317,1.0822950868788435
1318,0.7265877846504354
1319,1.192889402329175
1320,1.591506085149406
1321,0.4865624892802524
1322,0.8410973214559633
1323,0.8866461773649112
1324,0.7130543212194487
1325,0.5000599983390481
1326,1.5478243335600559
1327,0.7172189119455296
1328,2.822537463592186
1329,0.499937262502529
1330,1.872994105395347
1331,1.271093767161576
1332,4.060846452758134
1333,0.931195122062431
1334,7.746111679343703
1335,4.116775384921936
1336,2.268158025376077
1337,1.5387950793512841
1338,1.289281793753374
1339,0.7909680681640423
1340,1.0871291926476565
1341,1.7659383207852466
1342,3.8676049886187527
1343,1.6616770859963494
1344,0.8310452644633112
1345,2.238636830115085
1346,0.5351530203469679
1347,1.6334024281623112
1348,0.7556015447482728
1349,0.9177745875905967
1350,0.3886513553444792
1351,13.142418997730406
1352,2.6180401159155675
1353,0.0405428385260734
1354,4.715675033187235
1355,8.644395914382212
1356,1.7069683818876284
1357,1.4856008698774559
1358,1.8507994312576912
1359,0.6715331343433675
1360,0.9707172466840503
1361,0.7982360246657665
1362,1.1894991973078075
1363,1.8770810083882865
1364,0.964949828848999
1365,0.6022020030947542
1366,0.7432247169384723
1367,0.6307686402426421
1368,0.5860545528276416
1369,2.823586117228408
1370,1.252062281791629
1371,0.4255501460880692
1372,2.3576868293364632
1373,1.835909947254426
1374,2.1478952962379925
1375,0.9036889264094348
1376,1.0018033907046595
1377,0.5132438414036566
1378,1.582857010134067
1379,0.04091215074551575
1380,2.071973165366081
1381,1.2718553992667814
1382,0.789731401765243
1383,0.3409379841696121
1384,0.6152972464807323
1385,0.9242826993531498
1386,3.012749276198037
1387,0.2612660290201704
1388,0.4564132351521793
1389,0.39987508801734506
1390,1.6584318304187238
1391,1.333982777608285
1392,4.786748448067419
1393,4.096396095333328
1394,4.9824396171019565
1395,1.6656077624335517
1396,1.1228345957241483
1397,0.3996289337055946
1398,1.0423688026683846
1399,9.58399863562593
1400,3.4113859946094216
1401,2.6703439902956085
1402,0.55693067579119
1403,2.2053694079064847
1404,0.5466625253448041
1405,7.097242248953256
1406,1.2986104196452724
1407,1.3392826175206225
1408,0.9822632677905401
1409,25.166827803014847
1410,3.3434684590368855
1411,0.04239629152295295
1412,3.576799308329841
1413,4.810463606402239
1414,1.9175453732587462
1415,2.6132184541140826
1416,4.7504630383814686
1417,1.3359140207057354
1418,0.05813914380911435
1419,1.3721512963414626
1420,0.07697081225302276
1421,3.1574542197176516
1422,2.019712470724175
1423,0.15850445029471086
1424,2.2441105076014356
1425,0.43687698228384275
1426,3.916197019869728
1427,3.598291364106625
1428,0.4725151986637871
1429,0.7237602698613192
1430,5.488814402833567
1431,2.403920663787966
1432,2.7392877957879382
1433,3.1016729200594337
1434,2.1174968213852727
1435,1.7681708866180943
1436,2.4475305404290086
1437,0.9213527121802523
1438,1.3890143365176089
1439,0.918058329156472
1440,1.2007407807571369
1441,0.5714426226043077
1442,0.8661303705852605
1443,1.734696431430995
1444,4.748124257243972
1445,0.24797569689198015
1446,1.3578404609051953
1447,1.1999866766170602
1448,3.2209738373316874
1449,0.0424452937361604
1450,8.804915472862868
1451,2.019130615968593
1452,1.2509065926527196
1453,1.5400419797511333
1454,1.9086975814364615
1455,0.8478158341993661
1456,1.0347283494988124
1457,2.96726362171521
1458,2.6193341504737813
1459,1.7734921856902734
1460,2.5112400975969518
1461,2.600840626164678
1462,0.5219337508430422
1463,0.8461602361731182
1464,1.9703512252290303
1465,0.8054372219184276
1466,0.2217495739323851
1467,19.303226817615773
1468,5.666999986650784
1469,0.0236389873136654
1470,4.775562004548626
1471,2.3569106359955008
1472,2.205843446722164
1473,1.7685835692697975
1474,2.4922667933668823
1475,1.2188215176760928
1476,0.8300803163853909
1477,1.3609801076474644
1478,0.6690608695690463
1479,2.1889370267893042
1480,2.0940613343666064
1481,0.7525175008729281
1482,1.1147313870516968
1483,0.22741164070259795
1484,0.7850974489548648
1485,0.7467907698645189
1486,0.37045578849089994
1487,0.87396835232962
1488,1.7591131399380706
1489,0.924953218815269
1490,1.3047034896656577
1491,1.8985720442539105
1492,0.5929559927489463
1493,0.22028381782764805
1494,0.702026851985715
1495,0.20641983906135095
1496,1.4889322908893936
1497,0.7713141399883938
1498,0.5038821581148836
1499,0.6574811367245539
1500,2.065202785646549
1501,0.5529651998393692
1502,5.019675359458375
1503,3.662588625995972
1504,0.590361059247561
1505,0.6030569720456784
1506,4.2322599858821
1507,0.2270211010681176
1508,11.079635666540945
1509,3.9714744353249527
1510,1.2228164578170535
1511,1.120444768031963
1512,0.6537398797758156
1513,0.32844179353806646
1514,0.9955410017872575
1515,2.9843809880043093
1516,2.2942471831816493
1517,3.093349779838749
1518,2.1551828595443983
1519,0.49275128512040767
1520,2.7442067479872554
1521,0.6112221345016133
1522,0.729421071461246
1523,1.0593335994763202
1524,1.2060811230849238
1525,15.780636307658423
1526,5.403351957272318
1527,0.04484002873281405
1528,2.4746193234214324
1529,1.621148621764631
1530,3.3396173709920447
1531,2.225715742710985
1532,0.07706865586496485
1533,0.5934683334824539
1534,2.612455152551504
1535,0.712075980484725
1536,1.2362848936434132
1537,1.3772407584491848
1538,2.706597589606083
1539,1.6764186093712918
1540,0.7633842203272783
1541,0.6981591346811311
1542,1.3331507510765843
1543,3.4738182521657306
1544,0.9038690275230448
1545,2.1195587090475465
1546,2.2071653166783434
1547,2.3651333663024188
1548,2.602001024544115
1549,1.3169283194741466
1550,0.0519884012794663
1551,0.8385403309621476
1552,1.7693998184214677
1553,0.0393557723421259
1554,0.6805021753614825
1555,0.0685750715022145
1556,1.1819931997501993
1557,0.8114122601546164
1558,0.8168351460974049
1559,2.717306848694858
1560,2.8021577934398847
1561,1.1100805672836418
1562,3.349609106596133
1563,0.7929519675559416
1564,2.660598584495326
1565,1.6480381551388938
1566,3.0065303279229054
1567,1.8659988584059084
1568,1.9545349755693184
1569,0.2812872733101393
1570,0.3835688749294506
1571,0.069770339122344
1572,0.370186533104478
1573,0.9320330634881879
1574,1.332772809245534
1575,0.9516436275643501
1576,0.9287982948968516
1577,0.7441173944192065
1578,0.7855007854418444
1579,0.3319437502653228
1580,0.38393554392602774
1581,0.1853383762278731
1582,0.29782472920205627
1583,3.7217114887423253
1584,1.7932081917576976
1585,0.03793736835142845
1586,1.3088150871721231
1587,1.3737825547687958
1588,1.5948102291503932
1589,1.708401130038387
1590,0.0805747050941347
1591,0.21078733236623945
1592,1.1933157558098482
1593,0.39947892247499095
1594,0.35925848231029034
1595,3.2993840149565203
1596,1.0880622313951034
1597,0.9867238881025058
1598,0.5484220208356525
1599,0.2951516639593601
1600,0.0482527520663078
1601,1.3829819740903393
1602,0.2971698729394818
1603,0.1827726348459571
1604,1.940480350668012
1605,1.8300578388232394
1606,2.809057815933058
1607,0.8410955608273232
1608,0.44171898690916495
1609,0.6919556488987068
1610,0.7232999747892934
1611,0.04642571247596665
1612,0.721532854292696
1613,0.4859642950351122
1614,0.5676225662643535
1615,0.6264284338268857
1616,0.22852318166046404
1617,1.0571081781001421
1618,2.607171594567198
1619,0.4619873244853202
1620,0.8420223421979218
1621,0.5131978034514615
1622,1.035685932164143
1623,0.394224244617995
1624,3.107163176046468
1625,4.370022526101961
1626,2.748689201009814
1627,0.5791581946798872
1628,2.2977139210814896
1629,2.263469052638055
1630,0.788234858554562
1631,5.250982031891256
1632,2.5676418168477495
1633,2.610966727701692
1634,1.2528545483375768
1635,1.1345712235919863
1636,3.440797779544843
1637,0.22440052773010474
1638,0.8901088912331296
1639,0.2757039258456325
1640,2.512078185923632
1641,20.741453510884625
1642,2.6525939468442576
1643,0.0359271110182338
1644,4.2477676551047825
1645,1.9830884256679058
1646,4.373049367482313
1647,0.7657954597884221
1648,0.8816325781376213
1649,1.19264814538383
1650,1.2197355157135104
1651,0.2590613364992736
1652,0.3586851137801359
1653,2.248016120145132
1654,4.773440996718371
1655,0.4326456486410862
1656,0.3436622809607167
1657,0.26123841493498434
1658,2.069145253894023
1659,1.0813315671412838
1660,0.44532527933801047
1661,0.4742614620502972
1662,3.7475220637545923
1663,2.1161083977129698
1664,1.7717486516301237
1665,2.015032381563989
1666,1.1832437767838266
1667,0.3890880484471587
1668,0.6889359346246048
1669,0.0352552372837476
1670,0.37657935504492074
1671,0.5497040446597616
1672,0.6319229946226446
1673,1.3151218707232109
1674,0.3719898476219351
1675,0.4423132074757815
1676,2.7973170084016203
1677,2.449788685783326
1678,0.3793417713826138
1679,0.5466084049512663
1680,4.490290228715509
1681,0.28515934036849877
1682,2.9260311449550462
1683,1.8128504420422717
1684,0.8837365991353816
1685,0.6960353563120268
1686,0.9963447180424361
1687,1.000910316441094
1688,0.8585044749813122
1689,5.291079256473906
1690,2.081654653240683
1691,2.0408455570243125
1692,1.255846600606287
1693,1.9989721742225002
1694,0.32470703151605596
1695,0.3262368753868796
1696,0.6482528289044586
1697,0.255545589959978
1698,0.3437805603487818
1699,13.010508275889926
1700,3.219320867733214
1701,0.0359271110182338
1702,3.4050816336015926
1703,3.893781460993437
1704,1.5697920955055285
1705,1.694684559910707
1706,2.0646632236665807
1707,0.9333473865258042
1708,0.8312285861533447
1709,0.6143371598009758
1710,0.2620932617573303
1711,1.6783529025012853
1712,2.2681370753270733
1713,1.0058693048763871
1714,0.2956123202926767
1715,0.0740220853732118
1716,1.0045698210451375
1717,1.1694442734297812
1718,0.4855346840919934
1719,1.563355618459263
1720,4.819355428965867
1721,1.5474960468730723
1722,1.7740256822654366
1723,1.0914462547346049
1724,0.0403223418320703
1725,0.4663124913414046
1726,0.758872715166743
1727,2.233212922288052
1728,0.5317436408619579
1729,0.25962183225144525
1730,0.48385680967275796
1731,0.06824230401521365
1732,0.28666142096084524
1733,0.23625162077542156
1734,2.6459538645255654
1735,2.626117797068547
1736,0.7230394371136882
1737,0.28617460040577714
1738,0.8368043283512141
1739,0.6831144537389862
1740,6.288850431461944
1741,3.4126648703960716
1742,1.5011068736767101
1743,0.43219043097623727
1744,0.9955696277735873
1745,0.25929347620038234
1746,0.5384904457208457
1747,1.9742911217331836
1748,1.9446227859232605
1749,0.3773889548567749
1750,1.5917924569921764
1751,0.8881237394590382
1752,1.4307623940827634
1753,0.6932127469583182
1754,0.4963155746676632
1755,0.20459970303996186
1756,0.33153311482457803
1757,2.9934359934169326
1758,3.109614978384397
1759,0.05148989690371465
1760,2.67625876887048
1761,1.4164776977185687
1762,1.7308820900694784
1763,1.7328437284508917
1764,0.9345603298166429
1765,0.7065597433129608
1766,1.129037030538551
1767,0.5205266662955386
1768,0.6709746891149462
1769,0.8815850815801609
1770,2.2729773777510447
1771,1.3351440693352044
1772,0.5096925395280227
1773,0.5001967169858123
1774,1.1089967914921512
1775,2.235533312320457
1776,1.6672652015731177
1777,0.6348939691208061
1778,1.2755100517170765
1779,2.7662739993215455
1780,1.9602479475192283
1781,1.0425267560523317
1782,0.6545777809429476
1783,0.5332863305958929
1784,1.6741105795059443
1785,0.04383038140356025
1786,0.7313758808678916
1787,0.7492490621507941
1788,0.8155702335343329
1789,1.1306551709063717
1790,0.2984526041475448
1791,1.1674039550917366
1792,1.8250871338942
1793,0.6451158702731061
1794,1.0815370722507809
1795,0.662748733989254
1796,1.539833132481265
1797,1.8049382868469162
1798,6.839048495389392
1799,2.4260940662140644
1800,1.0542640164608708
1801,0.7635625499638472
1802,0.4305206961550256
1803,0.5253704576063671
1804,1.3955919091634863
1805,2.112050211901653
1806,2.0997707340894167
1807,0.9528211683483185
1808,1.0071072071804554
1809,2.1781748099697325
1810,0.29365080048658315
1811,1.0025298100393565
1812,0.3113232189471169
1813,0.5583737097667726
1814,0.29391996150412003
1815,9.651726255576666
1816,3.1889014008807437
1817,0.03623112886671425
1818,2.5467225010391257
1819,2.1891554850956716
1820,0.9747489055699012
1821,2.6778112573103745
1822,0.9054369060928275
1823,0.5382009955670238
1824,0.26744201631430176
1825,0.7592277142581016
1826,1.1486858410013239
1827,4.902404901700615
1828,0.41556763070018476
1829,1.2095330126439163
1830,1.1974421974625484
1831,1.2453179179024196
1832,0.2191582219440617
1833,0.36329212660598065
1834,0.0426673910492606
1835,0.45388179698186293
1836,1.197057768772155
1837,1.4951351519432752
1838,0.6202499009349938
1839,0.3462201721186121
1840,0.5964280260231385
1841,0.6861973865601008
1842,0.8317114810786728
1843,0.0377582147429994
1844,1.3113720756978946
1845,0.49435049612363946
1846,0.7029950932431838
1847,0.1827636892965822
1848,0.04796415929659455
1849,0.9558774894465532
1850,2.84513373724599
1851,0.1400712330225675
1852,0.5040907651486515
1853,1.1933979952546427
1854,0.9919407058972134
1855,0.5136770739344895
1856,7.248681285393182
1857,2.0054378067086107
1858,2.2152303238145103
1859,2.0089450785186505
1860,1.4962588476736136
1861,0.8155835279131317
1862,0.6278980389433604
1863,2.3751359653918414
1864,1.786141868919805
1865,1.9911087820603228
1866,1.0552963011232364
1867,1.6958962448222832
1868,0.34254285053622635
1869,0.659248492670319
1870,0.8123715344773708
1871,0.7306509420769389
1872,0.37429243572175463
1873,16.531525557080503
1874,3.657828317856823
1875,0.05170716431716805
1876,5.097053616327775
1877,6.10501211118339
1878,2.0321699824857395
1879,1.71180761523974
1880,2.3404865904050753
1881,1.3226086876307024
1882,0.642483030582325
1883,1.1374848688691594
1884,1.1273114659087504
1885,2.0581836847573713
1886,1.0644106527568158
1887,1.3804573771410893
1888,1.1667357577199646
1889,0.9368053724090325
1890,0.7579758202263926
1891,1.1465881845603274
1892,0.9216862517488891
1893,0.36909784957263037
1894,2.235619234366414
1895,2.607929981174297
1896,2.3615574030052953
1897,1.059978876093977
1898,0.7969193243127997
1899,1.1778536991088902
1900,1.5470965158980383
1901,0.519263450797418
1902,0.8729431507900655
1903,0.8764024628444214
1904,0.7236544047930162
1905,0.46051423298304317
1906,1.5478243335600559
1907,0.7172189119455296
1908,2.6891770088826124
1909,0.499937262502529
1910,1.8537183626344107
1911,0.9825125021733836
1912,4.060846452758134
1913,0.8753374042055908
1914,7.622627577265869
1915,4.184898295148026
1916,2.2061400129990005
1917,1.651159485548097
1918,1.3230376867065945
1919,0.8556552394396124
1920,1.0871291926476565
1921,1.7670207879016901
1922,3.70358227685756
1923,1.6616770859963494
1924,0.7994477989177509
1925,2.196433887489982
1926,0.5351530203469679
1927,1.6334024281623112
1928,0.7591550393601478
1929,0.9142210929787216
1930,0.3886513553444792
1931,13.840632367117363
1932,2.804493548970112
1933,0.0377689637490767
1934,5.189774239728422
1935,8.95358249978053
1936,1.7737390274847664
1937,1.6483112467999708
1938,1.859928442743275
1939,0.6667954719073099
1940,1.0043202709451098
1941,0.8252708757184717
1942,1.2967319282384255
1943,1.7625644352505185
1944,1.0169514076199395
1945,0.7406453159338172
1946,0.7443179330609928
1947,0.6442333067384138
1948,0.5647397763886842
1949,2.836901906480896
1950,1.1252353881758828
1951,0.44284791934721573
1952,2.379582135706136
1953,1.8401376745797409
1954,2.2586099904689334
1955,0.9036889264094348
1956,1.0018033907046595
1957,0.4903156010403348
1958,1.588047494555048
1959,0.0348159100089609
1960,2.076400484523778
1961,1.3437083645912273
1962,0.8442408286713363
1963,0.36800089770162947
1964,0.6152972464807323
1965,0.9060927631920197
1966,3.0518825382856165
1967,0.2612660290201704
1968,0.4564132351521793
1969,0.39987508801734506
1970,1.6718024919943362
1971,1.333982777608285
1972,4.731070187417639
1973,5.553652707914084
1974,4.921342182331399
1975,1.7544799516671068
1976,1.1286810130030709
1977,0.4230770963941653
1978,1.0128602625531515
1979,9.204090121543391
1980,3.569923537076495
1981,2.589775045150554
1982,0.6177336976661842
1983,2.3765682638506345
1984,0.5612591774208826
1985,5.603765522734125
1986,1.223534497799533
1987,1.3266973657845542
1988,1.0049234097947604
1989,25.8935367928594
1990,3.878058630370484
1991,0.0370692807508283
1992,3.7407357297825126
1993,4.870671586634776
1994,1.9266922505467576
1995,2.7854359475508508
1996,4.942248318084127
1997,1.3588962126254291
1998,0.05648802850450495
1999,1.3346279829251002
2000,0.07459143040287484
2001,3.193105264077612
2002,2.1090204514681083
2003,0.1659519348877652
2004,2.3334086739823032
2005,0.4448814414518099
2006,3.769325236947629
2007,4.046649005582634
2008,0.49847437054251953
2009,0.7088029473734968
2010,5.972763478207041
2011,2.403920663787966
2012,3.0541988062464234
2013,3.0500697382784727
2014,2.2142128500422276
2015,1.7736923844741272
2016,2.476443006594523
2017,0.9868962170724724
2018,1.3890143365176089
2019,0.9421548353438539
2020,1.1802018895835986
2021,0.5714426226043077
2022,0.7970714273397552
2023,1.752886367592125
2024,4.757828973343367
2025,0.24797569689198015
2026,1.3578404609051953
2027,1.5424919002855542
2028,3.4375054954998268
2029,0.0424452937361604
2030,8.702381933995952
2031,2.2633944119316407
2032,1.2481616932130053
2033,1.6772335951873938
2034,2.03506004936792
2035,0.9281138751103675
2036,1.149292786366407
2037,3.11448633528255
2038,2.859730610825906
2039,1.7929209157646926
2040,2.6934218328699595
2041,2.5518982483285835
2042,0.48702313313347023
2043,0.9012804507672167
2044,1.9502786803456067
2045,0.8326900421316559
2046,0.2217495739323851
2047,19.956970463561632
2048,5.801087490044805
2049,0.05133029322289235
2050,5.078015532485143
2051,2.3858989218487485
2052,2.2185974488191915
2053,1.8438948816276943
2054,2.462294789597931
2055,1.3194459010517363
2056,0.8141129079758047
2057,1.4740322929807004
2058,0.6827633031612255
2059,2.3277009375772875
2060,2.275930193471744
2061,0.8103629685111154
2062,1.098765480859305
2063,0.22741164070259795
2064,0.8653818367173454
2065,0.7518479768210811
2066,0.4291953951999682
2067,0.9024518829325245
2068,1.8261280402886377
2069,0.9439820828910266
2070,1.3049936543435863
2071,1.8985720442539105
2072,0.6477944434921898
2073,0.2343280819788442
2074,0.8229057345762796
2075,0.22884679767736216
2076,1.4765478603218676
2077,0.7908148996813728
2078,0.4098364453161258
2079,0.6708799471985553
2080,1.9866122698005568
2081,0.5711551360004993
2082,5.018572317043877
2083,3.8613761922479544
2084,0.691619403683446
2085,0.6030569720456784
2086,4.2322599858821
2087,0.2270211010681176
2088,10.981855514067721
2089,4.307642631283837
2090,1.2545193770637009
2091,1.1444314809258405
2092,0.6537398797758156
2093,0.4297321464561735
2094,1.0247797135176566
2095,2.964704694586577
2096,2.3448227316143226
2097,3.093349779838749
2098,2.146491536924329
2099,0.49275128512040767
2100,2.7818740560351185
2101,0.6112221345016133
2102,0.7116438559372331
2103,1.08453972776253
2104,1.2032428883738726
2105,16.63296805640342
2106,5.424372634486612
2107,0.04902687893558165
2108,2.797461577370303
2109,1.5544945716067964
2110,3.3783010000895173
2111,2.185296466274899
2112,0.06160457383596605
2113,0.5978669517048418
2114,2.6160573783381356
2115,0.7156294750966001
2116,1.2362848936434132
2117,0.9747581811878394
2118,2.8939564930630857
2119,1.6030468658198835
2120,0.7341974634580859
2121,0.7370213199524802
2122,1.4209898679317532
2123,3.3830739150735063
2124,0.8770471869420264
2125,2.0240052416289998
2126,2.2093757164540326
2127,2.3997007338659655
2128,2.6209027222764174
2129,1.351073850556907
2130,0.055102670081048
2131,0.8545077393717339
2132,1.7693998184214677
2133,0.03202973437218585
2134,0.6706308276621995
2135,0.0685750715022145
2136,1.1819931997501993
2137,0.8028230243055166
2138,0.835025082258535
2139,2.717306848694858
2140,2.767415146641582
2141,1.0908048245227058
2142,3.5080813785637686
2143,0.7929519675559416
2144,2.79699789213322
2145,1.6480381551388938
2146,3.413873165422517
2147,1.8519111377255402
2148,2.108851729137584
2149,0.2722730636688586
2150,0.33062049936475696
2151,0.05874686723941255
2152,0.3763833603879023
2153,0.8923760809542352
2154,1.2236356567801416
2155,0.9243617623407897
2156,0.8871873737540414
2157,0.7232454399953975
2158,0.7554097305175649
2159,0.39685471973085873
2160,0.38393554392602774
2161,0.17863007312609866
2162,0.3070265754031266
2163,3.859011085245108
2164,1.8627126690551448
2165,0.03793736835142845
2166,1.4283871341795582
2167,1.6931135701142281
2168,1.609585127411039
2169,1.6366630510733131
2170,0.0691198998737218
2171,0.18708909009446395
2172,1.3145399451791748
2173,0.40303241708686605
2174,0.3690372689541655
2175,5.949917004065871
2176,1.0770387447590049
2177,1.1004148911645484
2178,0.5435972636279833
2179,0.2987051585712352
2180,0.0564481843161332
2181,1.2689670120159482
2182,0.26499049144758346
2183,0.2017594229077561
2184,1.94378114375882
2185,1.8502071786553227
2186,2.9021372315124134
2187,0.8006148935892751
2188,0.4151623683880613
2189,0.6867429348369516
2190,0.7402364742361863
2191,0.04882602851470975
2192,0.7163201402309408
2193,0.45395443018375203
2194,0.6100427848148091
2195,0.615073577748712
2196,0.22852318166046404
2197,1.0571081781001421
2198,2.324982627767966
2199,0.4619873244853202
2200,0.8420223421979218
2201,0.5131978034514615
2202,1.035685932164143
2203,0.394224244617995
2204,3.188920462501155
2205,4.427489933376603
2206,2.6732123556464837
2207,0.5991279786191258
2208,2.318201617498621
2209,2.2469298367491026
2210,0.9133072285096857
2211,5.8213697474333745
2212,2.388082106874011
2213,2.6184604630480353
2214,1.1781185941258996
2215,1.0675027085311433
2216,3.5459398943269242
2217,0.22440052773010474
2218,0.8253170340592808
2219,0.2607741850361037
2220,2.533760219213039
2221,20.57496414826221
2222,2.7022357591780604
2223,0.0359271110182338
2224,4.70844008020056
2225,2.578428661035774
2226,4.4789540044457095
2227,0.8513161537461797
2228,0.8816325781376213
2229,1.246767482378872
2230,1.343867666693543
2231,0.2590613364992736
2232,0.3586851137801359
2233,2.491574915909374
2234,4.807209620814641
2235,0.4244626334340276
2236,0.34862809870422085
2237,0.26123841493498434
2238,2.0451060416211266
2239,1.0067024526949786
2240,0.42319546851108203
2241,0.4742614620502972
2242,3.727290631933867
2243,2.2495275160695796
2244,1.8590899020848655
2245,2.0577693441409792
2246,1.2876137873603493
2247,0.39264154305903387
2248,0.7142905289077784
2249,0.03558800477074845
2250,0.38640508420581515
2251,0.5497040446597616
2252,0.6949752313162996
2253,1.3908793294805308
2254,0.3719898476219351
2255,0.4423132074757815
2256,3.051056972484048
2257,2.449788685783326
2258,0.36006602862167764
2259,0.4774835177371758
2260,4.490290228715509
2261,0.28515934036849877
2262,3.1040132745021305
2263,1.6525864929234513
2264,0.9121024678889567
2265,0.6960353563120268
2266,1.0410256757156926
2267,0.9768114614642591
2268,0.8585044749813122
2269,5.15706486032804
2270,2.119044952907748
2271,2.081072610626148
2272,1.255846600606287
2273,2.0920881145210353
2274,0.2912505889044797
2275,0.30029991221312047
2276,0.6482528289044586
2277,0.2519920953481029
2278,0.41282033504337484
2279,13.573243061108656
2280,3.215849410300157
2281,0.0359271110182338
2282,3.5073842160732807
2283,3.8117566055799603
2284,1.581064737912443
2285,1.836042779316036
2286,1.9702021694690004
2287,0.8974732527467482
2288,0.9039153579727375
2289,0.649643836781129
2290,0.2620932617573303
2291,1.8081975832915695
2292,2.331714679656969
2293,1.1658789000892662
2294,0.2991658149045518
2295,0.0740220853732118
2296,1.0172881664091074
2297,1.284215588249757
2298,0.384905538213626
2299,1.6291438796580326
2300,5.0966019921516015
2301,1.498090120814117
2302,1.7850271612307367
2303,1.0914462547346049
2304,0.04394129962084505
2305,0.4663124913414046
2306,0.758872715166743
2307,2.292071073924482
2308,0.5317436408619579
2309,0.26317532686332035
2310,0.5564428946215465
2311,0.06824230401521365
2312,0.28666142096084524
2313,0.23625162077542156
2314,2.995182849977204
2315,2.7763455377949864
2316,0.7230394371136882
2317,0.28617460040577714
2318,0.8368043283512141
2319,0.6831144537389862
2320,6.932596844477434
2321,3.6064460517813
2322,1.715665669615358
2323,0.4343280859131287
2324,0.901428241334671
2325,0.2511838701147041
2326,0.5682481813751206
2327,1.9702112954050428
2328,1.967026982830425
2329,0.3787074719033535
2330,1.6325960237127404
2331,0.9882347363840268
2332,1.550701896467628
2333,0.719824351954967
2334,0.4970486710973488
2335,0.20533279946964744
2336,0.35128699772204297
2337,3.318003509299271
2338,3.380398250053858
2339,0.05215763034022695
2340,2.945954431131608
2341,1.7849305437317247
2342,1.800032392146921
2343,1.7862804075060748
2344,1.078345604935622
2345,0.6936029371948861
2346,1.2004507684827121
2347,0.5382871560271807
2348,0.8138576628616155
2349,1.2017624973819876
2350,2.4680063744393728
2351,1.392434288919777
2352,0.5289662070640733
2353,0.5197390959702742
2354,1.0289709981240456
2355,2.2395914169363103
2356,1.5349273618502337
2357,0.6875436892496724
2358,1.3565569620858773
2359,2.8963954972043835
2360,1.9798746868593413
2361,1.0182125752807902
2362,0.6528612236323167
2363,0.5905916432061536
2364,1.6956755969566417
2365,0.0454814967081697
2366,0.7608200294023133
2367,0.8166615057279158
2368,0.8384105976443192
2369,1.1980786865317898
2370,0.2991857005772304
2371,1.1543756645572882
2372,1.9577156461057421
2373,0.6651247094637279
2374,1.2210444687905944
2375,0.6335405545993191
2376,1.5626367300307735
2377,1.6971459847258674
2378,7.667037021645005
2379,2.4405538561409905
2380,1.0551626656870603
2381,0.7243856642785209
2382,0.4312537925847112
2383,0.5649471267172776
2384,1.4155526556529656
2385,2.3291532429812483
2386,2.2876219508680586
2387,1.0064883626916883
2388,1.0477334592610767
2389,2.214261055093551
2390,0.31202147986395357
2391,1.0531454261908126
2392,0.27896091697612035
2393,0.5538097764480889
2394,0.2946530579338056
2395,10.584605831493064
2396,3.2458179450275533
2397,0.02931875472098775
2398,2.790447457058214
2399,2.2518900484647375
2400,0.9987446530263104
2401,2.5862573837844924
2402,0.9519165673890888
2403,0.5518796287681784
2404,0.2681751127439873
2405,0.7317896557891845
2406,1.1371650916327076
2407,5.272090747606372
2408,0.4163007271298703
2409,0.7686529798196755
2410,1.2317252184987715
2411,1.079232124556329
2412,0.2272930226722866
2413,0.3259566894475359
2414,0.0426673910492606
2415,0.4748455968792821
2416,1.2931625995128249
2417,1.5411198984882204
2418,0.624931633254151
2419,0.4185453493158542
2420,0.5721812337686691
2421,0.7349676924889195
2422,0.8641976245926236
2423,0.03610709943838995
2424,1.3697287120278117
2425,0.4991719325056149
2426,0.694467901227201
2427,0.1827636892965822
2428,0.04796415929659455
2429,0.9431206593323037
2430,2.8665507337800795
2431,0.1400712330225675
2432,0.6198938697305324
2433,1.0617503571173974
2434,1.0016496526280607
2435,0.514410170364175
2436,8.787929689949074
2437,2.2953486019494074
2438,2.238962991210249
2439,2.1564343179298087
2440,1.6432150170166238
2441,0.9986341696732234
2442,0.6400423408846244
2443,2.5026522904868553
2444,1.9418138057336092
2445,2.3182627766384236
2446,1.1435791042182046
2447,1.9032690990323387
2448,0.37007014904951774
2449,0.6599815891000046
2450,0.7939332572170372
2451,0.8888593416390704
2452,0.3512233515844414
2453,17.90458333173894
2454,3.952520179340905
2455,0.0556031080676609
2456,5.694066871282107
2457,6.098103211769496
2458,2.005199224527395
2459,1.7234044030947793
2460,2.695993457045211
2461,1.5045822413660899
2462,0.6791205744113951
2463,1.2259073786119257
2464,1.1992024024021672
2465,2.1391995885875055
2466,1.2635785359545966
2467,1.0591645306574855
2468,1.2418834856491046
2469,1.2793963805152382
2470,0.9358047324498688
2471,1.372414369294371
2472,0.9640341132910284
2473,0.37471189235026503
2474,2.33654920178211
2475,2.8965548686888463
2476,2.4195542286522667
2477,1.1318293766228678
2478,0.8427277394283947
2479,1.3214939627964242
2480,1.6796738736923773
2481,0.5616728452039967
2482,1.0534825136586468
2483,1.0421680219642733
2484,0.748038994896991
2485,0.44944417672724996
2486,1.7411821811492603
2487,0.7361419445363453
2488,2.750220547088945
2489,0.5006703589322147
2490,1.977400055479818
2491,1.2880161528659348
2492,4.073345221042897
2493,1.0207581006014133
2494,9.292490318124127
2495,4.445825523011964
2496,2.810875197462255
2497,1.7323506995286237
2498,1.4331353699035758
2499,0.8700186220439539
2500,1.1099944961351125
2501,1.8200961626702359
2502,4.2515414085907075
2503,1.7816013518584342
2504,0.8236001571149638
2505,2.2750773098848014
2506,0.5358861167766534
2507,1.66753181402051
2508,0.7963451766089165
2509,1.021667062920864
2510,0.38938445177416475
2511,15.574909813005451
2512,2.8552571856322606
2513,0.0377689637490767
2514,5.694619373524215
2515,9.25031322325512
2516,1.8929814965272738
2517,1.680489954393642
2518,2.0016041474078614
2519,0.762547973148237
2520,1.0805045760166314
2521,0.8415315499077461
2522,1.36040674671702
2523,2.1701188465031076
2524,1.0790183547222398
2525,0.5861275910362782
2526,0.7607033070947375
2527,0.8064646971891718
2528,0.6505567856628135
2529,3.1487587233021372
2530,1.1129780589903269
2531,0.4367142732529869
2532,2.6392746797529054
2533,2.1961495698881013
2534,2.6955255029455505
2535,0.9898823362047992
2536,1.2180543255378598
2537,0.5564300509031617
2538,1.860204209709258
2539,0.0560090471729292
2540,2.1684639743027043
2541,1.5366641355485227
2542,0.8552009274698562
2543,0.3973023443152533
2544,0.6166920544255021
2545,0.9305920325941891
2546,2.794215909043433
2547,0.261999125449856
2548,0.4571463315818649
2549,0.43369559092427706
2550,1.6934300820938297
2551,1.3584692437913954
2552,4.903277393201353
2553,5.74291967693275
2554,5.023673386982058
2555,1.7177013507107142
2556,1.3061317916624133
2557,0.48698848585250165
2558,1.0206100535688298
2559,9.492171996842018
2560,3.6710400852327467
2561,2.7178056942820534
2562,0.6703228458307362
2563,2.525995575845069
2564,0.5637948907958694
2565,5.233945238534032
2566,1.2950179851431591
2567,1.3395544925050697
2568,1.1403847839531105
2569,25.679675579994896
2570,3.9249174854256643
2571,0.04236952896713835
2572,4.3331408740583
2573,4.801777158297284
2574,2.183484699637033
2575,2.6093363808109626
2576,4.778266020148777
2577,1.382369039423193
2578,0.05648802850450495
2579,1.563698071014885
2580,0.0927331444927903
2581,3.224207023169874
2582,2.4125502053703176
2583,0.15850445029471086
2584,2.3740814895185727
2585,0.40486079147360804
2586,3.809740451354511
2587,3.7269881200638113
2588,0.4725151986637871
2589,0.7939221883092623
2590,6.030874857168257
2591,2.4483109883889567
2592,2.9052461939772645
2593,3.187749947363403
2594,2.3719710738273294
2595,1.8116123794989907
2596,2.5136788183330623
2597,1.5181438267216938
2598,1.5106704286781882
2599,0.9836333775488049
2600,1.269587781554343
2601,0.5939549114175792
2602,0.8166561714456552
2603,1.7766684425944117
2604,5.022518346298291
2605,0.24870879332166573
2606,1.3399595260890287
2607,1.2610450624708331
2608,3.750475167185066
2609,0.0424452937361604
2610,12.354184455804475
2611,2.519960187594127
2612,1.4011921747306857
2613,1.6711307951499839
2614,2.155410858408147
2615,0.932792702618636
2616,1.0543152826074063
2617,3.341548780465107
2618,2.7794578122798774
2619,1.753463463869096
2620,2.8282911431221565
2621,2.5455862482279388
2622,0.5741341963715122
2623,0.9156701332618835
2624,2.1531205717814874
2625,0.9672993749850896
2626,0.2216844396009177
2627,23.260414520259378
2628,6.51272283505657
2629,0.05759985012762065
2630,5.892898048144722
2631,2.6806528723116667
2632,2.481407069894531
2633,1.9523258227746814
2634,2.476664491182444
2635,1.3121665570686794
2636,0.8008487575971988
2637,1.4831062042727814
2638,0.8252183067000332
2639,3.0887542573902875
2640,2.497292537082388
2641,0.9027382922001628
2642,1.2738963486477317
2643,0.31857521227662466
2644,0.9005730387004529
2645,0.7487056617344725
2646,0.42873299601391107
2647,1.0129627278695799
2648,1.9627397588140267
2649,1.0677571300559516
2650,1.5029573806652392
2651,1.9734139927469045
2652,0.7612959041491073
2653,0.2485692865428876
2654,0.8555564894622893
2655,0.293992021355648
2656,1.6528773170589137
2657,0.8461885078100714
2658,0.4408372069965668
2659,0.7426951629962806
2660,2.050958307132036
2661,0.524054282073492
2662,5.548590629858834
2663,3.717443583867969
2664,0.591314991059371
2665,0.605806517420696
2666,4.407313551932751
2667,0.22823346798083113
2668,12.15736744697723
2669,4.602825282669768
2670,1.2617871798517761
2671,1.1871610591599153
2672,0.6665242944930709
2673,0.4624286253471662
2674,1.0833095021589516
2675,2.978545636285619
2676,2.4179612888181845
2677,3.254133511150606
2678,2.0971646702287052
2679,0.4821606867010419
2680,2.6428420038654528
2681,0.6119552309312989
2682,0.7065972654456192
2683,1.0683744721903135
2684,1.3538420499006603
2685,17.954278861741315
2686,5.690355128051047
2687,0.0446404260844406
2688,2.9407230690889037
2689,1.6345967032269828
2690,3.363360952705766
2691,2.19242663270573
2692,0.05379035446250795
2693,0.5817003594844603
2694,2.6545068210511387
2695,0.7128090769144106
2696,1.2473381256021148
2697,0.8620708191014849
2698,2.8735877203127727
2699,1.7400905254143837
2700,0.7589046026952087
2701,0.7024457257226918
2702,1.3342158329094504
2703,3.4257457492809755
2704,0.8583226515126104
2705,2.0876780413940628
2706,2.3475989313287746
2707,2.5931004730310203
2708,2.75102273682048
2709,1.3363623361237371
2710,0.05814587496541455
2711,0.8552408358014194
2712,1.8904790899995687
2713,0.04659835693832125
2714,0.6843814024487942
2715,0.0685750715022145
2716,1.202279371291242
2717,0.8189503450721443
2718,0.8175682425270905
2719,2.741538525033026
2720,2.8870464371053774
2721,1.0915379209523914
2722,3.3623653799543507
2723,0.8267724704628738
2724,2.802845120032255
2725,1.6594238561754657
2726,3.5306335676151948
2727,2.1419746011746654
2728,2.3131709829521103
2729,0.3051339271642162
2730,0.35802047609368953
2731,0.0641656362746457
2732,0.40926676636197695
2733,0.9392329888933117
2734,1.4263894183933277
2735,0.9969947202529263
2736,1.0270876051777282
2737,0.7730413801324525
2738,0.7857118287494129
2739,0.3822675437359303
2740,0.38822213496758845
2741,0.1860714726575587
2742,0.28314014480157523
2743,4.167743423420449
2744,1.8713260249292631
2745,0.03793736835142845
2746,1.4500769504352577
2747,1.5874937169158498
2748,1.7032624738800355
2749,1.6162376283892774
2750,0.0612356338398701
2751,0.2291915880665388
2752,1.2646505814400122
2753,0.45341482413326106
2754,0.3477130937799514
2755,4.030976331377977
2756,1.088795327824789
2757,0.9170756248217072
2758,0.5542017077569521
2759,0.3397797638111081
2760,0.0564067469836724
2761,1.2714747769107482
2762,0.25588900258691727
2763,0.1835057312756427
2764,2.2351273778922023
2765,1.9827966390725797
2766,2.977830818855085
2767,0.9066858794660317
2768,0.552048642632824
2769,0.695130501046426
2770,0.7405150719372303
2771,0.06099433504210205
2772,0.7674825403525476
2773,0.511108758209615
2774,0.6216260801925201
2775,0.6874784879185267
2776,0.22925627809014965
2777,1.1271801078764145
2778,2.73656789779806
2779,0.46272042091500576
2780,0.8234796958666711
2781,0.5139308998811472
2782,1.0697664779190525
2783,0.39495734104768054
2784,3.3532004488743734
2785,4.6643793661115085
2786,2.5393462614996567
2787,0.5581434531416637
2788,2.1447624674747647
2789,2.2939940749310477
2790,0.9284063469957429
2791,5.88762721521023
2792,2.3079500246994895
2793,2.454743913391545
2794,1.1287202791400068
2795,1.1099517066235158
2796,3.1965383448062665
2797,0.25704549489550155
2798,0.7814207523123127
2799,0.26279255578709937
2800,2.213387334420972
2801,20.641116973617976
2802,2.6813497284513055
2803,0.02570324970075135
2804,4.77464135814981
2805,1.8308073913909149
2806,4.898746287304885
2807,0.8147955796049547
2808,0.9867343368871822
2809,1.2385947059842581
2810,1.2037548760340493
2811,0.23206207226390074
2812,0.3638044655610509
2813,2.2510982734114515
2814,4.74652811022362
2815,0.3595541237778375
2816,0.39992693252001277
2817,0.2611387063486392
2818,1.9787542832579368
2819,0.9821148357147671
2820,0.5045784814591314
2821,0.4748948498936376
2822,3.855259881338589
2823,2.3904389848820875
2824,1.8792269979200984
2825,2.1519471027420884
2826,1.3061377639736735
2827,0.3932749309023743
2828,0.7092283344162105
2829,0.0355281203690169
2830,0.4038765286627437
2831,0.5536620398511792
2832,0.6770728418052343
2833,1.4417700775767366
2834,0.35443329930414547
2835,0.41308174574143475
2836,2.667676384882601
2837,2.802906859276111
2838,0.360699416465018
2839,0.4781169055805162
2840,5.013447884722176
2841,0.2857927282118392
2842,3.551732801919403
2843,1.7615623667220075
2844,0.9861863306727949
2845,0.6909871457824872
2846,1.206986171656336
2847,1.0157039851629475
2848,0.9303410210069079
2849,5.2094071897854
2850,2.1062305536875723
2851,1.9997987093186849
2852,1.2437790864905232
2853,1.980016951312317
2854,0.3303268050992548
2855,0.31083759531949534
2856,0.6499743546599633
2857,0.25756396071097365
2858,0.3421148183848811
2859,15.795313741477058
2860,3.1154041651456605
2861,0.0317629220080155
2862,3.6105110244108807
2863,3.9094674259489937
2864,1.6059312697998585
2865,1.6684253559575775
2866,1.951486790452726
2867,0.9236120874689682
2868,0.8311233056287481
2869,0.6290439388922601
2870,0.2672126135382453
2871,2.308087887468684
2872,2.30356190524674
2873,1.2725764370433474
2874,0.3060761072718041
2875,0.0739622009714802
2876,1.0394491060684738
2877,1.1581036893573797
2878,0.5079185695959778
2879,1.5504987300130355
2880,5.556800042740791
2881,1.7489346798546208
2882,1.862670613017749
2883,1.2601929720064717
2884,0.04388141521911345
2885,0.4702409386957167
2886,0.8028213272595732
2887,2.150140239668581
2888,0.5644267177412723
2889,0.2652210378382899
2890,0.4842715865998085
2891,0.0685151871004829
2892,0.2872948088041857
2893,0.20702015904107474
2894,2.837466305935621
2895,2.6774958688262664
2896,0.7236728249570288
2897,0.31989539472636414
2898,0.9227006103206765
2899,0.8727761316444234
2900,7.190678157006902
2901,3.903950634225125
2902,1.7180696432537392
2903,0.52787736912873
2904,0.9380674418965174
2905,0.25303478116140177
2906,0.5032938306617989
2907,1.9955000139615986
2908,2.153232170951136
2909,0.38535360875076874
2910,1.5948905980359616
2911,1.0740830729904878
2912,1.6691446340242901
2913,0.7333844601359346
2914,0.5492760926845982
2915,0.235089427849356
2916,0.3765531724434802
2917,3.1199872599470977
2918,3.630933119969032
2919,0.0695690336515748
2920,3.5447532712171386
2921,1.7793081409013398
2922,1.926327233176346
2923,1.9842379681742446
2924,1.1303268779896487
2925,0.741377213845319
2926,1.3606196710052987
2927,0.548167572623106
2928,0.6641150180873583
2929,0.9704654446032551
2930,2.390397943164051
2931,1.5583006174559617
2932,0.5319206939377784
2933,0.5743971373773
2934,1.017176237038416
2935,2.074564244332274
2936,1.679145787386505
2937,0.7015145360059596
2938,1.4754272060151885
2939,3.085587043438365
2940,2.08502172383157
2941,1.232863202255405
2942,0.7012796309452775
2943,0.6114274885675166
2944,1.8143692040797363
2945,0.04978192262725095
2946,0.8350807732215592
2947,0.9068705339849783
2948,0.9300325399557869
2949,1.1832433743967616
2950,0.3031685645312306
2951,1.1887157191724782
2952,1.8144706489103277
2953,0.6723279598864442
2954,1.1258325487921486
2955,0.7086064525650616
2956,1.7332742505223857
2957,1.9341885360873823
2958,7.694640751807041
2959,2.523286310405914
2960,1.164026839794856
2961,0.7146244821174053
2962,0.43760093139939416
2963,0.5452641856955576
2964,1.173414272674215
2965,2.4352590078042446
2966,2.2433781140392792
2967,1.026507592463721
2968,1.3222842199783948
2969,2.4065278210289636
2970,0.3263215183864163
2971,1.0798880926355068
2972,0.41195715681491063
2973,0.5896058391036109
2974,0.2981566514047779
2975,10.696576562257214
2976,3.559642153664324
2977,0.05029961715025285
2978,3.420471991539995
2979,2.3531569355509836
2980,0.9954998133324271
2981,2.8452050073959807
2982,1.043125285379327
2983,0.6103094864454902
2984,0.2716787062149596
2985,0.8725511201775712
2986,1.1577021864241068
2987,5.1567466390124626
2988,0.4220209024993975
2989,0.9382968157885205
2990,1.2700933624678443
2991,0.9720906230411417
2992,0.22694840645659464
2993,0.2487187654150422
2994,0.04754189923731375
2995,0.45811848688252077
2996,1.4358907449065943
2997,1.6126741692223923
2998,0.7242026759547081
2999,0.3944823258099224
3000,0.6837565155304298
3001,0.6897554635435836
3002,0.8844634419437155
3003,0.0394779144411533
3004,1.3892651895053483
3005,0.4639246688560378
3006,0.6837900984801558
3007,0.18448338899473604
3008,0.04968385899474845
3009,0.9675237795973193
3010,3.2064910931306185
3011,0.1417909327207214
3012,0.5083274550493093
3013,1.0266156965541937
3014,1.0495551863396613
3015,0.5179137638351472
3016,9.246618109133077
3017,2.338555493141585
3018,2.4847041495918765
3019,2.687688874729103
3020,1.6592691155309232
3021,1.0481715397713485
3022,0.6511808023326704
3023,2.8510021960182996
3024,1.9894209685925173
3025,2.118376189886091
3026,1.42010345221962
3027,2.0039891724473655
3028,0.48938782306664863
3029,0.6566644158532076
3030,0.9332572670832859
3031,1.0038048800755497
3032,0.3604970215658436
3033,18.26862792266043
3034,4.140212390990367
3035,0.06639766320316524
3036,5.914279811754977
3037,6.457692061683222
3038,2.1807761934088603
3039,1.921491227689385
3040,2.7774187848569554
3041,1.6142442530083514
3042,0.7505146887800089
3043,1.527279009913622
3044,1.2315228943030432
3045,2.717018981120836
3046,1.298079130199508
3047,1.924817059559257
3048,1.3312878238912949
3049,1.213760998112014
3050,1.0633156404816073
3051,1.393820953433555
3052,1.2916956739345895
3053,0.4176810806452183
3054,2.8449931844167664
3055,3.488019504525183
3056,2.684173695495158
3057,1.2319108019190046
3058,0.9047848243910037
3059,1.5270430418025418
3060,1.8483125167006946
3061,0.6039064836935597
3062,1.094603111210031
3063,1.1712049576444783
3064,0.8025401734278205
3065,0.40344620507399576
3066,1.6102507075617578
3067,0.7418621199058726
3068,2.7463503695277676
3069,0.504173952403187
3070,1.9849491566115876
3071,1.0371830731198877
3072,4.148307663804867
3073,1.1206052926884271
3074,9.44117799433461
3075,4.678348873222591
3076,3.065626798114478
3077,1.6593797777532924
3078,1.4937621557277252
3079,0.9558772419675681
3080,1.4166240510600447
3081,1.9909181392120137
3082,4.507434913532926
3083,1.8823407261401668
3084,0.8564083765068418
3085,2.3345641894305587
3086,0.5416062921461806
3087,1.6917913693890423
3088,0.9119461077294951
3089,0.9452375042366143
3090,0.39288804524513704
3091,15.43071367846916
3092,2.9770602632615546
3093,0.0423615936137139
3094,6.030396865088711
3095,9.952857851994942
3096,2.154393181851285
3097,1.9809837691206116
3098,2.066832105563554
3099,0.7318719405603271
3100,1.1985666941887445
3101,1.0098446138046562
3102,1.588435041136529
3103,2.8898787620812394
3104,1.3052198528066696
3105,0.8180340047596564
3106,0.755810888520742
3107,0.8447373565353093
3108,0.7226233027305602
3109,3.004445763832323
3110,1.3735341860442607
3111,0.4493011911464285
3112,2.713611576452277
3113,2.424825500689951
3114,2.9186021441792533
3115,1.4410926653904856
3116,1.2910733041674547
3117,0.5672582593169091
3118,2.0840603441979986
3119,0.0783245389323442
3120,2.3765408562984547
3121,1.780105780400524
3122,0.9351481011469207
3123,0.41284601869834703
3124,0.6988581085128271
3125,0.9242701494078157
3126,2.791262652938843
3127,0.2655027189208282
3128,0.4628665069513922
3129,0.43941576629380436
3130,2.0005518580516877
3131,1.595425800882324
3132,5.4243440256071205
3133,5.899497402036882
3134,5.643653607225412
3135,1.8063765361449913
3136,1.253087441836507
3137,0.5384894162426646
3138,1.1332023175293235
3139,10.348986611026053
3140,4.0432767880509335
3141,2.7660921238246
3142,0.714374180498152
3143,3.0697661600597357
3144,0.6254246393101703
3145,5.377535623865721
3146,1.3554787786964764
3147,1.5942395725754834
3148,1.1083984173326806
3149,26.56650819196507
3150,4.073472319911648
3151,0.0370264946753276
3152,4.712093812352482
3153,5.5711544112344455
3154,2.3331321547787827
3155,2.737202690498731
3156,4.8210562536225146
3157,1.4147022463536505
3158,0.06371345061181925
3159,1.6306921719739798
3160,0.1135107014520938
3161,3.30965257389682
3162,2.4981673415687355
3163,0.1282692715732766
3164,2.3997781873067474
3165,0.6265432466062351
3166,3.821230876548751
3167,3.6765678297520035
3168,0.4508607929621829
3169,0.9628061073741588
3170,6.6140902715026755
3171,2.6336149799441113
3172,3.2706805013866136
3173,3.4188789735389298
3174,2.563023149562251
3175,1.94243129768648
3176,2.769057887886987
3177,1.53983310443591
3178,1.5765554356680935
3179,1.1783956890672227
3180,1.3945465470681393
3181,0.6887534927654317
3182,0.811573346126345
3183,1.8043027693538254
3184,4.8125874450738415
3185,0.252212386792638
3186,1.4794915234918156
3187,1.2897313407399729
3188,3.708567932687546
3189,0.0441649934343143
3190,12.235872107968428
3191,2.575174220568433
3192,1.3728271828913376
3193,1.5616169329147431
3194,2.32144977061233
3195,1.0973781010668673
3196,1.0263342022445445
3197,4.263774636255569
3198,2.8530393449482707
3199,1.9496508931300056
3200,2.890639855083754
3201,2.7870492090160823
3202,0.6136783984836236
3203,0.9814848321486871
3204,2.208161872678996
3205,1.0831152054501012
3206,0.229539758444918
3207,22.55054461502727
3208,6.670433430479623
3209,0.06366630022927255
3210,6.178487884838788
3211,3.166972746115203
3212,2.6610680214168436
3213,2.0741052729510985
3214,2.5688296327424003
3215,1.4351785439501685
3216,0.8736133101358432
3217,1.6882941110600465
3218,0.7431720123561019
3219,3.234759774616357
3220,2.5269435788697123
3221,0.8477193348684793
3222,1.2428956468290746
3223,0.2586714199506597
3224,0.983265414578028
3225,0.7589377686368091
3226,0.36919793512783833
3227,0.9597559417958432
3228,2.05538421918434
3229,1.14861999476022
3230,1.6202314851127007
3231,2.2804833481538513
3232,0.7724332622536358
3233,0.24936121693099256
3234,0.8826637530196217
3235,0.27433835491030345
3236,1.8569864281991375
3237,0.9141378533617879
3238,0.46045823739744235
3239,0.7595782811354608
3240,2.075676435977014
3241,0.5753918259011572
3242,5.356481006217088
3243,4.240770088177235
3244,0.5945977491482188
3245,0.6095102438448913
3246,4.4167836963963705
3247,0.23125779096877544
3248,11.424575620251836
3249,5.199297498550698
3250,1.101132116635068
3251,1.2180720229064566
3252,0.6177444507488248
3253,0.3719759547171907
3254,0.9989822638054945
3255,2.9988608160907373
3256,2.328310654300685
3257,3.1074147162178534
3258,2.283433004321955
3259,0.5416957799548163
3260,3.1306751714970895
3261,0.630912186341309
3262,0.7667155954604324
3263,1.1855449919189431
3264,1.38421082149282
3265,18.209128417021397
3266,5.812358920399646
3267,0.0681107425510107
3268,3.159895514668007
3269,1.5467360091417635
3270,3.858759252292541
3271,2.452253755579939
3272,0.08140414112978385
3273,0.6073482695609196
3274,2.7645246317437597
3275,0.7234602974316826
3276,1.2650364892547579
3277,0.9805404703434202
3278,3.171328091531247
3279,1.75278503730932
3280,0.8386338970527889
3281,0.7648857754431301
3282,1.3690057018495396
3283,3.352705074623023
3284,1.1331078773136205
3285,2.03509851004377
3286,2.3981797791250266
3287,2.726354854830845
3288,2.8421833800143164
3289,1.5342635979021506
3290,0.0706817045146327
3291,0.9270633149199639
3292,1.9889374050310789
3293,0.07273076675270895
3294,0.7420331682681405
3295,0.08074580368801546
3296,1.1907806567918355
3297,0.8304192136255142
3298,1.115452159228489
3299,2.802208401642764
3300,2.9708563279743396
3301,1.1294106947831524
3302,3.4143641843831185
3303,0.8532962479739508
3304,2.968291779855653
3305,1.7350052919650025
3306,3.459497212725431
3307,2.0804516332401044
3308,2.2973793782592598
3309,0.25729343533990595
3310,0.39589445187557154
3311,0.0698373563962233
3312,0.43916295382539305
3313,1.0141891827559741
3314,1.4221622240709286
3315,1.0846766876355742
3316,1.0823867093796884
3317,0.7931147684910702
3318,0.8766825756328381
3319,0.4610113020026406
3320,0.44059000124786657
3321,0.24392634342969519
3322,0.44329098711366977
3323,4.050603236534419
3324,1.80283964865093
3325,0.04720534878883755
3326,1.5194503620131943
3327,1.453432753667462
3328,1.6959543212476962
3329,1.791603335712411
3330,0.0598588435072683
3331,0.22715064945322555
3332,1.3171103754331088
3333,0.46269037885452546
3334,0.39376283746170354
3335,3.9053013228313627
3336,1.2070657254794852
3337,1.2036691654431113
3338,0.5538891795823849
3339,0.2998676243430458
3340,0.07040059004892925
3341,1.3206673028565667
3342,0.2917656610319497
3343,0.1874885952296429
3344,2.5479484725971417
3345,1.9590962387463409
3346,3.0794575509941637
3347,0.9669790880300823
3348,0.5409611040869045
3349,0.7834867633551676
3350,0.7696338349558574
3351,0.07208829695858406
3352,0.8267959175917987
3353,0.5295145353929961
3354,0.6606716955322227
3355,0.6997422967995468
3356,0.23323914204414983
3357,1.1221303762899486
3358,2.434014850383424
3359,0.4650196399191842
3360,0.8504920629424667
3361,0.551001170312394
3362,1.099823119452411
3363,0.4006803551589207
3364,3.5963995764117085
3365,4.781437026920061
3366,2.8217469274029328
3367,0.6407859161190032
3368,2.465049116396398
3369,2.309139546768642
3370,0.9754365086235874
3371,6.055957949840272
3372,2.5932003117894644
3373,2.5976502229593583
3374,1.3352970168120386
3375,1.1701283997733682
3376,3.6613967080778145
3377,0.23179202612066194
3378,1.0780803050410697
3379,0.28739434349864557
3380,2.554864899823727
3381,21.728671922644804
3382,2.8304453500446183
3383,0.0401856900101053
3384,5.029262291281684
3385,1.9505440918683785
3386,4.823395771738694
3387,0.8749644469068018
3388,0.9468918011791541
3389,1.2468738249306393
3390,1.2997229539437247
3391,0.26329802639993144
3392,0.3668785357365886
3393,2.0497031367067455
3394,4.7626474336580085
3395,0.5078277524080137
3396,0.4155304913048382
3397,0.26295811463313823
3398,1.7700624769439806
3399,0.9718595373213761
3400,0.4983893216041773
3401,0.478498151950955
3402,3.9321462691280846
3403,2.1986194707730378
3404,1.8897918054248772
3405,2.4198426474534265
3406,1.3446472511735215
3407,0.39332473834781656
3408,0.7723071380462789
3409,0.0403422005739609
3410,0.45050113840316935
3411,0.5844786436360268
3412,0.7353581020193293
3413,1.3882626409881988
3414,0.35803660136146287
3415,0.4465498973764394
3416,2.80307725563956
3417,2.829401110665395
3418,0.3643027185223354
3419,0.48172020763783363
3420,4.962148928892539
3421,0.2893960302691566
3422,4.146248361074436
3423,1.926418350186912
3424,1.107044571053887
3425,0.764118868725602
3426,1.1743198256841223
3427,1.1879957348268833
3428,0.9107063248862293
3429,5.653753070281664
3430,2.277072983487858
3431,2.0802612572424497
3432,1.4381743489785959
3433,2.196274653720698
3434,0.3659624615265154
3435,0.34682332539665
3436,0.6768236034850601
3437,0.2864474998713281
3438,0.5241840300119281
3439,16.12122479462025
3440,3.517431745249244
3441,0.0401856900101053
3442,3.9880492550474367
3443,3.9879204151046572
3444,1.6611257109239537
3445,1.9762071237141718
3446,2.238488855158958
3447,1.0657849278947231
3448,0.9603968752356294
3449,0.6258899554295894
3450,0.2835742543615168
3451,2.580192093936129
3452,2.3056428301480922
3453,1.0743576605921739
3454,0.29984901019333454
3455,0.0757417850713657
3456,1.1031903908500138
3457,1.1679343299595182
3458,0.5713577136613885
3459,1.5845048672353097
3460,5.348622295758396
3461,1.8704506713331521
3462,1.9937918782203914
3463,1.3944463618144454
3464,0.04566099931899895
3465,0.49610369978570257
3466,0.8092382095065476
3467,2.4129049717429125
3468,0.5719469276697711
3469,0.28729965213905606
3470,0.5622524199353423
3471,0.0702947712003684
3472,0.2908981108615031
3473,0.2404883106760794
3474,2.836835735961264
3475,2.9661562041215452
3476,0.7294927089129011
3477,0.290411290306435
3478,1.1681372366655565
3479,0.6895677255381991
3480,7.059411340053772
3481,3.405514126080564
3482,1.697367267623548
3483,0.43768241220980314
3484,1.007023914121786
3485,0.2441653924006077
3486,0.4937978738428687
3487,2.4857262569564487
3488,2.0935540520448175
3489,0.3844596646809214
3490,1.7130630927551318
3491,1.1610399539981855
3492,1.7626783817713014
3493,0.7671239769519003
3494,0.5412708352934497
3495,0.23915691081698884
3496,0.29631280328768017
3497,3.1744419873243843
3498,3.4931428676324545
3499,0.07275065742787595
3500,2.821491960035322
3501,1.6892776117285582
3502,1.952276965578943
3503,1.985712655114805
3504,1.0896137688730965
3505,0.8620259233930512
3506,1.3664795475408924
3507,0.61323193860423
3508,0.7697388409952172
3509,1.02250128627966
3510,2.1709758102154346
3511,1.7327452850610414
3512,0.5338163998134953
3513,0.5108049394856231
3514,1.0589799909216
3515,2.1493877261347207
3516,1.681735660591575
3517,0.6573363663562659
3518,1.3862775148729825
3519,2.940507753214454
3520,2.0523841538574077
3521,1.1985957573459802
3522,0.6026102973083891
3523,0.669183361086376
3524,1.8243769170433453
3525,0.0478166077122529
3526,0.770050307043795
3527,0.8047980465002186
3528,0.7758615695172872
3529,1.1809070182592132
3530,0.3051040945915609
3531,1.1920231712789673
3532,1.9248390792260919
3533,0.6830494622564292
3534,1.2412129256353261
3535,0.6747629369894512
3536,1.6813066535953216
3537,1.8910025155629129
3538,7.219348555366107
3539,2.578729101125088
3540,1.0890328918737726
3541,0.68177388659401
3542,0.4400157319427524
3543,0.5748227389966984
3544,1.249755745540369
3545,2.6544847578718027
3546,2.266539340928551
3547,1.0112936751981714
3548,1.3380181303212826
3549,2.4330047177126737
3550,0.3441539997599412
3551,1.0599126467998312
3552,0.5231791872119909
3553,0.6869267645904706
3554,0.30057145194813606
3555,9.759265367574198
3556,3.43905495212724
3557,0.0584856256192596
3558,2.700915046384896
3559,2.509842963450162
3560,1.126024877660947
3561,2.8219855250043344
3562,1.0570784157277755
3563,0.6086974571236203
3564,0.27409350675831784
3565,0.8815990512575309
3566,1.2680374695991552
3567,4.480571010971586
3568,0.42443570304275574
3569,1.4404485347383706
3570,1.2537144098945343
3571,1.0754503781736775
3572,0.23251801548985224
3573,0.27458266819150146
3574,0.05820772820265885
3575,0.4640867820377541
3576,1.4316518313759707
3577,1.6157479643900028
3578,0.7266174764980664
3579,0.4490072346987751
3580,0.5843868197244191
3581,0.7499085941551384
3582,0.8554405209279948
3583,0.03870994494663345
3584,1.410558447497794
3585,0.47535367904067677
3586,0.6311748264968785
3587,0.18448338899473604
3588,0.04968385899474845
3589,0.9866222837584278
3590,3.0446472957470814
3591,0.1417909327207214
3592,0.49146651283173126
3593,1.1919673534270891
3594,1.0717902240030162
3595,0.5203285643785055
3596,7.833190242845927
3597,2.2351072723348846
3598,2.4110176807271295
3599,2.1766565870240293
3600,1.5382567626912385
3601,0.8094193179667826
3602,0.7035218739361206
3603,2.89604904430135
3604,2.133812108482308
3605,2.0337834775212396
3606,1.3959692022233894
3607,2.0589667032360626
3608,0.4752091253943173
3609,0.6515340331598305
3610,0.9876499854054466
3611,1.0250782084808772
3612,0.3762923584021009
3613,18.511870881266816
3614,3.9541702711202054
3615,0.06408019490345375
3616,5.5250105671855465
3617,6.8072791414562435
3618,2.11259602420386
3619,1.9239060282327431
3620,2.6657351492346213
3621,1.5914016212793465
3622,0.7326293439313667
3623,1.460550092983226
3624,1.3485435363577616
3625,2.2827546830565817
3626,1.1517218715111444
3627,1.5555672974352397
3628,1.2513464648699189
3629,1.2134222696895867
3630,0.8960282966239084
3631,1.3970688662714814
3632,0.8679733052750447
3633,0.3598424996737723
3634,2.714676146766504
3635,3.460276109818817
3636,2.6009325207073886
3637,1.2348388174872655
3638,0.8421829553291802
3639,1.4497819814391213
3640,1.8223389299961186
3641,0.634242552070425
3642,1.139065042823842
3643,1.1095947876871728
3644,0.7667971490029218
3645,0.42795810140586715
3646,1.7653781997941245
3647,0.7260869842881007
3648,3.2455212120585912
3649,0.5065887529465452
3650,1.9873639571549453
3651,1.063463092575032
3652,4.1521646326770965
3653,1.0767338125738215
3654,8.853497238592906
3655,4.269944596956798
3656,2.641743673552242
3657,1.680079288742223
3658,1.3467017924015336
3659,0.8742359130291628
3660,1.0741408106698684
3661,2.083517487590806
3662,4.303921801726405
3663,1.8504474835646678
3664,1.116584833915638
3665,2.495065448151194
3666,0.547574587301414
3667,1.6926999373890206
3668,0.8967590932446661
3669,1.1702875717499506
3670,0.3953028457884953
3671,14.336226555989377
3672,2.8910756846668577
3673,0.0415936241191941
3674,5.611754918939964
3675,10.330671954214798
3676,1.9256643717471889
3677,1.8743582853621095
3678,2.0315859847060227
3679,0.7688410181574166
3680,1.132280673194049
3681,0.8970141786548831
3682,1.3382861712693699
3683,2.6458264488316185
3684,1.2829545398993887
3685,0.7230424802290474
3686,0.8017753676433241
3687,0.6963792652195665
3688,0.5862338206276974
3689,2.9817790078956428
3690,1.3288873598673057
3691,0.485037524063107
3692,2.7299817969359514
3693,2.2578218742551024
3694,2.806838575918695
3695,1.2125333384639418
3696,1.251070741242844
3697,0.5444614947613478
3698,1.8835874915874216
3699,0.0556782635139179
3700,2.253275425995881
3701,1.6353619702547189
3702,0.8096878970459298
3703,0.4396721859865226
3704,0.6504039019718103
3705,0.9433686535689242
3706,3.2030610457002737
3707,0.2679175194641864
3708,0.5803513156469458
3709,0.4418305668371626
3710,1.9164952651047114
3711,1.3816071016283902
3712,5.196226435362018
3713,5.306911304496722
3714,5.291306366719793
3715,1.7961885283905223
3716,1.2496752871786279
3717,0.41349215618709667
3718,1.081513596570407
3719,11.313485277311274
3720,4.056833573821297
3721,2.8086148035455807
3722,0.7196465838694963
3723,2.640839478948471
3724,0.6291908101381349
3725,5.089589176573899
3726,1.383618717293583
3727,1.6606755942159017
3728,1.1770608044297997
3729,25.788131895394393
3730,4.061220582915981
3731,0.0
3732,4.543365329531508
3733,5.61059577123995
3734,2.286373846441
3735,2.9114716360248014
3736,4.864043447740657
3737,1.465950614633055
3738,0.0600592894435136
3739,1.579931969499386
3740,0.1260059869631518
3741,3.3863029518455603
3742,2.3026409575604228
3743,0.1585340666399105
3744,2.376240878160733
3745,0.5792515345957334
3746,3.8333770949369086
3747,3.8259152975112576
3748,0.4280324854702988
3749,0.7529454907140364
3750,6.326836771498384
3751,2.476444425959814
3752,3.243501662435414
3753,3.5198058822173524
3754,2.446527311581626
3755,1.9493519229384684
3756,2.9440347182106548
3757,1.549636242421574
3758,1.5696315751935224
3759,1.172083701812433
3760,1.3197666364088358
3761,0.5928963827470168
3762,0.8830470899152083
3763,1.805211337353804
3764,5.0280998831906825
3765,0.2546271873359962
3766,1.4600991555822522
3767,1.2723259041633344
3768,3.710982733230904
3769,0.0441649934343143
3770,10.391230926407289
3771,2.1352173311609763
3772,1.2709939070166782
3773,1.5678644029494226
3774,1.9723948251619272
3775,0.8658156289451553
3776,1.0518850491564602
3777,4.240346233975
3778,3.0981384103855794
3779,2.0187992351494657
3780,2.7678247063383132
3781,3.1610958209687716
3782,0.6096528067868041
3783,0.8737011134313102
3784,2.172764841329473
3785,1.0856340798556596
3786,0.22840106437640115
3787,19.730083823857242
3788,6.263263963253319
3789,0.03671450083772145
3790,5.348745377975262
3791,2.6063912249930334
3792,2.2456845339417497
3793,2.171204033308583
3794,2.54112661741664
3795,1.3938296029684776
3796,0.9281242420403526
3797,1.697989310865737
3798,0.7621942006604041
3799,2.237196096820643
3800,2.3185870456076803
3801,0.7969672718425255
3802,1.0675435512297522
3803,0.234063131146614
3804,0.9301720651017908
3805,0.6997135968571517
3806,0.40411562459819406
3807,0.9937828141556229
3808,1.938324386280815
3809,1.1496563865728835
3810,1.501897375235884
3811,2.227262383997447
3812,0.6579240088632137
3813,0.24490786781212595
3814,0.8526310872814591
3815,0.3042367243131449
3816,1.711695120587052
3817,0.8009652434136327
3818,0.42955150556748056
3819,0.7157937299032937
3820,2.138491816205234
3821,0.5778066264445154
3822,5.3728210260722395
3823,4.243184888720593
3824,0.6162882924525134
3825,0.6450124508654962
3826,4.332727103449394
3827,0.23367259151213365
3828,13.266477032260926
3829,4.442896424483908
3830,1.1470720722544905
3831,1.2247049782990056
3832,0.6908986888358293
3833,0.3764256082013919
3834,0.9949359594724698
3835,3.202884494623488
3836,2.4623700962141584
3837,3.4237033960854104
3838,2.35054821672195
3839,0.5525176611564039
3840,3.025205221437431
3841,0.6227093909471935
3842,0.8272599528149882
3843,1.1702443674198597
3844,1.248427370661866
3845,16.99053412531529
3846,5.761849384024686
3847,0.0466108759349962
3848,2.5599528578708597
3849,1.6588230992817046
3850,3.457893466909886
3851,2.4149964661541032
3852,0.0887397297671287
3853,0.6050024573606835
3854,2.6888513591510086
3855,0.7244975474391713
3856,1.3034848094804614
3857,1.0335294925658174
3858,3.2690948777940396
3859,1.725488448291225
3860,0.7528553126804728
3861,0.8378101204855211
3862,1.33630818437374
3863,3.3585671137267523
3864,0.886321744907929
3865,2.16181495234209
3866,2.4172810082450793
3867,2.572509352650639
3868,2.887646348631694
3869,1.3852756603049756
3870,0.0568223697792019
3871,0.9394167028824256
3872,2.0717734367649054
3873,0.0532108111820916
3874,0.7252960848272636
3875,0.0702947712003684
3876,1.1260533431407518
3877,0.8223993971543597
3878,0.8981215353576419
3879,2.802339987540328
3880,2.835473257125031
3881,1.1235902846880628
3882,3.4202150380055563
3883,0.8018200398985127
3884,2.8484890765856474
3885,1.8327109875725527
3886,2.9755087742842887
3887,1.8590599065014324
3888,2.1336241231758324
3889,0.2613609183075388
3890,0.38009573010444925
3891,0.0604665669375665
3892,0.4442526345903856
3893,1.2481763886250514
3894,1.5224366006394159
3895,1.1065309734712088
3896,1.0014352138842177
3897,0.8044072411731653
3898,0.8126796539630736
3899,0.4587361463067643
3900,0.4474630594798909
3901,0.205129968032989
3902,0.3225149814274819
3903,4.1031117135322095
3904,1.8720375598986332
3905,0.06645359212280665
3906,1.479904177716966
3907,1.4838778519009395
3908,1.5701361629945394
3909,1.8787126717780174
3910,0.06218736404350415
3911,0.23050497159788955
3912,1.400683437922206
3913,0.4320471393533422
3914,0.37897354256164506
3915,3.9242167262135554
3916,1.2067992314254785
3917,1.3446654404399165
3918,0.5838560341668102
3919,0.30851145750515063
3920,0.06058290725093075
3921,1.3854359575701882
3922,0.3150755964341812
3923,0.19297761990184825
3924,2.338431815318354
3925,2.0064467523859353
3926,3.026229269987744
3927,1.01880627870135
3928,0.5749320583541154
3929,0.7486686898321979
3930,0.8351536715383756
3931,0.0676067892858724
3932,0.7784751190934194
3933,0.4926157854791282
3934,0.6249145906429925
3935,0.6735646666245794
3936,0.2351746721044801
3937,1.2283334441084581
3938,2.751959439191213
3939,0.4703789650865762
3940,0.8839778210177396
3941,0.5198492938954775
3942,1.1860881766856886
3943,0.40261588521925096
3944,3.3556303929502196
3945,4.6695664720759265
3946,2.7557881997545657
3947,0.607996050961697
3948,2.3266591167917703
3949,2.3108444248915845
3950,0.9272130856690611
3951,6.5278062721958054
3952,2.5019275470918467
3953,2.4973079491492136
3954,1.330897275045206
3955,1.2922850513984927
3956,3.5488788033592944
3957,0.23420682666402015
3958,1.0129482885252836
3959,0.382987815207868
3960,2.826904643290172
3961,21.99201535771519
3962,2.8682631931869746
3963,0.0448482016621997
3964,4.609477784969068
3965,1.7885150292870047
3966,4.661835129506304
3967,0.8768578263679925
3968,0.9435988944382521
3969,1.2866021106264585
3970,1.3154382751614633
3971,0.3277148740762048
3972,0.36929333627994676
3973,2.08652153110124
3974,4.745590109155348
3975,0.34914790756899483
3976,0.35031377140473274
3977,0.26295811463313823
3978,1.816069767240192
3979,0.9333190840593268
3980,0.510559017998803
3981,0.4809129524943132
3982,3.9983651010896573
3983,2.2390460308128843
3984,1.775143624955006
3985,2.354853903199487
3986,1.2856222409320823
3987,0.3992930335030499
3988,0.8198937560537521
3989,0.038190850278992
3990,0.45333156026595195
3991,0.5893351998974187
3992,0.6884667472869311
3993,1.4532521521627002
3994,0.36045140190482106
3995,0.4671546340809277
3996,3.0592320202653456
3997,2.532864974529419
3998,0.3667175190656937
3999,0.4841350081811918
4000,4.964031731034485
4001,0.2918108308125148
4002,3.0947011725243403
4003,1.7794251378992294
4004,0.9284475280374331
4005,0.854609046243114
4006,1.046341849838274
4007,1.0578657911387173
4008,0.8119150869845309
4009,6.289957833205007
4010,2.0466323096766685
4011,2.1161247201536417
4012,1.4025852103864374
4013,2.208683675588059
4014,0.3712348648978598
4015,0.30695140265713655
4016,0.6792384040284183
4017,0.32034997710814817
4018,0.4668916435399977
4019,14.678997688388757
4020,3.7988399587695305
4021,0.0591293117502759
4022,3.522481516513346
4023,4.1879894930537445
4024,1.5195922816042517
4025,2.0530015783029008
4026,2.3484810920363923
4027,1.011541575676829
4028,0.9598423234057363
4029,0.6861795708457101
4030,0.27229824681322146
4031,2.2155642389401176
4032,2.3120685492213795
4033,1.026230225252305
4034,0.30226381073669273
4035,0.06317286058507525
4036,0.985850964037089
4037,1.1666224888846077
4038,0.43574741911415277
4039,1.5987001965775767
4040,5.304140250477611
4041,1.79346542662692
4042,1.9159099866704854
4043,1.3961772340883787
4044,0.04566099931899895
4045,0.5158882740013998
4046,0.8436016317185251
4047,2.5056341132199913
4048,0.5979091692519793
4049,0.28351762539899
4050,0.5764272829048105
4051,0.0702947712003684
4052,0.29331291140486127
4053,0.24290311121943764
4054,2.65428014897988
4055,3.086958434370049
4056,0.8662532603693911
4057,0.29282609084979316
4058,1.0094240261362633
4059,0.6919825260815573
4060,6.42061918888775
4061,3.5538400838361133
4062,1.5079114639667477
4063,0.4317939096026476
4064,0.8605584985566761
4065,0.210696341661623
4066,0.501797980223458
4067,2.1358617801727413
4068,2.0774907701703547
4069,0.4951434085801123
4070,1.5706065990173648
4071,1.0194840681540787
4072,1.5364003681431448
4073,0.6879827805787582
4074,0.5721916089910746
4075,0.18409351699247783
4076,0.2673011751567998
4077,2.946263807832321
4078,3.1404608414151616
4079,0.07131606695589796
4080,2.4092257016461773
4081,1.4404756793580658
4082,1.7126260450581188
4083,1.7193737025443039
4084,1.0845474097904733
4085,0.7047876394605497
4086,1.2685826742845645
4087,0.6231944434588435
4088,0.8539219045929239
4089,0.9430628949469159
4090,1.8278664612528317
4091,1.7908236334887042
4092,0.5228389869172856
4093,0.5157916349911098
4094,1.0084912780442814
4095,1.9571762624706317
4096,1.708185462428204
4097,0.6322359197249724
4098,1.3128890531498376
4099,2.7098837213380116
4100,1.9486307525028588
4101,1.0106834291889006
4102,0.5612900406683901
4103,0.6291536287901996
4104,1.6257650332897244
4105,0.04695232157944525
4106,0.7678923112438006
4107,0.7436899641719634
4108,0.7558487851123514
4109,1.1586003529540834
4110,0.30167271409288965
4111,1.16945943745272
4112,1.8020523501586054
4113,0.6581521044038232
4114,1.0911167627715497
4115,0.6710731213898766
4116,1.710388785810606
4117,1.815413483764109
4118,6.705051231377076
4119,2.181387866121975
4120,1.0726768359530197
4121,0.7183413457408194
4122,0.43610508096105327
4123,0.46513861952968977
4124,1.244452655643493
4125,2.588411247533826
4126,2.384998019369159
4127,1.0043612797085322
4128,1.1220580910175684
4129,2.3559925959032277
4130,0.32153947764630153
4131,1.0062378275358679
4132,0.37202150809255913
4133,0.633542472800986
4134,0.2966608009664369
4135,9.634836369973884
4136,3.191400248672201
4137,0.05354141689791095
4138,2.3526250468028302
4139,2.216803686215077
4140,1.0306363724838556
4141,2.6867146348403805
4142,0.9471753790374349
4143,0.5910042295351585
4144,0.2701828557766187
4145,0.7954939867786088
4146,1.2457133821482615
4147,4.87080655140589
4148,0.4205250520610566
4149,1.0618474641813487
4150,1.2287780827692478
4151,1.1072491112576823
4152,0.22189906140637863
4153,0.25341974226012554
4154,0.0443870907474145
4155,0.4566226364441799
4156,1.304774649744585
4157,1.6337614240661469
4158,0.6356600149019161
4159,0.45411079335835675
4160,0.5694286360149626
4161,0.7235111822268495
4162,0.8000292126823605
4163,0.03967836037739865
4164,1.3626864938192824
4165,0.4494832816462278
4166,0.685151850869801
4167,0.18448338899473604
4168,0.04968385899474845
4169,0.9715378602758284
4170,3.0051590016221166
4171,0.1417909327207214
4172,0.4875558618500322
4173,1.088851776171254
4174,1.0090001106565363
4175,0.5164179133968063
4176,7.422130764407564
4177,2.1591641419179943
4178,2.1843074510260214
4179,2.102021045915715
4180,1.3573118151634536
4181,0.8508604896229951
4182,0.6221327613040056
4183,2.748525766077294
4184,1.9149521506002278
4185,1.9414127764790217
4186,1.3444484805407584
4187,1.9126472986055365
4188,0.37207789208214903
4189,0.5675845422082975
4190,0.8358778299488928
4191,0.9257599270703387
4192,0.3855493254326394
4193,17.486461405919812
4194,3.6045705886742545
4195,0.0736065644647621
4196,4.832051325220407
4197,6.093931437367493
4198,1.9779649855960035
4199,1.7244981348753752
4200,2.438489167823885
4201,1.4229765165439412
4202,0.6862025021705676
4203,1.3313392056817732
4204,1.1887204653325145
4205,2.1997620446842636
4206,1.0534545522824135
4207,1.2302170438717455
4208,1.1847225722815855
4209,0.9128763994216509
4210,0.7845774184123846
4211,1.0991198610752793
4212,0.9440030665234509
4213,0.3496408200073027
4214,2.2832318777717093
4215,3.1363772763027744
4216,2.4857021993795616
4217,1.1537885298359563
4218,0.8029524998788774
4219,1.369939477529063
4220,1.6701227051476186
4221,0.5045691405107031
4222,0.9842771214941688
4223,0.8954222073458572
4224,0.6747885893917734
4225,0.45145191975988125
4226,1.6649555850971858
4227,0.7221763333064015
4228,2.723198071092241
4229,0.502678101964846
4230,1.939256349848102
4231,1.2425527171991764
4232,4.08239407048569
4233,0.8868003298962495
4234,7.9406949027534255
4235,4.077280439953447
4236,2.3135907784970806
4237,1.5031277533776992
4238,1.3878253802112517
4239,0.7809776543927676
4240,1.1698605919438947
4241,1.8745151394443562
4242,4.009521383893261
4243,1.772364623238592
4244,0.8556645394462659
4245,2.3533799455039643
4246,0.5401104417078397
4247,1.6741072956699632
4248,0.8777736148830653
4249,0.9599178151067504
4250,0.3913921948067961
4251,12.408787622547091
4252,2.6427134688583065
4253,0.07240131541484815
4254,4.728633294250198
4255,9.062344404167575
4256,1.8346890011301766
4257,1.6890993820699656
4258,1.8758565401623974
4259,0.6595937101113685
4260,0.9935179710504458
4261,0.8476274663389041
4262,1.284661440047309
4263,1.7454959756176687
4264,0.9820013156333507
4265,0.8626707748984286
4266,0.797864716661625
4267,0.6441658370302552
4268,0.6532766613002029
4269,2.730014924672859
4270,1.187846097913399
4271,0.43050756744894103
4272,2.5585061743708537
4273,1.9626456318201155
4274,2.2902103536570615
4275,0.9251846751719575
4276,1.087127167068954
4277,0.5065529785611285
4278,1.632065916325447
4279,0.05000090671014195
4280,2.117431480579661
4281,1.3527513025597186
4282,0.7828823662644877
4283,0.3671597778034955
4284,0.6221741435869732
4285,0.939458002587225
4286,3.0965914650611985
4287,0.26400686848248733
4288,0.46137065651305126
4289,0.4379199158554634
4290,1.827758951634725
4291,1.3666097679383888
4292,4.928041365478324
4293,4.502014963701813
4294,5.004799741872056
4295,1.6675232786548941
4296,1.0956202089890499
4297,0.3602826406490153
4298,1.1166717675810638
4299,10.200237495744009
4300,3.806157947674775
4301,2.758697154883177
4302,0.717075672171549
4303,2.603685420855003
4304,0.579138064631113
4305,5.122737694580521
4306,1.3123731684012605
4307,1.4901493153274734
4308,1.0791017210570606
4309,24.632654229671452
4310,4.057608579085183
4311,0.04315020028272725
4312,3.7104964093802844
4313,4.765054408683327
4314,2.1147364200138066
4315,2.698403105583919
4316,4.895074066064568
4317,1.3576547610759817
4318,0.05820772820265885
4319,1.498219812603899
4320,0.10141683661215395
4321,3.4782340303496175
4322,2.2529894069250864
4323,0.131653949992471
4324,2.3673194832313214
4325,0.5328620614506758
4326,3.7895161604004794
4327,3.8332205908082084
4328,0.4017971068101846
4329,0.8152960993157358
4330,6.181251584358526
4331,2.5263901403947413
4332,3.157739960601935
4333,3.37663480482421
4334,2.2148884378226796
4335,1.9147441636737765
4336,2.4885369147851675
4337,1.0012123381803182
4338,1.377726300834945
4339,0.9149099784612313
4340,1.1363728109108435
4341,0.6303988226953814
4342,0.8039483244459963
4343,1.85201039119073
4344,4.865254693873491
4345,0.250716536354297
4346,1.3488009889226604
4347,1.5454976268196132
4348,3.6334373673336464
4349,0.0441649934343143
4350,8.386625950922088
4351,2.1360149565901585
4352,1.1801271712368546
4353,1.4102964228378845
4354,1.9351069707941166
4355,0.9014704758983243
4356,0.9794865932844821
4357,3.008295196291331
4358,2.82096292164
4359,1.8417801161248046
4360,2.7965965468674003
4361,2.6917341201113647
4362,0.4903605315167273
4363,0.8071570843579354
4364,1.9927706154521199
4365,0.9158783969110111
4366,0.223692182633549
4367,18.595186534813987
4368,6.1446463519241075
4369,0.03739170383420685
4370,4.790877051455547
4371,2.284283636255964
4372,2.2232935375145133
4373,1.834177383308174
4374,2.4767645013909867
4375,1.188392752928765
4376,0.8224600375460892
4377,1.3735392422711763
4378,0.7070597019581897
4379,2.0844652859579034
4380,2.0129096026348905
4381,0.6224724428559474
4382,1.0456113850938469
4383,0.23063175064794275
4384,0.7971051601268385
4385,0.6874677346745012
4386,0.31419533343235995
4387,0.8736847822844902
4388,1.6825458332558192
4389,0.9552463402346267
4390,1.3871867385708792
4391,1.8977306353752332
4392,0.5537784450521527
4393,0.26380214199045976
4394,0.7385060110514168
4395,0.20061905511385864
4396,1.570591449426716
4397,0.8543611556666051
4398,0.4406523816139723
4399,0.7164591645796574
4400,2.1191236683725476
4401,0.5260620251061234
4402,5.503272653771759
4403,4.049851746484732
4404,0.6125984768529387
4405,0.6100308423518823
4406,4.370645296027051
4407,0.23024121101346245
4408,11.09365332646257
4409,4.078151205667712
4410,1.2019238217964565
4411,1.1445663210612764
4412,0.6971299923990782
4413,0.37757944640283825
4414,0.9894185311044876
4415,3.096834598654837
4416,2.4095021701805903
4417,2.942204594396693
4418,2.1437427491498267
4419,0.5270011892308228
4420,2.7205724047510342
4421,0.6279101033595882
4422,0.8677786597237418
4423,1.1833118899657413
4424,1.1152955954753514
4425,14.33117006251287
4426,5.55424142878716
4427,0.0715980871356262
4428,2.4629377171274793
4429,1.5293079394894706
4430,3.368077303351391
4431,2.1890158057213984
4432,0.06431358514359795
4433,0.6058524191225786
4434,2.695511446587922
4435,0.7219644469933416
4436,1.2965355966498993
4437,0.9014183437802894
4438,2.831818683416398
4439,1.6320847811935202
4440,0.8011252068469223
4441,0.7323768710844265
4442,1.3527450789411326
4443,3.6399785234538147
4444,0.8970571736190815
4445,2.1152101095911657
4446,2.2161259851951094
4447,2.3704920611685925
4448,2.704215241089818
4449,1.3920700431306048
4450,0.0638689687873388
4451,0.9128874594373431
4452,1.8392631042223404
4453,0.06685628718028895
4454,0.7278573127855196
4455,0.08074580368801546
4456,1.1208532525367554
4457,0.8284302970113366
4458,0.8317558738772617
4459,2.802375085901205
4460,2.989679704303283
4461,1.1071328690404956
4462,3.3579821636644294
4463,0.8125838198163555
4464,2.936868277253959
4465,1.680016941174109
4466,2.7697468730507033
4467,1.7449371288311126
4468,1.995511618109231
4469,0.24286071317313804
4470,0.3583755367020464
4471,0.07345631418499805
4472,0.47494712222441593
4473,1.005872840100948
4474,1.263285254255436
4475,0.9748505855792081
4476,1.0588784671951699
4477,0.8485779309626094
4478,0.8140328017399665
4479,0.42498388187883884
4480,0.4304955845648263
4481,0.24243049299135425
4482,0.25864733146929153
4483,3.6063623338918123
4484,1.6591420344795034
4485,0.04141272187878945
4486,1.1751349771914694
4487,1.521320094735153
4488,1.50888144207279
4489,1.8330760539247972
4490,0.05909087401274845
4491,0.22715064945322555
4492,1.2956554228133816
4493,0.4154979054162939
4494,0.3502001072956107
4495,3.175028274411802
4496,1.09625510908668
4497,0.8780509765215135
4498,0.5488398345321689
4499,0.3199376522416554
4500,0.05745262514412215
4501,1.3159629503377137
4502,0.2897714439927564
4503,0.18599274479130196
4504,1.933563445605679
4505,1.7234493992453017
4506,2.9059334858664156
4507,0.855636725965855
4508,0.47494170123057405
4509,0.7032427882593442
4510,0.7744142350777403
4511,0.04652390555287045
4512,0.7217966562594543
4513,0.4925299105890716
4514,0.6215230343289349
4515,0.6403614283849697
4516,0.2317432916058089
4517,1.1421114770054697
4518,2.6955430869080423
4519,0.4635237894808433
4520,0.8297204697431895
4521,0.549505319874053
4522,1.0602665330934435
4523,0.43227191119782643
4524,2.919353171190405
4525,4.31229657152314
4526,2.47479401458447
4527,0.5623677780728499
4528,2.0835219757062786
4529,2.1251905788550904
4530,0.8727000228966519
4531,5.680201263555403
4532,2.363614381389765
4533,2.3894974122323522
4534,1.1848961963596518
4535,1.1970652180907304
4536,3.1156795902148375
4537,0.2535744792111332
4538,0.8714283010916621
4539,0.34917384143999053
4540,1.9693957159870168
4541,20.952003657962116
4542,2.623482735882652
4543,0.03855357052141825
4544,4.157986338291455
4545,1.8345898206550455
4546,4.395484936353523
4547,0.8475570364718547
4548,0.8848832056113634
4549,1.1133987211708158
4550,1.238670493144535
4551,0.28041506722516996
4552,0.3697689406494771
4553,2.299409263066356
4554,4.498070786397744
4555,0.3086045526902983
4556,0.3498569064485636
4557,0.290832584297565
4558,1.7802263407981807
4559,0.9076430074001502
4560,0.4946642450273225
4561,0.4769025929262689
4562,3.981065487901207
4563,2.3791968700317554
4564,1.7180266156943431
4565,2.0215556660519245
4566,1.2193562833757379
4567,0.41879209285514785
4568,0.6953303957741721
4569,0.0372478200671708
4570,0.39223216992402665
4571,0.5745713655581408
4572,0.5762713913997981
4573,1.3381368180767756
4574,0.35644104233677676
4575,0.4150894887740661
4576,2.776364796985286
4577,2.5778436863698078
4578,0.3627071594976494
4579,0.5132120550903942
4580,5.023287258682933
4581,0.2878004712444705
4582,3.101612371244937
4583,1.6367615715561294
4584,0.8813326096285368
4585,0.6624452676513113
4586,1.052439250740992
4587,0.9884665892590816
4588,0.8089099776814183
4589,5.206071528314175
4590,2.062321199840339
4591,1.9079639542834195
4592,1.1244484841290772
4593,1.9689944135154738
4594,0.3323345481318861
4595,0.31143301522049766
4596,0.645780603586992
4597,0.25957170374360494
4598,0.34192999300228655
4599,12.257253078409015
4600,3.20418854776801
4601,0.0446132428286824
4602,3.1304638827962767
4603,3.683225437799525
4604,1.4124584631185757
4605,1.6181140048287488
4606,1.9493980141935139
4607,0.9111612495412247
4608,0.8819228003740923
4609,0.7138857952760278
4610,0.2692203565708766
4611,1.8988327339501034
4612,2.1707409505675472
4613,1.0252440134292318
4614,0.2982534511686485
4615,0.0756819006696341
4616,0.9982260742621977
4617,1.1949309531612848
4618,0.4111382365739008
4619,1.4752960794074421
4620,5.114442319151269
4621,1.5226042131561597
4622,1.75324871011409
4623,1.0764103017104425
4624,0.04560111491726735
4625,0.48410366299567487
4626,0.7661104272494055
4627,2.1363249359969028
4628,0.5383813279783383
4629,0.31841387307882707
4630,0.4961050587933344
4631,0.0702348867986368
4632,0.28930255183681697
4633,0.20902790207370606
4634,2.708531105193765
4635,2.8202355557860104
4636,0.7278971498882151
4637,0.28881573128174887
4638,0.8772150950002519
4639,0.6591479826327749
4640,5.934556310470115
4641,3.5529419561849656
4642,1.42548981794509
4643,0.4163245749647177
4644,0.8977719666651063
4645,0.20795550219930609
4646,0.5555416454815238
4647,1.987759565677733
4648,1.975046507412598
4649,0.3817989055229669
4650,1.3109347430391227
4651,0.9841300847127968
4652,1.370792857775426
4653,0.7084615075152395
4654,0.5173839294992625
4655,0.2029470206156872
4656,0.2645603356944829
4657,2.739611080971981
4658,3.121532046176362
4659,0.04510599925242045
4660,2.47953174088952
4661,1.42297174997214
4662,1.6523859772843492
4663,1.718842570652964
4664,1.0503539083644293
4665,0.711503051332865
4666,1.1565011919344608
4667,0.5939106367034377
4668,0.6831057057597516
4669,0.8992546841953313
4670,1.9929909237532635
4671,1.3656901514941424
4672,0.5101718100110507
4673,0.5006759874688401
4674,0.9876766263702594
4675,1.9485705504453157
4676,1.7422314447922422
4677,0.6265524382093922
4678,1.1622481748156321
4679,2.735005531674925
4680,1.8536358932400374
4681,0.9905070892098833
4682,0.5464617269598913
4683,0.6119743673885576
4684,1.6195433377480721
4685,0.0460005913758112
4686,0.7331774254514054
4687,0.7141657091851163
4688,0.7464450644668484
4689,1.0886388333262316
4690,0.29893187463057275
4691,1.156186390575992
4692,1.8608049983506176
4693,0.6409855010311682
4694,1.2076623420636745
4695,0.629882162894132
4696,1.5185680580271943
4697,1.7342260918623613
4698,6.580378281450882
4699,2.0579269794192077
4700,1.04841555849506
4701,0.7133839243799476
4702,0.4305206961550256
4703,0.5376370892478908
4704,1.1239927934539529
4705,2.2350201104866625
4706,2.1547013038267036
4707,1.042676547915246
4708,0.9668630607414241
4709,2.148877678459623
4710,0.3003591035883576
4711,1.0588827842062825
4712,0.366423065802256
4713,0.5779314950633616
4714,0.29391996150412003
4715,9.352122714491369
4716,2.8529854363000906
4717,0.0396838969361754
4718,2.335844536845968
4719,2.337109575590141
4720,0.957546351947878
4721,2.5006107047524457
4722,0.9912461293111707
4723,0.5495578358818478
4724,0.26744201631430176
4725,0.7229320741543497
4726,1.2025145905151757
4727,4.591743574216733
4728,0.41556763070018476
4729,0.8489321755241479
4730,1.2052127735717761
4731,0.8920287138910776
4732,0.2191582219440617
4733,0.31157149124650185
4734,0.05286907071573015
4735,0.4574352915937381
4736,1.2493867967083028
4737,1.5461933683983187
4738,0.6186612044783488
4739,0.39488401252284694
4740,0.5602164666617873
4741,0.7755733401269973
4742,0.7890815299277699
4743,0.03610709943838995
4744,1.3051432724203929
4745,0.4396592024635463
4746,0.6457343780565845
4747,0.1827636892965822
4748,0.04796415929659455
4749,0.9543712569031733
4750,2.8426166621518822
4751,0.1400712330225675
4752,0.48481502238771523
4753,1.0926335303118742
4754,0.9588532994199668
4755,0.5136770739344895
4756,7.1624060044141284
4757,1.8957512957976892
4758,1.9954207251118037
4759,2.071964779648181
4760,1.3174463702030619
4761,0.8672760749344491
4762,0.629501247285935
4763,2.3825039121359883
4764,1.7122871515460099
4765,1.8999531284643951
4766,1.1437201302124382
4767,1.8468415568384788
4768,0.36247031009591774
4769,0.6286981995479501
4770,0.9256658003876148
4771,0.8091269959167842
4772,0.35578623512490126
4773,15.556549707992996
4774,3.2947960497107682
4775,0.0553040844901128
4776,4.906074419389686
4777,5.548035951318937
4778,1.968785100967738
4779,1.6932405709056364
4780,2.362807290852156
4781,1.2644164048798563
4782,0.6639601989029598
4783,1.1923849219555
4784,1.1049137887638718
4785,2.244981212592039
4786,1.0177296622057916
4787,1.247413088417792
4788,1.1125285891684173
4789,0.8770190991619755
4790,0.7311372165152439
4791,1.1559238462360342
4792,0.9078412239343998
4793,0.3510759287990481
4794,2.116630616033347
4795,2.679050534350328
4796,2.3940720310584753
4797,1.0984332983456377
4798,0.7283238028299865
4799,1.2108320461713604
4800,1.4485532452881533
4801,0.49103688870419304
4802,0.8069345191863347
4803,0.8733075338443965
4804,0.7322173243619599
4805,0.4800312218472146
4806,1.5478243335600559
4807,0.7354088481066596
4808,2.8037933224080756
4809,0.5853396763698703
4810,1.9043328464487554
4811,1.291151522969348
4812,3.8988477575334386
4813,0.8753374042055908
4814,7.527140217908739
4815,3.9056746643453293
4816,2.096241173546963
4817,1.5724522018483809
4818,1.351708354828133
4819,0.8487616812878431
4820,1.078423847428089
4821,1.7593423113016673
4822,3.757034151232533
4823,1.7414591599904812
4824,0.8100172035714152
4825,2.1762890877194296
4826,0.538706514958843
4827,1.6247795468560087
4828,0.754095312204893
4829,0.941345175092968
4830,0.3886513553444792
4831,13.061224631708088
4832,2.4014662355190053
4833,0.0377689637490767
4834,4.81006086252156
4835,8.433050870810796
4836,1.7610777787961198
4837,1.683328456179372
4838,1.8649218985201004
4839,0.6434883762612837
4840,0.9607974420915268
4841,0.8784501860597728
4842,1.2846623293017325
4843,1.7342059210208511
4844,0.9618851584662267
4845,0.5403010004606511
4846,0.741223004060968
4847,0.6442333067384138
4848,0.5359294082651673
4849,2.763456890767848
4850,1.155906230767207
4851,0.41713207008391123
4852,2.2787158172961015
4853,1.8141776323376284
4854,2.2985670592409226
4855,0.9648746734442967
4856,0.9585101593703882
4857,0.47827552012821317
4858,1.556878974173051
4859,0.0348159100089609
4860,2.036467969384902
4861,1.2623974784101926
4862,0.7419011063242609
4863,0.3459038019131162
4864,0.6152972464807323
4865,0.9045865306486398
4866,3.010751326645961
4867,0.2612660290201704
4868,0.5714832433043746
4869,0.39987508801734506
4870,1.7808317397337445
4871,1.333982777608285
4872,4.661502214392899
4873,4.1695415814010515
4874,4.985730134354795
4875,1.6701341953046072
4876,1.12433878758064
4877,0.3776479050875462
4878,1.025181041142766
4879,9.649761805079612
4880,3.4217904128862333
4881,2.6773945103707195
4882,0.6511979377200077
4883,2.3306006629598963
4884,0.5669458400525411
4885,5.414755461393506
4886,1.2939703128244155
4887,1.4359466286167968
4888,1.0058854717851569
4889,24.13366416541143
4890,3.747686697715533
4891,0.0459932116958977
4892,3.544966583827181
4893,5.10616135575329
4894,1.900901394702968
4895,2.9428181286835433
4896,4.689464934549486
4897,1.298132912815019
4898,0.05648802850450495
4899,1.3583808044615253
4900,0.10878799663752806
4901,3.1122705748086794
4902,2.0334811230375687
4903,0.15850445029471086
4904,2.280339361414152
4905,0.7164385912660904
4906,3.724249858952259
4907,4.037083640880128
4908,0.45126282179017596
4909,0.7237602698613192
4910,5.741172574352078
4911,2.4675389572807553
4912,2.7224829160310415
4913,3.0621220512962486
4914,2.09683986280863
4915,1.7388340923565506
4916,2.2286047680919205
4917,0.9548208213623481
4918,1.4204617160241915
4919,0.9710980852457959
4920,1.2254785630015763
4921,0.5930376770384544
4922,0.8152613635008854
4923,1.7513801350487452
4924,4.928117105831619
4925,0.24797569689198015
4926,1.338564718144259
4927,1.2416122775041643
4928,3.2428206832996374
4929,0.0424452937361604
4930,8.281028194328952
4931,2.1890494150121054
4932,1.1272974109116651
4933,1.4343764376655646
4934,1.8431549638550146
4935,0.8279660524473953
4936,1.0633641772941274
4937,2.7182326420121066
4938,2.686328123307765
4939,1.9405778089462158
4940,2.448095455559357
4941,2.4515678460056742
4942,0.5083313505191773
4943,0.8050435831189128
4944,1.9027141531190488
4945,0.8780769008190383
4946,0.2209513431712321
4947,19.679128589199614
4948,5.838968785968631
4949,0.0259853576033418
4950,4.835702574676941
4951,2.3021673207882696
4952,2.1898510669112694
4953,1.7343627608555767
4954,2.431621248235891
4955,1.1777110333077385
4956,0.7944644158135129
4957,1.3185051914206145
4958,0.6929713292914769
4959,2.1066142846019447
4960,2.0793488985798243
4961,0.7460136967798627
4962,0.9887306578619308
4963,0.25137186535719236
4964,0.8121510768792686
4965,0.7193952538438382
4966,0.3240325948110312
4967,0.859345111488184
4968,1.6724664956964101
4969,0.9253328479688792
4970,1.2810776122154337
4971,1.8199433129109885
4972,0.5860267830242203
4973,0.21720959369880088
4974,0.7565241315032556
4975,0.20693893372899239
4976,1.4414452617506976
4977,0.8092954066870435
4978,0.41655236726719147
4979,0.6713990418661968
4980,2.0414242200693127
4981,0.5233211856438065
4982,5.081885528068966
4983,3.9926354307807403
4984,0.5905818946296855
4985,0.6035354822817676
4986,4.3464317724606145
4987,0.22750037155114555
4988,10.498229857229324
4989,4.167894333608314
4990,1.1442585254119413
4991,1.1468238191097433
4992,0.611543044723891
4993,0.35536975009228966
4994,0.9664654406464545
4995,2.9627256619745554
4996,2.1964107560598314
4997,2.8832558427918737
4998,2.068581721938931
4999,0.5010631999627985
5000,2.5364874015741563
5001,0.6097359130786209
5002,0.7225360349612266
5003,1.0692763533918106
5004,1.1076195857640798
5005,13.417700669948168
5006,5.41157802277713
5007,0.05583389598204195
5008,2.3949971040726346
5009,1.4786655667423592
5010,3.311382271355164
5011,2.0707667353743324
5012,0.08381294368176805
5013,0.5731731631564569
5014,2.6449588797026546
5015,0.7174218974406605
5016,1.270291623038504
5017,1.0569188603573656
5018,2.6737411225122063
5019,1.700821661675445
5020,0.7735024674584099
5021,0.7535381257632712
5022,1.2969723197864582
5023,3.3470707639936026
5024,0.8309501887769504
5025,1.97998345617594
5026,2.1108984142337492
5027,2.385961905956748
5028,2.505991724936483
5029,1.3179825727456504
5030,0.06421090064247074
5031,0.866704826287144
5032,1.7316431577894704
5033,0.0411081350654611
5034,0.6798561913473289
5035,0.07902610398986155
5036,1.106182270353112
5037,0.8001627410410102
5038,0.82151960309886
5039,2.6614281876187427
5040,3.0339772063612758
5041,1.2714080903532956
5042,3.319341923233721
5043,0.8057069227101145
5044,2.8833908605231247
5045,1.617579686912618
5046,2.636936111507044
5047,1.7771994751585245
5048,1.8339685722023806
5049,0.24721663913392045
5050,0.35563469723972935
5051,0.05791597703159975
5052,0.3772904395267189
5053,0.8687544058184336
5054,1.259794122232695
5055,0.9528307482697045
5056,0.9247045769342057
5057,0.8292439216789776
5058,0.7466961278236834
5059,0.4033922552608728
5060,0.412139352729953
5061,0.17779918291828584
5062,0.30540655242551185
5063,3.523940037505622
5064,1.748950121620771
5065,0.04660393771512685
5066,1.169441802792968
5067,1.3437705011392835
5068,1.4626465650499254
5069,1.6607876305367317
5070,0.05813914380911435
5071,0.2005059882124472
5072,1.2583968189129735
5073,0.42012149484659633
5074,0.34745926783329373
5075,3.272555323184316
5076,1.0867076664651667
5077,1.0946836093515984
5078,0.5503301448020217
5079,0.29563093444238797
5080,0.05183458685898655
5081,1.2768034808014717
5082,0.28345700123294126
5083,0.18325190532898505
5084,1.8765493299823288
5085,1.7345623575834854
5086,2.662576001523124
5087,0.8173179031345135
5088,0.42465620079249866
5089,0.686076184886689
5090,0.7093385347083584
5091,0.0586824513190519
5092,0.7196774696096336
5093,0.5108947564475709
5094,0.5794216170919168
5095,0.5757359670406064
5096,0.229002452143492
5097,1.0618461077966426
5098,2.231196327713077
5099,0.4590427998612864
5100,0.8232251096730747
5101,0.546764480411736
5102,1.0307855295003483
5103,0.39470351510102286
5104,2.839198410913007
5105,4.180324355854292
5106,2.3966609036041913
5107,0.557319050770651
5108,2.0473939404185213
5109,2.1539166277800508
5110,0.8330722150189533
5111,5.424662915944985
5112,2.1134560445684536
5113,2.348643988147365
5114,1.0798173024966609
5115,1.0544586275822359
5116,3.0354450371616837
5117,0.2257318257466249
5118,0.8361459266376869
5119,0.26036299769435356
5120,1.9029443449644488
5121,19.563519659262447
5122,2.5001653860861657
5123,0.02278937936783395
5124,4.098715400017008
5125,1.405815702568157
5126,4.267306775849736
5127,0.7434471708705273
5128,0.8171987087402457
5129,1.1611994824269907
5130,1.2394701699440493
5131,0.2885496084425728
5132,0.3564090897248009
5133,2.34252633579405
5134,4.4671777213765
5135,0.43240127486803986
5136,0.34356257237437154
5137,0.2611387063486392
5138,1.8379144568691927
5139,0.882251510128977
5140,0.5021442316597768
5141,0.47416175346395206
5142,3.8373724146426174
5143,1.9423460867150655
5144,1.6370106548931034
5145,1.9055008961489497
5146,1.1571147620753859
5147,0.3889883398608136
5148,0.7204388861302969
5149,0.0355281203690169
5150,0.33950687444325534
5151,0.5496441602580301
5152,0.5963303444697787
5153,1.2869563609217018
5154,0.3537002028744599
5155,0.4123486493117492
5156,2.9747819280033054
5157,2.569160222573648
5158,0.35996632003533247
5159,0.4773838091508307
5160,4.56259707029265
5161,0.2850596317821536
5162,3.160207451391011
5163,1.4739887404899625
5164,0.8718894507838924
5165,0.620261640659598
5166,0.9982335521510328
5167,0.9878750538753006
5168,0.7553503714676415
5169,4.772255779790453
5170,1.858285162239032
5171,1.8423335612750695
5172,1.1256926747096276
5173,1.8306763436928821
5174,0.30539376917672056
5175,0.30202989635161637
5176,0.6341609028195555
5177,0.26174146936878095
5178,0.3638086805712067
5179,12.201917180119672
5180,2.971535770266361
5181,0.0288490516750981
5182,3.166838255436584
5183,3.6759952428525953
5184,1.2973068486475077
5185,1.5986310422775813
5186,1.8490886355292
5187,0.9162244511031374
5188,0.8228488385531532
5189,0.6534565597184954
5190,0.2598172377019953
5191,1.8390408734806187
5192,2.080817292558094
5193,0.9901044515001696
5194,0.2955126117063316
5195,0.0739622009714802
5196,0.9996827744766771
5197,1.1232348958840344
5198,0.469481615362599
5199,1.5283062700876573
5200,5.086156195058603
5201,1.4558951537652174
5202,1.6612853924455697
5203,1.07509583101862
5204,0.0402624574303387
5205,0.4822034441266462
5206,0.7176945952592206
5207,2.0624777690216693
5208,0.5254869291768021
5209,0.25952212366510014
5210,0.497270066138092
5211,0.0685151871004829
5212,0.2865617123745
5213,0.20628706261138915
5214,2.7916002289179636
5215,2.6222212155076754
5216,0.7229397285273431
5217,0.286074891819432
5218,0.8661097960341504
5219,0.6853584920037805
5220,5.946504205808846
5221,3.3510503382095527
5222,1.3899050018942827
5223,0.4559785737019239
5224,0.919207050351539
5225,0.2467256428875706
5226,0.4890078532470215
5227,1.9307424647559244
5228,1.975046507412598
5229,0.3722172270281156
5230,1.3256378658041013
5231,0.9720529969581353
5232,1.4340492718328546
5233,0.6525259768800216
5234,0.5031458540483191
5235,0.19475334679152495
5236,0.2609251027474154
5237,2.737793440347948
5238,2.9874455858764706
5239,0.06118006299422805
5240,2.4583715682536442
5241,1.288123412353385
5242,1.6038711012758968
5243,1.6348333152246242
5244,0.9535056115783467
5245,0.720286581533379
5246,1.1778010170783582
5247,0.499723218947627
5248,0.6743241285096595
5249,0.8971258792116218
5250,1.9831940010748268
5251,1.543701685713192
5252,0.5553484820062164
5253,0.5021006770970057
5254,1.0158566814969878
5255,2.1046752373218363
5256,1.581677430358952
5257,0.6192109191639276
5258,1.1784822710348788
5259,2.5676944024383466
5260,1.8498119686763204
5261,0.9489130416508114
5262,0.5426378023961739
5263,0.5642318679140264
5264,1.5759718798085218
5265,0.04434947607120175
5266,0.697355644592389
5267,0.7671492400007789
5268,0.7572545672111874
5269,1.0508976405823671
5270,0.31601843593611345
5271,1.1477354500015793
5272,1.870543993937335
5273,0.6342874725630462
5274,1.0904635289277695
5275,0.660840764387669
5276,1.5118700295590726
5277,1.6571684218019223
5278,6.548647129881581
5279,2.093649356242671
5280,1.0063489628868167
5281,0.7079115665279501
5282,0.42742281765373213
5283,0.5189887630684209
5284,1.3956772522643366
5285,2.0980454378785405
5286,2.081805292779375
5287,1.0011784138343935
5288,1.0825783768185608
5289,2.124551845659799
5290,0.3092159350610947
5291,0.9764858157634356
5292,0.3046815470895311
5293,0.5758590466901883
5294,0.29184751313094665
5295,9.297112711774261
5296,2.987119743128969
5297,0.0396838969361754
5298,2.3397365915343733
5299,2.284605501786541
5300,0.9306653920938905
5301,2.314408746188484
5302,0.9466316383508243
5303,0.565644206022508
5304,0.2653695679411284
5305,0.7774841432965542
5306,1.1391702721859005
5307,4.719433911023973
5308,0.4134388257164753
5309,0.9837959254577375
5310,1.1393986224662536
5311,0.9668626940878831
5312,0.21805484708847234
5313,0.33313442780354174
5314,0.0426673910492606
5315,0.4527784221262736
5316,1.2754603938793683
5317,1.4298593360063054
5318,0.5960478408355153
5319,0.4167088780305792
5320,0.5588565873894038
5321,0.7783477100949991
5322,0.7930677342870018
5323,0.03610709943838995
5324,1.3081660284613366
5325,0.3505858747171779
5326,0.6100579827714031
5327,0.1827636892965822
5328,0.04796415929659455
5329,0.941351092844348
5330,2.960678181749266
5331,0.1400712330225675
5332,0.4837116475321259
5333,0.9921938760371352
5334,0.9521552709518447
5335,0.5456611055561467
5336,7.0175185432502065
5337,1.9979886747039612
5338,1.9926398595681738
5339,1.9034941221209087
5340,1.4547719053897104
5341,0.7397436241481061
5342,0.5664802476740645
5343,2.3652426387170133
5344,1.611344769068919
5345,1.855985467559469
5346,1.012683456465648
5347,1.7417159470914423
5348,0.33691690755117787
5349,0.6314338836269656
5350,0.8194504580117861
5351,0.8123364571411911
5352,0.36790836691868734
5353,15.680827421740846
5354,3.441591698051784
5355,0.0553040844901128
5356,4.9048563384199495
5357,6.001229354839465
5358,1.968785100967738
5359,1.700080269239383
5360,2.298588442649617
5361,1.3061110827159812
5362,0.6205981131263877
5363,1.1549751184727377
5364,1.1589586470292113
5365,2.244981212592039
5366,1.0327974780746545
5367,1.2697638341210529
5368,1.0243613233195732
5369,0.9999330735064673
5370,0.7562076455195673
5371,1.2443155739044105
5372,1.0293043793385572
5373,0.35812279997561847
5374,2.0681184003315822
5375,2.636391574836403
5376,2.345942618588971
5377,1.0757176333493403
5378,0.7244589796667258
5379,1.1832170197996472
5380,1.566482460393229
5381,0.4821752983880102
5382,0.834178467892221
5383,0.8797273238011691
5384,0.7109255162357392
5385,0.49567280744680586
5386,1.5456955285763465
5387,0.7223886840478344
5388,2.812314237025057
5389,0.4988338876469397
5390,1.8708653004116373
5391,1.2689649621778667
5392,4.046509117127663
5393,0.9290663170787214
5394,7.563651184868394
5395,4.068891381965703
5396,2.2377753031017047
5397,1.515280863074639
5398,1.2797662249379511
5399,0.7878701896627487
5400,1.0736308493467877
5401,1.7398581439576812
5402,3.7497585429255134
5403,1.6359015900834022
5404,0.8264411534186378
5405,2.207955732084482
5406,0.5320551418456744
5407,1.6171124448703025
5408,0.746428210219187
5409,0.9115428348118264
5410,0.3865789069713058
5411,13.149774345786692
5412,2.6229165454902397
5413,0.0405428385260734
5414,4.739697080059926
5415,8.485081324949626
5416,1.6884057650168751
5417,1.4665449321245765
5418,1.836830313623723
5419,0.663588655231527
5420,0.9615820231803183
5421,0.7918543301278202
5422,1.1799836284923841
5423,1.8870469201787008
5424,0.9583723753194962
5425,0.6022020030947542
5426,0.7363058633747299
5427,0.6286398352589326
5428,0.5806419318072793
5429,2.764374257368185
5430,1.2471799478421337
5431,0.4234213411043597
5432,2.3682318597880485
5433,1.822505461507201
5434,2.141175305650954
5435,0.8982763053890723
5436,0.9963907696842973
5437,0.511115036419947
5438,1.5602596882489355
5439,0.04091215074551575
5440,2.0478003318745563
5441,1.2544556432229914
5442,0.7843187807448806
5443,0.3398346093140227
5444,0.6131684414970227
5445,0.9279462389120747
5446,3.009000624268647
5447,0.26016265416458106
5448,0.4527216455945756
5449,0.3977462830336356
5450,1.6485999276731251
5451,1.3318539726245757
5452,4.6050006401736745
5453,4.098079576107395
5454,5.07510935464522
5455,1.6445166730918
5456,1.1136993722204167
5457,0.39755648533242127
5458,1.0328532338529615
5459,9.43990237096466
5460,3.3772919563002626
5461,2.649444127665925
5462,0.5515744113813639
5463,2.192480588909576
5464,0.5404697178434859
5465,6.941399282553601
5466,1.2863032108387096
5467,1.3257842742197536
5468,0.9745076757153277
5469,25.172810528394287
5470,3.3540423316312795
5471,0.0459932116958977
5472,3.5437485028574454
5473,4.790874042892607
5474,1.900901394702968
5475,2.6042898999401247
5476,4.73626264428678
5477,1.3178769612006285
5478,0.05813914380911435
5479,1.353587806380224
5480,0.07697081225302276
5481,3.2232818397720715
5482,2.005663863107997
5483,0.15850445029471086
5484,2.215305551009716
5485,0.43315948084348826
5486,3.8839092939599404
5487,3.672523884418145
5488,0.4725151986637871
5489,0.7199363452976018
5490,5.411265359452722
5491,2.3753930843223805
5492,2.7193636981322977
5493,3.088616014289526
5494,2.100346483631601
5495,1.7386388374132447
5496,2.4214086615966304
5497,0.9198464796368724
5498,1.376818072671693
5499,0.9126457081361097
5500,1.1925746307709888
5501,0.5670554317120654
5502,0.864001565601551
5503,1.73835997098992
5504,4.77553830321461
5505,0.24687232203639078
5506,1.355711655921486
5507,1.2195610393641574
5508,3.2001619270634762
5509,0.0424452937361604
5510,8.209939726552907
5511,1.9344568160550075
5512,1.1883101174517696
5513,1.4805404041049068
5514,1.8305589234024957
5515,0.8290194716450161
5516,1.008238795230962
5517,2.710383689622561
5518,2.4840404420831286
5519,1.6731382453997958
5520,2.4183603358209242
5521,2.4602025284316227
5522,0.5172158493641339
5523,0.8161855998628212
5524,1.8908633329065303
5525,0.7910163929650994
5526,0.21887889479805875
5527,20.313550716601746
5528,5.838968785968631
5529,0.02241549115003395
5530,5.107309538369845
5531,2.2889818547752574
5532,2.186438020008083
5533,1.7113766412718718
5534,2.4197300190131408
5535,1.1835586725195848
5536,0.8109915069146919
5537,1.3151426281054144
5538,0.6621604564198519
5539,2.258680004957686
5540,2.101874679533648
5541,0.7432152023442655
5542,1.0984251078585965
5543,0.2267875363300365
5544,0.7739198933289289
5545,0.7112583473876847
5546,0.3698715083029521
5547,0.8650431942553287
5548,1.7013742923975554
5549,0.9053198603231598
5550,1.2915611445687978
5551,1.8520875341955212
5552,0.5880624663962255
5553,0.21965971345508659
5554,0.6895444984934823
5555,0.20583555887340305
5556,1.4959678713823545
5557,0.7663510655713974
5558,0.500014061890283
5559,0.655871426408486
5560,2.0392954150856033
5561,0.5340856113586439
5562,5.187567875973643
5563,3.7929816856514336
5564,0.589478519774096
5565,0.601406677298058
5566,4.339733743992492
5567,0.22639699669555619
5568,10.507807443797642
5569,3.925458047494935
5570,1.1574126981473634
5571,1.1049577423549173
5572,0.6413100874847171
5573,0.3334227648516061
5574,0.9753000483653724
5575,2.716569641454541
5576,2.129673259529741
5577,2.9813255131267447
5578,1.9942252422960625
5579,0.5000377698346783
5580,2.491013698750184
5581,0.6030942412210349
5582,0.7073759676178846
5583,1.0469804480767513
5584,1.1073599419738376
5585,14.70829484110518
5586,5.3112065289789765
5587,0.0516470457792743
5588,2.3772229757199845
5589,1.5326731297500333
5590,3.2473533804103236
5591,2.1086098739571737
5592,0.08136328994145155
5593,0.5938683043671629
5594,2.6382587754147293
5595,0.7143240189393671
5596,1.2267979830235662
5597,1.3895156257417873
5598,2.592260883951982
5599,1.6575840074110035
5600,0.7705206032133116
5601,0.7064415380004552
5602,1.31719165256938
5603,3.4187340177880454
5604,0.898005717648183
5605,2.092939309650288
5606,2.1124708027556287
5607,2.302806188099003
5608,2.546711974110301
5609,1.3054845206215566
5610,0.0631176845199501
5611,0.8425428395707042
5612,1.7171545990246202
5613,0.04697582643908135
5614,0.687638558247516
5615,0.07902610398986155
5616,1.1839330941934139
5617,0.8179969297422494
5618,0.8193907981151505
5619,2.6711671832054598
5620,2.894997916423683
5621,1.1086052843672083
5622,3.3267446908504983
5623,0.803578117726405
5624,2.6924982421256045
5625,1.6154508819289086
5626,2.693934409949465
5627,1.7825957531999383
5628,1.8327504912326449
5629,0.27756214251269135
5630,0.3793683519562867
5631,0.06811765669806935
5632,0.3654392045096704
5633,0.843163123447938
5634,1.2518158788300024
5635,0.9152006889386826
5636,0.8883830611038217
5637,0.7348302694558858
5638,0.7561622964163364
5639,0.3236820554301222
5640,0.3754702111791688
5641,0.1824350376468869
5642,0.2941322578512682
5643,3.3771153620575567
5644,1.6864265142013783
5645,0.032889968560019
5646,1.2553697548464684
5647,1.3060996657879635
5648,1.5141278988529185
5649,1.625939035924438
5650,0.07844663049414415
5651,0.2091346499419648
5652,1.1414570912058268
5653,0.38309618669558887
5654,0.35770512860475845
5655,3.226129962831457
5656,1.0828837419014494
5657,0.9771686817258383
5658,0.5468123105195846
5659,0.29452755958679866
5660,0.05183458685898655
5661,1.3172645028148149
5662,0.2973417882318399
5663,0.1821485304733957
5664,1.8774178754414619
5665,1.7681092767610322
5666,2.7037008180920195
5667,0.8364627751460374
5668,0.4368254605564441
5669,0.6891600939647347
5670,0.7134721432292044
5671,0.0440093907753422
5672,0.719923143976628
5673,0.4853800148471643
5674,0.5660128559482853
5675,0.6204484905827183
5676,0.2278990772879026
5677,1.0533951672222297
5678,2.5219062091292903
5679,0.45337020152128454
5680,0.8403720474503014
5681,0.5125736990789
5682,1.0240875010322266
5683,0.39360014024543355
5684,2.900851802946676
5685,4.137145891001685
5686,2.3930560758523294
5687,0.5449295867375449
5688,2.0539179102178546
5689,2.050424347083741
5690,0.7753620553199598
5691,5.061298467124562
5692,2.2610145516054554
5693,2.3062559138583936
5694,1.1296997739248673
5695,1.0496484927000473
5696,2.9719904612308667
5697,0.21321473333256435
5698,0.8063047431859223
5699,0.2604345186468877
5700,1.9013815603905546
5701,19.773995097127155
5702,2.4718619699650834
5703,0.02278937936783395
5704,4.116226422470156
5705,1.7117054514461079
5706,4.329511823412343
5707,0.7245214840557712
5708,0.8242422979554542
5709,1.1196675152407911
5710,1.1386131620381457
5711,0.2437919293005288
5712,0.350590599156932
5713,2.1707323393607467
5714,4.618585871456645
5715,0.42887682409994915
5716,0.34089641294488804
5717,0.2611387063486392
5718,1.8979469372586169
5719,1.0063993728073373
5720,0.43005445211000387
5721,0.47305837860836264
5722,3.8394682494131382
5723,1.9475069157670903
5724,1.6612545988512313
5725,1.905305641205644
5726,1.1517280529377745
5727,0.38788496500522424
5728,0.6765740320327229
5729,0.035195352882016
5730,0.3754160957875998
5731,0.5475153552743206
5732,0.6297343052372035
5733,1.2831324363579846
5734,0.37078676418000056
5735,0.42311307502658657
5736,2.758598263694564
5737,2.469134040819442
5738,0.3781386879406793
5739,0.5454053215093317
5740,4.555899041824528
5741,0.28395625692656423
5742,2.589668904785009
5743,1.701374574463461
5744,0.8134875490429336
5745,0.6416243726050499
5746,0.9498340081840861
5747,0.9244342239397614
5748,0.8047374140563219
5749,4.864547682242959
5750,1.845144164726039
5751,1.7976470940808889
5752,1.1041882229552575
5753,1.8219397449452102
5754,0.30943762431731114
5755,0.30639824470372234
5756,0.6237731887672742
5757,0.24892901904685005
5758,0.29862868172248186
5759,12.772339772398166
5760,3.0564643072591844
5761,0.0288490516750981
5762,3.170919387086128
5763,3.695557401095264
5764,1.4738762418426887
5765,1.548232372279158
5766,1.8688730038636379
5767,0.8741702168943378
5768,0.7434209788659982
5769,0.5862070942567866
5770,0.25502417726224663
5771,1.631688659915806
5772,2.1377191657594996
5773,0.9974858608436099
5774,0.29440923685074216
5775,0.0739622009714802
5776,0.9867691741694014
5777,1.1254194733957754
5778,0.4843714248346725
5779,1.5077785193761666
5780,4.973792600513749
5781,1.4985366817439625
5782,1.6574614678818524
5783,1.0763167593630123
5784,0.0402624574303387
5785,0.4612255324035467
5786,0.7460902366759891
5787,2.012672841961862
5788,0.5295549514765168
5789,0.25841874880951077
5790,0.4808464188578886
5791,0.06818241961348205
5792,0.2854583375189107
5793,0.2170514883262266
5794,2.6582740536957123
5795,2.6438882193397473
5796,0.7208109235436335
5797,0.28497151696384265
5798,0.8263243610887816
5799,0.6832296870200709
5800,5.96792342860971
5801,3.4240946255358207
5802,1.428716441984252
5803,0.4192401705856314
5804,0.9753400123873908
5805,0.2555683454029344
5806,0.5294338709612652
5807,1.8716800442404877
5808,1.8459217885986416
5809,0.3722172270281156
5810,1.5016629262926986
5811,0.8679650983909873
5812,1.3577406375681143
5813,0.6794796290905761
5814,0.4878502419208043
5815,0.20087457224251384
5816,0.32627785889989575
5817,2.7569514637277734
5818,2.9910231683235082
5819,0.0553040844901128
5820,2.7106166145577566
5821,1.3213771756127197
5822,1.6523859772843492
5823,1.6719292540581996
5824,0.9115861913373158
5825,0.6907972887697262
5826,1.097020093248251
5827,0.5117632998597487
5828,0.6640742759657519
5829,0.8831216858576376
5830,2.207263311910498
5831,1.298406486974867
5832,0.5080430050273412
5833,0.49854718248513064
5834,1.107270798986434
5835,2.2102433665904826
5836,1.6603504306012857
5837,0.6244236332256827
5838,1.2456510006598935
5839,2.6930996640488942
5840,1.952720000473878
5841,1.0352757459167967
5842,0.6450225745662801
5843,0.5293605301299746
5844,1.6344362510985087
5845,0.04434947607120175
5846,0.7269916294772747
5847,0.7425908681537899
5848,0.8089621168982277
5849,1.116202359795201
5850,0.2978284997749834
5851,1.1659253861627095
5852,1.7868902454938316
5853,0.6342874725630462
5854,1.0711877861668333
5855,0.660840764387669
5856,1.5118700295590726
5857,1.7772525359804836
5858,6.789080501574636
5859,2.4102552840809834
5860,1.0420597758398646
5861,0.7571808554259007
5862,0.42742281765373213
5863,0.5189887630684209
5864,1.4772617886431352
5865,2.100806181419545
5866,2.065882062970119
5867,0.9464394738103723
5868,0.9960854058216524
5869,2.1412105764739167
5870,0.29157835211340977
5871,0.9902226012327939
5872,0.3046815470895311
5873,0.5563012613935991
5874,0.29184751313094665
5875,9.586754541185831
5876,3.1742811963844284
5877,0.03623112886671425
5878,2.5214340823811345
5879,2.1950169874360084
5880,0.9716510270686078
5881,2.6627364750710543
5882,0.900750331134889
5883,0.5335144206090854
5884,0.2653695679411284
5885,0.7528460197201553
5886,1.1391702721859005
5887,4.871961251698742
5888,0.4134388257164753
5889,1.2095330126439163
5890,1.1899137547746252
5891,1.242244491666968
5892,0.21805484708847234
5893,0.3621887517503913
5894,0.0426673910492606
5895,0.4527784221262736
5896,1.187005040930936
5897,1.4746509327203194
5898,0.6165323994946393
5899,0.3451167972630228
5900,0.5894526204288819
5901,0.6809736525763664
5902,0.8235072200671709
5903,0.0377582147429994
5904,1.3013193478566754
5905,0.48996330523139725
5906,0.6975824722228214
5907,0.1827636892965822
5908,0.04796415929659455
5909,0.9595410290054781
5910,2.8273177270396923
5911,0.1400712330225675
5912,0.5029873902930622
5913,1.1897064056970392
5914,0.9852426774290914
5915,0.5125736990789
5916,7.226160536385615
5917,1.9979886747039612
5918,2.1776689095066866
5919,1.9797481604576144
5920,1.4715803029360788
5921,0.8092018333751854
5922,0.6215163444054139
5923,2.3703774195162968
5924,1.765399892300389
5925,1.977804774748345
5926,1.0415209707986475
5927,1.6760189593894688
5928,0.340470402163053
5929,0.6515813906846131
5930,0.8000643256708081
5931,0.7275530635756455
5932,0.37119455722046113
5933,16.867786613178602
5934,3.6442755964028235
5935,0.0553040844901128
5936,5.176295763269357
5937,5.891146227777535
5938,2.0201884892450463
5939,1.7055758624609698
5940,2.3080047123555465
5941,1.3061110827159812
5942,0.6377964556243867
5943,1.1279693000537363
5944,1.1197649388616633
5945,2.062149313192067
5946,1.0583884426122725
5947,1.3740339134637232
5948,1.1540158608377358
5949,0.9313927513886702
5950,0.7525631992060303
5951,1.1380416892624883
5952,0.9137304915639421
5953,0.36909784957263037
5954,2.212230682703365
5955,2.613948922274766
5956,2.3373907933639875
5957,1.051812726107829
5958,0.7947905193290901
5959,1.1681813165793624
5960,1.5220728911418615
5961,0.5164649563618207
5962,0.8632707682605374
5963,0.869483609280679
5964,0.7215255998093068
5965,0.4578221616708089
5966,1.5456955285763465
5967,0.7223886840478344
5968,2.678953782315484
5969,0.4988338876469397
5970,1.8515895576507013
5971,0.9803836971896742
5972,4.046509117127663
5973,0.8732085992218812
5974,7.617282269094607
5975,4.092213995270332
5976,2.1799747477972824
5977,1.6300683962063451
5978,1.3135221178911713
5979,0.8525573609383189
5980,1.0736308493467877
5981,1.7409406110741246
5982,3.6665284552674144
5983,1.6359015900834022
5984,0.7948436878730776
5985,2.1657527894593787
5986,0.5320551418456744
5987,1.6171124448703025
5988,0.7499817048310621
5989,0.9079893401999513
5990,0.3865789069713058
5991,13.561555591726668
5992,2.8093699785447845
5993,0.0377689637490767
5994,5.131458421498286
5995,8.94814705794887
5996,1.7512879502991197
5997,1.6272201574582188
5998,1.845959325109307
5999,0.6588509927954693
6000,0.9951850474413778
6001,0.8188891811805253
6002,1.2798693312204312
6003,1.772827649503414
6004,1.0109291974753962
6005,0.7629316455546298
6006,0.7373990794972506
6007,0.6421045017547042
6008,0.5593271553683219
6009,2.7807163505499535
6010,1.1231065831921734
6011,0.4407191143635062
6012,2.390127166157721
6013,1.8267331888325158
6014,2.2281705069125923
6015,0.8982763053890723
6016,0.9963907696842973
6017,0.48818679605662524
6018,1.5654501726699162
6019,0.0348159100089609
6020,2.0520323960889475
6021,1.3246077156041927
6022,0.8360746786851881
6023,0.3668975228460401
6024,0.6131684414970227
6025,0.9097563027509447
6026,3.0481338863562275
6027,0.26016265416458106
6028,0.4527216455945756
6029,0.3977462830336356
6030,1.6619705892487373
6031,1.3318539726245757
6032,4.506407534340603
6033,5.1793094881415715
6034,5.022725511046561
6035,1.7351902887801924
6036,1.1195457894993388
6037,0.42100464802099197
6038,1.0033446937377284
6039,9.249103091586793
6040,3.5272686176299755
6041,2.564544438254736
6042,0.6123774332563581
6043,2.336581524030204
6044,0.5533712503395564
6045,5.400924586074633
6046,1.2112272889929705
6047,1.3148941420636933
6048,0.9971678177195479
6049,25.80924223968781
6050,3.878729302546298
6051,0.0406662009237731
6052,3.7844549406931103
6053,4.824237554285261
6054,1.9100482719909795
6055,2.7758332633436513
6056,4.954551258704747
6057,1.3432822800552153
6058,0.05648802850450495
6059,1.3224879566412278
6060,0.07459143040287484
6061,3.21882045841474
6062,2.086564741053844
6063,0.1659519348877652
6064,2.3129549577451165
6065,0.4411639400114554
6066,3.7738297780817476
6067,4.041175389513334
6068,0.49847437054251953
6069,0.7033903263531345
6070,5.983644752429481
6071,2.3753930843223805
6072,3.039629231377016
6073,3.0485923022879597
6074,2.190993190170585
6075,1.7556438300300083
6076,2.4503211277621446
6077,0.9776144856182853
6078,1.376818072671693
6079,0.9367422143234916
6080,1.1720357395974506
6081,0.5670554317120654
6082,0.7949426223560457
6083,1.75654990715105
6084,4.785243019314006
6085,0.24687232203639078
6086,1.355711655921486
6087,1.5620662630326514
6088,3.4166935852316156
6089,0.0424452937361604
6090,8.04516519866231
6091,2.1704874212716625
6092,1.185565218012055
6093,1.6160090860169163
6094,1.959822079446508
6095,0.9178412503890083
6096,1.1135443655401986
6097,2.7867941642495415
6098,2.6765311793968953
6099,1.692566975474215
6100,2.5724328174307125
6101,2.440694777103581
6102,0.48230523165456196
6103,0.8612938602735367
6104,1.8722491346194265
6105,0.8166805167216826
6106,0.21887889479805875
6107,21.381408893360593
6108,5.994652765957232
6109,0.0514153776377211
6110,5.46122217935727
6111,2.3518102537189556
6112,2.188970124618881
6113,1.7825952825484803
6114,2.3877954239557306
6115,1.2907738077904223
6116,0.7950240985051057
6117,1.4173578101258686
6118,0.6758628900120311
6119,2.3961990044057777
6120,2.295247633836196
6121,0.814933279075509
6122,1.0791503862709018
6123,0.2267875363300365
6124,0.8550634991204589
6125,0.7206285362366829
6126,0.4268965247286361
6127,0.8918316052782254
6128,1.7914725882826281
6129,0.918634819500757
6130,1.2904786774523545
6131,1.8520875341955212
6132,0.6411863268560848
6133,0.2337438017908963
6134,0.802315898374214
6135,0.22826251748941426
6136,1.4400709909272968
6137,0.7841567056843686
6138,0.40925216512817786
6139,0.6692702368824872
6140,1.960704899239611
6141,0.5522755475197739
6142,5.153898531402761
6143,3.991769251903416
6144,0.6907368642099811
6145,0.601406677298058
6146,4.339733743992492
6147,0.22639699669555619
6148,10.455033901712158
6149,4.312134261344971
6150,1.1830112374984127
6151,1.1272493356687867
6152,0.6413100874847171
6153,0.43230262909660633
6154,1.0028436405157637
6155,2.7055710925084804
6156,2.1778096297730856
6157,2.9813255131267447
6158,2.0032788357838123
6159,0.5000377698346783
6160,2.542797841020543
6161,0.6030942412210349
6162,0.6895987520938717
6163,1.070491456782953
6164,1.1045217072627862
6165,16.58757124508601
6166,5.46641748900014
6167,0.05583389598204195
6168,2.746086140954021
6169,1.4846918869497854
6170,3.2880849426145122
6171,2.088460688536876
6172,0.0658992079124527
6173,0.5958740815533299
6174,2.6418610012013612
6175,0.7178775135512422
6176,1.2267979830235662
6177,1.032983613517739
6178,2.8470127040126036
6179,1.5865491004312746
6180,0.7413338463441194
6181,0.7453435474564178
6182,1.399828048862176
6183,3.3532488323864547
6184,0.8761881443554437
6185,2.022711813910892
6186,2.1163097664112147
6187,2.3407552532874396
6188,2.567481789884476
6189,1.3412671379841716
6190,0.0662319533215318
6191,0.8585102479802904
6192,1.7171545990246202
6193,0.0411081350654611
6194,0.6777273863636193
6195,0.07902610398986155
6196,1.1839330941934139
6197,0.8094176482743518
6198,0.8375807342762804
6199,2.680871899304855
6200,2.8699599857247753
6201,1.089329541606272
6202,3.443311746102361
6203,0.803578117726405
6204,2.8288975497634983
6205,1.6154508819289086
6206,3.107146210931294
6207,1.7761697381190338
6208,1.9887720259696886
6209,0.26854793287141066
6210,0.32689536856730894
6211,0.05791597703159975
6212,0.3716360317930947
6213,0.8126273795507847
6214,1.1504509211978293
6215,0.8939487691319784
6216,0.8467721399610113
6217,0.7139583150320767
6218,0.7276599379487019
6219,0.38859302489565806
6220,0.3754702111791688
6221,0.17572673454511245
6222,0.3033341040523385
6223,3.457085528466557
6224,1.7619768280399999
6225,0.032889968560019
6226,1.3790525458245204
6227,1.6929651693142844
6228,1.534730064555359
6229,1.5481655314482559
6230,0.0669918252737313
6231,0.18625819988665115
6232,1.2536038208316722
6233,0.3866496813074639
6234,0.36748391524863366
6235,6.109590000411816
6236,1.0665974012630217
6237,1.090859684787881
6238,0.5419477291273018
6239,0.29808105419867376
6240,0.06000633522861925
6241,1.2056289166766962
6242,0.26448415598710484
6243,0.2011751427198082
6244,1.8807186685322697
6245,1.7898871804730123
6246,2.776127145545663
6247,0.7966924822933218
6248,0.4119639616153484
6249,0.6839473799029795
6250,0.7280158016398763
6251,0.0449513602177655
6252,0.7147104299148728
6253,0.4533701499958041
6254,0.6084330744987411
6255,0.6090936345045445
6256,0.2278990772879026
6257,1.0533951672222297
6258,2.2389484684359244
6259,0.45337020152128454
6260,0.8403720474503014
6261,0.5125736990789
6262,1.0240875010322266
6263,0.39360014024543355
6264,2.8142947668110887
6265,4.218687144497245
6266,2.3393163853902914
6267,0.5648993706767834
6268,2.059306808175366
6269,2.039979423386287
6270,0.895795535273096
6271,5.526027195250912
6272,2.0798645631536132
6273,2.2706345444646496
6274,1.053411951916204
6275,0.9915898365752573
6276,3.109199279938154
6277,0.21321473333256435
6278,0.7475428314289299
6279,0.2541576141229759
6280,1.9197230368236582
6281,19.962947541918602
6282,2.528223942784067
6283,0.02278937936783395
6284,4.616006158799484
6285,2.241146662774137
6286,4.430212073433478
6287,0.7871502000721003
6288,0.8242422979554542
6289,1.1686771106539935
6290,1.2464116792263842
6291,0.2437919293005288
6292,0.350590599156932
6293,2.461018195695999
6294,4.686748060766993
6295,0.4206938088928906
6296,0.34586223068839217
6297,0.2611387063486392
6298,1.872279161105824
6299,0.9350022679970387
6300,0.4406872763732433
6301,0.47305837860836264
6302,3.766619370467707
6303,2.084864661679955
6304,1.749832212627706
6305,1.9464259082509343
6306,1.2594752494145305
6307,0.39143845961709933
6308,0.7012182519305641
6309,0.0355281203690169
6310,0.3852418249484941
6311,0.5475153552743206
6312,0.6934647926836952
6313,1.3363899141229778
6314,0.37078676418000056
6315,0.42311307502658657
6316,3.0220429438763867
6317,2.469134040819442
6318,0.3588629451797431
6319,0.4762804342952413
6320,4.513588199384136
6321,0.28395625692656423
6322,2.973147366239598
6323,1.5280185034361962
6324,0.8418534177965089
6325,0.6416243726050499
6326,0.990719942003156
6327,0.9039724733435617
6328,0.8047374140563219
6329,4.7890835603182795
6330,1.8825344643931037
6331,1.833516235949419
6332,1.1041882229552575
6333,1.899012844541843
6334,0.27598118170573493
6335,0.2891141178155801
6336,0.6237731887672742
6337,0.24537552443497498
6338,0.359015620131458
6339,13.963419607204326
6340,3.086334737811583
6341,0.0288490516750981
6342,3.3457533933942183
6343,3.624934652231752
6344,1.4956541455546688
6345,1.6607347658495084
6346,1.7736492669935258
6347,0.8419331874959171
6348,0.8153352284052765
6349,0.6199250747802949
6350,0.25502417726224663
6351,1.769920877121626
6352,2.2501407513982508
6353,1.156895430770055
6354,0.2979627314626173
6355,0.0739622009714802
6356,0.9994875195333711
6357,1.2359344931384597
6358,0.3837422789563051
6359,1.568180889611977
6360,5.229220632249293
6361,1.4567064570878705
6362,1.6684629468471526
6363,1.0763167593630123
6364,0.04388141521911345
6365,0.4612255324035467
6366,0.7460902366759891
6367,2.062781708667466
6368,0.5295549514765168
6369,0.2619722434213858
6370,0.552415634979506
6371,0.06818241961348205
6372,0.2854583375189107
6373,0.2170514883262266
6374,2.975302538530972
6375,2.752210743350413
6376,0.7208109235436335
6377,0.28497151696384265
6378,0.8263243610887816
6379,0.6832296870200709
6380,6.919801603165744
6381,3.6180251665408987
6382,1.6598172106151332
6383,0.42137782552252284
6384,0.8893990831210545
6385,0.24745873931725615
6386,0.5587162144398241
6387,1.8927903980202638
6388,1.8972266804809088
6389,0.3725451623482317
6390,1.546386671145823
6391,0.9707572628236245
6392,1.4731132569164012
6393,0.7056158419115091
6394,0.48858333835048984
6395,0.20160766867219945
6396,0.34603174179736074
6397,3.0536639206588214
6398,3.243943764270525
6399,0.06118006299422805
6400,2.9291800095753997
6401,1.7044229123568997
6402,1.7402436749645456
6403,1.7417223771748271
6404,1.0480262188999312
6405,0.6783158748273674
6406,1.1698238996977106
6407,0.5279350931347457
6408,0.8022135248387275
6409,1.2070971868566702
6410,2.4497761296765974
6411,1.372206818632209
6412,0.5273564967480052
6413,0.5181293856542062
6414,1.0179027343698197
6415,2.2199079908191535
6416,1.5319450197397941
6417,0.6724984383155466
6418,1.3297879300353443
6419,2.8125478345896093
6420,1.9985362927483887
6421,1.0170027580471297
6422,0.6466431691308306
6423,0.5873932364334407
6424,1.6781166689190625
6425,0.0460005913758112
6426,0.7601189188017201
6427,0.8075783470621951
6428,0.8343472411572218
6429,1.1879770989946805
6430,0.298561596204669
6431,1.1558350731085825
6432,1.9357678248912646
6433,0.6589963213708631
6434,1.2136331601869679
6435,0.6316325849977341
6436,1.5461963294695522
6437,1.6854357830461888
6438,7.720851908034824
6439,2.42471507400791
6440,1.0429584250660544
6441,0.7196990893205824
6442,0.4281559140834177
6443,0.5585654321793312
6444,1.412479229417514
6445,2.2908112916756185
6446,2.2645342560119435
6447,1.001695364610387
6448,1.0367116579022737
6449,2.1772968215977353
6450,0.30994903149078024
6451,1.04083821738425
6452,0.2723192451185345
6453,0.5517373280749156
6454,0.29258060956063225
6455,10.680100835947707
6456,3.1938671184345697
6457,0.02931875472098775
6458,2.7492300562674727
6459,2.237508381527543
6460,0.995646774525017
6461,2.571182601545172
6462,0.9455348728511423
6463,0.5454979342302321
6464,0.266102664370814
6465,0.7271030808312462
6466,1.130933338853937
6467,5.102855674737988
6468,0.41417192214616083
6469,0.7632403587993132
6470,1.2271455597199399
6471,1.0732099144117855
6472,0.22618964781669726
6473,0.32485331459194655
6474,0.0426673910492606
6475,0.4737422220236927
6476,1.275762843469035
6477,1.5206356792652644
6478,0.6212141318137965
6479,0.4174419744602649
6480,0.5652058281744127
6481,0.7280488389251771
6482,0.8559933635811218
6483,0.03610709943838995
6484,1.3596759841865929
6485,0.4947847416133727
6486,0.6890552802068386
6487,0.1827636892965822
6488,0.04796415929659455
6489,0.9467841988912287
6490,2.848734723573782
6491,0.1400712330225675
6492,0.618790494874943
6493,1.058058767559794
6494,0.9949516241599385
6495,0.5133067955085857
6496,8.802361459495655
6497,2.28815517056155
6498,2.2014015769024255
6499,2.130856913181785
6500,1.6221239276748718
6501,0.9894989461694914
6502,0.6336606463466781
6503,2.489661628546676
6504,1.9210718291141937
6505,2.2979177732273808
6506,1.129803773893616
6507,1.8855817588136925
6508,0.36799770067634435
6509,0.6523144871142986
6510,0.7816260484104746
6511,0.8824776471011242
6512,0.3481254730831479
6513,18.510487012035757
6514,3.8776463059466084
6515,0.05759458199897695
6516,5.731231528921176
6517,6.009993551128204
6518,1.9937351002806745
6519,1.7171726503160087
6520,2.6514613353459264
6521,1.4874055242219821
6522,0.6727388798734486
6523,1.2090447815939314
6524,1.19221111874004
6525,2.1259849522195013
6526,1.260505109719145
6527,1.0575878392584583
6528,1.2357410422963788
6529,1.2763229542797865
6530,0.9356094775065629
6531,1.362703041487391
6532,0.9580119031464849
6533,0.37471189235026503
6534,2.3089949486235533
6535,2.8704944674665125
6536,2.395387619010959
6537,1.1258071664783245
6538,0.8405989344446851
6539,1.3108107376098923
6540,1.6546502489362003
6541,0.5614775902606906
6542,1.0459540709707233
6543,1.0324956394347455
6544,0.7459101899132815
6545,0.44834080187166064
6546,1.739053376165551
6547,0.74131171663865
6548,2.739997320521817
6549,0.49956698407662525
6550,1.9752712504961085
6551,1.2858873478822255
6552,4.059007885412425
6553,1.0186292956177037
6554,9.191433622137673
6555,4.14756482889511
6556,2.606550071734189
6557,1.7112596101868718
6558,1.4162727728855815
6559,0.8669207435426604
6560,1.0964961528342436
6561,1.7940159858426705
6562,4.1411183484348335
6563,1.7545158161030436
6564,0.8189960460702904
6565,2.2443962118541982
6566,0.5327882382753599
6567,1.6512418307285013
6568,0.7871718420798307
6569,1.0121514941054406
6570,0.38731200340099137
6571,15.451272042111189
6572,2.8579204715839484
6573,0.0377689637490767
6574,5.479414833486702
6575,9.226518330670686
6576,1.8897455315178302
6577,1.65939886505189
6578,1.9892237262305383
6579,0.7546034940363965
6580,1.0729580489695443
6581,0.8351498553697998
6582,1.3435441496990257
6583,2.164554701283916
6584,1.0759449284867884
6585,0.5861275910362782
6586,0.7537844535309953
6587,0.8010520761688094
6588,0.6451441646424512
6589,3.10183519276648
6590,1.1108492540066175
6591,0.4345854682692774
6592,2.61663849947566
6593,2.1719199020587006
6594,2.656829474444476
6595,0.9817161862186511
6596,1.2178590705945536
6597,0.5543012459194521
6598,1.8442073280843618
6599,0.0560090471729292
6600,2.144303647844627
6601,1.5195439704349292
6602,0.847034777483708
6603,0.39619896945966393
6604,0.6145632494417925
6605,0.9342555721531141
6606,2.7904672571140443
6607,0.2608957505942666
6608,0.4534547420242612
6609,0.4315667859405675
6610,1.6835981793482309
6611,1.356340438807686
6612,4.855808929853605
6613,5.492709394957904
6614,5.130112860841496
6615,1.6966102613689622
6616,1.3030583654269616
6617,0.48698848585250165
6618,1.0110944847534067
6619,9.468694981638775
6620,3.6369969024756745
6621,2.6862254462393693
6622,0.6691585173698462
6623,2.4837569450555073
6624,0.5559069637145433
6625,4.986920066429567
6626,1.2827107763365966
6627,1.3293399652408535
6628,1.1281805433321046
6629,26.16034252748679
6630,3.898594142123337
6631,0.04436100289845445
6632,4.294772016604967
6633,4.790314752967539
6634,2.178264657946073
6635,2.6004078266370048
6636,4.761642957297585
6637,1.3667551068529793
6638,0.05648802850450495
6639,1.548084138444671
6640,0.0927331444927903
6641,3.2542428665208396
6642,2.4004049057893626
6643,0.15850445029471086
6644,2.365441670073009
6645,0.4027319864898985
6646,3.801218174640531
6647,3.8101332251477906
6648,0.4725151986637871
6649,0.7939221883092623
6650,6.082990768963993
6651,2.4197834089233714
6652,2.886090351883949
6653,3.177096647418992
6654,2.3336728287560655
6655,1.782080330294141
6656,2.475418779398361
6657,1.5131827442813435
6658,1.4984741648322726
6659,0.9782207565284424
6660,1.2630103280248401
6661,0.5895677205253369
6662,0.8145273664619457
6663,1.7803319821533368
6664,5.04993239226893
6665,0.24760541846607634
6666,1.3378307211053193
6667,1.2806194252179304
6668,3.7296632569168553
6669,0.0424452937361604
6670,12.310009266157314
6671,2.4761643087431477
6672,1.3932624785099397
6673,1.6424694759270033
6674,2.1350248049560165
6675,0.932792702618636
6676,1.0479335880694598
6677,3.202908593123312
6678,2.7396865393483756
6679,1.7370860303216662
6680,2.794589511661007
6681,2.5269242074302545
6682,0.5710363178702187
6683,0.9037432697670118
6684,2.1360301370407617
6685,0.9581641514813573
6686,0.2196119912277443
6687,23.52800297747891
6688,6.576635005324631
6689,0.05959132405893675
6690,6.094212533361354
6691,2.6733063912116592
6692,2.4793092401090995
6693,1.949116263794689
6694,2.462262457808711
6695,1.3090931308332276
6696,0.7977508790959051
6697,1.4584276595352463
6698,0.8160830831963009
6699,3.2635694597097396
6700,2.4766870631282316
6701,0.9027382922001628
6702,1.2693166898689001
6703,0.3174718374210353
6704,0.8924893526275701
6705,0.7193507932197731
6706,0.4276296211583217
6707,1.0047965778834318
6708,1.9575325299154036
6709,1.0677571300559516
6710,1.4855576246214492
6711,1.9756815905384504
6712,0.7574719795853899
6713,0.24746591168729826
6714,0.8445986994850017
6715,0.29288864650005864
6716,1.627661613295583
6717,0.8392696542463292
6718,0.4397338321409774
6719,0.7372825419759181
6720,2.0435730084803225
6721,0.5348187077883295
6722,5.5602631754859555
6723,3.6998821843858436
6724,0.5902116162037816
6725,0.6036777124369865
6726,4.39297621630228
6727,0.22713009312524174
6728,11.325346626798005
6729,4.656792128871494
6730,1.2056841357023984
6731,1.1736770980016562
6732,0.6528034031996228
6733,0.4628285962318753
6734,1.0618832039442299
6735,2.7356458254033855
6736,2.2777621236609877
6737,3.105770938410166
6738,1.990079962104355
6739,0.48944717141531247
6740,2.4319170777221286
6741,0.6038273376507206
6742,0.6863148732835002
6743,1.0601948970652548
6744,1.2472636472176915
6745,17.686853509154872
6746,5.643405691915415
6747,0.05583389598204195
6748,2.9004365589539853
6749,1.5608464668205069
6750,3.2998593072696254
6751,2.112011409209504
6752,0.05954333513531445
6753,0.5821003303691694
6754,2.6855376744015693
6755,0.7146422435608619
6756,1.241767558210491
6757,0.871659403044407
6758,2.742463317214339
6759,1.731002708043314
6760,0.7647498865788924
6761,0.7107281290420158
6762,1.3250476488808771
6763,3.3445045627845813
6764,0.8620903265395834
6765,2.098505906013765
6766,2.267878108014669
6767,2.5256446699733592
6768,2.7017560038370076
6769,1.3290913522779957
6770,0.0692751582058984
6771,0.863943354027171
6772,1.8581392962966556
6773,0.05421841103527665
6774,0.6962177949520227
6775,0.07902610398986155
6776,1.2047644021785566
6777,0.8297877408763479
6778,0.8207856060599202
6779,2.7213934430318325
6780,2.960510795135283
6781,1.0900626380359577
6782,3.343714939272601
6783,0.8380603321484213
6784,2.8654280618979793
6785,1.6457325254081725
6786,3.3335231362852515
6787,2.0110634492326898
6788,2.232597364120947
6789,0.30093340419105236
6790,0.3542953452962416
6791,0.062512953850371
6792,0.40451943776716937
6793,0.8743539709795265
6794,1.3563737145850157
6795,0.9565741854402015
6796,0.9927379288341018
6797,0.7632788629934159
6798,0.757358506686792
6799,0.37400584890072974
6800,0.3797568022207295
6801,0.1831681340765725
6802,0.279447673450787
6803,3.7270811645469872
6804,1.7794761129723766
6805,0.032889968560019
6806,1.4057366794346178
6807,1.5327077764449801
6808,1.6461989700785702
6809,1.5530294753872718
6810,0.05910755923987955
6811,0.22753890564226414
6812,1.2153859020170397
6813,0.4362102961373971
6814,0.34611991588980595
6815,4.034019373053387
6816,1.088716701887559
6817,0.9108094666746146
6818,0.552591997440884
6819,0.33919548362316015
6820,0.0605349031991304
6821,1.210520230234844
6822,0.2553826671264386
6823,0.18288162690308124
6824,2.142863480345456
6825,1.9265216805250602
6826,2.8812566077298305
6827,0.8996428680112041
6828,0.5479852861457266
6829,0.695446259273004
6830,0.730570665306157
6831,0.05711966674515775
6832,0.7642841335798347
6833,0.5105244780216671
6834,0.6206946206292888
6835,0.6756418002870201
6836,0.2286321737175882
6837,1.1293362507441596
6838,2.680553259022637
6839,0.45410329795097015
6840,0.8233673398282937
6841,0.5133067955085857
6842,1.061106024267457
6843,0.3943332366751191
6844,3.1114479305754337
6845,4.514862359789792
6846,2.4306906051930257
6847,0.5456626831672304
6848,2.113236400974724
6849,2.2571392878752947
6850,0.9128767464445826
6851,5.872013784768891
6852,2.2584418737821466
6853,2.3589294359466226
6854,1.0914302806394844
6855,1.079758104256499
6856,3.1314971325228713
6857,0.241020931564776
6858,0.7539806789110818
6859,0.25133721594078634
6860,2.1417243984725696
6861,20.91021507680602
6862,2.659102441725361
6863,0.02278937936783395
6864,4.715043319900923
6865,1.7958102669516296
6866,4.905224798579978
6867,0.7995612806647358
6868,0.9772686547154477
6869,1.2163682975070937
6870,1.187990290022963
6871,0.2206067324175877
6872,0.35132369558661763
6873,2.2348044590102107
6874,4.723094521138693
6875,0.3568620524656032
6876,0.3972607730905293
6877,0.2611387063486392
6878,1.952588798133279
6879,0.9422750347575469
6880,0.5017750786939614
6881,0.47379147503804825
6882,3.842779387069614
6883,2.3587147714123065
6884,1.8649586932207531
6885,2.145406879763046
6886,1.2967952698504872
6887,0.39217155604678494
6888,0.6999302956811886
6889,0.0355281203690169
6890,0.40277315380715434
6891,0.5515332348674697
6892,0.6749440368215247
6893,1.415085519519527
6894,0.3533299244485561
6895,0.4238461714562721
6896,2.663927732953212
6897,2.8058297219240727
6898,0.3595960416094287
6899,0.4770135307249269
6900,4.986602458920769
6901,0.28468935335624984
6902,3.2968868897157337
6903,1.7297581910866313
6904,0.9752730099840523
6905,0.6752225597714011
6906,1.188468056679464
6907,0.9971858701860756
6908,0.9086890317525591
6909,5.14240780245223
6910,2.0555612154758203
6911,1.969824901863769
6912,1.213952824338493
6913,1.929698979823654
6914,0.31887146525294174
6915,0.2948130319887698
6916,0.6329243612011175
6917,0.24610862086466054
6918,0.3373217579451324
6919,15.723276279535844
6920,3.074984460985977
6921,0.0288490516750981
6922,3.4509303396131603
6923,3.8885935842018675
6924,1.5831104098369093
6925,1.6343639197469026
6926,1.9080466886028664
6927,0.9031508426065111
6928,0.8118355136114658
6929,0.6149744724611819
6930,0.2557572736919322
6931,2.3058413078358946
6932,2.288037858403776
6933,1.269205708345415
6934,0.30497273241621475
6935,0.0739622009714802
6936,1.0275329796207473
6937,1.1361712053253066
6938,0.5068151947403885
6939,1.5419522347151964
6940,5.532856620367057
6941,1.7252435802459691
6942,1.824970148593474
6943,1.2571195457710203
6944,0.04388141521911345
6945,0.46551212344510734
6946,0.7935232885245513
6947,2.1133444315508823
6948,0.5622979127575627
6949,0.26411766298270045
6950,0.4815795152875742
6951,0.0685151871004829
6952,0.28619143394859625
6953,0.21778458475591214
6954,2.8284611603382275
6955,2.6804187314742283
6956,0.7215440199733192
6957,0.31879201987077477
6958,0.9160025818525543
6959,0.8706473266607142
6960,7.169711845554442
6961,3.7725968929324614
6962,1.6957109632495506
6963,0.5225211047189038
6964,0.9294691654600161
6965,0.25096233278822844
6966,0.49639067380530555
6967,1.9707730634250245
6968,2.1256922723728504
6969,0.38211159672409367
6970,1.5683226829501768
6971,1.0629813081364912
6972,1.6465473121391585
6973,0.7235007762516736
6974,0.5393924088003372
6975,0.2330169794761826
6976,0.3729179394964127
6977,3.0212006147544006
6978,3.4968723712088723
6979,0.0633221834514008
6980,3.411600997910722
6981,1.7501768083656035
6982,1.912972055385131
6983,1.9742441916111515
6984,1.1233355943275212
6985,0.7312161528349235
6986,1.3415404920887495
6987,0.5412644157666127
6988,0.6572118612308648
6989,0.9699559873423258
6990,2.3810322121823155
6991,1.5672612402145631
6992,0.5275753070555139
6993,0.5700517504950355
6994,1.0033441427247478
6995,2.056546581225974
6996,1.6702069012674554
6997,0.6907514588095653
6998,1.462746327919008
6999,3.0276857488081657
7000,2.08098803900492
7001,1.2240691668273471
7002,0.6952391244830051
7003,0.6054934052286072
7004,1.7905276677194415
7005,0.04978192262725095
7006,0.825945337759262
7007,0.8949815695568957
7008,0.9224033370368698
7009,1.170974064656988
7010,0.3020651896756412
7011,1.1962381328606408
7012,1.8219930625984904
7013,0.6619071169763874
7014,1.1214871619098838
7015,0.7042610656827971
7016,1.721225765878232
7017,1.9298431492051176
7018,7.741317697560289
7019,2.382477937966498
7020,1.1496060172752953
7021,0.7093100217175567
7022,0.43228647099954576
7023,0.5366659092590563
7024,1.1589285929944513
7025,2.396917056498615
7026,2.219766422500189
7027,1.0194980124838648
7028,1.3045914148120068
7029,2.3592638749891672
7030,0.324249070013243
7031,1.0653643019303891
7032,0.40531548495732483
7033,0.5859446942737926
7034,0.2960842030316045
7035,10.769544851396217
7036,3.54062150259705
7037,0.05029961715025285
7038,3.3040568004096977
7039,2.343854563451024
7040,0.9901853529325788
7041,2.81562937219104
7042,1.0345270089428258
7043,0.601711210008989
7044,0.26960625784178627
7045,0.8611993147752841
7046,1.1476651552901365
7047,4.999403440352448
7048,0.4176755156171331
7049,0.9306676128696034
7050,1.2655137036890127
7051,0.965543820777774
7052,0.2258450316010053
7053,0.24761539055945284
7054,0.04754189923731375
7055,0.4570151120269314
7056,1.4178631034208942
7057,1.6065621208135392
7058,0.7165734730357908
7059,0.39337895095433306
7060,0.6745645280376185
7061,0.6823151476612944
7062,0.8740425990336587
7063,0.0394779144411533
7064,1.3769958797655746
7065,0.45953747796379557
7066,0.6761608955612385
7067,0.18448338899473604
7068,0.04968385899474845
7069,0.9689707372576892
7070,3.1765548934172174
7071,0.1417909327207214
7072,0.50722408019372
7073,1.020707525098035
7074,1.0406405759729842
7075,0.5168103889795579
7076,9.199456224749698
7077,2.340250303675626
7078,2.4598828012619434
7079,2.622614693979159
7080,1.6381780261891712
7081,1.0384084308257067
7082,0.642582525896169
7083,2.773102961646698
7084,1.968678991973102
7085,2.1012987808861645
7086,1.4060760434685973
7087,1.9917789890002568
7088,0.4873153746934753
7089,0.6467807319689467
7090,0.9187334763781683
7091,0.9924530746732628
7092,0.3551825611659952
7093,18.960273485417297
7094,4.0964864753314085
7095,0.07032482268471375
7096,5.944796417109251
7097,6.357423221474372
7098,2.1773381147488573
7099,1.9084493937752742
7100,2.7328866631576703
7101,1.5967702334017626
7102,0.7419164123435076
7103,1.5116650773434084
7104,1.2245316106409156
7105,2.7286223993384056
7106,1.2947084015015755
7107,1.9614140724947164
7108,1.3251453805385691
7109,1.2049669626839563
7110,1.0633156404816073
7111,1.38189304372802
7112,1.2886222476991376
7113,0.4176810806452183
7114,2.8084710360384366
7115,3.4711287950692915
7116,2.6674209263408657
7117,1.2288373756835531
7118,0.9047848243910037
7119,1.5191133455817956
7120,1.8179408666338799
7121,0.6039064836935597
7122,1.0870746685221075
7123,1.1636765149565549
7124,0.798194786545556
7125,0.4023428302184064
7126,1.6059053206794935
7127,0.7448153101096224
7128,2.7339105610620837
7129,0.5030705775475975
7130,1.9806037697293233
7131,1.032837686237623
7132,4.131753746275841
7133,1.1162599058061629
7134,9.30982577128007
7135,4.354261743699395
7136,2.870768643695166
7137,1.6382886884115404
7138,1.476271673267821
7139,0.9505627815677198
7140,1.4056499929124715
7141,1.9626213804858932
7142,4.2295208295126345
7143,1.8570307714203582
7144,0.8495876835636134
7145,2.3016665095014015
7146,0.5362918317463322
7147,1.673284804198479
7148,0.9005561913018543
7149,0.936789169559289
7150,0.39081559687196366
7151,15.230355480759407
7152,2.994127496979187
7153,0.0423615936137139
7154,5.859741219749749
7155,9.691911292985218
7156,2.1509222069187004
7157,1.9584384167622066
7158,2.0739971985933265
7159,0.7217108795499316
7160,1.1954932679532928
7161,0.9984928084023694
7162,1.5728211085663153
7163,2.7861112207765424
7164,1.3018491241087369
7165,0.8403203343804688
7166,0.7466754530584447
7167,0.837108153616392
7168,0.7149940998116429
7169,2.9982453518977596
7170,1.3600118065188445
7171,0.44495580426416403
7172,2.710225158472169
7173,2.3959793108140683
7174,2.8817120665094342
7175,1.4380192391550337
7176,1.2910733041674547
7177,0.5629128724346446
7178,2.0311768242523005
7179,0.08292582844713405
7180,2.3468952628843653
7181,1.7720128567452007
7182,0.9247653692622178
7183,0.4117426438427577
7184,0.6945127216305627
7185,0.9257171070681858
7186,2.7852974191108997
7187,0.26439934406523885
7188,0.45695833549523357
7189,0.43507037941153986
7190,1.9885033734075335
7191,1.5910804140000598
7192,5.372205223461593
7193,5.629946767266604
7194,5.577150580895244
7195,1.787086873258077
7196,1.2460961581743795
7197,0.5384894162426646
7198,1.1187166378495599
7199,9.882720192887906
7200,3.9262150405470653
7201,2.71888834374629
7202,0.713209852037262
7203,2.7713418987229277
7204,0.6153201303302893
7205,5.136631512015068
7206,1.3409549879913587
7207,1.5639995694587063
7208,1.0967311237789052
7209,27.184042994137148
7210,4.072488043021301
7211,0.0409536541568761
7212,4.611647988156654
7213,5.643759932596835
7214,2.3331309309217105
7215,2.7282741363247727
7216,4.798016622840384
7217,1.396334784817651
7218,0.06371345061181925
7219,1.6150782394037662
7220,0.1135107014520938
7221,3.4224637096435204
7222,2.488347463950071
7223,0.1282692715732766
7224,2.3793244710695607
7225,0.6189140436873177
7226,3.8174817406307002
7227,3.6880265661280296
7228,0.4508607929621829
7229,0.9628061073741588
7230,6.801051248726737
7231,2.602870818579971
7232,3.248859453416121
7233,3.4101609224087293
7234,2.5342750415052446
7235,1.9271362722081467
7236,2.7278153694639955
7237,1.5437602639174586
7238,1.564359171822178
7239,1.1783956890672227
7240,1.3811029867998177
7241,0.6843663018731896
7242,0.8072279592440805
7243,1.8057497270141956
7244,4.840001491044481
7245,0.2511090119370486
7246,1.4751461366095513
7247,1.3070891215885152
7248,3.68553944052078
7249,0.0441649934343143
7250,13.02331617030689
7251,2.5499245642577355
7252,1.3236126506382866
7253,1.5205797984802274
7254,2.2842787354624035
7255,1.089933327484753
7256,1.004009409065186
7257,4.048945234933932
7258,2.758997251449626
7259,1.8705888570641724
7260,2.838719106133393
7261,2.694231414326352
7262,0.6038756818942235
7263,0.9450287690734367
7264,2.212629908626902
7265,1.0530780059741862
7266,0.2266690793105917
7267,23.338122869631636
7268,7.481360095662771
7269,0.0676094230202247
7270,6.60195309819515
7271,2.9576514647223844
7272,2.772361279381242
7273,2.074273426097259
7274,2.5331792294000692
7275,1.42162731162869
7276,0.8531291797517466
7277,1.6433033911920565
7278,0.7326232766729903
7279,3.2909489026083554
7280,2.556310255145894
7281,0.8574302799327024
7282,1.2484233731505041
7283,0.25808713976271175
7284,0.9866419024115023
7285,0.7484693768343482
7286,0.3686136549398905
7287,0.9492969160522957
7288,2.0248035747858055
7289,1.142926076996637
7290,1.6160634463792038
7291,2.3064424347286123
7292,0.7727821336811564
7293,0.24877693674304466
7294,0.8767030498523647
7295,0.2737540747223556
7296,1.8287068704029754
7297,0.9000845838317263
7298,0.4598739572094944
7299,0.7531464236370218
7300,2.0664970183554345
7301,0.5565122374204319
7302,5.558707575895495
7303,4.273794800381982
7304,0.593715209674754
7305,0.6071813059079588
7306,4.542889088086307
7307,0.230633686596214
7308,11.261772065572712
7309,4.9559534506738325
7310,1.0400194939199139
7311,1.2063398721924783
7312,0.6124299903489763
7313,0.3666614943173423
7314,0.9936678034056461
7315,2.9449607173081116
7316,2.2960295862205164
7317,3.0538127730888496
7318,2.2284217779008655
7319,0.5384537679281411
7320,2.892332560421778
7321,0.6227642819403433
7322,0.75543381678199
7323,1.176946715482442
7324,1.3596426355474454
7325,17.81995024239619
7326,5.799583953577179
7327,0.0577282251270138
7328,3.0292362222871847
7329,1.5337184509800257
7330,3.7353745392415867
7331,2.4327643564381605
7332,0.08140414112978385
7333,0.5987499931244182
7334,2.7463662545798857
7335,0.7181458370318341
7336,1.2565881545774324
7337,0.9734415544953703
7338,3.1857502420341675
7339,1.7347673742030199
7340,0.8311935811704997
7341,0.7589516921042206
7342,1.3539905336136724
7343,3.348199782268467
7344,1.1244775193472132
7345,2.0131670537887327
7346,2.3661897470392113
7347,2.690737337253079
7348,2.8084352746550105
7349,1.5105541266821998
7350,0.0706817045146327
7351,0.9164891247601978
7352,1.965095868670784
7353,0.069927363987539
7354,0.7361815488424961
7355,0.08074580368801546
7356,1.1800175795954413
7357,0.827177201598839
7358,1.1111067723462247
7359,2.7866930308005626
7360,2.9553409571321385
7361,1.1189898518730956
7362,3.3965311499847477
7363,0.8489508610916863
7364,2.943347494381147
7365,1.7128786142203782
7366,3.3775076238763795
7367,2.0197303547040484
7368,2.2688016128076596
7369,0.25522098696673257
7370,0.3938220035023982
7371,0.0698373563962233
7372,0.4355018089955748
7373,1.0068061212119725
7374,1.4114291250850126
7375,1.0705332422421479
7376,1.0722501188699012
7377,0.7832310846068093
7378,0.8650152820790629
7379,0.4543696301450548
7380,0.43070631736360565
7381,0.24185389505652186
7382,0.44121853874049644
7383,3.872253893352823
7384,1.78201858277946
7385,0.04239555153177335
7386,1.5026479409093065
7387,1.4308035944423823
7388,1.6720598291407742
7389,1.7705122463706593
7390,0.0598588435072683
7391,0.22715064945322555
7392,1.302624695753345
7393,0.45454247445355983
7394,0.3916903890885302
7395,3.954581295435858
7396,1.2012387702782477
7397,1.2034739104998056
7398,0.5495437927001204
7399,0.2987642494874565
7400,0.0758774159371407
7401,1.3099042256601727
7402,0.2885236490052746
7403,0.1863852203740535
7404,2.4723602825892805
7405,1.9361767749850574
7406,3.039662467399509
7407,0.9565963561453792
7408,0.5333319011679871
7409,0.7743513278928704
7410,0.7607192245891804
7411,0.0705255123846899
7412,0.8191667146728814
7413,0.5284111605374067
7414,0.6563263086499582
7415,0.687853332371464
7416,0.23213576718856044
7417,1.1296527899781112
7418,2.4132683480207406
7419,0.4593470415791824
7420,0.8461466760602022
7421,0.5498977954568046
7422,1.0909085090857342
7423,0.39957698030333133
7424,3.2097498777873863
7425,4.552599408526187
7426,2.4949369031997484
7427,0.6027520298214608
7428,2.260904308362861
7429,2.13350660372453
7430,0.9404053633500722
7431,5.737698128331614
7432,2.3574615699324624
7433,2.285201958463346
7434,1.2275667240334616
7435,1.0915336810886291
7436,3.264200827116523
7437,0.22060623172312155
7438,0.9713314863378781
7439,0.27212493629990075
7440,1.9862059207660159
7441,21.340588410438357
7442,2.7546609229510937
7443,0.037015637124327
7444,4.825892411606718
7445,1.6822441405505648
7446,4.960483271954223
7447,0.8183627003561809
7448,0.90335020207377
7449,1.1834530436359456
7450,1.2201049632783167
7451,0.24802861920118666
7452,0.3565674392148298
7453,1.9958781973804183
7454,4.720863054081896
7455,0.5016660868306557
7456,0.4128044474736231
7457,0.26285840604679306
7458,1.7201045629139124
7459,0.9375311543883036
7460,0.4861093547081885
7461,0.4772950685090205
7462,3.9370523535538524
7463,2.107657069213973
7464,1.8422034973786854
7465,2.403453245719537
7466,1.336540079619294
7467,0.39212165490588213
7468,0.7544166693175105
7469,0.04096056692506605
7470,0.45001612989868517
7471,0.5800733723520307
7472,0.729238240451949
7473,1.3755100431190033
7474,0.3568335179195284
7475,0.4273497649272444
7476,2.8422188272726805
7477,2.8496447751731746
7478,0.36309963508040094
7479,0.48051712419589915
7480,4.972544591647971
7481,0.2881929468272221
7482,3.8395871250695928
7483,1.8602480749526693
7484,1.025423634990207
7485,0.6958004046605974
7486,1.1214958440927913
7487,1.107314481525834
7488,0.8534955351238513
7489,5.17770140635123
7490,2.0738170605182527
7491,1.8816099182518542
7492,1.323616940885143
7493,2.0136852215419623
7494,0.3506930543277706
7495,0.3269846947134928
7496,0.6414745451637038
7497,0.2711780926725833
7498,0.4522969217058702
7499,15.616533621817746
7500,3.650538904013278
7501,0.04307530943159115
7502,3.7794781848022154
7503,3.8829417251212712
7504,1.5856195509885715
7505,1.829977872487409
7506,2.031062511723134
7507,1.0001263314983038
7508,0.8783031682810619
7509,0.5955433079868453
7510,0.2765449940510467
7511,2.596805939055278
7512,2.2427500870523662
7513,1.0765786191846203
7514,0.29864592675140006
7515,0.0756819006696341
7516,1.0853602900835913
7517,1.1380878519134465
7518,0.571024624269691
7519,1.5447579927772939
7520,5.475404844784913
7521,1.8371750864053091
7522,1.9257777089304509
7523,1.3889349332761052
7524,0.04560111491726735
7525,0.4888399831339032
7526,0.7998153859285924
7527,2.2386487325402507
7528,0.5675416563857751
7529,0.2861363928817351
7530,0.5582251602933017
7531,0.0702348867986368
7532,0.28969502741956854
7533,0.2212881782268844
7534,2.856293818976146
7535,2.999218352711045
7536,0.7250476134442916
7537,0.2892082068645005
7538,1.1554805116891829
7539,0.6955150239081057
7540,6.637208994316871
7541,3.4195091719218578
7542,1.6495466429382128
7543,0.41779827405381514
7544,0.9789772076787299
7545,0.23485514922381864
7546,0.4799680929924774
7547,2.349458612222917
7548,2.0214423248940503
7549,0.381160173293115
7550,1.6476097217509724
7551,1.1415078957600775
7552,1.7006471921251363
7553,0.7443499611640105
7554,0.5271598110079593
7555,0.2328244625959263
7556,0.28845022993938335
7557,2.966939120200719
7558,3.3931182256909844
7559,0.0633221834514008
7560,2.899290117252712
7561,1.6047058868955077
7562,1.908641855694047
7563,1.9486550048771378
7564,1.056604285527349
7565,0.833865795025633
7566,1.3257275226002805
7567,0.5970391075624545
7568,0.7545236481171177
7569,1.0252857833029032
7570,2.1164163833722784
7571,1.7549899710086176
7572,0.5273827901752577
7573,0.5056648742698494
7574,1.0531387370516216
7575,2.1452384405386407
7576,1.6741995767473479
7577,0.6449534833772292
7578,1.3646002010801341
7579,2.9261984778395407
7580,2.0804870910749376
7581,1.2004059546326595
7582,0.5894325787579908
7583,0.6601441861643225
7584,1.8195075854517908
7585,0.04957511401813275
7586,0.7734969370298894
7587,0.7947746653129653
7588,0.7668223945952337
7589,1.1797183196344911
7590,0.3032060414024622
7591,1.198135707233483
7592,1.9122630767750992
7593,0.6817470655030886
7594,1.237121375827844
7595,0.6693644366727741
7596,1.668186011830245
7597,1.8839454412864556
7598,7.215600594982057
7599,2.4514709705950524
7600,1.075376809737135
7601,0.6708743138148203
7602,0.4304495277706403
7603,0.5606393501808562
7604,1.240995747603387
7605,2.6313790314122043
7606,2.2380311951870624
7607,0.997350217452933
7608,1.325017098157688
7609,2.379510948863402
7610,0.33649643900742676
7611,1.0450444938605004
7612,0.5125814325447493
7613,0.6797199054030513
7614,0.29589168615134814
7615,9.343828024785752
7616,3.4560076239636324
7617,0.05904678650466125
7618,2.5869987856164673
7619,2.5029083762269972
7620,1.1210036411555435
7621,2.81562937219104
7622,1.0445240564816185
7623,0.5974764664845408
7624,0.2694137409615299
7625,0.8711501800434364
7626,1.2544547241075836
7627,4.514134877678838
7628,0.4174829987368768
7629,1.4246652505110162
7630,1.2515110354820194
7631,1.0688926455408891
7632,0.23014069181772565
7633,0.2708719759122975
7634,0.05876888908806045
7635,0.46170945836562755
7636,1.4160333566218433
7637,1.6099800256794834
7638,0.7163655593765708
7639,0.4452965424195713
7640,0.5725721180290293
7641,0.7396720738126066
7642,0.8452519617447807
7643,0.0392711058320351
7644,1.3979447755238064
7645,0.4696925393318974
7646,0.6226334257343547
7647,0.1850445498801377
7648,0.0502450198801501
7649,0.9890582477916616
7650,3.018912561223427
7651,0.142352093606123
7652,0.4877558205525274
7653,1.1855419558004145
7654,1.0602682962127243
7655,0.517951240706379
7656,7.604774806888191
7657,2.2310066239850355
7658,2.3836159153254726
7659,2.1339507760548475
7660,1.520590437206823
7661,0.7959926517969615
7662,0.6893230883413146
7663,2.828236991142102
7664,2.116020443044634
7665,2.009297519415207
7666,1.3861325351360883
7667,2.0215883662694285
7668,0.4675515646418031
7669,0.637694266465914
7670,0.9727818324661153
7671,1.0141125456913649
7672,0.3683705805786379
7673,19.001301883682824
7674,3.9482355190118583
7675,0.06408019490345375
7676,5.332311099535499
7677,6.771643140407962
7678,2.0996081034528564
7679,1.9091597993135485
7680,2.6307594437654016
7681,1.5869230882321113
7682,0.7200749846852097
7683,1.4512935298792728
7684,1.3385012858289032
7685,2.2827546830565817
7686,1.1497137520419354
7687,1.5476305349384436
7688,1.2475803058835098
7689,1.2068645370567983
7690,0.8857763795024128
7691,1.3860438907541388
7692,0.8596718355831245
7693,0.36040366055917394
7694,2.709408252082707
7695,3.450875668373705
7696,2.5876901120670857
7697,1.225704195962539
7698,0.8352148542443374
7699,1.4477738619699125
7700,1.801175289207941
7701,0.6292213155650217
7702,1.137056923354633
7703,1.1030370550543847
7704,0.7584956793110017
7705,0.4255807777337406
7706,1.7605155867413442
7707,0.7277662256753135
7708,3.230969691289567
7709,0.5028780606673412
7710,1.985886666855351
7711,1.0586004795222514
7712,4.138886129028998
7713,1.0711144768750198
7714,8.665195585591569
7715,4.1134130057989085
7716,2.622540590302627
7717,1.6627654282679802
7718,1.3285669549417776
7719,0.8619875748639323
7720,1.0537183183046746
7721,2.049056640345324
7722,4.267271249836968
7723,1.8202628476160072
7724,1.1010526797137543
7725,2.4590718196900383
7726,0.5366750145222245
7727,1.6760673530032288
7728,0.8842680919367907
7729,1.1567048262583794
7730,0.3906230799917073
7731,13.98773416929356
7732,2.9178227454545356
7733,0.0421547850045957
7734,5.433080764698335
7735,9.930599533789062
7736,1.9217800619050651
7737,1.8695071884557695
7738,2.022990952490291
7739,0.7560572429444428
7740,1.1234204984365994
7741,0.8844598194087261
7742,1.3201099265410132
7743,2.634513438184494
7744,1.2800387914260478
7745,0.7458899707352615
7746,0.7901900819147512
7747,0.68917123306412
7748,0.5773306688922429
7749,2.9753128182662727
7750,1.3226913782074479
7751,0.4794181883643054
7752,2.702819051527819
7753,2.243489538641944
7754,2.800614059651675
7755,1.2082244760193643
7756,1.248095247405344
7757,0.5375087904554687
7758,1.8787363946810818
7759,0.05623942439931955
7760,2.2381622727486907
7761,1.6324462217813784
7762,0.7981026113173568
7763,0.43729486231439607
7764,0.64554128891903
7765,0.945047894956137
7766,3.2012972770620767
7767,0.26420682718498256
7768,0.5718358267671727
7769,0.43621123113836097
7770,1.9025961856829645
7771,1.3767444885756097
7772,5.219843660760253
7773,5.3118454539159
7774,5.2901971320067425
7775,1.7796149439225846
7776,1.240915289241646
7777,0.4044858300485412
7778,1.0633787591106512
7779,11.164477285156927
7780,4.0030535288436475
7781,2.780466290286791
7782,0.7074477292933746
7783,2.604437069340949
7784,0.6136586559362516
7785,4.985471427940505
7786,1.3687505643542517
7787,1.64235675421194
7788,1.165049148641811
7789,26.18802196570101
7790,4.056888375911079
7791,0.0
7792,4.396766368859069
7793,5.679422135013022
7794,2.2842670445790763
7795,2.9028403843133246
7796,4.884555742148887
7797,1.4630348661597141
7798,0.06062045032891525
7799,1.572902836006722
7800,0.1215461338250984
7801,3.389105239183725
7802,2.284138363064554
7803,0.15407421350185704
7804,2.3451567035272527
7805,0.563258583775741
7806,3.8307580288193077
7807,3.8282771820479917
7808,0.4285936463557004
7809,0.7442822700491861
7810,6.413076354858674
7811,2.4504819110199816
7812,3.2140240108900002
7813,3.5111129502326905
7814,2.422906671193518
7815,1.9379168814281345
7816,2.930824986935163
7817,1.5371992200161735
7818,1.5667158267201815
7819,1.1691082079749329
7820,1.3097700471369078
7821,0.5858864776521964
7822,0.8781844768624281
7823,1.8076473013870378
7824,5.053402216857981
7825,0.25091649505679225
7826,1.4539031739223947
7827,1.2891664588413607
7828,3.691229654945066
7829,0.04472615431971595
7830,10.533438073126042
7831,2.065436581181376
7832,1.2210571883539099
7833,1.5181161464987163
7834,1.9114595730769521
7835,0.8399450552871819
7836,1.0243701152708513
7837,4.166205797851402
7838,3.0287009038768717
7839,1.9579370774116762
7840,2.6946161087190905
7841,3.0864715090029673
7842,0.592916212432022
7843,0.8435754904300474
7844,2.16954558396497
7845,1.0551233649682428
7846,0.22292306781846025
7847,20.579733369006178
7848,5.9796167799368485
7849,0.03981390625201355
7850,5.707287185913782
7851,2.6009848969485367
7852,2.238206406535297
7853,2.159305780311679
7854,2.5102578604986157
7855,1.3714278823804946
7856,0.9040943972986549
7857,1.658448331459876
7858,0.7445861667460837
7859,2.215844221408814
7860,2.441171290001975
7861,0.78934500658739
7862,1.0514792886598001
7863,0.23216507795751534
7864,0.9355019337856114
7865,0.6900001755609138
7866,0.40092402698663177
7867,0.9804137212053383
7868,1.9268665818180537
7869,1.1431772438625778
7870,1.500690096665912
7871,2.2457774774403783
7872,0.6464765961259753
7873,0.2417162702005635
7874,0.8443260760742066
7875,0.30172337745441935
7876,1.7404501466550257
7877,0.7923227512449164
7878,0.42635990795591805
7879,0.7091047924154887
7880,2.133513863773402
7881,0.557653089147253
7882,5.559010664135513
7883,4.27907769750801
7884,0.612798435555434
7885,0.6414095641120265
7886,4.4621079090202596
7887,0.23177453832303505
7888,12.184254325659548
7889,4.499260196200122
7890,1.0874336745496826
7891,1.2078771019530234
7892,0.673472131381728
7893,0.3727830930205738
7894,0.9752583228894716
7895,2.9878591177902605
7896,2.3183637595146367
7897,3.2868761930205834
7898,2.225050496915223
7899,0.5569287178599449
7900,2.8658404963561823
7901,0.6134804127863804
7902,0.8069511970675567
7903,1.1558910559264461
7904,1.1510354008091115
7905,16.110350355785254
7906,5.7494573724975515
7907,0.0494989498190759
7908,2.568627178663197
7909,1.5916962831676988
7910,3.3926718672142213
7911,2.346401404749839
7912,0.0975853887163803
7913,0.6005631321442593
7914,2.719476301959138
7915,0.7215068147634529
7916,1.2975481218568417
7917,1.043072533010792
7918,3.3713520596855977
7919,1.7290742274798594
7920,0.7598407088755403
7921,0.8329464529060125
7922,1.3385742892127812
7923,3.352337522806401
7924,0.8890129253175734
7925,2.1352764399217588
7926,2.344022210470858
7927,2.5261853030613737
7928,2.8594413812734487
7929,1.3943064121794977
7930,0.06851281390508734
7931,0.9496613964110486
7932,2.001166063636592
7933,0.06741744806569056
7934,0.7419584686700162
7935,0.08130696457341705
7936,1.1359782170729356
7937,0.8273286457288394
7938,0.9059920262936934
7939,2.853337395989585
7940,2.9619572228652444
7941,1.1187973349928395
7942,3.47137371916718
7943,0.8177610289872821
7944,2.9213001823216995
7945,1.82541535643953
7946,2.7780938980530476
7947,1.809311812174791
7948,2.0276491899630265
7949,0.25205067513074975
7950,0.37164346335902176
7951,0.0594522227932949
7952,0.4336648657666694
7953,1.1780256445719917
7954,1.4416028195249262
7955,1.070977255880172
7956,0.9584073508090376
7957,0.7854942643701917
7958,0.78248864925611
7959,0.4460429764861922
7960,0.4333520351944007
7961,0.19879751981192645
7962,0.31621519265307924
7963,3.83245049457986
7964,1.7891364452475043
7965,0.059700908181639
7966,1.4464518202799845
7967,1.4285191058997864
7968,1.5185535952462175
7969,1.8332561052816623
7970,0.06062045032891525
7971,0.22893805788330066
7972,1.3649004026831637
7973,0.41374152647724355
7974,0.37481287143249864
7975,3.9418860211762627
7976,1.2100724203861333
7977,1.3378063549796653
7978,0.5774224245285728
7979,0.30661340431605194
7980,0.0667086135407127
7981,1.369505429245665
7982,0.31359209071338595
7983,0.19107956671274964
7984,2.287494806596594
7985,1.975165801631061
7986,2.941562579986307
7987,1.0185655934408206
7988,0.5660294057658848
7989,0.7521153198182923
7990,0.820369968806169
7991,0.0703187037755717
7992,0.770452812998537
7993,0.4907575564746432
7994,0.618480981004755
7995,0.6611484444011051
7996,0.23327661891538148
7997,1.2351427143794247
7998,2.712138486247558
7999,0.45915452469892604
8000,0.8790415656571926
8001,0.517951240706379
8002,1.1807474818302373
8003,0.4007178320301523
8004,3.0500633042505445
8005,4.428389572202933
8006,2.4405316494518114
8007,0.5659657487414587
8008,2.139273200293027
8009,2.1297019152544716
8010,0.8997639334278326
8011,6.190676949379068
8012,2.2794078685659778
8013,2.185037117965169
8014,1.2254740207500074
8015,1.212932458290216
8016,3.1845816839598644
8017,0.2204137148428652
8018,0.9306530946326874
8019,0.3651110905855087
8020,2.4169436493709826
8021,21.433922504930948
8022,2.813380072316034
8023,0.030771009343067
8024,4.572540804738846
8025,1.5432364518560422
8026,4.7779843613501125
8027,0.8167812963399771
8028,0.8909226738081415
8029,1.2268423714292174
8030,1.2351947863780537
8031,0.3098381494538456
8032,0.35637492233457346
8033,2.044636663095883
8034,4.635892262971424
8035,0.34537733088805933
8036,0.34494058596528954
8037,0.2634195669321947
8038,1.7606759520965252
8039,0.8987288028053062
8040,0.4968351559526503
8041,0.47843592023584147
8042,4.034519867011372
8043,2.1450080415907022
8044,1.7311992333474497
8045,2.3228261864912545
8046,1.2830325552184663
8047,0.39548263263750083
8048,0.8047341123550911
8049,0.038692126762662
8050,0.4502392343378533
8051,0.5820672833402405
8052,0.6821324093321574
8053,1.4365409460071057
8054,0.35797436964634943
8055,0.4466805528151955
8056,3.0962618795951258
8057,2.5978819523356425
8058,0.3629071182001446
8059,0.4816579759227202
8060,5.020598771544412
8061,0.28933379855404306
8062,2.9812153900279603
8063,1.6838404357965597
8064,0.8715334911628001
8065,0.7739038147217392
8066,1.000041817047494
8067,0.976638109376328
8068,0.7602301007873772
8069,5.652141875652142
8070,1.8687525205348963
8071,1.885830876558122
8072,1.2679358824118305
8073,2.0287482679988535
8074,0.350380345319774
8075,0.2931582908359816
8076,0.6412820282834476
8077,0.3024732524857888
8078,0.40719579516781357
8079,13.824117050796488
8080,4.385452084801432
8081,0.04924528145597965
8082,3.3774498085050864
8083,4.079695206287928
8084,1.4547716339101975
8085,1.9592968998408051
8086,2.189851156429098
8087,0.949647714381873
8088,0.8817249768748127
8089,0.6499417899426987
8090,0.2626218448945232
8091,2.174926169240826
8092,2.2320914777490883
8093,1.0224231537026651
8094,0.29845340987114366
8095,0.0636343128841317
8096,0.9692606964556191
8097,1.134247165308106
8098,0.4319768424332174
8099,1.558436095949045
8100,5.46469099214052
8101,1.7852969686645492
8102,1.8699198945833273
8103,1.3869996125830215
8104,0.046162275802669
8105,0.5086172501928858
8106,0.8348343549577281
8107,2.291105519265403
8108,0.5893078840877238
8109,0.28108041732513184
8110,0.5677335660677818
8111,0.0707960476840384
8112,0.29083587914638953
8113,0.22242902995370545
8114,2.719844913900283
8115,3.1228886795422195
8116,0.859200847477167
8117,0.2903490585913215
8118,0.9941201595516616
8119,0.697412598280948
