row_id,demand
0,7.125887800960239
1,2.3986760954322386
2,1.2373230733625802
3,0.39985186783192084
4,0.7974810136816963
5,0.10017590126799855
6,0.38275120771611
7,2.5399915437527913
8,2.176859098603942
9,1.0544434429782552
10,1.66964597992432
11,1.2303474426851162
12,1.6989646678080281
13,0.4476429526982262
14,0.4612594724294117
15,0.12836633518534224
16,0.24608050904412182
17,3.304915341658831
18,2.490217998870281
19,0.0
20,2.3906037392643005
21,1.3684445912805976
22,1.844819776286538
23,1.7722332275490158
24,0.9834472267173309
25,0.40299193309602294
26,1.1327041349105569
27,0.7576232140882814
28,1.0023139168774517
29,0.8984264897114187
30,1.887074339646563
31,1.5625425908152923
32,0.31395751654212406
33,0.2382350686143763
34,0.9186810119945705
35,1.5734837539006776
36,1.0796240381118536
37,0.37023924589390517
38,1.265483159210069
39,2.676618550472919
40,1.916148301366987
41,0.8760508563349623
42,0.3807831035286391
43,0.8331674167549967
44,1.1322638358760126
45,0.07371995176007713
46,0.856199401857737
47,0.7524677447763342
48,0.7258264646807246
49,0.9961927939176543
50,0.3112528211108369
51,1.2790399904278587
52,1.4297080755117655
53,0.4868631137933422
54,1.0441553608903686
55,0.48741039598345054
56,2.251022591567905
57,1.9423493618140535
58,5.444939255806499
59,1.4129833174353597
60,1.0675575573972167
61,0.6629526107568795
62,0.5955311151202021
63,0.3475773465236307
64,1.3101522605399036
65,2.957950806157594
66,2.6922030798147363
67,1.0981713201103487
68,1.0053970789423585
69,2.1544203486164895
70,0.2999438554297687
71,0.8903565078397191
72,0.42682788010216266
73,0.3928298254182816
74,0.1496788045119553
75,7.979143757076667
76,3.1802084441776333
77,0.0
78,2.0725305208695213
79,1.9987034512578457
80,1.2546691294497312
81,2.897804706862905
82,1.1282023628951692
83,0.38975929802852516
84,0.10445596728354334
85,0.7429626560830815
86,1.0224424856965286
87,4.406790187905758
88,0.17005241226717904
89,1.0666168216186245
90,1.0565633601164335
91,1.1191027150912594
92,0.13074870782417408
93,0.2422960087931553
94,0.0
95,0.22800278015581807
96,0.9454582023290399
97,1.923908721641718
98,0.37136583119264294
99,0.5647027409764012
100,0.6311972794207735
101,0.7856933218602535
102,0.6917378706650672
103,0.0
104,1.1365088695533654
105,0.2811858880297766
106,0.7591717486562469
107,0.14063588018293885
108,0.1262025127094709
109,1.1686205545175303
110,2.858077067378477
111,0.2106398720398938
112,0.3632386864953845
113,1.0023144418718317
114,1.1208051091713374
115,0.2629104035747123
116,6.699241603366209
117,1.7607631955341827
118,2.083763168546861
119,2.1612021083407056
120,1.0433460597483537
121,0.738120676264514
122,0.8777880308960946
123,2.9054529351561573
124,1.8386217512104288
125,2.019792395675708
126,1.3004963034430594
127,2.0098721049147854
128,0.25258782081920766
129,0.41732788190321213
130,0.8383781580502223
131,0.9266705647082574
132,0.30297730982639853
133,17.214386757159797
134,3.3846890994956356
135,0.0
136,3.4477784752857445
137,4.592673116584575
138,1.8100999904626218
139,1.4623934030410977
140,2.1437002926762134
141,1.2202452669911108
142,0.3917626175253024
143,1.0710291370683784
144,1.082230155899285
145,1.8864076377480683
146,0.8596902467047731
147,0.958200457788648
148,1.047678348301139
149,0.7383819917503786
150,0.8035613317444159
151,0.976694307243241
152,1.060636219898121
153,0.1833536112117632
154,1.8473633183874156
155,3.068344021611728
156,1.968195588042445
157,0.976162030701865
158,0.7189781545070502
159,1.331114385713145
160,1.8198830609447212
161,0.15198083973687643
162,1.0056948243262394
163,0.7166080612136538
164,0.369159237116323
165,0.2510819867988858
166,1.3420303190558145
167,1.0687485945534942
168,2.5400091844627983
169,0.37195086791312953
170,1.5498984406160308
171,1.2653565713711392
172,3.281575674059905
173,0.8708700047879545
174,7.7839646348096085
175,3.374075243021217
176,2.331724067055045
177,1.1772865165635136
178,1.1707036944997362
179,0.7654895152067944
180,1.3724069062517419
181,2.035122018027313
182,3.4322843154749574
183,2.0296774637152764
184,1.048609947274712
185,2.2353470624995895
186,0.3420359094980525
187,1.8520489558939057
188,1.1321154177790027
189,1.0086114363586607
190,0.22653126376193267
191,10.607435682964265
192,2.1643830457299407
193,0.0
194,4.498830442524984
195,8.516686367374655
196,1.8917169872469968
197,1.5409854101329394
198,1.7026301863687294
199,0.4880717752230427
200,0.9164064896483781
201,0.9329674584177676
202,1.082986899051835
203,1.6815054253241817
204,0.9903832036521147
205,1.0063079704283873
206,0.7609742262733876
207,0.6065624420319892
208,0.5610029708103683
209,1.7483012755520164
210,0.9086682421081596
211,0.3120140149416299
212,2.770362735873553
213,1.9390655625314763
214,2.0895496259302706
215,0.8861380097693401
216,0.9180185500128182
217,0.6684254064713265
218,1.3212662378224949
219,0.0
220,1.7130575602036582
221,1.2605182196734421
222,0.7565069208438311
223,0.25526307376752133
224,0.4664367879792359
225,1.3613304439218852
226,3.2709820291971625
227,0.25569733520104826
228,0.4175292724178323
229,0.7248227474113912
230,2.27375706934982
231,1.2108516817959136
232,3.909730012037082
233,2.792842481462864
234,4.266423017729157
235,1.3430657226629077
236,1.096699445664015
237,0.44861329046109544
238,1.028595253589747
239,10.570170897710348
240,3.5868854842776488
241,3.029853687303697
242,0.9013369561484508
243,2.826383655869824
244,0.4768831016986214
245,3.8175844198021647
246,1.1667288956027027
247,1.6676399207419021
248,1.0237823366400822
249,22.96281088460542
250,4.002672955749366
251,0.0
252,3.4509777702443696
253,4.378813807540064
254,2.0253960143173857
255,2.6568559925715034
256,4.4421185579119244
257,1.170045044649553
258,0.030219124845827536
259,1.6718216878620362
260,0.45045034470280565
261,2.7171067667425683
262,2.1302464023066197
263,0.0
264,1.8255590641527601
265,0.44543527235688846
266,3.488102837456142
267,2.5971568085756176
268,0.35853287988196
269,1.1808188006042897
270,5.679238282190865
271,2.241091656775886
272,3.5160544205888673
273,3.1266716908501015
274,1.9519456390939793
275,2.019441292510654
276,2.276264589265982
277,1.0650814776552808
278,1.2934593651431772
279,0.8461839201141073
280,0.918311828533608
281,0.5134396745114327
282,0.9372401078365658
283,1.8503483802098326
284,4.7633700278229965
285,0.39656241224888816
286,0.9740801145050662
287,2.161858158720822
288,3.865051903791691
289,0.0999821173866167
290,7.401042626370902
291,1.9544266997844448
292,1.1448166968083455
293,1.0292559595820645
294,1.8244966852197368
295,1.0101956017233737
296,0.8246615277822502
297,3.144734982196872
298,2.707819141911667
299,2.213861515257697
300,2.833151330126112
301,2.8672717779271215
302,0.35093405359706015
303,0.847809737600169
304,1.9456178695938062
305,0.9767548468011178
306,0.12397226912162533
307,17.99464857997287
308,5.0507253713698095
309,0.0
310,3.9162764758081243
311,1.9137576985526703
312,1.9348363423397692
313,1.798911929482602
314,2.5065153128958437
315,1.0240135868638034
316,0.7313772081970389
317,1.11496679959043
318,0.7904330169147998
319,1.6086426235907494
320,1.380335484095546
321,0.20277179375725285
322,0.9122647421944963
323,0.0
324,0.8374014412651893
325,0.7193720916064126
326,0.1288469181702033
327,0.6436204432891286
328,1.5981504365425536
329,0.9779771535845714
330,1.0084131429249816
331,1.7187895089712297
332,0.2134368746322418
333,0.15608322490990634
334,0.7303743636432016
335,0.0269216095200297
336,1.1606090080304345
337,0.7435454672831734
338,0.2244008798933332
339,0.6735046966312619
340,1.8810742327068533
341,0.6215163550141235
342,5.02496584056375
343,4.189329340587265
344,0.48357062261732614
345,0.46730053078445194
346,3.497996741608414
347,0.19971086187561926
348,11.293573239694522
349,2.5041237942272345
350,1.3096632482627184
351,1.0687272981427494
352,0.7335568212500325
353,0.4248543982392058
354,0.929541123101352
355,3.4912809169282357
356,2.488678452651952
357,2.4593178814935226
358,2.199432891527562
359,0.9980239539230884
360,2.5907749702830927
361,0.42429905276723984
362,0.9586532619438894
363,1.1518524313029694
364,0.7661465745978939
365,12.875653247988534
366,4.783323793297797
367,0.0
368,2.3117970050220453
369,1.6823052929859073
370,2.939238674349139
371,1.938343719920113
372,0.12667535832166754
373,0.6181484359107801
374,2.1507218013810414
375,0.7077406875598418
376,1.0565158779959285
377,1.1576726642893864
378,2.3901779806352246
379,1.2138920386106657
380,0.8863591206963686
381,0.6487575225099752
382,1.3956977185760404
383,3.015878297543367
384,1.145330005774586
385,2.1483884280758696
386,2.164815243473695
387,2.139348601052909
388,2.7188605084651516
389,1.2065886882343477
390,0.24778271396528045
391,0.9060002428048026
392,1.767979091032085
393,0.2241242125302627
394,0.5146325590830685
395,0.3067601802122652
396,0.8125146774810572
397,1.1006306505405554
398,1.0343670241239518
399,2.4509984972266823
400,2.455302060192236
401,1.0072159338574556
402,1.9856430436275572
403,0.7880677748536573
404,3.1987758624962686
405,2.121960965616448
406,2.0871606389898916
407,1.4642808760284802
408,1.9802414378002058
409,0.3017850165731517
410,0.3416724460228156
411,0.24947235415675864
412,0.3151222232486211
413,1.1742380110613104
414,1.1997206943014551
415,1.021654114997784
416,1.2983033256353465
417,1.0067133582720342
418,0.8942468074456991
419,0.2874063098579408
420,0.3888272494152751
421,0.2294761369110282
422,0.20589033250686556
423,4.313126320909565
424,1.78631815881005
425,0.0
426,1.0809582106651359
427,1.640983721562832
428,1.2819527993861957
429,1.939803888027856
430,0.0134032486860048
431,0.35636656444508646
432,1.2991888051999831
433,0.23474692671940472
434,0.20697794610717796
435,2.5993260618493506
436,0.8782286826135199
437,0.5785195117885611
438,0.3991245147994881
439,0.12179313706678054
440,0.0
441,1.2533939997693921
442,0.4065556279811798
443,0.08167690398859669
444,1.856183636803125
445,1.6164587603254899
446,2.7454591026579545
447,0.6924404329118226
448,0.30684687355621615
449,0.3571989247817758
450,0.9982669635560035
451,0.16658176085865783
452,0.6834436440457228
453,0.2763744774754956
454,0.4099353116534499
455,0.726085598988136
456,0.264151599727169
457,1.512397270961553
458,3.167612061328207
459,0.3803848066536649
460,0.8415667383836187
461,0.316110993005302
462,1.1551588135124595
463,0.6394286079324747
464,2.700216228877082
465,3.06501349564941
466,2.293383271736685
467,0.3913427326318815
468,1.9225146702873697
469,1.8153763256444804
470,0.9835630345905702
471,6.021083245392305
472,2.4721884290980563
473,2.2930013828915303
474,1.2777967425471817
475,1.2913300340480742
476,3.11921331300501
477,0.2817291011937109
478,1.0612995983347764
479,0.39212086327987683
480,2.1248763165687605
481,19.755635495626855
482,2.888529487908607
483,0.0
484,3.4733706916479843
485,2.1103991730318064
486,4.254351133406528
487,1.210195934162156
488,1.2196525314501614
489,1.0355420859375468
490,1.2143767709850257
491,0.23015651251114233
492,0.5956272808087033
493,2.2528345135412473
494,3.796757900261156
495,0.1072228426597276
496,0.2302383245870588
497,0.19691661754542686
498,1.482572886220848
499,0.8659683609289104
500,1.0028324359213596
501,0.19765177350035695
502,3.2575926126583887
503,2.6608223334127343
504,1.664449906670987
505,1.9162168488140146
506,1.040868277730031
507,0.3173897520117095
508,0.4139340446704439
509,0.0
510,0.3126606548982645
511,0.33913085109980795
512,0.6509321676321163
513,1.1809717086659086
514,0.3790260781989075
515,0.5355222042194764
516,3.2303001217694995
517,2.506312440539119
518,0.39615062677121315
519,0.7200251407582277
520,4.142878620632308
521,0.19770211287093442
522,2.86838640952935
523,1.8357631061064437
524,1.1197223167228643
525,0.5628641487403038
526,1.1032715864637082
527,1.0713433335613938
528,0.8363836214453475
529,5.504371013548835
530,2.187693659623254
531,2.090579285023438
532,1.2048596539367322
533,1.7908021777230152
534,0.39986979490504526
535,0.31080121028849433
536,0.539259218086757
537,0.2624440401185485
538,0.29469993293365254
539,11.917010298927844
540,3.119091001295289
541,0.0
542,2.8343735402874786
543,3.0060104143226436
544,1.4396870361719665
545,1.725471922227753
546,2.2201431147811794
547,0.9400371364194149
548,1.2474320800670597
549,1.0147619689610161
550,0.26688694333497237
551,1.9847615673796253
552,2.123660044206626
553,0.8983654289485303
554,0.24026791371604825
555,0.14352394915543545
556,0.9056183021680588
557,1.2526535158859478
558,0.31698161374925526
559,1.0299267925730204
560,4.740844939473977
561,1.3695799896578162
562,1.5093815240307948
563,1.01732811093727
564,0.05395523503588568
565,0.3518045648796654
566,0.809457255100948
567,1.7939177012140206
568,0.36444691147783853
569,0.2337391773603978
570,0.3746437524482901
571,0.3013246034146162
572,0.3297002223846684
573,0.4181029682177261
574,2.5765615760308824
575,3.139352334516749
576,0.9329915982735255
577,0.36603232134621067
578,1.02860397984635
579,0.5609987371859608
580,6.6635752168779065
581,2.4755038892143553
582,1.0982685191466666
583,0.397694883362526
584,0.8808563633992985
585,0.15852235759465783
586,0.49240111530542974
587,2.2084920327820114
588,2.0890139624197084
589,0.9368961251966152
590,1.2015445713894108
591,1.1516027045663606
592,1.1633546672067148
593,0.7090693304778575
594,0.6368805134193096
595,0.12133143349998222
596,0.12596270578134006
597,3.1217440275336723
598,3.12461888302684
599,0.0
600,2.313162913799155
601,1.341963237644969
602,1.7180110618908162
603,1.9791572318739608
604,0.8646684468438754
605,0.7040793936778478
606,0.9839081869691526
607,0.74116331659291
608,0.7845122745756042
609,0.9398213673274607
610,2.1830939317823117
611,1.2002818128176338
612,0.24713804791406735
613,0.5322298093223558
614,0.8269156050278623
615,1.3090439450340245
616,1.2728194731225455
617,0.38616268107479496
618,1.0101876985070326
619,2.6652826710023687
620,1.7589561345601972
621,0.8953242285083978
622,0.29034728492310635
623,0.8069189766649314
624,1.1618980775823962
625,0.033887332081899375
626,0.7107571776837256
627,0.7386679799058198
628,0.7635212689343067
629,0.9684011805486636
630,0.3562518152859077
631,1.406860668947011
632,1.4880091992573041
633,0.33646351327861246
634,1.263348112750632
635,0.8357946355936523
636,1.5885195710383015
637,1.9699616572931165
638,5.838711748421596
639,1.495824849684337
640,1.0841396282653815
641,0.3815644354925503
642,0.26051591249920064
643,0.4706497911432383
644,1.220320405411051
645,2.4011456476479833
646,2.172940778711026
647,1.183636862124117
648,0.8255162355563344
649,1.8605359283499103
650,0.26192985681959097
651,0.9796244513713293
652,0.7568125584612
653,0.35348573304957787
654,0.15262595553375818
655,7.499824844780855
656,2.986745457057403
657,0.00973487528909028
658,2.36152646272635
659,2.347389785359606
660,1.2821794699142497
661,2.5461299651839857
662,1.2226718651430095
663,0.3763483516890779
664,0.11389818743972766
665,0.681918282710025
666,1.0460904260170112
667,4.278761187855791
668,0.21912591866746398
669,0.9372123523283669
670,1.1229211872531633
671,0.9627996175387625
672,0.17584960902041183
673,0.33545945760013035
674,0.016405263467132468
675,0.28937158592004925
676,0.9463871799694548
677,1.9579545872803643
678,0.671862938118304
679,0.2463075732425346
680,0.5965577775403565
681,0.887868172025311
682,0.7017378033619277
683,0.0
684,1.1184659949028077
685,0.31694710701919265
686,0.7159908627918263
687,0.12964780826235103
688,0.18061451048538624
689,1.1806837231860918
690,2.801710682985208
691,0.28422214698352166
692,0.40439702381626413
693,1.025590599858107
694,1.018465625415278
695,0.31094781030864177
696,6.108092191114382
697,1.5479679032207545
698,1.7850866263323906
699,2.2071971401077755
700,1.1606010947473266
701,0.7788400211704509
702,0.9614999262754951
703,2.2490890013515403
704,1.6986622524758692
705,2.035644195671885
706,1.0328285172518528
707,1.7203999785955113
708,0.2767377789874064
709,0.8017053382912935
710,1.0350214638305126
711,0.7149920398104569
712,0.2703277921835804
713,15.489431459782944
714,2.832033908847498
715,0.08097150798474508
716,3.6838882935244532
717,4.3131281934591374
718,1.9048025672694906
719,1.109857326021146
720,2.063754842619134
721,1.0983394471392418
722,0.3850483798928385
723,1.0058939190121023
724,1.0393585398003524
725,1.9219309940984997
726,0.9049798557439237
727,1.1086866561591293
728,1.0176765165909731
729,0.6830503304029695
730,0.6812363049069117
731,1.217284577851319
732,1.0837717839830527
733,0.21242564851557888
734,1.7034691582437995
735,2.6369904616907434
736,1.9423921961575505
737,0.9157324657928565
738,0.6654558053049231
739,1.2205022599852662
740,1.2714902315280596
741,0.19714442101082
742,0.7779485808441784
743,0.7301041553866039
744,0.7994696795005292
745,0.32418388163785344
746,1.2121229535553624
747,1.1670616625504089
748,3.132220915905276
749,0.7921681710778066
750,1.9644603693831697
751,1.473720640507504
752,2.867277145583164
753,0.883839219811196
754,8.241263248967526
755,3.659047642603284
756,2.2174598330544226
757,1.3462476729164408
758,1.1745968410883247
759,0.9716758545728192
760,1.0650777095083561
761,1.905971204315327
762,3.1661621527104837
763,2.056036796310907
764,0.9487098395316373
765,2.0094731604317633
766,0.3493989673822533
767,1.350485328228287
768,0.8657838048366904
769,0.9720055284797322
770,0.22172965110676357
771,10.743338352440169
772,1.9433404823228009
773,0.0
774,4.0641092577032865
775,7.878280145742941
776,1.8139289051625416
777,1.9383473864658969
778,1.8682307240942477
779,0.7521632026482354
780,0.9328426826704961
781,1.1147577758796023
782,1.2517602652978987
783,1.812757128345114
784,1.0658749859321157
785,0.12544070677997235
786,0.6830182942014071
787,0.3430676785907563
788,0.3454031023120552
789,2.011276166433372
790,0.9708018656657451
791,0.3047707281600841
792,2.0058487520462767
793,1.9368067893339922
794,2.5557255691424614
795,1.038467257563859
796,0.8015225434930262
797,0.37065237184171657
798,1.2831468150562264
799,0.0
800,1.7559287519694062
801,1.270069943130604
802,0.7234278080372172
803,0.22661407889805305
804,0.4962541495352451
805,1.0930318670861041
806,3.291884872871315
807,0.29171859450881993
808,0.9177152468408174
809,0.3647370117506108
810,2.4176120071887346
811,1.3522704156873826
812,3.781884745965489
813,3.202375751981984
814,3.9851348628014662
815,1.7355432133497732
816,1.2182220037707594
817,0.44017881757637645
818,0.8389765864123484
819,8.981203959075522
820,3.351281881787224
821,2.8835023039207766
822,0.4594371714254944
823,2.2465517228882104
824,0.6957721127346339
825,3.6469884889077475
826,1.1242237812879987
827,1.2262282940259503
828,0.8133792546839844
829,19.319312754388996
830,3.329288948273433
831,0.0
832,3.0487979609010303
833,4.646587685802389
834,1.7763174674096294
835,2.861117718522911
836,3.7887569888661963
837,1.4561786151605913
838,0.0
839,1.222221171001063
840,0.4337189449172687
841,2.6438148507529027
842,1.9844989101084343
843,0.0
844,1.8031412336836827
845,1.021484455566342
846,3.398131047127083
847,2.846209491960476
848,0.5183384672826595
849,0.9792417080390756
850,5.8557638384638
851,2.3857136326320263
852,2.799191182241384
853,2.7110039946038835
854,1.7689567994191853
855,1.757398963266699
856,1.980085336862023
857,1.0488052528197205
858,1.3838786771163698
859,0.9389691273528677
860,1.0360159960440845
861,0.3915912483636849
862,1.0272624186138861
863,1.6038452458317456
864,5.127919706655124
865,0.2602858326063523
866,0.9272666765751489
867,1.3860653779524785
868,2.809737557242309
869,0.08588298032103804
870,7.273920071463957
871,2.082769568744304
872,1.1021348143496505
873,1.11359561957703
874,1.484077011780647
875,0.9649492429105466
876,0.9156586873412258
877,2.6258702969954353
878,2.825906067156277
879,2.3018268747089556
880,2.4647906332650287
881,2.1410337495449085
882,0.5965529707070669
883,0.8299427960815446
884,1.8190565755939003
885,0.8566238950145599
886,0.06053753469865647
887,17.71340305347679
888,5.071309025944189
889,0.0
890,3.70388544088095
891,2.0299170132559943
892,2.238347419699591
893,1.750094610430839
894,2.250686081754209
895,1.058061034226539
896,0.7352343350142331
897,1.0788782943612156
898,0.7609702450493192
899,1.7483637352449155
900,1.9150769461773929
901,0.6515604864164053
902,0.8112003189070873
903,0.07302752266661795
904,0.877819877411707
905,0.7999547824594333
906,0.17644333716029567
907,0.6662543676450181
908,1.37207709844756
909,0.9398389969366436
910,0.9518665922909562
911,1.3994828128260322
912,0.5460387764624126
913,0.10034043974352398
914,0.774666884756199
915,0.045527783606829506
916,1.2050754747493404
917,0.7435496204235519
918,0.22345739872002923
919,0.3536828483511493
920,1.9255358555627253
921,0.5491919793211328
922,4.510948024977582
923,4.271725085954282
924,0.48993830513382547
925,0.8285403781968372
926,3.460851182255709
927,0.20857982345426343
928,9.313970296099928
929,2.94982022634014
930,1.2286972611944527
931,1.0768824531088794
932,0.633228274233015
933,0.45099330664494985
934,0.867701035299292
935,3.252638983116043
936,2.229374595027672
937,2.3817877034287553
938,2.120578219441714
939,0.6041859267862901
940,2.3518101354121614
941,0.34108527485803153
942,0.7489623483324718
943,0.9351792734375397
944,0.7410995369980036
945,11.524758552750349
946,5.021111410204128
947,0.11714260909084481
948,2.13947992964517
949,1.6144908630810746
950,2.8004604946350766
951,1.7200095508859192
952,0.29843579014525023
953,0.8920542317807036
954,2.140756443380749
955,0.7302574747879277
956,1.1795068156405524
957,1.3219859324161416
958,2.6943664704271244
959,1.7293942968940295
960,0.8010594118572034
961,0.7494184701707121
962,1.2122542644223222
963,2.627965490747597
964,1.0814804115440873
965,1.65868966434966
966,1.9055939257389864
967,2.144805959000677
968,2.3559799744573686
969,1.185687893018392
970,0.2637142465392081
971,0.8501421547414376
972,1.5956472691952353
973,0.11799485600901691
974,0.44898492147953317
975,0.3000723652620305
976,0.8968573317893698
977,1.0243211551137748
978,1.0369478145179485
979,2.4119130300394285
980,2.9984998744189433
981,1.0225917508246518
982,1.9602256977164396
983,0.815306853833963
984,3.5149376730268833
985,1.8055166225962547
986,2.121240800233816
987,1.6285732433403926
988,1.7866887585926716
989,0.30194675473432314
990,0.3806745512799192
991,0.22747889567960602
992,0.2816600032863558
993,1.0745936708933574
994,1.2571175323798731
995,0.9124503526733154
996,1.111906006305454
997,0.8979023514008024
998,0.7305740828339974
999,0.20090348623181245
1000,0.32430469024158803
1001,0.07980202128197396
1002,0.19372043626349328
1003,4.1020583155008
1004,1.9368436375433706
1005,0.00495693532345256
1006,0.9484546049360456
1007,1.4146613119639468
1008,1.301975150363086
1009,1.363118237298517
1010,0.02246192098469473
1011,0.2763087074418719
1012,1.2569789092681718
1013,0.32064320797115
1014,0.2461486154528969
1015,2.9007917292827896
1016,0.9431592481670126
1017,0.822250939698588
1018,0.657610414553362
1019,0.1287986348016065
1020,0.0
1021,1.2585827029465455
1022,0.41032744178506897
1023,0.1327329753318137
1024,1.6568774567330706
1025,1.6522985105386767
1026,2.1545428883753917
1027,0.6924880355204659
1028,0.22304224433973446
1029,0.6338227511664323
1030,0.48942823542443165
1031,0.06906102972930356
1032,0.6816681999731192
1033,0.29360415024091463
1034,0.6934999602265228
1035,0.622519434620817
1036,0.2819979751354771
1037,1.6451274331405128
1038,2.395664443126119
1039,0.2927278191993012
1040,0.9204067380011725
1041,0.4100240769956704
1042,1.0345656327937234
1043,0.3554141841985084
1044,3.1245021259643444
1045,2.7943121154058472
1046,2.436682488709844
1047,0.683178119447447
1048,1.8569674968479073
1049,1.9043563485318686
1050,0.9186036284353922
1051,5.4314517184488444
1052,2.2221706929189637
1053,2.225767501191632
1054,1.1029963801318354
1055,1.0772701133213913
1056,2.8569492746597573
1057,0.19282184973176159
1058,0.9902213267042475
1059,0.24308274818953515
1060,1.9869479315970477
1061,16.86326029202218
1062,2.2907812945470702
1063,0.0
1064,3.4151016373753977
1065,1.4094979465325228
1066,4.2031603969927245
1067,1.0269003868188364
1068,0.9940693463304411
1069,1.1259842161686207
1070,1.2247636743607617
1071,0.29713368403008455
1072,0.24905282868751283
1073,2.2706709181303992
1074,3.745315650033751
1075,0.2140799067616017
1076,0.13435283367294845
1077,0.09314776786027978
1078,1.6043808614921813
1079,0.8444709065302214
1080,0.825802381457297
1081,0.2069173266137228
1082,3.100208306170461
1083,1.840443104875606
1084,1.3070690642371388
1085,1.7522482225563993
1086,0.9484799860631035
1087,0.22790715832269684
1088,0.7078608811233962
1089,0.0
1090,0.3015404714567032
1091,0.25555419128153817
1092,0.3904593857611105
1093,1.0883006866674831
1094,0.41539775703610693
1095,0.39409409653769567
1096,3.275960062760581
1097,2.7949965264174432
1098,0.3817224629386364
1099,0.4196804232404297
1100,3.752609615552234
1101,0.2419709331005345
1102,2.9618817923912135
1103,1.384548879510111
1104,1.0841707595836412
1105,0.47767991187106856
1106,1.102425022775186
1107,1.0939783235821332
1108,0.776129923486532
1109,4.14207791344686
1110,1.8682608226489021
1111,2.0136572089296
1112,1.2493410523078794
1113,1.5384282080835123
1114,0.3282101296190069
1115,0.22937289118198914
1116,0.3996059893021885
1117,0.2196159560415785
1118,0.25950542955053973
1119,12.391620467113231
1120,2.5287356646835626
1121,0.01609103574331883
1122,2.789845809694478
1123,2.9907478627883735
1124,1.3662015257399909
1125,1.4339040167227606
1126,1.9588966351447943
1127,0.9012392882164117
1128,1.196588340281896
1129,0.9392629221056148
1130,0.2333235203634563
1131,1.9509201764663233
1132,2.1123749694986276
1133,0.8972415525973672
1134,0.16170342692581166
1135,0.22876663181630066
1136,0.9521323190039737
1137,1.263570986807273
1138,0.4284121000963754
1139,1.1440344458892646
1140,4.843304903422524
1141,1.2408746028149082
1142,1.7245469691697721
1143,1.0837497852013178
1144,0.00827744543667643
1145,0.30269631915210643
1146,0.6462847490580341
1147,1.6894194313548168
1148,0.3177303810695507
1149,0.18870106844103052
1150,0.7048834527753088
1151,0.2670247855571182
1152,0.35534338725349435
1153,0.30917355670432034
1154,3.137437902552561
1155,3.0624283052605223
1156,0.9704159901758516
1157,0.4676857923230794
1158,1.0017152381967738
1159,0.6330509330368238
1160,7.740738164103815
1161,2.56878681565171
1162,1.1046927182567037
1163,0.5035425308054026
1164,0.9271101147016125
1165,0.1722122472504434
1166,0.4227691464268247
1167,2.3942957069409623
1168,2.205232884313144
1169,0.5189151368171961
1170,1.3378815614097619
1171,1.235598286024251
1172,1.329491300679788
1173,0.38763949456007446
1174,0.3713247394198502
1175,0.10457269903183404
1176,0.18443092870253056
1177,3.2023737802363685
1178,2.2477552600923683
1179,0.0
1180,2.7362724890847763
1181,1.226704676604301
1182,1.746980605888791
1183,1.9125899342359984
1184,0.8330252624522145
1185,0.7099012904008883
1186,1.0254824378069938
1187,0.369916685123732
1188,0.7951770225627901
1189,0.9140906171883458
1190,2.2331007176889064
1191,1.7276435130439545
1192,0.6445996937763312
1193,0.22872512443867554
1194,0.9035145960775881
1195,1.9455279004579205
1196,1.043732656773722
1197,0.35776093906082385
1198,1.1929707455249268
1199,2.2452426184141023
1200,1.84998108975832
1201,0.8211546559706224
1202,0.3530046361058156
1203,0.4563372961557292
1204,1.1334387755943776
1205,0.01335063283568
1206,0.37540834903132
1207,0.8324682144155833
1208,0.7564972788362079
1209,0.9753315709964279
1210,0.4554313182058275
1211,1.2588164157760424
1212,1.8171535372406566
1213,0.41372693330429405
1214,1.2182592865860453
1215,0.8337968353051557
1216,1.8492981226537308
1217,1.6653815070639952
1218,6.277818749032489
1219,1.5217799259204583
1220,0.9892322784031524
1221,0.6396796365326431
1222,0.6164314394693997
1223,0.41672830028924185
1224,1.539245268973259
1225,1.833397983816151
1226,1.8645143018136636
1227,1.0562625008545168
1228,0.9365275375991056
1229,1.3595472200449725
1230,0.23107045811212418
1231,0.7648724036693914
1232,0.34107482107535997
1233,0.31791617020107377
1234,0.10240626396912729
1235,8.133455650329447
1236,2.9671375088658865
1237,0.01711349826329234
1238,2.0982724080268627
1239,2.3452296829701385
1240,1.1145675558148243
1241,2.3892148923082983
1242,1.063477987512593
1243,0.38201660913333907
1244,0.1197885236016833
1245,0.7844371094067311
1246,0.9798507792751938
1247,4.561932244115725
1248,0.19945220648935091
1249,1.0143902531384874
1250,0.9181885472752598
1251,0.9793340996786963
1252,0.11370969206561025
1253,0.3749620877701831
1254,0.01668738124458755
1255,0.285574720188026
1256,0.8708319240698066
1257,1.6791928567901073
1258,0.2893167005473435
1259,0.25496003495326264
1260,0.26764001425596046
1261,0.8537264724350859
1262,0.7001941184593838
1263,0.0
1264,1.1019644802532578
1265,0.16570240072905862
1266,0.34762616141036445
1267,0.09440489889339887
1268,0.18884502271218204
1269,1.066195798872653
1270,2.960585261316815
1271,0.230886601733379
1272,0.45030580034249496
1273,0.8924792349951975
1274,0.9823769296245619
1275,0.7481554283177545
1276,6.022117132379696
1277,1.6956067834744528
1278,1.8307906335674922
1279,2.0263210240925433
1280,1.3495820066104294
1281,0.6411392009415776
1282,0.7888145564112015
1283,1.969108172126818
1284,1.1530146518631657
1285,1.928249350712968
1286,0.8178145523997431
1287,1.7907082063599105
1288,0.16573572264180245
1289,0.48791099454333103
1290,0.8170963237601425
1291,0.7455413841320466
1292,0.5459351839284606
1293,16.671212222098276
1294,2.970077897003003
1295,1.8891324589911114
1296,3.4221938607799016
1297,4.3677477514898495
1298,1.8978939689796537
1299,1.154353806528951
1300,2.0268533251416545
1301,1.1872718257099197
1302,0.34865505421231374
1303,0.9477966469361105
1304,1.1245407041034141
1305,1.9060456652358746
1306,0.9056182376808253
1307,1.1484861771265187
1308,0.894957597037686
1309,0.79672900652935
1310,0.7205039220165594
1311,1.354103377111946
1312,1.2598626392150913
1313,0.23595997970720448
1314,1.5066975406840264
1315,2.528020591237379
1316,1.7944508167397206
1317,0.9150960995665727
1318,0.6406154127470505
1319,1.157611176658136
1320,1.7228665300569825
1321,0.15616653937602865
1322,0.8309183978213517
1323,0.7628701160151035
1324,0.47290169824281764
1325,0.33580221723221343
1326,1.2647883851636088
1327,1.0718487562265675
1328,2.478734263270306
1329,0.37563391134127605
1330,1.5420046854304443
1331,1.4052583124128495
1332,3.377147432210886
1333,0.9307507064669416
1334,7.544749220276254
1335,3.573279228115264
1336,2.3078240277606255
1337,1.247696967131814
1338,1.0572760773728398
1339,0.8379616167489183
1340,1.0420899403482045
1341,1.7643155751101216
1342,3.3130259134977944
1343,1.3166647000695366
1344,0.8766184743860908
1345,2.034532348573288
1346,0.24460561791472302
1347,1.4203334504751401
1348,0.8178050777391204
1349,0.76818697579882
1350,0.1415214666717704
1351,10.44440308946836
1352,2.1056517485101875
1353,0.012925566237847548
1354,3.7886841213736524
1355,7.257755671189718
1356,1.284842929406582
1357,1.2216139331332794
1358,1.4118662157879702
1359,0.4343120059190562
1360,0.864433384866661
1361,0.9758559340316317
1362,1.0566143367126812
1363,2.0604330730291904
1364,1.0041787366462451
1365,0.28408457167112094
1366,0.6725794972320012
1367,0.2721611499877459
1368,0.36138201653395163
1369,1.9658439788861282
1370,1.1024305994316106
1371,0.3161939335915222
1372,2.028450132231702
1373,1.8798139264002445
1374,1.8858268402003966
1375,0.8939730403514623
1376,0.7818441132529217
1377,0.6540937745290305
1378,1.1123042307220934
1379,0.0
1380,1.749166846694235
1381,1.157818949994393
1382,0.8110003337018628
1383,0.18212761206279093
1384,0.4762198232215505
1385,1.1652801617720032
1386,3.085934788032963
1387,0.2753999253641509
1388,0.44698381340959076
1389,0.45078627604426696
1390,2.054787940139738
1391,1.184831094916815
1392,3.9417378288747775
1393,2.518151650933642
1394,4.188364388405271
1395,1.4110123360978974
1396,1.2045579814817573
1397,0.5275676875730392
1398,0.8654217053450077
1399,8.26431644278522
1400,2.816885291711108
1401,2.870071289593553
1402,0.3650644882713179
1403,2.034655064730261
1404,0.640668581586519
1405,5.102389519416384
1406,1.1672896172181428
1407,1.0784060456464633
1408,0.7767563628448082
1409,20.977524004940783
1410,2.8805704076355796
1411,0.0
1412,2.9072450597227
1413,4.046525003936901
1414,1.7934395733076558
1415,2.1402310284969968
1416,4.6774638734782075
1417,1.2229090428928986
1418,0.051513046238198856
1419,1.2397565046503956
1420,0.2850222305506652
1421,3.065478921029925
1422,1.932411435680569
1423,0.0
1424,1.7563575384881998
1425,0.2946215939798218
1426,3.8857966001155813
1427,2.1813417569076723
1428,0.6064148957671109
1429,1.0180106028125837
1430,5.1586727863011905
1431,1.9663242556335083
1432,2.7777374469785556
1433,2.7355460996994063
1434,1.6990479727429584
1435,1.7493283825918646
1436,2.235350281763069
1437,0.9693990499970815
1438,1.6628398879188264
1439,0.8707825138170353
1440,0.9855701242705788
1441,0.36196170420608104
1442,1.164382778166856
1443,1.5404030456524955
1444,4.717422502328992
1445,0.286558294451376
1446,1.053883785386488
1447,1.4439569667076322
1448,2.967304386818926
1449,0.11861025606123714
1450,7.496367219409274
1451,1.731290893139628
1452,1.11382341867142
1453,1.1181569932397086
1454,1.7114248583809033
1455,0.9865478317580842
1456,0.8494514296284832
1457,2.801248503568802
1458,2.5978596958443423
1459,1.988099783897039
1460,2.119957181207102
1461,2.218169589193152
1462,0.34719315468001377
1463,0.8789554939119504
1464,1.7798984193167686
1465,0.7235077094050861
1466,0.10453231966050391
1467,18.227969675604996
1468,5.389103898580183
1469,0.0
1470,4.244815503508911
1471,2.0954417003880965
1472,2.191071451861898
1473,1.7405509425900192
1474,2.1781700298821027
1475,1.0684090045397276
1476,0.7745406851178387
1477,1.0954722056882855
1478,0.721886842701719
1479,1.5212906590365434
1480,1.955309991270227
1481,0.6138152478778622
1482,0.9826629603056545
1483,0.0
1484,0.8175506493554916
1485,0.7817865005878969
1486,0.1616726348483682
1487,0.678582899608668
1488,1.6755614118171849
1489,0.8785830505743548
1490,0.9423239986632097
1491,1.809243013844453
1492,0.25649129557255057
1493,0.10692232223760009
1494,0.4242209185941404
1495,0.03516047993335192
1496,1.2565276323750192
1497,0.6523710755984202
1498,0.3051075826431899
1499,0.33279209122275616
1500,1.933578764600789
1501,0.614813394563514
1502,5.0056643856338265
1503,3.6954959875694677
1504,0.3631932999021727
1505,0.48789770579847747
1506,3.7071469336332252
1507,0.1783802974043391
1508,10.39242407887467
1509,2.476218447222301
1510,1.3092622780617877
1511,1.0573240651196842
1512,0.9793090276650358
1513,0.42925899071175483
1514,0.9479346258143346
1515,3.3771500095489735
1516,2.306886876486767
1517,2.7652328023026893
1518,2.053733356070737
1519,0.6333052782099541
1520,2.793435479187109
1521,0.3575637996827561
1522,0.7989397586070326
1523,0.9174028760528949
1524,0.8670543377946001
1525,11.114127122057898
1526,4.748014485050181
1527,2.3279972548122303
1528,2.237057844001535
1529,1.844517164261555
1530,2.7589727528274537
1531,1.8687585714288355
1532,0.2814375552700051
1533,0.9250654513062351
1534,1.7455043660781158
1535,0.40765938442800725
1536,0.995243324618921
1537,1.9218731921216474
1538,2.293125166743566
1539,1.3412163197997056
1540,0.7568120925496663
1541,0.2960700044983537
1542,1.4182999319334213
1543,2.925053919295605
1544,1.234470286534925
1545,2.1653012452699545
1546,1.9745387306241562
1547,2.1331617757503603
1548,2.2847985891974156
1549,1.1652246337095062
1550,0.28377228679004374
1551,0.7929340054206194
1552,1.3621173865489966
1553,0.17054427514080664
1554,0.5371163269894788
1555,0.30079310103418005
1556,0.9820504603529707
1557,1.0898649759231966
1558,1.0422658851983668
1559,2.636949054603423
1560,2.7810561806478704
1561,1.0203689286720403
1562,2.7912068058136015
1563,0.837614153564177
1564,2.7997196451147963
1565,1.7197722137575369
1566,2.6018017114377026
1567,1.6959395345123538
1568,1.8891958023338749
1569,0.29646690340888465
1570,0.42487656081610814
1571,0.25503447845916866
1572,0.2629729449439147
1573,1.1879085592791263
1574,1.2896245997352487
1575,0.9396625702504589
1576,1.066923450500565
1577,0.7875021032323206
1578,0.7953240095871085
1579,0.18081384205787035
1580,0.5851856074076139
1581,0.12351541310522966
1582,0.23671147906359147
1583,4.058109853906085
1584,1.9519611254955738
1585,0.0
1586,1.2665600541940785
1587,1.4362235206316316
1588,1.3939897117220483
1589,1.6822606353344431
1590,0.058457575474561894
1591,0.2860022422701159
1592,1.1087724167289243
1593,0.3012168702209162
1594,0.2549309682568485
1595,2.8925678546053577
1596,0.9365806743588108
1597,0.7336554220992941
1598,0.6829624924815272
1599,0.08711282837927313
1600,0.0
1601,1.3735209187645223
1602,0.5779319726394362
1603,0.102488811754482
1604,1.8239961522042956
1605,1.8266860899378368
1606,2.6175948006709078
1607,0.6852716455054645
1608,0.5726397110081102
1609,0.6290947573437831
1610,0.854862546179127
1611,0.04775255157265278
1612,0.7197888629281979
1613,0.3041571382069856
1614,0.34503973035186686
1615,0.41625391423502034
1616,0.26489463457077606
1617,1.4088250472778
1618,3.037632609324942
1619,0.2524896164732597
1620,0.984540765717494
1621,0.32866968450122475
1622,1.0515780430738633
1623,0.2625001708592576
1624,3.1951994689152494
1625,3.0607735270014285
1626,2.657789788320837
1627,0.41116878828726905
1628,2.015448621176083
1629,1.8068367762089919
1630,0.897025651616475
1631,5.374847830715458
1632,2.8781606131890087
1633,2.3131233683119814
1634,1.3513101604356503
1635,1.1662725609698508
1636,2.79935827626642
1637,0.23964558058795815
1638,1.0404472217444851
1639,0.221661688677344
1640,2.2105765372799646
1641,19.6308557921539
1642,2.4730711470255238
1643,0.0
1644,3.8739693792527206
1645,1.9743657686827145
1646,4.377421738959581
1647,1.0168865934669125
1648,1.1186086666782316
1649,1.1438530255258685
1650,1.0947713264709291
1651,0.2220877264495866
1652,0.2588984121266692
1653,2.1687133810277044
1654,4.190198491291753
1655,0.18229824162341784
1656,0.1725945868480441
1657,0.11188476332635265
1658,1.943752470755351
1659,1.090295758501557
1660,1.1681544073903458
1661,0.214499116033566
1662,3.2848525299865665
1663,2.0200801894257445
1664,1.8017576469795955
1665,1.4909613133703774
1666,1.027757463566998
1667,0.23903117283362274
1668,0.4016655741234021
1669,0.0
1670,0.3100830306140881
1671,0.28327457208971335
1672,0.7505346081580364
1673,1.133402808781706
1674,0.564776097785852
1675,0.46455215414925566
1676,3.3170626188454047
1677,2.4855713332855576
1678,0.48751275025638113
1679,0.712313415019487
1680,3.8389001001675496
1681,0.2803179147885149
1682,2.447217917938645
1683,2.1159366813977765
1684,1.0374180817927834
1685,0.5004209598482254
1686,1.0476920281472988
1687,1.0306953877376646
1688,0.8938476780635167
1689,4.155111849530217
1690,1.9216411861094973
1691,1.9813011469015729
1692,1.2730323273099695
1693,1.403261002343908
1694,0.3767148484319567
1695,0.29669614611931455
1696,0.4080866965588384
1697,0.21113861803693645
1698,0.24742243863331592
1699,13.643326776668196
1700,3.0157901650859853
1701,0.02916824340754121
1702,3.0673999020255396
1703,3.3123554961219384
1704,1.9699697321679928
1705,1.7383647173380852
1706,2.1017319771038276
1707,0.8212069196943479
1708,1.0171801658312958
1709,0.8158078689351198
1710,0.2421180663761829
1711,1.0479723394128764
1712,2.18270971650815
1713,0.9049863474387998
1714,0.20571736235472596
1715,0.20111912226834114
1716,0.9798604394776025
1717,1.312042231906512
1718,0.4580354746338169
1719,1.1175142890069467
1720,5.098590348679881
1721,1.4895579211622567
1722,1.7819392927273014
1723,1.115293302510233
1724,0.047767374617615585
1725,0.2716103260887397
1726,0.7793507823874992
1727,1.7124139499923015
1728,0.6308617204767073
1729,0.19281483530135832
1730,0.36866852008054524
1731,0.23735108491534657
1732,0.3607484833750843
1733,0.37461848823032845
1734,2.5369375518452006
1735,2.6463584826766957
1736,0.9659077152109166
1737,0.4424120086319666
1738,0.9466173450844539
1739,0.8731867831288769
1740,7.721249617710617
1741,2.557765005926303
1742,1.170254211988314
1743,0.4087228066496919
1744,0.9969422578146074
1745,0.1561809841823889
1746,0.7643102205977941
1747,2.300385235763773
1748,1.897078162959608
1749,0.5195912924213754
1750,1.613461228458137
1751,1.047380364560871
1752,1.2296773946164679
1753,0.420729689180716
1754,0.315585438866892
1755,0.10058432513332083
1756,0.24479919462983465
1757,3.62453093831577
1758,2.515538760435548
1759,0.0
1760,2.712129075049696
1761,1.1619692981791987
1762,1.7871590727435067
1763,2.06087378017697
1764,0.8009702095249878
1765,0.6689219397231498
1766,0.9155665964556059
1767,0.34102689949271464
1768,0.46075040034837045
1769,0.8643666306165958
1770,2.506397054907771
1771,0.9454097610734844
1772,0.23595515937058525
1773,0.17630250912304016
1774,1.0157696494278505
1775,2.062214628940416
1776,1.1318325409837062
1777,0.3577820301402338
1778,1.2543576154491922
1779,2.531174327103443
1780,2.04390255200776
1781,0.9051873790059248
1782,0.7694266240386953
1783,0.37698542838485577
1784,1.3145494774456938
1785,0.0
1786,0.6933972282368297
1787,0.7941467957107453
1788,0.8098715768511446
1789,1.0027454923308143
1790,0.354747992924564
1791,1.5955418289914782
1792,1.4690819820976289
1793,0.35042048823678423
1794,1.0748595849522138
1795,0.8628836551193781
1796,1.4847449223605664
1797,2.0184472487516136
1798,6.368643292663347
1799,2.1448217065888935
1800,1.0098466456920219
1801,0.7192190029909011
1802,0.24248336608350432
1803,0.3984943160506984
1804,1.653105284386937
1805,1.9486867098557608
1806,1.86124372031274
1807,0.9643769947133207
1808,0.7889388450026769
1809,1.7351009054995488
1810,0.1827095715636466
1811,0.8362685470314601
1812,0.3292126398445882
1813,0.2943099914377776
1814,0.06932547422703944
1815,8.846243973958307
1816,3.0877351323691924
1817,0.0
1818,2.460522068203579
1819,2.1693542804316297
1820,1.2450096650485103
1821,2.556107619025843
1822,0.9519025144503399
1823,0.32125530643348826
1824,0.08151630113866848
1825,0.7459835910458988
1826,0.9684380630978993
1827,4.965884365434077
1828,0.21683155066827206
1829,1.2681950190768094
1830,0.9814992015041104
1831,1.2542028535934697
1832,0.09818472487155927
1833,0.40921661826787986
1834,0.01428245413200088
1835,0.2446016550900923
1836,0.7968377757232444
1837,1.7875629089300462
1838,0.6223830453180129
1839,0.19841448227608313
1840,0.6141821697732315
1841,0.7143197449750676
1842,0.7159846815959088
1843,0.0
1844,1.0129509693842116
1845,0.29482865114631285
1846,0.7321984297984372
1847,0.10719948407227835
1848,0.1912793014072257
1849,1.2378465222793462
1850,2.4931449918933986
1851,0.18914062572461846
1852,0.7728615882771115
1853,1.077478104785328
1854,0.9674362126911664
1855,0.7200515147357923
1856,6.779015197453525
1857,1.750997364760184
1858,2.1207076304353456
1859,2.1350299390477816
1860,1.6474225938364415
1861,0.7084138874338544
1862,0.8905698153312718
1863,1.8589972564917776
1864,1.693499250579229
1865,2.067373830036564
1866,0.8874017748885006
1867,1.544742649762374
1868,0.16576450712307744
1869,0.8395365861295541
1870,0.7598496763758384
1871,0.5970110786589171
1872,0.24012243927447402
1873,18.476043057765388
1874,3.172664044732763
1875,3.4388791437255604
1876,4.061593215534645
1877,5.146477424400549
1878,1.9732198219263726
1879,1.2217728657285511
1880,1.9836588799500245
1881,1.1721175345179242
1882,0.34557126979590647
1883,0.8910194350103899
1884,1.0650334373352068
1885,1.298226851714322
1886,0.9396541069378233
1887,1.1932144398582634
1888,1.0379255556479534
1889,0.6955958665512709
1890,0.7020933152031548
1891,1.1546778778551563
1892,1.0879579744981718
1893,0.2298337068024482
1894,1.7165134632251529
1895,2.4433434722060436
1896,1.6662784407953861
1897,0.8396355028751998
1898,0.7019468108733742
1899,1.1011257171727873
1900,1.689132653967738
1901,0.20586212321727626
1902,0.8726357058731093
1903,0.7257957179982868
1904,0.7542148194368807
1905,0.2949247235324743
1906,1.2535172077264156
1907,1.0554374974188852
1908,2.369249953113007
1909,0.26387597118414363
1910,1.1382224795193403
1911,1.107775773585622
1912,3.1591094823031507
1913,0.8933810698984714
1914,7.084227885943221
1915,4.099305924343055
1916,2.2684209009228087
1917,1.3532865200556274
1918,1.0789531249741122
1919,0.8837352009979489
1920,1.0550558824647025
1921,1.7214579280137259
1922,2.8990093009804117
1923,1.642166914664838
1924,0.7105232321608448
1925,1.5192191226051237
1926,0.2187765516456979
1927,1.6752601720898501
1928,0.8277156616976749
1929,0.7050647949535562
1930,0.12998008118904641
1931,12.136556324679027
1932,2.586451080061463
1933,0.00119519818904927
1934,4.5225217330891585
1935,8.248241659356864
1936,1.3756028549408568
1937,1.426040636820668
1938,1.4706300155728973
1939,0.6604367337620849
1940,0.8975274883503834
1941,0.9505572081341409
1942,1.2052380662204616
1943,1.8251572096094386
1944,1.1086370743512366
1945,0.892679804688405
1946,0.6676128235028105
1947,0.31049389256619275
1948,0.32883950820890284
1949,2.011612452945459
1950,1.1520424832126281
1951,0.3214940346933966
1952,2.0244092833362175
1953,1.887936393947304
1954,1.9943672583138894
1955,0.8906532612330822
1956,0.7670166997081238
1957,0.3154833062058741
1958,1.12118421186363
1959,0.0
1960,1.5986561699555264
1961,1.2558361296936156
1962,0.851251646076653
1963,0.20480362488022774
1964,0.4578307899350928
1965,1.1100861112934495
1966,3.241873754152069
1967,0.28564580281064916
1968,0.4561458356078436
1969,0.38748913334522456
1970,1.7892181067198698
1971,1.2964835271248518
1972,3.9312231742201824
1973,6.8010288182712415
1974,4.190018262612513
1975,1.8205354987372813
1976,1.1765598529344463
1977,0.5711356530750558
1978,0.8717850040937163
1979,7.856752865154494
1980,3.185515927856352
1981,2.495202239364037
1982,0.3560758032950657
1983,2.2202148895717406
1984,0.6503063573505035
1985,3.026104806820871
1986,0.9705353224546394
1987,0.9588956276842473
1988,0.8048048123493627
1989,24.35794943688322
1990,3.7321859041457586
1991,0.0
1992,3.311866852163713
1993,4.3227576342646445
1994,1.8188749579137378
1995,2.5921378621049804
1996,4.414108095832542
1997,1.275291630122845
1998,0.09767474445405423
1999,1.1926421883572282
2000,0.16623632140943903
2001,2.761411721525126
2002,2.0513898061263203
2003,0.11283405706527709
2004,1.8470768228371597
2005,0.2909610098337402
2006,3.5861461361558122
2007,3.144448815040425
2008,0.7082401684161321
2009,0.9286613645280337
2010,5.467440724398324
2011,2.0432329326160814
2012,3.0312758087785587
2013,2.6391071288939374
2014,1.8788465962241592
2015,1.7605113499508938
2016,2.2830774055681213
2017,1.2441316811792111
2018,1.3906255715425124
2019,0.8554637876599773
2020,0.9330114950485537
2021,0.35876979078506216
2022,0.9343786980983557
2023,1.7424345491342865
2024,4.662013355445705
2025,0.2953038647675527
2026,1.0423046947828047
2027,2.3464591317650387
2028,3.240544494262078
2029,0.11792163359330807
2030,7.607935146771828
2031,1.9929100573000014
2032,1.1323091760426487
2033,1.6471290001251382
2034,1.950698354876677
2035,1.060171081559155
2036,1.0360927177329462
2037,2.9166022926966844
2038,2.985920966735934
2039,1.9722507199954262
2040,2.393869007010047
2041,2.281859689854283
2042,0.3057814590774898
2043,1.0004653600031677
2044,1.723559527992108
2045,0.7595109808768881
2046,0.06190022933492797
2047,20.46873475238586
2048,5.625136737533257
2049,0.0009416828809404099
2050,5.325193640999699
2051,2.442850719762702
2052,2.250647320147279
2053,1.8332845753501075
2054,2.096773677693209
2055,1.2639718435989955
2056,0.7051148913866235
2057,1.2287580755984453
2058,0.6589389798808329
2059,1.584126875426075
2060,2.1667478281271717
2061,0.6996474560572126
2062,0.9299230201221524
2063,0.0
2064,0.906706446050811
2065,0.8464777863717285
2066,0.24550029015474478
2067,0.7399746375270854
2068,1.976743811884269
2069,0.9495009851388245
2070,1.0040653277278881
2071,1.7897543744973832
2072,0.6179830343021071
2073,0.10375277270701545
2074,0.8694563071877195
2075,0.00792006195721251
2076,1.4454983521185625
2077,0.6715425987456928
2078,0.17852237795251424
2079,0.32947873025046
2080,1.5429070815849775
2081,0.6953953664421629
2082,5.947213723415127
2083,4.144814960751049
2084,0.8881551887668655
2085,0.4206512585523223
2086,3.5291077447970185
2087,0.2191585755604993
2088,9.700812208103912
2089,2.7085967942161906
2090,1.3725823348851007
2091,1.0662321741511385
2092,0.5891600345560967
2093,0.4957133816296108
2094,0.9696197101344544
2095,2.8636735111155556
2096,2.3507533827709226
2097,2.714653006959858
2098,2.1057506292188415
2099,0.6271795998220104
2100,2.8223802846756976
2101,0.36844545519525285
2102,0.45423173661796123
2103,0.9973350226903162
2104,0.8046702053156789
2105,13.912833384500807
2106,5.054690210271694
2107,3.791697572796849
2108,2.977289922807804
2109,1.7790043007012355
2110,2.9236699185477635
2111,1.665725400313235
2112,0.26134126066434593
2113,0.9243747413309651
2114,2.14234149480959
2115,0.741948667778952
2116,1.126561240595835
2117,1.2968542803321808
2118,2.553394319912517
2119,1.4983641130327174
2120,0.723988349251832
2121,0.6468402847019712
2122,1.610243314705235
2123,2.6338856593064297
2124,1.1747331380393606
2125,1.9772346217767987
2126,2.000191851554998
2127,2.1651774725414388
2128,2.3481671370458566
2129,1.223582145841702
2130,0.3126997059742787
2131,0.8026743645499097
2132,1.3086593260211912
2133,0.14127236063299645
2134,0.49121572866967406
2135,0.308894201116864
2136,1.0428555223434492
2137,1.014316760289682
2138,1.1335906506980917
2139,2.7120536267880264
2140,2.3307333707015974
2141,0.9529811789775307
2142,4.000587663298688
2143,0.8260576099063308
2144,3.205125403549764
2145,1.67541177199913
2146,2.810635852808622
2147,1.5462793551354073
2148,2.1922137626501303
2149,0.2870007879521855
2150,0.32223140507278797
2151,0.1901788160387297
2152,0.2573277081301108
2153,1.0096186144651258
2154,1.1417864494066612
2155,0.9085033822393529
2156,1.020862144350294
2157,0.6995147483898929
2158,0.6779642024754707
2159,0.23466283208538014
2160,0.273674418691666
2161,0.082868694709853
2162,0.22034804694024646
2163,4.076930628988922
2164,1.6444811578678085
2165,0.0
2166,1.3672004438070153
2167,2.3454255616076813
2168,1.7135340722665835
2169,1.3983248018645762
2170,0.1857626598408364
2171,0.19238615751024157
2172,1.232238500752996
2173,0.2836952101043468
2174,0.24368211909888082
2175,6.709636524488516
2176,0.9071305857993295
2177,0.7977433117289692
2178,0.6519318805414234
2179,0.0889438119211835
2180,0.05380672897415592
2181,1.2031215401186126
2182,0.303298694476529
2183,0.12003067266274853
2184,1.7708172042296209
2185,1.8306439845297247
2186,2.3537954547655175
2187,0.6520231298398116
2188,0.19028248370795406
2189,0.6159465404472015
2190,0.8579806267096
2191,0.04748497128185685
2192,0.667737958461183
2193,0.24933964710928944
2194,0.7125752227429419
2195,0.38381164505114784
2196,0.2917652950595072
2197,1.4762245989777791
2198,2.4734465058879596
2199,0.26542891818740183
2200,0.9441706620096253
2201,0.6551036405069257
2202,1.0369587623986032
2203,0.2788830919209992
2204,3.6680717885192613
2205,3.1159698137627108
2206,2.1708569679160945
2207,0.3917949722785771
2208,2.340415838690153
2209,1.7005436116685253
2210,1.0532248436958838
2211,5.571953789744015
2212,2.2792499499853784
2213,2.3067121996762934
2214,1.1793937746035308
2215,1.0717253590839202
2216,2.9339347374148352
2217,0.2146972922449997
2218,0.9387165293055721
2219,0.19753080020800026
2220,2.1177912707502435
2221,20.118865132427796
2222,2.888119671846316
2223,0.0
2224,4.629215531534819
2225,2.3550619351906783
2226,4.368125579775863
2227,1.211491600477063
2228,1.1352523120538784
2229,1.1558590745963324
2230,1.2609316811153515
2231,0.2261121258886931
2232,0.25448529028291317
2233,2.4517309130242433
2234,4.22712323969257
2235,0.1291791727608476
2236,0.16104077331338898
2237,0.07376285016729685
2238,1.9164575272457633
2239,0.9171256713128333
2240,0.7219411349066273
2241,0.22783604729785165
2242,3.756971602526175
2243,2.208343550763789
2244,1.9036791609114503
2245,1.90588495778327
2246,1.1946128777184943
2247,0.26176515965773767
2248,0.4123291736547021
2249,0.0
2250,0.6252046819449719
2251,0.26318034883250857
2252,0.7957092946054163
2253,1.1054555678690419
2254,0.5423383669378457
2255,0.4473972466306817
2256,3.543546630530397
2257,2.6656941535839467
2258,0.3777443013903507
2259,0.3614468254817707
2260,3.4598401610076297
2261,0.27621333438624923
2262,2.3808910634107296
2263,1.543096600021775
2264,1.0468594958309734
2265,0.528340926495799
2266,1.090472180815138
2267,1.0087909659094254
2268,0.9046245047587484
2269,4.138042309607749
2270,2.0872847777795505
2271,2.0533869938657787
2272,1.2620309795248716
2273,1.8783525202380047
2274,0.35644409873624733
2275,0.23354604234070675
2276,0.36292763227147645
2277,0.16041098666992426
2278,0.2955170678124848
2279,15.514266000482886
2280,3.2039860682948995
2281,0.028011369718524637
2282,3.6104212776612012
2283,3.038651033665781
2284,2.009177863058863
2285,1.8599284049708134
2286,1.934253720965247
2287,0.834075553584364
2288,1.088480513450225
2289,0.8674092941111657
2290,0.2021666499155664
2291,1.9351417264553983
2292,2.3833502753813325
2293,1.1074871482565303
2294,0.184348585517377
2295,0.13825256411585227
2296,1.0228783756270812
2297,1.4601470987255611
2298,0.2827913758354076
2299,1.1655566023754431
2300,5.791846464359402
2301,1.361768894092384
2302,1.8451762241233802
2303,1.1057238361068553
2304,0.08848989172172532
2305,0.2558356624498612
2306,0.7827565610632865
2307,1.774520013806991
2308,0.6299714944430901
2309,0.18143876379852733
2310,0.45745043130947854
2311,0.23919958961990992
2312,0.3694230304466855
2313,0.3565376336216588
2314,3.21571545383022
2315,3.0042386109769184
2316,0.9224946572527695
2317,0.3034553582988658
2318,0.9048572679008728
2319,0.8865191830118839
2320,8.097971903539015
2321,3.123330625605978
2322,1.8248257718790186
2323,0.4379192266990701
2324,0.8712672411990816
2325,0.1425701686911254
2326,0.49962314116002915
2327,2.3300066857215325
2328,2.0033716372210173
2329,0.6391961551429471
2330,2.0089694388954333
2331,1.24436942309928
2332,1.3305594978601107
2333,0.7861016934813262
2334,0.34323243441508927
2335,0.10318963578548457
2336,0.29007063491608165
2337,3.920464467903294
2338,3.0484901902094177
2339,0.0
2340,3.5644486724263316
2341,1.6670957358707452
2342,1.8985113831259497
2343,2.083036294556266
2344,0.9877858676184972
2345,0.6721859541804039
2346,0.9696504259552048
2347,0.37585245666561323
2348,1.0236289127772675
2349,1.1486262064396657
2350,3.071551569115999
2351,1.1132001419841084
2352,0.6090038980082034
2353,0.4989481568230474
2354,0.9395996971665277
2355,2.0166982640857647
2356,0.9793835764690282
2357,0.42683373552547643
2358,1.431673657962879
2359,2.9575305410498363
2360,2.104429578762743
2361,0.9099870810540169
2362,0.4445643097326433
2363,0.48990902508538886
2364,1.6385709348962192
2365,0.00474239005517291
2366,0.8117663643645077
2367,0.8862656898920842
2368,0.9156911117534652
2369,1.1163434410974473
2370,0.3689285175004156
2371,1.3332698315405533
2372,1.6217399087372906
2373,0.5158591408800438
2374,1.2864106489115257
2375,0.539401482630824
2376,1.8495227894993302
2377,1.3704698520239167
2378,8.44950753365006
2379,2.3280942059442458
2380,1.0027164599639544
2381,0.6537118528601484
2382,0.3162389028306928
2383,0.4741579399111891
2384,1.5282786230160272
2385,2.2652962687357303
2386,2.3578419523158876
2387,1.053487723246525
2388,0.8601193290578948
2389,1.4884640756711947
2390,0.19694631303507906
2391,0.9129543218885792
2392,0.3063514150830899
2393,0.31545880578806695
2394,0.07376461570849223
2395,10.739734350478775
2396,3.319459748906876
2397,0.0
2398,3.1071687776516477
2399,2.2877578386479014
2400,1.2571638064557071
2401,2.6908730599742414
2402,0.9947787412806552
2403,0.6648254426122839
2404,0.11914550993993563
2405,0.7275337990031947
2406,0.8922744342103097
2407,3.984991263310958
2408,0.2616046073495259
2409,0.7186014054238389
2410,1.0620049675755483
2411,1.066241186413389
2412,0.15321054057529512
2413,0.35402419380411115
2414,0.0
2415,0.29523271204805335
2416,0.8443988586463236
2417,1.83289571134372
2418,0.6196059550564867
2419,0.2622643803813611
2420,0.2792117872054895
2421,0.793331912869763
2422,0.7968791216182913
2423,0.0
2424,1.0362242603392477
2425,0.614069341512454
2426,0.4556894052249515
2427,0.11545095363494734
2428,0.18754582849398038
2429,1.0600476082381596
2430,2.5777684596099424
2431,0.18542944695314947
2432,0.8537943932515615
2433,0.9564271051711106
2434,1.0061319071110357
2435,0.715555192634854
2436,8.776657405709617
2437,2.408307266024035
2438,2.0985212235382784
2439,2.3474805794780624
2440,1.8556631309363385
2441,0.8961574577104967
2442,0.9404577539596533
2443,2.1312867812354157
2444,1.933980017598127
2445,2.579911280659553
2446,0.9856040904844172
2447,1.9962081304196442
2448,0.21129422521956132
2449,0.5839210201253336
2450,0.7603822931771607
2451,0.8299203964141693
2452,0.18409424207663203
2453,20.759392065231875
2454,3.9175637874090876
2455,4.762474067294645
2456,5.520614509616616
2457,5.499690567945345
2458,2.0597983429233344
2459,1.2962634565093034
2460,2.808233864171066
2461,1.6391455785406706
2462,0.4026356024830447
2463,1.042118617955959
2464,1.1492106336786585
2465,1.8118772147323976
2466,1.1426891321778014
2467,0.7292733486723899
2468,1.175002062373378
2469,1.2503357096085912
2470,1.0487815990033436
2471,1.4503710715055962
2472,1.1114004600804346
2473,0.27247464246635905
2474,2.043746242731934
2475,2.9095627792863294
2476,2.1638867301761895
2477,1.0117072250894457
2478,0.8365917350139651
2479,1.2743207412518247
2480,1.551717882777278
2481,0.29926803509175964
2482,1.14982695877852
2483,0.9550833802992946
2484,0.8080930009632588
2485,0.27637449252578694
2486,1.6026646806920413
2487,1.4126411441322018
2488,2.7507577621257266
2489,0.4173100314770838
2490,2.313862421577738
2491,1.4644132909515246
2492,3.2205763087546795
2493,1.055617670857228
2494,9.479544731775263
2495,4.901081771399753
2496,2.7832494406021353
2497,1.8017131631432264
2498,1.2081318165941322
2499,0.8929074066237748
2500,1.0930594079570095
2501,1.7295312748529086
2502,3.3182515620696664
2503,1.5508212128243983
2504,0.7913388755785116
2505,2.0585960040538573
2506,0.2230121892180903
2507,2.042763155168893
2508,0.9667547851174287
2509,1.050736715390761
2510,0.14423959145378537
2511,14.417354081029735
2512,2.445868026993429
2513,0.0
2514,5.996688712765591
2515,9.156434249487605
2516,1.9321591374736955
2517,1.4242233708614387
2518,1.923614456869175
2519,0.8795172210095117
2520,1.0358347117381759
2521,0.9716368738796657
2522,1.2252468070863207
2523,2.422539725388336
2524,1.1903248655951895
2525,0.15928865710161447
2526,0.7170514727752124
2527,0.819036984547991
2528,0.4781217913157024
2529,2.9768046741604586
2530,0.8590052777927757
2531,0.32471707338488925
2532,2.983285556680312
2533,2.450796165335384
2534,2.9338104179197018
2535,0.9874793250159541
2536,1.1145162281269807
2537,0.7106555464816009
2538,1.723682174106378
2539,0.00022127988253679
2540,1.7629422319579895
2541,1.4078785254212238
2542,0.896115055012789
2543,0.23484747131701952
2544,0.46643003007162387
2545,1.2090126870508977
2546,3.081075233157015
2547,0.28791812510143416
2548,0.37302763441218534
2549,0.4417294217926131
2550,2.073489042072884
2551,1.3715709350164127
2552,4.386416821076842
2553,6.737086141856279
2554,4.515524455494364
2555,1.7380893098962011
2556,1.4306612499177702
2557,1.017554702465426
2558,0.8175018600992152
2559,8.108436709869892
2560,3.2023304112778757
2561,2.788064654808106
2562,0.5170901343535247
2563,2.3884160940111325
2564,0.6520948645378443
2565,2.70230168732253
2566,1.1275471698779793
2567,0.8711076166468452
2568,1.0127835008472936
2569,25.12116540456725
2570,4.239425283883033
2571,0.0
2572,4.6144832212589755
2573,4.0140284785703155
2574,2.1971936399572134
2575,2.591072677592679
2576,4.2125635528869125
2577,1.2911184473007766
2578,0.07527536017586102
2579,1.739121843949282
2580,0.2827797860776705
2581,2.805551248164192
2582,2.759105282882172
2583,0.18628570282406712
2584,1.8982769739151508
2585,0.2513837071765873
2586,3.67917584368921
2587,2.4397518702093133
2588,0.581474293959688
2589,1.1247677411805892
2590,5.59866377771859
2591,2.104822498031533
2592,2.988560154822019
2593,2.854489162620759
2594,2.0320187922043074
2595,1.7437440220021356
2596,2.6630622418691123
2597,1.3401296264256861
2598,1.4829029593275191
2599,0.9272742861351744
2600,1.005556419415178
2601,0.4254403699618036
2602,1.0699336074684163
2603,1.7857049099025912
2604,5.03162875249688
2605,0.2979023567525993
2606,1.0287385622257585
2607,1.4063157311791028
2608,5.774910165531383
2609,0.12039012430931899
2610,11.219875997954713
2611,2.4084547349904573
2612,1.3835100633404447
2613,1.360714614633573
2614,2.290582682110549
2615,1.107835791233057
2616,0.9201624902856933
2617,3.066159670251414
2618,2.940817765592917
2619,2.0371745989238335
2620,2.8401817601424466
2621,2.160159492968867
2622,0.39887859820692595
2623,1.009784699677891
2624,2.0920497619812726
2625,0.9536993775147762
2626,0.06048325879530949
2627,27.22947477906996
2628,7.10826811363278
2629,0.012180313414310369
2630,6.417165814341348
2631,2.7306271303882776
2632,2.613477953318158
2633,2.0269262738488187
2634,2.5189150754768885
2635,1.2202115087813665
2636,0.7273542039230676
2637,1.2690464607237613
2638,0.9424825199469169
2639,2.785895089160129
2640,2.8194035891443177
2641,0.8627456359370489
2642,1.193031961604226
2643,0.12072000309587672
2644,0.9796396434864756
2645,0.7757099599167994
2646,0.270769329537761
2647,0.9350934972172664
2648,2.183893648181267
2649,1.1828046873864788
2650,1.5430805606132214
2651,1.9643817850437602
2652,0.8627956872056826
2653,0.14624552512844666
2654,0.9358408151576174
2655,0.08838967967839632
2656,1.646489084603774
2657,0.7712521689860405
2658,0.2076616000727132
2659,0.7299820786583495
2660,1.6735613061296752
2661,0.5304997826714171
2662,5.297673991290841
2663,3.525645408650514
2664,0.43689487711602293
2665,0.7788062341502819
2666,4.095061807845173
2667,0.23220090467883378
2668,14.71655561487231
2669,3.41293757999887
2670,1.4467387890034862
2671,1.0950893030758424
2672,0.6288247776967022
2673,0.5424591268885345
2674,1.0465332977513517
2675,3.322136064197931
2676,2.5046395284680907
2677,2.905803133877635
2678,1.9528352835363267
2679,0.6640255861443972
2680,2.4690986467653637
2681,0.41204799481568716
2682,0.44140801070481317
2683,0.9807668899798037
2684,1.0824150088087838
2685,16.397489292134757
2686,5.30900640401498
2687,4.410531663317157
2688,2.9343712697208866
2689,1.8517299186511371
2690,2.8796062740175987
2691,1.7338292019169907
2692,0.2887409937855573
2693,0.6152072665553708
2694,2.188205677905406
2695,0.45025458151146114
2696,1.0741769324325519
2697,1.0981511230020395
2698,2.5526034105370994
2699,1.4469888493061913
2700,0.7552255024334217
2701,0.30121041266263254
2702,1.4508299054898388
2703,2.228581561820889
2704,1.1056568215849556
2705,2.1536155435561497
2706,2.26055467635671
2707,2.427105572687316
2708,2.9125588137817613
2709,1.2291994984589893
2710,0.32754721626832417
2711,0.8192333076075649
2712,1.8520660867638417
2713,0.22622557673286336
2714,0.49671837637555377
2715,0.32817749131103824
2716,1.038621534473945
2717,1.236703913359513
2718,1.123055118450823
2719,3.06776845475637
2720,3.2390970029392583
2721,0.9742155903075729
2722,1.984289957878695
2723,0.8581419142829854
2724,3.304279590480335
2725,1.8259636292170145
2726,3.037005504929141
2727,2.9849767548197206
2728,2.4622566459153377
2729,0.3316891273470295
2730,0.39246294290549255
2731,0.14841147506907715
2732,0.23514307406755044
2733,1.2339638022355932
2734,1.391624913842276
2735,1.0093998068185204
2736,1.1939028376379037
2737,0.7966169653045138
2738,0.7806113746405616
2739,0.22921731532661974
2740,0.321954329479045
2741,0.0710687222965762
2742,0.22547783581797642
2743,4.892288464911415
2744,1.7322312223212868
2745,0.0
2746,1.58169942339271
2747,1.6104419601194784
2748,1.8990927684543961
2749,1.400365765423491
2750,0.08174729390164939
2751,0.31900989116235495
2752,1.2259182550605943
2753,0.29558422851198757
2754,0.2383235969185484
2755,4.492181532783997
2756,0.93921090565409
2757,0.6485857366375904
2758,0.6603899638124604
2759,0.12963746527354897
2760,0.016400886695141267
2761,1.1656425834844968
2762,0.21566324592568048
2763,0.09852872187465873
2764,2.06869612111468
2765,2.0279268269673887
2766,2.763388260901773
2767,0.8225876596845298
2768,0.7055221102739038
2769,0.33350244309176014
2770,0.8422467800680193
2771,0.08596216135946837
2772,0.7692688119312497
2773,0.6174059954542951
2774,0.7440559835445018
2775,0.7974855313776789
2776,0.2970912981264152
2777,1.8442314738871621
2778,3.2798408991556713
2779,0.21911711142953083
2780,0.8201505308182053
2781,0.2945321585892266
2782,1.1562195645565545
2783,0.21977578211548532
2784,3.6721052493959503
2785,3.6391230108262533
2786,2.1551213786489263
2787,0.36372801891166884
2788,1.95931020764711
2789,2.168946901932821
2790,1.0620974600733908
2791,5.456351019479371
2792,2.266240938521129
2793,2.3532955840763785
2794,1.0567960328924864
2795,1.0400787047357496
2796,2.7400683093789597
2797,0.19044448382395476
2798,0.8561772546082527
2799,0.17776941987011688
2800,2.1708459325274982
2801,20.341392481796554
2802,3.381364536841571
2803,0.0
2804,4.767586213243545
2805,1.9941419240795315
2806,4.969382731123872
2807,1.1530249479690493
2808,1.2578447782697426
2809,1.1809126110866506
2810,1.001961136771741
2811,0.19512015918137862
2812,0.2271705754532295
2813,2.1469179064369373
2814,4.3023817465546825
2815,0.06032107113348575
2816,0.14749311798986778
2817,0.10046530528767193
2818,2.222358296927009
2819,0.8910498804126008
2820,0.9159583210555501
2821,0.21986020034312656
2822,3.924438527103657
2823,2.6362775661133013
2824,1.9083342606627318
2825,2.13648157498372
2826,1.1326250806177693
2827,0.23120292549339796
2828,0.6665511049661201
2829,0.0
2830,0.30919232645861733
2831,0.24593284438941448
2832,0.8211927544916693
2833,1.1693927622085918
2834,0.4468052128394639
2835,0.38571946431491766
2836,2.497969278178226
2837,3.1051191849531308
2838,0.4027032993673383
2839,0.3697865682361267
2840,4.178763733917425
2841,0.21706980605529969
2842,3.1852908411657017
2843,2.199660733657183
2844,1.1902163900889295
2845,0.5843535766408224
2846,1.3357395110598609
2847,1.088284160021127
2848,1.0017349374738658
2849,4.723163311447541
2850,1.9776076953862645
2851,2.2688118738672
2852,1.3029136732772595
2853,1.755235151440877
2854,0.35376564437458247
2855,0.21312601756426497
2856,0.4395900721902243
2857,0.13920586372957655
2858,0.21219151826375404
2859,17.345914020529136
2860,3.0010972294477223
2861,2.1591580329971243
2862,4.151657153084835
2863,3.2742353292393385
2864,2.0408466793050013
2865,1.479977783551618
2866,2.081762227908917
2867,0.8582906917687552
2868,1.0166611287920317
2869,0.5607687079278352
2870,0.23439512320753653
2871,2.377966588352909
2872,2.409616805909755
2873,1.1848581693321736
2874,0.10879655039825137
2875,0.16108123079844103
2876,1.057574157332134
2877,1.3082386678438969
2878,0.4317246921700384
2879,1.1134136502519165
2880,6.365705063600976
2881,1.9501867080680486
2882,2.078571726077371
2883,1.3668204102986903
2884,0.00274380291374329
2885,0.28352307761977213
2886,0.828817422421412
2887,1.736766306948387
2888,0.6507419237087586
2889,0.18624426838026012
2890,0.3589672296324542
2891,0.22208256662409132
2892,0.36884973022138196
2893,0.30940871078354515
2894,2.652311067195897
2895,2.693691893875684
2896,0.929357235785131
2897,0.4676731207078187
2898,1.0522161394711054
2899,1.071296199576291
2900,8.508309671393361
2901,3.175589333949158
2902,1.5215712160057897
2903,0.538352603973063
2904,0.9855930874998553
2905,0.2559264210676168
2906,0.7530761320555552
2907,2.2264606918661416
2908,2.26648541614292
2909,0.672601583367931
2910,1.673766622577862
2911,1.2961030746664275
2912,1.6043659743338314
2913,0.8094451049315248
2914,0.44955129162412316
2915,0.22511902438764553
2916,0.6301434029041544
2917,4.071215469454928
2918,3.4746423277759506
2919,0.0
2920,4.186972548431921
2921,1.585202491016176
2922,2.10485185247715
2923,2.3224427339844134
2924,1.1554443303973385
2925,0.7528380887748987
2926,1.2170113424038134
2927,0.4181167070439871
2928,0.5122815674829566
2929,1.056756525847918
2930,2.8185580707305973
2931,1.3728864881377627
2932,0.6257055164619815
2933,0.6433279711550498
2934,0.8787153407179502
2935,1.973448499160427
2936,1.2151238669600062
2937,0.52029352666501
2938,1.9109932457188297
2939,3.129315969250193
2940,2.1667853844008405
2941,1.2238519878247702
2942,0.5325598567663128
2943,0.8612079109533672
2944,1.4156273370651868
2945,0.08616523289081532
2946,0.876735895016379
2947,1.040310546001705
2948,1.0421764256028412
2949,1.0394430180740302
2950,0.4205026446946416
2951,1.6801408734745824
2952,1.4647555872264284
2953,0.4734494472179648
2954,1.2388704079826924
2955,0.9188146919395608
2956,2.651181033335421
2957,2.4021695598703543
2958,7.789349510099129
2959,2.243011787989333
2960,1.1788406058567467
2961,0.697639080961818
2962,0.2813969625523103
2963,0.7971551064266376
2964,1.2358395419267534
2965,2.464026751670012
2966,2.4416245713104305
2967,1.130674513461922
2968,1.2032817803480085
2969,2.3580204166259793
2970,0.31952855480041864
2971,1.0425500738316913
2972,0.4884308218886185
2973,0.7216303031100466
2974,0.15333847104144757
2975,12.350101465847553
2976,4.24446029296014
2977,0.02596706803138812
2978,3.9767653365000646
2979,2.4038139384244532
2980,1.2444081553564756
2981,3.035446465864154
2982,1.181249202763977
2983,0.7937510325243046
2984,0.1748961263782753
2985,0.9598901112632985
2986,1.0133449469761213
2987,4.108371949715906
2988,0.30955075185205366
2989,0.9650442488336961
2990,1.141537737294596
2991,0.985457985167443
2992,0.206744176242212
2993,0.284263679139616
2994,0.05679561913405982
2995,0.3304147569958639
2996,1.1352602119008608
2997,1.8323207854706807
2998,0.8596811173642334
2999,0.27727866353069175
3000,0.8120893776667024
3001,0.7999107751042649
3002,0.8579978825663961
3003,0.0
3004,1.145878800179492
3005,0.31065015113596817
3006,0.7781982944518034
3007,0.154105793291415
3008,0.2656470484701763
3009,1.1973691545078715
3010,3.1806023017864384
3011,0.2655723102261258
3012,0.8977739308150019
3013,1.0085167935901025
3014,1.1018933215245768
3015,0.4123227094480596
3016,10.539500698142897
3017,2.552083787753895
3018,2.488308916505223
3019,3.213209282706099
3020,1.893977347336739
3021,1.030361600881769
3022,0.9515846584834826
3023,2.8507611292444235
3024,2.0600869029708657
3025,2.3111998427217517
3026,1.4478989941172689
3027,2.2476695732491563
3028,0.4222647106783434
3029,0.5817904089322339
3030,1.0150444238494791
3031,1.1047611396718495
3032,0.25863430865434617
3033,24.51467903118924
3034,4.935752612521087
3035,5.371672833099204
3036,6.0694620772262144
3037,7.027577931026247
3038,2.254779389721964
3039,1.4824548698294324
3040,3.0039936907776883
3041,1.916078299051856
3042,0.8455398343855611
3043,1.8320024245644624
3044,1.1980640774174653
3045,2.534238035138796
3046,1.2858975939038169
3047,1.5118767107172058
3048,1.3240982682613154
3049,1.1756060223304776
3050,1.339222349454329
3051,1.4879238577027933
3052,1.4878786194685796
3053,0.41242745301476874
3054,3.0702306105225703
3055,3.800660362990442
3056,2.6776485038640634
3057,1.227885881923166
3058,1.0640094996700338
3059,1.5064231005614297
3060,2.2265393924014814
3061,0.42753025312506654
3062,1.2627057749854969
3063,1.2155507082677661
3064,0.913658174668742
3065,0.2678838621734262
3066,1.3253033473623919
3067,1.4017786716157914
3068,2.878619685059626
3069,0.4208673400342054
3070,1.950202914256323
3071,1.320468360277309
3072,3.600767888806876
3073,1.315776173337098
3074,9.825765525476095
3075,5.2173465005589215
3076,3.346537441915139
3077,1.7317639485223029
3078,1.391432633223175
3079,1.0839645142352918
3080,1.4913285584412876
3081,1.9909483019212075
3082,4.315599153817107
3083,2.1105242135588607
3084,0.9585589150530545
3085,2.219324707090278
3086,0.3051403312246612
3087,2.180985097852139
3088,1.2331810993680803
3089,0.959308206213864
3090,0.2029495658217949
3091,16.782309382015757
3092,3.029830357602245
3093,0.01528810381244111
3094,6.677154698617664
3095,9.40019020465313
3096,2.3227017434808745
3097,2.142017004198219
3098,2.2347106162437185
3099,0.8418593137976913
3100,1.2688978968854934
3101,1.201778498005036
3102,1.8698010365338802
3103,3.2399928484989227
3104,1.5600272874682513
3105,1.0773657510485435
3106,0.6790457450392395
3107,0.9622281740619176
3108,0.9177337507994106
3109,2.819265858655128
3110,1.2589769416435144
3111,0.3913296658279044
3112,3.7497109361390013
3113,2.9424322451740665
3114,3.268022913168373
3115,1.8026147496790506
3116,1.454721771046658
3117,0.7871049939371204
3118,2.038350397106028
3119,0.07853743718230949
3120,2.2252778303746856
3121,2.1536297926056274
3122,0.9657744932932835
3123,0.3059667685966358
3124,0.7663015696827795
3125,1.2283936868571181
3126,2.7821340644756525
3127,0.44580609050946934
3128,0.5297656990469897
3129,0.7931224498341509
3130,2.5162041935240325
3131,2.514860162542154
3132,5.392913543186511
3133,6.407537807859399
3134,6.333593904482439
3135,1.9562219343817033
3136,1.4068772258151152
3137,1.1941160339413295
3138,1.0659662419412552
3139,10.268852592382817
3140,3.9206110210091785
3141,2.999173827032219
3142,0.8992317088288846
3143,3.1808471717438405
3144,0.7889954672438917
3145,3.1240240463361966
3146,1.2457925988493603
3147,1.7614954721256106
3148,1.0849692554239359
3149,27.071323536324815
3150,4.364686094281241
3151,0.0
3152,5.023051304767469
3153,5.952993078753567
3154,2.2620562827345077
3155,2.72748228484154
3156,4.937587170758404
3157,1.3220756562950553
3158,0.20662583736338494
3159,1.5702471922881653
3160,0.47524605692611216
3161,3.1975128192438853
3162,2.4546516839303054
3163,0.1545974167579146
3164,1.9796865691016272
3165,0.8593851244427342
3166,3.7660818268271594
3167,2.744984177224649
3168,0.6315395377253771
3169,1.3447513082562719
3170,6.72100913845326
3171,2.5199997562203023
3172,3.837067448578588
3173,3.1668569664826203
3174,2.568765627061353
3175,2.0056130013737725
3176,2.953884472222825
3177,1.6522673257517932
3178,1.6351285103003872
3179,1.296465151706048
3180,1.2377143233328987
3181,0.8652123765432622
3182,1.020749831744746
3183,1.8200620182649652
3184,4.790520212699715
3185,0.36445849047839374
3186,1.3640175327813877
3187,1.5123428313772667
3188,4.120453382688848
3189,0.19334355466982497
3190,12.317867105655447
3191,3.0215595936844615
3192,1.6781278579486476
3193,1.4579944544665713
3194,2.73104700110881
3195,1.3457736754835146
3196,0.9049021213843738
3197,4.349162966285398
3198,3.266516735596858
3199,2.2987997895331462
3200,3.073474656699511
3201,2.7074504904796646
3202,0.6229727401617392
3203,1.2107211567744993
3204,2.371511309965223
3205,1.161539158003292
3206,0.15051299259322332
3207,26.718755725268398
3208,7.5866801210442105
3209,0.07792835950595339
3210,7.71692248900389
3211,3.3717457757416
3212,2.918828709615667
3213,2.219144763952093
3214,2.4511361956903848
3215,1.5548490172966232
3216,0.9122976829754417
3217,1.9140259788295357
3218,0.8300030771628624
3219,2.7665523469855664
3220,3.2424938510382546
3221,0.8560869136688298
3222,1.1954088788867674
3223,0.0860265520444085
3224,1.1757657947937417
3225,0.8820101697468308
3226,0.2081183459620379
3227,0.9365028582462427
3228,2.6377950855888646
3229,1.3439697360335578
3230,1.459939985641903
3231,2.736214623255802
3232,0.9525670018724723
3233,0.15613780847016126
3234,1.1048001320076881
3235,0.1375762909422612
3236,1.9995078704947025
3237,0.9501642254148848
3238,0.2757573538224312
3239,0.7931000914657746
3240,1.881918373350923
3241,0.8143626316434307
3242,5.265698092652475
3243,5.046503518579575
3244,0.4539372140089822
3245,0.5010966109290618
3246,6.5650822016373755
3247,0.31788219978626625
3248,15.452163077330411
3249,4.001197585208465
3250,1.2109342816474868
3251,1.169232746087729
3252,0.582914386406199
3253,0.4641544911793215
3254,0.9293809699109152
3255,3.3851633159542587
3256,2.4389809951652985
3257,2.86984372146933
3258,2.373238848756104
3259,0.8506853264659082
3260,3.090190201737351
3261,0.439657921885748
3262,0.8434730476102159
3263,1.2073144822417097
3264,1.1947458508682867
3265,16.14686552850778
3266,5.295161583385728
3267,4.707723054164418
3268,3.3456700217568804
3269,1.7013858594639037
3270,3.361935801482879
3271,2.603299851678745
3272,0.38118377392958236
3273,0.646865202882548
3274,2.3119724739249508
3275,0.7899270081602487
3276,1.251836588728455
3277,1.2982575049634104
3278,2.8203095053162968
3279,1.4903431772550015
3280,0.950588616856685
3281,0.7617442685556968
3282,1.4318773828392857
3283,2.4408662305115354
3284,1.5152368741276683
3285,2.0401728740983143
3286,2.3619194709877376
3287,2.988250421682042
3288,2.955413894445165
3289,1.3766537986284768
3290,0.356667266383073
3291,0.9258223568993926
3292,1.8857829332362392
3293,0.36332643151999233
3294,0.8721193412410686
3295,0.3558800543712201
3296,0.9918625139752757
3297,1.1755689278404948
3298,1.7141285263557817
3299,3.106787364345948
3300,2.7522491355296688
3301,1.0705902161361323
3302,2.213984319609903
3303,0.9649781477335608
3304,3.4856957313805186
3305,2.383340212988417
3306,3.18646998298121
3307,2.5454134036672005
3308,2.792290701683309
3309,0.30487609230149965
3310,0.4941236898504865
3311,0.227954342355385
3312,0.6100818517996547
3313,1.2277579469366164
3314,1.444538483505096
3315,1.0987863671644582
3316,1.256641837752337
3317,0.8196378738897303
3318,0.9009437069454542
3319,0.37193338227787703
3320,0.39765846473517097
3321,0.20958716691568177
3322,0.7677132044807182
3323,4.9928106768038685
3324,1.6751464208563789
3325,0.0
3326,1.9103353390880486
3327,1.432465643335591
3328,1.8579788835340252
3329,1.6559150770933069
3330,0.16058280436190003
3331,0.383696926923858
3332,1.328698470518362
3333,0.3328213598382528
3334,0.29095823295033146
3335,4.1125804862967215
3336,1.11305463122845
3337,1.1408069707964983
3338,0.4031018033814713
3339,0.13307082348421387
3340,0.21686142540974848
3341,1.2240049591103066
3342,0.5075678217510987
3343,0.1590258799239798
3344,2.6941269616273313
3345,1.9743264286032476
3346,2.913696283285554
3347,0.854685320375048
3348,0.7253530984404026
3349,0.7562895497838064
3350,0.8863495523900908
3351,0.14773128996328977
3352,0.8956804831416312
3353,0.674965083110786
3354,0.8252772386430791
3355,0.53397883174401
3356,0.3537305606481678
3357,1.7001955993507316
3358,2.683639398793654
3359,0.2916540174231181
3360,1.0716774786614225
3361,0.45664359097198287
3362,1.199190179354052
3363,0.33839945028209
3364,4.047493352483539
3365,4.065605664425294
3366,2.658993533513632
3367,0.505220613840889
3368,2.30415884537705
3369,2.037927226906679
3370,1.2071156190556502
3371,6.223284809019996
3372,3.11106888986956
3373,2.649805281416046
3374,1.4535527290860835
3375,1.2082937726198917
3376,3.0266077839532795
3377,0.29590248720553247
3378,1.3515882272371544
3379,0.31923558691241255
3380,2.555380273186429
3381,24.521389873939583
3382,3.084712672442917
3383,0.24629466697236554
3384,5.45262632229818
3385,1.7890601147055087
3386,5.431548519612439
3387,1.230071361362751
3388,1.3495759719214917
3389,1.2335018544274305
3390,1.1258154251987798
3391,0.22380321101249487
3392,0.5952562754682392
3393,1.9596275266638319
3394,4.051946075704321
3395,0.32220856029510075
3396,0.2528727213854811
3397,0.1531951208510653
3398,1.6688926479171375
3399,0.9192885842285934
3400,0.8694156017847285
3401,0.2605678799746306
3402,4.052952448336509
3403,2.2005868336161285
3404,2.045001802169079
3405,2.5356040429805846
3406,1.3201860333261313
3407,0.6088101788453983
3408,0.8818817933751588
3409,0.02608495971512564
3410,0.4978934738268164
3411,0.3703511354798931
3412,0.9199710665384524
3413,1.2062477642780558
3414,0.502419293006251
3415,0.6507034814541721
3416,3.452550148432396
3417,3.1412741049969517
3418,0.45855259827961975
3419,0.42667194144520615
3420,4.392487887925824
3421,0.24193776920605506
3422,4.186821984435677
3423,2.553757470334794
3424,1.3822858784283933
3425,0.9113647430771348
3426,1.3128392390755572
3427,1.2974439400687041
3428,1.0137511488055355
3429,5.487026125024972
3430,2.0717307536864107
3431,2.1089935853439905
3432,1.5200276645573287
3433,1.9230062811581772
3434,0.7803656991698544
3435,0.34918209279859225
3436,0.8868939521768244
3437,0.2956270359783385
3438,0.8239572311394936
3439,18.878859278977295
3440,4.232769252466337
3441,4.385540146686
3442,5.022603634528956
3443,3.8693448979066307
3444,2.181837644698459
3445,2.203635959407523
3446,2.455074624656596
3447,1.125765203490793
3448,1.1920746082407305
3449,0.8602116646479361
3450,0.31657588572150885
3451,3.213664094690495
3452,2.387798625927213
3453,1.0062489258301224
3454,0.14553063291588633
3455,0.1743227021057897
3456,1.2799715551502604
3457,1.3503790806325024
3458,0.6755180367427279
3459,1.230996171483385
3460,6.680656473011714
3461,2.2280208834375252
3462,2.1755932400586357
3463,1.631904138331809
3464,0.13357975124508273
3465,0.3921647199805319
3466,0.9575007217598419
3467,2.205757697185482
3468,0.4133611507690857
3469,0.2753493475178334
3470,0.8175070044724522
3471,0.30381869383078847
3472,0.42908206801525317
3473,0.48386839721265695
3474,3.124133909245018
3475,3.3775785010888035
3476,1.0060018102556685
3477,0.40649875171061933
3478,1.4678076925247845
3479,0.9246415237071084
3480,8.325955781504364
3481,2.7626336142434313
3482,1.8722064930013431
3483,0.4455397560962797
3484,1.0512309114791818
3485,0.24231621315333038
3486,0.45727743240607144
3487,3.3063170324046003
3488,2.3255160189724773
3489,0.773637251111132
3490,2.2376417444007504
3491,1.5703290837941573
3492,2.1393432084718107
3493,0.9202340024081888
3494,0.4741331712194701
3495,0.2575802685519975
3496,0.32622204639929114
3497,3.6293023250096264
3498,3.172896877531304
3499,0.0
3500,3.382813443554681
3501,1.6298938100447762
3502,2.2254443676764986
3503,2.4455524387705494
3504,1.055533870517144
3505,0.9379994220109396
3506,1.5324628226206598
3507,0.48102701599241976
3508,0.9653237937316776
3509,1.0580199008526936
3510,2.483318162096901
3511,1.6219534471948314
3512,0.6753502042154746
3513,0.2009902809162838
3514,0.9977597563849945
3515,2.109933350991867
3516,1.1716028908131655
3517,0.4321671323015835
3518,1.8282174051560243
3519,3.1976866211801576
3520,2.222230939345128
3521,1.2124540143846751
3522,0.47637243309179295
3523,0.9660321633726163
3524,1.6255270436950393
3525,0.1359946381558854
3526,0.8449075138546343
3527,0.9399581346247112
3528,0.8517392221549815
3529,1.111741642525415
3530,0.4533725156744562
3531,1.398900193813673
3532,1.9574816052470094
3533,0.5800352639460309
3534,1.3023684307872172
3535,0.8199278503129843
3536,2.4209655555726775
3537,2.1067564287113596
3538,7.136258505846257
3539,2.2382304162988373
3540,1.1137097305062567
3541,0.3615821721363669
3542,0.31726701795479045
3543,0.8335351044891359
3544,1.4095638819714662
3545,3.1828254942768703
3546,2.4309467860978353
3547,1.0933933506384452
3548,1.3241222025696748
3549,2.3695509972527296
3550,0.3013541354043581
3551,0.9364632572919058
3552,0.6750471034232087
3553,0.5567510478798123
3554,0.16545915626101476
3555,9.672239961932526
3556,3.9140771615706633
3557,0.06702240405440867
3558,2.8253096391362087
3559,2.845883616171233
3560,1.5059921826630778
3561,3.1414040759820248
3562,1.1958053890520741
3563,0.501492789154748
3564,0.18710160910543752
3565,1.0387063207784344
3566,1.1309560824893459
3567,3.7610030668633856
3568,0.2951160746640119
3569,1.8191882190013384
3570,1.0870876168805257
3571,1.1464025639447837
3572,0.23522790586063885
3573,0.30072631319854326
3574,0.10662534580144076
3575,0.6635904937515517
3576,1.1481881043802502
3577,1.8588452970221145
3578,0.8894808889561776
3579,0.37273731636161406
3580,0.7073610798789249
3581,0.886412954277126
3582,0.858829584832921
3583,0.0
3584,1.0581937722513577
3585,0.342161657100231
3586,0.4284648727357387
3587,0.17657161510419928
3588,0.27571770036440696
3589,1.2955316300483757
3590,3.0408540649764912
3591,0.2925369319323448
3592,0.5259842221442286
3593,1.148061903370817
3594,1.09845537850937
3595,0.3958585323526786
3596,8.95334183195322
3597,2.3405047626213933
3598,2.3293212489452726
3599,2.865566163451831
3600,1.4654660951838534
3601,0.7960223006942322
3602,1.0019275815738504
3603,2.770146564067055
3604,2.2430632792648018
3605,2.161385328792565
3606,1.3952830973108787
3607,2.3750675348636467
3608,0.701456623830151
3609,0.884032700227215
3610,1.1184579697445378
3611,1.1818418063890015
3612,0.3026037637429886
3613,23.93536689436828
3614,4.1066194495152795
3615,5.873114801168448
3616,4.838849262031878
3617,11.453211582941853
3618,2.225928122606046
3619,1.42288938087612
3620,2.817690647121829
3621,1.8828242499050662
3622,0.8425405752457071
3623,1.8144167125901909
3624,1.3695477669159246
3625,1.8403270197558295
3626,1.1582472482308674
3627,1.660840758395607
3628,1.1573044010249232
3629,1.0615719135263688
3630,1.020590129325837
3631,1.7595423671743462
3632,1.031487685220315
3633,0.3255402337148464
3634,2.866528204268517
3635,3.570993129716437
3636,2.616973125626604
3637,1.2882130277525623
3638,0.9703709451939821
3639,1.456427629892923
3640,2.260866006322788
3641,0.5437089251949627
3642,1.331471665521308
3643,1.1171359599716781
3644,0.864418171401494
3645,0.3199896065367297
3646,1.726165969395132
3647,1.2177949375770767
3648,3.769346905633208
3649,0.45741280822417535
3650,1.6818191494567516
3651,1.36100614122247
3652,3.972496454264407
3653,1.169598193582096
3654,8.759429483829813
3655,4.060482214575785
3656,2.8037972466088776
3657,1.3989196766217291
3658,1.1514566439852114
3659,0.959626002398879
3660,1.0486367036782056
3661,2.2995584273218554
3662,3.9979536261472717
3663,2.12050211090903
3664,1.4390027493297544
3665,2.8316127179656654
3666,0.6324051469308039
3667,2.4078399831001036
3668,1.2057368075930108
3669,1.4287063928612207
3670,0.21889584970388867
3671,14.606515462519498
3672,2.9027375872016155
3673,0.0
3674,5.6596018817558935
3675,9.992984276925121
3676,2.012736271119394
3677,1.87977065559487
3678,2.0662963165354267
3679,0.920694814507121
3680,1.098966616580348
3681,1.0983241958457064
3682,1.1978172697398155
3683,3.001656131554344
3684,1.4885777742801098
3685,0.8758870172556934
3686,0.7820830862937445
3687,0.43396009288316223
3688,0.4562155474585416
3689,2.533600318611329
3690,1.26922432072726
3691,0.4419544165272001
3692,3.077348780759021
3693,2.539681816482645
3694,3.150345849576424
3695,1.297383198845257
3696,1.2327891247539633
3697,0.7555260067218357
3698,1.5905512752035904
3699,0.2856991222093083
3700,2.0277865634809866
3701,1.7100924997916582
3702,0.8426899362047466
3703,0.3646358151722909
3704,0.7199267531587151
3705,1.449620546054595
3706,3.458957481279204
3707,0.35932833302585276
3708,0.93334744108389
3709,0.4600558113254779
3710,2.9108533771061595
3711,1.4277196076334244
3712,4.719521537751205
3713,4.768680598105841
3714,5.152841198622488
3715,1.9706637314753097
3716,1.4328586248785762
3717,0.6184078694835864
3718,0.9819343648566388
3719,12.6617322762511
3720,3.938170390644988
3721,3.0539394551912467
3722,0.9617545365154712
3723,3.031515657868055
3724,0.8144111011095232
3725,3.243150164762329
3726,1.3701631321651535
3727,1.942759018345107
3728,1.1376678658838595
3729,26.871634089121674
3730,4.6172783963853385
3731,0.0
3732,4.649452020389564
3733,5.916731142957865
3734,2.2098197777999755
3735,2.834623569953373
3736,4.404043432300033
3737,1.8197894936642083
3738,0.1844127912517891
3739,1.7975611376479375
3740,0.6802648474647459
3741,2.8741467547350057
3742,2.325562842187895
3743,0.35333491241143855
3744,1.9209434494189535
3745,0.5476484272455049
3746,3.6350024126665756
3747,2.7929804453116844
3748,0.5499966197211432
3749,1.0795765069197027
3750,6.894650564342294
3751,2.2424762641083675
3752,3.470153455832899
3753,3.7381740944894473
3754,2.214865389674683
3755,2.2060502190736866
3756,3.153436130795267
3757,1.7137373598471122
3758,1.6260955320049377
3759,1.2949856116893514
3760,1.1595959918110321
3761,0.4354868978719285
3762,1.2675044835752214
3763,1.868696352961951
3764,5.581326321715574
3765,0.4772120958568707
3766,1.3550146146922464
3767,1.4666143889234518
3768,4.1108648012926325
3769,0.23827399788931114
3770,9.894267283727505
3771,2.030760039085296
3772,1.254978198324726
3773,1.1469724727594508
3774,1.9438335143911143
3775,1.0226474328669963
3776,0.9760130001370901
3777,4.604974355536912
3778,3.486836599841435
3779,2.397088004016897
3780,3.001696707500614
3781,3.3291322072642586
3782,0.858333902507135
3783,0.9717328662172258
3784,2.227823901661783
3785,1.1812105656810765
3786,0.14280830107463696
3787,20.156855878113046
3788,6.88951870734858
3789,1.694041212232371
3790,5.478662586647538
3791,2.5751015606622145
3792,2.299618667591828
3793,2.53523549398454
3794,2.41638211619928
3795,1.4928562434002013
3796,0.9328180464499309
3797,1.8721709139338127
3798,0.9236374884213283
3799,1.8504548320465295
3800,2.4902941955188753
3801,0.7507925829290624
3802,0.9252764767378914
3803,0.04686969802705806
3804,1.0530152405215834
3805,0.40212466631410576
3806,0.24382342602559162
3807,0.9701906565413858
3808,2.108322438063994
3809,1.373239304659041
3810,1.6202218718824875
3811,2.351989232726055
3812,0.7403414041413146
3813,0.1852807754737734
3814,0.9921154883538199
3815,0.15617353508323545
3816,1.7700060161749578
3817,0.7654059974374389
3818,0.24148640832241153
3819,0.717733087582007
3820,2.415830834309966
3821,0.8014455691577514
3822,5.4591061997908295
3823,4.718544989367287
3824,0.5146193393077423
3825,0.8451856962937716
3826,4.500924496269475
3827,0.32670485529128807
3828,14.598611341658756
3829,3.4233239256237873
3830,1.326670034605592
3831,1.2146317825866146
3832,0.734390668549527
3833,0.4254577878063635
3834,0.8811863767431043
3835,4.615804295517935
3836,2.6585711001342136
3837,3.2865861292966416
3838,2.541007449923552
3839,1.3263292753995823
3840,3.31430731337574
3841,0.5047571486274977
3842,1.0047781123888795
3843,1.2085296509592383
3844,1.0251097643381986
3845,16.20447745455339
3846,5.466135317311496
3847,5.880086759906845
3848,2.6669452391993635
3849,1.8985435144575724
3850,3.14677651912168
3851,2.9436728970025117
3852,0.5456997236978091
3853,0.6749497754134929
3854,2.303605451253044
3855,0.8547725398329762
3856,1.341747201707936
3857,1.3877954107121
3858,3.3878616623898976
3859,1.5689442028197214
3860,0.8250036634454478
3861,0.8738227476738172
3862,1.489255769689706
3863,2.108608368773661
3864,1.2847767689479874
3865,2.3208849364907636
3866,2.880080253881223
3867,2.62376071617947
3868,3.1867895571739506
3869,1.3122812744077688
3870,0.3883092772597831
3871,1.024124310409468
3872,2.097649745485751
3873,0.3803120706419466
3874,0.9827463625851032
3875,0.29984616589262647
3876,0.9339340009510251
3877,1.1732256907172913
3878,1.364360200702793
3879,2.847166457635301
3880,2.6925102743486162
3881,1.1423309956617174
3882,2.45871574493974
3883,0.9747849814575951
3884,3.4934463022032514
3885,2.4942885145170757
3886,2.81049483640038
3887,1.6620907496085464
3888,2.399973503562105
3889,0.2857904001086166
3890,0.7702345483089051
3891,0.17259198313572663
3892,0.3503225811871906
3893,1.7598216442300805
3894,1.962698660120826
3895,1.2064187863123204
3896,1.164547755805556
3897,0.9227071504153221
3898,0.8637000941717541
3899,0.7577575708898283
3900,0.755882786849141
3901,0.18800051128365533
3902,0.31485956751970284
3903,4.731899268315362
3904,1.7822177374512873
3905,0.0
3906,1.5634348152702602
3907,1.8855897961839405
3908,1.6988716444745813
3909,1.7490783934804122
3910,0.17248429319818373
3911,0.38338012242357117
3912,1.3611748061283522
3913,0.40185643619516187
3914,0.6444007636497732
3915,4.686848761219844
3916,1.13227959788779
3917,1.4330406039142725
3918,0.7692599163260803
3919,0.19322473388945896
3920,0.2617466370874482
3921,1.1185814894789992
3922,0.621613402630342
3923,0.15895700178072988
3924,2.445260903595932
3925,2.1610575970785333
3926,2.969240656611629
3927,0.9785312993194151
3928,0.5785338027180904
3929,0.7455389104378918
3930,1.0810299856164978
3931,0.1976414707592042
3932,0.8582876694469304
3933,0.35226232744386954
3934,0.4276633315692268
3935,0.831045151799686
3936,0.37779535216689264
3937,1.9957859362529138
3938,3.3382750743594576
3939,0.38983306493687275
3940,1.1235320635181345
3941,0.42394516602854687
3942,1.255720071054999
3943,0.6622766915417055
3944,3.96758273617185
3945,3.806230633530384
3946,2.6988390819331816
3947,0.46929094127645865
3948,2.178819513905025
3949,2.0109876187080844
3950,1.1517719958639845
3951,6.775576109325839
3952,2.603708146519995
3953,2.2024168836136804
3954,1.5146182260390795
3955,1.3586452498415957
3956,3.084139059258364
3957,0.30999918239622176
3958,1.2380022634085164
3959,0.4242028351455573
3960,3.30145245304785
3961,22.086995451362007
3962,3.597957185418908
3963,2.3954553900256332
3964,4.333445599885072
3965,1.519344627528704
3966,4.969846640066489
3967,1.248328158794537
3968,1.2154289118881731
3969,1.3178511085193279
3970,1.1715768810444258
3971,0.276058539801791
3972,0.3124389496683874
3973,1.6927562362458695
3974,4.3652976969432125
3975,0.1765083728972704
3976,0.24554312616962
3977,0.1765307200460271
3978,1.6748476707752813
3979,0.8098515260159225
3980,0.8743642061861266
3981,0.2614158870464016
3982,3.7986246002805126
3983,2.3427514659068502
3984,1.8484967941712558
3985,2.4912727817952094
3986,1.2145243442709284
3987,0.3235733799681099
3988,0.9782984470607388
3989,0.0058638962384905706
3990,0.446227876109435
3991,0.6787542525897091
3992,0.5869283520637132
3993,1.6002823310203973
3994,0.4984544419494563
3995,0.5154737354159687
3996,3.595907365320683
3997,2.5953798542439497
3998,0.44174201213573216
3999,0.4510333041297846
4000,4.319736861924415
4001,0.3108818039266292
4002,2.9387313324742537
4003,2.200732473280157
4004,1.122327458307656
4005,1.0555420803818192
4006,1.1372563842480021
4007,1.1266760936449491
4008,0.8852078699770254
4009,6.555888240993852
4010,1.7803546330912128
4011,2.197440043518469
4012,1.8349830359349064
4013,2.1369836748088824
4014,0.7669220399064154
4015,0.3178715338261061
4016,0.8306808609521088
4017,0.2931623224840933
4018,0.7274897243384562
4019,15.348379984355391
4020,4.707791536336086
4021,5.6003345069447406
4022,3.7832444256393214
4023,3.872750645554295
4024,2.039935677973604
4025,2.501256570464235
4026,2.6009903201196223
4027,1.0674320392890835
4028,1.221354702547131
4029,0.9906847318399119
4030,0.31218673511219724
4031,2.2871815318908175
4032,2.4093133466821217
4033,0.9686750239788757
4034,0.1915173032847486
4035,0.10673135104756915
4036,1.0347702979463194
4037,1.317763869774992
4038,0.44733689111156516
4039,1.2603283225674113
4040,6.534316509882319
4041,2.18633121089256
4042,2.118113588495654
4043,1.6879900484927879
4044,0.12116936772017811
4045,0.4119632863808441
4046,1.0418473245037427
4047,2.676223997765862
4048,0.4509362669744022
4049,0.2786463469089645
4050,0.5141043901302186
4051,0.3046538513948373
4052,0.40472526018796173
4053,0.5287859693911753
4054,2.5518291874248424
4055,3.379046921741036
4056,1.0925274511807996
4057,0.45478494202789066
4058,1.2382332828358247
4059,0.9382195076351783
4060,6.862072344686345
4061,2.591415082857448
4062,1.1841995811746817
4063,0.399498267027544
4064,0.8285773394082858
4065,0.17859525456585862
4066,0.40675697803580985
4067,2.185335355305109
4068,2.020806859738404
4069,0.8174889662630206
4070,1.5323669438126832
4071,1.1916462370244396
4072,1.5623250213984643
4073,0.4147646129744498
4074,0.4462883511690331
4075,0.17927501300784382
4076,0.16452979339104642
4077,2.947451997622672
4078,3.0580347339818355
4079,0.00047101820951492995
4080,2.1163400671608783
4081,1.3954146795068336
4082,1.8582125366185975
4083,1.7009990003535511
4084,1.0509876678094097
4085,0.37098862348102907
4086,1.0408985543799318
4087,0.761239077851914
4088,0.9641971069761908
4089,0.9368137996897803
4090,1.8496744744574896
4091,1.6480170335745437
4092,0.2932051568102008
4093,0.23990400516705243
4094,0.8776929632678148
4095,1.6980151993382457
4096,1.1309659689763194
4097,0.4146237850864288
4098,1.187245880146986
4099,2.70587431952048
4100,1.780741240699693
4101,0.9280799125208312
4102,0.29967645583465174
4103,0.7743653588987627
4104,1.088367308720281
4105,0.016180966528370068
4106,0.7838175195760515
4107,0.7503783172680953
4108,0.7976495312532523
4109,0.9520421778027217
4110,0.3703368308551452
4111,1.4421072461096331
4112,1.5584336528458906
4113,0.40281048713423645
4114,1.0058700921471442
4115,0.46007093200350746
4116,2.5603770634941165
4117,1.9207799081464265
4118,5.7626346179256815
4119,1.5660972372628665
4120,1.0075632040023172
4121,0.6709581830752862
4122,0.5945320142226017
4123,0.36152341924363873
4124,1.3778733498777331
4125,2.6118392698637476
4126,2.643672251797786
4127,1.027128075845597
4128,0.9712837203477025
4129,2.1350498856741114
4130,0.25558371307122596
4131,0.8407113769791172
4132,0.3792040085095008
4133,0.44460368166982955
4134,0.13408406154297467
4135,8.385092032324147
4136,3.0168801131727307
4137,1.049337655904362
4138,1.9648903329580052
4139,1.9688037484628782
4140,1.239975781426629
4141,2.8627205164427263
4142,1.0095453856363459
4143,0.4078815586216299
4144,0.15391381639062357
4145,0.8017941904860135
4146,1.1959603274034893
4147,3.8476365855501893
4148,0.1719215091981428
4149,1.160165829990285
4150,1.0545497918660183
4151,1.1300627276924786
4152,0.14455499404664798
4153,0.25319616742853496
4154,0.09385907497481458
4155,0.2882692260910877
4156,0.873918026412128
4157,1.6996095076609339
4158,0.3572928663004483
4159,0.6131072490477254
4160,0.5455291479715088
4161,0.8129572370924054
4162,0.670185668268158
4163,0.0
4164,1.019531544361846
4165,0.26868107713645323
4166,0.721811546894807
4167,0.12178020626721957
4168,0.2635517699739108
4169,1.2049792112690907
4170,2.770277793395048
4171,0.250027132937485
4172,0.4349621619343433
4173,1.0391466476335278
4174,1.0836730378035415
4175,0.3416882643002996
4176,7.836174035081761
4177,2.0811178133979524
4178,1.9990584711702284
4179,2.207577660056084
4180,1.1323438113210185
4181,0.7847364223442197
4182,0.8485122147798012
4183,2.660648739992063
4184,1.8115792486137448
4185,1.8646026499478205
4186,1.2691548050617671
4187,1.960299901366084
4188,0.24487641134845606
4189,0.39557346324610493
4190,0.8247143045148162
4191,0.990654337792999
4192,0.24678327263260047
4193,20.392010926817317
4194,3.6890196347627464
4195,4.380260283937077
4196,3.3713054190552745
4197,4.756216466189851
4198,2.0063919644228556
4199,1.2600516339768446
4200,2.09677576418358
4201,1.2374594263155023
4202,0.4319719288434646
4203,1.2150829913856023
4204,1.080541376195202
4205,1.9677797827969328
4206,0.8868274528413866
4207,0.9265408608843781
4208,1.0186534592902803
4209,0.6581258657338471
4210,0.8121962092133888
4211,1.0215962748218326
4212,1.0095686098639152
4213,0.2625524599332378
4214,1.8198584516987442
4215,3.0306145286647017
4216,1.907446005179926
4217,1.0763006308167682
4218,0.8311176127673392
4219,1.253441662789879
4220,1.7901239652529375
4221,0.2095610033852141
4222,1.0237393994035848
4223,0.727531614959644
4224,0.4087586673913332
4225,0.33305199739098634
4226,1.5030575378437196
4227,1.1722801409163746
4228,2.809968389870847
4229,0.40958686415978673
4230,1.6320953723710532
4231,1.4122738954264802
4232,3.6891884388713194
4233,0.9235548471348138
4234,7.7428604515308965
4235,3.2646454400742977
4236,2.301930031005779
4237,1.1514851839243099
4238,1.1563878134583978
4239,0.7671604958665044
4240,1.430220135430691
4241,1.8027150012208044
4242,3.342205057506206
4243,1.8096369902905534
4244,0.9228248945029218
4245,2.1536331383450813
4246,0.27026742512168433
4247,2.667620549369092
4248,1.0270448358917774
4249,1.0187224569648234
4250,0.17210135788066494
4251,11.240067713534286
4252,2.145550571685171
4253,0.047169404877453594
4254,4.1821951239249096
4255,7.481155909100297
4256,1.7699001021206686
4257,1.5518012049038687
4258,1.6778132587696484
4259,0.36008242753510483
4260,0.8738012555985954
4261,0.9600150800656635
4262,0.9852315034023909
4263,1.6901100537261144
4264,0.9611891226416633
4265,1.1013952971332535
4266,0.7972537892166733
4267,0.6051434921290593
4268,0.5035948541452492
4269,1.929711790216467
4270,1.0486612443300245
4271,0.33344531276862965
4272,2.482419757572215
4273,1.7590471673515582
4274,2.0152817602090054
4275,0.8997829536769333
4276,0.9105183812035642
4277,0.6665141165995407
4278,1.218476910918718
4279,0.09471351861274939
4280,1.691003268014951
4281,1.1432129748660411
4282,0.7703365608547368
4283,0.26026633477676325
4284,0.548215376214231
4285,1.4786810161734407
4286,3.251770870656995
4287,0.2807675290823006
4288,0.42542988171766444
4289,0.723461696966772
4290,2.60307357034587
4291,1.2565112474164875
4292,4.356037859917416
4293,3.4191865794331378
4294,4.111663789488528
4295,1.466034295557929
4296,1.198341544687023
4297,0.5346649680631756
4298,1.0760969666811413
4299,9.689022091851228
4300,3.507085989983852
4301,3.022836159722029
4302,0.9964352381626227
4303,2.920366159318494
4304,0.44965558671529493
4305,3.6369946149032604
4306,1.290567211338505
4307,1.377963580947623
4308,0.9490795087816197
4309,25.11041008242027
4310,3.649849673620208
4311,0.0
4312,3.413813079775367
4313,4.649901448122231
4314,2.186037082444864
4315,2.946236396600751
4316,4.421266544516112
4317,1.3212545818081929
4318,0.1624236223883459
4319,1.3876705672044674
4320,0.5204424731334729
4321,3.1420989603885374
4322,2.278071187752065
4323,0.22320743156780032
4324,1.844394129630726
4325,0.5144812474740807
4326,3.4682504528353615
4327,2.680242047221924
4328,0.45440919903642907
4329,1.2513356039036498
4330,5.387728952698639
4331,2.3560384840779274
4332,3.5186932650232974
4333,3.2725940676750147
4334,1.905168310008973
4335,2.040882948627714
4336,2.2567968348817473
4337,1.2627519456609273
4338,1.3675559776274728
4339,0.841304423144215
4340,0.9371862274617206
4341,0.5260114932699423
4342,1.0141929788357382
4343,2.0599883819808555
4344,5.0318549347697035
4345,0.5133413061260351
4346,1.1802509994527661
4347,2.2208075433681986
4348,3.9304628342441643
4349,0.2611539493612705
4350,7.297614814677502
4351,1.9811658587513796
4352,1.1162384866293624
4353,1.001964068635086
4354,1.5422706374780597
4355,1.0370575880295554
4356,0.8657353719703937
4357,2.8454259145938323
4358,2.5864987464331346
4359,2.15400043279242
4360,2.7568795781736855
4361,2.7077237045081946
4362,0.29027536036332574
4363,0.8241688096748185
4364,1.7891571653929117
4365,0.9326742694954755
4366,0.06208436621042348
4367,19.663531634042123
4368,5.106397678689597
4369,1.81288247526032
4370,3.826216056276789
4371,1.874628794889174
4372,2.0194993383314723
4373,1.8715572269760887
4374,2.22307520193572
4375,1.0509128426205103
4376,0.7624362829014253
4377,1.1023480785107165
4378,0.7790247782790805
4379,1.5653881227042743
4380,1.4738480382147938
4381,0.24358698360014716
4382,0.8797984270992503
4383,0.01586619726739054
4384,0.8375843990038743
4385,0.6894785521912064
4386,0.1869559134202261
4387,0.7847664305044534
4388,1.356064817508255
4389,0.9700167556936283
4390,1.1501460815997722
4391,1.7427611969688175
4392,0.1914034060957864
4393,0.19001737874071853
4394,0.6423721219340235
4395,0.00559423616498425
4396,1.198232527317127
4397,0.7840223271006801
4398,0.2506043651786546
4399,0.6890075000702166
4400,2.025275347137014
4401,0.5945603366082921
4402,5.3148833228554455
4403,4.219988399173758
4404,0.5657275653712993
4405,0.43654530872853814
4406,4.227913614008187
4407,0.29881686661407075
4408,9.752773667624222
4409,2.520647494573346
4410,1.1796810060484804
4411,1.0538332770710352
4412,0.7281426326424915
4413,0.40036031054447374
4414,0.9023043896706522
4415,3.158480020985406
4416,2.4011311443228682
4417,2.356659003848624
4418,2.135439941120814
4419,1.0227681985354877
4420,2.3696335456842776
4421,0.43525720047474237
4422,0.9683713058772743
4423,1.2239213372417983
4424,0.695978150379512
4425,12.37395871603822
4426,4.626823136247465
4427,4.310605901696447
4428,2.102387270909952
4429,1.4544112647363874
4430,2.853033578184836
4431,2.3247933000645378
4432,0.42015395098748237
4433,0.5827951257936768
4434,2.114387180676099
4435,0.766316950731436
4436,1.268478967150638
4437,1.108205587019566
4438,2.620231018507888
4439,1.3881434990876307
4440,0.9334580722542507
4441,0.6641428864137879
4442,1.338376899598372
4443,2.8031067479966154
4444,1.1647668469531018
4445,2.160775937049993
4446,2.043539633942251
4447,2.2009531586741553
4448,2.659143287047605
4449,1.194985924930919
4450,0.20165622588077833
4451,0.8938001243194869
4452,1.7116009202950893
4453,0.31946160446156063
4454,0.8282635259800517
4455,0.27697164110217054
4456,0.8945616769751561
4457,1.093300119227501
4458,1.1201109109655818
4459,2.365320598733146
4460,3.131895380134236
4461,1.039220309074716
4462,2.1127109140835008
4463,0.94103660122744
4464,3.3998626862321495
4465,2.121975366122296
4466,2.2567657252658786
4467,1.3856939008799873
4468,2.0167337851072933
4469,0.23978931420148242
4470,0.4133654633497243
4471,0.19791226146703234
4472,0.3248460162153209
4473,0.9687295303350805
4474,1.099089102238028
4475,0.9195785775639993
4476,1.1370610775881562
4477,0.953240381724402
4478,0.7821840019290347
4479,0.29104158099670263
4480,0.3372767429936962
4481,0.22049390585347697
4482,0.15388729395747147
4483,3.920742721922169
4484,1.128600885720488
4485,0.0
4486,0.8829168228072242
4487,1.7076296065796575
4488,1.2346379845484832
4489,1.85067903072829
4490,0.13437869647927464
4491,0.3135118011805106
4492,1.2499671807428427
4493,0.24142091358883253
4494,0.2110611662565579
4495,2.3803210159736623
4496,0.9156873815751925
4497,0.6457930883830248
4498,0.35533529084528703
4499,0.13884896062938165
4500,0.030474840279083898
4501,0.9930641239752616
4502,0.39509142988476403
4503,0.12917326376678395
4504,1.6533070936980643
4505,1.6109742099015567
4506,2.5157099975375123
4507,0.757398295290902
4508,0.24271452572291993
4509,0.3252587330737216
4510,0.8667673471662056
4511,0.0034610013450082694
4512,0.6403650348463328
4513,0.3023852625440827
4514,0.3980596621096225
4515,0.6828755270608036
4516,0.30887910323259976
4517,1.512397527974431
4518,3.055439986701619
4519,0.36627277711418743
4520,0.8547447270023889
4521,0.4408359044687845
4522,1.0898012389512968
4523,0.6980385247931693
4524,2.438831396048032
4525,2.972733496174125
4526,2.0417807827321575
4527,0.3791973400195711
4528,1.8936397403331182
4529,1.6381347903127663
4530,1.0007541733856797
4531,4.904601881734672
4532,2.1616498713744075
4533,2.142711002681552
4534,1.1005069558726273
4535,1.0966214207797662
4536,2.6072607476875675
4537,0.22845411998211151
4538,1.0216287455473856
4539,0.34945452514148706
4540,1.7901927381766924
4541,17.881900501727156
4542,2.2751635248371844
4543,2.659002966048661
4544,3.4118854697321677
4545,1.6462875486384752
4546,3.759634830407049
4547,1.1511087030067801
4548,0.9913376006546797
4549,0.9469317141719662
4550,1.0139739691493335
4551,0.1885634094385721
4552,0.5360410138593384
4553,2.0842323739390256
4554,3.5786365747071684
4555,0.14256075445546001
4556,0.1539631951347107
4557,0.23180679137520985
4558,1.5640525213713605
4559,0.8080746866285984
4560,1.6473208360839582
4561,0.2306142619617962
4562,3.0398051097391883
4563,2.4786408604262435
4564,1.513055327881963
4565,1.8457713640422018
4566,0.8547237882681535
4567,0.23581313400703188
4568,0.3256883464316268
4569,0.0
4570,0.30729558730670964
4571,0.2895028252129115
4572,0.6580492427343048
4573,1.079398166787848
4574,0.43230418471314364
4575,0.4906077554321119
4576,3.129352793094471
4577,2.640511372097703
4578,0.430514115508064
4579,0.7382158700363128
4580,4.248158029174397
4581,0.21632034323263166
4582,2.9058674149915618
4583,1.9243795762025848
4584,1.0375755593407028
4585,0.47757883971445303
4586,1.0844788467395234
4587,1.0708589549130427
4588,0.9236745054750135
4589,4.491952119203226
4590,1.8106930716948741
4591,1.9978156135598906
4592,1.1390665815465615
4593,1.8943773786635445
4594,0.2994695337667562
4595,0.2539821186731791
4596,0.36133608714626675
4597,0.26955000087783965
4598,0.2535492893947059
4599,11.386167981557229
4600,2.9843598484398473
4601,3.9027617042446168
4602,2.6604465944577003
4603,2.9518001231670583
4604,1.3822516601513983
4605,1.6505468954398683
4606,2.071282235792972
4607,0.9004514582872865
4608,1.0788158909427155
4609,0.9758789153388394
4610,0.2635669034538817
4611,1.8722286266592287
4612,2.126679926089545
4613,0.9859443335115208
4614,0.1586227114127154
4615,0.13315221458980642
4616,0.9753808954524452
4617,1.0957812909530529
4618,0.3149031980596797
4619,1.119354484332581
4620,5.021346941459198
4621,1.2966157355904318
4622,1.4139304412479465
4623,1.0629691438852011
4624,0.02018628143413245
4625,0.3354646487302646
4626,0.7772093845408437
4627,1.7398981736615253
4628,0.333824830476798
4629,0.2544032368450691
4630,0.4163974124415214
4631,0.19605981498228114
4632,0.34370907785742477
4633,0.21677850598001835
4634,2.53576976128915
4635,3.1439771374988195
4636,0.9306921657475367
4637,0.42490157069708484
4638,0.9912750318347912
4639,0.5413396572404783
4640,6.479543607451464
4641,2.550450727931404
4642,1.1129002105711068
4643,0.3911828488212004
4644,0.8586401209635386
4645,0.1769538774270435
4646,0.46459228567661065
4647,2.072691594062477
4648,1.9913859979480124
4649,0.9082299291359668
4650,1.178107754439384
4651,1.157737339076385
4652,1.0892697632990145
4653,0.6978997549289191
4654,0.631952807460737
4655,0.12270649212704847
4656,0.1086703416430658
4657,2.789683858307572
4658,2.615473707067826
4659,0.0
4660,2.3339262743880838
4661,1.4090601725157497
4662,1.8218105172513068
4663,1.9476329878616787
4664,0.9410768639888076
4665,0.667559018015315
4666,0.9561232859904536
4667,0.7239462949324993
4668,0.7369664279363326
4669,0.9507192228604724
4670,2.052716229734116
4671,1.1268415521786945
4672,0.2393286902196183
4673,0.4999327281051178
4674,0.8427863239353093
4675,1.4525971346131155
4676,1.2909745360142655
4677,0.39188871027468425
4678,1.045723758534927
4679,2.727874510051132
4680,1.6672881653119012
4681,0.9168046863390356
4682,0.2714838682724767
4683,0.6777331169022103
4684,1.1319676734992585
4685,0.003716972663054
4686,0.7364617684243635
4687,0.42698765143922235
4688,0.7933709591461777
4689,0.9387858147206292
4690,0.39777775668312987
4691,1.4662216981681
4692,1.6537831874857107
4693,0.36279543410169035
4694,1.1866882552040743
4695,0.7887597330803471
4696,1.794101873595912
4697,1.9070625957323255
4698,5.749393773373714
4699,1.542736813322589
4700,0.9999756735568341
4701,0.35111926348595424
4702,0.18140517639256304
4703,0.4281137355992083
4704,1.210329676294783
4705,2.074357475859203
4706,2.0403499012796953
4707,1.1454318965830017
4708,0.7583762740317794
4709,1.757304967952904
4710,0.14730951189335934
4711,0.8859517362437774
4712,0.6725538676028235
4713,0.3572880600400143
4714,0.11578713799820459
4715,8.064812274969796
4716,2.5942533406093644
4717,1.1940790948164182
4718,1.9367867225212057
4719,2.3342662533098837
4720,1.2365273537072066
4721,2.324068267346057
4722,1.0666051707518747
4723,0.36592505494755856
4724,0.12707330151681395
4725,0.6744955148550307
4726,1.0661677798802034
4727,3.616966190347081
4728,0.1891496011417095
4729,1.0062217904968211
4730,1.1026023227060013
4731,0.9207197995462102
4732,0.1572028843202687
4733,0.3133648998930574
4734,0.10322255459293968
4735,0.31194906602471606
4736,0.8843928374401584
4737,1.6693342380502276
4738,0.6347982367825542
4739,0.25611108066985583
4740,0.5395615163988252
4741,0.8427948741856928
4742,0.6622811012148057
4743,0.0
4744,0.9768298876181336
4745,0.26210476266880284
4746,0.6717497697046275
4747,0.08037227644170276
4748,0.27913551907313267
4749,1.148391546034475
4750,2.8819908462369317
4751,0.2348463000965711
4752,0.4337456574130978
4753,1.0835400352527411
4754,0.9443238420776854
4755,0.3541475408342545
4756,7.04438615797247
4757,1.7648048429098966
4758,1.8004395333446581
4759,2.1603005847883776
4760,1.122142913029874
4761,0.7867475542165703
4762,0.8382742907477223
4763,1.991715841969922
4764,1.6086239806764753
4765,1.87377165686988
4766,0.9638375055840289
4767,1.6060231806580896
4768,0.21075410569803021
4769,0.779374321238335
4770,0.9924757843095875
4771,0.7724699485323452
4772,0.20044591114382038
4773,17.762284537757168
4774,2.4385967997016778
4775,3.6135887756331955
4776,3.4525693597573692
4777,4.403742002076954
4778,2.01561227871375
4779,1.0850101642489534
4780,1.7206787168165358
4781,1.089680495085244
4782,0.37664428162438585
4783,1.0360143643220039
4784,0.976264340372968
4785,1.94994890171517
4786,0.8907958118025501
4787,1.0051507455178212
4788,0.9656877388932437
4789,0.6429687408572313
4790,0.6875786309991112
4791,1.1743218499317656
4792,1.0735109863346486
4793,0.24231801610253353
4794,1.7040733857992802
4795,2.2129793250522227
4796,1.7870785119987036
4797,0.9779399684003858
4798,0.7315454400324591
4799,1.1342536850980163
4800,1.135518879319649
4801,0.25912604210245505
4802,0.7776634112880529
4803,0.7278726326416877
4804,0.7893615369294174
4805,0.3642147054962311
4806,1.563127005664887
4807,1.191439321639372
4808,3.224486192455837
4809,0.8180037708187993
4810,2.327599439578057
4811,1.5588074076413674
4812,3.1580552954730416
4813,0.9071737669076321
4814,7.431531446007844
4815,3.3312012431413316
4816,2.0351788934183994
4817,1.321568215462392
4818,1.144905963724495
4819,0.890953583120702
4820,0.9972120339837167
4821,1.6810623763890487
4822,2.990306192699485
4823,1.7927154285932398
4824,0.7762269953182293
4825,1.911599835855239
4826,0.22828154175335233
4827,1.846893409436955
4828,0.7403215573741448
4829,0.9633532082579594
4830,0.16112473925208115
4831,10.484475528910302
4832,1.7911001964396522
4833,0.4526517344868237
4834,3.661785289820153
4835,6.390497006593533
4836,1.6948794168954042
4837,1.491237734894571
4838,1.7529057738562615
4839,0.6458737620380415
4840,0.8486783445329236
4841,0.9580468220148288
4842,1.1064833376182062
4843,1.7159594858600413
4844,0.9951647292715202
4845,0.15486150188864886
4846,0.6463475431866953
4847,0.34345399643946034
4848,0.32319054093718164
4849,2.079556551598412
4850,1.0199926417938314
4851,0.30003637490186097
4852,1.7307548328748426
4853,1.6891116793184695
4854,2.370283434710624
4855,0.9735504948626188
4856,0.6827488241872705
4857,0.320559397039748
4858,1.1812948162812988
4859,0.046242409101550974
4860,1.6267920427203557
4861,1.167613739687775
4862,0.7154643643328229
4863,0.19578886838898682
4864,0.5025582214068185
4865,1.1427426307825361
4866,3.0604589720206317
4867,0.27661387785402575
4868,0.9241251545642015
4869,0.39124168025176387
4870,2.6123629189832074
4871,1.3589756952645164
4872,4.49722991356598
4873,3.2395205850150597
4874,3.6995858659789116
4875,1.7450065922398514
4876,1.255988515740625
4877,0.49322540545000726
4878,0.8527031743426381
4879,7.916624774258725
4880,3.0131127047038295
4881,2.7773626757294023
4882,0.48744866019671507
4883,2.1994420864037845
4884,0.6431338610567026
4885,2.4163861516791743
4886,1.1978659533581255
4887,1.1875072417158399
4888,0.7793810164438175
4889,23.145987219503652
4890,3.290995344566924
4891,0.0
4892,2.837027344300294
4893,4.6934870205164465
4894,1.7746503213664253
4895,2.9573337513994895
4896,3.5066276399122556
4897,1.2008384761879416
4898,0.10921980798950101
4899,1.2062356088334847
4900,0.4975920647900263
4901,2.7945715853014264
4902,2.0386101046864415
4903,0.22718376617758793
4904,1.7226950788254438
4905,0.9840036553004166
4906,3.2869528685471052
4907,2.896402846316265
4908,0.604301577921499
4909,0.9942775625091766
4910,5.431520170418907
4911,2.318528546634774
4912,2.674600108725958
4913,2.6476192435379864
4914,1.6890594663172651
4915,1.7120176717822173
4916,1.8598148523543077
4917,1.1325944696471715
4918,1.4440205591508428
4919,0.8732065590266316
4920,1.0198556850258615
4921,0.42924671712205875
4922,1.0599534499681735
4923,1.7383424683156428
4924,5.070385703532457
4925,0.3220528149218711
4926,1.099899162096244
4927,1.3773944538847271
4928,3.125740465566579
4929,0.18787419558766197
4930,6.935448820437397
4931,2.0468915891690567
4932,1.0519541309797962
4933,1.052146972289859
4934,1.4862478204895027
4935,0.9490802983123461
4936,0.9636765653371031
4937,2.5699546808155738
4938,2.764007083429256
4939,2.245464294686528
4940,2.4181163545624074
4941,2.0532060977218305
4942,0.5666878129153545
4943,0.8176103143887525
4944,1.7752314787527195
4945,0.8564232189119789
4946,0.03853144128461747
4947,17.961653258676687
4948,4.5890912387379315
4949,1.846041865346945
4950,3.542135433033015
4951,1.8479283704671534
4952,2.2215120321673827
4953,1.6585819849887677
4954,2.2362402539872255
4955,0.9987322581003175
4956,0.698980216287459
4957,0.9696830789897177
4958,0.707415098763303
4959,1.6012150596304737
4960,1.9755086503769719
4961,0.6732381371732354
4962,0.8201193566168772
4963,0.06963457934554079
4964,0.8936731270185532
4965,0.7275642654096683
4966,0.1878404980698803
4967,0.7475579291834515
4968,1.226837113039236
4969,0.9427709722678594
4970,1.019837486310567
4971,1.3679625363592225
4972,0.5293484458400173
4973,0.0928341500893634
4974,0.6806208993946166
4975,0.0
4976,1.1354720214101581
4977,0.7384948325104237
4978,0.1948259038942603
4979,0.3272868079761252
4980,1.9589202013814317
4981,0.5582884698207868
4982,4.5451836578244
4983,4.18957908847392
4984,0.5009541636365551
4985,0.7675308951016506
4986,3.7635511271726116
4987,0.25502724337797833
4988,10.544234166574004
4989,3.0120509285578545
4990,1.2576506684900868
4991,1.0792363144245074
4992,0.6131887061968047
4993,0.3973645786878995
4994,0.8410865402956975
4995,3.2128337208369135
4996,2.2381550078390666
4997,2.440720850126011
4998,2.184296588949349
4999,0.6087868875714588
5000,2.258577591705204
5001,0.36019584782786207
5002,0.7623104735431636
5003,1.0072974123067906
5004,0.811504957596223
5005,11.230143073336654
5006,4.725528528468882
5007,4.202191073501347
5008,2.1165316077469227
5009,1.5575077794934153
5010,2.7783123956299596
5011,1.9155711890845968
5012,0.41941260691314947
5013,0.879614020892654
5014,2.1233509161131345
5015,0.7583865335655444
5016,1.285063093101062
5017,1.3018640125961523
5018,2.4567453020523864
5019,1.8659391452672747
5020,0.8871716451591163
5021,0.7414604166969267
5022,1.2789206218149152
5023,2.5124222476163456
5024,1.1004061838887145
5025,1.6681584560190021
5026,1.7584735262976658
5027,2.176064179556711
5028,2.374753215761369
5029,1.1642811943012514
5030,0.20982838834314257
5031,0.8377215714679127
5032,1.5963379205731334
5033,0.17227429902661573
5034,0.46621578471464564
5035,0.22972835260640878
5036,0.9501071117868829
5037,0.9812327717672507
5038,1.1406078884433881
5039,2.304466761407235
5040,3.1397558469527307
5041,1.1169046718736573
5042,1.987019597289125
5043,0.926524343139624
5044,3.335824996749523
5045,1.7618881806472524
5046,2.191380145562979
5047,1.5999907270198301
5048,1.8207602165814647
5049,0.24475619099860962
5050,0.4207511346885483
5051,0.12588810671542475
5052,0.2624484639850332
5053,1.0085534082412762
5054,1.208051436939767
5055,0.943720011858441
5056,0.9855789614187493
5057,0.9061796887712907
5058,0.6576945289001579
5059,0.24913324708559004
5060,0.31891358363096467
5061,0.04360684943571677
5062,0.17867431190558813
5063,3.6668804788967977
5064,1.5312188407208782
5065,0.0
5066,0.9230810652039423
5067,1.4301375611160085
5068,1.2221594248144017
5069,1.4117410824390864
5070,0.12654563663339477
5071,0.21871936245014623
5072,1.193964347561246
5073,0.2759048402985862
5074,0.2059056640796969
5075,2.7961958344192053
5076,0.9269695435748162
5077,0.9264676239518363
5078,0.6176047071200663
5079,0.1168350508962457
5080,0.0629325359207706
5081,1.028249452441293
5082,0.35846831983955985
5083,0.12673795986902064
5084,1.5265219097577762
5085,1.643431592876782
5086,2.0096566674355563
5087,0.7702717286758338
5088,0.19300186966877578
5089,0.5989644590362753
5090,0.4239325910161835
5091,0.07980490235639712
5092,0.624421322342929
5093,0.29966126815047184
5094,0.6276467839772486
5095,0.5942943789784519
5096,0.3317792792822155
5097,2.0578159445475417
5098,2.319798084109156
5099,0.30959011400012876
5100,0.8624122833623888
5101,0.45260759811773893
5102,0.9290354209448348
5103,0.3911796671616993
5104,3.017930169233332
5105,2.7902252801835337
5106,2.306923466184544
5107,0.6546287236394721
5108,1.8209476894176904
5109,1.8464191950086613
5110,0.8887662686342923
5111,4.6740340423095095
5112,2.0528783172941196
5113,2.116946278679953
5114,0.9873978789555615
5115,0.9479852412015097
5116,2.445886526862284
5117,0.14808972213326999
5118,0.986704514729277
5119,0.19835065928563428
5120,1.7522941419382971
5121,15.972165309804288
5122,2.034339003142692
5123,3.66610647302989
5124,3.420222947919397
5125,1.2670328449905575
5126,3.6866219156750324
5127,0.9861220738123195
5128,0.8910864540786738
5129,1.0401369264890468
5130,1.0432382524244523
5131,0.2199019645849798
5132,0.20876122260897934
5133,2.160117502524289
5134,3.444378544466665
5135,0.2008959647845906
5136,0.11749814493313035
5137,0.07689430279849178
5138,1.7391918825101333
5139,0.776954663671968
5140,0.6796855965582316
5141,0.20728175571146726
5142,3.0618527333927776
5143,1.7750459549927986
5144,1.189136688867469
5145,1.6815338806952438
5146,0.841814769318717
5147,0.17848207813093236
5148,0.6535114944930431
5149,0.0
5150,0.28197507950771206
5151,0.25011321984949214
5152,0.3342047900959593
5153,0.9963935903010548
5154,0.44215758403600924
5155,0.43532093368571045
5156,3.2892047023136053
5157,2.6191450571167287
5158,0.41629037517055506
5159,0.3617186672276386
5160,3.652624949903652
5161,0.21808622161143054
5162,2.9982381454634166
5163,1.476525307989039
5164,1.0232590667531014
5165,0.45041128118738305
5166,1.0715254380655215
5167,1.0458270923651023
5168,0.8093885518494501
5169,3.5618294613862593
5170,1.7629498877649086
5171,1.9540659823696793
5172,1.183648566512496
5173,1.6707463475346658
5174,0.2668279417906602
5175,0.23434523176074512
5176,0.31792247181319977
5177,0.20807863373968893
5178,0.24904456841859812
5179,12.40839804371817
5180,2.461263912594851
5181,3.7936639412047906
5182,2.8026793488115156
5183,2.782837819507759
5184,1.3754274200801146
5185,1.5082051182944325
5186,1.9042714908301832
5187,0.9058024452089697
5188,0.9468814737057103
5189,0.8870076466147534
5190,0.20331943093561103
5191,1.8818927673019918
5192,2.094585519670616
5193,0.9571328528402547
5194,0.11172970618999749
5195,0.17828642089976407
5196,1.0193924941679715
5197,1.0830064069157366
5198,0.3800547747407484
5199,1.176955339617625
5200,4.567764221872432
5201,1.2018019191770497
5202,1.3772218957144104
5203,1.1766486192142913
5204,0.0
5205,0.30607955704157874
5206,0.6219579521818989
5207,1.7303872973282326
5208,0.2909417613837376
5209,0.17826228676729897
5210,0.41355555153653617
5211,0.19753071404754807
5212,0.3934526180052001
5213,0.19840613153350778
5214,3.113131945372095
5215,2.8116537373346175
5216,0.9185702788899119
5217,0.4615645858378893
5218,0.9563572449439086
5219,0.5765268638922098
5220,6.027204123699148
5221,2.4636887300808588
5222,1.0738590823005953
5223,0.4294679064013002
5224,0.8913586996803748
5225,0.20804234847449152
5226,0.378694048487824
5227,2.0120038485051204
5228,1.970968736797985
5229,0.3377043465744548
5230,1.1581147155502742
5231,1.133385436169103
5232,1.1023271893280189
5233,0.3200194183120859
5234,0.3076504822792344
5235,0.09700372713012029
5236,0.12443297178089623
5237,2.8824662062964697
5238,2.1426644049786834
5239,0.0
5240,2.436806917242556
5241,1.073701247837674
5242,1.7325058632796777
5243,1.6379145393054217
5244,0.8684025162409541
5245,0.6723676712279012
5246,0.976533328740893
5247,0.3404330292171038
5248,0.7605818412534622
5249,0.9516240389447563
5250,1.997809225472825
5251,1.7157832559478599
5252,0.6445611828367207
5253,0.20442259906659377
5254,0.8911579800705323
5255,2.037201431107378
5256,1.0081779990389492
5257,0.3762702771071508
5258,1.11525019575254
5259,2.1189846395399674
5260,1.6042845231464389
5261,0.8390169526446454
5262,0.2636706400032069
5263,0.32797683492358154
5264,1.0200265252279448
5265,0.0
5266,0.37298670618820856
5267,0.7858893262185574
5268,0.7851328714652546
5269,0.8552551519206923
5270,0.44193984677356
5271,1.3697927874127032
5272,1.947286910319188
5273,0.3889622028519775
5274,1.2002507515980492
5275,0.746821708919404
5276,1.978452661596374
5277,1.7242160394915302
5278,6.330678391103341
5279,1.5332117506948346
5280,0.9724329705378032
5281,0.6209173997850614
5282,0.5691018396306555
5283,0.398097533108482
5284,1.715613880215338
5285,1.7307042667598203
5286,1.7908036970774117
5287,1.0176185999008023
5288,0.8802376453049294
5289,1.3423228936685783
5290,0.12501806315611927
5291,0.7481928636131674
5292,0.2431949370281687
5293,0.3328294995227347
5294,0.07935364825413627
5295,8.793831362480034
5296,2.7109795308515414
5297,1.8993268822602092
5298,2.0562487747781333
5299,2.222850854374024
5300,1.0917637979077224
5301,2.3596161487305247
5302,0.9878210308725226
5303,0.38234088034585384
5304,0.13800734186685976
5305,0.776514761102381
5306,1.0048270148746001
5307,3.984809461366669
5308,0.1501964923994026
5309,1.1795439894389466
5310,0.9478536117470773
5311,0.9713138803485861
5312,0.10754240844910415
5313,0.355221767340582
5314,0.05323123930612991
5315,0.28390810554569096
5316,0.8561448354398098
5317,1.4873716344994579
5318,0.29077081690371825
5319,0.25780463165026596
5320,0.23406795375190212
5321,0.8477626980144903
5322,0.6878941526437443
5323,0.0
5324,0.985631467731193
5325,0.16456875990827494
5326,0.3231959860029927
5327,0.06565591137504168
5328,0.268620555651525
5329,1.1287540347134595
5330,3.058132187844918
5331,0.20786855020528552
5332,0.48609943646489456
5333,0.9791663250843743
5334,0.887935641420059
5335,0.7387171723910716
5336,6.141792800112161
5337,1.9497791231707833
5338,1.7722271836486296
5339,1.9680931313511625
5340,1.3831136343505628
5341,0.676996425020878
5342,0.7190252109516657
5343,1.8517647916598587
5344,1.110712826533405
5345,1.7856492818639498
5346,0.764530581554062
5347,1.7150345010757415
5348,0.11932489255275743
5349,0.46980058522310986
5350,0.7962954952680859
5351,0.7567096650118101
5352,0.4967302515436097
5353,19.884574549807812
5354,2.967382859420247
5355,3.898194611088271
5356,3.403892296952563
5357,4.3397636506723885
5358,2.0025158590709995
5359,1.0982724524326586
5360,1.9856581806226266
5361,1.1382774285055166
5362,0.33133337250907907
5363,0.97945987402341
5364,1.1001148948595554
5365,1.9295768555560744
5366,0.9053555587661228
5367,1.0295718043978608
5368,0.8524115176977889
5369,0.7840696712693513
5370,0.7414501999894239
5371,1.339178934486438
5372,1.2741246458037887
5373,0.2776526993703116
5374,1.5139033414259613
5375,2.4503759542349037
5376,1.7517820462815719
5377,0.9423738989101551
5378,0.7168198808604955
5379,0.9493727724817294
5380,1.589952421382639
5381,0.20963611069631088
5382,0.7671746673862154
5383,0.7467292983069795
5384,0.46773834424159405
5385,0.3373370010923647
5386,1.5904799617953056
5387,1.18197590663608
5388,2.792927327604964
5389,0.3980990921682461
5390,1.9395945440109372
5391,1.3736548125519092
5392,3.412001190211412
5393,0.93472021967106
5394,7.467030103785964
5395,3.684519138753291
5396,2.224714259916283
5397,1.2409315975345054
5398,1.0566323396770587
5399,0.79705113267928
5400,0.9894499500262883
5401,1.6644225710240588
5402,3.3502762286600234
5403,1.238464579928233
5404,0.8159712971621367
5405,1.8632399213400164
5406,0.20872500703639338
5407,2.301208595331275
5408,0.734497700731803
5409,0.7023286384080942
5410,0.1457811788401873
5411,10.938937881546355
5412,2.0075271226469487
5413,0.7394668520781703
5414,3.6365330909200466
5415,5.84586981685574
5416,1.2828233447871757
5417,1.2235175469436614
5418,1.4140939083806354
5419,0.3528629437499565
5420,0.8438911313508304
5421,0.8278010430923055
5422,1.0016077209016612
5423,1.9706193914079537
5424,0.9785859791436613
5425,0.3052252210772707
5426,0.6939637131961658
5427,0.28224620378054793
5428,0.3606321722402302
5429,2.100439578651661
5430,1.2143721956762317
5431,0.31346335691703253
5432,1.9122286113311677
5433,1.756962720089148
5434,1.8430228403157431
5435,0.8341113833842335
5436,0.7201858118706471
5437,0.6305606886648677
5438,1.1865719407658368
5439,0.05960706823088423
5440,1.721995695606577
5441,1.090187290489538
5442,0.7412767204961959
5443,0.1962103484378024
5444,0.46494376841466073
5445,1.1827002091470697
5446,3.2684488616077645
5447,0.26085482950661165
5448,0.4549191331748084
5449,0.4176856381588288
5450,2.296426846851149
5451,1.2326590763542415
5452,4.442103189154938
5453,2.701876893505756
5454,4.204095460424613
5455,1.355430896562024
5456,1.1788577486268035
5457,0.555305085974444
5458,0.8914578345583417
5459,7.650760287622822
5460,2.689342946475307
5461,2.71643311065082
5462,0.3472307620586003
5463,2.0058196030053033
5464,0.5821588526551762
5465,3.3499489517419234
5466,1.1378980293848853
5467,1.05550766573264
5468,0.7470822819674167
5469,24.456041135296438
5470,2.891431374998307
5471,0.0
5472,2.8475416879637554
5473,4.14506165372336
5474,1.8473423384948684
5475,2.2547627595710757
5476,4.4859016416692326
5477,1.1892221410087485
5478,0.1450412972072495
5479,1.174489796285248
5480,0.33440579284767596
5481,2.682693021331599
5482,1.9169137947620487
5483,0.22317228171766224
5484,1.610987634550749
5485,0.2687737599708154
5486,3.3041397686518397
5487,2.5622253713622554
5488,0.6613813313709456
5489,0.9906949779643599
5490,4.774503993322169
5491,2.0175561483340476
5492,2.7506492332089754
5493,2.698105769710784
5494,1.6649041902121207
5495,1.7133119940783268
5496,2.1188884339480114
5497,1.0729696103531512
5498,1.6793405356348123
5499,0.7649478366666739
5500,0.9478165615346603
5501,0.36151649867796554
5502,1.0768076909920077
5503,1.6914802143978014
5504,4.636974550823005
5505,0.30851326298689025
5506,1.1048709177750689
5507,1.3100076457587841
5508,3.217490877197374
5509,0.20639117091964126
5510,6.882782732064756
5511,1.461821840340185
5512,1.163993289948268
5513,1.124880065946374
5514,1.711706306447319
5515,1.0056482524839112
5516,0.9040452761628255
5517,2.5340139443459306
5518,2.3641801244061105
5519,1.842171797266479
5520,1.9513576323532242
5521,2.0362508240254984
5522,0.2739036350841545
5523,0.8123208352286213
5524,1.671572866944174
5525,0.6892738584895615
5526,0.04130528614150008
5527,19.667559314895673
5528,4.956584445460166
5529,2.2659108226454
5530,4.380077595292983
5531,1.9107444771370021
5532,2.1647314757384173
5533,1.6334157745712594
5534,2.0608270492069707
5535,1.0435141050209924
5536,0.7255484069697484
5537,1.0087231750851615
5538,0.6636834545817483
5539,1.400635108571158
5540,2.024232598145328
5541,0.6598706344717639
5542,0.9793332088917261
5543,0.00109582761868846
5544,0.8247342389691763
5545,0.404223018414441
5546,0.20978155029201648
5547,0.7676533889498166
5548,1.5695183310541712
5549,0.8641132647597112
5550,1.0540224197044705
5551,1.786687405052258
5552,0.22173857921965867
5553,0.11189657482038734
5554,0.2900151191441766
5555,0.0
5556,1.1694547423036037
5557,0.6926398767359394
5558,0.28492934516506513
5559,0.3149962823458064
5560,1.7973793761644712
5561,0.5940926250641054
5562,5.0119326252398855
5563,3.972784192379449
5564,0.4578696464145769
5565,0.509668875392199
5566,3.760514114917035
5567,0.2006543814830317
5568,9.198072091478855
5569,2.454926124588766
5570,1.3177469107369835
5571,1.0263087453250104
5572,0.9386875147186258
5573,0.34357939310769997
5574,0.9590410596437051
5575,2.670812209249708
5576,2.1134444895473674
5577,2.5466517366605372
5578,1.944401511881507
5579,0.5942510687289994
5580,2.171254225930679
5581,0.31769445423606346
5582,0.431753147314029
5583,0.9513970952929158
5584,0.8398878285923563
5585,10.263277338531585
5586,4.573045792741354
5587,5.249027663869247
5588,2.064984880137561
5589,1.4844188949631067
5590,2.6535758928691955
5591,2.2354722740478388
5592,0.41336352655583086
5593,0.8489200106573933
5594,1.7798401694583594
5595,0.4192384491411996
5596,1.0785756844877878
5597,1.6747094649810974
5598,2.293501312322069
5599,1.4255660615862171
5600,0.8586786008917184
5601,0.3411696928536249
5602,1.3833962422143455
5603,2.6947215386934436
5604,1.2578323278271644
5605,2.1533653226303704
5606,1.7686117871759137
5607,2.0834672374025707
5608,2.1886161791552765
5609,1.1535153831014353
5610,0.20293664077294865
5611,0.7532240149973448
5612,1.254909309323866
5613,0.21325985451786825
5614,0.4448551651164967
5615,0.21163059523183045
5616,1.0217842868687932
5617,1.109880110741016
5618,1.1507135511932296
5619,2.461243051206339
5620,2.770714519280214
5621,1.0836583929087291
5622,2.7948103569578064
5623,0.9636772253589008
5624,2.9342467780480606
5625,1.6060262109199548
5626,2.4856424598886737
5627,1.5218144960685098
5628,1.8078291936038537
5629,0.2822172715789816
5630,0.4169336723296363
5631,0.13321943091301416
5632,0.23897947047599488
5633,0.9097640656146959
5634,1.1208400403786944
5635,0.8542381804148593
5636,0.8807476637625236
5637,0.7827603701009107
5638,0.6750118173039426
5639,0.17325599565981697
5640,0.5274476472249146
5641,0.07400755130655978
5642,0.16238102838311794
5643,3.505384927538474
5644,1.8969398374959394
5645,0.01224597658612041
5646,1.1869242068886763
5647,1.342561310118679
5648,1.2853252608196273
5649,1.6746781137326225
5650,0.2369709064106178
5651,0.20991895990380754
5652,1.0080981666414033
5653,0.2301868017419154
5654,0.21680690081536497
5655,2.725056239758837
5656,0.9242724288272268
5657,0.7522722409210538
5658,0.5550729728414805
5659,0.09513771790234593
5660,0.07600595170487445
5661,1.1225895988308985
5662,0.46955511356020063
5663,0.10100016301717377
5664,1.5316530510850164
5665,1.7112174668076299
5666,2.331460926658159
5667,0.7522319476266782
5668,0.48573775560056
5669,0.5963429043382644
5670,0.7244538563338504
5671,0.0
5672,0.6341402783271327
5673,0.2681898362867066
5674,0.3141647956195241
5675,0.3641609997244981
5676,0.3206513022321236
5677,1.5151537743321917
5678,2.856073010160032
5679,0.233372714288219
5680,0.9737691764357954
5681,0.3596932898408183
5682,0.9205267703491067
5683,0.3138245794047451
5684,2.543129678083292
5685,2.9512202986521454
5686,2.1046398965613946
5687,0.34888821129923886
5688,1.8838009758858543
5689,1.6664055626010468
5690,0.7972028493768202
5691,4.2148933204937675
5692,2.2268268768846506
5693,2.101783194440315
5694,1.1062725520988237
5695,0.9244074507760132
5696,2.2355491187792857
5697,0.11796678628482243
5698,0.9211113837466534
5699,0.19481584769283294
5700,1.719404739083131
5701,16.424796128534087
5702,1.9360988526971425
5703,3.491458507219039
5704,3.3458352020015907
5705,1.6511920101054214
5706,3.810292628704267
5707,0.8730628825833617
5708,0.9720721456110175
5709,0.9811340869495058
5710,0.8949156386588437
5711,0.17430844412698057
5712,0.21716087974003354
5713,2.0196968394618744
5714,3.9771271996468855
5715,0.19655307799235533
5716,0.1281062241357617
5717,0.10605743936763934
5718,1.8046867981667438
5719,0.9105361434760477
5720,1.123352343593696
5721,0.22086756861975013
5722,2.9219477835324854
5723,1.7847405701526524
5724,1.5070414554882596
5725,1.3622319436104229
5726,0.7790949447252971
5727,0.17546522460370273
5728,0.2987084183425016
5729,0.0
5730,0.2670171082395689
5731,0.24209864255825828
5732,0.6331430172794734
5733,0.9992347525742642
5734,0.47640378756731694
5735,0.4290572256869833
5736,2.9655184255234857
5737,2.397470750629143
5738,0.45220542553961945
5739,0.6987992393378358
5740,4.310349542366084
5741,0.19506981735921636
5742,2.3688774659663716
5743,2.093451535589143
5744,0.9071060727982316
5745,0.48832647462221107
5746,1.0523895182864094
5747,0.9719773673818173
5748,0.9216231331333453
5749,3.549295540426302
5750,1.7248541486661466
5751,1.8603960303235616
5752,1.0839489798699287
5753,1.4977574576013215
5754,0.247079895044012
5755,0.23571379140548399
5756,0.3200778697456765
5757,0.18633011982594616
5758,0.17061765814305388
5759,12.943489607150422
5760,2.6980622970400856
5761,4.329916138736467
5762,2.4610167291518716
5763,3.0099147572584015
5764,1.507584879727656
5765,1.2405306476410116
5766,1.8978949461318613
5767,0.8523147209398656
5768,0.882122866626035
5769,0.767651695374601
5770,0.23366319321951393
5771,0.9637081494624269
5772,2.1284789735468923
5773,0.971766566571509
5774,0.12057482204691236
5775,0.18159410561466388
5776,1.0017369280017603
5777,1.0890466031758574
5778,0.41546280414657516
5779,1.1838874098120855
5780,4.615505196887945
5781,1.354705470504749
5782,1.6069694194480233
5783,1.198637198315312
5784,0.0
5785,0.23731489798447378
5786,0.703684796598829
5787,1.62134397001264
5788,0.5858775234626757
5789,0.1684183473795762
5790,0.3812390905465274
5791,0.15903072847443633
5792,0.38313000856590057
5793,0.30544771463534853
5794,2.3320740903918433
5795,2.4438550704038393
5796,0.909013915666117
5797,0.4337771383559915
5798,0.9149736451334853
5799,0.796197929133287
5800,6.26683935939324
5801,2.4180159988907994
5802,1.1075780649227773
5803,0.3797340585346257
5804,0.9378254971054834
5805,0.18964700519954927
5806,0.7028726572538371
5807,1.8222748199181957
5808,1.6724527352383105
5809,0.31004693446559006
5810,1.4171882962996132
5811,0.9213716003937047
5812,0.9960444285825532
5813,0.32701756414042754
5814,0.22279951344763413
5815,0.09109028545878939
5816,0.17181529919048005
5817,2.9156255762176855
5818,2.4628026531480733
5819,0.0
5820,2.3241559490687234
5821,1.109575679733723
5822,1.689027587629249
5823,1.934164799608678
5824,0.773813434976718
5825,0.6302906919127753
5826,0.8745544939078298
5827,0.3073545948746848
5828,0.4157826919406874
5829,0.9030639137055021
5830,2.2080803108047653
5831,0.9740267405863217
5832,0.2068767269925195
5833,0.14338134592830276
5834,0.9594150918265762
5835,2.079509703354617
5836,1.0706766435161066
5837,0.3546970670887286
5838,1.0808245209442802
5839,2.447858550287735
5840,1.733553233799506
5841,0.9068056061127678
5842,0.6786461503314937
5843,0.27189910123327227
5844,1.1706149219485402
5845,0.0
5846,0.6195580656546013
5847,0.7474730503968081
5848,0.7884669094430079
5849,0.87605774146439
5850,0.3328851186236643
5851,1.607724349667342
5852,1.6560888616437168
5853,0.3092630835916954
5854,1.0002637008898234
5855,0.7682548166793373
5856,1.6652154424864283
5857,1.9718597068428108
5858,6.270551240522409
5859,2.122028646540941
5860,0.9755158464805864
5861,0.67483556540111
5862,0.19896252192146638
5863,0.37445593454529463
5864,1.485351072258197
5865,1.7963698799801553
5866,1.7518427820635791
5867,0.8898372435482209
5868,0.7687455217796608
5869,1.721101679986885
5870,0.05544483417269425
5871,0.762182888432268
5872,0.20973602740665945
5873,0.2904167757240906
5874,0.01917218140233137
5875,9.612424730221656
5876,2.768118534983115
5877,1.8595939548746674
5878,2.2615357090617016
5879,2.0565203195959794
5880,1.0994746053394995
5881,2.4082494582999012
5882,0.8670753331506222
5883,0.3065811848794104
5884,0.08259208476111173
5885,0.7350987744165765
5886,0.9601884202876831
5887,3.673767344821888
5888,0.20963103963690918
5889,1.3380716206225884
5890,0.9950831582654525
5891,1.2273314395391037
5892,0.08067198281007054
5893,0.35262214967804584
5894,0.04324170988238234
5895,0.22119237473151207
5896,0.7273882750506608
5897,1.5123866576935376
5898,0.5971823275356853
5899,0.1887097706293376
5900,0.5670351041581176
5901,0.6892282892219546
5902,0.6832070141253421
5903,0.0
5904,0.9757999541671647
5905,0.27243134551989545
5906,0.6894011991518036
5907,0.061590191275391934
5908,0.247182287503634
5909,1.1980645108920513
5910,2.4683909436553617
5911,0.17086731714638262
5912,0.7982115985988221
5913,1.1450744315465375
5914,0.8714764348258162
5915,0.7136297331357564
5916,7.681858993531977
5917,1.9709662214647556
5918,2.027673789772539
5919,2.0516222513740034
5920,1.6123282813218451
5921,0.7398204631646572
5922,0.803472321858355
5923,1.7891398609391382
5924,1.6684160854286922
5925,1.9109853077348475
5926,0.7860880765393949
5927,1.161244251896489
5928,0.12791161196861311
5929,0.8247000351243845
5930,0.7174855937502431
5931,0.5461375793818961
5932,0.15636116159125538
5933,23.369952552874185
5934,3.1342224259036495
5935,3.891922672470625
5936,4.015585634645422
5937,4.705020709297308
5938,2.015707585150322
5939,1.1468729157377142
5940,1.9174911996731647
5941,1.1081506600662245
5942,0.3087978502371699
5943,0.9017281865559903
5944,0.9964146820399027
5945,1.3904577653436845
5946,0.9342471723133987
5947,1.0946360436079219
5948,0.9936898995941594
5949,0.6700187812476558
5950,0.685279044898129
5951,1.100120907844213
5952,1.1095530550743937
5953,0.2627784349655571
5954,1.8422909429405907
5955,2.3700185440397563
5956,1.66860966067276
5957,0.8610305520820609
5958,0.7761881265018367
5959,0.8906900419315835
5960,1.5384719323154483
5961,0.25221964307696926
5962,0.8094619405845738
5963,0.694191599392341
5964,0.7511350162015686
5965,0.2712138957654269
5966,1.5336162969792102
5967,1.1631758782013502
5968,2.8496063755236176
5969,0.3215736482967093
5970,1.4564546944015213
5971,1.1070052585834762
5972,3.2023842773706948
5973,0.9564528237391661
5974,6.925299333607349
5975,4.0759868919268625
5976,2.169294940385782
5977,1.3452613834786988
5978,1.09216759475291
5979,0.8843861950647272
5980,0.9904211217972054
5981,1.614761591921352
5982,2.7762747971181767
5983,1.5420172993880537
5984,0.6111819391822157
5985,1.3980860873253513
5986,0.14966064132457066
5987,2.289321378822811
5988,0.6920426705500505
5989,0.6200358941173698
5990,0.10640276455211829
5991,13.123088501131132
5992,2.4846498771213077
5993,0.8722124494824949
5994,4.537722716766112
5995,8.12352255977913
5996,1.3508483242759675
5997,1.5073590319337082
5998,1.4227382572769336
5999,0.6179451948716829
6000,0.8945562756365246
6001,0.8098219403707541
6002,1.1009964693787049
6003,1.8035233150214962
6004,1.0445017545292516
6005,0.9234798709332497
6006,0.6187873222511171
6007,0.30378943929672003
6008,0.31742456094280724
6009,2.0279031077685294
6010,0.9069726237298312
6011,0.29813412721294047
6012,1.9572257171209695
6013,1.7606674617901592
6014,1.9465318147972308
6015,0.8109373995752682
6016,0.7020158999249029
6017,0.278515372265032
6018,1.2052495634310163
6019,0.0
6020,1.6773919029982274
6021,1.1502384705608688
6022,0.7713577639895646
6023,0.20507049520422532
6024,0.44900151683676964
6025,1.0526657552357628
6026,3.447491901759123
6027,0.23907015935839188
6028,0.4325501051959097
6029,0.37960791715225484
6030,2.083689297082764
6031,1.249918026573659
6032,4.4356848844537025
6033,6.812421762460415
6034,4.154922402406346
6035,1.7967477520778998
6036,1.152314785780443
6037,0.6243649718276457
6038,0.8494014498601603
6039,7.0446738380609
6040,3.16220467744471
6041,2.282121027522107
6042,0.35203237239169677
6043,2.1535059514262045
6044,0.5744291210072525
6045,2.925103013649519
6046,0.9700471496874514
6047,0.8905390972183416
6048,0.7514509187597567
6049,27.32411952585471
6050,3.7814247208582037
6051,0.0
6052,3.271042166210975
6053,4.413460910206865
6054,1.8820222198421215
6055,2.596900045901665
6056,4.410404114221363
6057,1.1696664346443044
6058,0.0935583046667558
6059,1.1365545624118805
6060,0.26742880724138984
6061,2.564825294669597
6062,2.087604804846474
6063,0.49654628917163995
6064,1.7533300782617713
6065,0.24351272846350175
6066,3.3713162330855777
6067,3.2658679151318433
6068,0.8062808848539741
6069,0.890189004802127
6070,5.227472861786856
6071,1.7568259840966707
6072,2.983742403551602
6073,2.5976341129044846
6074,1.794926773328049
6075,1.7093218984885885
6076,2.183916857924237
6077,1.387047499691153
6078,1.3444914358063023
6079,0.8428573162886708
6080,0.8705516170203755
6081,0.33211283621258925
6082,0.911684357155137
6083,1.8501328405018571
6084,5.048665825418643
6085,0.217022107137279
6086,1.12048408643681
6087,2.018037510705135
6088,3.2607378912026403
6089,0.19835387235469792
6090,6.69810638672123
6091,2.0716378538805467
6092,1.1193613349374685
6093,1.6356693852823594
6094,1.6576180315578244
6095,1.0957112272578813
6096,1.10702633915226
6097,2.6428523895079197
6098,2.7681469127366904
6099,1.8470896121410476
6100,2.2121813755771274
6101,1.8921311684552862
6102,0.1734317307839774
6103,0.8787866620785216
6104,1.559897148533681
6105,0.6942468553544732
6106,0.0
6107,22.489627166687196
6108,5.603446384296186
6109,2.036901018923536
6110,4.913018835962259
6111,2.2562440165167597
6112,2.2846991884734456
6113,1.6531604876148496
6114,1.9617873472498557
6115,1.2207023376001336
6116,0.6913911925591609
6117,1.163305137899484
6118,0.6513086946563289
6119,1.821368852055401
6120,2.1525811145147613
6121,0.7228758177087602
6122,0.8935052980715168
6123,0.0
6124,0.842797114853794
6125,0.7253084120471343
6126,0.2712161769700298
6127,0.8073562003890431
6128,1.725079714466304
6129,0.8840736368277091
6130,1.0731976926972928
6131,1.7724449370609237
6132,0.566866985181646
6133,0.10781726161235602
6134,0.708489660875338
6135,0.0
6136,1.3939741701137218
6137,0.6627486550541688
6138,0.1502546142864811
6139,0.2857957012400194
6140,1.5395182654635686
6141,0.5329648341220333
6142,5.713925140689745
6143,4.256481024375129
6144,0.9285709810620475
6145,0.4465450738927171
6146,3.5734873109574496
6147,0.2594313706792735
6148,9.264745854359957
6149,3.1867381060039093
6150,1.2580880838202788
6151,1.044787493252195
6152,0.6149601331985269
6153,0.4002056505493512
6154,0.9082820860461311
6155,2.303821623369956
6156,2.1356639010822285
6157,2.477134814773371
6158,1.9109417213101803
6159,0.853332029575335
6160,2.5151463182929454
6161,0.28270510785925834
6162,0.38979060873868415
6163,0.986672702598397
6164,0.7442075035678951
6165,13.969017191636198
6166,4.928915271897253
6167,4.835358369863133
6168,3.0580100669152026
6169,1.7735590047818892
6170,2.8229207605356343
6171,1.8673374595029535
6172,0.33722446914056653
6173,0.7959186703612398
6174,2.1064310999633404
6175,0.7587809182055991
6176,1.164853481424744
6177,1.208962316549824
6178,2.517880784368478
6179,1.5831412751701421
6180,0.7444284305239011
6181,0.686143081727481
6182,1.5779572161819237
6183,2.5317338616778216
6184,1.1300390304713106
6185,1.9811136143063566
6186,1.915439637969675
6187,2.131977992798538
6188,2.2399422467205694
6189,1.235036585762687
6190,0.18049678542614414
6191,0.7559482084820489
6192,1.266853418738944
6193,0.13589905517484316
6194,0.42119966176988183
6195,0.2132786561816607
6196,1.0248773162567746
6197,1.022098473645255
6198,1.2322130650349679
6199,2.7371034876380778
6200,2.419410291521938
6201,0.97907243094932
6202,3.93235541489203
6203,0.9385809713120925
6204,3.163909634986194
6205,1.5818827754585068
6206,2.340077910202152
6207,1.4970346463571997
6208,2.1137063009886012
6209,0.233459823575358
6210,0.32872713077287424
6211,0.07113943300229647
6212,0.2264944613161833
6213,0.7487195357984802
6214,0.9157886453215522
6215,0.7606727716689964
6216,0.8182947302051307
6217,0.4038345123653343
6218,0.5128444358889124
6219,0.1841771678386231
6220,0.15740407704280504
6221,0.022262537611443846
6222,0.11746694708419796
6223,3.36043901166806
6224,2.0022475371923085
6225,0.0
6226,1.178918470562195
6227,2.167165317513919
6228,1.5838814832462056
6229,1.182050026694451
6230,0.17070562012855756
6231,0.10748940481878733
6232,1.146079104815173
6233,0.2002567828866812
6234,0.19309630863759103
6235,8.363145577149314
6236,0.8921288602271411
6237,0.793860085640703
6238,0.4993618158187556
6239,0.08398398066223815
6240,0.1773062564312792
6241,0.9535781893118185
6242,0.2511632410059541
6243,0.11801165952098354
6244,1.58965567394283
6245,1.7196308677305345
6246,2.1778780481047053
6247,0.6838591247407352
6248,0.12212524428389095
6249,0.5755083043307045
6250,0.7687758049795694
6251,0.0
6252,0.27508467381807106
6253,0.20095309727018076
6254,0.639346218427981
6255,0.32295718480101515
6256,0.30520892161882973
6257,1.7028889949998538
6258,2.236565360824552
6259,0.21983537657261207
6260,0.9505917107727098
6261,0.7024637629015145
6262,0.9497786877960464
6263,0.261634285079414
6264,2.928578638346242
6265,2.9698370605614226
6266,1.9041121596277244
6267,0.31611604946997435
6268,1.847158500505175
6269,1.5593856644885715
6270,0.9570382014762444
6271,4.476949886232539
6272,1.936862647290496
6273,2.0627171695076716
6274,0.9240241924732524
6275,0.8506802660708821
6276,2.3770269663243226
6277,0.10341487791333881
6278,0.7625391069305762
6279,0.15261439979317012
6280,1.7754606916027753
6281,18.36103407690586
6282,2.4302948984089663
6283,3.05324486911601
6284,4.1585659660336916
6285,2.028455053542471
6286,3.8827008063611084
6287,1.0756783723241437
6288,0.9517772697763776
6289,1.0228493545967718
6290,1.05328286894503
6291,0.14567021184579323
6292,0.1849268067986474
6293,2.3552562925632716
6294,3.959170269968282
6295,0.13999127236555362
6296,0.10283597692970482
6297,0.054778618179607136
6298,1.7460194586940565
6299,0.8071644043249449
6300,0.5518964502220434
6301,0.23406219832121922
6302,3.480487277229803
6303,1.963948589228441
6304,1.6201154608546888
6305,1.4771917191709476
6306,0.9494683949872558
6307,0.16979490825330557
6308,0.2880530410334322
6309,0.0
6310,0.5647315107584265
6311,0.21796792501157455
6312,0.6870641171094797
6313,1.0590568980354527
6314,0.45201666444607164
6315,0.432082024487682
6316,3.357862383390099
6317,2.1942793548876476
6318,0.3770480781585981
6319,0.3692141494697367
6320,3.602630461454729
6321,0.2396712841329239
6322,2.3455705682802366
6323,1.5116303573959406
6324,0.9169472796834781
6325,0.46071778737131186
6326,1.0590893853398853
6327,0.9639967394156317
6328,0.8867140012247903
6329,3.343454459450254
6330,1.7488083299378063
6331,1.7909912930715213
6332,1.0768162730852087
6333,1.843211457734839
6334,0.18137658204335594
6335,0.15941188239108675
6336,0.2770278538926367
6337,0.13376720919298085
6338,0.199694225325825
6339,14.950209248395915
6340,3.367918378727542
6341,4.417569216395596
6342,3.4509430556795664
6343,2.718800071347244
6344,1.5648278263350892
6345,1.522729200059308
6346,1.4675503548735462
6347,0.8216046941191122
6348,0.9485975509932092
6349,0.7599700030545321
6350,0.1659491797526518
6351,1.8328638160184347
6352,2.2930640309274555
6353,1.142433464927323
6354,0.11459210204846208
6355,0.10671551519537405
6356,1.0016383048606528
6357,1.2468005264258992
6358,0.23723148994450657
6359,1.2508474983932696
6360,5.488249467885659
6361,1.256799768657352
6362,1.3509427268336696
6363,1.1844595803361384
6364,0.02095151950929947
6365,0.22506274858930742
6366,0.7038735266868477
6367,1.673567165291042
6368,0.5479553474692189
6369,0.15938215961620197
6370,0.45028630034505335
6371,0.12899398921395916
6372,0.36753558132091135
6373,0.31787409794010835
6374,2.987923944975727
6375,2.8454651099706267
6376,0.8842111328934839
6377,0.3046191002420386
6378,0.884171284254045
6379,0.7961600551144783
6380,7.386417937018432
6381,2.8864598552863963
6382,1.7830759336798403
6383,0.3906391159977057
6384,0.8205635823478126
6385,0.1664975318667278
6386,0.438090223618533
6387,1.8362093495789904
6388,1.764647708296756
6389,0.4692601406199263
6390,1.7797245536721689
6391,1.0568614656711495
6392,1.0606010456869517
6393,0.6497858202924065
6394,0.22965311114069104
6395,0.08412903104691134
6396,0.20655294429276855
6397,3.3799512696095837
6398,2.927641418940042
6399,0.0
6400,3.1667560987698877
6401,1.54286401695021
6402,1.8968416712541316
6403,1.9734256391345557
6404,0.9350577429992855
6405,0.6127868309116344
6406,0.9031799184922922
6407,0.3187113339788898
6408,0.9282020384338063
6409,1.1250433530597475
6410,2.7494116733599823
6411,1.0501614875514218
6412,0.5741299231535428
6413,0.4929423567660491
6414,0.8494544073343959
6415,2.086377646605323
6416,0.847814198744596
6417,0.4422718572749872
6418,1.2239773249177548
6419,2.832609543787499
6420,1.7586927677936517
6421,0.837244495034291
6422,0.37077692549165914
6423,0.3655481242483769
6424,1.4630600875506639
6425,0.0
6426,0.6962713423616189
6427,0.8184425627072927
6428,0.8585992240667577
6429,0.9664224046346224
6430,0.35831072502355593
6431,1.4334986587692635
6432,1.8856971327239023
6433,0.4123418084427276
6434,1.2257093799573053
6435,0.44409198883769785
6436,1.9320865449614488
6437,1.399110724741044
6438,8.487739407400168
6439,2.263366075369537
6440,0.9613060014550514
6441,0.6246545931941021
6442,0.2245644077380447
6443,0.38802025084984854
6444,1.349380261339122
6445,2.0883157904034912
6446,2.139957270087488
6447,0.9390075215933165
6448,0.8558098392478828
6449,1.4667146630514991
6450,0.08781479593537755
6451,0.8259379856827627
6452,0.18483333156332407
6453,0.2674386481411717
6454,0.008151165248908288
6455,11.275603358805467
6456,2.969070775875762
6457,1.5532474474885443
6458,2.9555358274695056
6459,2.160203981175872
6460,1.2014251283817885
6461,2.7482730964428566
6462,0.9259132257048359
6463,0.6285724018397356
6464,0.1193906528362216
6465,0.7000016605306444
6466,0.8448888606855702
6467,3.954830780307949
6468,0.21995561697598284
6469,0.8949884110013695
6470,1.057026322102343
6471,1.0926495444777982
6472,0.12762074835694967
6473,0.32201956975639534
6474,0.02184195364406125
6475,0.2757386498091928
6476,0.817929851095049
6477,1.5251479360219882
6478,0.5921586445308177
6479,0.25748962508648293
6480,0.26411566926445607
6481,0.7654021670382227
6482,0.7418792767535746
6483,0.0
6484,1.0138003892930714
6485,0.3131588305999802
6486,0.3872282441502564
6487,0.06745035649788869
6488,0.24924657503987344
6489,1.0241936624799943
6490,2.5366758260930773
6491,0.16975852241524497
6492,0.910264154182612
6493,0.9637792641992557
6494,0.9300958862494555
6495,0.70281400591894
6496,9.143288611500042
6497,2.463914152678847
6498,2.0743270713999076
6499,2.2632455348828837
6500,1.7620925421497318
6501,0.937156734531815
6502,0.8556594782377394
6503,2.0132822481715644
6504,1.8570392941613667
6505,2.402896160413137
6506,0.8976277111169295
6507,1.8593115438929724
6508,0.16689020503211152
6509,0.5668379376300448
6510,0.7155897963042275
6511,0.8091072103170678
6512,0.13678875323716
6513,24.996017155364182
6514,4.041990737547747
6515,5.3341022687344575
6516,5.317712842080895
6517,5.585898623684807
6518,1.9965154825541882
6519,1.200135185088413
6520,2.4126879531988177
6521,1.6338075992081342
6522,0.37957106982654104
6523,1.0657575721700896
6524,1.117295947783706
6525,1.8947499473557237
6526,1.1683261560174458
6527,0.5421468849547904
6528,1.166232211832044
6529,1.204009355444167
6530,1.0487661433294413
6531,1.353737754164104
6532,1.0823451849069716
6533,0.3069645416730513
6534,2.003664754142991
6535,2.720450690567762
6536,2.0949769685634463
6537,1.0468803599154095
6538,0.8937747551366904
6539,1.1228234178949823
6540,1.4193592175344005
6541,0.367550756636938
6542,1.0578727600101256
6543,0.9302697642119402
6544,0.7936186569383192
6545,0.2741986503422876
6546,1.7835363572650864
6547,1.2794189074265696
6548,2.6469484122785447
6549,0.4356951964696863
6550,2.4922164947986594
6551,1.41490198122614
6552,3.556662902460288
6553,1.1151678612193479
6554,9.906445686003844
6555,4.875472322046855
6556,2.6298630501496967
6557,1.7820869550029204
6558,1.185949665251832
6559,0.9084673373259862
6560,1.0554720983843666
6561,1.6058362521650977
6562,3.275800617394344
6563,1.4344866988404095
6564,0.7233096018964791
6565,1.9030425394685877
6566,0.15806093299310986
6567,2.811639678469433
6568,0.8219960664527945
6569,0.9522290363440262
6570,0.1106259190566299
6571,15.733349863421823
6572,2.325884519861026
6573,1.2118095487356553
6574,5.915803701213394
6575,8.445491359456547
6576,1.8862211002151104
6577,1.5518086393198258
6578,1.8527709160277799
6579,0.8312648105591081
6580,1.0260301993931258
6581,0.8026546385574262
6582,1.1767786554941029
6583,2.28188595894893
6584,1.1666454635186045
6585,0.1719478903283635
6586,0.6150623464489604
6587,0.7595996934655094
6588,0.4675371599770389
6589,2.900296089322892
6590,0.8693823910980858
6591,0.3102436201526503
6592,2.845348090629563
6593,2.2429486358747366
6594,2.591178551462281
6595,0.8966060139099408
6596,1.0147014182995675
6597,0.6654919525081167
6598,1.787298251847039
6599,0.22669855693262259
6600,1.8110027018975052
6601,1.3647318655156007
6602,0.8066759207055358
6603,0.22472402997345742
6604,0.516648154585338
6605,1.2412376235587428
6606,2.927705873260378
6607,0.24036266443305532
6608,0.3868150392107561
6609,0.4344063114869032
6610,2.4106108846248557
6611,1.3016052125559712
6612,5.7066104400951785
6613,6.568025848111527
6614,4.518123782552545
6615,1.7121947425522217
6616,1.4003367374164388
6617,1.0593108731714327
6618,0.7955438859534489
6619,8.024738470837072
6620,3.1317902626700618
6621,2.669244647381602
6622,0.5051702395113475
6623,2.2934997125349166
6624,0.6035503120341392
6625,2.620383761843469
6626,1.139636582815468
6627,0.8193391304635076
6628,0.9601871768020733
6629,31.903526748270373
6630,4.275563269367773
6631,0.0
6632,4.442046332665404
6633,4.309603255096909
6634,2.2314059496346035
6635,2.779331520199734
6636,4.222256075684998
6637,1.1980544802089796
6638,0.07461033844173931
6639,1.6783274589851223
6640,0.45808190050355857
6641,2.942119768120533
6642,2.6517933546184462
6643,0.3372854795339765
6644,1.9286051504601844
6645,0.22369609562714496
6646,3.60266466964148
6647,2.4844185870608086
6648,0.6335507315346282
6649,1.1231251922650016
6650,5.3788118536196965
6651,2.1411755685217537
6652,2.8706449209401628
6653,2.8515504726663883
6654,1.9819593593643532
6655,1.6457646293822066
6656,2.6032608272488273
6657,1.5334454529281745
6658,1.4260756546768456
6659,0.8479810332715845
6660,0.9872545298771795
6661,0.38292325551801565
6662,1.0536675006908895
6663,1.6983447141995969
6664,5.478756135176356
6665,0.22972852686267067
6666,1.147569045436521
6667,1.435760835340647
6668,5.909989798950244
6669,0.20323013371073706
6670,11.414744119884869
6671,2.4656074631014087
6672,1.4059871444821184
6673,1.3525191617575865
6674,2.24240226958864
6675,1.1457656518196528
6676,1.0272494966637082
6677,2.982714557646014
6678,2.742651570314587
6679,1.9355338137845122
6680,2.6821329455540193
6681,2.065300331809054
6682,0.3066604654674088
6683,0.9685257966382665
6684,1.9992409671586202
6685,0.9003654216455212
6686,0.024402122713586237
6687,30.790048136761644
6688,6.578284538064885
6689,2.430849249321433
6690,6.082253485882661
6691,2.76220806635755
6692,2.786276255706082
6693,2.0313526966302287
6694,2.3976353875662877
6695,1.195027849790461
6696,0.7248088881390975
6697,1.2137892149911542
6698,0.8938477166503276
6699,2.732266618381938
6700,2.7078230086323294
6701,0.9136464965807469
6702,1.3145331737920762
6703,0.10379025395956713
6704,0.9295705827921561
6705,0.7760292549848504
6706,0.2881587626825502
6707,0.9860718122119214
6708,2.246004588799644
6709,1.1674675022573027
6710,1.587967304897492
6711,1.9439260175331237
6712,0.8534013590118021
6713,0.14002120163669
6714,0.8113934523323216
6715,0.01731295369898353
6716,1.5533657446536262
6717,0.7375322987103403
6718,0.19284483955832893
6719,0.6974301537970957
6720,1.7419477374791217
6721,0.37887798872344164
6722,5.470114692741976
6723,3.5983087254278567
6724,0.44287764085485964
6725,0.8047347041172639
6726,4.201260448546015
6727,0.2281327224899048
6728,12.183011457659333
6729,3.6530370192606263
6730,1.3048343184355906
6731,1.086194140361499
6732,0.6884417067720834
6733,0.4044217431754713
6734,1.0433851294951961
6735,2.539570651804086
6736,2.2319714313655434
6737,2.6640101645456884
6738,1.7561604698713
6739,0.535672908425413
6740,2.1666064307885256
6741,0.31668702852457203
6742,0.3650206064794453
6743,0.9128044779287179
6744,1.0007442072642032
6745,15.715554458690299
6746,5.661319949176052
6747,4.663390099824761
6748,2.800397814504428
6749,1.7006407526819283
6750,2.76703487187032
6751,1.9773435935413963
6752,0.31617898767585145
6753,0.46453326440331405
6754,2.1886549063235234
6755,0.4759962831523278
6756,1.0722248123362181
6757,0.9996378027151955
6758,2.536406417216072
6759,1.4915422719279672
6760,0.7974831158718738
6761,0.3236898961485259
6762,1.3574179282175032
6763,2.2047563276576425
6764,0.953118035624674
6765,2.131973978924531
6766,2.156962559960539
6767,2.4010111912400354
6768,2.768584127987852
6769,1.2080004585617508
6770,0.25895953732794985
6771,0.7649909590735708
6772,1.7810993697298585
6773,0.2763602919860996
6774,0.4556957789085724
6775,0.2134406326229669
6776,1.0644150281857798
6777,1.2094780581054945
6778,1.1234212974672946
6779,2.91227475795471
6780,3.013064671447111
6781,0.9594698035656282
6782,2.0340420790336853
6783,0.9828733507671019
6784,3.2566201728974105
6785,1.7343025913724561
6786,3.0332317558626096
6787,2.6929876637619343
6788,2.315999447392784
6789,0.27252270842569226
6790,0.3400689843199855
6791,0.07183000273422344
6792,0.2104826612452375
6793,0.9111101089611113
6794,1.1951105406589007
6795,0.9139222349086169
6796,0.997472523999752
6797,0.7890350101979619
6798,0.6115554031944986
6799,0.18106147032527664
6800,0.1932903781108797
6801,0.03154951503522021
6802,0.11434423294888194
6803,4.052549259014552
6804,1.7480558339581216
6805,0.0
6806,1.4529430798673024
6807,1.5728196716065892
6808,1.7607362819171888
6809,1.3250449655756198
6810,0.12349069307951137
6811,0.22249274464046076
6812,1.0479289504209992
6813,0.23226091260138318
6814,0.16112845323414685
6815,3.980301066409461
6816,0.9292084542183665
6817,0.6176286829949189
6818,0.5087067030502842
6819,0.12205013614923878
6820,0.19110328207925437
6821,0.9444685735523586
6822,0.19941144896659546
6823,0.09687417906580328
6824,1.7715809699775966
6825,1.8924978545510651
6826,2.5325196978531714
6827,0.8532113159055306
6828,0.5695138871469223
6829,0.2793307521691756
6830,0.7441201363025098
6831,0.04864823324989263
6832,0.6744020343562713
6833,0.5699493952246562
6834,0.6661122413157397
6835,0.7025172476149414
6836,0.2695567438247203
6837,2.1258280652437573
6838,3.1061145162865316
6839,0.22248941644428083
6840,0.8406166781401445
6841,0.3389268681790318
6842,1.021374844253278
6843,0.2170816829986445
6844,3.4730359566114006
6845,3.4591032275496474
6846,2.0872173318437164
6847,0.3182607100167944
6848,1.8927197879513056
6849,2.096196562814324
6850,1.0169376323247987
6851,4.82372731371218
6852,2.082870070089951
6853,2.205083572150086
6854,0.9618820282159171
6855,0.9392939195340639
6856,2.515439167323652
6857,0.12202737511350974
6858,0.7716517840456489
6859,0.1453699868532032
6860,1.8870399454834152
6861,20.519094409483223
6862,2.6916493793598457
6863,3.960381825961834
6864,4.5902886633115125
6865,2.1536678637165507
6866,4.805995511507399
6867,1.012417612824596
6868,1.2025410084087074
6869,1.0720729438893746
6870,0.9005512195019296
6871,0.09806827984124429
6872,0.16930811144372704
6873,2.100310751079991
6874,4.203214953154135
6875,0.05379791526827739
6876,0.11601711920460837
6877,0.03267273495197684
6878,2.1908588647822627
6879,0.808626635016263
6880,0.8434091893255914
6881,0.21697020673777134
6882,3.8171727731562246
6883,2.5050732437026024
6884,1.717361298217202
6885,2.0107117963612597
6886,0.9388802178157285
6887,0.17271650784447112
6888,0.6006741725177915
6889,0.0
6890,0.2561730084457271
6891,0.23144612637036463
6892,0.6706545495150406
6893,1.1883414834397674
6894,0.3798969259750344
6895,0.26767066409155604
6896,2.765413050290661
6897,3.035189416531884
6898,0.3337574254972996
6899,0.3860043556265147
6900,4.470080961944865
6901,0.22179096967438328
6902,3.2560589210374897
6903,2.1465666023665535
6904,1.0939677084915802
6905,0.5286601602656362
6906,1.3084972386679539
6907,1.023360018291479
6908,1.008460459671282
6909,4.502355685521921
6910,2.018417043487265
6911,2.007569038286392
6912,1.241509921598189
6913,1.8007460241008726
6914,0.23520994765136735
6915,0.1502046519006054
6916,0.32307061216077293
6917,0.1054485685748441
6918,0.1761707841780936
6919,17.77535166297962
6920,2.986015486596481
6921,4.954595754781283
6922,4.276028545787182
6923,3.081274673098958
6924,2.0216257488815903
6925,1.383403373570509
6926,1.9868902063309446
6927,0.8832513624333493
6928,0.9417041974819651
6929,0.4630492508686934
6930,0.18496986794178288
6931,2.298644886256016
6932,2.377008201746566
6933,1.2610659450299921
6934,0.08984243736531244
6935,0.10088459030788992
6936,1.1018394746386764
6937,1.188488605960996
6938,0.3829080136209578
6939,1.2380686547226476
6940,6.51469728644361
6941,1.9734942119922256
6942,1.759182704247083
6943,1.4697170016011243
6944,0.0
6945,0.25131946185520326
6946,0.769093589140022
6947,1.7030055687930967
6948,0.6078620932018166
6949,0.15598454561300895
6950,0.3537118349183178
6951,0.14474127517625068
6952,0.36418725202501856
6953,0.31751571079878466
6954,2.891081420052901
6955,2.5441074838641313
6956,0.9211717664796231
6957,0.40705213329200873
6958,1.0419211656604017
6959,0.9889851835225814
6960,8.622478137636113
6961,3.15541921017429
6962,1.6073673531560628
6963,0.5538265656504219
6964,0.9758077551451705
6965,0.25359048164322157
6966,0.4091393529951724
6967,1.968575872932337
6968,2.1467643452918517
6969,0.5796968714076203
6970,1.537106243194489
6971,1.179806525769529
6972,1.4179213346788129
6973,0.7341296603427374
6974,0.39456035790989935
6975,0.21653562964768533
6976,0.6203987834647744
6977,3.886376660559354
6978,3.7285325217284133
6979,0.0
6980,4.1383057303415205
6981,1.4750557830670765
6982,2.197650209306907
6983,2.291579531489782
6984,1.1261214829320985
6985,0.7335752869582818
6986,1.2400267841618253
6987,0.36443230595570103
6988,0.4738356547059303
6989,1.0019365754022864
6990,2.564677154924253
6991,1.3461145842779816
6992,0.6038173793304897
6993,0.6158100735979244
6994,0.8545780815892472
6995,1.966200965033297
6996,1.1117618191488046
6997,0.5386161000162749
6998,1.8440720297135167
6999,3.1841913649690485
7000,1.8819897991489447
7001,1.1663934191816208
7002,0.516953525535991
7003,0.7506714968725076
7004,1.341610975707961
7005,0.05546492324737517
7006,0.7710363100478228
7007,1.0037549610850045
7008,1.0021439932051497
7009,0.9296629118229607
7010,0.41442402099353587
7011,1.6814286806617478
7012,1.7479095173703523
7013,0.3729881031628973
7014,1.2303584910014775
7015,0.8062087977420729
7016,2.583706794102289
7017,2.3503962894866692
7018,8.279472404849358
7019,2.376730461432979
7020,1.1286272325462419
7021,0.6730020248954879
7022,0.22046049004563517
7023,0.7405549957132909
7024,1.0848675014904006
7025,2.255872259906037
7026,2.0849349949090543
7027,1.0131508729467595
7028,1.1877022514580367
7029,2.3353595228988997
7030,0.15034480191725869
7031,0.8970069781708827
7032,0.36882094796610165
7033,0.6893444507099059
7034,0.08401318833141863
7035,14.118990805599639
7036,3.82486609094199
7037,2.2880436684067735
7038,3.838183180053611
7039,2.39069022319235
7040,1.1963438388821401
7041,3.0415836671825245
7042,1.0968208006723743
7043,0.769295081380666
7044,0.16623294399173819
7045,0.9662394642667549
7046,0.9369444153047726
7047,4.2160047498920346
7048,0.24770799275630637
7049,0.8428376185443465
7050,1.1281470478012723
7051,0.9269439894350326
7052,0.16200201807701414
7053,0.2560511791006447
7054,0.09133606057100195
7055,0.30747085706316035
7056,1.1039943649594546
7057,1.7087689636136032
7058,0.8068779979847516
7059,0.2863347456439127
7060,0.7828875746405302
7061,0.7576998315304948
7062,0.8180761071757559
7063,0.0
7064,1.0292724060574945
7065,0.31572906386464217
7066,0.7124781853354437
7067,0.09939736992040926
7068,0.3008347472923648
7069,1.0942246741647736
7070,3.235023009158157
7071,0.21808805589025285
7072,0.8790485290126935
7073,0.9910935928725455
7074,1.0291592165184278
7075,0.39100999752464854
7076,11.115751178540224
7077,2.5266537645648204
7078,2.4004005201945566
7079,3.2606027966769977
7080,1.8509908110608362
7081,1.1197229094139003
7082,0.8496431009449308
7083,2.6520360766730926
7084,1.9748565495509363
7085,2.1460052864439323
7086,1.4008246734101701
7087,2.1157722981428555
7088,0.3589718154239402
7089,0.5450122028363815
7090,0.9496499374571847
7091,1.042199482679792
7092,0.20842933166883665
7093,27.906137620468428
7094,4.80068153005498
7095,7.07466876343802
7096,6.184391678573516
7097,6.466482204439128
7098,2.3237579318403543
7099,1.4207007428621272
7100,2.8922791333871904
7101,1.899459020118
7102,0.8206998684827276
7103,1.915503353903687
7104,1.1579908899303832
7105,2.7976296895246078
7106,1.3609304890384133
7107,1.7699286026866856
7108,1.3181562167849932
7109,1.124871027264479
7110,1.3815591484462393
7111,1.4258055234766795
7112,1.2918713021772297
7113,0.4518814853275686
7114,3.1496113607337977
7115,3.7419937995745904
7116,2.6533508546561424
7117,1.2615380895881876
7118,1.108422279807342
7119,1.3851702594039894
7120,2.0678853500428405
7121,0.5141757811000005
7122,1.1840512263952347
7123,1.194887614685252
7124,0.8595051172586032
7125,0.2351162427854364
7126,1.5130972029932692
7127,1.2697111611416796
7128,2.9068831950199034
7129,0.4397164118907402
7130,2.1796159453845267
7131,1.2283995556674907
7132,3.8101554149404016
7133,1.3851040586601497
7134,10.4328125989132
7135,5.283691045160358
7136,3.1065064029465983
7137,1.699947676038267
7138,1.375758002801188
7139,1.1125255223831167
7140,1.3377442190889683
7141,1.8641521007148176
7142,4.168149139460037
7143,1.9843664340213731
7144,0.845861615952372
7145,1.9828565487976575
7146,0.23506298926230565
7147,2.7715314211064284
7148,1.0800871677863537
7149,0.8355198217052651
7150,0.16345405836274066
7151,17.126306718992833
7152,2.9161410646178676
7153,1.5683959525206985
7154,6.442854398822298
7155,9.084996945826244
7156,2.26440737148439
7157,2.010518316031144
7158,2.1025107042219484
7159,0.8089713219799928
7160,1.2026282319697785
7161,1.0670457019351889
7162,1.8284776183450298
7163,3.0261873264728294
7164,1.511089080233674
7165,1.0728946365085321
7166,0.6595231133365163
7167,0.913428018660503
7168,0.5852170225706345
7169,2.9681767074195937
7170,1.3288161319761764
7171,0.35545078543641107
7172,3.610951517458923
7173,2.78279401168764
7174,3.131346710817191
7175,1.7571740866360273
7176,1.3292402217021435
7177,0.7353771103028799
7178,2.06318913369467
7179,0.3681500968069894
7180,2.2427843049103426
7181,2.1025914276544992
7182,0.9312612991934994
7183,0.314529476342639
7184,0.7424965624383204
7185,1.204016209874024
7186,2.7186198155391157
7187,0.3901349929493101
7188,0.5488477127869048
7189,0.7266807119516545
7190,3.239725655008738
7191,2.2913043052968542
7192,6.6228842199816516
7193,6.34408113226069
7194,5.970574398232373
7195,1.9366146580920995
7196,1.335657708103659
7197,1.2331027592343176
7198,1.0940851720218259
7199,9.557778781775768
7200,3.8258673133285725
7201,2.8548025705709734
7202,0.9377443239213124
7203,3.0627790043728367
7204,0.7432065883062899
7205,3.0656092594608384
7206,1.1879762602352961
7207,1.7344815431120018
7208,0.9339600339951994
7209,33.16880937275696
7210,4.464134098096838
7211,0.0
7212,5.014547238617542
7213,6.284482097246594
7214,2.4191558730939167
7215,2.919523241159372
7216,4.901498831063357
7217,1.2760239564359774
7218,0.21488016860053566
7219,1.509813370292922
7220,0.5983144277665893
7221,3.0000728884246186
7222,2.510305395333541
7223,0.3259295322340348
7224,1.9424950842647766
7225,0.82640630812598
7226,3.8364507389937117
7227,2.8549688872038868
7228,0.669975805322822
7229,1.3513586706335758
7230,6.903739100082214
7231,2.468779179477245
7232,3.6955419235623648
7233,3.1669207473611407
7234,2.451893264182257
7235,1.9929198242931507
7236,2.8904604307716406
7237,1.8946692204933497
7238,1.590098759823795
7239,1.187590078684631
7240,1.2215976407895022
7241,0.8733194234462425
7242,1.009605607764609
7243,1.915972519738314
7244,4.912448750411969
7245,0.33097117434057105
7246,1.6974678481019592
7247,1.4823293842810072
7248,4.371374492128108
7249,0.2567855154771576
7250,12.564312733777733
7251,2.930888335097122
7252,1.6751209115092016
7253,1.504175851923157
7254,2.7241570861938884
7255,1.4082584217105865
7256,0.9269869275838822
7257,3.976377527059884
7258,2.961448004215995
7259,2.1327357988114812
7260,2.83528867999844
7261,2.7149916326635033
7262,0.4717366333683341
7263,1.0723838271278003
7264,2.25286109941301
7265,1.0462856238992742
7266,0.09476198193134218
7267,31.92343562257108
7268,6.03361428589003
7269,3.870816430567993
7270,7.500912516214173
7271,3.261190610279032
7272,3.2761255531603606
7273,2.3438821563832053
7274,2.2983940613913076
7275,1.543633106289677
7276,0.8665303785100456
7277,1.8361129969862429
7278,0.7693831153594437
7279,2.930175789103007
7280,3.373437526032245
7281,0.8957147626863073
7282,1.1785073095644512
7283,0.08335796427849632
7284,1.1445714771629532
7285,0.865097073041609
7286,0.25994729105155706
7287,0.9464009570280061
7288,2.513357257073888
7289,1.3031686290079834
7290,1.4603241351856744
7291,2.735569602335108
7292,0.8559424171766703
7293,0.17655951228626865
7294,0.949792329135617
7295,0.06767850684367961
7296,1.9150873594341777
7297,0.8733627733226552
7298,0.25961517055643185
7299,0.7555522880040129
7300,1.7665551155525245
7301,0.5467106268725548
7302,5.558385361770319
7303,5.174014123766174
7304,0.4875801308386019
7305,0.5725949483576833
7306,6.694582312640046
7307,0.3029219521986766
7308,12.94629734559921
7309,4.656314062311252
7310,1.148673981058014
7311,1.1612940653757249
7312,0.6250186453350227
7313,0.40442253158782243
7314,0.9510827232482262
7315,3.1671771068189463
7316,2.3660721798646134
7317,2.786187807465775
7318,2.2817633444535055
7319,0.8186940758198908
7320,3.0121950297062945
7321,0.399189317680919
7322,0.8701678564758721
7323,1.1780145977296401
7324,1.233638323453518
7325,16.663214165149014
7326,5.6400894324709085
7327,5.6741628454096595
7328,3.3218196108195195
7329,1.6468364400860265
7330,3.372911021194709
7331,2.5859011946811945
7332,0.4668024230788095
7333,0.5850883313910034
7334,2.257972516508579
7335,0.7541704769116113
7336,1.242339735330017
7337,1.2297598483788443
7338,2.8717016305470184
7339,1.5386719091713958
7340,0.9794633139508877
7341,0.9069924882875777
7342,1.5316790901110826
7343,2.5046499386157377
7344,1.4057927371029255
7345,2.061335262216235
7346,2.4011027932243443
7347,3.072195057249167
7348,2.940062276506191
7349,1.4526273793359827
7350,0.3229646017603327
7351,0.9046391792691826
7352,1.889541674572432
7353,0.46298901318238017
7354,0.821186778280611
7355,0.27943700469452015
7356,1.1158212660453761
7357,1.2140368776705581
7358,1.5908465829856804
7359,2.9876563698352863
7360,3.050042867744534
7361,1.1403375899855914
7362,2.214383926232036
7363,1.0327410887954558
7364,3.4566648731055527
7365,2.2781504185155645
7366,3.3375324852526833
7367,2.5021445255157717
7368,2.7255499585732075
7369,0.272573660160117
7370,0.44150551572252256
7371,0.13927831914757452
7372,0.5992259816442734
7373,1.1151042948604346
7374,1.3609198084332792
7375,1.0829167274270437
7376,1.0945741998388199
7377,0.8748186095234147
7378,0.7722671247971318
7379,0.3543759002385504
7380,0.280954651042377
7381,0.17821682019405843
7382,0.6907164536505462
7383,4.421658973074321
7384,1.7853428996314458
7385,0.0
7386,1.9222542397617408
7387,1.4541019312277121
7388,1.786695565519182
7389,1.6409806685647008
7390,0.19438441690926692
7391,0.31246440103346457
7392,1.2411532794034406
7393,0.3124924706614774
7394,0.23842080426597473
7395,3.6992239355724372
7396,1.0833578693614772
7397,1.2397470969213422
7398,0.2601790883481742
7399,0.11419943215045589
7400,0.21312393032188104
7401,1.0690556626008851
7402,0.3558860170656509
7403,0.13682258396776428
7404,2.6836630853089156
7405,1.909398928504499
7406,2.814423764458131
7407,0.9152927301811136
7408,0.5949142202160216
7409,0.733223164303904
7410,0.8347461295600433
7411,0.14399324490352725
7412,0.8253422775959816
7413,0.6368914199985949
7414,0.7427726243175009
7415,0.4983702058943398
7416,0.3452522126054097
7417,1.780181405723657
7418,2.625687384170983
7419,0.2745139883681454
7420,1.0126666182376642
7421,0.47363130147119287
7422,1.101559482429508
7423,0.2949857413157488
7424,3.5839425198287875
7425,3.719759312039133
7426,2.1657025422454588
7427,0.44776520979941126
7428,2.2080865923137636
7429,1.80662356021488
7430,1.1155104999587757
7431,5.050888857678383
7432,2.7497585717217263
7433,2.140074030352361
7434,1.2349683426890357
7435,1.0276704092469486
7436,2.5711786429883987
7437,0.14717957822566732
7438,1.1302281256082154
7439,0.23319442331114468
7440,1.8525806726887089
7441,23.520154401167872
7442,3.081752096073124
7443,5.112077871775395
7444,4.966612750951991
7445,1.7045890186139288
7446,5.043601662597901
7447,1.1621725485333252
7448,1.1760569620135477
7449,1.053449571252803
7450,0.9929326424385174
7451,0.16674194979067591
7452,0.2280538716140551
7453,1.8248061537557176
7454,3.710601083629996
7455,0.2515628949376492
7456,0.17338892309225395
7457,0.10038342923455573
7458,1.5411435028218692
7459,0.8444833908453588
7460,0.7133886208058088
7461,0.2669870998367871
7462,3.6426347996350223
7463,1.9874163795238373
7464,1.6938800154012208
7465,2.330631138847992
7466,1.0394820515749614
7467,0.5477363344435746
7468,0.7637411704715469
7469,0.0
7470,0.3778914425308653
7471,0.33278569614835113
7472,0.7605225761381242
7473,1.1312235990671753
7474,0.4438889303565174
7475,0.5100598020556972
7476,3.1030574483952997
7477,3.136912324255053
7478,0.42017325072794215
7479,0.41244220062360726
7480,4.464320957943533
7481,0.23044209770598909
7482,4.352853589729654
7483,2.507381707457431
7484,1.2524388836719622
7485,0.6376616538427032
7486,1.2831618259803883
7487,1.2084397351735803
7488,0.9781567609625297
7489,4.800588586028377
7490,2.019411371091025
7491,1.8710612505893809
7492,1.373630978725475
7493,1.8512665972174474
7494,0.3213752995756081
7495,0.2198061685805036
7496,0.6783152319769243
7497,0.23290281443723146
7498,0.39050393332973593
7499,18.830847143541632
7500,4.267345224822966
7501,5.91988542356175
7502,4.97927123175352
7503,3.547193628378233
7504,2.0824953214573876
7505,2.1191147381020468
7506,2.2188709268603946
7507,1.0153581051151759
7508,1.0699724188362147
7509,0.7525383165355591
7510,0.26885071458432513
7511,3.0527991366537646
7512,2.3113960111957685
7513,1.0676154563943756
7514,0.1099372672798568
7515,0.15760213067535628
7516,1.2056257013445757
7517,1.2037485122664386
7518,0.578137423274032
7519,1.2952788261479566
7520,6.58451007385688
7521,2.1600555072330767
7522,1.9047795984674893
7523,1.6138984963952039
7524,0.07122610045147204
7525,0.33872696466168783
7526,0.8464308353858121
7527,2.055095160310675
7528,0.36347545103773676
7529,0.21957603031192652
7530,0.7994423388655469
7531,0.1888141114849778
7532,0.40741239404229534
7533,0.38724027462468313
7534,3.135799385245561
7535,3.33723622941277
7536,0.9613727888819663
7537,0.36022733106875354
7538,1.371653421368672
7539,0.8593541057775527
7540,7.357741852383491
7541,2.7254612510553042
7542,1.578158749316861
7543,0.4343661447533472
7544,1.0215633888794111
7545,0.2505786411384154
7546,0.4077229244308704
7547,2.677610640564847
7548,2.0817557368933137
7549,0.60750439602475
7550,1.985962403258466
7551,1.3306532956461952
7552,1.853865228906498
7553,0.7881572293419816
7554,0.3572388487681382
7555,0.2169319768559407
7556,0.20613176896675292
7557,3.380839112239148
7558,3.7139255047661894
7559,0.0
7560,3.1017186572415567
7561,1.5742813175208183
7562,2.1996810815633894
7563,2.3119359809741025
7564,1.0653373701950666
7565,0.867837885231272
7566,1.1496323289051442
7567,0.4526304891860222
7568,0.9153808468757083
7569,1.0447043592779757
7570,2.1930492999222415
7571,1.5485473309900737
7572,0.6280554561943806
7573,0.2239122668575361
7574,0.9790962418003029
7575,2.1061245371513544
7576,1.0811308875874086
7577,0.4374998346732586
7578,1.6902649504779919
7579,3.043832166698762
7580,1.992474678100622
7581,1.0860997286452345
7582,0.3935067306259354
7583,0.8057815097638359
7584,1.4264422428874184
7585,0.08761898375895678
7586,0.7504310416565996
7587,0.8561303281862969
7588,0.8459154846760026
7589,1.0229972313145819
7590,0.4243259964399077
7591,1.5719946787457353
7592,2.210661682823434
7593,0.479701606628303
7594,1.511873097159899
7595,0.8401368359868051
7596,2.5843203421469685
7597,2.4641862291478347
7598,7.667354860077456
7599,2.2713019279909417
7600,1.0640894044488116
7601,0.3539388984663166
7602,0.26405970997146483
7603,0.7730727248305714
7604,1.2556297027012613
7605,2.9290895929825327
7606,2.11008229820409
7607,0.9923848610658257
7608,1.3306312759946468
7609,2.317792402258935
7610,0.19026387510820772
7611,0.8812730857941424
7612,0.5499923895879189
7613,0.49700985663445446
7614,0.10594644905508195
7615,10.14144302937594
7616,3.6297109005744037
7617,2.1235526930514452
7618,2.7899251890399537
7619,2.8247247866553407
7620,1.441363186850723
7621,3.02690682239765
7622,1.1320555725796249
7623,0.4646634072395291
7624,0.16454345958076108
7625,1.0003722498188397
7626,1.0731123606227895
7627,3.834589769630817
7628,0.25289772490799584
7629,1.9040525535443722
7630,1.096855721020305
7631,1.0966471290526703
7632,0.17383795463617183
7633,0.28480971848776476
7634,0.09219004376457099
7635,0.6455737214105138
7636,1.163374697227423
7637,1.7539039084579024
7638,0.8640616766440536
7639,0.3644635337479328
7640,0.6736342336981265
7641,0.8668911658878229
7642,0.820049140970508
7643,0.0
7644,1.1017188095855872
7645,0.37116986759156795
7646,0.40055161787173793
7647,0.14517012401320645
7648,0.3391066724993423
7649,1.3317187294047943
7650,3.196098664352241
7651,0.20931280975084698
7652,0.4889918681166182
7653,1.1582704563676167
7654,1.1494489834011166
7655,0.3875668866861533
7656,9.233658535240473
7657,2.269509292114399
7658,2.281837622817592
7659,2.618822270866568
7660,1.3924063293901863
7661,0.8798523442885153
7662,0.9286907826320483
7663,2.4952906927524405
7664,2.2230020627855676
7665,2.0796304102291825
7666,1.343866471415374
7667,2.269859752334562
7668,0.6733741591979036
7669,0.8356123333984569
7670,1.1012093034784776
7671,1.1469969063286658
7672,0.2333063507980806
7673,26.76405199015041
7674,3.963727755262605
7675,7.228508188738131
7676,4.708618468937655
7677,11.503327496472735
7678,2.2513057257643694
7679,1.412361443141252
7680,2.743453991268458
7681,1.8448413215634973
7682,0.8079263863679862
7683,1.757036659639108
7684,1.398653218353588
7685,1.989338589111427
7686,1.2179996500601131
7687,1.3902481545652128
7688,1.128799097428916
7689,1.1216595660980373
7690,0.9993493738554615
7691,1.6753292721431325
7692,0.9377044023109367
7693,0.33943566976135275
7694,2.932355335519627
7695,3.456430589210345
7696,2.5843481078039456
7697,1.306054423316106
7698,0.9678388590449349
7699,1.3500837087266777
7700,2.0992582114652345
7701,0.6773046431331995
7702,1.286013609103612
7703,1.099370248550824
7704,0.8549553754670491
7705,0.3091616353620203
7706,1.9014313393778077
7707,1.227950891066284
7708,3.669490945731689
7709,0.47543382875641854
7710,1.8426066303871298
7711,1.2503202731614023
7712,3.9604129056898203
7713,1.239008284553936
7714,8.747082251780444
7715,4.205800304376401
7716,2.6272333266264356
7717,1.3924057424903467
7718,1.1361239976362032
7719,0.9931926765081205
7720,0.8917821437641062
7721,2.209088496834382
7722,3.994194803999643
7723,2.02060577436169
7724,1.3824753463770891
7725,2.612177824809775
7726,0.5853514009729708
7727,2.169470563691942
7728,1.0394555272130532
7729,1.2957783619314944
7730,0.19745025085580387
7731,14.75352982286782
7732,2.7853303981480924
7733,1.6475341674855326
7734,5.605248105377278
7735,9.577583438179447
7736,1.9665084153075187
7737,1.8677072079898467
7738,1.9222256506319066
7739,0.8542479190840815
7740,1.1046627945988539
7741,0.906531035798894
7742,1.199079024977438
7743,2.8596228505823973
7744,1.4149305811593085
7745,0.8793229917721808
7746,0.7704024146807327
7747,0.41097307535060557
7748,0.40768943704460847
7749,2.4028392125599014
7750,1.2033394816393823
7751,0.4244006556729715
7752,2.9606243455884935
7753,2.4747268221318235
7754,3.1645450563395383
7755,1.1947831565834848
7756,1.1070896686927927
7757,0.7095839386267615
7758,1.7270102125527225
7759,0.30310527923018804
7760,2.0487576709675888
7761,1.6441664989759144
7762,0.8196283308707173
7763,0.3561778096489077
7764,0.6507023737064471
7765,1.3841226785413556
7766,3.449850031388685
7767,0.35015650860551334
7768,0.9257171409884202
7769,0.469112814436557
7770,3.0401876108168993
7771,1.3980459928554052
7772,4.845646248394519
7773,4.893251775673452
7774,5.270654322686797
7775,1.9801338403374262
7776,1.3660103388741869
7777,0.5919206743825904
7778,1.0097828642124385
7779,12.683528962674284
7780,3.92192919960472
7781,2.9312257542397484
7782,0.6353669819771176
7783,2.9255481518996995
7784,0.7912594271521021
7785,3.090530731336661
7786,1.3007555884900543
7787,1.8490983155155054
7788,1.0371218616926274
7789,31.124178203230585
7790,4.669777195898588
7791,0.08889101195591413
7792,4.60223518163093
7793,7.604902380425421
7794,2.4264951758096136
7795,2.7446050574958316
7796,4.420944258696459
7797,1.7491841402187682
7798,0.2576527330422098
7799,1.7780042730931114
7800,0.8549530644857056
7801,3.3131804783600423
7802,2.3342583260426
7803,0.5498215452613404
7804,1.8370943082535987
7805,0.5108234994441546
7806,3.65039281022026
7807,2.912687435735437
7808,0.5992583886157494
7809,1.0672172888282885
7810,6.909279050361267
7811,2.2717338265953133
7812,3.3769482222358906
7813,3.259490462856912
7814,2.1252314580775136
7815,2.096974737463543
7816,3.1426414452066633
7817,2.030546525031098
7818,1.470102666353514
7819,1.276018241833654
7820,1.16670940550378
7821,0.46994434334353186
7822,1.2483450602281252
7823,1.9343103741882013
7824,5.964581538210554
7825,0.45627963082605344
7826,1.559740025342712
7827,1.4501510077122346
7828,4.362771779377857
7829,0.2841611729664939
7830,10.16904526572635
7831,1.9845207045090771
7832,1.209677782694917
7833,1.2003655343852648
7834,1.948591532246196
7835,1.0596379048049251
7836,0.9260906443176808
7837,4.279992781141994
7838,3.25184548629528
7839,2.195362485143174
7840,2.786482888987714
7841,3.226977158768636
7842,0.7516752469929464
7843,0.8585392450992904
7844,2.1287155009646663
7845,1.0964534320866282
7846,0.09222773568925657
7847,23.955719658633818
7848,5.1868422098920055
7849,2.4840586357001593
7850,5.3066162963548305
7851,2.524971638833727
7852,2.406097541992011
7853,2.4469458501284747
7854,2.297369171435126
7855,1.4717445164733962
7856,0.9513263704145876
7857,1.9049230887794817
7858,0.8217604660685014
7859,1.9069760753040366
7860,2.7919365928876543
7861,0.7964383148073648
7862,0.9105032559054329
7863,0.05762802470309268
7864,1.0428586275761424
7865,0.45542911585910667
7866,0.3262017748477026
7867,1.0303655701668273
7868,2.2063836473683502
7869,1.3780600615968897
7870,1.540952780246186
7871,2.3666059004820594
7872,0.7046573319761107
7873,0.20261527761269324
7874,0.9038187896336121
7875,0.11325724207105482
7876,1.816083658035347
7877,0.8156389845661256
7878,0.2606108612721031
7879,0.419971846339081
7880,2.378096452863864
7881,0.7511980007973915
7882,5.719673306018371
7883,4.846127177786771
7884,0.5882278427912144
7885,0.887004418501337
7886,4.610554270616215
7887,0.3076031994094695
7888,15.821772196423385
7889,3.7360713591627035
7890,1.2197797172331304
7891,1.1836105719017407
7892,0.656530859072359
7893,0.39840948299803985
7894,0.8814718388177842
7895,3.8344655134062258
7896,2.403458770015971
7897,3.093401445119089
7898,2.3657300818404132
7899,1.1759214222363525
7900,3.0784988475760597
7901,0.4249403287720745
7902,0.9685164447150394
7903,1.1683213842136237
7904,1.0344513917132478
7905,14.813241497405208
7906,5.513684978819919
7907,6.807753560878631
7908,2.572860284564579
7909,1.7593202111553892
7910,3.0516105286659365
7911,2.8344840354662795
7912,0.6220091882956258
7913,0.6125213930256018
7914,2.3044698056478476
7915,0.8623015482307395
7916,1.3654298131996818
7917,1.3333534134920433
7918,3.310610358732951
7919,1.563552306313542
7920,0.8306619255126959
7921,1.0673731636382846
7922,1.539014336089802
7923,2.271946685126261
7924,1.2196809581979593
7925,2.2949661924040847
7926,2.4348538576807983
7927,2.5783526582416054
7928,3.0089459194751975
7929,1.4342515776673856
7930,0.3143678432730128
7931,0.9942361658630448
7932,2.1783300551613043
7933,0.45022722244239766
7934,0.9135845059313858
7935,0.2853173976716792
7936,1.0611510130715496
7937,1.2206654524551641
7938,1.3753354709009813
7939,3.303443964588722
7940,2.846934460776599
7941,1.1273480117694028
7942,2.570981299887299
7943,1.0620414664754192
7944,3.451662197033129
7945,2.391217464143431
7946,2.8070611822603095
7947,1.8449071635220011
7948,2.111421907684139
7949,0.2885435679424502
7950,0.7363939864027832
7951,0.1493065649038805
7952,0.32312680452911147
7953,1.4161837889925664
7954,1.7994535639019884
7955,1.1120834662760102
7956,0.9444841896346947
7957,0.9171363776757877
7958,0.703628646565714
7959,0.6434436917414434
7960,0.6491763437387097
7961,0.15418336646583003
7962,0.20231850541064958
7963,4.226926170168578
7964,1.6801034095554717
7965,0.0
7966,1.403280610783129
7967,1.7287971972490883
7968,1.6121000495443525
7969,1.744269681861103
7970,0.24800057316829177
7971,0.3491592268003125
7972,1.2807812848977076
7973,0.3640798001806287
7974,0.5623321466701585
7975,4.199182970099362
7976,1.1697913601589909
7977,1.6681131410770045
7978,0.6275066716362643
7979,0.14722156378534826
7980,0.2533831383575891
7981,1.1669968660813588
7982,0.5984883085294027
7983,0.17676957098623997
7984,2.11570760783543
7985,2.040054596494645
7986,2.822760317976778
7987,0.9881173113063482
7988,0.3759522621026886
7989,0.7185495432651108
7990,0.979548951571513
7991,0.1746919004193323
7992,0.7645603192462589
7993,0.2949284368595066
7994,0.4236636034828236
7995,0.7837731845100102
7996,0.36226010316934143
7997,2.1612437558773157
7998,3.0984935090472647
7999,0.36579587449134304
8000,1.1229218758800008
8001,0.4068363181760334
8002,1.1732003717605153
8003,0.6857712344888975
8004,2.9012257649549933
8005,3.650988449375416
8006,2.3067006570580197
8007,0.4273804371049954
8008,2.068059576635639
8009,1.8594623295904062
8010,1.0591192418857485
8011,5.540882731589164
8012,2.2527961102011966
8013,2.0158799238395355
8014,1.289870450729914
8015,1.1705664094777866
8016,2.3835018579091365
8017,0.1618115342452807
8018,1.0413827672636762
8019,0.34363089636446986
8020,2.314809678339338
8021,20.179706358509844
8022,3.1329937504465946
8023,5.371102846017039
8024,3.9998769407439134
8025,1.4868302167113043
8026,4.671708407881858
8027,1.1863141124982177
8028,1.210831344550757
8029,1.154625969921051
8030,1.034701627096265
8031,0.25270518482092624
8032,0.2551197227560078
8033,1.6827879649840398
8034,3.940112286174389
8035,0.15091868282788493
8036,0.18812595624743542
8037,0.12815124570180814
8038,1.6714261175291392
8039,0.7807691876124108
8040,0.8206335293756111
8041,0.2765459091535128
8042,3.5666564432972105
8043,2.1260096206841053
8044,1.565403594767417
8045,2.377074808095313
8046,0.964658701428778
8047,0.27396067293267595
8048,0.8303325422140162
8049,0.0
8050,0.40295924963054985
8051,0.6768957948142271
8052,0.4504168484781114
8053,1.5332134155919928
8054,0.46061206003560373
8055,0.6476738202671612
8056,3.5386341393968292
8057,2.6225822985001797
8058,0.4240678302671944
8059,0.41138101804536115
8060,4.756301063615905
8061,0.2903627751625103
8062,3.0041800451817067
8063,1.987978095110587
8064,1.0366728455155434
8065,1.0725112752544785
8066,1.073891133129261
8067,1.0596217618287596
8068,0.8787894525150268
8069,5.9061062816374035
8070,1.7309984166137253
8071,1.9296069854014442
8072,1.3763596660540576
8073,2.0168860669571584
8074,0.3519264216091804
8075,0.2023690586709001
8076,0.7035218686578901
8077,0.25583468249993985
8078,0.6544556233646499
8079,14.700759002744581
8080,5.298508168129418
8081,5.7802741843073076
8082,3.5103673904544297
8083,3.330011123015434
8084,1.7965606939445857
8085,2.3680861364159074
8086,2.3766001077700665
8087,0.9885266807501207
8088,1.1479999376209815
8089,0.87837593666986
8090,0.26785313466719424
8091,2.2784338294470614
8092,2.3132902173452017
8093,1.0245810530630197
8094,0.1680434357703166
8095,0.09793164514465891
8096,0.9710956562919639
8097,1.0977206028727338
8098,0.401960367494034
8099,1.3009166223154307
8100,6.139657674097936
8101,2.071651936913198
8102,1.8951652863898714
8103,1.6186121277137582
8104,0.06892472518573249
8105,0.3790054971837047
8106,0.9222968171238537
8107,2.5725125014894994
8108,0.40104413005894274
8109,0.21187715337120275
8110,0.5123824778290422
8111,0.2572422977828686
8112,0.42472967123867167
8113,0.4231106148206021
8114,2.502519826160467
8115,3.257511175258701
8116,1.1189326787011749
8117,0.405919130941545
8118,1.16586745273914
8119,0.8810615260143033
