row_id,demand
0,6.071428571428571
1,4.0
2,1.5
3,0.2142857142857142
4,1.0714285714285714
5,0.0714285714285714
6,0.4285714285714285
7,1.8571428571428568
8,1.9285714285714288
9,0.3571428571428571
10,1.3571428571428572
11,0.9285714285714286
12,1.5714285714285714
13,0.7142857142857143
14,0.5714285714285714
15,0.0714285714285714
16,0.2142857142857142
17,2.2142857142857144
18,3.571428571428572
19,0.0
20,2.642857142857143
21,1.5714285714285714
22,1.7857142857142858
23,1.5714285714285714
24,1.0714285714285714
25,0.7142857142857143
26,1.3571428571428572
27,0.5
28,0.7142857142857143
29,1.0
30,1.8571428571428568
31,1.2857142857142858
32,0.5714285714285714
33,0.5714285714285714
34,1.0714285714285714
35,2.357142857142857
36,2.071428571428572
37,0.7142857142857143
38,1.0714285714285714
39,2.857142857142857
40,1.9285714285714288
41,1.1428571428571428
42,0.4285714285714285
43,0.5
44,1.9285714285714288
45,0.0
46,0.7142857142857143
47,0.7857142857142857
48,0.7857142857142857
49,1.2857142857142858
50,0.2142857142857142
51,1.2857142857142858
52,2.0
53,0.6428571428571429
54,1.2142857142857142
55,0.6428571428571429
56,1.5714285714285714
57,1.7857142857142858
58,7.142857142857143
59,2.5
60,1.0714285714285714
61,0.8571428571428571
62,0.4285714285714285
63,0.4285714285714285
64,1.0714285714285714
65,2.357142857142857
66,2.357142857142857
67,0.8571428571428571
68,1.2142857142857142
69,2.571428571428572
70,0.2857142857142857
71,1.2142857142857142
72,0.2142857142857142
73,0.6428571428571429
74,0.2857142857142857
75,9.142857142857142
76,2.9285714285714284
77,0.0
78,2.642857142857143
79,2.2857142857142856
80,0.8571428571428571
81,2.642857142857143
82,0.9285714285714286
83,0.5
84,0.2142857142857142
85,0.8571428571428571
86,1.4285714285714286
87,5.285714285714286
88,0.4285714285714285
89,0.7142857142857143
90,1.1428571428571428
91,0.8571428571428571
92,0.1428571428571428
93,0.1428571428571428
94,0.0
95,0.5
96,1.4285714285714286
97,1.3571428571428572
98,0.6428571428571429
99,0.3571428571428571
100,0.4285714285714285
101,0.7142857142857143
102,0.9285714285714286
103,0.0
104,1.5
105,0.3571428571428571
106,0.6428571428571429
107,0.1428571428571428
108,0.0
109,1.0714285714285714
110,3.142857142857143
111,0.0714285714285714
112,0.5
113,1.0714285714285714
114,1.0
115,0.5714285714285714
116,7.571428571428571
117,2.0
118,2.2142857142857144
119,1.9285714285714288
120,1.5
121,0.9285714285714286
122,0.4285714285714285
123,2.7857142857142856
124,1.9285714285714288
125,2.0
126,1.1428571428571428
127,1.9285714285714288
128,0.3571428571428571
129,0.5
130,0.8571428571428571
131,0.9285714285714286
132,0.3571428571428571
133,15.714285714285714
134,3.7857142857142856
135,0.0
136,5.642857142857143
137,6.071428571428571
138,1.9285714285714288
139,2.2857142857142856
140,2.642857142857143
141,1.3571428571428572
142,0.7142857142857143
143,1.3571428571428572
144,1.0714285714285714
145,2.2142857142857144
146,0.9285714285714286
147,1.2142857142857142
148,1.0714285714285714
149,1.0714285714285714
150,0.7857142857142857
151,1.2142857142857142
152,0.6428571428571429
153,0.4285714285714285
154,2.4285714285714284
155,3.071428571428572
156,2.857142857142857
157,1.0714285714285714
158,0.7142857142857143
159,1.2142857142857142
160,1.5
161,0.2142857142857142
162,0.7857142857142857
163,1.0
164,0.7142857142857143
165,0.4285714285714285
166,1.7857142857142858
167,0.7857142857142857
168,2.857142857142857
169,0.5714285714285714
170,2.142857142857143
171,0.9285714285714286
172,3.642857142857143
173,0.9285714285714286
174,9.142857142857142
175,3.857142857142857
176,2.0
177,1.6428571428571428
178,1.5714285714285714
179,0.8571428571428571
180,1.1428571428571428
181,2.0
182,3.857142857142857
183,1.7142857142857142
184,1.0
185,2.571428571428572
186,0.6428571428571429
187,2.071428571428572
188,0.8571428571428571
189,1.2142857142857142
190,0.4285714285714285
191,12.071428571428571
192,2.7857142857142856
193,0.0
194,5.357142857142857
195,9.857142857142858
196,1.9285714285714288
197,1.6428571428571428
198,2.142857142857143
199,0.5714285714285714
200,1.0
201,0.7857142857142857
202,1.4285714285714286
203,1.8571428571428568
204,0.7857142857142857
205,0.6428571428571429
206,0.7857142857142857
207,0.7142857142857143
208,0.5
209,3.5
210,1.2857142857142858
211,0.4285714285714285
212,2.5
213,1.7857142857142858
214,2.4285714285714284
215,0.9285714285714286
216,1.1428571428571428
217,0.5
218,1.6428571428571428
219,0.0
220,2.2857142857142856
221,1.3571428571428572
222,0.7857142857142857
223,0.3571428571428571
224,0.6428571428571429
225,1.0
226,2.857142857142857
227,0.2142857142857142
228,0.3571428571428571
229,0.3571428571428571
230,1.7142857142857142
231,1.4285714285714286
232,5.0
233,4.714285714285714
234,5.642857142857143
235,1.7142857142857142
236,1.0714285714285714
237,0.1428571428571428
238,1.2142857142857142
239,10.071428571428571
240,3.857142857142857
241,2.7142857142857144
242,0.4285714285714285
243,2.5
244,0.5
245,7.785714285714286
246,1.5
247,1.6428571428571428
248,1.2142857142857142
249,23.357142857142858
250,3.7857142857142856
251,0.0
252,4.071428571428571
253,5.142857142857143
254,2.071428571428572
255,2.857142857142857
256,5.357142857142857
257,1.3571428571428572
258,0.0
259,1.4285714285714286
260,0.0
261,2.642857142857143
262,1.8571428571428568
263,0.0
264,2.642857142857143
265,0.2857142857142857
266,4.142857142857143
267,4.857142857142857
268,0.4285714285714285
269,0.5
270,5.857142857142857
271,2.642857142857143
272,2.7857142857142856
273,3.642857142857143
274,2.2857142857142856
275,1.7857142857142858
276,2.5
277,0.4285714285714285
278,1.2857142857142858
279,1.0
280,1.2857142857142858
281,0.5
282,0.8571428571428571
283,1.9285714285714288
284,4.785714285714286
285,0.1428571428571428
286,1.5
287,1.2857142857142858
288,3.071428571428572
289,0.0
290,9.5
291,2.2142857142857144
292,1.2142857142857142
293,1.7142857142857142
294,2.071428571428572
295,0.7142857142857143
296,1.2142857142857142
297,2.571428571428572
298,2.571428571428572
299,1.6428571428571428
300,2.9285714285714284
301,2.642857142857143
302,0.5
303,0.7857142857142857
304,2.142857142857143
305,0.9285714285714286
306,0.1428571428571428
307,20.642857142857142
308,6.285714285714286
309,0.0
310,5.142857142857143
311,2.4285714285714284
312,2.2142857142857144
313,1.8571428571428568
314,2.7857142857142856
315,1.1428571428571428
316,1.0
317,1.5
318,0.6428571428571429
319,2.2142857142857144
320,2.071428571428572
321,0.5
322,1.0714285714285714
323,0.1428571428571428
324,0.7142857142857143
325,0.7857142857142857
326,0.2142857142857142
327,1.1428571428571428
328,1.7142857142857142
329,0.8571428571428571
330,1.6428571428571428
331,2.071428571428572
332,0.5714285714285714
333,0.1428571428571428
334,0.6428571428571429
335,0.0714285714285714
336,1.7142857142857142
337,0.9285714285714286
338,0.4285714285714285
339,0.7857142857142857
340,2.2857142857142856
341,0.5
342,5.428571428571429
343,4.0
344,0.6428571428571429
345,0.5714285714285714
346,4.142857142857143
347,0.1428571428571428
348,12.928571428571429
349,4.642857142857143
350,1.0
351,1.4285714285714286
352,0.5714285714285714
353,0.2857142857142857
354,1.2142857142857142
355,2.7857142857142856
356,2.4285714285714284
357,3.642857142857143
358,2.357142857142857
359,0.5714285714285714
360,3.0
361,0.7142857142857143
362,0.7857142857142857
363,1.3571428571428572
364,1.4285714285714286
365,13.357142857142858
366,6.214285714285714
367,0.0
368,2.857142857142857
369,1.7142857142857142
370,4.071428571428571
371,2.642857142857143
372,0.0
373,0.4285714285714285
374,2.9285714285714284
375,0.9285714285714286
376,1.6428571428571428
377,0.7857142857142857
378,2.857142857142857
379,1.8571428571428568
380,0.9285714285714286
381,0.9285714285714286
382,1.1428571428571428
383,3.4285714285714284
384,0.7857142857142857
385,2.357142857142857
386,2.5
387,2.7142857142857144
388,3.071428571428572
389,1.5
390,0.0
391,1.0714285714285714
392,2.142857142857143
393,0.0
394,0.7857142857142857
395,0.0
396,1.4285714285714286
397,1.0
398,0.8571428571428571
399,3.0
400,3.2142857142857144
401,1.2857142857142858
402,3.2857142857142856
403,0.9285714285714286
404,2.857142857142857
405,1.5714285714285714
406,2.571428571428572
407,1.7142857142857142
408,2.071428571428572
409,0.0714285714285714
410,0.2142857142857142
411,0.0
412,0.3571428571428571
413,0.6428571428571429
414,1.2142857142857142
415,0.9285714285714286
416,0.7857142857142857
417,0.8571428571428571
418,0.7857142857142857
419,0.2857142857142857
420,0.3571428571428571
421,0.0714285714285714
422,0.2142857142857142
423,3.2142857142857144
424,1.8571428571428568
425,0.0
426,1.2142857142857142
427,1.4285714285714286
428,1.5714285714285714
429,1.7142857142857142
430,0.0
431,0.1428571428571428
432,1.2857142857142858
433,0.3571428571428571
434,0.3571428571428571
435,3.857142857142857
436,1.0714285714285714
437,1.0
438,0.5714285714285714
439,0.2857142857142857
440,0.0
441,1.4285714285714286
442,0.2142857142857142
443,0.0714285714285714
444,2.0
445,1.8571428571428568
446,3.142857142857143
447,0.9285714285714286
448,0.2857142857142857
449,0.7857142857142857
450,0.6428571428571429
451,0.0
452,0.8571428571428571
453,0.5
454,0.6428571428571429
455,0.5714285714285714
456,0.1428571428571428
457,1.1428571428571428
458,2.357142857142857
459,0.4285714285714285
460,0.9285714285714286
461,0.5714285714285714
462,0.9285714285714286
463,0.3571428571428571
464,3.142857142857143
465,4.285714285714286
466,2.642857142857143
467,0.6428571428571429
468,2.4285714285714284
469,2.5
470,0.8571428571428571
471,5.571428571428571
472,2.2142857142857144
473,2.571428571428572
474,1.0
475,1.0714285714285714
476,3.071428571428572
477,0.1428571428571428
478,0.7142857142857143
479,0.2142857142857142
480,2.142857142857143
481,21.214285714285715
482,2.5
483,0.0
484,4.142857142857143
485,1.4285714285714286
486,4.428571428571429
487,0.5714285714285714
488,0.6428571428571429
489,1.1428571428571428
490,1.2857142857142858
491,0.1428571428571428
492,0.3571428571428571
493,2.2857142857142856
494,4.5
495,0.2142857142857142
496,0.3571428571428571
497,0.2857142857142857
498,1.9285714285714288
499,1.0714285714285714
500,0.0714285714285714
501,0.5714285714285714
502,3.7857142857142856
503,2.0
504,1.7857142857142858
505,2.142857142857143
506,1.2857142857142858
507,0.4285714285714285
508,0.6428571428571429
509,0.0
510,0.2857142857142857
511,0.6428571428571429
512,0.6428571428571429
513,1.4285714285714286
514,0.3571428571428571
515,0.4285714285714285
516,2.571428571428572
517,2.357142857142857
518,0.3571428571428571
519,0.5
520,4.714285714285714
521,0.2142857142857142
522,3.142857142857143
523,1.6428571428571428
524,0.7142857142857143
525,0.6428571428571429
526,1.1428571428571428
527,1.0
528,0.9285714285714286
529,4.571428571428571
530,2.071428571428572
531,2.071428571428572
532,1.0
533,2.357142857142857
534,0.2142857142857142
535,0.2857142857142857
536,0.7142857142857143
537,0.2142857142857142
538,0.2857142857142857
539,12.357142857142858
540,3.2857142857142856
541,0.0
542,3.642857142857143
543,3.4285714285714284
544,1.3571428571428572
545,1.7857142857142858
546,1.9285714285714288
547,0.9285714285714286
548,0.5714285714285714
549,0.5714285714285714
550,0.2142857142857142
551,1.8571428571428568
552,2.2142857142857144
553,0.8571428571428571
554,0.2857142857142857
555,0.0
556,0.9285714285714286
557,1.2857142857142858
558,0.3571428571428571
559,1.8571428571428568
560,5.357142857142857
561,1.7142857142857142
562,1.7857142857142858
563,1.0
564,0.0
565,0.5
566,0.8571428571428571
567,2.357142857142857
568,0.5714285714285714
569,0.2142857142857142
570,0.4285714285714285
571,0.0
572,0.2142857142857142
573,0.0714285714285714
574,2.7857142857142856
575,2.7142857142857144
576,0.7857142857142857
577,0.2142857142857142
578,0.7857142857142857
579,0.6428571428571429
580,6.071428571428571
581,4.0
582,1.5
583,0.2142857142857142
584,1.0714285714285714
585,0.0714285714285714
586,0.4285714285714285
587,1.8571428571428568
588,1.9285714285714288
589,0.3571428571428571
590,1.3571428571428572
591,0.9285714285714286
592,1.5714285714285714
593,0.7142857142857143
594,0.5714285714285714
595,0.0714285714285714
596,0.2142857142857142
597,2.2142857142857144
598,3.571428571428572
599,0.0
600,2.642857142857143
601,1.5714285714285714
602,1.7857142857142858
603,1.5714285714285714
604,1.0714285714285714
605,0.7142857142857143
606,1.3571428571428572
607,0.5
608,0.7142857142857143
609,1.0
610,1.8571428571428568
611,1.2857142857142858
612,0.5714285714285714
613,0.5714285714285714
614,1.0714285714285714
615,2.357142857142857
616,2.071428571428572
617,0.7142857142857143
618,1.0714285714285714
619,2.857142857142857
620,1.9285714285714288
621,1.1428571428571428
622,0.4285714285714285
623,0.5
624,1.9285714285714288
625,0.0
626,0.7142857142857143
627,0.7857142857142857
628,0.7857142857142857
629,1.2857142857142858
630,0.2142857142857142
631,1.2857142857142858
632,2.0
633,0.6428571428571429
634,1.2142857142857142
635,0.6428571428571429
636,1.5714285714285714
637,1.7857142857142858
638,7.142857142857143
639,2.5
640,1.0714285714285714
641,0.8571428571428571
642,0.4285714285714285
643,0.4285714285714285
644,1.0714285714285714
645,2.357142857142857
646,2.357142857142857
647,0.8571428571428571
648,1.2142857142857142
649,2.571428571428572
650,0.2857142857142857
651,1.2142857142857142
652,0.2142857142857142
653,0.6428571428571429
654,0.2857142857142857
655,9.142857142857142
656,2.9285714285714284
657,0.0
658,2.642857142857143
659,2.2857142857142856
660,0.8571428571428571
661,2.642857142857143
662,0.9285714285714286
663,0.5
664,0.2142857142857142
665,0.8571428571428571
666,1.4285714285714286
667,5.285714285714286
668,0.4285714285714285
669,0.7142857142857143
670,1.1428571428571428
671,0.8571428571428571
672,0.1428571428571428
673,0.1428571428571428
674,0.0
675,0.5
676,1.4285714285714286
677,1.3571428571428572
678,0.6428571428571429
679,0.3571428571428571
680,0.4285714285714285
681,0.7142857142857143
682,0.9285714285714286
683,0.0
684,1.5
685,0.3571428571428571
686,0.6428571428571429
687,0.1428571428571428
688,0.0
689,1.0714285714285714
690,3.142857142857143
691,0.0714285714285714
692,0.5
693,1.0714285714285714
694,1.0
695,0.5714285714285714
696,7.571428571428571
697,2.0
698,2.2142857142857144
699,1.9285714285714288
700,1.5
701,0.9285714285714286
702,0.4285714285714285
703,2.7857142857142856
704,1.9285714285714288
705,2.0
706,1.1428571428571428
707,1.9285714285714288
708,0.3571428571428571
709,0.5
710,0.8571428571428571
711,0.9285714285714286
712,0.3571428571428571
713,15.714285714285714
714,3.7857142857142856
715,0.0
716,5.642857142857143
717,6.071428571428571
718,1.9285714285714288
719,2.2857142857142856
720,2.642857142857143
721,1.3571428571428572
722,0.7142857142857143
723,1.3571428571428572
724,1.0714285714285714
725,2.2142857142857144
726,0.9285714285714286
727,1.2142857142857142
728,1.0714285714285714
729,1.0714285714285714
730,0.7857142857142857
731,1.2142857142857142
732,0.6428571428571429
733,0.4285714285714285
734,2.4285714285714284
735,3.071428571428572
736,2.857142857142857
737,1.0714285714285714
738,0.7142857142857143
739,1.2142857142857142
740,1.5
741,0.2142857142857142
742,0.7857142857142857
743,1.0
744,0.7142857142857143
745,0.4285714285714285
746,1.7857142857142858
747,0.7857142857142857
748,2.857142857142857
749,0.5714285714285714
750,2.142857142857143
751,0.9285714285714286
752,3.642857142857143
753,0.9285714285714286
754,9.142857142857142
755,3.857142857142857
756,2.0
757,1.6428571428571428
758,1.5714285714285714
759,0.8571428571428571
760,1.1428571428571428
761,2.0
762,3.857142857142857
763,1.7142857142857142
764,1.0
765,2.571428571428572
766,0.6428571428571429
767,2.071428571428572
768,0.8571428571428571
769,1.2142857142857142
770,0.4285714285714285
771,12.071428571428571
772,2.7857142857142856
773,0.0
774,5.357142857142857
775,9.857142857142858
776,1.9285714285714288
777,1.6428571428571428
778,2.142857142857143
779,0.5714285714285714
780,1.0
781,0.7857142857142857
782,1.4285714285714286
783,1.8571428571428568
784,0.7857142857142857
785,0.6428571428571429
786,0.7857142857142857
787,0.7142857142857143
788,0.5
789,3.5
790,1.2857142857142858
791,0.4285714285714285
792,2.5
793,1.7857142857142858
794,2.4285714285714284
795,0.9285714285714286
796,1.1428571428571428
797,0.5
798,1.6428571428571428
799,0.0
800,2.2857142857142856
801,1.3571428571428572
802,0.7857142857142857
803,0.3571428571428571
804,0.6428571428571429
805,1.0
806,2.857142857142857
807,0.2142857142857142
808,0.3571428571428571
809,0.3571428571428571
810,1.7142857142857142
811,1.4285714285714286
812,5.0
813,4.714285714285714
814,5.642857142857143
815,1.7142857142857142
816,1.0714285714285714
817,0.1428571428571428
818,1.2142857142857142
819,10.071428571428571
820,3.857142857142857
821,2.7142857142857144
822,0.4285714285714285
823,2.5
824,0.5
825,7.785714285714286
826,1.5
827,1.6428571428571428
828,1.2142857142857142
829,23.357142857142858
830,3.7857142857142856
831,0.0
832,4.071428571428571
833,5.142857142857143
834,2.071428571428572
835,2.857142857142857
836,5.357142857142857
837,1.3571428571428572
838,0.0
839,1.4285714285714286
840,0.0
841,2.642857142857143
842,1.8571428571428568
843,0.0
844,2.642857142857143
845,0.2857142857142857
846,4.142857142857143
847,4.857142857142857
848,0.4285714285714285
849,0.5
850,5.857142857142857
851,2.642857142857143
852,2.7857142857142856
853,3.642857142857143
854,2.2857142857142856
855,1.7857142857142858
856,2.5
857,0.4285714285714285
858,1.2857142857142858
859,1.0
860,1.2857142857142858
861,0.5
862,0.8571428571428571
863,1.9285714285714288
864,4.785714285714286
865,0.1428571428571428
866,1.5
867,1.2857142857142858
868,3.071428571428572
869,0.0
870,9.5
871,2.2142857142857144
872,1.2142857142857142
873,1.7142857142857142
874,2.071428571428572
875,0.7142857142857143
876,1.2142857142857142
877,2.571428571428572
878,2.571428571428572
879,1.6428571428571428
880,2.9285714285714284
881,2.642857142857143
882,0.5
883,0.7857142857142857
884,2.142857142857143
885,0.9285714285714286
886,0.1428571428571428
887,20.642857142857142
888,6.285714285714286
889,0.0
890,5.142857142857143
891,2.4285714285714284
892,2.2142857142857144
893,1.8571428571428568
894,2.7857142857142856
895,1.1428571428571428
896,1.0
897,1.5
898,0.6428571428571429
899,2.2142857142857144
900,2.071428571428572
901,0.5
902,1.0714285714285714
903,0.1428571428571428
904,0.7142857142857143
905,0.7857142857142857
906,0.2142857142857142
907,1.1428571428571428
908,1.7142857142857142
909,0.8571428571428571
910,1.6428571428571428
911,2.071428571428572
912,0.5714285714285714
913,0.1428571428571428
914,0.6428571428571429
915,0.0714285714285714
916,1.7142857142857142
917,0.9285714285714286
918,0.4285714285714285
919,0.7857142857142857
920,2.2857142857142856
921,0.5
922,5.428571428571429
923,4.0
924,0.6428571428571429
925,0.5714285714285714
926,4.142857142857143
927,0.1428571428571428
928,12.928571428571429
929,4.642857142857143
930,1.0
931,1.4285714285714286
932,0.5714285714285714
933,0.2857142857142857
934,1.2142857142857142
935,2.7857142857142856
936,2.4285714285714284
937,3.642857142857143
938,2.357142857142857
939,0.5714285714285714
940,3.0
941,0.7142857142857143
942,0.7857142857142857
943,1.3571428571428572
944,1.4285714285714286
945,13.357142857142858
946,6.214285714285714
947,0.0
948,2.857142857142857
949,1.7142857142857142
950,4.071428571428571
951,2.642857142857143
952,0.0
953,0.4285714285714285
954,2.9285714285714284
955,0.9285714285714286
956,1.6428571428571428
957,0.7857142857142857
958,2.857142857142857
959,1.8571428571428568
960,0.9285714285714286
961,0.9285714285714286
962,1.1428571428571428
963,3.4285714285714284
964,0.7857142857142857
965,2.357142857142857
966,2.5
967,2.7142857142857144
968,3.071428571428572
969,1.5
970,0.0
971,1.0714285714285714
972,2.142857142857143
973,0.0
974,0.7857142857142857
975,0.0
976,1.4285714285714286
977,1.0
978,0.8571428571428571
979,3.0
980,3.2142857142857144
981,1.2857142857142858
982,3.2857142857142856
983,0.9285714285714286
984,2.857142857142857
985,1.5714285714285714
986,2.571428571428572
987,1.7142857142857142
988,2.071428571428572
989,0.0714285714285714
990,0.2142857142857142
991,0.0
992,0.3571428571428571
993,0.6428571428571429
994,1.2142857142857142
995,0.9285714285714286
996,0.7857142857142857
997,0.8571428571428571
998,0.7857142857142857
999,0.2857142857142857
1000,0.3571428571428571
1001,0.0714285714285714
1002,0.2142857142857142
1003,3.2142857142857144
1004,1.8571428571428568
1005,0.0
1006,1.2142857142857142
1007,1.4285714285714286
1008,1.5714285714285714
1009,1.7142857142857142
1010,0.0
1011,0.1428571428571428
1012,1.2857142857142858
1013,0.3571428571428571
1014,0.3571428571428571
1015,3.857142857142857
1016,1.0714285714285714
1017,1.0
1018,0.5714285714285714
1019,0.2857142857142857
1020,0.0
1021,1.4285714285714286
1022,0.2142857142857142
1023,0.0714285714285714
1024,2.0
1025,1.8571428571428568
1026,3.142857142857143
1027,0.9285714285714286
1028,0.2857142857142857
1029,0.7857142857142857
1030,0.6428571428571429
1031,0.0
1032,0.8571428571428571
1033,0.5
1034,0.6428571428571429
1035,0.5714285714285714
1036,0.1428571428571428
1037,1.1428571428571428
1038,2.357142857142857
1039,0.4285714285714285
1040,0.9285714285714286
1041,0.5714285714285714
1042,0.9285714285714286
1043,0.3571428571428571
1044,3.142857142857143
1045,4.285714285714286
1046,2.642857142857143
1047,0.6428571428571429
1048,2.4285714285714284
1049,2.5
1050,0.8571428571428571
1051,5.571428571428571
1052,2.2142857142857144
1053,2.571428571428572
1054,1.0
1055,1.0714285714285714
1056,3.071428571428572
1057,0.1428571428571428
1058,0.7142857142857143
1059,0.2142857142857142
1060,2.142857142857143
1061,21.214285714285715
1062,2.5
1063,0.0
1064,4.142857142857143
1065,1.4285714285714286
1066,4.428571428571429
1067,0.5714285714285714
1068,0.6428571428571429
1069,1.1428571428571428
1070,1.2857142857142858
1071,0.1428571428571428
1072,0.3571428571428571
1073,2.2857142857142856
1074,4.5
1075,0.2142857142857142
1076,0.3571428571428571
1077,0.2857142857142857
1078,1.9285714285714288
1079,1.0714285714285714
1080,0.0714285714285714
1081,0.5714285714285714
1082,3.7857142857142856
1083,2.0
1084,1.7857142857142858
1085,2.142857142857143
1086,1.2857142857142858
1087,0.4285714285714285
1088,0.6428571428571429
1089,0.0
1090,0.2857142857142857
1091,0.6428571428571429
1092,0.6428571428571429
1093,1.4285714285714286
1094,0.3571428571428571
1095,0.4285714285714285
1096,2.571428571428572
1097,2.357142857142857
1098,0.3571428571428571
1099,0.5
1100,4.714285714285714
1101,0.2142857142857142
1102,3.142857142857143
1103,1.6428571428571428
1104,0.7142857142857143
1105,0.6428571428571429
1106,1.1428571428571428
1107,1.0
1108,0.9285714285714286
1109,4.571428571428571
1110,2.071428571428572
1111,2.071428571428572
1112,1.0
1113,2.357142857142857
1114,0.2142857142857142
1115,0.2857142857142857
1116,0.7142857142857143
1117,0.2142857142857142
1118,0.2857142857142857
1119,12.357142857142858
1120,3.2857142857142856
1121,0.0
1122,3.642857142857143
1123,3.4285714285714284
1124,1.3571428571428572
1125,1.7857142857142858
1126,1.9285714285714288
1127,0.9285714285714286
1128,0.5714285714285714
1129,0.5714285714285714
1130,0.2142857142857142
1131,1.8571428571428568
1132,2.2142857142857144
1133,0.8571428571428571
1134,0.2857142857142857
1135,0.0
1136,0.9285714285714286
1137,1.2857142857142858
1138,0.3571428571428571
1139,1.8571428571428568
1140,5.357142857142857
1141,1.7142857142857142
1142,1.7857142857142858
1143,1.0
1144,0.0
1145,0.5
1146,0.8571428571428571
1147,2.357142857142857
1148,0.5714285714285714
1149,0.2142857142857142
1150,0.4285714285714285
1151,0.0
1152,0.2142857142857142
1153,0.0714285714285714
1154,2.7857142857142856
1155,2.7142857142857144
1156,0.7857142857142857
1157,0.2142857142857142
1158,0.7857142857142857
1159,0.6428571428571429
1160,6.071428571428571
1161,4.0
1162,1.5
1163,0.2142857142857142
1164,1.0714285714285714
1165,0.0714285714285714
1166,0.4285714285714285
1167,1.8571428571428568
1168,1.9285714285714288
1169,0.3571428571428571
1170,1.3571428571428572
1171,0.9285714285714286
1172,1.5714285714285714
1173,0.7142857142857143
1174,0.5714285714285714
1175,0.0714285714285714
1176,0.2142857142857142
1177,2.2142857142857144
1178,3.571428571428572
1179,0.0
1180,2.642857142857143
1181,1.5714285714285714
1182,1.7857142857142858
1183,1.5714285714285714
1184,1.0714285714285714
1185,0.7142857142857143
1186,1.3571428571428572
1187,0.5
1188,0.7142857142857143
1189,1.0
1190,1.8571428571428568
1191,1.2857142857142858
1192,0.5714285714285714
1193,0.5714285714285714
1194,1.0714285714285714
1195,2.357142857142857
1196,2.071428571428572
1197,0.7142857142857143
1198,1.0714285714285714
1199,2.857142857142857
1200,1.9285714285714288
1201,1.1428571428571428
1202,0.4285714285714285
1203,0.5
1204,1.9285714285714288
1205,0.0
1206,0.7142857142857143
1207,0.7857142857142857
1208,0.7857142857142857
1209,1.2857142857142858
1210,0.2142857142857142
1211,1.2857142857142858
1212,2.0
1213,0.6428571428571429
1214,1.2142857142857142
1215,0.6428571428571429
1216,1.5714285714285714
1217,1.7857142857142858
1218,7.142857142857143
1219,2.5
1220,1.0714285714285714
1221,0.8571428571428571
1222,0.4285714285714285
1223,0.4285714285714285
1224,1.0714285714285714
1225,2.357142857142857
1226,2.357142857142857
1227,0.8571428571428571
1228,1.2142857142857142
1229,2.571428571428572
1230,0.2857142857142857
1231,1.2142857142857142
1232,0.2142857142857142
1233,0.6428571428571429
1234,0.2857142857142857
1235,9.142857142857142
1236,2.9285714285714284
1237,0.0
1238,2.642857142857143
1239,2.2857142857142856
1240,0.8571428571428571
1241,2.642857142857143
1242,0.9285714285714286
1243,0.5
1244,0.2142857142857142
1245,0.8571428571428571
1246,1.4285714285714286
1247,5.285714285714286
1248,0.4285714285714285
1249,0.7142857142857143
1250,1.1428571428571428
1251,0.8571428571428571
1252,0.1428571428571428
1253,0.1428571428571428
1254,0.0
1255,0.5
1256,1.4285714285714286
1257,1.3571428571428572
1258,0.6428571428571429
1259,0.3571428571428571
1260,0.4285714285714285
1261,0.7142857142857143
1262,0.9285714285714286
1263,0.0
1264,1.5
1265,0.3571428571428571
1266,0.6428571428571429
1267,0.1428571428571428
1268,0.0
1269,1.0714285714285714
1270,3.142857142857143
1271,0.0714285714285714
1272,0.5
1273,1.0714285714285714
1274,1.0
1275,0.5714285714285714
1276,7.571428571428571
1277,2.0
1278,2.2142857142857144
1279,1.9285714285714288
1280,1.5
1281,0.9285714285714286
1282,0.4285714285714285
1283,2.7857142857142856
1284,1.9285714285714288
1285,2.0
1286,1.1428571428571428
1287,1.9285714285714288
1288,0.3571428571428571
1289,0.5
1290,0.8571428571428571
1291,0.9285714285714286
1292,0.3571428571428571
1293,15.714285714285714
1294,3.7857142857142856
1295,0.0
1296,5.642857142857143
1297,6.071428571428571
1298,1.9285714285714288
1299,2.2857142857142856
1300,2.642857142857143
1301,1.3571428571428572
1302,0.7142857142857143
1303,1.3571428571428572
1304,1.0714285714285714
1305,2.2142857142857144
1306,0.9285714285714286
1307,1.2142857142857142
1308,1.0714285714285714
1309,1.0714285714285714
1310,0.7857142857142857
1311,1.2142857142857142
1312,0.6428571428571429
1313,0.4285714285714285
1314,2.4285714285714284
1315,3.071428571428572
1316,2.857142857142857
1317,1.0714285714285714
1318,0.7142857142857143
1319,1.2142857142857142
1320,1.5
1321,0.2142857142857142
1322,0.7857142857142857
1323,1.0
1324,0.7142857142857143
1325,0.4285714285714285
1326,1.7857142857142858
1327,0.7857142857142857
1328,2.857142857142857
1329,0.5714285714285714
1330,2.142857142857143
1331,0.9285714285714286
1332,3.642857142857143
1333,0.9285714285714286
1334,9.142857142857142
1335,3.857142857142857
1336,2.0
1337,1.6428571428571428
1338,1.5714285714285714
1339,0.8571428571428571
1340,1.1428571428571428
1341,2.0
1342,3.857142857142857
1343,1.7142857142857142
1344,1.0
1345,2.571428571428572
1346,0.6428571428571429
1347,2.071428571428572
1348,0.8571428571428571
1349,1.2142857142857142
1350,0.4285714285714285
1351,12.071428571428571
1352,2.7857142857142856
1353,0.0
1354,5.357142857142857
1355,9.857142857142858
1356,1.9285714285714288
1357,1.6428571428571428
1358,2.142857142857143
1359,0.5714285714285714
1360,1.0
1361,0.7857142857142857
1362,1.4285714285714286
1363,1.8571428571428568
1364,0.7857142857142857
1365,0.6428571428571429
1366,0.7857142857142857
1367,0.7142857142857143
1368,0.5
1369,3.5
1370,1.2857142857142858
1371,0.4285714285714285
1372,2.5
1373,1.7857142857142858
1374,2.4285714285714284
1375,0.9285714285714286
1376,1.1428571428571428
1377,0.5
1378,1.6428571428571428
1379,0.0
1380,2.2857142857142856
1381,1.3571428571428572
1382,0.7857142857142857
1383,0.3571428571428571
1384,0.6428571428571429
1385,1.0
1386,2.857142857142857
1387,0.2142857142857142
1388,0.3571428571428571
1389,0.3571428571428571
1390,1.7142857142857142
1391,1.4285714285714286
1392,5.0
1393,4.714285714285714
1394,5.642857142857143
1395,1.7142857142857142
1396,1.0714285714285714
1397,0.1428571428571428
1398,1.2142857142857142
1399,10.071428571428571
1400,3.857142857142857
1401,2.7142857142857144
1402,0.4285714285714285
1403,2.5
1404,0.5
1405,7.785714285714286
1406,1.5
1407,1.6428571428571428
1408,1.2142857142857142
1409,23.357142857142858
1410,3.7857142857142856
1411,0.0
1412,4.071428571428571
1413,5.142857142857143
1414,2.071428571428572
1415,2.857142857142857
1416,5.357142857142857
1417,1.3571428571428572
1418,0.0
1419,1.4285714285714286
1420,0.0
1421,2.642857142857143
1422,1.8571428571428568
1423,0.0
1424,2.642857142857143
1425,0.2857142857142857
1426,4.142857142857143
1427,4.857142857142857
1428,0.4285714285714285
1429,0.5
1430,5.857142857142857
1431,2.642857142857143
1432,2.7857142857142856
1433,3.642857142857143
1434,2.2857142857142856
1435,1.7857142857142858
1436,2.5
1437,0.4285714285714285
1438,1.2857142857142858
1439,1.0
1440,1.2857142857142858
1441,0.5
1442,0.8571428571428571
1443,1.9285714285714288
1444,4.785714285714286
1445,0.1428571428571428
1446,1.5
1447,1.2857142857142858
1448,3.071428571428572
1449,0.0
1450,9.5
1451,2.2142857142857144
1452,1.2142857142857142
1453,1.7142857142857142
1454,2.071428571428572
1455,0.7142857142857143
1456,1.2142857142857142
1457,2.571428571428572
1458,2.571428571428572
1459,1.6428571428571428
1460,2.9285714285714284
1461,2.642857142857143
1462,0.5
1463,0.7857142857142857
1464,2.142857142857143
1465,0.9285714285714286
1466,0.1428571428571428
1467,20.642857142857142
1468,6.285714285714286
1469,0.0
1470,5.142857142857143
1471,2.4285714285714284
1472,2.2142857142857144
1473,1.8571428571428568
1474,2.7857142857142856
1475,1.1428571428571428
1476,1.0
1477,1.5
1478,0.6428571428571429
1479,2.2142857142857144
1480,2.071428571428572
1481,0.5
1482,1.0714285714285714
1483,0.1428571428571428
1484,0.7142857142857143
1485,0.7857142857142857
1486,0.2142857142857142
1487,1.1428571428571428
1488,1.7142857142857142
1489,0.8571428571428571
1490,1.6428571428571428
1491,2.071428571428572
1492,0.5714285714285714
1493,0.1428571428571428
1494,0.6428571428571429
1495,0.0714285714285714
1496,1.7142857142857142
1497,0.9285714285714286
1498,0.4285714285714285
1499,0.7857142857142857
1500,2.2857142857142856
1501,0.5
1502,5.428571428571429
1503,4.0
1504,0.6428571428571429
1505,0.5714285714285714
1506,4.142857142857143
1507,0.1428571428571428
1508,12.928571428571429
1509,4.642857142857143
1510,1.0
1511,1.4285714285714286
1512,0.5714285714285714
1513,0.2857142857142857
1514,1.2142857142857142
1515,2.7857142857142856
1516,2.4285714285714284
1517,3.642857142857143
1518,2.357142857142857
1519,0.5714285714285714
1520,3.0
1521,0.7142857142857143
1522,0.7857142857142857
1523,1.3571428571428572
1524,1.4285714285714286
1525,13.357142857142858
1526,6.214285714285714
1527,0.0
1528,2.857142857142857
1529,1.7142857142857142
1530,4.071428571428571
1531,2.642857142857143
1532,0.0
1533,0.4285714285714285
1534,2.9285714285714284
1535,0.9285714285714286
1536,1.6428571428571428
1537,0.7857142857142857
1538,2.857142857142857
1539,1.8571428571428568
1540,0.9285714285714286
1541,0.9285714285714286
1542,1.1428571428571428
1543,3.4285714285714284
1544,0.7857142857142857
1545,2.357142857142857
1546,2.5
1547,2.7142857142857144
1548,3.071428571428572
1549,1.5
1550,0.0
1551,1.0714285714285714
1552,2.142857142857143
1553,0.0
1554,0.7857142857142857
1555,0.0
1556,1.4285714285714286
1557,1.0
1558,0.8571428571428571
1559,3.0
1560,3.2142857142857144
1561,1.2857142857142858
1562,3.2857142857142856
1563,0.9285714285714286
1564,2.857142857142857
1565,1.5714285714285714
1566,2.571428571428572
1567,1.7142857142857142
1568,2.071428571428572
1569,0.0714285714285714
1570,0.2142857142857142
1571,0.0
1572,0.3571428571428571
1573,0.6428571428571429
1574,1.2142857142857142
1575,0.9285714285714286
1576,0.7857142857142857
1577,0.8571428571428571
1578,0.7857142857142857
1579,0.2857142857142857
1580,0.3571428571428571
1581,0.0714285714285714
1582,0.2142857142857142
1583,3.2142857142857144
1584,1.8571428571428568
1585,0.0
1586,1.2142857142857142
1587,1.4285714285714286
1588,1.5714285714285714
1589,1.7142857142857142
1590,0.0
1591,0.1428571428571428
1592,1.2857142857142858
1593,0.3571428571428571
1594,0.3571428571428571
1595,3.857142857142857
1596,1.0714285714285714
1597,1.0
1598,0.5714285714285714
1599,0.2857142857142857
1600,0.0
1601,1.4285714285714286
1602,0.2142857142857142
1603,0.0714285714285714
1604,2.0
1605,1.8571428571428568
1606,3.142857142857143
1607,0.9285714285714286
1608,0.2857142857142857
1609,0.7857142857142857
1610,0.6428571428571429
1611,0.0
1612,0.8571428571428571
1613,0.5
1614,0.6428571428571429
1615,0.5714285714285714
1616,0.1428571428571428
1617,1.1428571428571428
1618,2.357142857142857
1619,0.4285714285714285
1620,0.9285714285714286
1621,0.5714285714285714
1622,0.9285714285714286
1623,0.3571428571428571
1624,3.142857142857143
1625,4.285714285714286
1626,2.642857142857143
1627,0.6428571428571429
1628,2.4285714285714284
1629,2.5
1630,0.8571428571428571
1631,5.571428571428571
1632,2.2142857142857144
1633,2.571428571428572
1634,1.0
1635,1.0714285714285714
1636,3.071428571428572
1637,0.1428571428571428
1638,0.7142857142857143
1639,0.2142857142857142
1640,2.142857142857143
1641,21.214285714285715
1642,2.5
1643,0.0
1644,4.142857142857143
1645,1.4285714285714286
1646,4.428571428571429
1647,0.5714285714285714
1648,0.6428571428571429
1649,1.1428571428571428
1650,1.2857142857142858
1651,0.1428571428571428
1652,0.3571428571428571
1653,2.2857142857142856
1654,4.5
1655,0.2142857142857142
1656,0.3571428571428571
1657,0.2857142857142857
1658,1.9285714285714288
1659,1.0714285714285714
1660,0.0714285714285714
1661,0.5714285714285714
1662,3.7857142857142856
1663,2.0
1664,1.7857142857142858
1665,2.142857142857143
1666,1.2857142857142858
1667,0.4285714285714285
1668,0.6428571428571429
1669,0.0
1670,0.2857142857142857
1671,0.6428571428571429
1672,0.6428571428571429
1673,1.4285714285714286
1674,0.3571428571428571
1675,0.4285714285714285
1676,2.571428571428572
1677,2.357142857142857
1678,0.3571428571428571
1679,0.5
1680,4.714285714285714
1681,0.2142857142857142
1682,3.142857142857143
1683,1.6428571428571428
1684,0.7142857142857143
1685,0.6428571428571429
1686,1.1428571428571428
1687,1.0
1688,0.9285714285714286
1689,4.571428571428571
1690,2.071428571428572
1691,2.071428571428572
1692,1.0
1693,2.357142857142857
1694,0.2142857142857142
1695,0.2857142857142857
1696,0.7142857142857143
1697,0.2142857142857142
1698,0.2857142857142857
1699,12.357142857142858
1700,3.2857142857142856
1701,0.0
1702,3.642857142857143
1703,3.4285714285714284
1704,1.3571428571428572
1705,1.7857142857142858
1706,1.9285714285714288
1707,0.9285714285714286
1708,0.5714285714285714
1709,0.5714285714285714
1710,0.2142857142857142
1711,1.8571428571428568
1712,2.2142857142857144
1713,0.8571428571428571
1714,0.2857142857142857
1715,0.0
1716,0.9285714285714286
1717,1.2857142857142858
1718,0.3571428571428571
1719,1.8571428571428568
1720,5.357142857142857
1721,1.7142857142857142
1722,1.7857142857142858
1723,1.0
1724,0.0
1725,0.5
1726,0.8571428571428571
1727,2.357142857142857
1728,0.5714285714285714
1729,0.2142857142857142
1730,0.4285714285714285
1731,0.0
1732,0.2142857142857142
1733,0.0714285714285714
1734,2.7857142857142856
1735,2.7142857142857144
1736,0.7857142857142857
1737,0.2142857142857142
1738,0.7857142857142857
1739,0.6428571428571429
1740,6.071428571428571
1741,4.0
1742,1.5
1743,0.2142857142857142
1744,1.0714285714285714
1745,0.0714285714285714
1746,0.4285714285714285
1747,1.8571428571428568
1748,1.9285714285714288
1749,0.3571428571428571
1750,1.3571428571428572
1751,0.9285714285714286
1752,1.5714285714285714
1753,0.7142857142857143
1754,0.5714285714285714
1755,0.0714285714285714
1756,0.2142857142857142
1757,2.2142857142857144
1758,3.571428571428572
1759,0.0
1760,2.642857142857143
1761,1.5714285714285714
1762,1.7857142857142858
1763,1.5714285714285714
1764,1.0714285714285714
1765,0.7142857142857143
1766,1.3571428571428572
1767,0.5
1768,0.7142857142857143
1769,1.0
1770,1.8571428571428568
1771,1.2857142857142858
1772,0.5714285714285714
1773,0.5714285714285714
1774,1.0714285714285714
1775,2.357142857142857
1776,2.071428571428572
1777,0.7142857142857143
1778,1.0714285714285714
1779,2.857142857142857
1780,1.9285714285714288
1781,1.1428571428571428
1782,0.4285714285714285
1783,0.5
1784,1.9285714285714288
1785,0.0
1786,0.7142857142857143
1787,0.7857142857142857
1788,0.7857142857142857
1789,1.2857142857142858
1790,0.2142857142857142
1791,1.2857142857142858
1792,2.0
1793,0.6428571428571429
1794,1.2142857142857142
1795,0.6428571428571429
1796,1.5714285714285714
1797,1.7857142857142858
1798,7.142857142857143
1799,2.5
1800,1.0714285714285714
1801,0.8571428571428571
1802,0.4285714285714285
1803,0.4285714285714285
1804,1.0714285714285714
1805,2.357142857142857
1806,2.357142857142857
1807,0.8571428571428571
1808,1.2142857142857142
1809,2.571428571428572
1810,0.2857142857142857
1811,1.2142857142857142
1812,0.2142857142857142
1813,0.6428571428571429
1814,0.2857142857142857
1815,9.142857142857142
1816,2.9285714285714284
1817,0.0
1818,2.642857142857143
1819,2.2857142857142856
1820,0.8571428571428571
1821,2.642857142857143
1822,0.9285714285714286
1823,0.5
1824,0.2142857142857142
1825,0.8571428571428571
1826,1.4285714285714286
1827,5.285714285714286
1828,0.4285714285714285
1829,0.7142857142857143
1830,1.1428571428571428
1831,0.8571428571428571
1832,0.1428571428571428
1833,0.1428571428571428
1834,0.0
1835,0.5
1836,1.4285714285714286
1837,1.3571428571428572
1838,0.6428571428571429
1839,0.3571428571428571
1840,0.4285714285714285
1841,0.7142857142857143
1842,0.9285714285714286
1843,0.0
1844,1.5
1845,0.3571428571428571
1846,0.6428571428571429
1847,0.1428571428571428
1848,0.0
1849,1.0714285714285714
1850,3.142857142857143
1851,0.0714285714285714
1852,0.5
1853,1.0714285714285714
1854,1.0
1855,0.5714285714285714
1856,7.571428571428571
1857,2.0
1858,2.2142857142857144
1859,1.9285714285714288
1860,1.5
1861,0.9285714285714286
1862,0.4285714285714285
1863,2.7857142857142856
1864,1.9285714285714288
1865,2.0
1866,1.1428571428571428
1867,1.9285714285714288
1868,0.3571428571428571
1869,0.5
1870,0.8571428571428571
1871,0.9285714285714286
1872,0.3571428571428571
1873,15.714285714285714
1874,3.7857142857142856
1875,0.0
1876,5.642857142857143
1877,6.071428571428571
1878,1.9285714285714288
1879,2.2857142857142856
1880,2.642857142857143
1881,1.3571428571428572
1882,0.7142857142857143
1883,1.3571428571428572
1884,1.0714285714285714
1885,2.2142857142857144
1886,0.9285714285714286
1887,1.2142857142857142
1888,1.0714285714285714
1889,1.0714285714285714
1890,0.7857142857142857
1891,1.2142857142857142
1892,0.6428571428571429
1893,0.4285714285714285
1894,2.4285714285714284
1895,3.071428571428572
1896,2.857142857142857
1897,1.0714285714285714
1898,0.7142857142857143
1899,1.2142857142857142
1900,1.5
1901,0.2142857142857142
1902,0.7857142857142857
1903,1.0
1904,0.7142857142857143
1905,0.4285714285714285
1906,1.7857142857142858
1907,0.7857142857142857
1908,2.857142857142857
1909,0.5714285714285714
1910,2.142857142857143
1911,0.9285714285714286
1912,3.642857142857143
1913,0.9285714285714286
1914,9.142857142857142
1915,3.857142857142857
1916,2.0
1917,1.6428571428571428
1918,1.5714285714285714
1919,0.8571428571428571
1920,1.1428571428571428
1921,2.0
1922,3.857142857142857
1923,1.7142857142857142
1924,1.0
1925,2.571428571428572
1926,0.6428571428571429
1927,2.071428571428572
1928,0.8571428571428571
1929,1.2142857142857142
1930,0.4285714285714285
1931,12.071428571428571
1932,2.7857142857142856
1933,0.0
1934,5.357142857142857
1935,9.857142857142858
1936,1.9285714285714288
1937,1.6428571428571428
1938,2.142857142857143
1939,0.5714285714285714
1940,1.0
1941,0.7857142857142857
1942,1.4285714285714286
1943,1.8571428571428568
1944,0.7857142857142857
1945,0.6428571428571429
1946,0.7857142857142857
1947,0.7142857142857143
1948,0.5
1949,3.5
1950,1.2857142857142858
1951,0.4285714285714285
1952,2.5
1953,1.7857142857142858
1954,2.4285714285714284
1955,0.9285714285714286
1956,1.1428571428571428
1957,0.5
1958,1.6428571428571428
1959,0.0
1960,2.2857142857142856
1961,1.3571428571428572
1962,0.7857142857142857
1963,0.3571428571428571
1964,0.6428571428571429
1965,1.0
1966,2.857142857142857
1967,0.2142857142857142
1968,0.3571428571428571
1969,0.3571428571428571
1970,1.7142857142857142
1971,1.4285714285714286
1972,5.0
1973,4.714285714285714
1974,5.642857142857143
1975,1.7142857142857142
1976,1.0714285714285714
1977,0.1428571428571428
1978,1.2142857142857142
1979,10.071428571428571
1980,3.857142857142857
1981,2.7142857142857144
1982,0.4285714285714285
1983,2.5
1984,0.5
1985,7.785714285714286
1986,1.5
1987,1.6428571428571428
1988,1.2142857142857142
1989,23.357142857142858
1990,3.7857142857142856
1991,0.0
1992,4.071428571428571
1993,5.142857142857143
1994,2.071428571428572
1995,2.857142857142857
1996,5.357142857142857
1997,1.3571428571428572
1998,0.0
1999,1.4285714285714286
2000,0.0
2001,2.642857142857143
2002,1.8571428571428568
2003,0.0
2004,2.642857142857143
2005,0.2857142857142857
2006,4.142857142857143
2007,4.857142857142857
2008,0.4285714285714285
2009,0.5
2010,5.857142857142857
2011,2.642857142857143
2012,2.7857142857142856
2013,3.642857142857143
2014,2.2857142857142856
2015,1.7857142857142858
2016,2.5
2017,0.4285714285714285
2018,1.2857142857142858
2019,1.0
2020,1.2857142857142858
2021,0.5
2022,0.8571428571428571
2023,1.9285714285714288
2024,4.785714285714286
2025,0.1428571428571428
2026,1.5
2027,1.2857142857142858
2028,3.071428571428572
2029,0.0
2030,9.5
2031,2.2142857142857144
2032,1.2142857142857142
2033,1.7142857142857142
2034,2.071428571428572
2035,0.7142857142857143
2036,1.2142857142857142
2037,2.571428571428572
2038,2.571428571428572
2039,1.6428571428571428
2040,2.9285714285714284
2041,2.642857142857143
2042,0.5
2043,0.7857142857142857
2044,2.142857142857143
2045,0.9285714285714286
2046,0.1428571428571428
2047,20.642857142857142
2048,6.285714285714286
2049,0.0
2050,5.142857142857143
2051,2.4285714285714284
2052,2.2142857142857144
2053,1.8571428571428568
2054,2.7857142857142856
2055,1.1428571428571428
2056,1.0
2057,1.5
2058,0.6428571428571429
2059,2.2142857142857144
2060,2.071428571428572
2061,0.5
2062,1.0714285714285714
2063,0.1428571428571428
2064,0.7142857142857143
2065,0.7857142857142857
2066,0.2142857142857142
2067,1.1428571428571428
2068,1.7142857142857142
2069,0.8571428571428571
2070,1.6428571428571428
2071,2.071428571428572
2072,0.5714285714285714
2073,0.1428571428571428
2074,0.6428571428571429
2075,0.0714285714285714
2076,1.7142857142857142
2077,0.9285714285714286
2078,0.4285714285714285
2079,0.7857142857142857
2080,2.2857142857142856
2081,0.5
2082,5.428571428571429
2083,4.0
2084,0.6428571428571429
2085,0.5714285714285714
2086,4.142857142857143
2087,0.1428571428571428
2088,12.928571428571429
2089,4.642857142857143
2090,1.0
2091,1.4285714285714286
2092,0.5714285714285714
2093,0.2857142857142857
2094,1.2142857142857142
2095,2.7857142857142856
2096,2.4285714285714284
2097,3.642857142857143
2098,2.357142857142857
2099,0.5714285714285714
2100,3.0
2101,0.7142857142857143
2102,0.7857142857142857
2103,1.3571428571428572
2104,1.4285714285714286
2105,13.357142857142858
2106,6.214285714285714
2107,0.0
2108,2.857142857142857
2109,1.7142857142857142
2110,4.071428571428571
2111,2.642857142857143
2112,0.0
2113,0.4285714285714285
2114,2.9285714285714284
2115,0.9285714285714286
2116,1.6428571428571428
2117,0.7857142857142857
2118,2.857142857142857
2119,1.8571428571428568
2120,0.9285714285714286
2121,0.9285714285714286
2122,1.1428571428571428
2123,3.4285714285714284
2124,0.7857142857142857
2125,2.357142857142857
2126,2.5
2127,2.7142857142857144
2128,3.071428571428572
2129,1.5
2130,0.0
2131,1.0714285714285714
2132,2.142857142857143
2133,0.0
2134,0.7857142857142857
2135,0.0
2136,1.4285714285714286
2137,1.0
2138,0.8571428571428571
2139,3.0
2140,3.2142857142857144
2141,1.2857142857142858
2142,3.2857142857142856
2143,0.9285714285714286
2144,2.857142857142857
2145,1.5714285714285714
2146,2.571428571428572
2147,1.7142857142857142
2148,2.071428571428572
2149,0.0714285714285714
2150,0.2142857142857142
2151,0.0
2152,0.3571428571428571
2153,0.6428571428571429
2154,1.2142857142857142
2155,0.9285714285714286
2156,0.7857142857142857
2157,0.8571428571428571
2158,0.7857142857142857
2159,0.2857142857142857
2160,0.3571428571428571
2161,0.0714285714285714
2162,0.2142857142857142
2163,3.2142857142857144
2164,1.8571428571428568
2165,0.0
2166,1.2142857142857142
2167,1.4285714285714286
2168,1.5714285714285714
2169,1.7142857142857142
2170,0.0
2171,0.1428571428571428
2172,1.2857142857142858
2173,0.3571428571428571
2174,0.3571428571428571
2175,3.857142857142857
2176,1.0714285714285714
2177,1.0
2178,0.5714285714285714
2179,0.2857142857142857
2180,0.0
2181,1.4285714285714286
2182,0.2142857142857142
2183,0.0714285714285714
2184,2.0
2185,1.8571428571428568
2186,3.142857142857143
2187,0.9285714285714286
2188,0.2857142857142857
2189,0.7857142857142857
2190,0.6428571428571429
2191,0.0
2192,0.8571428571428571
2193,0.5
2194,0.6428571428571429
2195,0.5714285714285714
2196,0.1428571428571428
2197,1.1428571428571428
2198,2.357142857142857
2199,0.4285714285714285
2200,0.9285714285714286
2201,0.5714285714285714
2202,0.9285714285714286
2203,0.3571428571428571
2204,3.142857142857143
2205,4.285714285714286
2206,2.642857142857143
2207,0.6428571428571429
2208,2.4285714285714284
2209,2.5
2210,0.8571428571428571
2211,5.571428571428571
2212,2.2142857142857144
2213,2.571428571428572
2214,1.0
2215,1.0714285714285714
2216,3.071428571428572
2217,0.1428571428571428
2218,0.7142857142857143
2219,0.2142857142857142
2220,2.142857142857143
2221,21.214285714285715
2222,2.5
2223,0.0
2224,4.142857142857143
2225,1.4285714285714286
2226,4.428571428571429
2227,0.5714285714285714
2228,0.6428571428571429
2229,1.1428571428571428
2230,1.2857142857142858
2231,0.1428571428571428
2232,0.3571428571428571
2233,2.2857142857142856
2234,4.5
2235,0.2142857142857142
2236,0.3571428571428571
2237,0.2857142857142857
2238,1.9285714285714288
2239,1.0714285714285714
2240,0.0714285714285714
2241,0.5714285714285714
2242,3.7857142857142856
2243,2.0
2244,1.7857142857142858
2245,2.142857142857143
2246,1.2857142857142858
2247,0.4285714285714285
2248,0.6428571428571429
2249,0.0
2250,0.2857142857142857
2251,0.6428571428571429
2252,0.6428571428571429
2253,1.4285714285714286
2254,0.3571428571428571
2255,0.4285714285714285
2256,2.571428571428572
2257,2.357142857142857
2258,0.3571428571428571
2259,0.5
2260,4.714285714285714
2261,0.2142857142857142
2262,3.142857142857143
2263,1.6428571428571428
2264,0.7142857142857143
2265,0.6428571428571429
2266,1.1428571428571428
2267,1.0
2268,0.9285714285714286
2269,4.571428571428571
2270,2.071428571428572
2271,2.071428571428572
2272,1.0
2273,2.357142857142857
2274,0.2142857142857142
2275,0.2857142857142857
2276,0.7142857142857143
2277,0.2142857142857142
2278,0.2857142857142857
2279,12.357142857142858
2280,3.2857142857142856
2281,0.0
2282,3.642857142857143
2283,3.4285714285714284
2284,1.3571428571428572
2285,1.7857142857142858
2286,1.9285714285714288
2287,0.9285714285714286
2288,0.5714285714285714
2289,0.5714285714285714
2290,0.2142857142857142
2291,1.8571428571428568
2292,2.2142857142857144
2293,0.8571428571428571
2294,0.2857142857142857
2295,0.0
2296,0.9285714285714286
2297,1.2857142857142858
2298,0.3571428571428571
2299,1.8571428571428568
2300,5.357142857142857
2301,1.7142857142857142
2302,1.7857142857142858
2303,1.0
2304,0.0
2305,0.5
2306,0.8571428571428571
2307,2.357142857142857
2308,0.5714285714285714
2309,0.2142857142857142
2310,0.4285714285714285
2311,0.0
2312,0.2142857142857142
2313,0.0714285714285714
2314,2.7857142857142856
2315,2.7142857142857144
2316,0.7857142857142857
2317,0.2142857142857142
2318,0.7857142857142857
2319,0.6428571428571429
2320,6.071428571428571
2321,4.0
2322,1.5
2323,0.2142857142857142
2324,1.0714285714285714
2325,0.0714285714285714
2326,0.4285714285714285
2327,1.8571428571428568
2328,1.9285714285714288
2329,0.3571428571428571
2330,1.3571428571428572
2331,0.9285714285714286
2332,1.5714285714285714
2333,0.7142857142857143
2334,0.5714285714285714
2335,0.0714285714285714
2336,0.2142857142857142
2337,2.2142857142857144
2338,3.571428571428572
2339,0.0
2340,2.642857142857143
2341,1.5714285714285714
2342,1.7857142857142858
2343,1.5714285714285714
2344,1.0714285714285714
2345,0.7142857142857143
2346,1.3571428571428572
2347,0.5
2348,0.7142857142857143
2349,1.0
2350,1.8571428571428568
2351,1.2857142857142858
2352,0.5714285714285714
2353,0.5714285714285714
2354,1.0714285714285714
2355,2.357142857142857
2356,2.071428571428572
2357,0.7142857142857143
2358,1.0714285714285714
2359,2.857142857142857
2360,1.9285714285714288
2361,1.1428571428571428
2362,0.4285714285714285
2363,0.5
2364,1.9285714285714288
2365,0.0
2366,0.7142857142857143
2367,0.7857142857142857
2368,0.7857142857142857
2369,1.2857142857142858
2370,0.2142857142857142
2371,1.2857142857142858
2372,2.0
2373,0.6428571428571429
2374,1.2142857142857142
2375,0.6428571428571429
2376,1.5714285714285714
2377,1.7857142857142858
2378,7.142857142857143
2379,2.5
2380,1.0714285714285714
2381,0.8571428571428571
2382,0.4285714285714285
2383,0.4285714285714285
2384,1.0714285714285714
2385,2.357142857142857
2386,2.357142857142857
2387,0.8571428571428571
2388,1.2142857142857142
2389,2.571428571428572
2390,0.2857142857142857
2391,1.2142857142857142
2392,0.2142857142857142
2393,0.6428571428571429
2394,0.2857142857142857
2395,9.142857142857142
2396,2.9285714285714284
2397,0.0
2398,2.642857142857143
2399,2.2857142857142856
2400,0.8571428571428571
2401,2.642857142857143
2402,0.9285714285714286
2403,0.5
2404,0.2142857142857142
2405,0.8571428571428571
2406,1.4285714285714286
2407,5.285714285714286
2408,0.4285714285714285
2409,0.7142857142857143
2410,1.1428571428571428
2411,0.8571428571428571
2412,0.1428571428571428
2413,0.1428571428571428
2414,0.0
2415,0.5
2416,1.4285714285714286
2417,1.3571428571428572
2418,0.6428571428571429
2419,0.3571428571428571
2420,0.4285714285714285
2421,0.7142857142857143
2422,0.9285714285714286
2423,0.0
2424,1.5
2425,0.3571428571428571
2426,0.6428571428571429
2427,0.1428571428571428
2428,0.0
2429,1.0714285714285714
2430,3.142857142857143
2431,0.0714285714285714
2432,0.5
2433,1.0714285714285714
2434,1.0
2435,0.5714285714285714
2436,7.571428571428571
2437,2.0
2438,2.2142857142857144
2439,1.9285714285714288
2440,1.5
2441,0.9285714285714286
2442,0.4285714285714285
2443,2.7857142857142856
2444,1.9285714285714288
2445,2.0
2446,1.1428571428571428
2447,1.9285714285714288
2448,0.3571428571428571
2449,0.5
2450,0.8571428571428571
2451,0.9285714285714286
2452,0.3571428571428571
2453,15.714285714285714
2454,3.7857142857142856
2455,0.0
2456,5.642857142857143
2457,6.071428571428571
2458,1.9285714285714288
2459,2.2857142857142856
2460,2.642857142857143
2461,1.3571428571428572
2462,0.7142857142857143
2463,1.3571428571428572
2464,1.0714285714285714
2465,2.2142857142857144
2466,0.9285714285714286
2467,1.2142857142857142
2468,1.0714285714285714
2469,1.0714285714285714
2470,0.7857142857142857
2471,1.2142857142857142
2472,0.6428571428571429
2473,0.4285714285714285
2474,2.4285714285714284
2475,3.071428571428572
2476,2.857142857142857
2477,1.0714285714285714
2478,0.7142857142857143
2479,1.2142857142857142
2480,1.5
2481,0.2142857142857142
2482,0.7857142857142857
2483,1.0
2484,0.7142857142857143
2485,0.4285714285714285
2486,1.7857142857142858
2487,0.7857142857142857
2488,2.857142857142857
2489,0.5714285714285714
2490,2.142857142857143
2491,0.9285714285714286
2492,3.642857142857143
2493,0.9285714285714286
2494,9.142857142857142
2495,3.857142857142857
2496,2.0
2497,1.6428571428571428
2498,1.5714285714285714
2499,0.8571428571428571
2500,1.1428571428571428
2501,2.0
2502,3.857142857142857
2503,1.7142857142857142
2504,1.0
2505,2.571428571428572
2506,0.6428571428571429
2507,2.071428571428572
2508,0.8571428571428571
2509,1.2142857142857142
2510,0.4285714285714285
2511,12.071428571428571
2512,2.7857142857142856
2513,0.0
2514,5.357142857142857
2515,9.857142857142858
2516,1.9285714285714288
2517,1.6428571428571428
2518,2.142857142857143
2519,0.5714285714285714
2520,1.0
2521,0.7857142857142857
2522,1.4285714285714286
2523,1.8571428571428568
2524,0.7857142857142857
2525,0.6428571428571429
2526,0.7857142857142857
2527,0.7142857142857143
2528,0.5
2529,3.5
2530,1.2857142857142858
2531,0.4285714285714285
2532,2.5
2533,1.7857142857142858
2534,2.4285714285714284
2535,0.9285714285714286
2536,1.1428571428571428
2537,0.5
2538,1.6428571428571428
2539,0.0
2540,2.2857142857142856
2541,1.3571428571428572
2542,0.7857142857142857
2543,0.3571428571428571
2544,0.6428571428571429
2545,1.0
2546,2.857142857142857
2547,0.2142857142857142
2548,0.3571428571428571
2549,0.3571428571428571
2550,1.7142857142857142
2551,1.4285714285714286
2552,5.0
2553,4.714285714285714
2554,5.642857142857143
2555,1.7142857142857142
2556,1.0714285714285714
2557,0.1428571428571428
2558,1.2142857142857142
2559,10.071428571428571
2560,3.857142857142857
2561,2.7142857142857144
2562,0.4285714285714285
2563,2.5
2564,0.5
2565,7.785714285714286
2566,1.5
2567,1.6428571428571428
2568,1.2142857142857142
2569,23.357142857142858
2570,3.7857142857142856
2571,0.0
2572,4.071428571428571
2573,5.142857142857143
2574,2.071428571428572
2575,2.857142857142857
2576,5.357142857142857
2577,1.3571428571428572
2578,0.0
2579,1.4285714285714286
2580,0.0
2581,2.642857142857143
2582,1.8571428571428568
2583,0.0
2584,2.642857142857143
2585,0.2857142857142857
2586,4.142857142857143
2587,4.857142857142857
2588,0.4285714285714285
2589,0.5
2590,5.857142857142857
2591,2.642857142857143
2592,2.7857142857142856
2593,3.642857142857143
2594,2.2857142857142856
2595,1.7857142857142858
2596,2.5
2597,0.4285714285714285
2598,1.2857142857142858
2599,1.0
2600,1.2857142857142858
2601,0.5
2602,0.8571428571428571
2603,1.9285714285714288
2604,4.785714285714286
2605,0.1428571428571428
2606,1.5
2607,1.2857142857142858
2608,3.071428571428572
2609,0.0
2610,9.5
2611,2.2142857142857144
2612,1.2142857142857142
2613,1.7142857142857142
2614,2.071428571428572
2615,0.7142857142857143
2616,1.2142857142857142
2617,2.571428571428572
2618,2.571428571428572
2619,1.6428571428571428
2620,2.9285714285714284
2621,2.642857142857143
2622,0.5
2623,0.7857142857142857
2624,2.142857142857143
2625,0.9285714285714286
2626,0.1428571428571428
2627,20.642857142857142
2628,6.285714285714286
2629,0.0
2630,5.142857142857143
2631,2.4285714285714284
2632,2.2142857142857144
2633,1.8571428571428568
2634,2.7857142857142856
2635,1.1428571428571428
2636,1.0
2637,1.5
2638,0.6428571428571429
2639,2.2142857142857144
2640,2.071428571428572
2641,0.5
2642,1.0714285714285714
2643,0.1428571428571428
2644,0.7142857142857143
2645,0.7857142857142857
2646,0.2142857142857142
2647,1.1428571428571428
2648,1.7142857142857142
2649,0.8571428571428571
2650,1.6428571428571428
2651,2.071428571428572
2652,0.5714285714285714
2653,0.1428571428571428
2654,0.6428571428571429
2655,0.0714285714285714
2656,1.7142857142857142
2657,0.9285714285714286
2658,0.4285714285714285
2659,0.7857142857142857
2660,2.2857142857142856
2661,0.5
2662,5.428571428571429
2663,4.0
2664,0.6428571428571429
2665,0.5714285714285714
2666,4.142857142857143
2667,0.1428571428571428
2668,12.928571428571429
2669,4.642857142857143
2670,1.0
2671,1.4285714285714286
2672,0.5714285714285714
2673,0.2857142857142857
2674,1.2142857142857142
2675,2.7857142857142856
2676,2.4285714285714284
2677,3.642857142857143
2678,2.357142857142857
2679,0.5714285714285714
2680,3.0
2681,0.7142857142857143
2682,0.7857142857142857
2683,1.3571428571428572
2684,1.4285714285714286
2685,13.357142857142858
2686,6.214285714285714
2687,0.0
2688,2.857142857142857
2689,1.7142857142857142
2690,4.071428571428571
2691,2.642857142857143
2692,0.0
2693,0.4285714285714285
2694,2.9285714285714284
2695,0.9285714285714286
2696,1.6428571428571428
2697,0.7857142857142857
2698,2.857142857142857
2699,1.8571428571428568
2700,0.9285714285714286
2701,0.9285714285714286
2702,1.1428571428571428
2703,3.4285714285714284
2704,0.7857142857142857
2705,2.357142857142857
2706,2.5
2707,2.7142857142857144
2708,3.071428571428572
2709,1.5
2710,0.0
2711,1.0714285714285714
2712,2.142857142857143
2713,0.0
2714,0.7857142857142857
2715,0.0
2716,1.4285714285714286
2717,1.0
2718,0.8571428571428571
2719,3.0
2720,3.2142857142857144
2721,1.2857142857142858
2722,3.2857142857142856
2723,0.9285714285714286
2724,2.857142857142857
2725,1.5714285714285714
2726,2.571428571428572
2727,1.7142857142857142
2728,2.071428571428572
2729,0.0714285714285714
2730,0.2142857142857142
2731,0.0
2732,0.3571428571428571
2733,0.6428571428571429
2734,1.2142857142857142
2735,0.9285714285714286
2736,0.7857142857142857
2737,0.8571428571428571
2738,0.7857142857142857
2739,0.2857142857142857
2740,0.3571428571428571
2741,0.0714285714285714
2742,0.2142857142857142
2743,3.2142857142857144
2744,1.8571428571428568
2745,0.0
2746,1.2142857142857142
2747,1.4285714285714286
2748,1.5714285714285714
2749,1.7142857142857142
2750,0.0
2751,0.1428571428571428
2752,1.2857142857142858
2753,0.3571428571428571
2754,0.3571428571428571
2755,3.857142857142857
2756,1.0714285714285714
2757,1.0
2758,0.5714285714285714
2759,0.2857142857142857
2760,0.0
2761,1.4285714285714286
2762,0.2142857142857142
2763,0.0714285714285714
2764,2.0
2765,1.8571428571428568
2766,3.142857142857143
2767,0.9285714285714286
2768,0.2857142857142857
2769,0.7857142857142857
2770,0.6428571428571429
2771,0.0
2772,0.8571428571428571
2773,0.5
2774,0.6428571428571429
2775,0.5714285714285714
2776,0.1428571428571428
2777,1.1428571428571428
2778,2.357142857142857
2779,0.4285714285714285
2780,0.9285714285714286
2781,0.5714285714285714
2782,0.9285714285714286
2783,0.3571428571428571
2784,3.142857142857143
2785,4.285714285714286
2786,2.642857142857143
2787,0.6428571428571429
2788,2.4285714285714284
2789,2.5
2790,0.8571428571428571
2791,5.571428571428571
2792,2.2142857142857144
2793,2.571428571428572
2794,1.0
2795,1.0714285714285714
2796,3.071428571428572
2797,0.1428571428571428
2798,0.7142857142857143
2799,0.2142857142857142
2800,2.142857142857143
2801,21.214285714285715
2802,2.5
2803,0.0
2804,4.142857142857143
2805,1.4285714285714286
2806,4.428571428571429
2807,0.5714285714285714
2808,0.6428571428571429
2809,1.1428571428571428
2810,1.2857142857142858
2811,0.1428571428571428
2812,0.3571428571428571
2813,2.2857142857142856
2814,4.5
2815,0.2142857142857142
2816,0.3571428571428571
2817,0.2857142857142857
2818,1.9285714285714288
2819,1.0714285714285714
2820,0.0714285714285714
2821,0.5714285714285714
2822,3.7857142857142856
2823,2.0
2824,1.7857142857142858
2825,2.142857142857143
2826,1.2857142857142858
2827,0.4285714285714285
2828,0.6428571428571429
2829,0.0
2830,0.2857142857142857
2831,0.6428571428571429
2832,0.6428571428571429
2833,1.4285714285714286
2834,0.3571428571428571
2835,0.4285714285714285
2836,2.571428571428572
2837,2.357142857142857
2838,0.3571428571428571
2839,0.5
2840,4.714285714285714
2841,0.2142857142857142
2842,3.142857142857143
2843,1.6428571428571428
2844,0.7142857142857143
2845,0.6428571428571429
2846,1.1428571428571428
2847,1.0
2848,0.9285714285714286
2849,4.571428571428571
2850,2.071428571428572
2851,2.071428571428572
2852,1.0
2853,2.357142857142857
2854,0.2142857142857142
2855,0.2857142857142857
2856,0.7142857142857143
2857,0.2142857142857142
2858,0.2857142857142857
2859,12.357142857142858
2860,3.2857142857142856
2861,0.0
2862,3.642857142857143
2863,3.4285714285714284
2864,1.3571428571428572
2865,1.7857142857142858
2866,1.9285714285714288
2867,0.9285714285714286
2868,0.5714285714285714
2869,0.5714285714285714
2870,0.2142857142857142
2871,1.8571428571428568
2872,2.2142857142857144
2873,0.8571428571428571
2874,0.2857142857142857
2875,0.0
2876,0.9285714285714286
2877,1.2857142857142858
2878,0.3571428571428571
2879,1.8571428571428568
2880,5.357142857142857
2881,1.7142857142857142
2882,1.7857142857142858
2883,1.0
2884,0.0
2885,0.5
2886,0.8571428571428571
2887,2.357142857142857
2888,0.5714285714285714
2889,0.2142857142857142
2890,0.4285714285714285
2891,0.0
2892,0.2142857142857142
2893,0.0714285714285714
2894,2.7857142857142856
2895,2.7142857142857144
2896,0.7857142857142857
2897,0.2142857142857142
2898,0.7857142857142857
2899,0.6428571428571429
2900,6.071428571428571
2901,4.0
2902,1.5
2903,0.2142857142857142
2904,1.0714285714285714
2905,0.0714285714285714
2906,0.4285714285714285
2907,1.8571428571428568
2908,1.9285714285714288
2909,0.3571428571428571
2910,1.3571428571428572
2911,0.9285714285714286
2912,1.5714285714285714
2913,0.7142857142857143
2914,0.5714285714285714
2915,0.0714285714285714
2916,0.2142857142857142
2917,2.2142857142857144
2918,3.571428571428572
2919,0.0
2920,2.642857142857143
2921,1.5714285714285714
2922,1.7857142857142858
2923,1.5714285714285714
2924,1.0714285714285714
2925,0.7142857142857143
2926,1.3571428571428572
2927,0.5
2928,0.7142857142857143
2929,1.0
2930,1.8571428571428568
2931,1.2857142857142858
2932,0.5714285714285714
2933,0.5714285714285714
2934,1.0714285714285714
2935,2.357142857142857
2936,2.071428571428572
2937,0.7142857142857143
2938,1.0714285714285714
2939,2.857142857142857
2940,1.9285714285714288
2941,1.1428571428571428
2942,0.4285714285714285
2943,0.5
2944,1.9285714285714288
2945,0.0
2946,0.7142857142857143
2947,0.7857142857142857
2948,0.7857142857142857
2949,1.2857142857142858
2950,0.2142857142857142
2951,1.2857142857142858
2952,2.0
2953,0.6428571428571429
2954,1.2142857142857142
2955,0.6428571428571429
2956,1.5714285714285714
2957,1.7857142857142858
2958,7.142857142857143
2959,2.5
2960,1.0714285714285714
2961,0.8571428571428571
2962,0.4285714285714285
2963,0.4285714285714285
2964,1.0714285714285714
2965,2.357142857142857
2966,2.357142857142857
2967,0.8571428571428571
2968,1.2142857142857142
2969,2.571428571428572
2970,0.2857142857142857
2971,1.2142857142857142
2972,0.2142857142857142
2973,0.6428571428571429
2974,0.2857142857142857
2975,9.142857142857142
2976,2.9285714285714284
2977,0.0
2978,2.642857142857143
2979,2.2857142857142856
2980,0.8571428571428571
2981,2.642857142857143
2982,0.9285714285714286
2983,0.5
2984,0.2142857142857142
2985,0.8571428571428571
2986,1.4285714285714286
2987,5.285714285714286
2988,0.4285714285714285
2989,0.7142857142857143
2990,1.1428571428571428
2991,0.8571428571428571
2992,0.1428571428571428
2993,0.1428571428571428
2994,0.0
2995,0.5
2996,1.4285714285714286
2997,1.3571428571428572
2998,0.6428571428571429
2999,0.3571428571428571
3000,0.4285714285714285
3001,0.7142857142857143
3002,0.9285714285714286
3003,0.0
3004,1.5
3005,0.3571428571428571
3006,0.6428571428571429
3007,0.1428571428571428
3008,0.0
3009,1.0714285714285714
3010,3.142857142857143
3011,0.0714285714285714
3012,0.5
3013,1.0714285714285714
3014,1.0
3015,0.5714285714285714
3016,7.571428571428571
3017,2.0
3018,2.2142857142857144
3019,1.9285714285714288
3020,1.5
3021,0.9285714285714286
3022,0.4285714285714285
3023,2.7857142857142856
3024,1.9285714285714288
3025,2.0
3026,1.1428571428571428
3027,1.9285714285714288
3028,0.3571428571428571
3029,0.5
3030,0.8571428571428571
3031,0.9285714285714286
3032,0.3571428571428571
3033,15.714285714285714
3034,3.7857142857142856
3035,0.0
3036,5.642857142857143
3037,6.071428571428571
3038,1.9285714285714288
3039,2.2857142857142856
3040,2.642857142857143
3041,1.3571428571428572
3042,0.7142857142857143
3043,1.3571428571428572
3044,1.0714285714285714
3045,2.2142857142857144
3046,0.9285714285714286
3047,1.2142857142857142
3048,1.0714285714285714
3049,1.0714285714285714
3050,0.7857142857142857
3051,1.2142857142857142
3052,0.6428571428571429
3053,0.4285714285714285
3054,2.4285714285714284
3055,3.071428571428572
3056,2.857142857142857
3057,1.0714285714285714
3058,0.7142857142857143
3059,1.2142857142857142
3060,1.5
3061,0.2142857142857142
3062,0.7857142857142857
3063,1.0
3064,0.7142857142857143
3065,0.4285714285714285
3066,1.7857142857142858
3067,0.7857142857142857
3068,2.857142857142857
3069,0.5714285714285714
3070,2.142857142857143
3071,0.9285714285714286
3072,3.642857142857143
3073,0.9285714285714286
3074,9.142857142857142
3075,3.857142857142857
3076,2.0
3077,1.6428571428571428
3078,1.5714285714285714
3079,0.8571428571428571
3080,1.1428571428571428
3081,2.0
3082,3.857142857142857
3083,1.7142857142857142
3084,1.0
3085,2.571428571428572
3086,0.6428571428571429
3087,2.071428571428572
3088,0.8571428571428571
3089,1.2142857142857142
3090,0.4285714285714285
3091,12.071428571428571
3092,2.7857142857142856
3093,0.0
3094,5.357142857142857
3095,9.857142857142858
3096,1.9285714285714288
3097,1.6428571428571428
3098,2.142857142857143
3099,0.5714285714285714
3100,1.0
3101,0.7857142857142857
3102,1.4285714285714286
3103,1.8571428571428568
3104,0.7857142857142857
3105,0.6428571428571429
3106,0.7857142857142857
3107,0.7142857142857143
3108,0.5
3109,3.5
3110,1.2857142857142858
3111,0.4285714285714285
3112,2.5
3113,1.7857142857142858
3114,2.4285714285714284
3115,0.9285714285714286
3116,1.1428571428571428
3117,0.5
3118,1.6428571428571428
3119,0.0
3120,2.2857142857142856
3121,1.3571428571428572
3122,0.7857142857142857
3123,0.3571428571428571
3124,0.6428571428571429
3125,1.0
3126,2.857142857142857
3127,0.2142857142857142
3128,0.3571428571428571
3129,0.3571428571428571
3130,1.7142857142857142
3131,1.4285714285714286
3132,5.0
3133,4.714285714285714
3134,5.642857142857143
3135,1.7142857142857142
3136,1.0714285714285714
3137,0.1428571428571428
3138,1.2142857142857142
3139,10.071428571428571
3140,3.857142857142857
3141,2.7142857142857144
3142,0.4285714285714285
3143,2.5
3144,0.5
3145,7.785714285714286
3146,1.5
3147,1.6428571428571428
3148,1.2142857142857142
3149,23.357142857142858
3150,3.7857142857142856
3151,0.0
3152,4.071428571428571
3153,5.142857142857143
3154,2.071428571428572
3155,2.857142857142857
3156,5.357142857142857
3157,1.3571428571428572
3158,0.0
3159,1.4285714285714286
3160,0.0
3161,2.642857142857143
3162,1.8571428571428568
3163,0.0
3164,2.642857142857143
3165,0.2857142857142857
3166,4.142857142857143
3167,4.857142857142857
3168,0.4285714285714285
3169,0.5
3170,5.857142857142857
3171,2.642857142857143
3172,2.7857142857142856
3173,3.642857142857143
3174,2.2857142857142856
3175,1.7857142857142858
3176,2.5
3177,0.4285714285714285
3178,1.2857142857142858
3179,1.0
3180,1.2857142857142858
3181,0.5
3182,0.8571428571428571
3183,1.9285714285714288
3184,4.785714285714286
3185,0.1428571428571428
3186,1.5
3187,1.2857142857142858
3188,3.071428571428572
3189,0.0
3190,9.5
3191,2.2142857142857144
3192,1.2142857142857142
3193,1.7142857142857142
3194,2.071428571428572
3195,0.7142857142857143
3196,1.2142857142857142
3197,2.571428571428572
3198,2.571428571428572
3199,1.6428571428571428
3200,2.9285714285714284
3201,2.642857142857143
3202,0.5
3203,0.7857142857142857
3204,2.142857142857143
3205,0.9285714285714286
3206,0.1428571428571428
3207,20.642857142857142
3208,6.285714285714286
3209,0.0
3210,5.142857142857143
3211,2.4285714285714284
3212,2.2142857142857144
3213,1.8571428571428568
3214,2.7857142857142856
3215,1.1428571428571428
3216,1.0
3217,1.5
3218,0.6428571428571429
3219,2.2142857142857144
3220,2.071428571428572
3221,0.5
3222,1.0714285714285714
3223,0.1428571428571428
3224,0.7142857142857143
3225,0.7857142857142857
3226,0.2142857142857142
3227,1.1428571428571428
3228,1.7142857142857142
3229,0.8571428571428571
3230,1.6428571428571428
3231,2.071428571428572
3232,0.5714285714285714
3233,0.1428571428571428
3234,0.6428571428571429
3235,0.0714285714285714
3236,1.7142857142857142
3237,0.9285714285714286
3238,0.4285714285714285
3239,0.7857142857142857
3240,2.2857142857142856
3241,0.5
3242,5.428571428571429
3243,4.0
3244,0.6428571428571429
3245,0.5714285714285714
3246,4.142857142857143
3247,0.1428571428571428
3248,12.928571428571429
3249,4.642857142857143
3250,1.0
3251,1.4285714285714286
3252,0.5714285714285714
3253,0.2857142857142857
3254,1.2142857142857142
3255,2.7857142857142856
3256,2.4285714285714284
3257,3.642857142857143
3258,2.357142857142857
3259,0.5714285714285714
3260,3.0
3261,0.7142857142857143
3262,0.7857142857142857
3263,1.3571428571428572
3264,1.4285714285714286
3265,13.357142857142858
3266,6.214285714285714
3267,0.0
3268,2.857142857142857
3269,1.7142857142857142
3270,4.071428571428571
3271,2.642857142857143
3272,0.0
3273,0.4285714285714285
3274,2.9285714285714284
3275,0.9285714285714286
3276,1.6428571428571428
3277,0.7857142857142857
3278,2.857142857142857
3279,1.8571428571428568
3280,0.9285714285714286
3281,0.9285714285714286
3282,1.1428571428571428
3283,3.4285714285714284
3284,0.7857142857142857
3285,2.357142857142857
3286,2.5
3287,2.7142857142857144
3288,3.071428571428572
3289,1.5
3290,0.0
3291,1.0714285714285714
3292,2.142857142857143
3293,0.0
3294,0.7857142857142857
3295,0.0
3296,1.4285714285714286
3297,1.0
3298,0.8571428571428571
3299,3.0
3300,3.2142857142857144
3301,1.2857142857142858
3302,3.2857142857142856
3303,0.9285714285714286
3304,2.857142857142857
3305,1.5714285714285714
3306,2.571428571428572
3307,1.7142857142857142
3308,2.071428571428572
3309,0.0714285714285714
3310,0.2142857142857142
3311,0.0
3312,0.3571428571428571
3313,0.6428571428571429
3314,1.2142857142857142
3315,0.9285714285714286
3316,0.7857142857142857
3317,0.8571428571428571
3318,0.7857142857142857
3319,0.2857142857142857
3320,0.3571428571428571
3321,0.0714285714285714
3322,0.2142857142857142
3323,3.2142857142857144
3324,1.8571428571428568
3325,0.0
3326,1.2142857142857142
3327,1.4285714285714286
3328,1.5714285714285714
3329,1.7142857142857142
3330,0.0
3331,0.1428571428571428
3332,1.2857142857142858
3333,0.3571428571428571
3334,0.3571428571428571
3335,3.857142857142857
3336,1.0714285714285714
3337,1.0
3338,0.5714285714285714
3339,0.2857142857142857
3340,0.0
3341,1.4285714285714286
3342,0.2142857142857142
3343,0.0714285714285714
3344,2.0
3345,1.8571428571428568
3346,3.142857142857143
3347,0.9285714285714286
3348,0.2857142857142857
3349,0.7857142857142857
3350,0.6428571428571429
3351,0.0
3352,0.8571428571428571
3353,0.5
3354,0.6428571428571429
3355,0.5714285714285714
3356,0.1428571428571428
3357,1.1428571428571428
3358,2.357142857142857
3359,0.4285714285714285
3360,0.9285714285714286
3361,0.5714285714285714
3362,0.9285714285714286
3363,0.3571428571428571
3364,3.142857142857143
3365,4.285714285714286
3366,2.642857142857143
3367,0.6428571428571429
3368,2.4285714285714284
3369,2.5
3370,0.8571428571428571
3371,5.571428571428571
3372,2.2142857142857144
3373,2.571428571428572
3374,1.0
3375,1.0714285714285714
3376,3.071428571428572
3377,0.1428571428571428
3378,0.7142857142857143
3379,0.2142857142857142
3380,2.142857142857143
3381,21.214285714285715
3382,2.5
3383,0.0
3384,4.142857142857143
3385,1.4285714285714286
3386,4.428571428571429
3387,0.5714285714285714
3388,0.6428571428571429
3389,1.1428571428571428
3390,1.2857142857142858
3391,0.1428571428571428
3392,0.3571428571428571
3393,2.2857142857142856
3394,4.5
3395,0.2142857142857142
3396,0.3571428571428571
3397,0.2857142857142857
3398,1.9285714285714288
3399,1.0714285714285714
3400,0.0714285714285714
3401,0.5714285714285714
3402,3.7857142857142856
3403,2.0
3404,1.7857142857142858
3405,2.142857142857143
3406,1.2857142857142858
3407,0.4285714285714285
3408,0.6428571428571429
3409,0.0
3410,0.2857142857142857
3411,0.6428571428571429
3412,0.6428571428571429
3413,1.4285714285714286
3414,0.3571428571428571
3415,0.4285714285714285
3416,2.571428571428572
3417,2.357142857142857
3418,0.3571428571428571
3419,0.5
3420,4.714285714285714
3421,0.2142857142857142
3422,3.142857142857143
3423,1.6428571428571428
3424,0.7142857142857143
3425,0.6428571428571429
3426,1.1428571428571428
3427,1.0
3428,0.9285714285714286
3429,4.571428571428571
3430,2.071428571428572
3431,2.071428571428572
3432,1.0
3433,2.357142857142857
3434,0.2142857142857142
3435,0.2857142857142857
3436,0.7142857142857143
3437,0.2142857142857142
3438,0.2857142857142857
3439,12.357142857142858
3440,3.2857142857142856
3441,0.0
3442,3.642857142857143
3443,3.4285714285714284
3444,1.3571428571428572
3445,1.7857142857142858
3446,1.9285714285714288
3447,0.9285714285714286
3448,0.5714285714285714
3449,0.5714285714285714
3450,0.2142857142857142
3451,1.8571428571428568
3452,2.2142857142857144
3453,0.8571428571428571
3454,0.2857142857142857
3455,0.0
3456,0.9285714285714286
3457,1.2857142857142858
3458,0.3571428571428571
3459,1.8571428571428568
3460,5.357142857142857
3461,1.7142857142857142
3462,1.7857142857142858
3463,1.0
3464,0.0
3465,0.5
3466,0.8571428571428571
3467,2.357142857142857
3468,0.5714285714285714
3469,0.2142857142857142
3470,0.4285714285714285
3471,0.0
3472,0.2142857142857142
3473,0.0714285714285714
3474,2.7857142857142856
3475,2.7142857142857144
3476,0.7857142857142857
3477,0.2142857142857142
3478,0.7857142857142857
3479,0.6428571428571429
3480,6.071428571428571
3481,4.0
3482,1.5
3483,0.2142857142857142
3484,1.0714285714285714
3485,0.0714285714285714
3486,0.4285714285714285
3487,1.8571428571428568
3488,1.9285714285714288
3489,0.3571428571428571
3490,1.3571428571428572
3491,0.9285714285714286
3492,1.5714285714285714
3493,0.7142857142857143
3494,0.5714285714285714
3495,0.0714285714285714
3496,0.2142857142857142
3497,2.2142857142857144
3498,3.571428571428572
3499,0.0
3500,2.642857142857143
3501,1.5714285714285714
3502,1.7857142857142858
3503,1.5714285714285714
3504,1.0714285714285714
3505,0.7142857142857143
3506,1.3571428571428572
3507,0.5
3508,0.7142857142857143
3509,1.0
3510,1.8571428571428568
3511,1.2857142857142858
3512,0.5714285714285714
3513,0.5714285714285714
3514,1.0714285714285714
3515,2.357142857142857
3516,2.071428571428572
3517,0.7142857142857143
3518,1.0714285714285714
3519,2.857142857142857
3520,1.9285714285714288
3521,1.1428571428571428
3522,0.4285714285714285
3523,0.5
3524,1.9285714285714288
3525,0.0
3526,0.7142857142857143
3527,0.7857142857142857
3528,0.7857142857142857
3529,1.2857142857142858
3530,0.2142857142857142
3531,1.2857142857142858
3532,2.0
3533,0.6428571428571429
3534,1.2142857142857142
3535,0.6428571428571429
3536,1.5714285714285714
3537,1.7857142857142858
3538,7.142857142857143
3539,2.5
3540,1.0714285714285714
3541,0.8571428571428571
3542,0.4285714285714285
3543,0.4285714285714285
3544,1.0714285714285714
3545,2.357142857142857
3546,2.357142857142857
3547,0.8571428571428571
3548,1.2142857142857142
3549,2.571428571428572
3550,0.2857142857142857
3551,1.2142857142857142
3552,0.2142857142857142
3553,0.6428571428571429
3554,0.2857142857142857
3555,9.142857142857142
3556,2.9285714285714284
3557,0.0
3558,2.642857142857143
3559,2.2857142857142856
3560,0.8571428571428571
3561,2.642857142857143
3562,0.9285714285714286
3563,0.5
3564,0.2142857142857142
3565,0.8571428571428571
3566,1.4285714285714286
3567,5.285714285714286
3568,0.4285714285714285
3569,0.7142857142857143
3570,1.1428571428571428
3571,0.8571428571428571
3572,0.1428571428571428
3573,0.1428571428571428
3574,0.0
3575,0.5
3576,1.4285714285714286
3577,1.3571428571428572
3578,0.6428571428571429
3579,0.3571428571428571
3580,0.4285714285714285
3581,0.7142857142857143
3582,0.9285714285714286
3583,0.0
3584,1.5
3585,0.3571428571428571
3586,0.6428571428571429
3587,0.1428571428571428
3588,0.0
3589,1.0714285714285714
3590,3.142857142857143
3591,0.0714285714285714
3592,0.5
3593,1.0714285714285714
3594,1.0
3595,0.5714285714285714
3596,7.571428571428571
3597,2.0
3598,2.2142857142857144
3599,1.9285714285714288
3600,1.5
3601,0.9285714285714286
3602,0.4285714285714285
3603,2.7857142857142856
3604,1.9285714285714288
3605,2.0
3606,1.1428571428571428
3607,1.9285714285714288
3608,0.3571428571428571
3609,0.5
3610,0.8571428571428571
3611,0.9285714285714286
3612,0.3571428571428571
3613,15.714285714285714
3614,3.7857142857142856
3615,0.0
3616,5.642857142857143
3617,6.071428571428571
3618,1.9285714285714288
3619,2.2857142857142856
3620,2.642857142857143
3621,1.3571428571428572
3622,0.7142857142857143
3623,1.3571428571428572
3624,1.0714285714285714
3625,2.2142857142857144
3626,0.9285714285714286
3627,1.2142857142857142
3628,1.0714285714285714
3629,1.0714285714285714
3630,0.7857142857142857
3631,1.2142857142857142
3632,0.6428571428571429
3633,0.4285714285714285
3634,2.4285714285714284
3635,3.071428571428572
3636,2.857142857142857
3637,1.0714285714285714
3638,0.7142857142857143
3639,1.2142857142857142
3640,1.5
3641,0.2142857142857142
3642,0.7857142857142857
3643,1.0
3644,0.7142857142857143
3645,0.4285714285714285
3646,1.7857142857142858
3647,0.7857142857142857
3648,2.857142857142857
3649,0.5714285714285714
3650,2.142857142857143
3651,0.9285714285714286
3652,3.642857142857143
3653,0.9285714285714286
3654,9.142857142857142
3655,3.857142857142857
3656,2.0
3657,1.6428571428571428
3658,1.5714285714285714
3659,0.8571428571428571
3660,1.1428571428571428
3661,2.0
3662,3.857142857142857
3663,1.7142857142857142
3664,1.0
3665,2.571428571428572
3666,0.6428571428571429
3667,2.071428571428572
3668,0.8571428571428571
3669,1.2142857142857142
3670,0.4285714285714285
3671,12.071428571428571
3672,2.7857142857142856
3673,0.0
3674,5.357142857142857
3675,9.857142857142858
3676,1.9285714285714288
3677,1.6428571428571428
3678,2.142857142857143
3679,0.5714285714285714
3680,1.0
3681,0.7857142857142857
3682,1.4285714285714286
3683,1.8571428571428568
3684,0.7857142857142857
3685,0.6428571428571429
3686,0.7857142857142857
3687,0.7142857142857143
3688,0.5
3689,3.5
3690,1.2857142857142858
3691,0.4285714285714285
3692,2.5
3693,1.7857142857142858
3694,2.4285714285714284
3695,0.9285714285714286
3696,1.1428571428571428
3697,0.5
3698,1.6428571428571428
3699,0.0
3700,2.2857142857142856
3701,1.3571428571428572
3702,0.7857142857142857
3703,0.3571428571428571
3704,0.6428571428571429
3705,1.0
3706,2.857142857142857
3707,0.2142857142857142
3708,0.3571428571428571
3709,0.3571428571428571
3710,1.7142857142857142
3711,1.4285714285714286
3712,5.0
3713,4.714285714285714
3714,5.642857142857143
3715,1.7142857142857142
3716,1.0714285714285714
3717,0.1428571428571428
3718,1.2142857142857142
3719,10.071428571428571
3720,3.857142857142857
3721,2.7142857142857144
3722,0.4285714285714285
3723,2.5
3724,0.5
3725,7.785714285714286
3726,1.5
3727,1.6428571428571428
3728,1.2142857142857142
3729,23.357142857142858
3730,3.7857142857142856
3731,0.0
3732,4.071428571428571
3733,5.142857142857143
3734,2.071428571428572
3735,2.857142857142857
3736,5.357142857142857
3737,1.3571428571428572
3738,0.0
3739,1.4285714285714286
3740,0.0
3741,2.642857142857143
3742,1.8571428571428568
3743,0.0
3744,2.642857142857143
3745,0.2857142857142857
3746,4.142857142857143
3747,4.857142857142857
3748,0.4285714285714285
3749,0.5
3750,5.857142857142857
3751,2.642857142857143
3752,2.7857142857142856
3753,3.642857142857143
3754,2.2857142857142856
3755,1.7857142857142858
3756,2.5
3757,0.4285714285714285
3758,1.2857142857142858
3759,1.0
3760,1.2857142857142858
3761,0.5
3762,0.8571428571428571
3763,1.9285714285714288
3764,4.785714285714286
3765,0.1428571428571428
3766,1.5
3767,1.2857142857142858
3768,3.071428571428572
3769,0.0
3770,9.5
3771,2.2142857142857144
3772,1.2142857142857142
3773,1.7142857142857142
3774,2.071428571428572
3775,0.7142857142857143
3776,1.2142857142857142
3777,2.571428571428572
3778,2.571428571428572
3779,1.6428571428571428
3780,2.9285714285714284
3781,2.642857142857143
3782,0.5
3783,0.7857142857142857
3784,2.142857142857143
3785,0.9285714285714286
3786,0.1428571428571428
3787,20.642857142857142
3788,6.285714285714286
3789,0.0
3790,5.142857142857143
3791,2.4285714285714284
3792,2.2142857142857144
3793,1.8571428571428568
3794,2.7857142857142856
3795,1.1428571428571428
3796,1.0
3797,1.5
3798,0.6428571428571429
3799,2.2142857142857144
3800,2.071428571428572
3801,0.5
3802,1.0714285714285714
3803,0.1428571428571428
3804,0.7142857142857143
3805,0.7857142857142857
3806,0.2142857142857142
3807,1.1428571428571428
3808,1.7142857142857142
3809,0.8571428571428571
3810,1.6428571428571428
3811,2.071428571428572
3812,0.5714285714285714
3813,0.1428571428571428
3814,0.6428571428571429
3815,0.0714285714285714
3816,1.7142857142857142
3817,0.9285714285714286
3818,0.4285714285714285
3819,0.7857142857142857
3820,2.2857142857142856
3821,0.5
3822,5.428571428571429
3823,4.0
3824,0.6428571428571429
3825,0.5714285714285714
3826,4.142857142857143
3827,0.1428571428571428
3828,12.928571428571429
3829,4.642857142857143
3830,1.0
3831,1.4285714285714286
3832,0.5714285714285714
3833,0.2857142857142857
3834,1.2142857142857142
3835,2.7857142857142856
3836,2.4285714285714284
3837,3.642857142857143
3838,2.357142857142857
3839,0.5714285714285714
3840,3.0
3841,0.7142857142857143
3842,0.7857142857142857
3843,1.3571428571428572
3844,1.4285714285714286
3845,13.357142857142858
3846,6.214285714285714
3847,0.0
3848,2.857142857142857
3849,1.7142857142857142
3850,4.071428571428571
3851,2.642857142857143
3852,0.0
3853,0.4285714285714285
3854,2.9285714285714284
3855,0.9285714285714286
3856,1.6428571428571428
3857,0.7857142857142857
3858,2.857142857142857
3859,1.8571428571428568
3860,0.9285714285714286
3861,0.9285714285714286
3862,1.1428571428571428
3863,3.4285714285714284
3864,0.7857142857142857
3865,2.357142857142857
3866,2.5
3867,2.7142857142857144
3868,3.071428571428572
3869,1.5
3870,0.0
3871,1.0714285714285714
3872,2.142857142857143
3873,0.0
3874,0.7857142857142857
3875,0.0
3876,1.4285714285714286
3877,1.0
3878,0.8571428571428571
3879,3.0
3880,3.2142857142857144
3881,1.2857142857142858
3882,3.2857142857142856
3883,0.9285714285714286
3884,2.857142857142857
3885,1.5714285714285714
3886,2.571428571428572
3887,1.7142857142857142
3888,2.071428571428572
3889,0.0714285714285714
3890,0.2142857142857142
3891,0.0
3892,0.3571428571428571
3893,0.6428571428571429
3894,1.2142857142857142
3895,0.9285714285714286
3896,0.7857142857142857
3897,0.8571428571428571
3898,0.7857142857142857
3899,0.2857142857142857
3900,0.3571428571428571
3901,0.0714285714285714
3902,0.2142857142857142
3903,3.2142857142857144
3904,1.8571428571428568
3905,0.0
3906,1.2142857142857142
3907,1.4285714285714286
3908,1.5714285714285714
3909,1.7142857142857142
3910,0.0
3911,0.1428571428571428
3912,1.2857142857142858
3913,0.3571428571428571
3914,0.3571428571428571
3915,3.857142857142857
3916,1.0714285714285714
3917,1.0
3918,0.5714285714285714
3919,0.2857142857142857
3920,0.0
3921,1.4285714285714286
3922,0.2142857142857142
3923,0.0714285714285714
3924,2.0
3925,1.8571428571428568
3926,3.142857142857143
3927,0.9285714285714286
3928,0.2857142857142857
3929,0.7857142857142857
3930,0.6428571428571429
3931,0.0
3932,0.8571428571428571
3933,0.5
3934,0.6428571428571429
3935,0.5714285714285714
3936,0.1428571428571428
3937,1.1428571428571428
3938,2.357142857142857
3939,0.4285714285714285
3940,0.9285714285714286
3941,0.5714285714285714
3942,0.9285714285714286
3943,0.3571428571428571
3944,3.142857142857143
3945,4.285714285714286
3946,2.642857142857143
3947,0.6428571428571429
3948,2.4285714285714284
3949,2.5
3950,0.8571428571428571
3951,5.571428571428571
3952,2.2142857142857144
3953,2.571428571428572
3954,1.0
3955,1.0714285714285714
3956,3.071428571428572
3957,0.1428571428571428
3958,0.7142857142857143
3959,0.2142857142857142
3960,2.142857142857143
3961,21.214285714285715
3962,2.5
3963,0.0
3964,4.142857142857143
3965,1.4285714285714286
3966,4.428571428571429
3967,0.5714285714285714
3968,0.6428571428571429
3969,1.1428571428571428
3970,1.2857142857142858
3971,0.1428571428571428
3972,0.3571428571428571
3973,2.2857142857142856
3974,4.5
3975,0.2142857142857142
3976,0.3571428571428571
3977,0.2857142857142857
3978,1.9285714285714288
3979,1.0714285714285714
3980,0.0714285714285714
3981,0.5714285714285714
3982,3.7857142857142856
3983,2.0
3984,1.7857142857142858
3985,2.142857142857143
3986,1.2857142857142858
3987,0.4285714285714285
3988,0.6428571428571429
3989,0.0
3990,0.2857142857142857
3991,0.6428571428571429
3992,0.6428571428571429
3993,1.4285714285714286
3994,0.3571428571428571
3995,0.4285714285714285
3996,2.571428571428572
3997,2.357142857142857
3998,0.3571428571428571
3999,0.5
4000,4.714285714285714
4001,0.2142857142857142
4002,3.142857142857143
4003,1.6428571428571428
4004,0.7142857142857143
4005,0.6428571428571429
4006,1.1428571428571428
4007,1.0
4008,0.9285714285714286
4009,4.571428571428571
4010,2.071428571428572
4011,2.071428571428572
4012,1.0
4013,2.357142857142857
4014,0.2142857142857142
4015,0.2857142857142857
4016,0.7142857142857143
4017,0.2142857142857142
4018,0.2857142857142857
4019,12.357142857142858
4020,3.2857142857142856
4021,0.0
4022,3.642857142857143
4023,3.4285714285714284
4024,1.3571428571428572
4025,1.7857142857142858
4026,1.9285714285714288
4027,0.9285714285714286
4028,0.5714285714285714
4029,0.5714285714285714
4030,0.2142857142857142
4031,1.8571428571428568
4032,2.2142857142857144
4033,0.8571428571428571
4034,0.2857142857142857
4035,0.0
4036,0.9285714285714286
4037,1.2857142857142858
4038,0.3571428571428571
4039,1.8571428571428568
4040,5.357142857142857
4041,1.7142857142857142
4042,1.7857142857142858
4043,1.0
4044,0.0
4045,0.5
4046,0.8571428571428571
4047,2.357142857142857
4048,0.5714285714285714
4049,0.2142857142857142
4050,0.4285714285714285
4051,0.0
4052,0.2142857142857142
4053,0.0714285714285714
4054,2.7857142857142856
4055,2.7142857142857144
4056,0.7857142857142857
4057,0.2142857142857142
4058,0.7857142857142857
4059,0.6428571428571429
4060,6.071428571428571
4061,4.0
4062,1.5
4063,0.2142857142857142
4064,1.0714285714285714
4065,0.0714285714285714
4066,0.4285714285714285
4067,1.8571428571428568
4068,1.9285714285714288
4069,0.3571428571428571
4070,1.3571428571428572
4071,0.9285714285714286
4072,1.5714285714285714
4073,0.7142857142857143
4074,0.5714285714285714
4075,0.0714285714285714
4076,0.2142857142857142
4077,2.2142857142857144
4078,3.571428571428572
4079,0.0
4080,2.642857142857143
4081,1.5714285714285714
4082,1.7857142857142858
4083,1.5714285714285714
4084,1.0714285714285714
4085,0.7142857142857143
4086,1.3571428571428572
4087,0.5
4088,0.7142857142857143
4089,1.0
4090,1.8571428571428568
4091,1.2857142857142858
4092,0.5714285714285714
4093,0.5714285714285714
4094,1.0714285714285714
4095,2.357142857142857
4096,2.071428571428572
4097,0.7142857142857143
4098,1.0714285714285714
4099,2.857142857142857
4100,1.9285714285714288
4101,1.1428571428571428
4102,0.4285714285714285
4103,0.5
4104,1.9285714285714288
4105,0.0
4106,0.7142857142857143
4107,0.7857142857142857
4108,0.7857142857142857
4109,1.2857142857142858
4110,0.2142857142857142
4111,1.2857142857142858
4112,2.0
4113,0.6428571428571429
4114,1.2142857142857142
4115,0.6428571428571429
4116,1.5714285714285714
4117,1.7857142857142858
4118,7.142857142857143
4119,2.5
4120,1.0714285714285714
4121,0.8571428571428571
4122,0.4285714285714285
4123,0.4285714285714285
4124,1.0714285714285714
4125,2.357142857142857
4126,2.357142857142857
4127,0.8571428571428571
4128,1.2142857142857142
4129,2.571428571428572
4130,0.2857142857142857
4131,1.2142857142857142
4132,0.2142857142857142
4133,0.6428571428571429
4134,0.2857142857142857
4135,9.142857142857142
4136,2.9285714285714284
4137,0.0
4138,2.642857142857143
4139,2.2857142857142856
4140,0.8571428571428571
4141,2.642857142857143
4142,0.9285714285714286
4143,0.5
4144,0.2142857142857142
4145,0.8571428571428571
4146,1.4285714285714286
4147,5.285714285714286
4148,0.4285714285714285
4149,0.7142857142857143
4150,1.1428571428571428
4151,0.8571428571428571
4152,0.1428571428571428
4153,0.1428571428571428
4154,0.0
4155,0.5
4156,1.4285714285714286
4157,1.3571428571428572
4158,0.6428571428571429
4159,0.3571428571428571
4160,0.4285714285714285
4161,0.7142857142857143
4162,0.9285714285714286
4163,0.0
4164,1.5
4165,0.3571428571428571
4166,0.6428571428571429
4167,0.1428571428571428
4168,0.0
4169,1.0714285714285714
4170,3.142857142857143
4171,0.0714285714285714
4172,0.5
4173,1.0714285714285714
4174,1.0
4175,0.5714285714285714
4176,7.571428571428571
4177,2.0
4178,2.2142857142857144
4179,1.9285714285714288
4180,1.5
4181,0.9285714285714286
4182,0.4285714285714285
4183,2.7857142857142856
4184,1.9285714285714288
4185,2.0
4186,1.1428571428571428
4187,1.9285714285714288
4188,0.3571428571428571
4189,0.5
4190,0.8571428571428571
4191,0.9285714285714286
4192,0.3571428571428571
4193,15.714285714285714
4194,3.7857142857142856
4195,0.0
4196,5.642857142857143
4197,6.071428571428571
4198,1.9285714285714288
4199,2.2857142857142856
4200,2.642857142857143
4201,1.3571428571428572
4202,0.7142857142857143
4203,1.3571428571428572
4204,1.0714285714285714
4205,2.2142857142857144
4206,0.9285714285714286
4207,1.2142857142857142
4208,1.0714285714285714
4209,1.0714285714285714
4210,0.7857142857142857
4211,1.2142857142857142
4212,0.6428571428571429
4213,0.4285714285714285
4214,2.4285714285714284
4215,3.071428571428572
4216,2.857142857142857
4217,1.0714285714285714
4218,0.7142857142857143
4219,1.2142857142857142
4220,1.5
4221,0.2142857142857142
4222,0.7857142857142857
4223,1.0
4224,0.7142857142857143
4225,0.4285714285714285
4226,1.7857142857142858
4227,0.7857142857142857
4228,2.857142857142857
4229,0.5714285714285714
4230,2.142857142857143
4231,0.9285714285714286
4232,3.642857142857143
4233,0.9285714285714286
4234,9.142857142857142
4235,3.857142857142857
4236,2.0
4237,1.6428571428571428
4238,1.5714285714285714
4239,0.8571428571428571
4240,1.1428571428571428
4241,2.0
4242,3.857142857142857
4243,1.7142857142857142
4244,1.0
4245,2.571428571428572
4246,0.6428571428571429
4247,2.071428571428572
4248,0.8571428571428571
4249,1.2142857142857142
4250,0.4285714285714285
4251,12.071428571428571
4252,2.7857142857142856
4253,0.0
4254,5.357142857142857
4255,9.857142857142858
4256,1.9285714285714288
4257,1.6428571428571428
4258,2.142857142857143
4259,0.5714285714285714
4260,1.0
4261,0.7857142857142857
4262,1.4285714285714286
4263,1.8571428571428568
4264,0.7857142857142857
4265,0.6428571428571429
4266,0.7857142857142857
4267,0.7142857142857143
4268,0.5
4269,3.5
4270,1.2857142857142858
4271,0.4285714285714285
4272,2.5
4273,1.7857142857142858
4274,2.4285714285714284
4275,0.9285714285714286
4276,1.1428571428571428
4277,0.5
4278,1.6428571428571428
4279,0.0
4280,2.2857142857142856
4281,1.3571428571428572
4282,0.7857142857142857
4283,0.3571428571428571
4284,0.6428571428571429
4285,1.0
4286,2.857142857142857
4287,0.2142857142857142
4288,0.3571428571428571
4289,0.3571428571428571
4290,1.7142857142857142
4291,1.4285714285714286
4292,5.0
4293,4.714285714285714
4294,5.642857142857143
4295,1.7142857142857142
4296,1.0714285714285714
4297,0.1428571428571428
4298,1.2142857142857142
4299,10.071428571428571
4300,3.857142857142857
4301,2.7142857142857144
4302,0.4285714285714285
4303,2.5
4304,0.5
4305,7.785714285714286
4306,1.5
4307,1.6428571428571428
4308,1.2142857142857142
4309,23.357142857142858
4310,3.7857142857142856
4311,0.0
4312,4.071428571428571
4313,5.142857142857143
4314,2.071428571428572
4315,2.857142857142857
4316,5.357142857142857
4317,1.3571428571428572
4318,0.0
4319,1.4285714285714286
4320,0.0
4321,2.642857142857143
4322,1.8571428571428568
4323,0.0
4324,2.642857142857143
4325,0.2857142857142857
4326,4.142857142857143
4327,4.857142857142857
4328,0.4285714285714285
4329,0.5
4330,5.857142857142857
4331,2.642857142857143
4332,2.7857142857142856
4333,3.642857142857143
4334,2.2857142857142856
4335,1.7857142857142858
4336,2.5
4337,0.4285714285714285
4338,1.2857142857142858
4339,1.0
4340,1.2857142857142858
4341,0.5
4342,0.8571428571428571
4343,1.9285714285714288
4344,4.785714285714286
4345,0.1428571428571428
4346,1.5
4347,1.2857142857142858
4348,3.071428571428572
4349,0.0
4350,9.5
4351,2.2142857142857144
4352,1.2142857142857142
4353,1.7142857142857142
4354,2.071428571428572
4355,0.7142857142857143
4356,1.2142857142857142
4357,2.571428571428572
4358,2.571428571428572
4359,1.6428571428571428
4360,2.9285714285714284
4361,2.642857142857143
4362,0.5
4363,0.7857142857142857
4364,2.142857142857143
4365,0.9285714285714286
4366,0.1428571428571428
4367,20.642857142857142
4368,6.285714285714286
4369,0.0
4370,5.142857142857143
4371,2.4285714285714284
4372,2.2142857142857144
4373,1.8571428571428568
4374,2.7857142857142856
4375,1.1428571428571428
4376,1.0
4377,1.5
4378,0.6428571428571429
4379,2.2142857142857144
4380,2.071428571428572
4381,0.5
4382,1.0714285714285714
4383,0.1428571428571428
4384,0.7142857142857143
4385,0.7857142857142857
4386,0.2142857142857142
4387,1.1428571428571428
4388,1.7142857142857142
4389,0.8571428571428571
4390,1.6428571428571428
4391,2.071428571428572
4392,0.5714285714285714
4393,0.1428571428571428
4394,0.6428571428571429
4395,0.0714285714285714
4396,1.7142857142857142
4397,0.9285714285714286
4398,0.4285714285714285
4399,0.7857142857142857
4400,2.2857142857142856
4401,0.5
4402,5.428571428571429
4403,4.0
4404,0.6428571428571429
4405,0.5714285714285714
4406,4.142857142857143
4407,0.1428571428571428
4408,12.928571428571429
4409,4.642857142857143
4410,1.0
4411,1.4285714285714286
4412,0.5714285714285714
4413,0.2857142857142857
4414,1.2142857142857142
4415,2.7857142857142856
4416,2.4285714285714284
4417,3.642857142857143
4418,2.357142857142857
4419,0.5714285714285714
4420,3.0
4421,0.7142857142857143
4422,0.7857142857142857
4423,1.3571428571428572
4424,1.4285714285714286
4425,13.357142857142858
4426,6.214285714285714
4427,0.0
4428,2.857142857142857
4429,1.7142857142857142
4430,4.071428571428571
4431,2.642857142857143
4432,0.0
4433,0.4285714285714285
4434,2.9285714285714284
4435,0.9285714285714286
4436,1.6428571428571428
4437,0.7857142857142857
4438,2.857142857142857
4439,1.8571428571428568
4440,0.9285714285714286
4441,0.9285714285714286
4442,1.1428571428571428
4443,3.4285714285714284
4444,0.7857142857142857
4445,2.357142857142857
4446,2.5
4447,2.7142857142857144
4448,3.071428571428572
4449,1.5
4450,0.0
4451,1.0714285714285714
4452,2.142857142857143
4453,0.0
4454,0.7857142857142857
4455,0.0
4456,1.4285714285714286
4457,1.0
4458,0.8571428571428571
4459,3.0
4460,3.2142857142857144
4461,1.2857142857142858
4462,3.2857142857142856
4463,0.9285714285714286
4464,2.857142857142857
4465,1.5714285714285714
4466,2.571428571428572
4467,1.7142857142857142
4468,2.071428571428572
4469,0.0714285714285714
4470,0.2142857142857142
4471,0.0
4472,0.3571428571428571
4473,0.6428571428571429
4474,1.2142857142857142
4475,0.9285714285714286
4476,0.7857142857142857
4477,0.8571428571428571
4478,0.7857142857142857
4479,0.2857142857142857
4480,0.3571428571428571
4481,0.0714285714285714
4482,0.2142857142857142
4483,3.2142857142857144
4484,1.8571428571428568
4485,0.0
4486,1.2142857142857142
4487,1.4285714285714286
4488,1.5714285714285714
4489,1.7142857142857142
4490,0.0
4491,0.1428571428571428
4492,1.2857142857142858
4493,0.3571428571428571
4494,0.3571428571428571
4495,3.857142857142857
4496,1.0714285714285714
4497,1.0
4498,0.5714285714285714
4499,0.2857142857142857
4500,0.0
4501,1.4285714285714286
4502,0.2142857142857142
4503,0.0714285714285714
4504,2.0
4505,1.8571428571428568
4506,3.142857142857143
4507,0.9285714285714286
4508,0.2857142857142857
4509,0.7857142857142857
4510,0.6428571428571429
4511,0.0
4512,0.8571428571428571
4513,0.5
4514,0.6428571428571429
4515,0.5714285714285714
4516,0.1428571428571428
4517,1.1428571428571428
4518,2.357142857142857
4519,0.4285714285714285
4520,0.9285714285714286
4521,0.5714285714285714
4522,0.9285714285714286
4523,0.3571428571428571
4524,3.142857142857143
4525,4.285714285714286
4526,2.642857142857143
4527,0.6428571428571429
4528,2.4285714285714284
4529,2.5
4530,0.8571428571428571
4531,5.571428571428571
4532,2.2142857142857144
4533,2.571428571428572
4534,1.0
4535,1.0714285714285714
4536,3.071428571428572
4537,0.1428571428571428
4538,0.7142857142857143
4539,0.2142857142857142
4540,2.142857142857143
4541,21.214285714285715
4542,2.5
4543,0.0
4544,4.142857142857143
4545,1.4285714285714286
4546,4.428571428571429
4547,0.5714285714285714
4548,0.6428571428571429
4549,1.1428571428571428
4550,1.2857142857142858
4551,0.1428571428571428
4552,0.3571428571428571
4553,2.2857142857142856
4554,4.5
4555,0.2142857142857142
4556,0.3571428571428571
4557,0.2857142857142857
4558,1.9285714285714288
4559,1.0714285714285714
4560,0.0714285714285714
4561,0.5714285714285714
4562,3.7857142857142856
4563,2.0
4564,1.7857142857142858
4565,2.142857142857143
4566,1.2857142857142858
4567,0.4285714285714285
4568,0.6428571428571429
4569,0.0
4570,0.2857142857142857
4571,0.6428571428571429
4572,0.6428571428571429
4573,1.4285714285714286
4574,0.3571428571428571
4575,0.4285714285714285
4576,2.571428571428572
4577,2.357142857142857
4578,0.3571428571428571
4579,0.5
4580,4.714285714285714
4581,0.2142857142857142
4582,3.142857142857143
4583,1.6428571428571428
4584,0.7142857142857143
4585,0.6428571428571429
4586,1.1428571428571428
4587,1.0
4588,0.9285714285714286
4589,4.571428571428571
4590,2.071428571428572
4591,2.071428571428572
4592,1.0
4593,2.357142857142857
4594,0.2142857142857142
4595,0.2857142857142857
4596,0.7142857142857143
4597,0.2142857142857142
4598,0.2857142857142857
4599,12.357142857142858
4600,3.2857142857142856
4601,0.0
4602,3.642857142857143
4603,3.4285714285714284
4604,1.3571428571428572
4605,1.7857142857142858
4606,1.9285714285714288
4607,0.9285714285714286
4608,0.5714285714285714
4609,0.5714285714285714
4610,0.2142857142857142
4611,1.8571428571428568
4612,2.2142857142857144
4613,0.8571428571428571
4614,0.2857142857142857
4615,0.0
4616,0.9285714285714286
4617,1.2857142857142858
4618,0.3571428571428571
4619,1.8571428571428568
4620,5.357142857142857
4621,1.7142857142857142
4622,1.7857142857142858
4623,1.0
4624,0.0
4625,0.5
4626,0.8571428571428571
4627,2.357142857142857
4628,0.5714285714285714
4629,0.2142857142857142
4630,0.4285714285714285
4631,0.0
4632,0.2142857142857142
4633,0.0714285714285714
4634,2.7857142857142856
4635,2.7142857142857144
4636,0.7857142857142857
4637,0.2142857142857142
4638,0.7857142857142857
4639,0.6428571428571429
4640,6.071428571428571
4641,4.0
4642,1.5
4643,0.2142857142857142
4644,1.0714285714285714
4645,0.0714285714285714
4646,0.4285714285714285
4647,1.8571428571428568
4648,1.9285714285714288
4649,0.3571428571428571
4650,1.3571428571428572
4651,0.9285714285714286
4652,1.5714285714285714
4653,0.7142857142857143
4654,0.5714285714285714
4655,0.0714285714285714
4656,0.2142857142857142
4657,2.2142857142857144
4658,3.571428571428572
4659,0.0
4660,2.642857142857143
4661,1.5714285714285714
4662,1.7857142857142858
4663,1.5714285714285714
4664,1.0714285714285714
4665,0.7142857142857143
4666,1.3571428571428572
4667,0.5
4668,0.7142857142857143
4669,1.0
4670,1.8571428571428568
4671,1.2857142857142858
4672,0.5714285714285714
4673,0.5714285714285714
4674,1.0714285714285714
4675,2.357142857142857
4676,2.071428571428572
4677,0.7142857142857143
4678,1.0714285714285714
4679,2.857142857142857
4680,1.9285714285714288
4681,1.1428571428571428
4682,0.4285714285714285
4683,0.5
4684,1.9285714285714288
4685,0.0
4686,0.7142857142857143
4687,0.7857142857142857
4688,0.7857142857142857
4689,1.2857142857142858
4690,0.2142857142857142
4691,1.2857142857142858
4692,2.0
4693,0.6428571428571429
4694,1.2142857142857142
4695,0.6428571428571429
4696,1.5714285714285714
4697,1.7857142857142858
4698,7.142857142857143
4699,2.5
4700,1.0714285714285714
4701,0.8571428571428571
4702,0.4285714285714285
4703,0.4285714285714285
4704,1.0714285714285714
4705,2.357142857142857
4706,2.357142857142857
4707,0.8571428571428571
4708,1.2142857142857142
4709,2.571428571428572
4710,0.2857142857142857
4711,1.2142857142857142
4712,0.2142857142857142
4713,0.6428571428571429
4714,0.2857142857142857
4715,9.142857142857142
4716,2.9285714285714284
4717,0.0
4718,2.642857142857143
4719,2.2857142857142856
4720,0.8571428571428571
4721,2.642857142857143
4722,0.9285714285714286
4723,0.5
4724,0.2142857142857142
4725,0.8571428571428571
4726,1.4285714285714286
4727,5.285714285714286
4728,0.4285714285714285
4729,0.7142857142857143
4730,1.1428571428571428
4731,0.8571428571428571
4732,0.1428571428571428
4733,0.1428571428571428
4734,0.0
4735,0.5
4736,1.4285714285714286
4737,1.3571428571428572
4738,0.6428571428571429
4739,0.3571428571428571
4740,0.4285714285714285
4741,0.7142857142857143
4742,0.9285714285714286
4743,0.0
4744,1.5
4745,0.3571428571428571
4746,0.6428571428571429
4747,0.1428571428571428
4748,0.0
4749,1.0714285714285714
4750,3.142857142857143
4751,0.0714285714285714
4752,0.5
4753,1.0714285714285714
4754,1.0
4755,0.5714285714285714
4756,7.571428571428571
4757,2.0
4758,2.2142857142857144
4759,1.9285714285714288
4760,1.5
4761,0.9285714285714286
4762,0.4285714285714285
4763,2.7857142857142856
4764,1.9285714285714288
4765,2.0
4766,1.1428571428571428
4767,1.9285714285714288
4768,0.3571428571428571
4769,0.5
4770,0.8571428571428571
4771,0.9285714285714286
4772,0.3571428571428571
4773,15.714285714285714
4774,3.7857142857142856
4775,0.0
4776,5.642857142857143
4777,6.071428571428571
4778,1.9285714285714288
4779,2.2857142857142856
4780,2.642857142857143
4781,1.3571428571428572
4782,0.7142857142857143
4783,1.3571428571428572
4784,1.0714285714285714
4785,2.2142857142857144
4786,0.9285714285714286
4787,1.2142857142857142
4788,1.0714285714285714
4789,1.0714285714285714
4790,0.7857142857142857
4791,1.2142857142857142
4792,0.6428571428571429
4793,0.4285714285714285
4794,2.4285714285714284
4795,3.071428571428572
4796,2.857142857142857
4797,1.0714285714285714
4798,0.7142857142857143
4799,1.2142857142857142
4800,1.5
4801,0.2142857142857142
4802,0.7857142857142857
4803,1.0
4804,0.7142857142857143
4805,0.4285714285714285
4806,1.7857142857142858
4807,0.7857142857142857
4808,2.857142857142857
4809,0.5714285714285714
4810,2.142857142857143
4811,0.9285714285714286
4812,3.642857142857143
4813,0.9285714285714286
4814,9.142857142857142
4815,3.857142857142857
4816,2.0
4817,1.6428571428571428
4818,1.5714285714285714
4819,0.8571428571428571
4820,1.1428571428571428
4821,2.0
4822,3.857142857142857
4823,1.7142857142857142
4824,1.0
4825,2.571428571428572
4826,0.6428571428571429
4827,2.071428571428572
4828,0.8571428571428571
4829,1.2142857142857142
4830,0.4285714285714285
4831,12.071428571428571
4832,2.7857142857142856
4833,0.0
4834,5.357142857142857
4835,9.857142857142858
4836,1.9285714285714288
4837,1.6428571428571428
4838,2.142857142857143
4839,0.5714285714285714
4840,1.0
4841,0.7857142857142857
4842,1.4285714285714286
4843,1.8571428571428568
4844,0.7857142857142857
4845,0.6428571428571429
4846,0.7857142857142857
4847,0.7142857142857143
4848,0.5
4849,3.5
4850,1.2857142857142858
4851,0.4285714285714285
4852,2.5
4853,1.7857142857142858
4854,2.4285714285714284
4855,0.9285714285714286
4856,1.1428571428571428
4857,0.5
4858,1.6428571428571428
4859,0.0
4860,2.2857142857142856
4861,1.3571428571428572
4862,0.7857142857142857
4863,0.3571428571428571
4864,0.6428571428571429
4865,1.0
4866,2.857142857142857
4867,0.2142857142857142
4868,0.3571428571428571
4869,0.3571428571428571
4870,1.7142857142857142
4871,1.4285714285714286
4872,5.0
4873,4.714285714285714
4874,5.642857142857143
4875,1.7142857142857142
4876,1.0714285714285714
4877,0.1428571428571428
4878,1.2142857142857142
4879,10.071428571428571
4880,3.857142857142857
4881,2.7142857142857144
4882,0.4285714285714285
4883,2.5
4884,0.5
4885,7.785714285714286
4886,1.5
4887,1.6428571428571428
4888,1.2142857142857142
4889,23.357142857142858
4890,3.7857142857142856
4891,0.0
4892,4.071428571428571
4893,5.142857142857143
4894,2.071428571428572
4895,2.857142857142857
4896,5.357142857142857
4897,1.3571428571428572
4898,0.0
4899,1.4285714285714286
4900,0.0
4901,2.642857142857143
4902,1.8571428571428568
4903,0.0
4904,2.642857142857143
4905,0.2857142857142857
4906,4.142857142857143
4907,4.857142857142857
4908,0.4285714285714285
4909,0.5
4910,5.857142857142857
4911,2.642857142857143
4912,2.7857142857142856
4913,3.642857142857143
4914,2.2857142857142856
4915,1.7857142857142858
4916,2.5
4917,0.4285714285714285
4918,1.2857142857142858
4919,1.0
4920,1.2857142857142858
4921,0.5
4922,0.8571428571428571
4923,1.9285714285714288
4924,4.785714285714286
4925,0.1428571428571428
4926,1.5
4927,1.2857142857142858
4928,3.071428571428572
4929,0.0
4930,9.5
4931,2.2142857142857144
4932,1.2142857142857142
4933,1.7142857142857142
4934,2.071428571428572
4935,0.7142857142857143
4936,1.2142857142857142
4937,2.571428571428572
4938,2.571428571428572
4939,1.6428571428571428
4940,2.9285714285714284
4941,2.642857142857143
4942,0.5
4943,0.7857142857142857
4944,2.142857142857143
4945,0.9285714285714286
4946,0.1428571428571428
4947,20.642857142857142
4948,6.285714285714286
4949,0.0
4950,5.142857142857143
4951,2.4285714285714284
4952,2.2142857142857144
4953,1.8571428571428568
4954,2.7857142857142856
4955,1.1428571428571428
4956,1.0
4957,1.5
4958,0.6428571428571429
4959,2.2142857142857144
4960,2.071428571428572
4961,0.5
4962,1.0714285714285714
4963,0.1428571428571428
4964,0.7142857142857143
4965,0.7857142857142857
4966,0.2142857142857142
4967,1.1428571428571428
4968,1.7142857142857142
4969,0.8571428571428571
4970,1.6428571428571428
4971,2.071428571428572
4972,0.5714285714285714
4973,0.1428571428571428
4974,0.6428571428571429
4975,0.0714285714285714
4976,1.7142857142857142
4977,0.9285714285714286
4978,0.4285714285714285
4979,0.7857142857142857
4980,2.2857142857142856
4981,0.5
4982,5.428571428571429
4983,4.0
4984,0.6428571428571429
4985,0.5714285714285714
4986,4.142857142857143
4987,0.1428571428571428
4988,12.928571428571429
4989,4.642857142857143
4990,1.0
4991,1.4285714285714286
4992,0.5714285714285714
4993,0.2857142857142857
4994,1.2142857142857142
4995,2.7857142857142856
4996,2.4285714285714284
4997,3.642857142857143
4998,2.357142857142857
4999,0.5714285714285714
5000,3.0
5001,0.7142857142857143
5002,0.7857142857142857
5003,1.3571428571428572
5004,1.4285714285714286
5005,13.357142857142858
5006,6.214285714285714
5007,0.0
5008,2.857142857142857
5009,1.7142857142857142
5010,4.071428571428571
5011,2.642857142857143
5012,0.0
5013,0.4285714285714285
5014,2.9285714285714284
5015,0.9285714285714286
5016,1.6428571428571428
5017,0.7857142857142857
5018,2.857142857142857
5019,1.8571428571428568
5020,0.9285714285714286
5021,0.9285714285714286
5022,1.1428571428571428
5023,3.4285714285714284
5024,0.7857142857142857
5025,2.357142857142857
5026,2.5
5027,2.7142857142857144
5028,3.071428571428572
5029,1.5
5030,0.0
5031,1.0714285714285714
5032,2.142857142857143
5033,0.0
5034,0.7857142857142857
5035,0.0
5036,1.4285714285714286
5037,1.0
5038,0.8571428571428571
5039,3.0
5040,3.2142857142857144
5041,1.2857142857142858
5042,3.2857142857142856
5043,0.9285714285714286
5044,2.857142857142857
5045,1.5714285714285714
5046,2.571428571428572
5047,1.7142857142857142
5048,2.071428571428572
5049,0.0714285714285714
5050,0.2142857142857142
5051,0.0
5052,0.3571428571428571
5053,0.6428571428571429
5054,1.2142857142857142
5055,0.9285714285714286
5056,0.7857142857142857
5057,0.8571428571428571
5058,0.7857142857142857
5059,0.2857142857142857
5060,0.3571428571428571
5061,0.0714285714285714
5062,0.2142857142857142
5063,3.2142857142857144
5064,1.8571428571428568
5065,0.0
5066,1.2142857142857142
5067,1.4285714285714286
5068,1.5714285714285714
5069,1.7142857142857142
5070,0.0
5071,0.1428571428571428
5072,1.2857142857142858
5073,0.3571428571428571
5074,0.3571428571428571
5075,3.857142857142857
5076,1.0714285714285714
5077,1.0
5078,0.5714285714285714
5079,0.2857142857142857
5080,0.0
5081,1.4285714285714286
5082,0.2142857142857142
5083,0.0714285714285714
5084,2.0
5085,1.8571428571428568
5086,3.142857142857143
5087,0.9285714285714286
5088,0.2857142857142857
5089,0.7857142857142857
5090,0.6428571428571429
5091,0.0
5092,0.8571428571428571
5093,0.5
5094,0.6428571428571429
5095,0.5714285714285714
5096,0.1428571428571428
5097,1.1428571428571428
5098,2.357142857142857
5099,0.4285714285714285
5100,0.9285714285714286
5101,0.5714285714285714
5102,0.9285714285714286
5103,0.3571428571428571
5104,3.142857142857143
5105,4.285714285714286
5106,2.642857142857143
5107,0.6428571428571429
5108,2.4285714285714284
5109,2.5
5110,0.8571428571428571
5111,5.571428571428571
5112,2.2142857142857144
5113,2.571428571428572
5114,1.0
5115,1.0714285714285714
5116,3.071428571428572
5117,0.1428571428571428
5118,0.7142857142857143
5119,0.2142857142857142
5120,2.142857142857143
5121,21.214285714285715
5122,2.5
5123,0.0
5124,4.142857142857143
5125,1.4285714285714286
5126,4.428571428571429
5127,0.5714285714285714
5128,0.6428571428571429
5129,1.1428571428571428
5130,1.2857142857142858
5131,0.1428571428571428
5132,0.3571428571428571
5133,2.2857142857142856
5134,4.5
5135,0.2142857142857142
5136,0.3571428571428571
5137,0.2857142857142857
5138,1.9285714285714288
5139,1.0714285714285714
5140,0.0714285714285714
5141,0.5714285714285714
5142,3.7857142857142856
5143,2.0
5144,1.7857142857142858
5145,2.142857142857143
5146,1.2857142857142858
5147,0.4285714285714285
5148,0.6428571428571429
5149,0.0
5150,0.2857142857142857
5151,0.6428571428571429
5152,0.6428571428571429
5153,1.4285714285714286
5154,0.3571428571428571
5155,0.4285714285714285
5156,2.571428571428572
5157,2.357142857142857
5158,0.3571428571428571
5159,0.5
5160,4.714285714285714
5161,0.2142857142857142
5162,3.142857142857143
5163,1.6428571428571428
5164,0.7142857142857143
5165,0.6428571428571429
5166,1.1428571428571428
5167,1.0
5168,0.9285714285714286
5169,4.571428571428571
5170,2.071428571428572
5171,2.071428571428572
5172,1.0
5173,2.357142857142857
5174,0.2142857142857142
5175,0.2857142857142857
5176,0.7142857142857143
5177,0.2142857142857142
5178,0.2857142857142857
5179,12.357142857142858
5180,3.2857142857142856
5181,0.0
5182,3.642857142857143
5183,3.4285714285714284
5184,1.3571428571428572
5185,1.7857142857142858
5186,1.9285714285714288
5187,0.9285714285714286
5188,0.5714285714285714
5189,0.5714285714285714
5190,0.2142857142857142
5191,1.8571428571428568
5192,2.2142857142857144
5193,0.8571428571428571
5194,0.2857142857142857
5195,0.0
5196,0.9285714285714286
5197,1.2857142857142858
5198,0.3571428571428571
5199,1.8571428571428568
5200,5.357142857142857
5201,1.7142857142857142
5202,1.7857142857142858
5203,1.0
5204,0.0
5205,0.5
5206,0.8571428571428571
5207,2.357142857142857
5208,0.5714285714285714
5209,0.2142857142857142
5210,0.4285714285714285
5211,0.0
5212,0.2142857142857142
5213,0.0714285714285714
5214,2.7857142857142856
5215,2.7142857142857144
5216,0.7857142857142857
5217,0.2142857142857142
5218,0.7857142857142857
5219,0.6428571428571429
5220,6.071428571428571
5221,4.0
5222,1.5
5223,0.2142857142857142
5224,1.0714285714285714
5225,0.0714285714285714
5226,0.4285714285714285
5227,1.8571428571428568
5228,1.9285714285714288
5229,0.3571428571428571
5230,1.3571428571428572
5231,0.9285714285714286
5232,1.5714285714285714
5233,0.7142857142857143
5234,0.5714285714285714
5235,0.0714285714285714
5236,0.2142857142857142
5237,2.2142857142857144
5238,3.571428571428572
5239,0.0
5240,2.642857142857143
5241,1.5714285714285714
5242,1.7857142857142858
5243,1.5714285714285714
5244,1.0714285714285714
5245,0.7142857142857143
5246,1.3571428571428572
5247,0.5
5248,0.7142857142857143
5249,1.0
5250,1.8571428571428568
5251,1.2857142857142858
5252,0.5714285714285714
5253,0.5714285714285714
5254,1.0714285714285714
5255,2.357142857142857
5256,2.071428571428572
5257,0.7142857142857143
5258,1.0714285714285714
5259,2.857142857142857
5260,1.9285714285714288
5261,1.1428571428571428
5262,0.4285714285714285
5263,0.5
5264,1.9285714285714288
5265,0.0
5266,0.7142857142857143
5267,0.7857142857142857
5268,0.7857142857142857
5269,1.2857142857142858
5270,0.2142857142857142
5271,1.2857142857142858
5272,2.0
5273,0.6428571428571429
5274,1.2142857142857142
5275,0.6428571428571429
5276,1.5714285714285714
5277,1.7857142857142858
5278,7.142857142857143
5279,2.5
5280,1.0714285714285714
5281,0.8571428571428571
5282,0.4285714285714285
5283,0.4285714285714285
5284,1.0714285714285714
5285,2.357142857142857
5286,2.357142857142857
5287,0.8571428571428571
5288,1.2142857142857142
5289,2.571428571428572
5290,0.2857142857142857
5291,1.2142857142857142
5292,0.2142857142857142
5293,0.6428571428571429
5294,0.2857142857142857
5295,9.142857142857142
5296,2.9285714285714284
5297,0.0
5298,2.642857142857143
5299,2.2857142857142856
5300,0.8571428571428571
5301,2.642857142857143
5302,0.9285714285714286
5303,0.5
5304,0.2142857142857142
5305,0.8571428571428571
5306,1.4285714285714286
5307,5.285714285714286
5308,0.4285714285714285
5309,0.7142857142857143
5310,1.1428571428571428
5311,0.8571428571428571
5312,0.1428571428571428
5313,0.1428571428571428
5314,0.0
5315,0.5
5316,1.4285714285714286
5317,1.3571428571428572
5318,0.6428571428571429
5319,0.3571428571428571
5320,0.4285714285714285
5321,0.7142857142857143
5322,0.9285714285714286
5323,0.0
5324,1.5
5325,0.3571428571428571
5326,0.6428571428571429
5327,0.1428571428571428
5328,0.0
5329,1.0714285714285714
5330,3.142857142857143
5331,0.0714285714285714
5332,0.5
5333,1.0714285714285714
5334,1.0
5335,0.5714285714285714
5336,7.571428571428571
5337,2.0
5338,2.2142857142857144
5339,1.9285714285714288
5340,1.5
5341,0.9285714285714286
5342,0.4285714285714285
5343,2.7857142857142856
5344,1.9285714285714288
5345,2.0
5346,1.1428571428571428
5347,1.9285714285714288
5348,0.3571428571428571
5349,0.5
5350,0.8571428571428571
5351,0.9285714285714286
5352,0.3571428571428571
5353,15.714285714285714
5354,3.7857142857142856
5355,0.0
5356,5.642857142857143
5357,6.071428571428571
5358,1.9285714285714288
5359,2.2857142857142856
5360,2.642857142857143
5361,1.3571428571428572
5362,0.7142857142857143
5363,1.3571428571428572
5364,1.0714285714285714
5365,2.2142857142857144
5366,0.9285714285714286
5367,1.2142857142857142
5368,1.0714285714285714
5369,1.0714285714285714
5370,0.7857142857142857
5371,1.2142857142857142
5372,0.6428571428571429
5373,0.4285714285714285
5374,2.4285714285714284
5375,3.071428571428572
5376,2.857142857142857
5377,1.0714285714285714
5378,0.7142857142857143
5379,1.2142857142857142
5380,1.5
5381,0.2142857142857142
5382,0.7857142857142857
5383,1.0
5384,0.7142857142857143
5385,0.4285714285714285
5386,1.7857142857142858
5387,0.7857142857142857
5388,2.857142857142857
5389,0.5714285714285714
5390,2.142857142857143
5391,0.9285714285714286
5392,3.642857142857143
5393,0.9285714285714286
5394,9.142857142857142
5395,3.857142857142857
5396,2.0
5397,1.6428571428571428
5398,1.5714285714285714
5399,0.8571428571428571
5400,1.1428571428571428
5401,2.0
5402,3.857142857142857
5403,1.7142857142857142
5404,1.0
5405,2.571428571428572
5406,0.6428571428571429
5407,2.071428571428572
5408,0.8571428571428571
5409,1.2142857142857142
5410,0.4285714285714285
5411,12.071428571428571
5412,2.7857142857142856
5413,0.0
5414,5.357142857142857
5415,9.857142857142858
5416,1.9285714285714288
5417,1.6428571428571428
5418,2.142857142857143
5419,0.5714285714285714
5420,1.0
5421,0.7857142857142857
5422,1.4285714285714286
5423,1.8571428571428568
5424,0.7857142857142857
5425,0.6428571428571429
5426,0.7857142857142857
5427,0.7142857142857143
5428,0.5
5429,3.5
5430,1.2857142857142858
5431,0.4285714285714285
5432,2.5
5433,1.7857142857142858
5434,2.4285714285714284
5435,0.9285714285714286
5436,1.1428571428571428
5437,0.5
5438,1.6428571428571428
5439,0.0
5440,2.2857142857142856
5441,1.3571428571428572
5442,0.7857142857142857
5443,0.3571428571428571
5444,0.6428571428571429
5445,1.0
5446,2.857142857142857
5447,0.2142857142857142
5448,0.3571428571428571
5449,0.3571428571428571
5450,1.7142857142857142
5451,1.4285714285714286
5452,5.0
5453,4.714285714285714
5454,5.642857142857143
5455,1.7142857142857142
5456,1.0714285714285714
5457,0.1428571428571428
5458,1.2142857142857142
5459,10.071428571428571
5460,3.857142857142857
5461,2.7142857142857144
5462,0.4285714285714285
5463,2.5
5464,0.5
5465,7.785714285714286
5466,1.5
5467,1.6428571428571428
5468,1.2142857142857142
5469,23.357142857142858
5470,3.7857142857142856
5471,0.0
5472,4.071428571428571
5473,5.142857142857143
5474,2.071428571428572
5475,2.857142857142857
5476,5.357142857142857
5477,1.3571428571428572
5478,0.0
5479,1.4285714285714286
5480,0.0
5481,2.642857142857143
5482,1.8571428571428568
5483,0.0
5484,2.642857142857143
5485,0.2857142857142857
5486,4.142857142857143
5487,4.857142857142857
5488,0.4285714285714285
5489,0.5
5490,5.857142857142857
5491,2.642857142857143
5492,2.7857142857142856
5493,3.642857142857143
5494,2.2857142857142856
5495,1.7857142857142858
5496,2.5
5497,0.4285714285714285
5498,1.2857142857142858
5499,1.0
5500,1.2857142857142858
5501,0.5
5502,0.8571428571428571
5503,1.9285714285714288
5504,4.785714285714286
5505,0.1428571428571428
5506,1.5
5507,1.2857142857142858
5508,3.071428571428572
5509,0.0
5510,9.5
5511,2.2142857142857144
5512,1.2142857142857142
5513,1.7142857142857142
5514,2.071428571428572
5515,0.7142857142857143
5516,1.2142857142857142
5517,2.571428571428572
5518,2.571428571428572
5519,1.6428571428571428
5520,2.9285714285714284
5521,2.642857142857143
5522,0.5
5523,0.7857142857142857
5524,2.142857142857143
5525,0.9285714285714286
5526,0.1428571428571428
5527,20.642857142857142
5528,6.285714285714286
5529,0.0
5530,5.142857142857143
5531,2.4285714285714284
5532,2.2142857142857144
5533,1.8571428571428568
5534,2.7857142857142856
5535,1.1428571428571428
5536,1.0
5537,1.5
5538,0.6428571428571429
5539,2.2142857142857144
5540,2.071428571428572
5541,0.5
5542,1.0714285714285714
5543,0.1428571428571428
5544,0.7142857142857143
5545,0.7857142857142857
5546,0.2142857142857142
5547,1.1428571428571428
5548,1.7142857142857142
5549,0.8571428571428571
5550,1.6428571428571428
5551,2.071428571428572
5552,0.5714285714285714
5553,0.1428571428571428
5554,0.6428571428571429
5555,0.0714285714285714
5556,1.7142857142857142
5557,0.9285714285714286
5558,0.4285714285714285
5559,0.7857142857142857
5560,2.2857142857142856
5561,0.5
5562,5.428571428571429
5563,4.0
5564,0.6428571428571429
5565,0.5714285714285714
5566,4.142857142857143
5567,0.1428571428571428
5568,12.928571428571429
5569,4.642857142857143
5570,1.0
5571,1.4285714285714286
5572,0.5714285714285714
5573,0.2857142857142857
5574,1.2142857142857142
5575,2.7857142857142856
5576,2.4285714285714284
5577,3.642857142857143
5578,2.357142857142857
5579,0.5714285714285714
5580,3.0
5581,0.7142857142857143
5582,0.7857142857142857
5583,1.3571428571428572
5584,1.4285714285714286
5585,13.357142857142858
5586,6.214285714285714
5587,0.0
5588,2.857142857142857
5589,1.7142857142857142
5590,4.071428571428571
5591,2.642857142857143
5592,0.0
5593,0.4285714285714285
5594,2.9285714285714284
5595,0.9285714285714286
5596,1.6428571428571428
5597,0.7857142857142857
5598,2.857142857142857
5599,1.8571428571428568
5600,0.9285714285714286
5601,0.9285714285714286
5602,1.1428571428571428
5603,3.4285714285714284
5604,0.7857142857142857
5605,2.357142857142857
5606,2.5
5607,2.7142857142857144
5608,3.071428571428572
5609,1.5
5610,0.0
5611,1.0714285714285714
5612,2.142857142857143
5613,0.0
5614,0.7857142857142857
5615,0.0
5616,1.4285714285714286
5617,1.0
5618,0.8571428571428571
5619,3.0
5620,3.2142857142857144
5621,1.2857142857142858
5622,3.2857142857142856
5623,0.9285714285714286
5624,2.857142857142857
5625,1.5714285714285714
5626,2.571428571428572
5627,1.7142857142857142
5628,2.071428571428572
5629,0.0714285714285714
5630,0.2142857142857142
5631,0.0
5632,0.3571428571428571
5633,0.6428571428571429
5634,1.2142857142857142
5635,0.9285714285714286
5636,0.7857142857142857
5637,0.8571428571428571
5638,0.7857142857142857
5639,0.2857142857142857
5640,0.3571428571428571
5641,0.0714285714285714
5642,0.2142857142857142
5643,3.2142857142857144
5644,1.8571428571428568
5645,0.0
5646,1.2142857142857142
5647,1.4285714285714286
5648,1.5714285714285714
5649,1.7142857142857142
5650,0.0
5651,0.1428571428571428
5652,1.2857142857142858
5653,0.3571428571428571
5654,0.3571428571428571
5655,3.857142857142857
5656,1.0714285714285714
5657,1.0
5658,0.5714285714285714
5659,0.2857142857142857
5660,0.0
5661,1.4285714285714286
5662,0.2142857142857142
5663,0.0714285714285714
5664,2.0
5665,1.8571428571428568
5666,3.142857142857143
5667,0.9285714285714286
5668,0.2857142857142857
5669,0.7857142857142857
5670,0.6428571428571429
5671,0.0
5672,0.8571428571428571
5673,0.5
5674,0.6428571428571429
5675,0.5714285714285714
5676,0.1428571428571428
5677,1.1428571428571428
5678,2.357142857142857
5679,0.4285714285714285
5680,0.9285714285714286
5681,0.5714285714285714
5682,0.9285714285714286
5683,0.3571428571428571
5684,3.142857142857143
5685,4.285714285714286
5686,2.642857142857143
5687,0.6428571428571429
5688,2.4285714285714284
5689,2.5
5690,0.8571428571428571
5691,5.571428571428571
5692,2.2142857142857144
5693,2.571428571428572
5694,1.0
5695,1.0714285714285714
5696,3.071428571428572
5697,0.1428571428571428
5698,0.7142857142857143
5699,0.2142857142857142
5700,2.142857142857143
5701,21.214285714285715
5702,2.5
5703,0.0
5704,4.142857142857143
5705,1.4285714285714286
5706,4.428571428571429
5707,0.5714285714285714
5708,0.6428571428571429
5709,1.1428571428571428
5710,1.2857142857142858
5711,0.1428571428571428
5712,0.3571428571428571
5713,2.2857142857142856
5714,4.5
5715,0.2142857142857142
5716,0.3571428571428571
5717,0.2857142857142857
5718,1.9285714285714288
5719,1.0714285714285714
5720,0.0714285714285714
5721,0.5714285714285714
5722,3.7857142857142856
5723,2.0
5724,1.7857142857142858
5725,2.142857142857143
5726,1.2857142857142858
5727,0.4285714285714285
5728,0.6428571428571429
5729,0.0
5730,0.2857142857142857
5731,0.6428571428571429
5732,0.6428571428571429
5733,1.4285714285714286
5734,0.3571428571428571
5735,0.4285714285714285
5736,2.571428571428572
5737,2.357142857142857
5738,0.3571428571428571
5739,0.5
5740,4.714285714285714
5741,0.2142857142857142
5742,3.142857142857143
5743,1.6428571428571428
5744,0.7142857142857143
5745,0.6428571428571429
5746,1.1428571428571428
5747,1.0
5748,0.9285714285714286
5749,4.571428571428571
5750,2.071428571428572
5751,2.071428571428572
5752,1.0
5753,2.357142857142857
5754,0.2142857142857142
5755,0.2857142857142857
5756,0.7142857142857143
5757,0.2142857142857142
5758,0.2857142857142857
5759,12.357142857142858
5760,3.2857142857142856
5761,0.0
5762,3.642857142857143
5763,3.4285714285714284
5764,1.3571428571428572
5765,1.7857142857142858
5766,1.9285714285714288
5767,0.9285714285714286
5768,0.5714285714285714
5769,0.5714285714285714
5770,0.2142857142857142
5771,1.8571428571428568
5772,2.2142857142857144
5773,0.8571428571428571
5774,0.2857142857142857
5775,0.0
5776,0.9285714285714286
5777,1.2857142857142858
5778,0.3571428571428571
5779,1.8571428571428568
5780,5.357142857142857
5781,1.7142857142857142
5782,1.7857142857142858
5783,1.0
5784,0.0
5785,0.5
5786,0.8571428571428571
5787,2.357142857142857
5788,0.5714285714285714
5789,0.2142857142857142
5790,0.4285714285714285
5791,0.0
5792,0.2142857142857142
5793,0.0714285714285714
5794,2.7857142857142856
5795,2.7142857142857144
5796,0.7857142857142857
5797,0.2142857142857142
5798,0.7857142857142857
5799,0.6428571428571429
5800,6.071428571428571
5801,4.0
5802,1.5
5803,0.2142857142857142
5804,1.0714285714285714
5805,0.0714285714285714
5806,0.4285714285714285
5807,1.8571428571428568
5808,1.9285714285714288
5809,0.3571428571428571
5810,1.3571428571428572
5811,0.9285714285714286
5812,1.5714285714285714
5813,0.7142857142857143
5814,0.5714285714285714
5815,0.0714285714285714
5816,0.2142857142857142
5817,2.2142857142857144
5818,3.571428571428572
5819,0.0
5820,2.642857142857143
5821,1.5714285714285714
5822,1.7857142857142858
5823,1.5714285714285714
5824,1.0714285714285714
5825,0.7142857142857143
5826,1.3571428571428572
5827,0.5
5828,0.7142857142857143
5829,1.0
5830,1.8571428571428568
5831,1.2857142857142858
5832,0.5714285714285714
5833,0.5714285714285714
5834,1.0714285714285714
5835,2.357142857142857
5836,2.071428571428572
5837,0.7142857142857143
5838,1.0714285714285714
5839,2.857142857142857
5840,1.9285714285714288
5841,1.1428571428571428
5842,0.4285714285714285
5843,0.5
5844,1.9285714285714288
5845,0.0
5846,0.7142857142857143
5847,0.7857142857142857
5848,0.7857142857142857
5849,1.2857142857142858
5850,0.2142857142857142
5851,1.2857142857142858
5852,2.0
5853,0.6428571428571429
5854,1.2142857142857142
5855,0.6428571428571429
5856,1.5714285714285714
5857,1.7857142857142858
5858,7.142857142857143
5859,2.5
5860,1.0714285714285714
5861,0.8571428571428571
5862,0.4285714285714285
5863,0.4285714285714285
5864,1.0714285714285714
5865,2.357142857142857
5866,2.357142857142857
5867,0.8571428571428571
5868,1.2142857142857142
5869,2.571428571428572
5870,0.2857142857142857
5871,1.2142857142857142
5872,0.2142857142857142
5873,0.6428571428571429
5874,0.2857142857142857
5875,9.142857142857142
5876,2.9285714285714284
5877,0.0
5878,2.642857142857143
5879,2.2857142857142856
5880,0.8571428571428571
5881,2.642857142857143
5882,0.9285714285714286
5883,0.5
5884,0.2142857142857142
5885,0.8571428571428571
5886,1.4285714285714286
5887,5.285714285714286
5888,0.4285714285714285
5889,0.7142857142857143
5890,1.1428571428571428
5891,0.8571428571428571
5892,0.1428571428571428
5893,0.1428571428571428
5894,0.0
5895,0.5
5896,1.4285714285714286
5897,1.3571428571428572
5898,0.6428571428571429
5899,0.3571428571428571
5900,0.4285714285714285
5901,0.7142857142857143
5902,0.9285714285714286
5903,0.0
5904,1.5
5905,0.3571428571428571
5906,0.6428571428571429
5907,0.1428571428571428
5908,0.0
5909,1.0714285714285714
5910,3.142857142857143
5911,0.0714285714285714
5912,0.5
5913,1.0714285714285714
5914,1.0
5915,0.5714285714285714
5916,7.571428571428571
5917,2.0
5918,2.2142857142857144
5919,1.9285714285714288
5920,1.5
5921,0.9285714285714286
5922,0.4285714285714285
5923,2.7857142857142856
5924,1.9285714285714288
5925,2.0
5926,1.1428571428571428
5927,1.9285714285714288
5928,0.3571428571428571
5929,0.5
5930,0.8571428571428571
5931,0.9285714285714286
5932,0.3571428571428571
5933,15.714285714285714
5934,3.7857142857142856
5935,0.0
5936,5.642857142857143
5937,6.071428571428571
5938,1.9285714285714288
5939,2.2857142857142856
5940,2.642857142857143
5941,1.3571428571428572
5942,0.7142857142857143
5943,1.3571428571428572
5944,1.0714285714285714
5945,2.2142857142857144
5946,0.9285714285714286
5947,1.2142857142857142
5948,1.0714285714285714
5949,1.0714285714285714
5950,0.7857142857142857
5951,1.2142857142857142
5952,0.6428571428571429
5953,0.4285714285714285
5954,2.4285714285714284
5955,3.071428571428572
5956,2.857142857142857
5957,1.0714285714285714
5958,0.7142857142857143
5959,1.2142857142857142
5960,1.5
5961,0.2142857142857142
5962,0.7857142857142857
5963,1.0
5964,0.7142857142857143
5965,0.4285714285714285
5966,1.7857142857142858
5967,0.7857142857142857
5968,2.857142857142857
5969,0.5714285714285714
5970,2.142857142857143
5971,0.9285714285714286
5972,3.642857142857143
5973,0.9285714285714286
5974,9.142857142857142
5975,3.857142857142857
5976,2.0
5977,1.6428571428571428
5978,1.5714285714285714
5979,0.8571428571428571
5980,1.1428571428571428
5981,2.0
5982,3.857142857142857
5983,1.7142857142857142
5984,1.0
5985,2.571428571428572
5986,0.6428571428571429
5987,2.071428571428572
5988,0.8571428571428571
5989,1.2142857142857142
5990,0.4285714285714285
5991,12.071428571428571
5992,2.7857142857142856
5993,0.0
5994,5.357142857142857
5995,9.857142857142858
5996,1.9285714285714288
5997,1.6428571428571428
5998,2.142857142857143
5999,0.5714285714285714
6000,1.0
6001,0.7857142857142857
6002,1.4285714285714286
6003,1.8571428571428568
6004,0.7857142857142857
6005,0.6428571428571429
6006,0.7857142857142857
6007,0.7142857142857143
6008,0.5
6009,3.5
6010,1.2857142857142858
6011,0.4285714285714285
6012,2.5
6013,1.7857142857142858
6014,2.4285714285714284
6015,0.9285714285714286
6016,1.1428571428571428
6017,0.5
6018,1.6428571428571428
6019,0.0
6020,2.2857142857142856
6021,1.3571428571428572
6022,0.7857142857142857
6023,0.3571428571428571
6024,0.6428571428571429
6025,1.0
6026,2.857142857142857
6027,0.2142857142857142
6028,0.3571428571428571
6029,0.3571428571428571
6030,1.7142857142857142
6031,1.4285714285714286
6032,5.0
6033,4.714285714285714
6034,5.642857142857143
6035,1.7142857142857142
6036,1.0714285714285714
6037,0.1428571428571428
6038,1.2142857142857142
6039,10.071428571428571
6040,3.857142857142857
6041,2.7142857142857144
6042,0.4285714285714285
6043,2.5
6044,0.5
6045,7.785714285714286
6046,1.5
6047,1.6428571428571428
6048,1.2142857142857142
6049,23.357142857142858
6050,3.7857142857142856
6051,0.0
6052,4.071428571428571
6053,5.142857142857143
6054,2.071428571428572
6055,2.857142857142857
6056,5.357142857142857
6057,1.3571428571428572
6058,0.0
6059,1.4285714285714286
6060,0.0
6061,2.642857142857143
6062,1.8571428571428568
6063,0.0
6064,2.642857142857143
6065,0.2857142857142857
6066,4.142857142857143
6067,4.857142857142857
6068,0.4285714285714285
6069,0.5
6070,5.857142857142857
6071,2.642857142857143
6072,2.7857142857142856
6073,3.642857142857143
6074,2.2857142857142856
6075,1.7857142857142858
6076,2.5
6077,0.4285714285714285
6078,1.2857142857142858
6079,1.0
6080,1.2857142857142858
6081,0.5
6082,0.8571428571428571
6083,1.9285714285714288
6084,4.785714285714286
6085,0.1428571428571428
6086,1.5
6087,1.2857142857142858
6088,3.071428571428572
6089,0.0
6090,9.5
6091,2.2142857142857144
6092,1.2142857142857142
6093,1.7142857142857142
6094,2.071428571428572
6095,0.7142857142857143
6096,1.2142857142857142
6097,2.571428571428572
6098,2.571428571428572
6099,1.6428571428571428
6100,2.9285714285714284
6101,2.642857142857143
6102,0.5
6103,0.7857142857142857
6104,2.142857142857143
6105,0.9285714285714286
6106,0.1428571428571428
6107,20.642857142857142
6108,6.285714285714286
6109,0.0
6110,5.142857142857143
6111,2.4285714285714284
6112,2.2142857142857144
6113,1.8571428571428568
6114,2.7857142857142856
6115,1.1428571428571428
6116,1.0
6117,1.5
6118,0.6428571428571429
6119,2.2142857142857144
6120,2.071428571428572
6121,0.5
6122,1.0714285714285714
6123,0.1428571428571428
6124,0.7142857142857143
6125,0.7857142857142857
6126,0.2142857142857142
6127,1.1428571428571428
6128,1.7142857142857142
6129,0.8571428571428571
6130,1.6428571428571428
6131,2.071428571428572
6132,0.5714285714285714
6133,0.1428571428571428
6134,0.6428571428571429
6135,0.0714285714285714
6136,1.7142857142857142
6137,0.9285714285714286
6138,0.4285714285714285
6139,0.7857142857142857
6140,2.2857142857142856
6141,0.5
6142,5.428571428571429
6143,4.0
6144,0.6428571428571429
6145,0.5714285714285714
6146,4.142857142857143
6147,0.1428571428571428
6148,12.928571428571429
6149,4.642857142857143
6150,1.0
6151,1.4285714285714286
6152,0.5714285714285714
6153,0.2857142857142857
6154,1.2142857142857142
6155,2.7857142857142856
6156,2.4285714285714284
6157,3.642857142857143
6158,2.357142857142857
6159,0.5714285714285714
6160,3.0
6161,0.7142857142857143
6162,0.7857142857142857
6163,1.3571428571428572
6164,1.4285714285714286
6165,13.357142857142858
6166,6.214285714285714
6167,0.0
6168,2.857142857142857
6169,1.7142857142857142
6170,4.071428571428571
6171,2.642857142857143
6172,0.0
6173,0.4285714285714285
6174,2.9285714285714284
6175,0.9285714285714286
6176,1.6428571428571428
6177,0.7857142857142857
6178,2.857142857142857
6179,1.8571428571428568
6180,0.9285714285714286
6181,0.9285714285714286
6182,1.1428571428571428
6183,3.4285714285714284
6184,0.7857142857142857
6185,2.357142857142857
6186,2.5
6187,2.7142857142857144
6188,3.071428571428572
6189,1.5
6190,0.0
6191,1.0714285714285714
6192,2.142857142857143
6193,0.0
6194,0.7857142857142857
6195,0.0
6196,1.4285714285714286
6197,1.0
6198,0.8571428571428571
6199,3.0
6200,3.2142857142857144
6201,1.2857142857142858
6202,3.2857142857142856
6203,0.9285714285714286
6204,2.857142857142857
6205,1.5714285714285714
6206,2.571428571428572
6207,1.7142857142857142
6208,2.071428571428572
6209,0.0714285714285714
6210,0.2142857142857142
6211,0.0
6212,0.3571428571428571
6213,0.6428571428571429
6214,1.2142857142857142
6215,0.9285714285714286
6216,0.7857142857142857
6217,0.8571428571428571
6218,0.7857142857142857
6219,0.2857142857142857
6220,0.3571428571428571
6221,0.0714285714285714
6222,0.2142857142857142
6223,3.2142857142857144
6224,1.8571428571428568
6225,0.0
6226,1.2142857142857142
6227,1.4285714285714286
6228,1.5714285714285714
6229,1.7142857142857142
6230,0.0
6231,0.1428571428571428
6232,1.2857142857142858
6233,0.3571428571428571
6234,0.3571428571428571
6235,3.857142857142857
6236,1.0714285714285714
6237,1.0
6238,0.5714285714285714
6239,0.2857142857142857
6240,0.0
6241,1.4285714285714286
6242,0.2142857142857142
6243,0.0714285714285714
6244,2.0
6245,1.8571428571428568
6246,3.142857142857143
6247,0.9285714285714286
6248,0.2857142857142857
6249,0.7857142857142857
6250,0.6428571428571429
6251,0.0
6252,0.8571428571428571
6253,0.5
6254,0.6428571428571429
6255,0.5714285714285714
6256,0.1428571428571428
6257,1.1428571428571428
6258,2.357142857142857
6259,0.4285714285714285
6260,0.9285714285714286
6261,0.5714285714285714
6262,0.9285714285714286
6263,0.3571428571428571
6264,3.142857142857143
6265,4.285714285714286
6266,2.642857142857143
6267,0.6428571428571429
6268,2.4285714285714284
6269,2.5
6270,0.8571428571428571
6271,5.571428571428571
6272,2.2142857142857144
6273,2.571428571428572
6274,1.0
6275,1.0714285714285714
6276,3.071428571428572
6277,0.1428571428571428
6278,0.7142857142857143
6279,0.2142857142857142
6280,2.142857142857143
6281,21.214285714285715
6282,2.5
6283,0.0
6284,4.142857142857143
6285,1.4285714285714286
6286,4.428571428571429
6287,0.5714285714285714
6288,0.6428571428571429
6289,1.1428571428571428
6290,1.2857142857142858
6291,0.1428571428571428
6292,0.3571428571428571
6293,2.2857142857142856
6294,4.5
6295,0.2142857142857142
6296,0.3571428571428571
6297,0.2857142857142857
6298,1.9285714285714288
6299,1.0714285714285714
6300,0.0714285714285714
6301,0.5714285714285714
6302,3.7857142857142856
6303,2.0
6304,1.7857142857142858
6305,2.142857142857143
6306,1.2857142857142858
6307,0.4285714285714285
6308,0.6428571428571429
6309,0.0
6310,0.2857142857142857
6311,0.6428571428571429
6312,0.6428571428571429
6313,1.4285714285714286
6314,0.3571428571428571
6315,0.4285714285714285
6316,2.571428571428572
6317,2.357142857142857
6318,0.3571428571428571
6319,0.5
6320,4.714285714285714
6321,0.2142857142857142
6322,3.142857142857143
6323,1.6428571428571428
6324,0.7142857142857143
6325,0.6428571428571429
6326,1.1428571428571428
6327,1.0
6328,0.9285714285714286
6329,4.571428571428571
6330,2.071428571428572
6331,2.071428571428572
6332,1.0
6333,2.357142857142857
6334,0.2142857142857142
6335,0.2857142857142857
6336,0.7142857142857143
6337,0.2142857142857142
6338,0.2857142857142857
6339,12.357142857142858
6340,3.2857142857142856
6341,0.0
6342,3.642857142857143
6343,3.4285714285714284
6344,1.3571428571428572
6345,1.7857142857142858
6346,1.9285714285714288
6347,0.9285714285714286
6348,0.5714285714285714
6349,0.5714285714285714
6350,0.2142857142857142
6351,1.8571428571428568
6352,2.2142857142857144
6353,0.8571428571428571
6354,0.2857142857142857
6355,0.0
6356,0.9285714285714286
6357,1.2857142857142858
6358,0.3571428571428571
6359,1.8571428571428568
6360,5.357142857142857
6361,1.7142857142857142
6362,1.7857142857142858
6363,1.0
6364,0.0
6365,0.5
6366,0.8571428571428571
6367,2.357142857142857
6368,0.5714285714285714
6369,0.2142857142857142
6370,0.4285714285714285
6371,0.0
6372,0.2142857142857142
6373,0.0714285714285714
6374,2.7857142857142856
6375,2.7142857142857144
6376,0.7857142857142857
6377,0.2142857142857142
6378,0.7857142857142857
6379,0.6428571428571429
6380,6.071428571428571
6381,4.0
6382,1.5
6383,0.2142857142857142
6384,1.0714285714285714
6385,0.0714285714285714
6386,0.4285714285714285
6387,1.8571428571428568
6388,1.9285714285714288
6389,0.3571428571428571
6390,1.3571428571428572
6391,0.9285714285714286
6392,1.5714285714285714
6393,0.7142857142857143
6394,0.5714285714285714
6395,0.0714285714285714
6396,0.2142857142857142
6397,2.2142857142857144
6398,3.571428571428572
6399,0.0
6400,2.642857142857143
6401,1.5714285714285714
6402,1.7857142857142858
6403,1.5714285714285714
6404,1.0714285714285714
6405,0.7142857142857143
6406,1.3571428571428572
6407,0.5
6408,0.7142857142857143
6409,1.0
6410,1.8571428571428568
6411,1.2857142857142858
6412,0.5714285714285714
6413,0.5714285714285714
6414,1.0714285714285714
6415,2.357142857142857
6416,2.071428571428572
6417,0.7142857142857143
6418,1.0714285714285714
6419,2.857142857142857
6420,1.9285714285714288
6421,1.1428571428571428
6422,0.4285714285714285
6423,0.5
6424,1.9285714285714288
6425,0.0
6426,0.7142857142857143
6427,0.7857142857142857
6428,0.7857142857142857
6429,1.2857142857142858
6430,0.2142857142857142
6431,1.2857142857142858
6432,2.0
6433,0.6428571428571429
6434,1.2142857142857142
6435,0.6428571428571429
6436,1.5714285714285714
6437,1.7857142857142858
6438,7.142857142857143
6439,2.5
6440,1.0714285714285714
6441,0.8571428571428571
6442,0.4285714285714285
6443,0.4285714285714285
6444,1.0714285714285714
6445,2.357142857142857
6446,2.357142857142857
6447,0.8571428571428571
6448,1.2142857142857142
6449,2.571428571428572
6450,0.2857142857142857
6451,1.2142857142857142
6452,0.2142857142857142
6453,0.6428571428571429
6454,0.2857142857142857
6455,9.142857142857142
6456,2.9285714285714284
6457,0.0
6458,2.642857142857143
6459,2.2857142857142856
6460,0.8571428571428571
6461,2.642857142857143
6462,0.9285714285714286
6463,0.5
6464,0.2142857142857142
6465,0.8571428571428571
6466,1.4285714285714286
6467,5.285714285714286
6468,0.4285714285714285
6469,0.7142857142857143
6470,1.1428571428571428
6471,0.8571428571428571
6472,0.1428571428571428
6473,0.1428571428571428
6474,0.0
6475,0.5
6476,1.4285714285714286
6477,1.3571428571428572
6478,0.6428571428571429
6479,0.3571428571428571
6480,0.4285714285714285
6481,0.7142857142857143
6482,0.9285714285714286
6483,0.0
6484,1.5
6485,0.3571428571428571
6486,0.6428571428571429
6487,0.1428571428571428
6488,0.0
6489,1.0714285714285714
6490,3.142857142857143
6491,0.0714285714285714
6492,0.5
6493,1.0714285714285714
6494,1.0
6495,0.5714285714285714
6496,7.571428571428571
6497,2.0
6498,2.2142857142857144
6499,1.9285714285714288
6500,1.5
6501,0.9285714285714286
6502,0.4285714285714285
6503,2.7857142857142856
6504,1.9285714285714288
6505,2.0
6506,1.1428571428571428
6507,1.9285714285714288
6508,0.3571428571428571
6509,0.5
6510,0.8571428571428571
6511,0.9285714285714286
6512,0.3571428571428571
6513,15.714285714285714
6514,3.7857142857142856
6515,0.0
6516,5.642857142857143
6517,6.071428571428571
6518,1.9285714285714288
6519,2.2857142857142856
6520,2.642857142857143
6521,1.3571428571428572
6522,0.7142857142857143
6523,1.3571428571428572
6524,1.0714285714285714
6525,2.2142857142857144
6526,0.9285714285714286
6527,1.2142857142857142
6528,1.0714285714285714
6529,1.0714285714285714
6530,0.7857142857142857
6531,1.2142857142857142
6532,0.6428571428571429
6533,0.4285714285714285
6534,2.4285714285714284
6535,3.071428571428572
6536,2.857142857142857
6537,1.0714285714285714
6538,0.7142857142857143
6539,1.2142857142857142
6540,1.5
6541,0.2142857142857142
6542,0.7857142857142857
6543,1.0
6544,0.7142857142857143
6545,0.4285714285714285
6546,1.7857142857142858
6547,0.7857142857142857
6548,2.857142857142857
6549,0.5714285714285714
6550,2.142857142857143
6551,0.9285714285714286
6552,3.642857142857143
6553,0.9285714285714286
6554,9.142857142857142
6555,3.857142857142857
6556,2.0
6557,1.6428571428571428
6558,1.5714285714285714
6559,0.8571428571428571
6560,1.1428571428571428
6561,2.0
6562,3.857142857142857
6563,1.7142857142857142
6564,1.0
6565,2.571428571428572
6566,0.6428571428571429
6567,2.071428571428572
6568,0.8571428571428571
6569,1.2142857142857142
6570,0.4285714285714285
6571,12.071428571428571
6572,2.7857142857142856
6573,0.0
6574,5.357142857142857
6575,9.857142857142858
6576,1.9285714285714288
6577,1.6428571428571428
6578,2.142857142857143
6579,0.5714285714285714
6580,1.0
6581,0.7857142857142857
6582,1.4285714285714286
6583,1.8571428571428568
6584,0.7857142857142857
6585,0.6428571428571429
6586,0.7857142857142857
6587,0.7142857142857143
6588,0.5
6589,3.5
6590,1.2857142857142858
6591,0.4285714285714285
6592,2.5
6593,1.7857142857142858
6594,2.4285714285714284
6595,0.9285714285714286
6596,1.1428571428571428
6597,0.5
6598,1.6428571428571428
6599,0.0
6600,2.2857142857142856
6601,1.3571428571428572
6602,0.7857142857142857
6603,0.3571428571428571
6604,0.6428571428571429
6605,1.0
6606,2.857142857142857
6607,0.2142857142857142
6608,0.3571428571428571
6609,0.3571428571428571
6610,1.7142857142857142
6611,1.4285714285714286
6612,5.0
6613,4.714285714285714
6614,5.642857142857143
6615,1.7142857142857142
6616,1.0714285714285714
6617,0.1428571428571428
6618,1.2142857142857142
6619,10.071428571428571
6620,3.857142857142857
6621,2.7142857142857144
6622,0.4285714285714285
6623,2.5
6624,0.5
6625,7.785714285714286
6626,1.5
6627,1.6428571428571428
6628,1.2142857142857142
6629,23.357142857142858
6630,3.7857142857142856
6631,0.0
6632,4.071428571428571
6633,5.142857142857143
6634,2.071428571428572
6635,2.857142857142857
6636,5.357142857142857
6637,1.3571428571428572
6638,0.0
6639,1.4285714285714286
6640,0.0
6641,2.642857142857143
6642,1.8571428571428568
6643,0.0
6644,2.642857142857143
6645,0.2857142857142857
6646,4.142857142857143
6647,4.857142857142857
6648,0.4285714285714285
6649,0.5
6650,5.857142857142857
6651,2.642857142857143
6652,2.7857142857142856
6653,3.642857142857143
6654,2.2857142857142856
6655,1.7857142857142858
6656,2.5
6657,0.4285714285714285
6658,1.2857142857142858
6659,1.0
6660,1.2857142857142858
6661,0.5
6662,0.8571428571428571
6663,1.9285714285714288
6664,4.785714285714286
6665,0.1428571428571428
6666,1.5
6667,1.2857142857142858
6668,3.071428571428572
6669,0.0
6670,9.5
6671,2.2142857142857144
6672,1.2142857142857142
6673,1.7142857142857142
6674,2.071428571428572
6675,0.7142857142857143
6676,1.2142857142857142
6677,2.571428571428572
6678,2.571428571428572
6679,1.6428571428571428
6680,2.9285714285714284
6681,2.642857142857143
6682,0.5
6683,0.7857142857142857
6684,2.142857142857143
6685,0.9285714285714286
6686,0.1428571428571428
6687,20.642857142857142
6688,6.285714285714286
6689,0.0
6690,5.142857142857143
6691,2.4285714285714284
6692,2.2142857142857144
6693,1.8571428571428568
6694,2.7857142857142856
6695,1.1428571428571428
6696,1.0
6697,1.5
6698,0.6428571428571429
6699,2.2142857142857144
6700,2.071428571428572
6701,0.5
6702,1.0714285714285714
6703,0.1428571428571428
6704,0.7142857142857143
6705,0.7857142857142857
6706,0.2142857142857142
6707,1.1428571428571428
6708,1.7142857142857142
6709,0.8571428571428571
6710,1.6428571428571428
6711,2.071428571428572
6712,0.5714285714285714
6713,0.1428571428571428
6714,0.6428571428571429
6715,0.0714285714285714
6716,1.7142857142857142
6717,0.9285714285714286
6718,0.4285714285714285
6719,0.7857142857142857
6720,2.2857142857142856
6721,0.5
6722,5.428571428571429
6723,4.0
6724,0.6428571428571429
6725,0.5714285714285714
6726,4.142857142857143
6727,0.1428571428571428
6728,12.928571428571429
6729,4.642857142857143
6730,1.0
6731,1.4285714285714286
6732,0.5714285714285714
6733,0.2857142857142857
6734,1.2142857142857142
6735,2.7857142857142856
6736,2.4285714285714284
6737,3.642857142857143
6738,2.357142857142857
6739,0.5714285714285714
6740,3.0
6741,0.7142857142857143
6742,0.7857142857142857
6743,1.3571428571428572
6744,1.4285714285714286
6745,13.357142857142858
6746,6.214285714285714
6747,0.0
6748,2.857142857142857
6749,1.7142857142857142
6750,4.071428571428571
6751,2.642857142857143
6752,0.0
6753,0.4285714285714285
6754,2.9285714285714284
6755,0.9285714285714286
6756,1.6428571428571428
6757,0.7857142857142857
6758,2.857142857142857
6759,1.8571428571428568
6760,0.9285714285714286
6761,0.9285714285714286
6762,1.1428571428571428
6763,3.4285714285714284
6764,0.7857142857142857
6765,2.357142857142857
6766,2.5
6767,2.7142857142857144
6768,3.071428571428572
6769,1.5
6770,0.0
6771,1.0714285714285714
6772,2.142857142857143
6773,0.0
6774,0.7857142857142857
6775,0.0
6776,1.4285714285714286
6777,1.0
6778,0.8571428571428571
6779,3.0
6780,3.2142857142857144
6781,1.2857142857142858
6782,3.2857142857142856
6783,0.9285714285714286
6784,2.857142857142857
6785,1.5714285714285714
6786,2.571428571428572
6787,1.7142857142857142
6788,2.071428571428572
6789,0.0714285714285714
6790,0.2142857142857142
6791,0.0
6792,0.3571428571428571
6793,0.6428571428571429
6794,1.2142857142857142
6795,0.9285714285714286
6796,0.7857142857142857
6797,0.8571428571428571
6798,0.7857142857142857
6799,0.2857142857142857
6800,0.3571428571428571
6801,0.0714285714285714
6802,0.2142857142857142
6803,3.2142857142857144
6804,1.8571428571428568
6805,0.0
6806,1.2142857142857142
6807,1.4285714285714286
6808,1.5714285714285714
6809,1.7142857142857142
6810,0.0
6811,0.1428571428571428
6812,1.2857142857142858
6813,0.3571428571428571
6814,0.3571428571428571
6815,3.857142857142857
6816,1.0714285714285714
6817,1.0
6818,0.5714285714285714
6819,0.2857142857142857
6820,0.0
6821,1.4285714285714286
6822,0.2142857142857142
6823,0.0714285714285714
6824,2.0
6825,1.8571428571428568
6826,3.142857142857143
6827,0.9285714285714286
6828,0.2857142857142857
6829,0.7857142857142857
6830,0.6428571428571429
6831,0.0
6832,0.8571428571428571
6833,0.5
6834,0.6428571428571429
6835,0.5714285714285714
6836,0.1428571428571428
6837,1.1428571428571428
6838,2.357142857142857
6839,0.4285714285714285
6840,0.9285714285714286
6841,0.5714285714285714
6842,0.9285714285714286
6843,0.3571428571428571
6844,3.142857142857143
6845,4.285714285714286
6846,2.642857142857143
6847,0.6428571428571429
6848,2.4285714285714284
6849,2.5
6850,0.8571428571428571
6851,5.571428571428571
6852,2.2142857142857144
6853,2.571428571428572
6854,1.0
6855,1.0714285714285714
6856,3.071428571428572
6857,0.1428571428571428
6858,0.7142857142857143
6859,0.2142857142857142
6860,2.142857142857143
6861,21.214285714285715
6862,2.5
6863,0.0
6864,4.142857142857143
6865,1.4285714285714286
6866,4.428571428571429
6867,0.5714285714285714
6868,0.6428571428571429
6869,1.1428571428571428
6870,1.2857142857142858
6871,0.1428571428571428
6872,0.3571428571428571
6873,2.2857142857142856
6874,4.5
6875,0.2142857142857142
6876,0.3571428571428571
6877,0.2857142857142857
6878,1.9285714285714288
6879,1.0714285714285714
6880,0.0714285714285714
6881,0.5714285714285714
6882,3.7857142857142856
6883,2.0
6884,1.7857142857142858
6885,2.142857142857143
6886,1.2857142857142858
6887,0.4285714285714285
6888,0.6428571428571429
6889,0.0
6890,0.2857142857142857
6891,0.6428571428571429
6892,0.6428571428571429
6893,1.4285714285714286
6894,0.3571428571428571
6895,0.4285714285714285
6896,2.571428571428572
6897,2.357142857142857
6898,0.3571428571428571
6899,0.5
6900,4.714285714285714
6901,0.2142857142857142
6902,3.142857142857143
6903,1.6428571428571428
6904,0.7142857142857143
6905,0.6428571428571429
6906,1.1428571428571428
6907,1.0
6908,0.9285714285714286
6909,4.571428571428571
6910,2.071428571428572
6911,2.071428571428572
6912,1.0
6913,2.357142857142857
6914,0.2142857142857142
6915,0.2857142857142857
6916,0.7142857142857143
6917,0.2142857142857142
6918,0.2857142857142857
6919,12.357142857142858
6920,3.2857142857142856
6921,0.0
6922,3.642857142857143
6923,3.4285714285714284
6924,1.3571428571428572
6925,1.7857142857142858
6926,1.9285714285714288
6927,0.9285714285714286
6928,0.5714285714285714
6929,0.5714285714285714
6930,0.2142857142857142
6931,1.8571428571428568
6932,2.2142857142857144
6933,0.8571428571428571
6934,0.2857142857142857
6935,0.0
6936,0.9285714285714286
6937,1.2857142857142858
6938,0.3571428571428571
6939,1.8571428571428568
6940,5.357142857142857
6941,1.7142857142857142
6942,1.7857142857142858
6943,1.0
6944,0.0
6945,0.5
6946,0.8571428571428571
6947,2.357142857142857
6948,0.5714285714285714
6949,0.2142857142857142
6950,0.4285714285714285
6951,0.0
6952,0.2142857142857142
6953,0.0714285714285714
6954,2.7857142857142856
6955,2.7142857142857144
6956,0.7857142857142857
6957,0.2142857142857142
6958,0.7857142857142857
6959,0.6428571428571429
6960,6.071428571428571
6961,4.0
6962,1.5
6963,0.2142857142857142
6964,1.0714285714285714
6965,0.0714285714285714
6966,0.4285714285714285
6967,1.8571428571428568
6968,1.9285714285714288
6969,0.3571428571428571
6970,1.3571428571428572
6971,0.9285714285714286
6972,1.5714285714285714
6973,0.7142857142857143
6974,0.5714285714285714
6975,0.0714285714285714
6976,0.2142857142857142
6977,2.2142857142857144
6978,3.571428571428572
6979,0.0
6980,2.642857142857143
6981,1.5714285714285714
6982,1.7857142857142858
6983,1.5714285714285714
6984,1.0714285714285714
6985,0.7142857142857143
6986,1.3571428571428572
6987,0.5
6988,0.7142857142857143
6989,1.0
6990,1.8571428571428568
6991,1.2857142857142858
6992,0.5714285714285714
6993,0.5714285714285714
6994,1.0714285714285714
6995,2.357142857142857
6996,2.071428571428572
6997,0.7142857142857143
6998,1.0714285714285714
6999,2.857142857142857
7000,1.9285714285714288
7001,1.1428571428571428
7002,0.4285714285714285
7003,0.5
7004,1.9285714285714288
7005,0.0
7006,0.7142857142857143
7007,0.7857142857142857
7008,0.7857142857142857
7009,1.2857142857142858
7010,0.2142857142857142
7011,1.2857142857142858
7012,2.0
7013,0.6428571428571429
7014,1.2142857142857142
7015,0.6428571428571429
7016,1.5714285714285714
7017,1.7857142857142858
7018,7.142857142857143
7019,2.5
7020,1.0714285714285714
7021,0.8571428571428571
7022,0.4285714285714285
7023,0.4285714285714285
7024,1.0714285714285714
7025,2.357142857142857
7026,2.357142857142857
7027,0.8571428571428571
7028,1.2142857142857142
7029,2.571428571428572
7030,0.2857142857142857
7031,1.2142857142857142
7032,0.2142857142857142
7033,0.6428571428571429
7034,0.2857142857142857
7035,9.142857142857142
7036,2.9285714285714284
7037,0.0
7038,2.642857142857143
7039,2.2857142857142856
7040,0.8571428571428571
7041,2.642857142857143
7042,0.9285714285714286
7043,0.5
7044,0.2142857142857142
7045,0.8571428571428571
7046,1.4285714285714286
7047,5.285714285714286
7048,0.4285714285714285
7049,0.7142857142857143
7050,1.1428571428571428
7051,0.8571428571428571
7052,0.1428571428571428
7053,0.1428571428571428
7054,0.0
7055,0.5
7056,1.4285714285714286
7057,1.3571428571428572
7058,0.6428571428571429
7059,0.3571428571428571
7060,0.4285714285714285
7061,0.7142857142857143
7062,0.9285714285714286
7063,0.0
7064,1.5
7065,0.3571428571428571
7066,0.6428571428571429
7067,0.1428571428571428
7068,0.0
7069,1.0714285714285714
7070,3.142857142857143
7071,0.0714285714285714
7072,0.5
7073,1.0714285714285714
7074,1.0
7075,0.5714285714285714
7076,7.571428571428571
7077,2.0
7078,2.2142857142857144
7079,1.9285714285714288
7080,1.5
7081,0.9285714285714286
7082,0.4285714285714285
7083,2.7857142857142856
7084,1.9285714285714288
7085,2.0
7086,1.1428571428571428
7087,1.9285714285714288
7088,0.3571428571428571
7089,0.5
7090,0.8571428571428571
7091,0.9285714285714286
7092,0.3571428571428571
7093,15.714285714285714
7094,3.7857142857142856
7095,0.0
7096,5.642857142857143
7097,6.071428571428571
7098,1.9285714285714288
7099,2.2857142857142856
7100,2.642857142857143
7101,1.3571428571428572
7102,0.7142857142857143
7103,1.3571428571428572
7104,1.0714285714285714
7105,2.2142857142857144
7106,0.9285714285714286
7107,1.2142857142857142
7108,1.0714285714285714
7109,1.0714285714285714
7110,0.7857142857142857
7111,1.2142857142857142
7112,0.6428571428571429
7113,0.4285714285714285
7114,2.4285714285714284
7115,3.071428571428572
7116,2.857142857142857
7117,1.0714285714285714
7118,0.7142857142857143
7119,1.2142857142857142
7120,1.5
7121,0.2142857142857142
7122,0.7857142857142857
7123,1.0
7124,0.7142857142857143
7125,0.4285714285714285
7126,1.7857142857142858
7127,0.7857142857142857
7128,2.857142857142857
7129,0.5714285714285714
7130,2.142857142857143
7131,0.9285714285714286
7132,3.642857142857143
7133,0.9285714285714286
7134,9.142857142857142
7135,3.857142857142857
7136,2.0
7137,1.6428571428571428
7138,1.5714285714285714
7139,0.8571428571428571
7140,1.1428571428571428
7141,2.0
7142,3.857142857142857
7143,1.7142857142857142
7144,1.0
7145,2.571428571428572
7146,0.6428571428571429
7147,2.071428571428572
7148,0.8571428571428571
7149,1.2142857142857142
7150,0.4285714285714285
7151,12.071428571428571
7152,2.7857142857142856
7153,0.0
7154,5.357142857142857
7155,9.857142857142858
7156,1.9285714285714288
7157,1.6428571428571428
7158,2.142857142857143
7159,0.5714285714285714
7160,1.0
7161,0.7857142857142857
7162,1.4285714285714286
7163,1.8571428571428568
7164,0.7857142857142857
7165,0.6428571428571429
7166,0.7857142857142857
7167,0.7142857142857143
7168,0.5
7169,3.5
7170,1.2857142857142858
7171,0.4285714285714285
7172,2.5
7173,1.7857142857142858
7174,2.4285714285714284
7175,0.9285714285714286
7176,1.1428571428571428
7177,0.5
7178,1.6428571428571428
7179,0.0
7180,2.2857142857142856
7181,1.3571428571428572
7182,0.7857142857142857
7183,0.3571428571428571
7184,0.6428571428571429
7185,1.0
7186,2.857142857142857
7187,0.2142857142857142
7188,0.3571428571428571
7189,0.3571428571428571
7190,1.7142857142857142
7191,1.4285714285714286
7192,5.0
7193,4.714285714285714
7194,5.642857142857143
7195,1.7142857142857142
7196,1.0714285714285714
7197,0.1428571428571428
7198,1.2142857142857142
7199,10.071428571428571
7200,3.857142857142857
7201,2.7142857142857144
7202,0.4285714285714285
7203,2.5
7204,0.5
7205,7.785714285714286
7206,1.5
7207,1.6428571428571428
7208,1.2142857142857142
7209,23.357142857142858
7210,3.7857142857142856
7211,0.0
7212,4.071428571428571
7213,5.142857142857143
7214,2.071428571428572
7215,2.857142857142857
7216,5.357142857142857
7217,1.3571428571428572
7218,0.0
7219,1.4285714285714286
7220,0.0
7221,2.642857142857143
7222,1.8571428571428568
7223,0.0
7224,2.642857142857143
7225,0.2857142857142857
7226,4.142857142857143
7227,4.857142857142857
7228,0.4285714285714285
7229,0.5
7230,5.857142857142857
7231,2.642857142857143
7232,2.7857142857142856
7233,3.642857142857143
7234,2.2857142857142856
7235,1.7857142857142858
7236,2.5
7237,0.4285714285714285
7238,1.2857142857142858
7239,1.0
7240,1.2857142857142858
7241,0.5
7242,0.8571428571428571
7243,1.9285714285714288
7244,4.785714285714286
7245,0.1428571428571428
7246,1.5
7247,1.2857142857142858
7248,3.071428571428572
7249,0.0
7250,9.5
7251,2.2142857142857144
7252,1.2142857142857142
7253,1.7142857142857142
7254,2.071428571428572
7255,0.7142857142857143
7256,1.2142857142857142
7257,2.571428571428572
7258,2.571428571428572
7259,1.6428571428571428
7260,2.9285714285714284
7261,2.642857142857143
7262,0.5
7263,0.7857142857142857
7264,2.142857142857143
7265,0.9285714285714286
7266,0.1428571428571428
7267,20.642857142857142
7268,6.285714285714286
7269,0.0
7270,5.142857142857143
7271,2.4285714285714284
7272,2.2142857142857144
7273,1.8571428571428568
7274,2.7857142857142856
7275,1.1428571428571428
7276,1.0
7277,1.5
7278,0.6428571428571429
7279,2.2142857142857144
7280,2.071428571428572
7281,0.5
7282,1.0714285714285714
7283,0.1428571428571428
7284,0.7142857142857143
7285,0.7857142857142857
7286,0.2142857142857142
7287,1.1428571428571428
7288,1.7142857142857142
7289,0.8571428571428571
7290,1.6428571428571428
7291,2.071428571428572
7292,0.5714285714285714
7293,0.1428571428571428
7294,0.6428571428571429
7295,0.0714285714285714
7296,1.7142857142857142
7297,0.9285714285714286
7298,0.4285714285714285
7299,0.7857142857142857
7300,2.2857142857142856
7301,0.5
7302,5.428571428571429
7303,4.0
7304,0.6428571428571429
7305,0.5714285714285714
7306,4.142857142857143
7307,0.1428571428571428
7308,12.928571428571429
7309,4.642857142857143
7310,1.0
7311,1.4285714285714286
7312,0.5714285714285714
7313,0.2857142857142857
7314,1.2142857142857142
7315,2.7857142857142856
7316,2.4285714285714284
7317,3.642857142857143
7318,2.357142857142857
7319,0.5714285714285714
7320,3.0
7321,0.7142857142857143
7322,0.7857142857142857
7323,1.3571428571428572
7324,1.4285714285714286
7325,13.357142857142858
7326,6.214285714285714
7327,0.0
7328,2.857142857142857
7329,1.7142857142857142
7330,4.071428571428571
7331,2.642857142857143
7332,0.0
7333,0.4285714285714285
7334,2.9285714285714284
7335,0.9285714285714286
7336,1.6428571428571428
7337,0.7857142857142857
7338,2.857142857142857
7339,1.8571428571428568
7340,0.9285714285714286
7341,0.9285714285714286
7342,1.1428571428571428
7343,3.4285714285714284
7344,0.7857142857142857
7345,2.357142857142857
7346,2.5
7347,2.7142857142857144
7348,3.071428571428572
7349,1.5
7350,0.0
7351,1.0714285714285714
7352,2.142857142857143
7353,0.0
7354,0.7857142857142857
7355,0.0
7356,1.4285714285714286
7357,1.0
7358,0.8571428571428571
7359,3.0
7360,3.2142857142857144
7361,1.2857142857142858
7362,3.2857142857142856
7363,0.9285714285714286
7364,2.857142857142857
7365,1.5714285714285714
7366,2.571428571428572
7367,1.7142857142857142
7368,2.071428571428572
7369,0.0714285714285714
7370,0.2142857142857142
7371,0.0
7372,0.3571428571428571
7373,0.6428571428571429
7374,1.2142857142857142
7375,0.9285714285714286
7376,0.7857142857142857
7377,0.8571428571428571
7378,0.7857142857142857
7379,0.2857142857142857
7380,0.3571428571428571
7381,0.0714285714285714
7382,0.2142857142857142
7383,3.2142857142857144
7384,1.8571428571428568
7385,0.0
7386,1.2142857142857142
7387,1.4285714285714286
7388,1.5714285714285714
7389,1.7142857142857142
7390,0.0
7391,0.1428571428571428
7392,1.2857142857142858
7393,0.3571428571428571
7394,0.3571428571428571
7395,3.857142857142857
7396,1.0714285714285714
7397,1.0
7398,0.5714285714285714
7399,0.2857142857142857
7400,0.0
7401,1.4285714285714286
7402,0.2142857142857142
7403,0.0714285714285714
7404,2.0
7405,1.8571428571428568
7406,3.142857142857143
7407,0.9285714285714286
7408,0.2857142857142857
7409,0.7857142857142857
7410,0.6428571428571429
7411,0.0
7412,0.8571428571428571
7413,0.5
7414,0.6428571428571429
7415,0.5714285714285714
7416,0.1428571428571428
7417,1.1428571428571428
7418,2.357142857142857
7419,0.4285714285714285
7420,0.9285714285714286
7421,0.5714285714285714
7422,0.9285714285714286
7423,0.3571428571428571
7424,3.142857142857143
7425,4.285714285714286
7426,2.642857142857143
7427,0.6428571428571429
7428,2.4285714285714284
7429,2.5
7430,0.8571428571428571
7431,5.571428571428571
7432,2.2142857142857144
7433,2.571428571428572
7434,1.0
7435,1.0714285714285714
7436,3.071428571428572
7437,0.1428571428571428
7438,0.7142857142857143
7439,0.2142857142857142
7440,2.142857142857143
7441,21.214285714285715
7442,2.5
7443,0.0
7444,4.142857142857143
7445,1.4285714285714286
7446,4.428571428571429
7447,0.5714285714285714
7448,0.6428571428571429
7449,1.1428571428571428
7450,1.2857142857142858
7451,0.1428571428571428
7452,0.3571428571428571
7453,2.2857142857142856
7454,4.5
7455,0.2142857142857142
7456,0.3571428571428571
7457,0.2857142857142857
7458,1.9285714285714288
7459,1.0714285714285714
7460,0.0714285714285714
7461,0.5714285714285714
7462,3.7857142857142856
7463,2.0
7464,1.7857142857142858
7465,2.142857142857143
7466,1.2857142857142858
7467,0.4285714285714285
7468,0.6428571428571429
7469,0.0
7470,0.2857142857142857
7471,0.6428571428571429
7472,0.6428571428571429
7473,1.4285714285714286
7474,0.3571428571428571
7475,0.4285714285714285
7476,2.571428571428572
7477,2.357142857142857
7478,0.3571428571428571
7479,0.5
7480,4.714285714285714
7481,0.2142857142857142
7482,3.142857142857143
7483,1.6428571428571428
7484,0.7142857142857143
7485,0.6428571428571429
7486,1.1428571428571428
7487,1.0
7488,0.9285714285714286
7489,4.571428571428571
7490,2.071428571428572
7491,2.071428571428572
7492,1.0
7493,2.357142857142857
7494,0.2142857142857142
7495,0.2857142857142857
7496,0.7142857142857143
7497,0.2142857142857142
7498,0.2857142857142857
7499,12.357142857142858
7500,3.2857142857142856
7501,0.0
7502,3.642857142857143
7503,3.4285714285714284
7504,1.3571428571428572
7505,1.7857142857142858
7506,1.9285714285714288
7507,0.9285714285714286
7508,0.5714285714285714
7509,0.5714285714285714
7510,0.2142857142857142
7511,1.8571428571428568
7512,2.2142857142857144
7513,0.8571428571428571
7514,0.2857142857142857
7515,0.0
7516,0.9285714285714286
7517,1.2857142857142858
7518,0.3571428571428571
7519,1.8571428571428568
7520,5.357142857142857
7521,1.7142857142857142
7522,1.7857142857142858
7523,1.0
7524,0.0
7525,0.5
7526,0.8571428571428571
7527,2.357142857142857
7528,0.5714285714285714
7529,0.2142857142857142
7530,0.4285714285714285
7531,0.0
7532,0.2142857142857142
7533,0.0714285714285714
7534,2.7857142857142856
7535,2.7142857142857144
7536,0.7857142857142857
7537,0.2142857142857142
7538,0.7857142857142857
7539,0.6428571428571429
7540,6.071428571428571
7541,4.0
7542,1.5
7543,0.2142857142857142
7544,1.0714285714285714
7545,0.0714285714285714
7546,0.4285714285714285
7547,1.8571428571428568
7548,1.9285714285714288
7549,0.3571428571428571
7550,1.3571428571428572
7551,0.9285714285714286
7552,1.5714285714285714
7553,0.7142857142857143
7554,0.5714285714285714
7555,0.0714285714285714
7556,0.2142857142857142
7557,2.2142857142857144
7558,3.571428571428572
7559,0.0
7560,2.642857142857143
7561,1.5714285714285714
7562,1.7857142857142858
7563,1.5714285714285714
7564,1.0714285714285714
7565,0.7142857142857143
7566,1.3571428571428572
7567,0.5
7568,0.7142857142857143
7569,1.0
7570,1.8571428571428568
7571,1.2857142857142858
7572,0.5714285714285714
7573,0.5714285714285714
7574,1.0714285714285714
7575,2.357142857142857
7576,2.071428571428572
7577,0.7142857142857143
7578,1.0714285714285714
7579,2.857142857142857
7580,1.9285714285714288
7581,1.1428571428571428
7582,0.4285714285714285
7583,0.5
7584,1.9285714285714288
7585,0.0
7586,0.7142857142857143
7587,0.7857142857142857
7588,0.7857142857142857
7589,1.2857142857142858
7590,0.2142857142857142
7591,1.2857142857142858
7592,2.0
7593,0.6428571428571429
7594,1.2142857142857142
7595,0.6428571428571429
7596,1.5714285714285714
7597,1.7857142857142858
7598,7.142857142857143
7599,2.5
7600,1.0714285714285714
7601,0.8571428571428571
7602,0.4285714285714285
7603,0.4285714285714285
7604,1.0714285714285714
7605,2.357142857142857
7606,2.357142857142857
7607,0.8571428571428571
7608,1.2142857142857142
7609,2.571428571428572
7610,0.2857142857142857
7611,1.2142857142857142
7612,0.2142857142857142
7613,0.6428571428571429
7614,0.2857142857142857
7615,9.142857142857142
7616,2.9285714285714284
7617,0.0
7618,2.642857142857143
7619,2.2857142857142856
7620,0.8571428571428571
7621,2.642857142857143
7622,0.9285714285714286
7623,0.5
7624,0.2142857142857142
7625,0.8571428571428571
7626,1.4285714285714286
7627,5.285714285714286
7628,0.4285714285714285
7629,0.7142857142857143
7630,1.1428571428571428
7631,0.8571428571428571
7632,0.1428571428571428
7633,0.1428571428571428
7634,0.0
7635,0.5
7636,1.4285714285714286
7637,1.3571428571428572
7638,0.6428571428571429
7639,0.3571428571428571
7640,0.4285714285714285
7641,0.7142857142857143
7642,0.9285714285714286
7643,0.0
7644,1.5
7645,0.3571428571428571
7646,0.6428571428571429
7647,0.1428571428571428
7648,0.0
7649,1.0714285714285714
7650,3.142857142857143
7651,0.0714285714285714
7652,0.5
7653,1.0714285714285714
7654,1.0
7655,0.5714285714285714
7656,7.571428571428571
7657,2.0
7658,2.2142857142857144
7659,1.9285714285714288
7660,1.5
7661,0.9285714285714286
7662,0.4285714285714285
7663,2.7857142857142856
7664,1.9285714285714288
7665,2.0
7666,1.1428571428571428
7667,1.9285714285714288
7668,0.3571428571428571
7669,0.5
7670,0.8571428571428571
7671,0.9285714285714286
7672,0.3571428571428571
7673,15.714285714285714
7674,3.7857142857142856
7675,0.0
7676,5.642857142857143
7677,6.071428571428571
7678,1.9285714285714288
7679,2.2857142857142856
7680,2.642857142857143
7681,1.3571428571428572
7682,0.7142857142857143
7683,1.3571428571428572
7684,1.0714285714285714
7685,2.2142857142857144
7686,0.9285714285714286
7687,1.2142857142857142
7688,1.0714285714285714
7689,1.0714285714285714
7690,0.7857142857142857
7691,1.2142857142857142
7692,0.6428571428571429
7693,0.4285714285714285
7694,2.4285714285714284
7695,3.071428571428572
7696,2.857142857142857
7697,1.0714285714285714
7698,0.7142857142857143
7699,1.2142857142857142
7700,1.5
7701,0.2142857142857142
7702,0.7857142857142857
7703,1.0
7704,0.7142857142857143
7705,0.4285714285714285
7706,1.7857142857142858
7707,0.7857142857142857
7708,2.857142857142857
7709,0.5714285714285714
7710,2.142857142857143
7711,0.9285714285714286
7712,3.642857142857143
7713,0.9285714285714286
7714,9.142857142857142
7715,3.857142857142857
7716,2.0
7717,1.6428571428571428
7718,1.5714285714285714
7719,0.8571428571428571
7720,1.1428571428571428
7721,2.0
7722,3.857142857142857
7723,1.7142857142857142
7724,1.0
7725,2.571428571428572
7726,0.6428571428571429
7727,2.071428571428572
7728,0.8571428571428571
7729,1.2142857142857142
7730,0.4285714285714285
7731,12.071428571428571
7732,2.7857142857142856
7733,0.0
7734,5.357142857142857
7735,9.857142857142858
7736,1.9285714285714288
7737,1.6428571428571428
7738,2.142857142857143
7739,0.5714285714285714
7740,1.0
7741,0.7857142857142857
7742,1.4285714285714286
7743,1.8571428571428568
7744,0.7857142857142857
7745,0.6428571428571429
7746,0.7857142857142857
7747,0.7142857142857143
7748,0.5
7749,3.5
7750,1.2857142857142858
7751,0.4285714285714285
7752,2.5
7753,1.7857142857142858
7754,2.4285714285714284
7755,0.9285714285714286
7756,1.1428571428571428
7757,0.5
7758,1.6428571428571428
7759,0.0
7760,2.2857142857142856
7761,1.3571428571428572
7762,0.7857142857142857
7763,0.3571428571428571
7764,0.6428571428571429
7765,1.0
7766,2.857142857142857
7767,0.2142857142857142
7768,0.3571428571428571
7769,0.3571428571428571
7770,1.7142857142857142
7771,1.4285714285714286
7772,5.0
7773,4.714285714285714
7774,5.642857142857143
7775,1.7142857142857142
7776,1.0714285714285714
7777,0.1428571428571428
7778,1.2142857142857142
7779,10.071428571428571
7780,3.857142857142857
7781,2.7142857142857144
7782,0.4285714285714285
7783,2.5
7784,0.5
7785,7.785714285714286
7786,1.5
7787,1.6428571428571428
7788,1.2142857142857142
7789,23.357142857142858
7790,3.7857142857142856
7791,0.0
7792,4.071428571428571
7793,5.142857142857143
7794,2.071428571428572
7795,2.857142857142857
7796,5.357142857142857
7797,1.3571428571428572
7798,0.0
7799,1.4285714285714286
7800,0.0
7801,2.642857142857143
7802,1.8571428571428568
7803,0.0
7804,2.642857142857143
7805,0.2857142857142857
7806,4.142857142857143
7807,4.857142857142857
7808,0.4285714285714285
7809,0.5
7810,5.857142857142857
7811,2.642857142857143
7812,2.7857142857142856
7813,3.642857142857143
7814,2.2857142857142856
7815,1.7857142857142858
7816,2.5
7817,0.4285714285714285
7818,1.2857142857142858
7819,1.0
7820,1.2857142857142858
7821,0.5
7822,0.8571428571428571
7823,1.9285714285714288
7824,4.785714285714286
7825,0.1428571428571428
7826,1.5
7827,1.2857142857142858
7828,3.071428571428572
7829,0.0
7830,9.5
7831,2.2142857142857144
7832,1.2142857142857142
7833,1.7142857142857142
7834,2.071428571428572
7835,0.7142857142857143
7836,1.2142857142857142
7837,2.571428571428572
7838,2.571428571428572
7839,1.6428571428571428
7840,2.9285714285714284
7841,2.642857142857143
7842,0.5
7843,0.7857142857142857
7844,2.142857142857143
7845,0.9285714285714286
7846,0.1428571428571428
7847,20.642857142857142
7848,6.285714285714286
7849,0.0
7850,5.142857142857143
7851,2.4285714285714284
7852,2.2142857142857144
7853,1.8571428571428568
7854,2.7857142857142856
7855,1.1428571428571428
7856,1.0
7857,1.5
7858,0.6428571428571429
7859,2.2142857142857144
7860,2.071428571428572
7861,0.5
7862,1.0714285714285714
7863,0.1428571428571428
7864,0.7142857142857143
7865,0.7857142857142857
7866,0.2142857142857142
7867,1.1428571428571428
7868,1.7142857142857142
7869,0.8571428571428571
7870,1.6428571428571428
7871,2.071428571428572
7872,0.5714285714285714
7873,0.1428571428571428
7874,0.6428571428571429
7875,0.0714285714285714
7876,1.7142857142857142
7877,0.9285714285714286
7878,0.4285714285714285
7879,0.7857142857142857
7880,2.2857142857142856
7881,0.5
7882,5.428571428571429
7883,4.0
7884,0.6428571428571429
7885,0.5714285714285714
7886,4.142857142857143
7887,0.1428571428571428
7888,12.928571428571429
7889,4.642857142857143
7890,1.0
7891,1.4285714285714286
7892,0.5714285714285714
7893,0.2857142857142857
7894,1.2142857142857142
7895,2.7857142857142856
7896,2.4285714285714284
7897,3.642857142857143
7898,2.357142857142857
7899,0.5714285714285714
7900,3.0
7901,0.7142857142857143
7902,0.7857142857142857
7903,1.3571428571428572
7904,1.4285714285714286
7905,13.357142857142858
7906,6.214285714285714
7907,0.0
7908,2.857142857142857
7909,1.7142857142857142
7910,4.071428571428571
7911,2.642857142857143
7912,0.0
7913,0.4285714285714285
7914,2.9285714285714284
7915,0.9285714285714286
7916,1.6428571428571428
7917,0.7857142857142857
7918,2.857142857142857
7919,1.8571428571428568
7920,0.9285714285714286
7921,0.9285714285714286
7922,1.1428571428571428
7923,3.4285714285714284
7924,0.7857142857142857
7925,2.357142857142857
7926,2.5
7927,2.7142857142857144
7928,3.071428571428572
7929,1.5
7930,0.0
7931,1.0714285714285714
7932,2.142857142857143
7933,0.0
7934,0.7857142857142857
7935,0.0
7936,1.4285714285714286
7937,1.0
7938,0.8571428571428571
7939,3.0
7940,3.2142857142857144
7941,1.2857142857142858
7942,3.2857142857142856
7943,0.9285714285714286
7944,2.857142857142857
7945,1.5714285714285714
7946,2.571428571428572
7947,1.7142857142857142
7948,2.071428571428572
7949,0.0714285714285714
7950,0.2142857142857142
7951,0.0
7952,0.3571428571428571
7953,0.6428571428571429
7954,1.2142857142857142
7955,0.9285714285714286
7956,0.7857142857142857
7957,0.8571428571428571
7958,0.7857142857142857
7959,0.2857142857142857
7960,0.3571428571428571
7961,0.0714285714285714
7962,0.2142857142857142
7963,3.2142857142857144
7964,1.8571428571428568
7965,0.0
7966,1.2142857142857142
7967,1.4285714285714286
7968,1.5714285714285714
7969,1.7142857142857142
7970,0.0
7971,0.1428571428571428
7972,1.2857142857142858
7973,0.3571428571428571
7974,0.3571428571428571
7975,3.857142857142857
7976,1.0714285714285714
7977,1.0
7978,0.5714285714285714
7979,0.2857142857142857
7980,0.0
7981,1.4285714285714286
7982,0.2142857142857142
7983,0.0714285714285714
7984,2.0
7985,1.8571428571428568
7986,3.142857142857143
7987,0.9285714285714286
7988,0.2857142857142857
7989,0.7857142857142857
7990,0.6428571428571429
7991,0.0
7992,0.8571428571428571
7993,0.5
7994,0.6428571428571429
7995,0.5714285714285714
7996,0.1428571428571428
7997,1.1428571428571428
7998,2.357142857142857
7999,0.4285714285714285
8000,0.9285714285714286
8001,0.5714285714285714
8002,0.9285714285714286
8003,0.3571428571428571
8004,3.142857142857143
8005,4.285714285714286
8006,2.642857142857143
8007,0.6428571428571429
8008,2.4285714285714284
8009,2.5
8010,0.8571428571428571
8011,5.571428571428571
8012,2.2142857142857144
8013,2.571428571428572
8014,1.0
8015,1.0714285714285714
8016,3.071428571428572
8017,0.1428571428571428
8018,0.7142857142857143
8019,0.2142857142857142
8020,2.142857142857143
8021,21.214285714285715
8022,2.5
8023,0.0
8024,4.142857142857143
8025,1.4285714285714286
8026,4.428571428571429
8027,0.5714285714285714
8028,0.6428571428571429
8029,1.1428571428571428
8030,1.2857142857142858
8031,0.1428571428571428
8032,0.3571428571428571
8033,2.2857142857142856
8034,4.5
8035,0.2142857142857142
8036,0.3571428571428571
8037,0.2857142857142857
8038,1.9285714285714288
8039,1.0714285714285714
8040,0.0714285714285714
8041,0.5714285714285714
8042,3.7857142857142856
8043,2.0
8044,1.7857142857142858
8045,2.142857142857143
8046,1.2857142857142858
8047,0.4285714285714285
8048,0.6428571428571429
8049,0.0
8050,0.2857142857142857
8051,0.6428571428571429
8052,0.6428571428571429
8053,1.4285714285714286
8054,0.3571428571428571
8055,0.4285714285714285
8056,2.571428571428572
8057,2.357142857142857
8058,0.3571428571428571
8059,0.5
8060,4.714285714285714
8061,0.2142857142857142
8062,3.142857142857143
8063,1.6428571428571428
8064,0.7142857142857143
8065,0.6428571428571429
8066,1.1428571428571428
8067,1.0
8068,0.9285714285714286
8069,4.571428571428571
8070,2.071428571428572
8071,2.071428571428572
8072,1.0
8073,2.357142857142857
8074,0.2142857142857142
8075,0.2857142857142857
8076,0.7142857142857143
8077,0.2142857142857142
8078,0.2857142857142857
8079,12.357142857142858
8080,3.2857142857142856
8081,0.0
8082,3.642857142857143
8083,3.4285714285714284
8084,1.3571428571428572
8085,1.7857142857142858
8086,1.9285714285714288
8087,0.9285714285714286
8088,0.5714285714285714
8089,0.5714285714285714
8090,0.2142857142857142
8091,1.8571428571428568
8092,2.2142857142857144
8093,0.8571428571428571
8094,0.2857142857142857
8095,0.0
8096,0.9285714285714286
8097,1.2857142857142858
8098,0.3571428571428571
8099,1.8571428571428568
8100,5.357142857142857
8101,1.7142857142857142
8102,1.7857142857142858
8103,1.0
8104,0.0
8105,0.5
8106,0.8571428571428571
8107,2.357142857142857
8108,0.5714285714285714
8109,0.2142857142857142
8110,0.4285714285714285
8111,0.0
8112,0.2142857142857142
8113,0.0714285714285714
8114,2.7857142857142856
8115,2.7142857142857144
8116,0.7857142857142857
8117,0.2142857142857142
8118,0.7857142857142857
8119,0.6428571428571429
